run_id,dbms,repeat_id,branch_id,file,start_line,end_line,count,hit,region_ids
mariadb_aflgo_r1,mariadb,1,root/mariadb/plugin/type_assoc_array/sql_type_assoc_array.cc:1746:1746:0:62:T,/root/mariadb/plugin/type_assoc_array/sql_type_assoc_array.cc,1746,1746,0,0,mariadb_target_002973
mariadb_aflgo_r1,mariadb,1,root/mariadb/plugin/type_assoc_array/sql_type_assoc_array.cc:1746:1746:0:62:F,/root/mariadb/plugin/type_assoc_array/sql_type_assoc_array.cc,1746,1746,0,0,mariadb_target_002973
mariadb_aflgo_r1,mariadb,1,root/mariadb/plugin/type_assoc_array/sql_type_assoc_array.cc:1748:1748:0:63:T,/root/mariadb/plugin/type_assoc_array/sql_type_assoc_array.cc,1748,1748,0,0,mariadb_target_002973
mariadb_aflgo_r1,mariadb,1,root/mariadb/plugin/type_assoc_array/sql_type_assoc_array.cc:1748:1748:0:63:F,/root/mariadb/plugin/type_assoc_array/sql_type_assoc_array.cc,1748,1748,0,0,mariadb_target_002973
mariadb_aflgo_r1,mariadb,1,root/mariadb/plugin/type_assoc_array/sql_type_assoc_array.cc:590:590:0:211:T,/root/mariadb/plugin/type_assoc_array/sql_type_assoc_array.cc,590,590,0,0,mariadb_target_002976
mariadb_aflgo_r1,mariadb,1,root/mariadb/plugin/type_assoc_array/sql_type_assoc_array.cc:590:590:0:211:F,/root/mariadb/plugin/type_assoc_array/sql_type_assoc_array.cc,590,590,0,0,mariadb_target_002976
mariadb_aflgo_r1,mariadb,1,root/mariadb/plugin/type_assoc_array/sql_type_assoc_array.cc:794:794:0:220:T,/root/mariadb/plugin/type_assoc_array/sql_type_assoc_array.cc,794,794,0,0,mariadb_target_002982
mariadb_aflgo_r1,mariadb,1,root/mariadb/plugin/type_assoc_array/sql_type_assoc_array.cc:794:794:0:220:F,/root/mariadb/plugin/type_assoc_array/sql_type_assoc_array.cc,794,794,0,0,mariadb_target_002982
mariadb_aflgo_r1,mariadb,1,root/mariadb/plugin/type_assoc_array/sql_type_assoc_array.cc:842:842:0:235:T,/root/mariadb/plugin/type_assoc_array/sql_type_assoc_array.cc,842,842,0,0,mariadb_target_002984
mariadb_aflgo_r1,mariadb,1,root/mariadb/plugin/type_assoc_array/sql_type_assoc_array.cc:842:842:0:235:F,/root/mariadb/plugin/type_assoc_array/sql_type_assoc_array.cc,842,842,0,0,mariadb_target_002984
mariadb_aflgo_r1,mariadb,1,root/mariadb/plugin/type_assoc_array/sql_type_assoc_array.cc:844:844:0:236:T,/root/mariadb/plugin/type_assoc_array/sql_type_assoc_array.cc,844,844,0,0,mariadb_target_002984
mariadb_aflgo_r1,mariadb,1,root/mariadb/plugin/type_assoc_array/sql_type_assoc_array.cc:844:844:0:236:F,/root/mariadb/plugin/type_assoc_array/sql_type_assoc_array.cc,844,844,0,0,mariadb_target_002984
mariadb_aflgo_r1,mariadb,1,root/mariadb/plugin/type_assoc_array/sql_type_assoc_array.cc:606:606:0:252:T,/root/mariadb/plugin/type_assoc_array/sql_type_assoc_array.cc,606,606,0,0,mariadb_target_002977
mariadb_aflgo_r1,mariadb,1,root/mariadb/plugin/type_assoc_array/sql_type_assoc_array.cc:606:606:0:252:F,/root/mariadb/plugin/type_assoc_array/sql_type_assoc_array.cc,606,606,0,0,mariadb_target_002977
mariadb_aflgo_r1,mariadb,1,root/mariadb/plugin/type_assoc_array/sql_type_assoc_array.cc:626:627:0:253:T,/root/mariadb/plugin/type_assoc_array/sql_type_assoc_array.cc,626,627,0,0,mariadb_target_002978
mariadb_aflgo_r1,mariadb,1,root/mariadb/plugin/type_assoc_array/sql_type_assoc_array.cc:626:627:0:253:F,/root/mariadb/plugin/type_assoc_array/sql_type_assoc_array.cc,626,627,0,0,mariadb_target_002978
mariadb_aflgo_r1,mariadb,1,root/mariadb/plugin/type_assoc_array/sql_type_assoc_array.cc:626:626:0:254:T,/root/mariadb/plugin/type_assoc_array/sql_type_assoc_array.cc,626,626,0,0,mariadb_target_002978
mariadb_aflgo_r1,mariadb,1,root/mariadb/plugin/type_assoc_array/sql_type_assoc_array.cc:626:626:0:254:F,/root/mariadb/plugin/type_assoc_array/sql_type_assoc_array.cc,626,626,0,0,mariadb_target_002978
mariadb_aflgo_r1,mariadb,1,root/mariadb/plugin/type_assoc_array/sql_type_assoc_array.cc:627:627:0:255:T,/root/mariadb/plugin/type_assoc_array/sql_type_assoc_array.cc,627,627,0,0,mariadb_target_002978
mariadb_aflgo_r1,mariadb,1,root/mariadb/plugin/type_assoc_array/sql_type_assoc_array.cc:627:627:0:255:F,/root/mariadb/plugin/type_assoc_array/sql_type_assoc_array.cc,627,627,0,0,mariadb_target_002978
mariadb_aflgo_r1,mariadb,1,root/mariadb/plugin/type_assoc_array/sql_type_assoc_array.cc:647:648:0:256:T,/root/mariadb/plugin/type_assoc_array/sql_type_assoc_array.cc,647,648,0,0,mariadb_target_002979
mariadb_aflgo_r1,mariadb,1,root/mariadb/plugin/type_assoc_array/sql_type_assoc_array.cc:647:648:0:256:F,/root/mariadb/plugin/type_assoc_array/sql_type_assoc_array.cc,647,648,0,0,mariadb_target_002979
mariadb_aflgo_r1,mariadb,1,root/mariadb/plugin/type_assoc_array/sql_type_assoc_array.cc:647:647:0:257:T,/root/mariadb/plugin/type_assoc_array/sql_type_assoc_array.cc,647,647,0,0,mariadb_target_002979
mariadb_aflgo_r1,mariadb,1,root/mariadb/plugin/type_assoc_array/sql_type_assoc_array.cc:647:647:0:257:F,/root/mariadb/plugin/type_assoc_array/sql_type_assoc_array.cc,647,647,0,0,mariadb_target_002979
mariadb_aflgo_r1,mariadb,1,root/mariadb/plugin/type_assoc_array/sql_type_assoc_array.cc:648:648:0:258:T,/root/mariadb/plugin/type_assoc_array/sql_type_assoc_array.cc,648,648,0,0,mariadb_target_002979
mariadb_aflgo_r1,mariadb,1,root/mariadb/plugin/type_assoc_array/sql_type_assoc_array.cc:648:648:0:258:F,/root/mariadb/plugin/type_assoc_array/sql_type_assoc_array.cc,648,648,0,0,mariadb_target_002979
mariadb_aflgo_r1,mariadb,1,root/mariadb/plugin/type_inet/item_inetfunc.cc:38:38:1:0:T,/root/mariadb/plugin/type_inet/item_inetfunc.cc,38,38,0,0,mariadb_target_001990
mariadb_aflgo_r1,mariadb,1,root/mariadb/plugin/type_inet/item_inetfunc.cc:38:38:1:0:F,/root/mariadb/plugin/type_inet/item_inetfunc.cc,38,38,0,0,mariadb_target_001990
mariadb_aflgo_r1,mariadb,1,root/mariadb/plugin/type_inet/item_inetfunc.cc:44:44:1:1:T,/root/mariadb/plugin/type_inet/item_inetfunc.cc,44,44,0,0,mariadb_target_001990
mariadb_aflgo_r1,mariadb,1,root/mariadb/plugin/type_inet/item_inetfunc.cc:44:44:1:1:F,/root/mariadb/plugin/type_inet/item_inetfunc.cc,44,44,0,0,mariadb_target_001990
mariadb_aflgo_r1,mariadb,1,root/mariadb/plugin/type_inet/item_inetfunc.cc:98:98:1:10:T,/root/mariadb/plugin/type_inet/item_inetfunc.cc,98,98,0,0,mariadb_target_001992
mariadb_aflgo_r1,mariadb,1,root/mariadb/plugin/type_inet/item_inetfunc.cc:98:98:1:10:F,/root/mariadb/plugin/type_inet/item_inetfunc.cc,98,98,0,0,mariadb_target_001992
mariadb_aflgo_r1,mariadb,1,root/mariadb/plugin/type_inet/item_inetfunc.cc:98:98:1:11:T,/root/mariadb/plugin/type_inet/item_inetfunc.cc,98,98,0,0,mariadb_target_001992
mariadb_aflgo_r1,mariadb,1,root/mariadb/plugin/type_inet/item_inetfunc.cc:98:98:1:11:F,/root/mariadb/plugin/type_inet/item_inetfunc.cc,98,98,0,0,mariadb_target_001992
mariadb_aflgo_r1,mariadb,1,root/mariadb/plugin/type_inet/item_inetfunc.cc:98:98:1:12:T,/root/mariadb/plugin/type_inet/item_inetfunc.cc,98,98,0,0,mariadb_target_001992
mariadb_aflgo_r1,mariadb,1,root/mariadb/plugin/type_inet/item_inetfunc.cc:98:98:1:12:F,/root/mariadb/plugin/type_inet/item_inetfunc.cc,98,98,0,0,mariadb_target_001992
mariadb_aflgo_r1,mariadb,1,root/mariadb/plugin/type_inet/item_inetfunc.cc:151:151:1:17:T,/root/mariadb/plugin/type_inet/item_inetfunc.cc,151,151,0,0,mariadb_target_001989
mariadb_aflgo_r1,mariadb,1,root/mariadb/plugin/type_inet/item_inetfunc.cc:151:151:1:17:F,/root/mariadb/plugin/type_inet/item_inetfunc.cc,151,151,0,0,mariadb_target_001989
mariadb_aflgo_r1,mariadb,1,root/mariadb/plugin/type_inet/item_inetfunc.cc:155:155:1:18:T,/root/mariadb/plugin/type_inet/item_inetfunc.cc,155,155,0,0,mariadb_target_001989
mariadb_aflgo_r1,mariadb,1,root/mariadb/plugin/type_inet/item_inetfunc.cc:155:155:1:18:F,/root/mariadb/plugin/type_inet/item_inetfunc.cc,155,155,0,0,mariadb_target_001989
mariadb_aflgo_r1,mariadb,1,root/mariadb/plugin/type_inet/item_inetfunc.cc:162:162:1:19:T,/root/mariadb/plugin/type_inet/item_inetfunc.cc,162,162,0,0,mariadb_target_001989
mariadb_aflgo_r1,mariadb,1,root/mariadb/plugin/type_inet/item_inetfunc.cc:162:162:1:19:F,/root/mariadb/plugin/type_inet/item_inetfunc.cc,162,162,0,0,mariadb_target_001989
mariadb_aflgo_r1,mariadb,1,root/mariadb/plugin/type_xmltype/sql_type_xmltype.cc:305:305:3:31:T,/root/mariadb/plugin/type_xmltype/sql_type_xmltype.cc,305,305,0,0,mariadb_target_003016
mariadb_aflgo_r1,mariadb,1,root/mariadb/plugin/type_xmltype/sql_type_xmltype.cc:305:305:3:31:F,/root/mariadb/plugin/type_xmltype/sql_type_xmltype.cc,305,305,0,0,mariadb_target_003016
mariadb_aflgo_r1,mariadb,1,root/mariadb/plugin/type_xmltype/sql_type_xmltype.cc:308:308:3:32:T,/root/mariadb/plugin/type_xmltype/sql_type_xmltype.cc,308,308,0,0,mariadb_target_003016
mariadb_aflgo_r1,mariadb,1,root/mariadb/plugin/type_xmltype/sql_type_xmltype.cc:308:308:3:32:F,/root/mariadb/plugin/type_xmltype/sql_type_xmltype.cc,308,308,0,0,mariadb_target_003016
mariadb_aflgo_r1,mariadb,1,root/mariadb/sql/derived_handler.cc:56:56:5:0:T,/root/mariadb/sql/derived_handler.cc,56,56,0,0,mariadb_target_001104
mariadb_aflgo_r1,mariadb,1,root/mariadb/sql/derived_handler.cc:56:56:5:0:F,/root/mariadb/sql/derived_handler.cc,56,56,0,0,mariadb_target_001104
mariadb_aflgo_r1,mariadb,1,root/mariadb/sql/field.cc:2260:2262:6:115:T,/root/mariadb/sql/field.cc,2260,2262,0,0,mariadb_target_001126
mariadb_aflgo_r1,mariadb,1,root/mariadb/sql/field.cc:2260:2262:6:115:F,/root/mariadb/sql/field.cc,2260,2262,0,0,mariadb_target_001126
mariadb_aflgo_r1,mariadb,1,root/mariadb/sql/field.cc:2267:2269:6:116:T,/root/mariadb/sql/field.cc,2267,2269,0,0,mariadb_target_001126
mariadb_aflgo_r1,mariadb,1,root/mariadb/sql/field.cc:2267:2269:6:116:F,/root/mariadb/sql/field.cc,2267,2269,0,0,mariadb_target_001126
mariadb_aflgo_r1,mariadb,1,root/mariadb/sql/field.cc:2271:2271:6:117:T,/root/mariadb/sql/field.cc,2271,2271,0,0,mariadb_target_001126
mariadb_aflgo_r1,mariadb,1,root/mariadb/sql/field.cc:2271:2271:6:117:F,/root/mariadb/sql/field.cc,2271,2271,0,0,mariadb_target_001126
mariadb_aflgo_r1,mariadb,1,root/mariadb/sql/field.cc:2346:2346:6:121:T,/root/mariadb/sql/field.cc,2346,2346,0,0,mariadb_target_000009;mariadb_target_001127
mariadb_aflgo_r1,mariadb,1,root/mariadb/sql/field.cc:2346:2346:6:121:F,/root/mariadb/sql/field.cc,2346,2346,0,0,mariadb_target_000009;mariadb_target_001127
mariadb_aflgo_r1,mariadb,1,root/mariadb/sql/field.cc:2352:2352:6:122:T,/root/mariadb/sql/field.cc,2352,2352,0,0,mariadb_target_000009;mariadb_target_001127
mariadb_aflgo_r1,mariadb,1,root/mariadb/sql/field.cc:2352:2352:6:122:F,/root/mariadb/sql/field.cc,2352,2352,0,0,mariadb_target_000009;mariadb_target_001127
mariadb_aflgo_r1,mariadb,1,root/mariadb/sql/field.cc:2509:2509:6:144:T,/root/mariadb/sql/field.cc,2509,2509,0,0,mariadb_target_000011;mariadb_target_001130
mariadb_aflgo_r1,mariadb,1,root/mariadb/sql/field.cc:2509:2509:6:144:F,/root/mariadb/sql/field.cc,2509,2509,1,1,mariadb_target_000011;mariadb_target_001130
mariadb_aflgo_r1,mariadb,1,root/mariadb/sql/field.cc:2675:2675:6:159:T,/root/mariadb/sql/field.cc,2675,2675,0,0,mariadb_target_000012;mariadb_target_001131;mariadb_target_001132
mariadb_aflgo_r1,mariadb,1,root/mariadb/sql/field.cc:2675:2675:6:159:F,/root/mariadb/sql/field.cc,2675,2675,0,0,mariadb_target_000012;mariadb_target_001131;mariadb_target_001132
mariadb_aflgo_r1,mariadb,1,root/mariadb/sql/field.cc:2677:2677:6:160:T,/root/mariadb/sql/field.cc,2677,2677,0,0,mariadb_target_000012;mariadb_target_001131;mariadb_target_001132
mariadb_aflgo_r1,mariadb,1,root/mariadb/sql/field.cc:2677:2677:6:160:F,/root/mariadb/sql/field.cc,2677,2677,0,0,mariadb_target_000012;mariadb_target_001131;mariadb_target_001132
mariadb_aflgo_r1,mariadb,1,root/mariadb/sql/field.cc:3348:3348:6:258:T,/root/mariadb/sql/field.cc,3348,3348,0,0,mariadb_target_001134
mariadb_aflgo_r1,mariadb,1,root/mariadb/sql/field.cc:3348:3348:6:258:F,/root/mariadb/sql/field.cc,3348,3348,0,0,mariadb_target_001134
mariadb_aflgo_r1,mariadb,1,root/mariadb/sql/field.cc:3351:3351:6:259:T,/root/mariadb/sql/field.cc,3351,3351,0,0,mariadb_target_001134
mariadb_aflgo_r1,mariadb,1,root/mariadb/sql/field.cc:3351:3351:6:259:F,/root/mariadb/sql/field.cc,3351,3351,0,0,mariadb_target_001134
mariadb_aflgo_r1,mariadb,1,root/mariadb/sql/field.cc:3385:3385:6:261:T,/root/mariadb/sql/field.cc,3385,3385,0,0,mariadb_target_001135
mariadb_aflgo_r1,mariadb,1,root/mariadb/sql/field.cc:3385:3385:6:261:F,/root/mariadb/sql/field.cc,3385,3385,0,0,mariadb_target_001135
mariadb_aflgo_r1,mariadb,1,root/mariadb/sql/field.cc:3388:3388:6:262:T,/root/mariadb/sql/field.cc,3388,3388,0,0,mariadb_target_001135;mariadb_target_001136
mariadb_aflgo_r1,mariadb,1,root/mariadb/sql/field.cc:3388:3388:6:262:F,/root/mariadb/sql/field.cc,3388,3388,0,0,mariadb_target_001135;mariadb_target_001136
mariadb_aflgo_r1,mariadb,1,root/mariadb/sql/field.cc:3406:3406:6:263:T,/root/mariadb/sql/field.cc,3406,3406,0,0,mariadb_target_000015;mariadb_target_001138
mariadb_aflgo_r1,mariadb,1,root/mariadb/sql/field.cc:3406:3406:6:263:F,/root/mariadb/sql/field.cc,3406,3406,0,0,mariadb_target_000015;mariadb_target_001138
mariadb_aflgo_r1,mariadb,1,root/mariadb/sql/field.cc:3407:3407:6:264:T,/root/mariadb/sql/field.cc,3407,3407,0,0,mariadb_target_000015;mariadb_target_000016;mariadb_target_001138;mariadb_target_001139
mariadb_aflgo_r1,mariadb,1,root/mariadb/sql/field.cc:3407:3407:6:264:F,/root/mariadb/sql/field.cc,3407,3407,0,0,mariadb_target_000015;mariadb_target_000016;mariadb_target_001138;mariadb_target_001139
mariadb_aflgo_r1,mariadb,1,root/mariadb/sql/field.cc:3408:3408:6:265:T,/root/mariadb/sql/field.cc,3408,3408,0,0,mariadb_target_000016;mariadb_target_001139
mariadb_aflgo_r1,mariadb,1,root/mariadb/sql/field.cc:3408:3408:6:265:F,/root/mariadb/sql/field.cc,3408,3408,0,0,mariadb_target_000016;mariadb_target_001139
mariadb_aflgo_r1,mariadb,1,root/mariadb/sql/field.cc:3409:3409:6:266:T,/root/mariadb/sql/field.cc,3409,3409,0,0,mariadb_target_000016;mariadb_target_001139
mariadb_aflgo_r1,mariadb,1,root/mariadb/sql/field.cc:3409:3409:6:266:F,/root/mariadb/sql/field.cc,3409,3409,0,0,mariadb_target_000016;mariadb_target_001139
mariadb_aflgo_r1,mariadb,1,root/mariadb/sql/field.cc:3410:3410:6:267:T,/root/mariadb/sql/field.cc,3410,3410,0,0,mariadb_target_000016;mariadb_target_001139
mariadb_aflgo_r1,mariadb,1,root/mariadb/sql/field.cc:3410:3410:6:267:F,/root/mariadb/sql/field.cc,3410,3410,0,0,mariadb_target_000016;mariadb_target_001139
mariadb_aflgo_r1,mariadb,1,root/mariadb/sql/field.cc:3411:3411:6:268:T,/root/mariadb/sql/field.cc,3411,3411,0,0,mariadb_target_000016;mariadb_target_001139
mariadb_aflgo_r1,mariadb,1,root/mariadb/sql/field.cc:3411:3411:6:268:F,/root/mariadb/sql/field.cc,3411,3411,0,0,mariadb_target_000016;mariadb_target_001139
mariadb_aflgo_r1,mariadb,1,root/mariadb/sql/field.cc:3414:3414:6:269:T,/root/mariadb/sql/field.cc,3414,3414,0,0,mariadb_target_000016;mariadb_target_001139
mariadb_aflgo_r1,mariadb,1,root/mariadb/sql/field.cc:3414:3414:6:269:F,/root/mariadb/sql/field.cc,3414,3414,0,0,mariadb_target_000016;mariadb_target_001139
mariadb_aflgo_r1,mariadb,1,root/mariadb/sql/field.cc:3417:3417:6:270:T,/root/mariadb/sql/field.cc,3417,3417,0,0,mariadb_target_000016;mariadb_target_001139
mariadb_aflgo_r1,mariadb,1,root/mariadb/sql/field.cc:3417:3417:6:270:F,/root/mariadb/sql/field.cc,3417,3417,0,0,mariadb_target_000016;mariadb_target_001139
mariadb_aflgo_r1,mariadb,1,root/mariadb/sql/field.cc:3650:3653:6:294:T,/root/mariadb/sql/field.cc,3650,3653,0,0,mariadb_target_000017;mariadb_target_001140
mariadb_aflgo_r1,mariadb,1,root/mariadb/sql/field.cc:3650:3653:6:294:F,/root/mariadb/sql/field.cc,3650,3653,0,0,mariadb_target_000017;mariadb_target_001140
mariadb_aflgo_r1,mariadb,1,root/mariadb/sql/field.cc:3655:3655:6:297:T,/root/mariadb/sql/field.cc,3655,3655,0,0,mariadb_target_000017;mariadb_target_001140
mariadb_aflgo_r1,mariadb,1,root/mariadb/sql/field.cc:3655:3655:6:297:F,/root/mariadb/sql/field.cc,3655,3655,0,0,mariadb_target_000017;mariadb_target_001140
mariadb_aflgo_r1,mariadb,1,root/mariadb/sql/field.cc:3657:3657:6:298:T,/root/mariadb/sql/field.cc,3657,3657,0,0,mariadb_target_000017;mariadb_target_001140
mariadb_aflgo_r1,mariadb,1,root/mariadb/sql/field.cc:3657:3657:6:298:F,/root/mariadb/sql/field.cc,3657,3657,0,0,mariadb_target_000017;mariadb_target_001140
mariadb_aflgo_r1,mariadb,1,root/mariadb/sql/field.cc:3657:3657:6:299:T,/root/mariadb/sql/field.cc,3657,3657,0,0,mariadb_target_000017;mariadb_target_001140
mariadb_aflgo_r1,mariadb,1,root/mariadb/sql/field.cc:3657:3657:6:299:F,/root/mariadb/sql/field.cc,3657,3657,0,0,mariadb_target_000017;mariadb_target_001140
mariadb_aflgo_r1,mariadb,1,root/mariadb/sql/field.cc:3739:3740:6:310:T,/root/mariadb/sql/field.cc,3739,3740,0,0,mariadb_target_000018;mariadb_target_001141
mariadb_aflgo_r1,mariadb,1,root/mariadb/sql/field.cc:3739:3740:6:310:F,/root/mariadb/sql/field.cc,3739,3740,62,1,mariadb_target_000018;mariadb_target_001141
mariadb_aflgo_r1,mariadb,1,root/mariadb/sql/field.cc:3742:3742:6:311:T,/root/mariadb/sql/field.cc,3742,3742,0,0,mariadb_target_000018;mariadb_target_001141
mariadb_aflgo_r1,mariadb,1,root/mariadb/sql/field.cc:3742:3742:6:311:F,/root/mariadb/sql/field.cc,3742,3742,0,0,mariadb_target_000018;mariadb_target_001141
mariadb_aflgo_r1,mariadb,1,root/mariadb/sql/field.cc:3747:3747:6:312:T,/root/mariadb/sql/field.cc,3747,3747,0,0,mariadb_target_000018;mariadb_target_001141
mariadb_aflgo_r1,mariadb,1,root/mariadb/sql/field.cc:3747:3747:6:312:F,/root/mariadb/sql/field.cc,3747,3747,62,1,mariadb_target_000018;mariadb_target_001141
mariadb_aflgo_r1,mariadb,1,root/mariadb/sql/field.cc:4130:4130:6:360:T,/root/mariadb/sql/field.cc,4130,4130,0,0,mariadb_target_000021;mariadb_target_001144
mariadb_aflgo_r1,mariadb,1,root/mariadb/sql/field.cc:4130:4130:6:360:F,/root/mariadb/sql/field.cc,4130,4130,0,0,mariadb_target_000021;mariadb_target_001144
mariadb_aflgo_r1,mariadb,1,root/mariadb/sql/field.cc:4293:4293:6:382:T,/root/mariadb/sql/field.cc,4293,4293,0,0,mariadb_target_000022;mariadb_target_001145
mariadb_aflgo_r1,mariadb,1,root/mariadb/sql/field.cc:4293:4293:6:382:F,/root/mariadb/sql/field.cc,4293,4293,0,0,mariadb_target_000022;mariadb_target_001145
mariadb_aflgo_r1,mariadb,1,root/mariadb/sql/field.cc:4293:4293:6:383:T,/root/mariadb/sql/field.cc,4293,4293,0,0,mariadb_target_000022;mariadb_target_001145
mariadb_aflgo_r1,mariadb,1,root/mariadb/sql/field.cc:4293:4293:6:383:F,/root/mariadb/sql/field.cc,4293,4293,0,0,mariadb_target_000022;mariadb_target_001145
mariadb_aflgo_r1,mariadb,1,root/mariadb/sql/field.cc:4298:4298:6:384:T,/root/mariadb/sql/field.cc,4298,4298,0,0,mariadb_target_000022;mariadb_target_001145
mariadb_aflgo_r1,mariadb,1,root/mariadb/sql/field.cc:4298:4298:6:384:F,/root/mariadb/sql/field.cc,4298,4298,0,0,mariadb_target_000022;mariadb_target_001145
mariadb_aflgo_r1,mariadb,1,root/mariadb/sql/field.cc:4465:4465:6:403:T,/root/mariadb/sql/field.cc,4465,4465,0,0,mariadb_target_000023;mariadb_target_001146
mariadb_aflgo_r1,mariadb,1,root/mariadb/sql/field.cc:4465:4465:6:403:F,/root/mariadb/sql/field.cc,4465,4465,0,0,mariadb_target_000023;mariadb_target_001146
mariadb_aflgo_r1,mariadb,1,root/mariadb/sql/field.cc:4652:4652:6:428:T,/root/mariadb/sql/field.cc,4652,4652,28,1,mariadb_target_000024;mariadb_target_001147;mariadb_target_001148
mariadb_aflgo_r1,mariadb,1,root/mariadb/sql/field.cc:4652:4652:6:428:F,/root/mariadb/sql/field.cc,4652,4652,631,1,mariadb_target_000024;mariadb_target_001147;mariadb_target_001148
mariadb_aflgo_r1,mariadb,1,root/mariadb/sql/field.cc:4653:4653:6:429:T,/root/mariadb/sql/field.cc,4653,4653,0,0,mariadb_target_000024;mariadb_target_001147;mariadb_target_001148
mariadb_aflgo_r1,mariadb,1,root/mariadb/sql/field.cc:4653:4653:6:429:F,/root/mariadb/sql/field.cc,4653,4653,28,1,mariadb_target_000024;mariadb_target_001147;mariadb_target_001148
mariadb_aflgo_r1,mariadb,1,root/mariadb/sql/field.cc:4653:4653:6:430:T,/root/mariadb/sql/field.cc,4653,4653,0,0,mariadb_target_000024;mariadb_target_001147;mariadb_target_001148
mariadb_aflgo_r1,mariadb,1,root/mariadb/sql/field.cc:4653:4653:6:430:F,/root/mariadb/sql/field.cc,4653,4653,28,1,mariadb_target_000024;mariadb_target_001147;mariadb_target_001148
mariadb_aflgo_r1,mariadb,1,root/mariadb/sql/field.cc:4654:4654:6:431:T,/root/mariadb/sql/field.cc,4654,4654,254,1,mariadb_target_000024;mariadb_target_001147;mariadb_target_001148
mariadb_aflgo_r1,mariadb,1,root/mariadb/sql/field.cc:4654:4654:6:431:F,/root/mariadb/sql/field.cc,4654,4654,377,1,mariadb_target_000024;mariadb_target_001147;mariadb_target_001148
mariadb_aflgo_r1,mariadb,1,root/mariadb/sql/field.cc:4654:4654:6:432:T,/root/mariadb/sql/field.cc,4654,4654,310,1,mariadb_target_000024;mariadb_target_001147;mariadb_target_001148
mariadb_aflgo_r1,mariadb,1,root/mariadb/sql/field.cc:4654:4654:6:432:F,/root/mariadb/sql/field.cc,4654,4654,67,1,mariadb_target_000024;mariadb_target_001147;mariadb_target_001148
mariadb_aflgo_r1,mariadb,1,root/mariadb/sql/field.cc:4659:4659:6:433:T,/root/mariadb/sql/field.cc,4659,4659,0,0,mariadb_target_000025;mariadb_target_001148;mariadb_target_001149
mariadb_aflgo_r1,mariadb,1,root/mariadb/sql/field.cc:4659:4659:6:433:F,/root/mariadb/sql/field.cc,4659,4659,309,1,mariadb_target_000025;mariadb_target_001148;mariadb_target_001149
mariadb_aflgo_r1,mariadb,1,root/mariadb/sql/field.cc:4793:4793:6:442:T,/root/mariadb/sql/field.cc,4793,4793,0,0,mariadb_target_000026;mariadb_target_001150
mariadb_aflgo_r1,mariadb,1,root/mariadb/sql/field.cc:4793:4793:6:442:F,/root/mariadb/sql/field.cc,4793,4793,23,1,mariadb_target_000026;mariadb_target_001150
mariadb_aflgo_r1,mariadb,1,root/mariadb/sql/field.cc:4794:4794:6:443:T,/root/mariadb/sql/field.cc,4794,4794,0,0,mariadb_target_000026;mariadb_target_001150
mariadb_aflgo_r1,mariadb,1,root/mariadb/sql/field.cc:4794:4794:6:443:F,/root/mariadb/sql/field.cc,4794,4794,0,0,mariadb_target_000026;mariadb_target_001150
mariadb_aflgo_r1,mariadb,1,root/mariadb/sql/field.cc:4795:4795:6:444:T,/root/mariadb/sql/field.cc,4795,4795,0,0,mariadb_target_000026;mariadb_target_001150
mariadb_aflgo_r1,mariadb,1,root/mariadb/sql/field.cc:4795:4795:6:444:F,/root/mariadb/sql/field.cc,4795,4795,0,0,mariadb_target_000026;mariadb_target_001150
mariadb_aflgo_r1,mariadb,1,root/mariadb/sql/field.cc:4796:4796:6:445:T,/root/mariadb/sql/field.cc,4796,4796,0,0,mariadb_target_000026;mariadb_target_001150
mariadb_aflgo_r1,mariadb,1,root/mariadb/sql/field.cc:4796:4796:6:445:F,/root/mariadb/sql/field.cc,4796,4796,23,1,mariadb_target_000026;mariadb_target_001150
mariadb_aflgo_r1,mariadb,1,root/mariadb/sql/field.cc:4796:4796:6:446:T,/root/mariadb/sql/field.cc,4796,4796,23,1,mariadb_target_000026;mariadb_target_001150
mariadb_aflgo_r1,mariadb,1,root/mariadb/sql/field.cc:4796:4796:6:446:F,/root/mariadb/sql/field.cc,4796,4796,0,0,mariadb_target_000026;mariadb_target_001150
mariadb_aflgo_r1,mariadb,1,root/mariadb/sql/field.cc:4903:4903:6:454:T,/root/mariadb/sql/field.cc,4903,4903,0,0,mariadb_target_001151
mariadb_aflgo_r1,mariadb,1,root/mariadb/sql/field.cc:4903:4903:6:454:F,/root/mariadb/sql/field.cc,4903,4903,0,0,mariadb_target_001151
mariadb_aflgo_r1,mariadb,1,root/mariadb/sql/field.cc:4909:4909:6:455:T,/root/mariadb/sql/field.cc,4909,4909,0,0,mariadb_target_001151
mariadb_aflgo_r1,mariadb,1,root/mariadb/sql/field.cc:4909:4909:6:455:F,/root/mariadb/sql/field.cc,4909,4909,0,0,mariadb_target_001151
mariadb_aflgo_r1,mariadb,1,root/mariadb/sql/field.cc:4931:4931:6:458:T,/root/mariadb/sql/field.cc,4931,4931,0,0,mariadb_target_000027;mariadb_target_001152
mariadb_aflgo_r1,mariadb,1,root/mariadb/sql/field.cc:4931:4931:6:458:F,/root/mariadb/sql/field.cc,4931,4931,0,0,mariadb_target_000027;mariadb_target_001152
mariadb_aflgo_r1,mariadb,1,root/mariadb/sql/field.cc:5053:5053:6:467:T,/root/mariadb/sql/field.cc,5053,5053,0,0,mariadb_target_001153
mariadb_aflgo_r1,mariadb,1,root/mariadb/sql/field.cc:5053:5053:6:467:F,/root/mariadb/sql/field.cc,5053,5053,692,1,mariadb_target_001153
mariadb_aflgo_r1,mariadb,1,root/mariadb/sql/field.cc:5053:5053:6:468:T,/root/mariadb/sql/field.cc,5053,5053,0,0,mariadb_target_001153
mariadb_aflgo_r1,mariadb,1,root/mariadb/sql/field.cc:5053:5053:6:468:F,/root/mariadb/sql/field.cc,5053,5053,0,0,mariadb_target_001153
mariadb_aflgo_r1,mariadb,1,root/mariadb/sql/field.cc:5059:5059:6:469:T,/root/mariadb/sql/field.cc,5059,5059,0,0,mariadb_target_001153
mariadb_aflgo_r1,mariadb,1,root/mariadb/sql/field.cc:5059:5059:6:469:F,/root/mariadb/sql/field.cc,5059,5059,692,1,mariadb_target_001153
mariadb_aflgo_r1,mariadb,1,root/mariadb/sql/field.cc:5197:5197:6:480:T,/root/mariadb/sql/field.cc,5197,5197,0,0,mariadb_target_001154
mariadb_aflgo_r1,mariadb,1,root/mariadb/sql/field.cc:5197:5197:6:480:F,/root/mariadb/sql/field.cc,5197,5197,0,0,mariadb_target_001154
mariadb_aflgo_r1,mariadb,1,root/mariadb/sql/field.cc:5199:5199:6:481:T,/root/mariadb/sql/field.cc,5199,5199,0,0,mariadb_target_001154
mariadb_aflgo_r1,mariadb,1,root/mariadb/sql/field.cc:5199:5199:6:481:F,/root/mariadb/sql/field.cc,5199,5199,0,0,mariadb_target_001154
mariadb_aflgo_r1,mariadb,1,root/mariadb/sql/field.cc:5207:5207:6:484:T,/root/mariadb/sql/field.cc,5207,5207,0,0,mariadb_target_000028;mariadb_target_001155
mariadb_aflgo_r1,mariadb,1,root/mariadb/sql/field.cc:5207:5207:6:484:F,/root/mariadb/sql/field.cc,5207,5207,0,0,mariadb_target_000028;mariadb_target_001155
mariadb_aflgo_r1,mariadb,1,root/mariadb/sql/field.cc:5266:5266:6:489:T,/root/mariadb/sql/field.cc,5266,5266,0,0,mariadb_target_000029;mariadb_target_001156
mariadb_aflgo_r1,mariadb,1,root/mariadb/sql/field.cc:5266:5266:6:489:F,/root/mariadb/sql/field.cc,5266,5266,0,0,mariadb_target_000029;mariadb_target_001156
mariadb_aflgo_r1,mariadb,1,root/mariadb/sql/field.cc:5277:5277:6:490:T,/root/mariadb/sql/field.cc,5277,5277,0,0,mariadb_target_001157
mariadb_aflgo_r1,mariadb,1,root/mariadb/sql/field.cc:5277:5277:6:490:F,/root/mariadb/sql/field.cc,5277,5277,0,0,mariadb_target_001157
mariadb_aflgo_r1,mariadb,1,root/mariadb/sql/field.cc:5277:5277:6:491:T,/root/mariadb/sql/field.cc,5277,5277,0,0,mariadb_target_001157
mariadb_aflgo_r1,mariadb,1,root/mariadb/sql/field.cc:5277:5277:6:491:F,/root/mariadb/sql/field.cc,5277,5277,0,0,mariadb_target_001157
mariadb_aflgo_r1,mariadb,1,root/mariadb/sql/field.cc:5414:5414:6:497:T,/root/mariadb/sql/field.cc,5414,5414,1,1,mariadb_target_000030;mariadb_target_001158
mariadb_aflgo_r1,mariadb,1,root/mariadb/sql/field.cc:5414:5414:6:497:F,/root/mariadb/sql/field.cc,5414,5414,6,1,mariadb_target_000030;mariadb_target_001158
mariadb_aflgo_r1,mariadb,1,root/mariadb/sql/field.cc:5513:5513:6:501:T,/root/mariadb/sql/field.cc,5513,5513,0,0,mariadb_target_000031;mariadb_target_001159
mariadb_aflgo_r1,mariadb,1,root/mariadb/sql/field.cc:5513:5513:6:501:F,/root/mariadb/sql/field.cc,5513,5513,12,1,mariadb_target_000031;mariadb_target_001159
mariadb_aflgo_r1,mariadb,1,root/mariadb/sql/field.cc:5513:5513:6:502:T,/root/mariadb/sql/field.cc,5513,5513,0,0,mariadb_target_000031;mariadb_target_001159
mariadb_aflgo_r1,mariadb,1,root/mariadb/sql/field.cc:5513:5513:6:502:F,/root/mariadb/sql/field.cc,5513,5513,0,0,mariadb_target_000031;mariadb_target_001159
mariadb_aflgo_r1,mariadb,1,root/mariadb/sql/field.cc:5837:5837:6:519:T,/root/mariadb/sql/field.cc,5837,5837,0,0,mariadb_target_000034;mariadb_target_001162
mariadb_aflgo_r1,mariadb,1,root/mariadb/sql/field.cc:5837:5837:6:519:F,/root/mariadb/sql/field.cc,5837,5837,106,1,mariadb_target_000034;mariadb_target_001162
mariadb_aflgo_r1,mariadb,1,root/mariadb/sql/field.cc:6126:6126:6:535:T,/root/mariadb/sql/field.cc,6126,6126,0,0,mariadb_target_000038;mariadb_target_001167
mariadb_aflgo_r1,mariadb,1,root/mariadb/sql/field.cc:6126:6126:6:535:F,/root/mariadb/sql/field.cc,6126,6126,0,0,mariadb_target_000038;mariadb_target_001167
mariadb_aflgo_r1,mariadb,1,root/mariadb/sql/field.cc:6127:6127:6:536:T,/root/mariadb/sql/field.cc,6127,6127,0,0,mariadb_target_000038;mariadb_target_001167
mariadb_aflgo_r1,mariadb,1,root/mariadb/sql/field.cc:6127:6127:6:536:F,/root/mariadb/sql/field.cc,6127,6127,0,0,mariadb_target_000038;mariadb_target_001167
mariadb_aflgo_r1,mariadb,1,root/mariadb/sql/field.cc:6128:6128:6:537:T,/root/mariadb/sql/field.cc,6128,6128,0,0,mariadb_target_000038;mariadb_target_001167
mariadb_aflgo_r1,mariadb,1,root/mariadb/sql/field.cc:6128:6128:6:537:F,/root/mariadb/sql/field.cc,6128,6128,0,0,mariadb_target_000038;mariadb_target_001167
mariadb_aflgo_r1,mariadb,1,root/mariadb/sql/field.cc:6129:6129:6:538:T,/root/mariadb/sql/field.cc,6129,6129,0,0,mariadb_target_000038;mariadb_target_001167
mariadb_aflgo_r1,mariadb,1,root/mariadb/sql/field.cc:6129:6129:6:538:F,/root/mariadb/sql/field.cc,6129,6129,0,0,mariadb_target_000038;mariadb_target_001167
mariadb_aflgo_r1,mariadb,1,root/mariadb/sql/field.cc:6130:6130:6:539:T,/root/mariadb/sql/field.cc,6130,6130,0,0,mariadb_target_000038;mariadb_target_001167;mariadb_target_001168
mariadb_aflgo_r1,mariadb,1,root/mariadb/sql/field.cc:6130:6130:6:539:F,/root/mariadb/sql/field.cc,6130,6130,0,0,mariadb_target_000038;mariadb_target_001167;mariadb_target_001168
mariadb_aflgo_r1,mariadb,1,root/mariadb/sql/field.cc:6338:6338:6:554:T,/root/mariadb/sql/field.cc,6338,6338,0,0,mariadb_target_000040;mariadb_target_001170
mariadb_aflgo_r1,mariadb,1,root/mariadb/sql/field.cc:6338:6338:6:554:F,/root/mariadb/sql/field.cc,6338,6338,0,0,mariadb_target_000040;mariadb_target_001170
mariadb_aflgo_r1,mariadb,1,root/mariadb/sql/field.cc:6772:6772:6:605:T,/root/mariadb/sql/field.cc,6772,6772,0,0,mariadb_target_000042;mariadb_target_001173
mariadb_aflgo_r1,mariadb,1,root/mariadb/sql/field.cc:6772:6772:6:605:F,/root/mariadb/sql/field.cc,6772,6772,0,0,mariadb_target_000042;mariadb_target_001173
mariadb_aflgo_r1,mariadb,1,root/mariadb/sql/field.cc:6782:6782:6:606:T,/root/mariadb/sql/field.cc,6782,6782,0,0,mariadb_target_000042;mariadb_target_001173
mariadb_aflgo_r1,mariadb,1,root/mariadb/sql/field.cc:6782:6782:6:606:F,/root/mariadb/sql/field.cc,6782,6782,0,0,mariadb_target_000042;mariadb_target_001173
mariadb_aflgo_r1,mariadb,1,root/mariadb/sql/field.cc:6782:6782:6:607:T,/root/mariadb/sql/field.cc,6782,6782,0,0,mariadb_target_000042;mariadb_target_001173
mariadb_aflgo_r1,mariadb,1,root/mariadb/sql/field.cc:6782:6782:6:607:F,/root/mariadb/sql/field.cc,6782,6782,0,0,mariadb_target_000042;mariadb_target_001173
mariadb_aflgo_r1,mariadb,1,root/mariadb/sql/field.cc:7516:7516:6:636:T,/root/mariadb/sql/field.cc,7516,7516,0,0,mariadb_target_000051;mariadb_target_001183
mariadb_aflgo_r1,mariadb,1,root/mariadb/sql/field.cc:7516:7516:6:636:F,/root/mariadb/sql/field.cc,7516,7516,2752,1,mariadb_target_000051;mariadb_target_001183
mariadb_aflgo_r1,mariadb,1,root/mariadb/sql/field.cc:7558:7558:6:639:T,/root/mariadb/sql/field.cc,7558,7558,0,0,mariadb_target_000052;mariadb_target_001184
mariadb_aflgo_r1,mariadb,1,root/mariadb/sql/field.cc:7558:7558:6:639:F,/root/mariadb/sql/field.cc,7558,7558,3,1,mariadb_target_000052;mariadb_target_001184
mariadb_aflgo_r1,mariadb,1,root/mariadb/sql/field.cc:8822:8822:6:735:T,/root/mariadb/sql/field.cc,8822,8822,0,0,mariadb_target_000059;mariadb_target_000060;mariadb_target_001192;mariadb_target_001193
mariadb_aflgo_r1,mariadb,1,root/mariadb/sql/field.cc:8822:8822:6:735:F,/root/mariadb/sql/field.cc,8822,8822,0,0,mariadb_target_000059;mariadb_target_000060;mariadb_target_001192;mariadb_target_001193
mariadb_aflgo_r1,mariadb,1,root/mariadb/sql/field.cc:8939:8939:6:740:T,/root/mariadb/sql/field.cc,8939,8939,0,0,mariadb_target_000062;mariadb_target_001195
mariadb_aflgo_r1,mariadb,1,root/mariadb/sql/field.cc:8939:8939:6:740:F,/root/mariadb/sql/field.cc,8939,8939,129,1,mariadb_target_000062;mariadb_target_001195
mariadb_aflgo_r1,mariadb,1,root/mariadb/sql/field.cc:8945:8945:6:741:T,/root/mariadb/sql/field.cc,8945,8945,0,0,mariadb_target_000062;mariadb_target_001195;mariadb_target_001197
mariadb_aflgo_r1,mariadb,1,root/mariadb/sql/field.cc:8945:8945:6:741:F,/root/mariadb/sql/field.cc,8945,8945,129,1,mariadb_target_000062;mariadb_target_001195;mariadb_target_001197
mariadb_aflgo_r1,mariadb,1,root/mariadb/sql/field.cc:8959:8959:6:742:T,/root/mariadb/sql/field.cc,8959,8959,1391,1,mariadb_target_001197
mariadb_aflgo_r1,mariadb,1,root/mariadb/sql/field.cc:8959:8959:6:742:F,/root/mariadb/sql/field.cc,8959,8959,1927,1,mariadb_target_001197
mariadb_aflgo_r1,mariadb,1,root/mariadb/sql/field.cc:8959:8959:6:743:T,/root/mariadb/sql/field.cc,8959,8959,0,0,mariadb_target_001197
mariadb_aflgo_r1,mariadb,1,root/mariadb/sql/field.cc:8959:8959:6:743:F,/root/mariadb/sql/field.cc,8959,8959,1391,1,mariadb_target_001197
mariadb_aflgo_r1,mariadb,1,root/mariadb/sql/field.cc:8965:8965:6:744:T,/root/mariadb/sql/field.cc,8965,8965,0,0,mariadb_target_001197
mariadb_aflgo_r1,mariadb,1,root/mariadb/sql/field.cc:8965:8965:6:744:F,/root/mariadb/sql/field.cc,8965,8965,0,0,mariadb_target_001197
mariadb_aflgo_r1,mariadb,1,root/mariadb/sql/field.cc:8971:8971:6:745:T,/root/mariadb/sql/field.cc,8971,8971,0,0,mariadb_target_001197
mariadb_aflgo_r1,mariadb,1,root/mariadb/sql/field.cc:8971:8971:6:745:F,/root/mariadb/sql/field.cc,8971,8971,0,0,mariadb_target_001197
mariadb_aflgo_r1,mariadb,1,root/mariadb/sql/field.cc:8977:8977:6:746:T,/root/mariadb/sql/field.cc,8977,8977,0,0,mariadb_target_001197;mariadb_target_001198;mariadb_target_001199
mariadb_aflgo_r1,mariadb,1,root/mariadb/sql/field.cc:8977:8977:6:746:F,/root/mariadb/sql/field.cc,8977,8977,3318,1,mariadb_target_001197;mariadb_target_001198;mariadb_target_001199
mariadb_aflgo_r1,mariadb,1,root/mariadb/sql/field.cc:9012:9012:6:747:T,/root/mariadb/sql/field.cc,9012,9012,0,0,mariadb_target_001197
mariadb_aflgo_r1,mariadb,1,root/mariadb/sql/field.cc:9012:9012:6:747:F,/root/mariadb/sql/field.cc,9012,9012,0,0,mariadb_target_001197
mariadb_aflgo_r1,mariadb,1,root/mariadb/sql/field.cc:9022:9022:6:748:T,/root/mariadb/sql/field.cc,9022,9022,0,0,mariadb_target_001197
mariadb_aflgo_r1,mariadb,1,root/mariadb/sql/field.cc:9022:9022:6:748:F,/root/mariadb/sql/field.cc,9022,9022,0,0,mariadb_target_001197
mariadb_aflgo_r1,mariadb,1,root/mariadb/sql/field.cc:9036:9036:6:749:T,/root/mariadb/sql/field.cc,9036,9036,0,0,mariadb_target_001197;mariadb_target_001200
mariadb_aflgo_r1,mariadb,1,root/mariadb/sql/field.cc:9036:9036:6:749:F,/root/mariadb/sql/field.cc,9036,9036,0,0,mariadb_target_001197;mariadb_target_001200
mariadb_aflgo_r1,mariadb,1,root/mariadb/sql/field.cc:9461:9461:6:787:T,/root/mariadb/sql/field.cc,9461,9461,0,0,mariadb_target_000065;mariadb_target_001203
mariadb_aflgo_r1,mariadb,1,root/mariadb/sql/field.cc:9461:9461:6:787:F,/root/mariadb/sql/field.cc,9461,9461,0,0,mariadb_target_000065;mariadb_target_001203
mariadb_aflgo_r1,mariadb,1,root/mariadb/sql/field.cc:9461:9461:6:788:T,/root/mariadb/sql/field.cc,9461,9461,0,0,mariadb_target_000065;mariadb_target_001203
mariadb_aflgo_r1,mariadb,1,root/mariadb/sql/field.cc:9461:9461:6:788:F,/root/mariadb/sql/field.cc,9461,9461,0,0,mariadb_target_000065;mariadb_target_001203
mariadb_aflgo_r1,mariadb,1,root/mariadb/sql/field.cc:9461:9461:6:789:T,/root/mariadb/sql/field.cc,9461,9461,0,0,mariadb_target_000065;mariadb_target_001203
mariadb_aflgo_r1,mariadb,1,root/mariadb/sql/field.cc:9461:9461:6:789:F,/root/mariadb/sql/field.cc,9461,9461,0,0,mariadb_target_000065;mariadb_target_001203
mariadb_aflgo_r1,mariadb,1,root/mariadb/sql/field.cc:9464:9464:6:790:T,/root/mariadb/sql/field.cc,9464,9464,0,0,mariadb_target_000065;mariadb_target_001203
mariadb_aflgo_r1,mariadb,1,root/mariadb/sql/field.cc:9464:9464:6:790:F,/root/mariadb/sql/field.cc,9464,9464,0,0,mariadb_target_000065;mariadb_target_001203
mariadb_aflgo_r1,mariadb,1,root/mariadb/sql/field.cc:9528:9528:6:791:T,/root/mariadb/sql/field.cc,9528,9528,31,1,mariadb_target_000069;mariadb_target_001207
mariadb_aflgo_r1,mariadb,1,root/mariadb/sql/field.cc:9528:9528:6:791:F,/root/mariadb/sql/field.cc,9528,9528,0,0,mariadb_target_000069;mariadb_target_001207
mariadb_aflgo_r1,mariadb,1,root/mariadb/sql/field.cc:9529:9529:6:792:T,/root/mariadb/sql/field.cc,9529,9529,0,0,mariadb_target_000069;mariadb_target_001207
mariadb_aflgo_r1,mariadb,1,root/mariadb/sql/field.cc:9529:9529:6:792:F,/root/mariadb/sql/field.cc,9529,9529,31,1,mariadb_target_000069;mariadb_target_001207
mariadb_aflgo_r1,mariadb,1,root/mariadb/sql/field.cc:9530:9530:6:793:T,/root/mariadb/sql/field.cc,9530,9530,0,0,mariadb_target_000069;mariadb_target_001207
mariadb_aflgo_r1,mariadb,1,root/mariadb/sql/field.cc:9530:9530:6:793:F,/root/mariadb/sql/field.cc,9530,9530,31,1,mariadb_target_000069;mariadb_target_001207
mariadb_aflgo_r1,mariadb,1,root/mariadb/sql/field.cc:9531:9531:6:794:T,/root/mariadb/sql/field.cc,9531,9531,0,0,mariadb_target_000069;mariadb_target_001207
mariadb_aflgo_r1,mariadb,1,root/mariadb/sql/field.cc:9531:9531:6:794:F,/root/mariadb/sql/field.cc,9531,9531,31,1,mariadb_target_000069;mariadb_target_001207
mariadb_aflgo_r1,mariadb,1,root/mariadb/sql/field.cc:9532:9532:6:795:T,/root/mariadb/sql/field.cc,9532,9532,0,0,mariadb_target_000069;mariadb_target_001207
mariadb_aflgo_r1,mariadb,1,root/mariadb/sql/field.cc:9532:9532:6:795:F,/root/mariadb/sql/field.cc,9532,9532,31,1,mariadb_target_000069;mariadb_target_001207
mariadb_aflgo_r1,mariadb,1,root/mariadb/sql/field.cc:9580:9580:6:803:T,/root/mariadb/sql/field.cc,9580,9580,0,0,mariadb_target_000070;mariadb_target_001208
mariadb_aflgo_r1,mariadb,1,root/mariadb/sql/field.cc:9580:9580:6:803:F,/root/mariadb/sql/field.cc,9580,9580,0,0,mariadb_target_000070;mariadb_target_001208
mariadb_aflgo_r1,mariadb,1,root/mariadb/sql/field.cc:9580:9580:6:804:T,/root/mariadb/sql/field.cc,9580,9580,0,0,mariadb_target_000070;mariadb_target_001208
mariadb_aflgo_r1,mariadb,1,root/mariadb/sql/field.cc:9580:9580:6:804:F,/root/mariadb/sql/field.cc,9580,9580,0,0,mariadb_target_000070;mariadb_target_001208
mariadb_aflgo_r1,mariadb,1,root/mariadb/sql/field.cc:9658:9658:6:809:T,/root/mariadb/sql/field.cc,9658,9658,0,0,mariadb_target_000072;mariadb_target_001210
mariadb_aflgo_r1,mariadb,1,root/mariadb/sql/field.cc:9658:9658:6:809:F,/root/mariadb/sql/field.cc,9658,9658,140,1,mariadb_target_000072;mariadb_target_001210
mariadb_aflgo_r1,mariadb,1,root/mariadb/sql/field.cc:9658:9658:6:810:T,/root/mariadb/sql/field.cc,9658,9658,0,0,mariadb_target_000072;mariadb_target_001210
mariadb_aflgo_r1,mariadb,1,root/mariadb/sql/field.cc:9658:9658:6:810:F,/root/mariadb/sql/field.cc,9658,9658,140,1,mariadb_target_000072;mariadb_target_001210
mariadb_aflgo_r1,mariadb,1,root/mariadb/sql/field.cc:9764:9764:6:823:T,/root/mariadb/sql/field.cc,9764,9764,0,0,mariadb_target_000074;mariadb_target_001212
mariadb_aflgo_r1,mariadb,1,root/mariadb/sql/field.cc:9764:9764:6:823:F,/root/mariadb/sql/field.cc,9764,9764,11,1,mariadb_target_000074;mariadb_target_001212
mariadb_aflgo_r1,mariadb,1,root/mariadb/sql/field.cc:9828:9828:6:830:T,/root/mariadb/sql/field.cc,9828,9828,945,1,mariadb_target_000075;mariadb_target_001213
mariadb_aflgo_r1,mariadb,1,root/mariadb/sql/field.cc:9828:9828:6:830:F,/root/mariadb/sql/field.cc,9828,9828,27,1,mariadb_target_000075;mariadb_target_001213
mariadb_aflgo_r1,mariadb,1,root/mariadb/sql/field.cc:9831:9831:6:831:T,/root/mariadb/sql/field.cc,9831,9831,918,1,mariadb_target_000075;mariadb_target_001213
mariadb_aflgo_r1,mariadb,1,root/mariadb/sql/field.cc:9831:9831:6:831:F,/root/mariadb/sql/field.cc,9831,9831,27,1,mariadb_target_000075;mariadb_target_001213
mariadb_aflgo_r1,mariadb,1,root/mariadb/sql/field.cc:10253:10253:6:881:T,/root/mariadb/sql/field.cc,10253,10253,0,0,mariadb_target_001109
mariadb_aflgo_r1,mariadb,1,root/mariadb/sql/field.cc:10253:10253:6:881:F,/root/mariadb/sql/field.cc,10253,10253,0,0,mariadb_target_001109
mariadb_aflgo_r1,mariadb,1,root/mariadb/sql/field.cc:10316:10316:6:891:T,/root/mariadb/sql/field.cc,10316,10316,0,0,mariadb_target_001112
mariadb_aflgo_r1,mariadb,1,root/mariadb/sql/field.cc:10316:10316:6:891:F,/root/mariadb/sql/field.cc,10316,10316,0,0,mariadb_target_001112
mariadb_aflgo_r1,mariadb,1,root/mariadb/sql/field.cc:10321:10321:6:892:T,/root/mariadb/sql/field.cc,10321,10321,0,0,mariadb_target_000003;mariadb_target_001112;mariadb_target_001113
mariadb_aflgo_r1,mariadb,1,root/mariadb/sql/field.cc:10321:10321:6:892:F,/root/mariadb/sql/field.cc,10321,10321,0,0,mariadb_target_000003;mariadb_target_001112;mariadb_target_001113
mariadb_aflgo_r1,mariadb,1,root/mariadb/sql/field.cc:10324:10324:6:893:T,/root/mariadb/sql/field.cc,10324,10324,0,0,mariadb_target_000003;mariadb_target_001113
mariadb_aflgo_r1,mariadb,1,root/mariadb/sql/field.cc:10324:10324:6:893:F,/root/mariadb/sql/field.cc,10324,10324,0,0,mariadb_target_000003;mariadb_target_001113
mariadb_aflgo_r1,mariadb,1,root/mariadb/sql/field.cc:10626:10627:6:921:T,/root/mariadb/sql/field.cc,10626,10627,0,0,mariadb_target_001114
mariadb_aflgo_r1,mariadb,1,root/mariadb/sql/field.cc:10626:10627:6:921:F,/root/mariadb/sql/field.cc,10626,10627,72,1,mariadb_target_001114
mariadb_aflgo_r1,mariadb,1,root/mariadb/sql/field.cc:10639:10644:6:922:T,/root/mariadb/sql/field.cc,10639,10644,0,0,mariadb_target_001115;mariadb_target_001116
mariadb_aflgo_r1,mariadb,1,root/mariadb/sql/field.cc:10639:10644:6:922:F,/root/mariadb/sql/field.cc,10639,10644,72,1,mariadb_target_001115;mariadb_target_001116
mariadb_aflgo_r1,mariadb,1,root/mariadb/sql/field.cc:11751:11751:6:1063:T,/root/mariadb/sql/field.cc,11751,11751,0,0,mariadb_target_001120
mariadb_aflgo_r1,mariadb,1,root/mariadb/sql/field.cc:11751:11751:6:1063:F,/root/mariadb/sql/field.cc,11751,11751,7275,1,mariadb_target_001120
mariadb_aflgo_r1,mariadb,1,root/mariadb/sql/field.cc:11778:11778:6:1065:T,/root/mariadb/sql/field.cc,11778,11778,0,0,mariadb_target_000006;mariadb_target_001121;mariadb_target_001122
mariadb_aflgo_r1,mariadb,1,root/mariadb/sql/field.cc:11778:11778:6:1065:F,/root/mariadb/sql/field.cc,11778,11778,420,1,mariadb_target_000006;mariadb_target_001121;mariadb_target_001122
mariadb_aflgo_r1,mariadb,1,root/mariadb/sql/field.cc:11780:11780:6:1066:T,/root/mariadb/sql/field.cc,11780,11780,0,0,mariadb_target_001122
mariadb_aflgo_r1,mariadb,1,root/mariadb/sql/field.cc:11780:11780:6:1066:F,/root/mariadb/sql/field.cc,11780,11780,420,1,mariadb_target_001122
mariadb_aflgo_r1,mariadb,1,root/mariadb/sql/field.cc:11789:11789:6:1067:T,/root/mariadb/sql/field.cc,11789,11789,0,0,mariadb_target_000007;mariadb_target_001123;mariadb_target_001124
mariadb_aflgo_r1,mariadb,1,root/mariadb/sql/field.cc:11789:11789:6:1067:F,/root/mariadb/sql/field.cc,11789,11789,0,0,mariadb_target_000007;mariadb_target_001123;mariadb_target_001124
mariadb_aflgo_r1,mariadb,1,root/mariadb/sql/field.cc:11798:11798:6:1068:T,/root/mariadb/sql/field.cc,11798,11798,0,0,mariadb_target_001124
mariadb_aflgo_r1,mariadb,1,root/mariadb/sql/field.cc:11798:11798:6:1068:F,/root/mariadb/sql/field.cc,11798,11798,0,0,mariadb_target_001124
mariadb_aflgo_r1,mariadb,1,root/mariadb/sql/field.h:861:861:7:17:T,/root/mariadb/sql/field.h,861,861,0,0,mariadb_target_000097;mariadb_target_001238
mariadb_aflgo_r1,mariadb,1,root/mariadb/sql/field.h:861:861:7:17:F,/root/mariadb/sql/field.h,861,861,11077,1,mariadb_target_000097;mariadb_target_001238
mariadb_aflgo_r1,mariadb,1,root/mariadb/sql/field.h:1112:1112:7:18:T,/root/mariadb/sql/field.h,1112,1112,0,0,mariadb_target_000097;mariadb_target_001238
mariadb_aflgo_r1,mariadb,1,root/mariadb/sql/field.h:1112:1112:7:18:F,/root/mariadb/sql/field.h,1112,1112,0,0,mariadb_target_000097;mariadb_target_001238
mariadb_aflgo_r1,mariadb,1,root/mariadb/sql/field.h:1171:1171:7:19:T,/root/mariadb/sql/field.h,1171,1171,0,0,mariadb_target_000097;mariadb_target_001238
mariadb_aflgo_r1,mariadb,1,root/mariadb/sql/field.h:1171:1171:7:19:F,/root/mariadb/sql/field.h,1171,1171,0,0,mariadb_target_000097;mariadb_target_001238
mariadb_aflgo_r1,mariadb,1,root/mariadb/sql/field.h:1193:1193:7:20:T,/root/mariadb/sql/field.h,1193,1193,887,1,mariadb_target_000097;mariadb_target_001238
mariadb_aflgo_r1,mariadb,1,root/mariadb/sql/field.h:1193:1193:7:20:F,/root/mariadb/sql/field.h,1193,1193,1082,1,mariadb_target_000097;mariadb_target_001238
mariadb_aflgo_r1,mariadb,1,root/mariadb/sql/field.h:1193:1193:7:21:T,/root/mariadb/sql/field.h,1193,1193,887,1,mariadb_target_000097;mariadb_target_001238
mariadb_aflgo_r1,mariadb,1,root/mariadb/sql/field.h:1193:1193:7:21:F,/root/mariadb/sql/field.h,1193,1193,0,0,mariadb_target_000097;mariadb_target_001238
mariadb_aflgo_r1,mariadb,1,root/mariadb/sql/field.h:1194:1194:7:22:T,/root/mariadb/sql/field.h,1194,1194,887,1,mariadb_target_000097;mariadb_target_001238
mariadb_aflgo_r1,mariadb,1,root/mariadb/sql/field.h:1194:1194:7:22:F,/root/mariadb/sql/field.h,1194,1194,0,0,mariadb_target_000097;mariadb_target_001238
mariadb_aflgo_r1,mariadb,1,root/mariadb/sql/field.h:1194:1194:7:23:T,/root/mariadb/sql/field.h,1194,1194,887,1,mariadb_target_000097;mariadb_target_001238
mariadb_aflgo_r1,mariadb,1,root/mariadb/sql/field.h:1194:1194:7:23:F,/root/mariadb/sql/field.h,1194,1194,0,0,mariadb_target_000097;mariadb_target_001238
mariadb_aflgo_r1,mariadb,1,root/mariadb/sql/field.h:1240:1240:7:24:T,/root/mariadb/sql/field.h,1240,1240,0,0,mariadb_target_000097;mariadb_target_001238
mariadb_aflgo_r1,mariadb,1,root/mariadb/sql/field.h:1240:1240:7:24:F,/root/mariadb/sql/field.h,1240,1240,0,0,mariadb_target_000097;mariadb_target_001238
mariadb_aflgo_r1,mariadb,1,root/mariadb/sql/field.h:1241:1241:7:25:T,/root/mariadb/sql/field.h,1241,1241,0,0,mariadb_target_000097;mariadb_target_001238
mariadb_aflgo_r1,mariadb,1,root/mariadb/sql/field.h:1241:1241:7:25:F,/root/mariadb/sql/field.h,1241,1241,0,0,mariadb_target_000097;mariadb_target_001238
mariadb_aflgo_r1,mariadb,1,root/mariadb/sql/field.h:1242:1242:7:26:T,/root/mariadb/sql/field.h,1242,1242,0,0,mariadb_target_000097;mariadb_target_001238
mariadb_aflgo_r1,mariadb,1,root/mariadb/sql/field.h:1242:1242:7:26:F,/root/mariadb/sql/field.h,1242,1242,0,0,mariadb_target_000097;mariadb_target_001238
mariadb_aflgo_r1,mariadb,1,root/mariadb/sql/field.h:1242:1242:7:27:T,/root/mariadb/sql/field.h,1242,1242,0,0,mariadb_target_000097;mariadb_target_001238
mariadb_aflgo_r1,mariadb,1,root/mariadb/sql/field.h:1242:1242:7:27:F,/root/mariadb/sql/field.h,1242,1242,0,0,mariadb_target_000097;mariadb_target_001238
mariadb_aflgo_r1,mariadb,1,root/mariadb/sql/field.h:1245:1245:7:28:T,/root/mariadb/sql/field.h,1245,1245,0,0,mariadb_target_000097;mariadb_target_001238
mariadb_aflgo_r1,mariadb,1,root/mariadb/sql/field.h:1245:1245:7:28:F,/root/mariadb/sql/field.h,1245,1245,0,0,mariadb_target_000097;mariadb_target_001238
mariadb_aflgo_r1,mariadb,1,root/mariadb/sql/field.h:1245:1245:7:29:T,/root/mariadb/sql/field.h,1245,1245,0,0,mariadb_target_000097;mariadb_target_001238
mariadb_aflgo_r1,mariadb,1,root/mariadb/sql/field.h:1245:1245:7:29:F,/root/mariadb/sql/field.h,1245,1245,0,0,mariadb_target_000097;mariadb_target_001238
mariadb_aflgo_r1,mariadb,1,root/mariadb/sql/field.h:1278:1278:7:30:T,/root/mariadb/sql/field.h,1278,1278,0,0,mariadb_target_000097;mariadb_target_001238
mariadb_aflgo_r1,mariadb,1,root/mariadb/sql/field.h:1278:1278:7:30:F,/root/mariadb/sql/field.h,1278,1278,1516,1,mariadb_target_000097;mariadb_target_001238
mariadb_aflgo_r1,mariadb,1,root/mariadb/sql/field.h:1279:1279:7:31:T,/root/mariadb/sql/field.h,1279,1279,113,1,mariadb_target_000097;mariadb_target_001238
mariadb_aflgo_r1,mariadb,1,root/mariadb/sql/field.h:1279:1279:7:31:F,/root/mariadb/sql/field.h,1279,1279,1403,1,mariadb_target_000097;mariadb_target_001238
mariadb_aflgo_r1,mariadb,1,root/mariadb/sql/field.h:1416:1416:7:32:T,/root/mariadb/sql/field.h,1416,1416,0,0,mariadb_target_000097;mariadb_target_001238
mariadb_aflgo_r1,mariadb,1,root/mariadb/sql/field.h:1416:1416:7:32:F,/root/mariadb/sql/field.h,1416,1416,0,0,mariadb_target_000097;mariadb_target_001238
mariadb_aflgo_r1,mariadb,1,root/mariadb/sql/field.h:1416:1416:7:33:T,/root/mariadb/sql/field.h,1416,1416,0,0,mariadb_target_000097;mariadb_target_001238
mariadb_aflgo_r1,mariadb,1,root/mariadb/sql/field.h:1416:1416:7:33:F,/root/mariadb/sql/field.h,1416,1416,0,0,mariadb_target_000097;mariadb_target_001238
mariadb_aflgo_r1,mariadb,1,root/mariadb/sql/field.h:1417:1417:7:34:T,/root/mariadb/sql/field.h,1417,1417,0,0,mariadb_target_000097;mariadb_target_001238
mariadb_aflgo_r1,mariadb,1,root/mariadb/sql/field.h:1417:1417:7:34:F,/root/mariadb/sql/field.h,1417,1417,0,0,mariadb_target_000097;mariadb_target_001238
mariadb_aflgo_r1,mariadb,1,root/mariadb/sql/field.h:1431:1431:7:35:T,/root/mariadb/sql/field.h,1431,1431,0,0,mariadb_target_000097;mariadb_target_001238
mariadb_aflgo_r1,mariadb,1,root/mariadb/sql/field.h:1431:1431:7:35:F,/root/mariadb/sql/field.h,1431,1431,0,0,mariadb_target_000097;mariadb_target_001238
mariadb_aflgo_r1,mariadb,1,root/mariadb/sql/field.h:1431:1431:7:36:T,/root/mariadb/sql/field.h,1431,1431,0,0,mariadb_target_000097;mariadb_target_001238
mariadb_aflgo_r1,mariadb,1,root/mariadb/sql/field.h:1431:1431:7:36:F,/root/mariadb/sql/field.h,1431,1431,0,0,mariadb_target_000097;mariadb_target_001238
mariadb_aflgo_r1,mariadb,1,root/mariadb/sql/field.h:1432:1432:7:37:T,/root/mariadb/sql/field.h,1432,1432,0,0,mariadb_target_000097;mariadb_target_001238
mariadb_aflgo_r1,mariadb,1,root/mariadb/sql/field.h:1432:1432:7:37:F,/root/mariadb/sql/field.h,1432,1432,0,0,mariadb_target_000097;mariadb_target_001238
mariadb_aflgo_r1,mariadb,1,root/mariadb/sql/field.h:1465:1465:7:38:T,/root/mariadb/sql/field.h,1465,1465,18,1,mariadb_target_000097;mariadb_target_001238
mariadb_aflgo_r1,mariadb,1,root/mariadb/sql/field.h:1465:1465:7:38:F,/root/mariadb/sql/field.h,1465,1465,4,1,mariadb_target_000097;mariadb_target_001238
mariadb_aflgo_r1,mariadb,1,root/mariadb/sql/field.h:1469:1469:7:39:T,/root/mariadb/sql/field.h,1469,1469,18,1,mariadb_target_000097;mariadb_target_001238
mariadb_aflgo_r1,mariadb,1,root/mariadb/sql/field.h:1469:1469:7:39:F,/root/mariadb/sql/field.h,1469,1469,0,0,mariadb_target_000097;mariadb_target_001238
mariadb_aflgo_r1,mariadb,1,root/mariadb/sql/field.h:1498:1498:7:40:T,/root/mariadb/sql/field.h,1498,1498,8548,1,mariadb_target_000097;mariadb_target_001238
mariadb_aflgo_r1,mariadb,1,root/mariadb/sql/field.h:1498:1498:7:40:F,/root/mariadb/sql/field.h,1498,1498,2002,1,mariadb_target_000097;mariadb_target_001238
mariadb_aflgo_r1,mariadb,1,root/mariadb/sql/field.h:1501:1501:7:41:T,/root/mariadb/sql/field.h,1501,1501,140,1,mariadb_target_000097;mariadb_target_001238
mariadb_aflgo_r1,mariadb,1,root/mariadb/sql/field.h:1501:1501:7:41:F,/root/mariadb/sql/field.h,1501,1501,382,1,mariadb_target_000097;mariadb_target_001238
mariadb_aflgo_r1,mariadb,1,root/mariadb/sql/field.h:1501:1501:7:42:T,/root/mariadb/sql/field.h,1501,1501,0,0,mariadb_target_000097;mariadb_target_001238
mariadb_aflgo_r1,mariadb,1,root/mariadb/sql/field.h:1501:1501:7:42:F,/root/mariadb/sql/field.h,1501,1501,140,1,mariadb_target_000097;mariadb_target_001238
mariadb_aflgo_r1,mariadb,1,root/mariadb/sql/field.h:1504:1504:7:43:T,/root/mariadb/sql/field.h,1504,1504,2972,1,mariadb_target_000097;mariadb_target_001238
mariadb_aflgo_r1,mariadb,1,root/mariadb/sql/field.h:1504:1504:7:43:F,/root/mariadb/sql/field.h,1504,1504,26,1,mariadb_target_000097;mariadb_target_001238
mariadb_aflgo_r1,mariadb,1,root/mariadb/sql/field.h:1509:1509:7:44:T,/root/mariadb/sql/field.h,1509,1509,581,1,mariadb_target_000097;mariadb_target_001238
mariadb_aflgo_r1,mariadb,1,root/mariadb/sql/field.h:1509:1509:7:44:F,/root/mariadb/sql/field.h,1509,1509,0,0,mariadb_target_000097;mariadb_target_001238
mariadb_aflgo_r1,mariadb,1,root/mariadb/sql/field.h:1511:1511:7:45:T,/root/mariadb/sql/field.h,1511,1511,9179,1,mariadb_target_000097;mariadb_target_001238
mariadb_aflgo_r1,mariadb,1,root/mariadb/sql/field.h:1511:1511:7:45:F,/root/mariadb/sql/field.h,1511,1511,8942,1,mariadb_target_000097;mariadb_target_001238
mariadb_aflgo_r1,mariadb,1,root/mariadb/sql/field.h:1513:1513:7:46:T,/root/mariadb/sql/field.h,1513,1513,11326,1,mariadb_target_000097;mariadb_target_001238
mariadb_aflgo_r1,mariadb,1,root/mariadb/sql/field.h:1513:1513:7:46:F,/root/mariadb/sql/field.h,1513,1513,10254,1,mariadb_target_000097;mariadb_target_001238
mariadb_aflgo_r1,mariadb,1,root/mariadb/sql/field.h:1513:1513:7:47:T,/root/mariadb/sql/field.h,1513,1513,372,1,mariadb_target_000097;mariadb_target_001238
mariadb_aflgo_r1,mariadb,1,root/mariadb/sql/field.h:1513:1513:7:47:F,/root/mariadb/sql/field.h,1513,1513,9882,1,mariadb_target_000097;mariadb_target_001238
mariadb_aflgo_r1,mariadb,1,root/mariadb/sql/field.h:1532:1532:7:48:T,/root/mariadb/sql/field.h,1532,1532,2972,1,mariadb_target_000097;mariadb_target_001238
mariadb_aflgo_r1,mariadb,1,root/mariadb/sql/field.h:1532:1532:7:48:F,/root/mariadb/sql/field.h,1532,1532,26,1,mariadb_target_000097;mariadb_target_001238
mariadb_aflgo_r1,mariadb,1,root/mariadb/sql/field.h:1532:1532:7:49:T,/root/mariadb/sql/field.h,1532,1532,2972,1,mariadb_target_000097;mariadb_target_001238
mariadb_aflgo_r1,mariadb,1,root/mariadb/sql/field.h:1532:1532:7:49:F,/root/mariadb/sql/field.h,1532,1532,0,0,mariadb_target_000097;mariadb_target_001238
mariadb_aflgo_r1,mariadb,1,root/mariadb/sql/field.h:1542:1542:7:50:T,/root/mariadb/sql/field.h,1542,1542,92156,1,mariadb_target_000097;mariadb_target_001238
mariadb_aflgo_r1,mariadb,1,root/mariadb/sql/field.h:1542:1542:7:50:F,/root/mariadb/sql/field.h,1542,1542,0,0,mariadb_target_000097;mariadb_target_001238
mariadb_aflgo_r1,mariadb,1,root/mariadb/sql/field.h:1542:1542:7:51:T,/root/mariadb/sql/field.h,1542,1542,0,0,mariadb_target_000097;mariadb_target_001238
mariadb_aflgo_r1,mariadb,1,root/mariadb/sql/field.h:1542:1542:7:51:F,/root/mariadb/sql/field.h,1542,1542,0,0,mariadb_target_000097;mariadb_target_001238
mariadb_aflgo_r1,mariadb,1,root/mariadb/sql/field.h:1645:1645:7:52:T,/root/mariadb/sql/field.h,1645,1645,11881,1,mariadb_target_000097;mariadb_target_001238
mariadb_aflgo_r1,mariadb,1,root/mariadb/sql/field.h:1645:1645:7:52:F,/root/mariadb/sql/field.h,1645,1645,5848,1,mariadb_target_000097;mariadb_target_001238
mariadb_aflgo_r1,mariadb,1,root/mariadb/sql/field.h:1648:1648:7:53:T,/root/mariadb/sql/field.h,1648,1648,11881,1,mariadb_target_000097;mariadb_target_001238
mariadb_aflgo_r1,mariadb,1,root/mariadb/sql/field.h:1648:1648:7:53:F,/root/mariadb/sql/field.h,1648,1648,0,0,mariadb_target_000097;mariadb_target_001238
mariadb_aflgo_r1,mariadb,1,root/mariadb/sql/field.h:1763:1763:7:54:T,/root/mariadb/sql/field.h,1763,1763,129,1,mariadb_target_000097;mariadb_target_001238
mariadb_aflgo_r1,mariadb,1,root/mariadb/sql/field.h:1763:1763:7:54:F,/root/mariadb/sql/field.h,1763,1763,33,1,mariadb_target_000097;mariadb_target_001238
mariadb_aflgo_r1,mariadb,1,root/mariadb/sql/field.h:1880:1880:7:55:T,/root/mariadb/sql/field.h,1880,1880,0,0,mariadb_target_000097;mariadb_target_001238
mariadb_aflgo_r1,mariadb,1,root/mariadb/sql/field.h:1880:1880:7:55:F,/root/mariadb/sql/field.h,1880,1880,394,1,mariadb_target_000097;mariadb_target_001238
mariadb_aflgo_r1,mariadb,1,root/mariadb/sql/field.h:1881:1881:7:56:T,/root/mariadb/sql/field.h,1881,1881,124,1,mariadb_target_000097;mariadb_target_001238
mariadb_aflgo_r1,mariadb,1,root/mariadb/sql/field.h:1881:1881:7:56:F,/root/mariadb/sql/field.h,1881,1881,270,1,mariadb_target_000097;mariadb_target_001238
mariadb_aflgo_r1,mariadb,1,root/mariadb/sql/field.h:1983:1983:7:57:T,/root/mariadb/sql/field.h,1983,1983,0,0,mariadb_target_000097;mariadb_target_001238
mariadb_aflgo_r1,mariadb,1,root/mariadb/sql/field.h:1983:1983:7:57:F,/root/mariadb/sql/field.h,1983,1983,0,0,mariadb_target_000097;mariadb_target_001238
mariadb_aflgo_r1,mariadb,1,root/mariadb/sql/field.h:2135:2135:7:58:T,/root/mariadb/sql/field.h,2135,2135,0,0,mariadb_target_000097;mariadb_target_001238
mariadb_aflgo_r1,mariadb,1,root/mariadb/sql/field.h:2135:2135:7:58:F,/root/mariadb/sql/field.h,2135,2135,9,1,mariadb_target_000097;mariadb_target_001238
mariadb_aflgo_r1,mariadb,1,root/mariadb/sql/field.h:2288:2288:7:68:T,/root/mariadb/sql/field.h,2288,2288,106,1,mariadb_target_000081;mariadb_target_001220
mariadb_aflgo_r1,mariadb,1,root/mariadb/sql/field.h:2288:2288:7:68:F,/root/mariadb/sql/field.h,2288,2288,0,0,mariadb_target_000081;mariadb_target_001220
mariadb_aflgo_r1,mariadb,1,root/mariadb/sql/field.h:2563:2563:7:79:T,/root/mariadb/sql/field.h,2563,2563,336,1,mariadb_target_000085;mariadb_target_001224
mariadb_aflgo_r1,mariadb,1,root/mariadb/sql/field.h:2563:2563:7:79:F,/root/mariadb/sql/field.h,2563,2563,0,0,mariadb_target_000085;mariadb_target_001224
mariadb_aflgo_r1,mariadb,1,root/mariadb/sql/field.h:2564:2564:7:80:T,/root/mariadb/sql/field.h,2564,2564,336,1,mariadb_target_000085;mariadb_target_001224
mariadb_aflgo_r1,mariadb,1,root/mariadb/sql/field.h:2564:2564:7:80:F,/root/mariadb/sql/field.h,2564,2564,0,0,mariadb_target_000085;mariadb_target_001224
mariadb_aflgo_r1,mariadb,1,root/mariadb/sql/field.h:2565:2565:7:81:T,/root/mariadb/sql/field.h,2565,2565,336,1,mariadb_target_000085;mariadb_target_001224
mariadb_aflgo_r1,mariadb,1,root/mariadb/sql/field.h:2565:2565:7:81:F,/root/mariadb/sql/field.h,2565,2565,0,0,mariadb_target_000085;mariadb_target_001224
mariadb_aflgo_r1,mariadb,1,root/mariadb/sql/field.h:2566:2566:7:82:T,/root/mariadb/sql/field.h,2566,2566,336,1,mariadb_target_000085;mariadb_target_001224
mariadb_aflgo_r1,mariadb,1,root/mariadb/sql/field.h:2566:2566:7:82:F,/root/mariadb/sql/field.h,2566,2566,0,0,mariadb_target_000085;mariadb_target_001224
mariadb_aflgo_r1,mariadb,1,root/mariadb/sql/field.h:2596:2596:7:84:T,/root/mariadb/sql/field.h,2596,2596,0,0,mariadb_target_000086;mariadb_target_001225
mariadb_aflgo_r1,mariadb,1,root/mariadb/sql/field.h:2596:2596:7:84:F,/root/mariadb/sql/field.h,2596,2596,444,1,mariadb_target_000086;mariadb_target_001225
mariadb_aflgo_r1,mariadb,1,root/mariadb/sql/field.h:3251:3251:7:110:T,/root/mariadb/sql/field.h,3251,3251,0,0,mariadb_target_000089;mariadb_target_001228
mariadb_aflgo_r1,mariadb,1,root/mariadb/sql/field.h:3251:3251:7:110:F,/root/mariadb/sql/field.h,3251,3251,0,0,mariadb_target_000089;mariadb_target_001228
mariadb_aflgo_r1,mariadb,1,root/mariadb/sql/field.h:4761:4761:7:161:T,/root/mariadb/sql/field.h,4761,4761,0,0,mariadb_target_000093;mariadb_target_001232
mariadb_aflgo_r1,mariadb,1,root/mariadb/sql/field.h:4761:4761:7:161:F,/root/mariadb/sql/field.h,4761,4761,0,0,mariadb_target_000093;mariadb_target_001232
mariadb_aflgo_r1,mariadb,1,root/mariadb/sql/field.h:4772:4772:7:162:T,/root/mariadb/sql/field.h,4772,4772,0,0,mariadb_target_001233
mariadb_aflgo_r1,mariadb,1,root/mariadb/sql/field.h:4772:4772:7:162:F,/root/mariadb/sql/field.h,4772,4772,0,0,mariadb_target_001233
mariadb_aflgo_r1,mariadb,1,root/mariadb/sql/field.h:4960:4960:7:173:T,/root/mariadb/sql/field.h,4960,4960,0,0,mariadb_target_000094;mariadb_target_001234
mariadb_aflgo_r1,mariadb,1,root/mariadb/sql/field.h:4960:4960:7:173:F,/root/mariadb/sql/field.h,4960,4960,2,1,mariadb_target_000094;mariadb_target_001234
mariadb_aflgo_r1,mariadb,1,root/mariadb/sql/field.h:4968:4968:7:174:T,/root/mariadb/sql/field.h,4968,4968,7,1,mariadb_target_000094;mariadb_target_001234;mariadb_target_001235
mariadb_aflgo_r1,mariadb,1,root/mariadb/sql/field.h:4968:4968:7:174:F,/root/mariadb/sql/field.h,4968,4968,9,1,mariadb_target_000094;mariadb_target_001234;mariadb_target_001235
mariadb_aflgo_r1,mariadb,1,root/mariadb/sql/filesort.cc:1474:1474:8:277:T,/root/mariadb/sql/filesort.cc,1474,1474,380,1,mariadb_target_001239
mariadb_aflgo_r1,mariadb,1,root/mariadb/sql/filesort.cc:1474:1474:8:277:F,/root/mariadb/sql/filesort.cc,1474,1474,399,1,mariadb_target_001239
mariadb_aflgo_r1,mariadb,1,root/mariadb/sql/filesort.cc:1478:1478:8:278:T,/root/mariadb/sql/filesort.cc,1478,1478,9,1,mariadb_target_001239
mariadb_aflgo_r1,mariadb,1,root/mariadb/sql/filesort.cc:1478:1478:8:278:F,/root/mariadb/sql/filesort.cc,1478,1478,770,1,mariadb_target_001239
mariadb_aflgo_r1,mariadb,1,root/mariadb/sql/filesort.cc:1494:1494:8:279:T,/root/mariadb/sql/filesort.cc,1494,1494,27,1,mariadb_target_001239;mariadb_target_001240
mariadb_aflgo_r1,mariadb,1,root/mariadb/sql/filesort.cc:1494:1494:8:279:F,/root/mariadb/sql/filesort.cc,1494,1494,9,1,mariadb_target_001239;mariadb_target_001240
mariadb_aflgo_r1,mariadb,1,root/mariadb/sql/filesort.cc:1497:1497:8:280:T,/root/mariadb/sql/filesort.cc,1497,1497,27,1,mariadb_target_001239;mariadb_target_001240
mariadb_aflgo_r1,mariadb,1,root/mariadb/sql/filesort.cc:1497:1497:8:280:F,/root/mariadb/sql/filesort.cc,1497,1497,0,0,mariadb_target_001239;mariadb_target_001240
mariadb_aflgo_r1,mariadb,1,root/mariadb/sql/filesort.cc:1497:1497:8:281:T,/root/mariadb/sql/filesort.cc,1497,1497,0,0,mariadb_target_001239;mariadb_target_001240
mariadb_aflgo_r1,mariadb,1,root/mariadb/sql/filesort.cc:1497:1497:8:281:F,/root/mariadb/sql/filesort.cc,1497,1497,27,1,mariadb_target_001239;mariadb_target_001240
mariadb_aflgo_r1,mariadb,1,root/mariadb/sql/filesort.cc:1500:1500:8:282:T,/root/mariadb/sql/filesort.cc,1500,1500,0,0,mariadb_target_001239;mariadb_target_001240
mariadb_aflgo_r1,mariadb,1,root/mariadb/sql/filesort.cc:1500:1500:8:282:F,/root/mariadb/sql/filesort.cc,1500,1500,0,0,mariadb_target_001239;mariadb_target_001240
mariadb_aflgo_r1,mariadb,1,root/mariadb/sql/filesort.cc:1509:1509:8:283:T,/root/mariadb/sql/filesort.cc,1509,1509,27,1,mariadb_target_001239;mariadb_target_001240
mariadb_aflgo_r1,mariadb,1,root/mariadb/sql/filesort.cc:1509:1509:8:283:F,/root/mariadb/sql/filesort.cc,1509,1509,0,0,mariadb_target_001239;mariadb_target_001240
mariadb_aflgo_r1,mariadb,1,root/mariadb/sql/filesort.cc:1513:1513:8:284:T,/root/mariadb/sql/filesort.cc,1513,1513,0,0,mariadb_target_001239;mariadb_target_001240
mariadb_aflgo_r1,mariadb,1,root/mariadb/sql/filesort.cc:1513:1513:8:284:F,/root/mariadb/sql/filesort.cc,1513,1513,0,0,mariadb_target_001239;mariadb_target_001240
mariadb_aflgo_r1,mariadb,1,root/mariadb/sql/filesort.cc:1519:1519:8:285:T,/root/mariadb/sql/filesort.cc,1519,1519,9,1,mariadb_target_001239;mariadb_target_001240
mariadb_aflgo_r1,mariadb,1,root/mariadb/sql/filesort.cc:1519:1519:8:285:F,/root/mariadb/sql/filesort.cc,1519,1519,0,0,mariadb_target_001239;mariadb_target_001240
mariadb_aflgo_r1,mariadb,1,root/mariadb/sql/group_by_handler.cc:49:49:9:0:T,/root/mariadb/sql/group_by_handler.cc,49,49,0,0,mariadb_target_001242
mariadb_aflgo_r1,mariadb,1,root/mariadb/sql/group_by_handler.cc:49:49:9:0:F,/root/mariadb/sql/group_by_handler.cc,49,49,0,0,mariadb_target_001242
mariadb_aflgo_r1,mariadb,1,root/mariadb/sql/item.cc:203:203:11:10:T,/root/mariadb/sql/item.cc,203,203,0,0,mariadb_target_000163;mariadb_target_001361;mariadb_target_001363
mariadb_aflgo_r1,mariadb,1,root/mariadb/sql/item.cc:203:203:11:10:F,/root/mariadb/sql/item.cc,203,203,0,0,mariadb_target_000163;mariadb_target_001361;mariadb_target_001363
mariadb_aflgo_r1,mariadb,1,root/mariadb/sql/item.cc:206:206:11:11:T,/root/mariadb/sql/item.cc,206,206,0,0,mariadb_target_001363;mariadb_target_001367
mariadb_aflgo_r1,mariadb,1,root/mariadb/sql/item.cc:206:206:11:11:F,/root/mariadb/sql/item.cc,206,206,0,0,mariadb_target_001363;mariadb_target_001367
mariadb_aflgo_r1,mariadb,1,root/mariadb/sql/item.cc:210:211:11:12:T,/root/mariadb/sql/item.cc,210,211,0,0,mariadb_target_001363;mariadb_target_001367
mariadb_aflgo_r1,mariadb,1,root/mariadb/sql/item.cc:210:211:11:12:F,/root/mariadb/sql/item.cc,210,211,0,0,mariadb_target_001363;mariadb_target_001367
mariadb_aflgo_r1,mariadb,1,root/mariadb/sql/item.cc:576:576:11:49:T,/root/mariadb/sql/item.cc,576,576,0,0,mariadb_target_000238;mariadb_target_001479
mariadb_aflgo_r1,mariadb,1,root/mariadb/sql/item.cc:576:576:11:49:F,/root/mariadb/sql/item.cc,576,576,81747,1,mariadb_target_000238;mariadb_target_001479
mariadb_aflgo_r1,mariadb,1,root/mariadb/sql/item.cc:842:842:11:62:T,/root/mariadb/sql/item.cc,842,842,0,0,mariadb_target_000265;mariadb_target_001542
mariadb_aflgo_r1,mariadb,1,root/mariadb/sql/item.cc:842:842:11:62:F,/root/mariadb/sql/item.cc,842,842,0,0,mariadb_target_000265;mariadb_target_001542
mariadb_aflgo_r1,mariadb,1,root/mariadb/sql/item.cc:844:844:11:63:T,/root/mariadb/sql/item.cc,844,844,0,0,mariadb_target_000265;mariadb_target_001542
mariadb_aflgo_r1,mariadb,1,root/mariadb/sql/item.cc:844:844:11:63:F,/root/mariadb/sql/item.cc,844,844,0,0,mariadb_target_000265;mariadb_target_001542
mariadb_aflgo_r1,mariadb,1,root/mariadb/sql/item.cc:881:881:11:71:T,/root/mariadb/sql/item.cc,881,881,0,0,mariadb_target_000268;mariadb_target_001546;mariadb_target_001547
mariadb_aflgo_r1,mariadb,1,root/mariadb/sql/item.cc:881:881:11:71:F,/root/mariadb/sql/item.cc,881,881,0,0,mariadb_target_000268;mariadb_target_001546;mariadb_target_001547
mariadb_aflgo_r1,mariadb,1,root/mariadb/sql/item.cc:883:883:11:72:T,/root/mariadb/sql/item.cc,883,883,0,0,mariadb_target_000268;mariadb_target_001546;mariadb_target_001547
mariadb_aflgo_r1,mariadb,1,root/mariadb/sql/item.cc:883:883:11:72:F,/root/mariadb/sql/item.cc,883,883,0,0,mariadb_target_000268;mariadb_target_001546;mariadb_target_001547
mariadb_aflgo_r1,mariadb,1,root/mariadb/sql/item.cc:902:902:11:73:T,/root/mariadb/sql/item.cc,902,902,550,1,mariadb_target_000270;mariadb_target_001549;mariadb_target_001554
mariadb_aflgo_r1,mariadb,1,root/mariadb/sql/item.cc:902:902:11:73:F,/root/mariadb/sql/item.cc,902,902,41,1,mariadb_target_000270;mariadb_target_001549;mariadb_target_001554
mariadb_aflgo_r1,mariadb,1,root/mariadb/sql/item.cc:902:902:11:74:T,/root/mariadb/sql/item.cc,902,902,0,0,mariadb_target_000270;mariadb_target_001549;mariadb_target_001554
mariadb_aflgo_r1,mariadb,1,root/mariadb/sql/item.cc:902:902:11:74:F,/root/mariadb/sql/item.cc,902,902,550,1,mariadb_target_000270;mariadb_target_001549;mariadb_target_001554
mariadb_aflgo_r1,mariadb,1,root/mariadb/sql/item.cc:905:905:11:75:T,/root/mariadb/sql/item.cc,905,905,0,0,mariadb_target_000270;mariadb_target_001549;mariadb_target_001554;mariadb_target_001560;mariadb_target_001561
mariadb_aflgo_r1,mariadb,1,root/mariadb/sql/item.cc:905:905:11:75:F,/root/mariadb/sql/item.cc,905,905,591,1,mariadb_target_000270;mariadb_target_001549;mariadb_target_001554;mariadb_target_001560;mariadb_target_001561
mariadb_aflgo_r1,mariadb,1,root/mariadb/sql/item.cc:906:906:11:76:T,/root/mariadb/sql/item.cc,906,906,0,0,mariadb_target_000270;mariadb_target_001549;mariadb_target_001554;mariadb_target_001560;mariadb_target_001561;mariadb_target_001562
mariadb_aflgo_r1,mariadb,1,root/mariadb/sql/item.cc:906:906:11:76:F,/root/mariadb/sql/item.cc,906,906,0,0,mariadb_target_000270;mariadb_target_001549;mariadb_target_001554;mariadb_target_001560;mariadb_target_001561;mariadb_target_001562
mariadb_aflgo_r1,mariadb,1,root/mariadb/sql/item.cc:1771:1771:11:169:T,/root/mariadb/sql/item.cc,1771,1771,0,0,mariadb_target_000158;mariadb_target_001354;mariadb_target_001355
mariadb_aflgo_r1,mariadb,1,root/mariadb/sql/item.cc:1771:1771:11:169:F,/root/mariadb/sql/item.cc,1771,1771,0,0,mariadb_target_000158;mariadb_target_001354;mariadb_target_001355
mariadb_aflgo_r1,mariadb,1,root/mariadb/sql/item.cc:1790:1790:11:170:T,/root/mariadb/sql/item.cc,1790,1790,0,0,mariadb_target_001355
mariadb_aflgo_r1,mariadb,1,root/mariadb/sql/item.cc:1790:1790:11:170:F,/root/mariadb/sql/item.cc,1790,1790,0,0,mariadb_target_001355
mariadb_aflgo_r1,mariadb,1,root/mariadb/sql/item.cc:1835:1835:11:171:T,/root/mariadb/sql/item.cc,1835,1835,0,0,mariadb_target_000160;mariadb_target_001358
mariadb_aflgo_r1,mariadb,1,root/mariadb/sql/item.cc:1835:1835:11:171:F,/root/mariadb/sql/item.cc,1835,1835,0,0,mariadb_target_000160;mariadb_target_001358
mariadb_aflgo_r1,mariadb,1,root/mariadb/sql/item.cc:1913:1913:11:172:T,/root/mariadb/sql/item.cc,1913,1913,0,0,mariadb_target_000162;mariadb_target_001360
mariadb_aflgo_r1,mariadb,1,root/mariadb/sql/item.cc:1913:1913:11:172:F,/root/mariadb/sql/item.cc,1913,1913,0,0,mariadb_target_000162;mariadb_target_001360
mariadb_aflgo_r1,mariadb,1,root/mariadb/sql/item.cc:2081:2083:11:177:T,/root/mariadb/sql/item.cc,2081,2083,0,0,mariadb_target_000166;mariadb_target_001365
mariadb_aflgo_r1,mariadb,1,root/mariadb/sql/item.cc:2081:2083:11:177:F,/root/mariadb/sql/item.cc,2081,2083,0,0,mariadb_target_000166;mariadb_target_001365
mariadb_aflgo_r1,mariadb,1,root/mariadb/sql/item.cc:2095:2096:11:178:T,/root/mariadb/sql/item.cc,2095,2096,0,0,mariadb_target_000167;mariadb_target_001366
mariadb_aflgo_r1,mariadb,1,root/mariadb/sql/item.cc:2095:2096:11:178:F,/root/mariadb/sql/item.cc,2095,2096,0,0,mariadb_target_000167;mariadb_target_001366
mariadb_aflgo_r1,mariadb,1,root/mariadb/sql/item.cc:2167:2167:11:179:T,/root/mariadb/sql/item.cc,2167,2167,0,0,mariadb_target_000169;mariadb_target_001369
mariadb_aflgo_r1,mariadb,1,root/mariadb/sql/item.cc:2167:2167:11:179:F,/root/mariadb/sql/item.cc,2167,2167,0,0,mariadb_target_000169;mariadb_target_001369
mariadb_aflgo_r1,mariadb,1,root/mariadb/sql/item.cc:2277:2277:11:183:T,/root/mariadb/sql/item.cc,2277,2277,0,0,mariadb_target_000175;mariadb_target_001379
mariadb_aflgo_r1,mariadb,1,root/mariadb/sql/item.cc:2277:2277:11:183:F,/root/mariadb/sql/item.cc,2277,2277,0,0,mariadb_target_000175;mariadb_target_001379
mariadb_aflgo_r1,mariadb,1,root/mariadb/sql/item.cc:2278:2278:11:184:T,/root/mariadb/sql/item.cc,2278,2278,0,0,mariadb_target_000175;mariadb_target_001379
mariadb_aflgo_r1,mariadb,1,root/mariadb/sql/item.cc:2278:2278:11:184:F,/root/mariadb/sql/item.cc,2278,2278,0,0,mariadb_target_000175;mariadb_target_001379
mariadb_aflgo_r1,mariadb,1,root/mariadb/sql/item.cc:2279:2279:11:185:T,/root/mariadb/sql/item.cc,2279,2279,0,0,mariadb_target_000175;mariadb_target_001379
mariadb_aflgo_r1,mariadb,1,root/mariadb/sql/item.cc:2279:2279:11:185:F,/root/mariadb/sql/item.cc,2279,2279,0,0,mariadb_target_000175;mariadb_target_001379
mariadb_aflgo_r1,mariadb,1,root/mariadb/sql/item.cc:2280:2280:11:186:T,/root/mariadb/sql/item.cc,2280,2280,0,0,mariadb_target_000175;mariadb_target_001379
mariadb_aflgo_r1,mariadb,1,root/mariadb/sql/item.cc:2280:2280:11:186:F,/root/mariadb/sql/item.cc,2280,2280,0,0,mariadb_target_000175;mariadb_target_001379
mariadb_aflgo_r1,mariadb,1,root/mariadb/sql/item.cc:2933:2933:11:268:T,/root/mariadb/sql/item.cc,2933,2933,36,1,mariadb_target_000178;mariadb_target_001383
mariadb_aflgo_r1,mariadb,1,root/mariadb/sql/item.cc:2933:2933:11:268:F,/root/mariadb/sql/item.cc,2933,2933,32,1,mariadb_target_000178;mariadb_target_001383
mariadb_aflgo_r1,mariadb,1,root/mariadb/sql/item.cc:2937:2937:11:269:T,/root/mariadb/sql/item.cc,2937,2937,36,1,mariadb_target_000178;mariadb_target_001383
mariadb_aflgo_r1,mariadb,1,root/mariadb/sql/item.cc:2937:2937:11:269:F,/root/mariadb/sql/item.cc,2937,2937,32,1,mariadb_target_000178;mariadb_target_001383
mariadb_aflgo_r1,mariadb,1,root/mariadb/sql/item.cc:3013:3013:11:272:T,/root/mariadb/sql/item.cc,3013,3013,0,0,mariadb_target_000180;mariadb_target_001385
mariadb_aflgo_r1,mariadb,1,root/mariadb/sql/item.cc:3013:3013:11:272:F,/root/mariadb/sql/item.cc,3013,3013,0,0,mariadb_target_000180;mariadb_target_001385
mariadb_aflgo_r1,mariadb,1,root/mariadb/sql/item.cc:3483:3483:11:309:T,/root/mariadb/sql/item.cc,3483,3483,3513,1,mariadb_target_000182;mariadb_target_001387
mariadb_aflgo_r1,mariadb,1,root/mariadb/sql/item.cc:3483:3483:11:309:F,/root/mariadb/sql/item.cc,3483,3483,2,1,mariadb_target_000182;mariadb_target_001387
mariadb_aflgo_r1,mariadb,1,root/mariadb/sql/item.cc:3483:3483:11:310:T,/root/mariadb/sql/item.cc,3483,3483,3505,1,mariadb_target_000182;mariadb_target_001387
mariadb_aflgo_r1,mariadb,1,root/mariadb/sql/item.cc:3483:3483:11:310:F,/root/mariadb/sql/item.cc,3483,3483,8,1,mariadb_target_000182;mariadb_target_001387
mariadb_aflgo_r1,mariadb,1,root/mariadb/sql/item.cc:3484:3484:11:311:T,/root/mariadb/sql/item.cc,3484,3484,3505,1,mariadb_target_000182;mariadb_target_001387
mariadb_aflgo_r1,mariadb,1,root/mariadb/sql/item.cc:3484:3484:11:311:F,/root/mariadb/sql/item.cc,3484,3484,10,1,mariadb_target_000182;mariadb_target_001387
mariadb_aflgo_r1,mariadb,1,root/mariadb/sql/item.cc:3484:3484:11:312:T,/root/mariadb/sql/item.cc,3484,3484,3505,1,mariadb_target_000182;mariadb_target_001387
mariadb_aflgo_r1,mariadb,1,root/mariadb/sql/item.cc:3484:3484:11:312:F,/root/mariadb/sql/item.cc,3484,3484,0,0,mariadb_target_000182;mariadb_target_001387
mariadb_aflgo_r1,mariadb,1,root/mariadb/sql/item.cc:3484:3484:11:313:T,/root/mariadb/sql/item.cc,3484,3484,3053,1,mariadb_target_000182;mariadb_target_001387
mariadb_aflgo_r1,mariadb,1,root/mariadb/sql/item.cc:3484:3484:11:313:F,/root/mariadb/sql/item.cc,3484,3484,452,1,mariadb_target_000182;mariadb_target_001387
mariadb_aflgo_r1,mariadb,1,root/mariadb/sql/item.cc:3485:3485:11:314:T,/root/mariadb/sql/item.cc,3485,3485,2109,1,mariadb_target_000182;mariadb_target_001387
mariadb_aflgo_r1,mariadb,1,root/mariadb/sql/item.cc:3485:3485:11:314:F,/root/mariadb/sql/item.cc,3485,3485,944,1,mariadb_target_000182;mariadb_target_001387
mariadb_aflgo_r1,mariadb,1,root/mariadb/sql/item.cc:3487:3487:11:315:T,/root/mariadb/sql/item.cc,3487,3487,2109,1,mariadb_target_000182;mariadb_target_001387
mariadb_aflgo_r1,mariadb,1,root/mariadb/sql/item.cc:3487:3487:11:315:F,/root/mariadb/sql/item.cc,3487,3487,1406,1,mariadb_target_000182;mariadb_target_001387
mariadb_aflgo_r1,mariadb,1,root/mariadb/sql/item.cc:3487:3487:11:316:T,/root/mariadb/sql/item.cc,3487,3487,3,1,mariadb_target_000182;mariadb_target_001387
mariadb_aflgo_r1,mariadb,1,root/mariadb/sql/item.cc:3487:3487:11:316:F,/root/mariadb/sql/item.cc,3487,3487,2106,1,mariadb_target_000182;mariadb_target_001387
mariadb_aflgo_r1,mariadb,1,root/mariadb/sql/item.cc:3488:3488:11:317:T,/root/mariadb/sql/item.cc,3488,3488,0,0,mariadb_target_000182;mariadb_target_001387
mariadb_aflgo_r1,mariadb,1,root/mariadb/sql/item.cc:3488:3488:11:317:F,/root/mariadb/sql/item.cc,3488,3488,3,1,mariadb_target_000182;mariadb_target_001387
mariadb_aflgo_r1,mariadb,1,root/mariadb/sql/item.cc:3488:3488:11:318:T,/root/mariadb/sql/item.cc,3488,3488,0,0,mariadb_target_000182;mariadb_target_001387
mariadb_aflgo_r1,mariadb,1,root/mariadb/sql/item.cc:3488:3488:11:318:F,/root/mariadb/sql/item.cc,3488,3488,3,1,mariadb_target_000182;mariadb_target_001387
mariadb_aflgo_r1,mariadb,1,root/mariadb/sql/item.cc:3549:3549:11:339:T,/root/mariadb/sql/item.cc,3549,3549,56,1,mariadb_target_000183;mariadb_target_001388
mariadb_aflgo_r1,mariadb,1,root/mariadb/sql/item.cc:3549:3549:11:339:F,/root/mariadb/sql/item.cc,3549,3549,3409,1,mariadb_target_000183;mariadb_target_001388
mariadb_aflgo_r1,mariadb,1,root/mariadb/sql/item.cc:3559:3559:11:340:T,/root/mariadb/sql/item.cc,3559,3559,0,0,mariadb_target_000184;mariadb_target_001390
mariadb_aflgo_r1,mariadb,1,root/mariadb/sql/item.cc:3559:3559:11:340:F,/root/mariadb/sql/item.cc,3559,3559,6,1,mariadb_target_000184;mariadb_target_001390
mariadb_aflgo_r1,mariadb,1,root/mariadb/sql/item.cc:3569:3569:11:341:T,/root/mariadb/sql/item.cc,3569,3569,0,0,mariadb_target_000185;mariadb_target_001392;mariadb_target_001393
mariadb_aflgo_r1,mariadb,1,root/mariadb/sql/item.cc:3569:3569:11:341:F,/root/mariadb/sql/item.cc,3569,3569,927,1,mariadb_target_000185;mariadb_target_001392;mariadb_target_001393
mariadb_aflgo_r1,mariadb,1,root/mariadb/sql/item.cc:3578:3578:11:342:T,/root/mariadb/sql/item.cc,3578,3578,0,0,mariadb_target_000186;mariadb_target_001394
mariadb_aflgo_r1,mariadb,1,root/mariadb/sql/item.cc:3578:3578:11:342:F,/root/mariadb/sql/item.cc,3578,3578,0,0,mariadb_target_000186;mariadb_target_001394
mariadb_aflgo_r1,mariadb,1,root/mariadb/sql/item.cc:3594:3594:11:343:T,/root/mariadb/sql/item.cc,3594,3594,0,0,mariadb_target_000187;mariadb_target_001396;mariadb_target_001397;mariadb_target_001398
mariadb_aflgo_r1,mariadb,1,root/mariadb/sql/item.cc:3594:3594:11:343:F,/root/mariadb/sql/item.cc,3594,3594,1335,1,mariadb_target_000187;mariadb_target_001396;mariadb_target_001397;mariadb_target_001398
mariadb_aflgo_r1,mariadb,1,root/mariadb/sql/item.cc:3602:3602:11:344:T,/root/mariadb/sql/item.cc,3602,3602,0,0,mariadb_target_001397;mariadb_target_001398
mariadb_aflgo_r1,mariadb,1,root/mariadb/sql/item.cc:3602:3602:11:344:F,/root/mariadb/sql/item.cc,3602,3602,1,1,mariadb_target_001397;mariadb_target_001398
mariadb_aflgo_r1,mariadb,1,root/mariadb/sql/item.cc:3645:3645:11:349:T,/root/mariadb/sql/item.cc,3645,3645,0,0,mariadb_target_000189;mariadb_target_001401
mariadb_aflgo_r1,mariadb,1,root/mariadb/sql/item.cc:3645:3645:11:349:F,/root/mariadb/sql/item.cc,3645,3645,0,0,mariadb_target_000189;mariadb_target_001401
mariadb_aflgo_r1,mariadb,1,root/mariadb/sql/item.cc:3654:3654:11:350:T,/root/mariadb/sql/item.cc,3654,3654,0,0,mariadb_target_000190;mariadb_target_001403
mariadb_aflgo_r1,mariadb,1,root/mariadb/sql/item.cc:3654:3654:11:350:F,/root/mariadb/sql/item.cc,3654,3654,0,0,mariadb_target_000190;mariadb_target_001403
mariadb_aflgo_r1,mariadb,1,root/mariadb/sql/item.cc:3668:3668:11:351:T,/root/mariadb/sql/item.cc,3668,3668,0,0,mariadb_target_000191;mariadb_target_001405;mariadb_target_001406;mariadb_target_001407
mariadb_aflgo_r1,mariadb,1,root/mariadb/sql/item.cc:3668:3668:11:351:F,/root/mariadb/sql/item.cc,3668,3668,0,0,mariadb_target_000191;mariadb_target_001405;mariadb_target_001406;mariadb_target_001407
mariadb_aflgo_r1,mariadb,1,root/mariadb/sql/item.cc:3675:3675:11:352:T,/root/mariadb/sql/item.cc,3675,3675,0,0,mariadb_target_000192;mariadb_target_001406;mariadb_target_001407;mariadb_target_001408;mariadb_target_001409;mariadb_target_001410
mariadb_aflgo_r1,mariadb,1,root/mariadb/sql/item.cc:3675:3675:11:352:F,/root/mariadb/sql/item.cc,3675,3675,64,1,mariadb_target_000192;mariadb_target_001406;mariadb_target_001407;mariadb_target_001408;mariadb_target_001409;mariadb_target_001410
mariadb_aflgo_r1,mariadb,1,root/mariadb/sql/item.cc:3683:3683:11:353:T,/root/mariadb/sql/item.cc,3683,3683,0,0,mariadb_target_001409;mariadb_target_001410
mariadb_aflgo_r1,mariadb,1,root/mariadb/sql/item.cc:3683:3683:11:353:F,/root/mariadb/sql/item.cc,3683,3683,30,1,mariadb_target_001409;mariadb_target_001410
mariadb_aflgo_r1,mariadb,1,root/mariadb/sql/item.cc:3691:3691:11:354:T,/root/mariadb/sql/item.cc,3691,3691,0,0,mariadb_target_000193;mariadb_target_001411;mariadb_target_001412;mariadb_target_001413
mariadb_aflgo_r1,mariadb,1,root/mariadb/sql/item.cc:3691:3691:11:354:F,/root/mariadb/sql/item.cc,3691,3691,0,0,mariadb_target_000193;mariadb_target_001411;mariadb_target_001412;mariadb_target_001413
mariadb_aflgo_r1,mariadb,1,root/mariadb/sql/item.cc:3733:3733:11:367:T,/root/mariadb/sql/item.cc,3733,3733,4,1,mariadb_target_000194;mariadb_target_001414;mariadb_target_001415;mariadb_target_001416
mariadb_aflgo_r1,mariadb,1,root/mariadb/sql/item.cc:3733:3733:11:367:F,/root/mariadb/sql/item.cc,3733,3733,63418,1,mariadb_target_000194;mariadb_target_001414;mariadb_target_001415;mariadb_target_001416
mariadb_aflgo_r1,mariadb,1,root/mariadb/sql/item.cc:3735:3735:11:368:T,/root/mariadb/sql/item.cc,3735,3735,0,0,mariadb_target_000194;mariadb_target_001414;mariadb_target_001415;mariadb_target_001416
mariadb_aflgo_r1,mariadb,1,root/mariadb/sql/item.cc:3735:3735:11:368:F,/root/mariadb/sql/item.cc,3735,3735,63418,1,mariadb_target_000194;mariadb_target_001414;mariadb_target_001415;mariadb_target_001416
mariadb_aflgo_r1,mariadb,1,root/mariadb/sql/item.cc:3740:3740:11:369:T,/root/mariadb/sql/item.cc,3740,3740,0,0,mariadb_target_001415;mariadb_target_001416
mariadb_aflgo_r1,mariadb,1,root/mariadb/sql/item.cc:3740:3740:11:369:F,/root/mariadb/sql/item.cc,3740,3740,700,1,mariadb_target_001415;mariadb_target_001416
mariadb_aflgo_r1,mariadb,1,root/mariadb/sql/item.cc:3746:3746:11:370:T,/root/mariadb/sql/item.cc,3746,3746,0,0,mariadb_target_000195;mariadb_target_001417;mariadb_target_001418;mariadb_target_001419
mariadb_aflgo_r1,mariadb,1,root/mariadb/sql/item.cc:3746:3746:11:370:F,/root/mariadb/sql/item.cc,3746,3746,0,0,mariadb_target_000195;mariadb_target_001417;mariadb_target_001418;mariadb_target_001419
mariadb_aflgo_r1,mariadb,1,root/mariadb/sql/item.cc:3748:3748:11:371:T,/root/mariadb/sql/item.cc,3748,3748,0,0,mariadb_target_000195;mariadb_target_001417;mariadb_target_001418;mariadb_target_001419;mariadb_target_001420
mariadb_aflgo_r1,mariadb,1,root/mariadb/sql/item.cc:3748:3748:11:371:F,/root/mariadb/sql/item.cc,3748,3748,0,0,mariadb_target_000195;mariadb_target_001417;mariadb_target_001418;mariadb_target_001419;mariadb_target_001420
mariadb_aflgo_r1,mariadb,1,root/mariadb/sql/item.cc:3748:3748:11:372:T,/root/mariadb/sql/item.cc,3748,3748,0,0,mariadb_target_000195;mariadb_target_001417;mariadb_target_001418;mariadb_target_001419;mariadb_target_001420
mariadb_aflgo_r1,mariadb,1,root/mariadb/sql/item.cc:3748:3748:11:372:F,/root/mariadb/sql/item.cc,3748,3748,0,0,mariadb_target_000195;mariadb_target_001417;mariadb_target_001418;mariadb_target_001419;mariadb_target_001420
mariadb_aflgo_r1,mariadb,1,root/mariadb/sql/item.cc:4109:4109:11:396:T,/root/mariadb/sql/item.cc,4109,4109,493,1,mariadb_target_000202;mariadb_target_001428
mariadb_aflgo_r1,mariadb,1,root/mariadb/sql/item.cc:4109:4109:11:396:F,/root/mariadb/sql/item.cc,4109,4109,487,1,mariadb_target_000202;mariadb_target_001428
mariadb_aflgo_r1,mariadb,1,root/mariadb/sql/item.cc:4109:4109:11:397:T,/root/mariadb/sql/item.cc,4109,4109,0,0,mariadb_target_000202;mariadb_target_001428
mariadb_aflgo_r1,mariadb,1,root/mariadb/sql/item.cc:4109:4109:11:397:F,/root/mariadb/sql/item.cc,4109,4109,493,1,mariadb_target_000202;mariadb_target_001428
mariadb_aflgo_r1,mariadb,1,root/mariadb/sql/item.cc:4110:4110:11:398:T,/root/mariadb/sql/item.cc,4110,4110,0,0,mariadb_target_000202;mariadb_target_001428
mariadb_aflgo_r1,mariadb,1,root/mariadb/sql/item.cc:4110:4110:11:398:F,/root/mariadb/sql/item.cc,4110,4110,980,1,mariadb_target_000202;mariadb_target_001428
mariadb_aflgo_r1,mariadb,1,root/mariadb/sql/item.cc:4746:4746:11:416:T,/root/mariadb/sql/item.cc,4746,4746,0,0,mariadb_target_001445
mariadb_aflgo_r1,mariadb,1,root/mariadb/sql/item.cc:4746:4746:11:416:F,/root/mariadb/sql/item.cc,4746,4746,0,0,mariadb_target_001445
mariadb_aflgo_r1,mariadb,1,root/mariadb/sql/item.cc:4747:4747:11:417:T,/root/mariadb/sql/item.cc,4747,4747,0,0,mariadb_target_001445
mariadb_aflgo_r1,mariadb,1,root/mariadb/sql/item.cc:4747:4747:11:417:F,/root/mariadb/sql/item.cc,4747,4747,0,0,mariadb_target_001445
mariadb_aflgo_r1,mariadb,1,root/mariadb/sql/item.cc:4749:4749:11:418:T,/root/mariadb/sql/item.cc,4749,4749,0,0,mariadb_target_000214;mariadb_target_001445;mariadb_target_001447
mariadb_aflgo_r1,mariadb,1,root/mariadb/sql/item.cc:4749:4749:11:418:F,/root/mariadb/sql/item.cc,4749,4749,0,0,mariadb_target_000214;mariadb_target_001445;mariadb_target_001447
mariadb_aflgo_r1,mariadb,1,root/mariadb/sql/item.cc:4751:4751:11:419:T,/root/mariadb/sql/item.cc,4751,4751,0,0,mariadb_target_000214;mariadb_target_001445;mariadb_target_001447
mariadb_aflgo_r1,mariadb,1,root/mariadb/sql/item.cc:4751:4751:11:419:F,/root/mariadb/sql/item.cc,4751,4751,0,0,mariadb_target_000214;mariadb_target_001445;mariadb_target_001447
mariadb_aflgo_r1,mariadb,1,root/mariadb/sql/item.cc:4752:4752:11:420:T,/root/mariadb/sql/item.cc,4752,4752,0,0,mariadb_target_000213;mariadb_target_000214;mariadb_target_001445;mariadb_target_001446;mariadb_target_001447
mariadb_aflgo_r1,mariadb,1,root/mariadb/sql/item.cc:4752:4752:11:420:F,/root/mariadb/sql/item.cc,4752,4752,0,0,mariadb_target_000213;mariadb_target_000214;mariadb_target_001445;mariadb_target_001446;mariadb_target_001447
mariadb_aflgo_r1,mariadb,1,root/mariadb/sql/item.cc:4757:4757:11:421:T,/root/mariadb/sql/item.cc,4757,4757,0,0,mariadb_target_000213;mariadb_target_000214;mariadb_target_001446;mariadb_target_001447
mariadb_aflgo_r1,mariadb,1,root/mariadb/sql/item.cc:4757:4757:11:421:F,/root/mariadb/sql/item.cc,4757,4757,0,0,mariadb_target_000213;mariadb_target_000214;mariadb_target_001446;mariadb_target_001447
mariadb_aflgo_r1,mariadb,1,root/mariadb/sql/item.cc:4758:4758:11:422:T,/root/mariadb/sql/item.cc,4758,4758,0,0,mariadb_target_000213;mariadb_target_000214;mariadb_target_000215;mariadb_target_001446;mariadb_target_001447;mariadb_target_001448
mariadb_aflgo_r1,mariadb,1,root/mariadb/sql/item.cc:4758:4758:11:422:F,/root/mariadb/sql/item.cc,4758,4758,0,0,mariadb_target_000213;mariadb_target_000214;mariadb_target_000215;mariadb_target_001446;mariadb_target_001447;mariadb_target_001448
mariadb_aflgo_r1,mariadb,1,root/mariadb/sql/item.cc:4762:4762:11:423:T,/root/mariadb/sql/item.cc,4762,4762,0,0,mariadb_target_000213;mariadb_target_000214;mariadb_target_000215;mariadb_target_001446;mariadb_target_001447;mariadb_target_001448
mariadb_aflgo_r1,mariadb,1,root/mariadb/sql/item.cc:4762:4762:11:423:F,/root/mariadb/sql/item.cc,4762,4762,0,0,mariadb_target_000213;mariadb_target_000214;mariadb_target_000215;mariadb_target_001446;mariadb_target_001447;mariadb_target_001448
mariadb_aflgo_r1,mariadb,1,root/mariadb/sql/item.cc:4765:4765:11:424:T,/root/mariadb/sql/item.cc,4765,4765,0,0,mariadb_target_000214;mariadb_target_000215;mariadb_target_001447;mariadb_target_001448
mariadb_aflgo_r1,mariadb,1,root/mariadb/sql/item.cc:4765:4765:11:424:F,/root/mariadb/sql/item.cc,4765,4765,0,0,mariadb_target_000214;mariadb_target_000215;mariadb_target_001447;mariadb_target_001448
mariadb_aflgo_r1,mariadb,1,root/mariadb/sql/item.cc:4768:4768:11:425:T,/root/mariadb/sql/item.cc,4768,4768,0,0,mariadb_target_000214;mariadb_target_000215;mariadb_target_001447;mariadb_target_001448
mariadb_aflgo_r1,mariadb,1,root/mariadb/sql/item.cc:4768:4768:11:425:F,/root/mariadb/sql/item.cc,4768,4768,0,0,mariadb_target_000214;mariadb_target_000215;mariadb_target_001447;mariadb_target_001448
mariadb_aflgo_r1,mariadb,1,root/mariadb/sql/item.cc:4778:4778:11:426:T,/root/mariadb/sql/item.cc,4778,4778,0,0,mariadb_target_000214;mariadb_target_000216;mariadb_target_000217;mariadb_target_001447;mariadb_target_001449;mariadb_target_001450
mariadb_aflgo_r1,mariadb,1,root/mariadb/sql/item.cc:4778:4778:11:426:F,/root/mariadb/sql/item.cc,4778,4778,0,0,mariadb_target_000214;mariadb_target_000216;mariadb_target_000217;mariadb_target_001447;mariadb_target_001449;mariadb_target_001450
mariadb_aflgo_r1,mariadb,1,root/mariadb/sql/item.cc:4869:4869:11:450:T,/root/mariadb/sql/item.cc,4869,4869,0,0,mariadb_target_000218;mariadb_target_001451
mariadb_aflgo_r1,mariadb,1,root/mariadb/sql/item.cc:4869:4869:11:450:F,/root/mariadb/sql/item.cc,4869,4869,0,0,mariadb_target_000218;mariadb_target_001451
mariadb_aflgo_r1,mariadb,1,root/mariadb/sql/item.cc:4870:4870:11:451:T,/root/mariadb/sql/item.cc,4870,4870,0,0,mariadb_target_000218;mariadb_target_001451
mariadb_aflgo_r1,mariadb,1,root/mariadb/sql/item.cc:4870:4870:11:451:F,/root/mariadb/sql/item.cc,4870,4870,0,0,mariadb_target_000218;mariadb_target_001451
mariadb_aflgo_r1,mariadb,1,root/mariadb/sql/item.cc:4872:4872:11:452:T,/root/mariadb/sql/item.cc,4872,4872,0,0,mariadb_target_000218;mariadb_target_001451
mariadb_aflgo_r1,mariadb,1,root/mariadb/sql/item.cc:4872:4872:11:452:F,/root/mariadb/sql/item.cc,4872,4872,0,0,mariadb_target_000218;mariadb_target_001451
mariadb_aflgo_r1,mariadb,1,root/mariadb/sql/item.cc:4873:4873:11:453:T,/root/mariadb/sql/item.cc,4873,4873,0,0,mariadb_target_000218;mariadb_target_001451
mariadb_aflgo_r1,mariadb,1,root/mariadb/sql/item.cc:4873:4873:11:453:F,/root/mariadb/sql/item.cc,4873,4873,0,0,mariadb_target_000218;mariadb_target_001451
mariadb_aflgo_r1,mariadb,1,root/mariadb/sql/item.cc:4896:4896:11:458:T,/root/mariadb/sql/item.cc,4896,4896,0,0,mariadb_target_000219;mariadb_target_001452
mariadb_aflgo_r1,mariadb,1,root/mariadb/sql/item.cc:4896:4896:11:458:F,/root/mariadb/sql/item.cc,4896,4896,0,0,mariadb_target_000219;mariadb_target_001452
mariadb_aflgo_r1,mariadb,1,root/mariadb/sql/item.cc:4897:4897:11:459:T,/root/mariadb/sql/item.cc,4897,4897,0,0,mariadb_target_000219;mariadb_target_001452
mariadb_aflgo_r1,mariadb,1,root/mariadb/sql/item.cc:4897:4897:11:459:F,/root/mariadb/sql/item.cc,4897,4897,0,0,mariadb_target_000219;mariadb_target_001452
mariadb_aflgo_r1,mariadb,1,root/mariadb/sql/item.cc:4899:4899:11:460:T,/root/mariadb/sql/item.cc,4899,4899,0,0,mariadb_target_000219;mariadb_target_001452
mariadb_aflgo_r1,mariadb,1,root/mariadb/sql/item.cc:4899:4899:11:460:F,/root/mariadb/sql/item.cc,4899,4899,0,0,mariadb_target_000219;mariadb_target_001452
mariadb_aflgo_r1,mariadb,1,root/mariadb/sql/item.cc:4901:4901:11:461:T,/root/mariadb/sql/item.cc,4901,4901,0,0,mariadb_target_000219;mariadb_target_001452
mariadb_aflgo_r1,mariadb,1,root/mariadb/sql/item.cc:4901:4901:11:461:F,/root/mariadb/sql/item.cc,4901,4901,0,0,mariadb_target_000219;mariadb_target_001452
mariadb_aflgo_r1,mariadb,1,root/mariadb/sql/item.cc:4918:4918:11:465:T,/root/mariadb/sql/item.cc,4918,4918,0,0,mariadb_target_000220;mariadb_target_001453
mariadb_aflgo_r1,mariadb,1,root/mariadb/sql/item.cc:4918:4918:11:465:F,/root/mariadb/sql/item.cc,4918,4918,0,0,mariadb_target_000220;mariadb_target_001453
mariadb_aflgo_r1,mariadb,1,root/mariadb/sql/item.cc:4919:4919:11:466:T,/root/mariadb/sql/item.cc,4919,4919,0,0,mariadb_target_000220;mariadb_target_001453
mariadb_aflgo_r1,mariadb,1,root/mariadb/sql/item.cc:4919:4919:11:466:F,/root/mariadb/sql/item.cc,4919,4919,0,0,mariadb_target_000220;mariadb_target_001453
mariadb_aflgo_r1,mariadb,1,root/mariadb/sql/item.cc:4921:4921:11:467:T,/root/mariadb/sql/item.cc,4921,4921,0,0,mariadb_target_000220;mariadb_target_001453
mariadb_aflgo_r1,mariadb,1,root/mariadb/sql/item.cc:4921:4921:11:467:F,/root/mariadb/sql/item.cc,4921,4921,0,0,mariadb_target_000220;mariadb_target_001453
mariadb_aflgo_r1,mariadb,1,root/mariadb/sql/item.cc:4942:4942:11:472:T,/root/mariadb/sql/item.cc,4942,4942,0,0,mariadb_target_000221;mariadb_target_001454
mariadb_aflgo_r1,mariadb,1,root/mariadb/sql/item.cc:4942:4942:11:472:F,/root/mariadb/sql/item.cc,4942,4942,0,0,mariadb_target_000221;mariadb_target_001454
mariadb_aflgo_r1,mariadb,1,root/mariadb/sql/item.cc:4943:4943:11:473:T,/root/mariadb/sql/item.cc,4943,4943,0,0,mariadb_target_000221;mariadb_target_001454
mariadb_aflgo_r1,mariadb,1,root/mariadb/sql/item.cc:4943:4943:11:473:F,/root/mariadb/sql/item.cc,4943,4943,0,0,mariadb_target_000221;mariadb_target_001454
mariadb_aflgo_r1,mariadb,1,root/mariadb/sql/item.cc:4945:4945:11:474:T,/root/mariadb/sql/item.cc,4945,4945,0,0,mariadb_target_000221;mariadb_target_001454
mariadb_aflgo_r1,mariadb,1,root/mariadb/sql/item.cc:4945:4945:11:474:F,/root/mariadb/sql/item.cc,4945,4945,0,0,mariadb_target_000221;mariadb_target_001454
mariadb_aflgo_r1,mariadb,1,root/mariadb/sql/item.cc:4964:4964:11:480:T,/root/mariadb/sql/item.cc,4964,4964,0,0,mariadb_target_001455
mariadb_aflgo_r1,mariadb,1,root/mariadb/sql/item.cc:4964:4964:11:480:F,/root/mariadb/sql/item.cc,4964,4964,0,0,mariadb_target_001455
mariadb_aflgo_r1,mariadb,1,root/mariadb/sql/item.cc:5098:5098:11:506:T,/root/mariadb/sql/item.cc,5098,5098,0,0,mariadb_target_000222;mariadb_target_001456
mariadb_aflgo_r1,mariadb,1,root/mariadb/sql/item.cc:5098:5098:11:506:F,/root/mariadb/sql/item.cc,5098,5098,0,0,mariadb_target_000222;mariadb_target_001456
mariadb_aflgo_r1,mariadb,1,root/mariadb/sql/item.cc:5099:5099:11:507:T,/root/mariadb/sql/item.cc,5099,5099,0,0,mariadb_target_000222;mariadb_target_001456
mariadb_aflgo_r1,mariadb,1,root/mariadb/sql/item.cc:5099:5099:11:507:F,/root/mariadb/sql/item.cc,5099,5099,0,0,mariadb_target_000222;mariadb_target_001456
mariadb_aflgo_r1,mariadb,1,root/mariadb/sql/item.cc:5100:5100:11:508:T,/root/mariadb/sql/item.cc,5100,5100,0,0,mariadb_target_000222;mariadb_target_001456
mariadb_aflgo_r1,mariadb,1,root/mariadb/sql/item.cc:5100:5100:11:508:F,/root/mariadb/sql/item.cc,5100,5100,0,0,mariadb_target_000222;mariadb_target_001456
mariadb_aflgo_r1,mariadb,1,root/mariadb/sql/item.cc:5102:5102:11:509:T,/root/mariadb/sql/item.cc,5102,5102,0,0,mariadb_target_000222;mariadb_target_001456
mariadb_aflgo_r1,mariadb,1,root/mariadb/sql/item.cc:5102:5102:11:509:F,/root/mariadb/sql/item.cc,5102,5102,0,0,mariadb_target_000222;mariadb_target_001456
mariadb_aflgo_r1,mariadb,1,root/mariadb/sql/item.cc:5104:5104:11:510:T,/root/mariadb/sql/item.cc,5104,5104,0,0,mariadb_target_000222;mariadb_target_001456
mariadb_aflgo_r1,mariadb,1,root/mariadb/sql/item.cc:5104:5104:11:510:F,/root/mariadb/sql/item.cc,5104,5104,0,0,mariadb_target_000222;mariadb_target_001456
mariadb_aflgo_r1,mariadb,1,root/mariadb/sql/item.cc:5179:5179:11:528:T,/root/mariadb/sql/item.cc,5179,5179,0,0,mariadb_target_000223;mariadb_target_001457
mariadb_aflgo_r1,mariadb,1,root/mariadb/sql/item.cc:5179:5179:11:528:F,/root/mariadb/sql/item.cc,5179,5179,0,0,mariadb_target_000223;mariadb_target_001457
mariadb_aflgo_r1,mariadb,1,root/mariadb/sql/item.cc:5183:5183:11:529:T,/root/mariadb/sql/item.cc,5183,5183,0,0,mariadb_target_000223;mariadb_target_001457
mariadb_aflgo_r1,mariadb,1,root/mariadb/sql/item.cc:5183:5183:11:529:F,/root/mariadb/sql/item.cc,5183,5183,0,0,mariadb_target_000223;mariadb_target_001457
mariadb_aflgo_r1,mariadb,1,root/mariadb/sql/item.cc:5366:5366:11:537:T,/root/mariadb/sql/item.cc,5366,5366,0,0,mariadb_target_000226;mariadb_target_001461
mariadb_aflgo_r1,mariadb,1,root/mariadb/sql/item.cc:5366:5366:11:537:F,/root/mariadb/sql/item.cc,5366,5366,0,0,mariadb_target_000226;mariadb_target_001461
mariadb_aflgo_r1,mariadb,1,root/mariadb/sql/item.cc:5512:5512:11:543:T,/root/mariadb/sql/item.cc,5512,5512,0,0,mariadb_target_000227;mariadb_target_001462;mariadb_target_001463
mariadb_aflgo_r1,mariadb,1,root/mariadb/sql/item.cc:5512:5512:11:543:F,/root/mariadb/sql/item.cc,5512,5512,0,0,mariadb_target_000227;mariadb_target_001462;mariadb_target_001463
mariadb_aflgo_r1,mariadb,1,root/mariadb/sql/item.cc:5522:5522:11:544:T,/root/mariadb/sql/item.cc,5522,5522,0,0,mariadb_target_000228;mariadb_target_001464;mariadb_target_001465
mariadb_aflgo_r1,mariadb,1,root/mariadb/sql/item.cc:5522:5522:11:544:F,/root/mariadb/sql/item.cc,5522,5522,0,0,mariadb_target_000228;mariadb_target_001464;mariadb_target_001465
mariadb_aflgo_r1,mariadb,1,root/mariadb/sql/item.cc:5524:5524:11:545:T,/root/mariadb/sql/item.cc,5524,5524,0,0,mariadb_target_000228;mariadb_target_001464;mariadb_target_001465
mariadb_aflgo_r1,mariadb,1,root/mariadb/sql/item.cc:5524:5524:11:545:F,/root/mariadb/sql/item.cc,5524,5524,0,0,mariadb_target_000228;mariadb_target_001464;mariadb_target_001465
mariadb_aflgo_r1,mariadb,1,root/mariadb/sql/item.cc:5543:5543:11:546:T,/root/mariadb/sql/item.cc,5543,5543,0,0,mariadb_target_000230;mariadb_target_001467;mariadb_target_001468;mariadb_target_001469
mariadb_aflgo_r1,mariadb,1,root/mariadb/sql/item.cc:5543:5543:11:546:F,/root/mariadb/sql/item.cc,5543,5543,0,0,mariadb_target_000230;mariadb_target_001467;mariadb_target_001468;mariadb_target_001469
mariadb_aflgo_r1,mariadb,1,root/mariadb/sql/item.cc:5543:5543:11:547:T,/root/mariadb/sql/item.cc,5543,5543,0,0,mariadb_target_000230;mariadb_target_001467;mariadb_target_001468;mariadb_target_001469
mariadb_aflgo_r1,mariadb,1,root/mariadb/sql/item.cc:5543:5543:11:547:F,/root/mariadb/sql/item.cc,5543,5543,0,0,mariadb_target_000230;mariadb_target_001467;mariadb_target_001468;mariadb_target_001469
mariadb_aflgo_r1,mariadb,1,root/mariadb/sql/item.cc:5556:5556:11:548:T,/root/mariadb/sql/item.cc,5556,5556,0,0,mariadb_target_000231;mariadb_target_001470;mariadb_target_001471
mariadb_aflgo_r1,mariadb,1,root/mariadb/sql/item.cc:5556:5556:11:548:F,/root/mariadb/sql/item.cc,5556,5556,0,0,mariadb_target_000231;mariadb_target_001470;mariadb_target_001471
mariadb_aflgo_r1,mariadb,1,root/mariadb/sql/item.cc:5566:5566:11:549:T,/root/mariadb/sql/item.cc,5566,5566,0,0,mariadb_target_000232;mariadb_target_001472;mariadb_target_001473
mariadb_aflgo_r1,mariadb,1,root/mariadb/sql/item.cc:5566:5566:11:549:F,/root/mariadb/sql/item.cc,5566,5566,0,0,mariadb_target_000232;mariadb_target_001472;mariadb_target_001473
mariadb_aflgo_r1,mariadb,1,root/mariadb/sql/item.cc:6079:6079:11:554:T,/root/mariadb/sql/item.cc,6079,6079,0,0,mariadb_target_000239;mariadb_target_001480;mariadb_target_001481
mariadb_aflgo_r1,mariadb,1,root/mariadb/sql/item.cc:6079:6079:11:554:F,/root/mariadb/sql/item.cc,6079,6079,184,1,mariadb_target_000239;mariadb_target_001480;mariadb_target_001481
mariadb_aflgo_r1,mariadb,1,root/mariadb/sql/item.cc:6080:6080:11:555:T,/root/mariadb/sql/item.cc,6080,6080,0,0,mariadb_target_001481
mariadb_aflgo_r1,mariadb,1,root/mariadb/sql/item.cc:6080:6080:11:555:F,/root/mariadb/sql/item.cc,6080,6080,184,1,mariadb_target_001481
mariadb_aflgo_r1,mariadb,1,root/mariadb/sql/item.cc:6080:6080:11:556:T,/root/mariadb/sql/item.cc,6080,6080,0,0,mariadb_target_001481
mariadb_aflgo_r1,mariadb,1,root/mariadb/sql/item.cc:6080:6080:11:556:F,/root/mariadb/sql/item.cc,6080,6080,0,0,mariadb_target_001481
mariadb_aflgo_r1,mariadb,1,root/mariadb/sql/item.cc:6398:6398:11:609:T,/root/mariadb/sql/item.cc,6398,6398,0,0,mariadb_target_001482
mariadb_aflgo_r1,mariadb,1,root/mariadb/sql/item.cc:6398:6398:11:609:F,/root/mariadb/sql/item.cc,6398,6398,0,0,mariadb_target_001482
mariadb_aflgo_r1,mariadb,1,root/mariadb/sql/item.cc:6406:6406:11:610:T,/root/mariadb/sql/item.cc,6406,6406,0,0,mariadb_target_001482
mariadb_aflgo_r1,mariadb,1,root/mariadb/sql/item.cc:6406:6406:11:610:F,/root/mariadb/sql/item.cc,6406,6406,0,0,mariadb_target_001482
mariadb_aflgo_r1,mariadb,1,root/mariadb/sql/item.cc:6406:6406:11:611:T,/root/mariadb/sql/item.cc,6406,6406,0,0,mariadb_target_001482
mariadb_aflgo_r1,mariadb,1,root/mariadb/sql/item.cc:6406:6406:11:611:F,/root/mariadb/sql/item.cc,6406,6406,0,0,mariadb_target_001482
mariadb_aflgo_r1,mariadb,1,root/mariadb/sql/item.cc:6482:6482:11:615:T,/root/mariadb/sql/item.cc,6482,6482,13512,1,mariadb_target_000240;mariadb_target_001483;mariadb_target_001484
mariadb_aflgo_r1,mariadb,1,root/mariadb/sql/item.cc:6482:6482:11:615:F,/root/mariadb/sql/item.cc,6482,6482,0,0,mariadb_target_000240;mariadb_target_001483;mariadb_target_001484
mariadb_aflgo_r1,mariadb,1,root/mariadb/sql/item.cc:6494:6494:11:616:T,/root/mariadb/sql/item.cc,6494,6494,13512,1,mariadb_target_001484
mariadb_aflgo_r1,mariadb,1,root/mariadb/sql/item.cc:6494:6494:11:616:F,/root/mariadb/sql/item.cc,6494,6494,0,0,mariadb_target_001484
mariadb_aflgo_r1,mariadb,1,root/mariadb/sql/item.cc:6494:6494:11:617:T,/root/mariadb/sql/item.cc,6494,6494,0,0,mariadb_target_001484
mariadb_aflgo_r1,mariadb,1,root/mariadb/sql/item.cc:6494:6494:11:617:F,/root/mariadb/sql/item.cc,6494,6494,13512,1,mariadb_target_001484
mariadb_aflgo_r1,mariadb,1,root/mariadb/sql/item.cc:6500:6500:11:618:T,/root/mariadb/sql/item.cc,6500,6500,13512,1,mariadb_target_001484;mariadb_target_001485
mariadb_aflgo_r1,mariadb,1,root/mariadb/sql/item.cc:6500:6500:11:618:F,/root/mariadb/sql/item.cc,6500,6500,0,0,mariadb_target_001484;mariadb_target_001485
mariadb_aflgo_r1,mariadb,1,root/mariadb/sql/item.cc:6509:6519:11:619:T,/root/mariadb/sql/item.cc,6509,6519,237,1,mariadb_target_001484
mariadb_aflgo_r1,mariadb,1,root/mariadb/sql/item.cc:6509:6519:11:619:F,/root/mariadb/sql/item.cc,6509,6519,13275,1,mariadb_target_001484
mariadb_aflgo_r1,mariadb,1,root/mariadb/sql/item.cc:6514:6514:11:620:T,/root/mariadb/sql/item.cc,6514,6514,41,1,mariadb_target_001484
mariadb_aflgo_r1,mariadb,1,root/mariadb/sql/item.cc:6514:6514:11:620:F,/root/mariadb/sql/item.cc,6514,6514,13471,1,mariadb_target_001484
mariadb_aflgo_r1,mariadb,1,root/mariadb/sql/item.cc:6524:6524:11:621:T,/root/mariadb/sql/item.cc,6524,6524,237,1,mariadb_target_001484
mariadb_aflgo_r1,mariadb,1,root/mariadb/sql/item.cc:6524:6524:11:621:F,/root/mariadb/sql/item.cc,6524,6524,0,0,mariadb_target_001484
mariadb_aflgo_r1,mariadb,1,root/mariadb/sql/item.cc:6524:6524:11:622:T,/root/mariadb/sql/item.cc,6524,6524,73,1,mariadb_target_001484
mariadb_aflgo_r1,mariadb,1,root/mariadb/sql/item.cc:6524:6524:11:622:F,/root/mariadb/sql/item.cc,6524,6524,164,1,mariadb_target_001484
mariadb_aflgo_r1,mariadb,1,root/mariadb/sql/item.cc:6532:6532:11:623:T,/root/mariadb/sql/item.cc,6532,6532,0,0,mariadb_target_001484
mariadb_aflgo_r1,mariadb,1,root/mariadb/sql/item.cc:6532:6532:11:623:F,/root/mariadb/sql/item.cc,6532,6532,73,1,mariadb_target_001484
mariadb_aflgo_r1,mariadb,1,root/mariadb/sql/item.cc:6534:6534:11:624:T,/root/mariadb/sql/item.cc,6534,6534,53,1,mariadb_target_001484
mariadb_aflgo_r1,mariadb,1,root/mariadb/sql/item.cc:6534:6534:11:624:F,/root/mariadb/sql/item.cc,6534,6534,20,1,mariadb_target_001484
mariadb_aflgo_r1,mariadb,1,root/mariadb/sql/item.cc:6536:6536:11:625:T,/root/mariadb/sql/item.cc,6536,6536,53,1,mariadb_target_001484
mariadb_aflgo_r1,mariadb,1,root/mariadb/sql/item.cc:6536:6536:11:625:F,/root/mariadb/sql/item.cc,6536,6536,20,1,mariadb_target_001484
mariadb_aflgo_r1,mariadb,1,root/mariadb/sql/item.cc:6538:6538:11:626:T,/root/mariadb/sql/item.cc,6538,6538,0,0,mariadb_target_001484
mariadb_aflgo_r1,mariadb,1,root/mariadb/sql/item.cc:6538:6538:11:626:F,/root/mariadb/sql/item.cc,6538,6538,53,1,mariadb_target_001484
mariadb_aflgo_r1,mariadb,1,root/mariadb/sql/item.cc:6575:6575:11:627:T,/root/mariadb/sql/item.cc,6575,6575,0,0,mariadb_target_001484
mariadb_aflgo_r1,mariadb,1,root/mariadb/sql/item.cc:6575:6575:11:627:F,/root/mariadb/sql/item.cc,6575,6575,53,1,mariadb_target_001484
mariadb_aflgo_r1,mariadb,1,root/mariadb/sql/item.cc:6577:6577:11:628:T,/root/mariadb/sql/item.cc,6577,6577,0,0,mariadb_target_001484
mariadb_aflgo_r1,mariadb,1,root/mariadb/sql/item.cc:6577:6577:11:628:F,/root/mariadb/sql/item.cc,6577,6577,53,1,mariadb_target_001484
mariadb_aflgo_r1,mariadb,1,root/mariadb/sql/item.cc:6577:6577:11:629:T,/root/mariadb/sql/item.cc,6577,6577,0,0,mariadb_target_001484
mariadb_aflgo_r1,mariadb,1,root/mariadb/sql/item.cc:6577:6577:11:629:F,/root/mariadb/sql/item.cc,6577,6577,53,1,mariadb_target_001484
mariadb_aflgo_r1,mariadb,1,root/mariadb/sql/item.cc:6578:6578:11:630:T,/root/mariadb/sql/item.cc,6578,6578,0,0,mariadb_target_001484
mariadb_aflgo_r1,mariadb,1,root/mariadb/sql/item.cc:6578:6578:11:630:F,/root/mariadb/sql/item.cc,6578,6578,53,1,mariadb_target_001484
mariadb_aflgo_r1,mariadb,1,root/mariadb/sql/item.cc:6582:6583:11:631:T,/root/mariadb/sql/item.cc,6582,6583,0,0,mariadb_target_001484
mariadb_aflgo_r1,mariadb,1,root/mariadb/sql/item.cc:6582:6583:11:631:F,/root/mariadb/sql/item.cc,6582,6583,53,1,mariadb_target_001484
mariadb_aflgo_r1,mariadb,1,root/mariadb/sql/item.cc:6584:6584:11:632:T,/root/mariadb/sql/item.cc,6584,6584,0,0,mariadb_target_001484
mariadb_aflgo_r1,mariadb,1,root/mariadb/sql/item.cc:6584:6584:11:632:F,/root/mariadb/sql/item.cc,6584,6584,0,0,mariadb_target_001484
mariadb_aflgo_r1,mariadb,1,root/mariadb/sql/item.cc:6601:6601:11:633:T,/root/mariadb/sql/item.cc,6601,6601,184,1,mariadb_target_001484
mariadb_aflgo_r1,mariadb,1,root/mariadb/sql/item.cc:6601:6601:11:633:F,/root/mariadb/sql/item.cc,6601,6601,0,0,mariadb_target_001484
mariadb_aflgo_r1,mariadb,1,root/mariadb/sql/item.cc:6604:6604:11:634:T,/root/mariadb/sql/item.cc,6604,6604,0,0,mariadb_target_001484
mariadb_aflgo_r1,mariadb,1,root/mariadb/sql/item.cc:6604:6604:11:634:F,/root/mariadb/sql/item.cc,6604,6604,0,0,mariadb_target_001484
mariadb_aflgo_r1,mariadb,1,root/mariadb/sql/item.cc:6607:6607:11:635:T,/root/mariadb/sql/item.cc,6607,6607,0,0,mariadb_target_001484
mariadb_aflgo_r1,mariadb,1,root/mariadb/sql/item.cc:6607:6607:11:635:F,/root/mariadb/sql/item.cc,6607,6607,13275,1,mariadb_target_001484
mariadb_aflgo_r1,mariadb,1,root/mariadb/sql/item.cc:6610:6610:11:636:T,/root/mariadb/sql/item.cc,6610,6610,13145,1,mariadb_target_001484;mariadb_target_001487
mariadb_aflgo_r1,mariadb,1,root/mariadb/sql/item.cc:6610:6610:11:636:F,/root/mariadb/sql/item.cc,6610,6610,130,1,mariadb_target_001484;mariadb_target_001487
mariadb_aflgo_r1,mariadb,1,root/mariadb/sql/item.cc:6611:6611:11:637:T,/root/mariadb/sql/item.cc,6611,6611,130,1,mariadb_target_001484;mariadb_target_001487
mariadb_aflgo_r1,mariadb,1,root/mariadb/sql/item.cc:6611:6611:11:637:F,/root/mariadb/sql/item.cc,6611,6611,0,0,mariadb_target_001484;mariadb_target_001487
mariadb_aflgo_r1,mariadb,1,root/mariadb/sql/item.cc:6613:6613:11:638:T,/root/mariadb/sql/item.cc,6613,6613,13275,1,mariadb_target_001484;mariadb_target_001487
mariadb_aflgo_r1,mariadb,1,root/mariadb/sql/item.cc:6613:6613:11:638:F,/root/mariadb/sql/item.cc,6613,6613,0,0,mariadb_target_001484;mariadb_target_001487
mariadb_aflgo_r1,mariadb,1,root/mariadb/sql/item.cc:6613:6613:11:639:T,/root/mariadb/sql/item.cc,6613,6613,13234,1,mariadb_target_001484;mariadb_target_001487
mariadb_aflgo_r1,mariadb,1,root/mariadb/sql/item.cc:6613:6613:11:639:F,/root/mariadb/sql/item.cc,6613,6613,41,1,mariadb_target_001484;mariadb_target_001487
mariadb_aflgo_r1,mariadb,1,root/mariadb/sql/item.cc:6613:6613:11:640:T,/root/mariadb/sql/item.cc,6613,6613,13234,1,mariadb_target_001484;mariadb_target_001487
mariadb_aflgo_r1,mariadb,1,root/mariadb/sql/item.cc:6613:6613:11:640:F,/root/mariadb/sql/item.cc,6613,6613,0,0,mariadb_target_001484;mariadb_target_001487
mariadb_aflgo_r1,mariadb,1,root/mariadb/sql/item.cc:6614:6614:11:641:T,/root/mariadb/sql/item.cc,6614,6614,13234,1,mariadb_target_001484;mariadb_target_001487
mariadb_aflgo_r1,mariadb,1,root/mariadb/sql/item.cc:6614:6614:11:641:F,/root/mariadb/sql/item.cc,6614,6614,0,0,mariadb_target_001484;mariadb_target_001487
mariadb_aflgo_r1,mariadb,1,root/mariadb/sql/item.cc:6615:6615:11:642:T,/root/mariadb/sql/item.cc,6615,6615,0,0,mariadb_target_001484;mariadb_target_001487
mariadb_aflgo_r1,mariadb,1,root/mariadb/sql/item.cc:6615:6615:11:642:F,/root/mariadb/sql/item.cc,6615,6615,13234,1,mariadb_target_001484;mariadb_target_001487
mariadb_aflgo_r1,mariadb,1,root/mariadb/sql/item.cc:6616:6616:11:643:T,/root/mariadb/sql/item.cc,6616,6616,0,0,mariadb_target_001484;mariadb_target_001487
mariadb_aflgo_r1,mariadb,1,root/mariadb/sql/item.cc:6616:6616:11:643:F,/root/mariadb/sql/item.cc,6616,6616,0,0,mariadb_target_001484;mariadb_target_001487
mariadb_aflgo_r1,mariadb,1,root/mariadb/sql/item.cc:6617:6617:11:644:T,/root/mariadb/sql/item.cc,6617,6617,0,0,mariadb_target_001484;mariadb_target_001487
mariadb_aflgo_r1,mariadb,1,root/mariadb/sql/item.cc:6617:6617:11:644:F,/root/mariadb/sql/item.cc,6617,6617,0,0,mariadb_target_001484;mariadb_target_001487
mariadb_aflgo_r1,mariadb,1,root/mariadb/sql/item.cc:6620:6620:11:645:T,/root/mariadb/sql/item.cc,6620,6620,0,0,mariadb_target_001484;mariadb_target_001487
mariadb_aflgo_r1,mariadb,1,root/mariadb/sql/item.cc:6620:6620:11:645:F,/root/mariadb/sql/item.cc,6620,6620,0,0,mariadb_target_001484;mariadb_target_001487
mariadb_aflgo_r1,mariadb,1,root/mariadb/sql/item.cc:6623:6623:11:646:T,/root/mariadb/sql/item.cc,6623,6623,0,0,mariadb_target_001484
mariadb_aflgo_r1,mariadb,1,root/mariadb/sql/item.cc:6623:6623:11:646:F,/root/mariadb/sql/item.cc,6623,6623,0,0,mariadb_target_001484
mariadb_aflgo_r1,mariadb,1,root/mariadb/sql/item.cc:6627:6627:11:647:T,/root/mariadb/sql/item.cc,6627,6627,13275,1,mariadb_target_001484
mariadb_aflgo_r1,mariadb,1,root/mariadb/sql/item.cc:6627:6627:11:647:F,/root/mariadb/sql/item.cc,6627,6627,0,0,mariadb_target_001484
mariadb_aflgo_r1,mariadb,1,root/mariadb/sql/item.cc:6627:6627:11:648:T,/root/mariadb/sql/item.cc,6627,6627,5816,1,mariadb_target_001484
mariadb_aflgo_r1,mariadb,1,root/mariadb/sql/item.cc:6627:6627:11:648:F,/root/mariadb/sql/item.cc,6627,6627,7459,1,mariadb_target_001484
mariadb_aflgo_r1,mariadb,1,root/mariadb/sql/item.cc:6628:6628:11:649:T,/root/mariadb/sql/item.cc,6628,6628,970,1,mariadb_target_001484
mariadb_aflgo_r1,mariadb,1,root/mariadb/sql/item.cc:6628:6628:11:649:F,/root/mariadb/sql/item.cc,6628,6628,4846,1,mariadb_target_001484
mariadb_aflgo_r1,mariadb,1,root/mariadb/sql/item.cc:6629:6630:11:650:T,/root/mariadb/sql/item.cc,6629,6630,970,1,mariadb_target_001484
mariadb_aflgo_r1,mariadb,1,root/mariadb/sql/item.cc:6629:6630:11:650:F,/root/mariadb/sql/item.cc,6629,6630,0,0,mariadb_target_001484
mariadb_aflgo_r1,mariadb,1,root/mariadb/sql/item.cc:6645:6645:11:651:T,/root/mariadb/sql/item.cc,6645,6645,0,0,mariadb_target_001484
mariadb_aflgo_r1,mariadb,1,root/mariadb/sql/item.cc:6645:6645:11:651:F,/root/mariadb/sql/item.cc,6645,6645,13275,1,mariadb_target_001484
mariadb_aflgo_r1,mariadb,1,root/mariadb/sql/item.cc:6650:6650:11:652:T,/root/mariadb/sql/item.cc,6650,6650,0,0,mariadb_target_001484;mariadb_target_001488
mariadb_aflgo_r1,mariadb,1,root/mariadb/sql/item.cc:6650:6650:11:652:F,/root/mariadb/sql/item.cc,6650,6650,0,0,mariadb_target_001484;mariadb_target_001488
mariadb_aflgo_r1,mariadb,1,root/mariadb/sql/item.cc:6654:6654:11:653:T,/root/mariadb/sql/item.cc,6654,6654,0,0,mariadb_target_001484;mariadb_target_001488
mariadb_aflgo_r1,mariadb,1,root/mariadb/sql/item.cc:6654:6654:11:653:F,/root/mariadb/sql/item.cc,6654,6654,0,0,mariadb_target_001484;mariadb_target_001488
mariadb_aflgo_r1,mariadb,1,root/mariadb/sql/item.cc:6664:6664:11:654:T,/root/mariadb/sql/item.cc,6664,6664,0,0,mariadb_target_001484;mariadb_target_001489;mariadb_target_001490
mariadb_aflgo_r1,mariadb,1,root/mariadb/sql/item.cc:6664:6664:11:654:F,/root/mariadb/sql/item.cc,6664,6664,0,0,mariadb_target_001484;mariadb_target_001489;mariadb_target_001490
mariadb_aflgo_r1,mariadb,1,root/mariadb/sql/item.cc:6666:6666:11:655:T,/root/mariadb/sql/item.cc,6666,6666,0,0,mariadb_target_001484;mariadb_target_001489;mariadb_target_001490
mariadb_aflgo_r1,mariadb,1,root/mariadb/sql/item.cc:6666:6666:11:655:F,/root/mariadb/sql/item.cc,6666,6666,0,0,mariadb_target_001484;mariadb_target_001489;mariadb_target_001490
mariadb_aflgo_r1,mariadb,1,root/mariadb/sql/item.cc:6677:6677:11:656:T,/root/mariadb/sql/item.cc,6677,6677,437,1,mariadb_target_001484;mariadb_target_001491
mariadb_aflgo_r1,mariadb,1,root/mariadb/sql/item.cc:6677:6677:11:656:F,/root/mariadb/sql/item.cc,6677,6677,12838,1,mariadb_target_001484;mariadb_target_001491
mariadb_aflgo_r1,mariadb,1,root/mariadb/sql/item.cc:6682:6684:11:657:T,/root/mariadb/sql/item.cc,6682,6684,0,0,mariadb_target_001484;mariadb_target_001492;mariadb_target_001493;mariadb_target_001494
mariadb_aflgo_r1,mariadb,1,root/mariadb/sql/item.cc:6682:6684:11:657:F,/root/mariadb/sql/item.cc,6682,6684,437,1,mariadb_target_001484;mariadb_target_001492;mariadb_target_001493;mariadb_target_001494
mariadb_aflgo_r1,mariadb,1,root/mariadb/sql/item.cc:6694:6694:11:658:T,/root/mariadb/sql/item.cc,6694,6694,0,0,mariadb_target_001484
mariadb_aflgo_r1,mariadb,1,root/mariadb/sql/item.cc:6694:6694:11:658:F,/root/mariadb/sql/item.cc,6694,6694,13275,1,mariadb_target_001484
mariadb_aflgo_r1,mariadb,1,root/mariadb/sql/item.cc:6696:6696:11:659:T,/root/mariadb/sql/item.cc,6696,6696,0,0,mariadb_target_001484
mariadb_aflgo_r1,mariadb,1,root/mariadb/sql/item.cc:6696:6696:11:659:F,/root/mariadb/sql/item.cc,6696,6696,13275,1,mariadb_target_001484
mariadb_aflgo_r1,mariadb,1,root/mariadb/sql/item.cc:6697:6697:11:660:T,/root/mariadb/sql/item.cc,6697,6697,0,0,mariadb_target_001484
mariadb_aflgo_r1,mariadb,1,root/mariadb/sql/item.cc:6697:6697:11:660:F,/root/mariadb/sql/item.cc,6697,6697,0,0,mariadb_target_001484
mariadb_aflgo_r1,mariadb,1,root/mariadb/sql/item.cc:6697:6697:11:661:T,/root/mariadb/sql/item.cc,6697,6697,0,0,mariadb_target_001484
mariadb_aflgo_r1,mariadb,1,root/mariadb/sql/item.cc:6697:6697:11:661:F,/root/mariadb/sql/item.cc,6697,6697,0,0,mariadb_target_001484
mariadb_aflgo_r1,mariadb,1,root/mariadb/sql/item.cc:6698:6698:11:662:T,/root/mariadb/sql/item.cc,6698,6698,0,0,mariadb_target_001484
mariadb_aflgo_r1,mariadb,1,root/mariadb/sql/item.cc:6698:6698:11:662:F,/root/mariadb/sql/item.cc,6698,6698,0,0,mariadb_target_001484
mariadb_aflgo_r1,mariadb,1,root/mariadb/sql/item.cc:6699:6699:11:663:T,/root/mariadb/sql/item.cc,6699,6699,0,0,mariadb_target_001484
mariadb_aflgo_r1,mariadb,1,root/mariadb/sql/item.cc:6699:6699:11:663:F,/root/mariadb/sql/item.cc,6699,6699,0,0,mariadb_target_001484
mariadb_aflgo_r1,mariadb,1,root/mariadb/sql/item.cc:6700:6700:11:664:T,/root/mariadb/sql/item.cc,6700,6700,0,0,mariadb_target_001484
mariadb_aflgo_r1,mariadb,1,root/mariadb/sql/item.cc:6700:6700:11:664:F,/root/mariadb/sql/item.cc,6700,6700,0,0,mariadb_target_001484
mariadb_aflgo_r1,mariadb,1,root/mariadb/sql/item.cc:6710:6710:11:665:T,/root/mariadb/sql/item.cc,6710,6710,13275,1,mariadb_target_001484
mariadb_aflgo_r1,mariadb,1,root/mariadb/sql/item.cc:6710:6710:11:665:F,/root/mariadb/sql/item.cc,6710,6710,0,0,mariadb_target_001484
mariadb_aflgo_r1,mariadb,1,root/mariadb/sql/item.cc:6710:6710:11:666:T,/root/mariadb/sql/item.cc,6710,6710,0,0,mariadb_target_001484
mariadb_aflgo_r1,mariadb,1,root/mariadb/sql/item.cc:6710:6710:11:666:F,/root/mariadb/sql/item.cc,6710,6710,13275,1,mariadb_target_001484
mariadb_aflgo_r1,mariadb,1,root/mariadb/sql/item.cc:6711:6711:11:667:T,/root/mariadb/sql/item.cc,6711,6711,0,0,mariadb_target_001484
mariadb_aflgo_r1,mariadb,1,root/mariadb/sql/item.cc:6711:6711:11:667:F,/root/mariadb/sql/item.cc,6711,6711,0,0,mariadb_target_001484
mariadb_aflgo_r1,mariadb,1,root/mariadb/sql/item.cc:6721:6721:11:668:T,/root/mariadb/sql/item.cc,6721,6721,0,0,mariadb_target_001484;mariadb_target_001495
mariadb_aflgo_r1,mariadb,1,root/mariadb/sql/item.cc:6721:6721:11:668:F,/root/mariadb/sql/item.cc,6721,6721,0,0,mariadb_target_001484;mariadb_target_001495
mariadb_aflgo_r1,mariadb,1,root/mariadb/sql/item.cc:6723:6723:11:669:T,/root/mariadb/sql/item.cc,6723,6723,0,0,mariadb_target_001484;mariadb_target_001495
mariadb_aflgo_r1,mariadb,1,root/mariadb/sql/item.cc:6723:6723:11:669:F,/root/mariadb/sql/item.cc,6723,6723,0,0,mariadb_target_001484;mariadb_target_001495
mariadb_aflgo_r1,mariadb,1,root/mariadb/sql/item.cc:6733:6733:11:670:T,/root/mariadb/sql/item.cc,6733,6733,0,0,mariadb_target_001484;mariadb_target_001495
mariadb_aflgo_r1,mariadb,1,root/mariadb/sql/item.cc:6733:6733:11:670:F,/root/mariadb/sql/item.cc,6733,6733,0,0,mariadb_target_001484;mariadb_target_001495
mariadb_aflgo_r1,mariadb,1,root/mariadb/sql/item.cc:6737:6737:11:671:T,/root/mariadb/sql/item.cc,6737,6737,0,0,mariadb_target_001484;mariadb_target_001495
mariadb_aflgo_r1,mariadb,1,root/mariadb/sql/item.cc:6737:6737:11:671:F,/root/mariadb/sql/item.cc,6737,6737,0,0,mariadb_target_001484;mariadb_target_001495
mariadb_aflgo_r1,mariadb,1,root/mariadb/sql/item.cc:6739:6740:11:672:T,/root/mariadb/sql/item.cc,6739,6740,0,0,mariadb_target_001484;mariadb_target_001495
mariadb_aflgo_r1,mariadb,1,root/mariadb/sql/item.cc:6739:6740:11:672:F,/root/mariadb/sql/item.cc,6739,6740,0,0,mariadb_target_001484;mariadb_target_001495
mariadb_aflgo_r1,mariadb,1,root/mariadb/sql/item.cc:7143:7143:11:702:T,/root/mariadb/sql/item.cc,7143,7143,890,1,mariadb_target_000244;mariadb_target_001501;mariadb_target_001502
mariadb_aflgo_r1,mariadb,1,root/mariadb/sql/item.cc:7143:7143:11:702:F,/root/mariadb/sql/item.cc,7143,7143,0,0,mariadb_target_000244;mariadb_target_001501;mariadb_target_001502
mariadb_aflgo_r1,mariadb,1,root/mariadb/sql/item.cc:7148:7148:11:703:T,/root/mariadb/sql/item.cc,7148,7148,890,1,mariadb_target_001502
mariadb_aflgo_r1,mariadb,1,root/mariadb/sql/item.cc:7148:7148:11:703:F,/root/mariadb/sql/item.cc,7148,7148,0,0,mariadb_target_001502
mariadb_aflgo_r1,mariadb,1,root/mariadb/sql/item.cc:7233:7233:11:707:T,/root/mariadb/sql/item.cc,7233,7233,0,0,mariadb_target_000246;mariadb_target_001504
mariadb_aflgo_r1,mariadb,1,root/mariadb/sql/item.cc:7233:7233:11:707:F,/root/mariadb/sql/item.cc,7233,7233,174,1,mariadb_target_000246;mariadb_target_001504
mariadb_aflgo_r1,mariadb,1,root/mariadb/sql/item.cc:7342:7342:11:711:T,/root/mariadb/sql/item.cc,7342,7342,0,0,mariadb_target_000249;mariadb_target_001507
mariadb_aflgo_r1,mariadb,1,root/mariadb/sql/item.cc:7342:7342:11:711:F,/root/mariadb/sql/item.cc,7342,7342,895,1,mariadb_target_000249;mariadb_target_001507
mariadb_aflgo_r1,mariadb,1,root/mariadb/sql/item.cc:7362:7362:11:713:T,/root/mariadb/sql/item.cc,7362,7362,28,1,mariadb_target_000250;mariadb_target_001509
mariadb_aflgo_r1,mariadb,1,root/mariadb/sql/item.cc:7362:7362:11:713:F,/root/mariadb/sql/item.cc,7362,7362,5665,1,mariadb_target_000250;mariadb_target_001509
mariadb_aflgo_r1,mariadb,1,root/mariadb/sql/item.cc:7362:7362:11:714:T,/root/mariadb/sql/item.cc,7362,7362,90,1,mariadb_target_000250;mariadb_target_001509
mariadb_aflgo_r1,mariadb,1,root/mariadb/sql/item.cc:7362:7362:11:714:F,/root/mariadb/sql/item.cc,7362,7362,5575,1,mariadb_target_000250;mariadb_target_001509
mariadb_aflgo_r1,mariadb,1,root/mariadb/sql/item.cc:7661:7661:11:734:T,/root/mariadb/sql/item.cc,7661,7661,0,0,mariadb_target_001520
mariadb_aflgo_r1,mariadb,1,root/mariadb/sql/item.cc:7661:7661:11:734:F,/root/mariadb/sql/item.cc,7661,7661,1,1,mariadb_target_001520
mariadb_aflgo_r1,mariadb,1,root/mariadb/sql/item.cc:7701:7701:11:737:T,/root/mariadb/sql/item.cc,7701,7701,0,0,mariadb_target_000257;mariadb_target_001521
mariadb_aflgo_r1,mariadb,1,root/mariadb/sql/item.cc:7701:7701:11:737:F,/root/mariadb/sql/item.cc,7701,7701,0,0,mariadb_target_000257;mariadb_target_001521
mariadb_aflgo_r1,mariadb,1,root/mariadb/sql/item.cc:7703:7703:11:738:T,/root/mariadb/sql/item.cc,7703,7703,0,0,mariadb_target_000257;mariadb_target_001521
mariadb_aflgo_r1,mariadb,1,root/mariadb/sql/item.cc:7703:7703:11:738:F,/root/mariadb/sql/item.cc,7703,7703,0,0,mariadb_target_000257;mariadb_target_001521
mariadb_aflgo_r1,mariadb,1,root/mariadb/sql/item.cc:7723:7723:11:739:T,/root/mariadb/sql/item.cc,7723,7723,0,0,mariadb_target_000258;mariadb_target_001522
mariadb_aflgo_r1,mariadb,1,root/mariadb/sql/item.cc:7723:7723:11:739:F,/root/mariadb/sql/item.cc,7723,7723,0,0,mariadb_target_000258;mariadb_target_001522
mariadb_aflgo_r1,mariadb,1,root/mariadb/sql/item.cc:7724:7724:11:740:T,/root/mariadb/sql/item.cc,7724,7724,0,0,mariadb_target_000258;mariadb_target_001522
mariadb_aflgo_r1,mariadb,1,root/mariadb/sql/item.cc:7724:7724:11:740:F,/root/mariadb/sql/item.cc,7724,7724,0,0,mariadb_target_000258;mariadb_target_001522
mariadb_aflgo_r1,mariadb,1,root/mariadb/sql/item.cc:7725:7725:11:741:T,/root/mariadb/sql/item.cc,7725,7725,0,0,mariadb_target_000258;mariadb_target_001522
mariadb_aflgo_r1,mariadb,1,root/mariadb/sql/item.cc:7725:7725:11:741:F,/root/mariadb/sql/item.cc,7725,7725,0,0,mariadb_target_000258;mariadb_target_001522
mariadb_aflgo_r1,mariadb,1,root/mariadb/sql/item.cc:7726:7726:11:742:T,/root/mariadb/sql/item.cc,7726,7726,0,0,mariadb_target_000258;mariadb_target_001522
mariadb_aflgo_r1,mariadb,1,root/mariadb/sql/item.cc:7726:7726:11:742:F,/root/mariadb/sql/item.cc,7726,7726,0,0,mariadb_target_000258;mariadb_target_001522
mariadb_aflgo_r1,mariadb,1,root/mariadb/sql/item.cc:7727:7727:11:743:T,/root/mariadb/sql/item.cc,7727,7727,0,0,mariadb_target_000258;mariadb_target_001522
mariadb_aflgo_r1,mariadb,1,root/mariadb/sql/item.cc:7727:7727:11:743:F,/root/mariadb/sql/item.cc,7727,7727,0,0,mariadb_target_000258;mariadb_target_001522
mariadb_aflgo_r1,mariadb,1,root/mariadb/sql/item.cc:7728:7728:11:744:T,/root/mariadb/sql/item.cc,7728,7728,0,0,mariadb_target_000258;mariadb_target_001522
mariadb_aflgo_r1,mariadb,1,root/mariadb/sql/item.cc:7728:7728:11:744:F,/root/mariadb/sql/item.cc,7728,7728,0,0,mariadb_target_000258;mariadb_target_001522
mariadb_aflgo_r1,mariadb,1,root/mariadb/sql/item.cc:7729:7729:11:745:T,/root/mariadb/sql/item.cc,7729,7729,0,0,mariadb_target_000258;mariadb_target_001522
mariadb_aflgo_r1,mariadb,1,root/mariadb/sql/item.cc:7729:7729:11:745:F,/root/mariadb/sql/item.cc,7729,7729,0,0,mariadb_target_000258;mariadb_target_001522
mariadb_aflgo_r1,mariadb,1,root/mariadb/sql/item.cc:7776:7776:11:752:T,/root/mariadb/sql/item.cc,7776,7776,0,0,mariadb_target_000259;mariadb_target_001523
mariadb_aflgo_r1,mariadb,1,root/mariadb/sql/item.cc:7776:7776:11:752:F,/root/mariadb/sql/item.cc,7776,7776,0,0,mariadb_target_000259;mariadb_target_001523
mariadb_aflgo_r1,mariadb,1,root/mariadb/sql/item.cc:7791:7791:11:753:T,/root/mariadb/sql/item.cc,7791,7791,0,0,mariadb_target_000260;mariadb_target_001524
mariadb_aflgo_r1,mariadb,1,root/mariadb/sql/item.cc:7791:7791:11:753:F,/root/mariadb/sql/item.cc,7791,7791,0,0,mariadb_target_000260;mariadb_target_001524
mariadb_aflgo_r1,mariadb,1,root/mariadb/sql/item.cc:8000:8000:11:768:T,/root/mariadb/sql/item.cc,8000,8000,734,1,mariadb_target_000264;mariadb_target_001531;mariadb_target_001532
mariadb_aflgo_r1,mariadb,1,root/mariadb/sql/item.cc:8000:8000:11:768:F,/root/mariadb/sql/item.cc,8000,8000,0,0,mariadb_target_000264;mariadb_target_001531;mariadb_target_001532
mariadb_aflgo_r1,mariadb,1,root/mariadb/sql/item.cc:8000:8000:11:769:T,/root/mariadb/sql/item.cc,8000,8000,0,0,mariadb_target_000264;mariadb_target_001531;mariadb_target_001532
mariadb_aflgo_r1,mariadb,1,root/mariadb/sql/item.cc:8000:8000:11:769:F,/root/mariadb/sql/item.cc,8000,8000,734,1,mariadb_target_000264;mariadb_target_001531;mariadb_target_001532
mariadb_aflgo_r1,mariadb,1,root/mariadb/sql/item.cc:8507:8507:11:833:T,/root/mariadb/sql/item.cc,8507,8507,194,1,mariadb_target_000266;mariadb_target_001543
mariadb_aflgo_r1,mariadb,1,root/mariadb/sql/item.cc:8507:8507:11:833:F,/root/mariadb/sql/item.cc,8507,8507,0,0,mariadb_target_000266;mariadb_target_001543
mariadb_aflgo_r1,mariadb,1,root/mariadb/sql/item.cc:8507:8507:11:834:T,/root/mariadb/sql/item.cc,8507,8507,194,1,mariadb_target_000266;mariadb_target_001543
mariadb_aflgo_r1,mariadb,1,root/mariadb/sql/item.cc:8507:8507:11:834:F,/root/mariadb/sql/item.cc,8507,8507,0,0,mariadb_target_000266;mariadb_target_001543
mariadb_aflgo_r1,mariadb,1,root/mariadb/sql/item.cc:8507:8507:11:835:T,/root/mariadb/sql/item.cc,8507,8507,194,1,mariadb_target_000266;mariadb_target_001543
mariadb_aflgo_r1,mariadb,1,root/mariadb/sql/item.cc:8507:8507:11:835:F,/root/mariadb/sql/item.cc,8507,8507,0,0,mariadb_target_000266;mariadb_target_001543
mariadb_aflgo_r1,mariadb,1,root/mariadb/sql/item.cc:8507:8507:11:836:T,/root/mariadb/sql/item.cc,8507,8507,194,1,mariadb_target_000266;mariadb_target_001543
mariadb_aflgo_r1,mariadb,1,root/mariadb/sql/item.cc:8507:8507:11:836:F,/root/mariadb/sql/item.cc,8507,8507,0,0,mariadb_target_000266;mariadb_target_001543
mariadb_aflgo_r1,mariadb,1,root/mariadb/sql/item.cc:8915:8915:11:886:T,/root/mariadb/sql/item.cc,8915,8915,0,0,mariadb_target_000269;mariadb_target_001548
mariadb_aflgo_r1,mariadb,1,root/mariadb/sql/item.cc:8915:8915:11:886:F,/root/mariadb/sql/item.cc,8915,8915,0,0,mariadb_target_000269;mariadb_target_001548
mariadb_aflgo_r1,mariadb,1,root/mariadb/sql/item.cc:8924:8924:11:887:T,/root/mariadb/sql/item.cc,8924,8924,0,0,mariadb_target_000269;mariadb_target_001548
mariadb_aflgo_r1,mariadb,1,root/mariadb/sql/item.cc:8924:8924:11:887:F,/root/mariadb/sql/item.cc,8924,8924,0,0,mariadb_target_000269;mariadb_target_001548
mariadb_aflgo_r1,mariadb,1,root/mariadb/sql/item.cc:9018:9018:11:902:T,/root/mariadb/sql/item.cc,9018,9018,0,0,mariadb_target_000271;mariadb_target_001550
mariadb_aflgo_r1,mariadb,1,root/mariadb/sql/item.cc:9018:9018:11:902:F,/root/mariadb/sql/item.cc,9018,9018,0,0,mariadb_target_000271;mariadb_target_001550
mariadb_aflgo_r1,mariadb,1,root/mariadb/sql/item.cc:9041:9041:11:906:T,/root/mariadb/sql/item.cc,9041,9041,0,0,mariadb_target_000272;mariadb_target_001551
mariadb_aflgo_r1,mariadb,1,root/mariadb/sql/item.cc:9041:9041:11:906:F,/root/mariadb/sql/item.cc,9041,9041,0,0,mariadb_target_000272;mariadb_target_001551
mariadb_aflgo_r1,mariadb,1,root/mariadb/sql/item.cc:9052:9052:11:907:T,/root/mariadb/sql/item.cc,9052,9052,0,0,mariadb_target_001552;mariadb_target_001553;mariadb_target_001555
mariadb_aflgo_r1,mariadb,1,root/mariadb/sql/item.cc:9052:9052:11:907:F,/root/mariadb/sql/item.cc,9052,9052,0,0,mariadb_target_001552;mariadb_target_001553;mariadb_target_001555
mariadb_aflgo_r1,mariadb,1,root/mariadb/sql/item.cc:9062:9062:11:909:T,/root/mariadb/sql/item.cc,9062,9062,0,0,mariadb_target_000273;mariadb_target_001556
mariadb_aflgo_r1,mariadb,1,root/mariadb/sql/item.cc:9062:9062:11:909:F,/root/mariadb/sql/item.cc,9062,9062,0,0,mariadb_target_000273;mariadb_target_001556
mariadb_aflgo_r1,mariadb,1,root/mariadb/sql/item.cc:9072:9072:11:910:T,/root/mariadb/sql/item.cc,9072,9072,0,0,mariadb_target_001557;mariadb_target_001558;mariadb_target_001559
mariadb_aflgo_r1,mariadb,1,root/mariadb/sql/item.cc:9072:9072:11:910:F,/root/mariadb/sql/item.cc,9072,9072,0,0,mariadb_target_001557;mariadb_target_001558;mariadb_target_001559
mariadb_aflgo_r1,mariadb,1,root/mariadb/sql/item.cc:9074:9074:11:911:T,/root/mariadb/sql/item.cc,9074,9074,0,0,mariadb_target_001558;mariadb_target_001559
mariadb_aflgo_r1,mariadb,1,root/mariadb/sql/item.cc:9074:9074:11:911:F,/root/mariadb/sql/item.cc,9074,9074,0,0,mariadb_target_001558;mariadb_target_001559
mariadb_aflgo_r1,mariadb,1,root/mariadb/sql/item.cc:9188:9188:11:914:T,/root/mariadb/sql/item.cc,9188,9188,0,0,mariadb_target_000279;mariadb_target_001576
mariadb_aflgo_r1,mariadb,1,root/mariadb/sql/item.cc:9188:9188:11:914:F,/root/mariadb/sql/item.cc,9188,9188,0,0,mariadb_target_000279;mariadb_target_001576
mariadb_aflgo_r1,mariadb,1,root/mariadb/sql/item.cc:9215:9215:11:915:T,/root/mariadb/sql/item.cc,9215,9215,0,0,mariadb_target_000282;mariadb_target_001581;mariadb_target_001582
mariadb_aflgo_r1,mariadb,1,root/mariadb/sql/item.cc:9215:9215:11:915:F,/root/mariadb/sql/item.cc,9215,9215,0,0,mariadb_target_000282;mariadb_target_001581;mariadb_target_001582
mariadb_aflgo_r1,mariadb,1,root/mariadb/sql/item.cc:9217:9217:11:916:T,/root/mariadb/sql/item.cc,9217,9217,0,0,mariadb_target_000282;mariadb_target_001581;mariadb_target_001582
mariadb_aflgo_r1,mariadb,1,root/mariadb/sql/item.cc:9217:9217:11:916:F,/root/mariadb/sql/item.cc,9217,9217,0,0,mariadb_target_000282;mariadb_target_001581;mariadb_target_001582
mariadb_aflgo_r1,mariadb,1,root/mariadb/sql/item.cc:9219:9219:11:917:T,/root/mariadb/sql/item.cc,9219,9219,0,0,mariadb_target_000282;mariadb_target_000283;mariadb_target_001581;mariadb_target_001582;mariadb_target_001583
mariadb_aflgo_r1,mariadb,1,root/mariadb/sql/item.cc:9219:9219:11:917:F,/root/mariadb/sql/item.cc,9219,9219,0,0,mariadb_target_000282;mariadb_target_000283;mariadb_target_001581;mariadb_target_001582;mariadb_target_001583
mariadb_aflgo_r1,mariadb,1,root/mariadb/sql/item.cc:9221:9221:11:918:T,/root/mariadb/sql/item.cc,9221,9221,0,0,mariadb_target_000282;mariadb_target_000283;mariadb_target_001581;mariadb_target_001582;mariadb_target_001583
mariadb_aflgo_r1,mariadb,1,root/mariadb/sql/item.cc:9221:9221:11:918:F,/root/mariadb/sql/item.cc,9221,9221,0,0,mariadb_target_000282;mariadb_target_000283;mariadb_target_001581;mariadb_target_001582;mariadb_target_001583
mariadb_aflgo_r1,mariadb,1,root/mariadb/sql/item.cc:9223:9223:11:919:T,/root/mariadb/sql/item.cc,9223,9223,0,0,mariadb_target_000283;mariadb_target_000284;mariadb_target_001582;mariadb_target_001583;mariadb_target_001584
mariadb_aflgo_r1,mariadb,1,root/mariadb/sql/item.cc:9223:9223:11:919:F,/root/mariadb/sql/item.cc,9223,9223,0,0,mariadb_target_000283;mariadb_target_000284;mariadb_target_001582;mariadb_target_001583;mariadb_target_001584
mariadb_aflgo_r1,mariadb,1,root/mariadb/sql/item.cc:9230:9230:11:920:T,/root/mariadb/sql/item.cc,9230,9230,0,0,mariadb_target_000284;mariadb_target_000285;mariadb_target_001584;mariadb_target_001585;mariadb_target_001586
mariadb_aflgo_r1,mariadb,1,root/mariadb/sql/item.cc:9230:9230:11:920:F,/root/mariadb/sql/item.cc,9230,9230,0,0,mariadb_target_000284;mariadb_target_000285;mariadb_target_001584;mariadb_target_001585;mariadb_target_001586
mariadb_aflgo_r1,mariadb,1,root/mariadb/sql/item.cc:9234:9234:11:921:T,/root/mariadb/sql/item.cc,9234,9234,0,0,mariadb_target_000285;mariadb_target_000286;mariadb_target_001585;mariadb_target_001586;mariadb_target_001587;mariadb_target_001588
mariadb_aflgo_r1,mariadb,1,root/mariadb/sql/item.cc:9234:9234:11:921:F,/root/mariadb/sql/item.cc,9234,9234,0,0,mariadb_target_000285;mariadb_target_000286;mariadb_target_001585;mariadb_target_001586;mariadb_target_001587;mariadb_target_001588
mariadb_aflgo_r1,mariadb,1,root/mariadb/sql/item.cc:9246:9246:11:922:T,/root/mariadb/sql/item.cc,9246,9246,0,0,mariadb_target_001591
mariadb_aflgo_r1,mariadb,1,root/mariadb/sql/item.cc:9246:9246:11:922:F,/root/mariadb/sql/item.cc,9246,9246,0,0,mariadb_target_001591
mariadb_aflgo_r1,mariadb,1,root/mariadb/sql/item.cc:9353:9353:11:923:T,/root/mariadb/sql/item.cc,9353,9353,0,0,mariadb_target_000295;mariadb_target_001606
mariadb_aflgo_r1,mariadb,1,root/mariadb/sql/item.cc:9353:9353:11:923:F,/root/mariadb/sql/item.cc,9353,9353,0,0,mariadb_target_000295;mariadb_target_001606
mariadb_aflgo_r1,mariadb,1,root/mariadb/sql/item.cc:9364:9364:11:924:T,/root/mariadb/sql/item.cc,9364,9364,0,0,mariadb_target_000296;mariadb_target_000297;mariadb_target_001607;mariadb_target_001608;mariadb_target_001609
mariadb_aflgo_r1,mariadb,1,root/mariadb/sql/item.cc:9364:9364:11:924:F,/root/mariadb/sql/item.cc,9364,9364,0,0,mariadb_target_000296;mariadb_target_000297;mariadb_target_001607;mariadb_target_001608;mariadb_target_001609
mariadb_aflgo_r1,mariadb,1,root/mariadb/sql/item.cc:9374:9374:11:925:T,/root/mariadb/sql/item.cc,9374,9374,0,0,mariadb_target_001610
mariadb_aflgo_r1,mariadb,1,root/mariadb/sql/item.cc:9374:9374:11:925:F,/root/mariadb/sql/item.cc,9374,9374,0,0,mariadb_target_001610
mariadb_aflgo_r1,mariadb,1,root/mariadb/sql/item.cc:9411:9411:11:927:T,/root/mariadb/sql/item.cc,9411,9411,0,0,mariadb_target_000298;mariadb_target_001611
mariadb_aflgo_r1,mariadb,1,root/mariadb/sql/item.cc:9411:9411:11:927:F,/root/mariadb/sql/item.cc,9411,9411,0,0,mariadb_target_000298;mariadb_target_001611
mariadb_aflgo_r1,mariadb,1,root/mariadb/sql/item.cc:9459:9459:11:928:T,/root/mariadb/sql/item.cc,9459,9459,0,0,mariadb_target_000300;mariadb_target_001613
mariadb_aflgo_r1,mariadb,1,root/mariadb/sql/item.cc:9459:9459:11:928:F,/root/mariadb/sql/item.cc,9459,9459,0,0,mariadb_target_000300;mariadb_target_001613
mariadb_aflgo_r1,mariadb,1,root/mariadb/sql/item.cc:9463:9463:11:929:T,/root/mariadb/sql/item.cc,9463,9463,0,0,mariadb_target_000300;mariadb_target_001613
mariadb_aflgo_r1,mariadb,1,root/mariadb/sql/item.cc:9463:9463:11:929:F,/root/mariadb/sql/item.cc,9463,9463,0,0,mariadb_target_000300;mariadb_target_001613
mariadb_aflgo_r1,mariadb,1,root/mariadb/sql/item.cc:9582:9582:11:937:T,/root/mariadb/sql/item.cc,9582,9582,0,0,mariadb_target_000301;mariadb_target_001614
mariadb_aflgo_r1,mariadb,1,root/mariadb/sql/item.cc:9582:9582:11:937:F,/root/mariadb/sql/item.cc,9582,9582,0,0,mariadb_target_000301;mariadb_target_001614
mariadb_aflgo_r1,mariadb,1,root/mariadb/sql/item.cc:9602:9602:11:938:T,/root/mariadb/sql/item.cc,9602,9602,0,0,mariadb_target_001615
mariadb_aflgo_r1,mariadb,1,root/mariadb/sql/item.cc:9602:9602:11:938:F,/root/mariadb/sql/item.cc,9602,9602,0,0,mariadb_target_001615
mariadb_aflgo_r1,mariadb,1,root/mariadb/sql/item.cc:9609:9609:11:939:T,/root/mariadb/sql/item.cc,9609,9609,0,0,mariadb_target_000302;mariadb_target_001616
mariadb_aflgo_r1,mariadb,1,root/mariadb/sql/item.cc:9609:9609:11:939:F,/root/mariadb/sql/item.cc,9609,9609,0,0,mariadb_target_000302;mariadb_target_001616
mariadb_aflgo_r1,mariadb,1,root/mariadb/sql/item.cc:9616:9616:11:940:T,/root/mariadb/sql/item.cc,9616,9616,0,0,mariadb_target_000302;mariadb_target_001616;mariadb_target_001617
mariadb_aflgo_r1,mariadb,1,root/mariadb/sql/item.cc:9616:9616:11:940:F,/root/mariadb/sql/item.cc,9616,9616,0,0,mariadb_target_000302;mariadb_target_001616;mariadb_target_001617
mariadb_aflgo_r1,mariadb,1,root/mariadb/sql/item.cc:9630:9630:11:941:T,/root/mariadb/sql/item.cc,9630,9630,0,0,mariadb_target_001617
mariadb_aflgo_r1,mariadb,1,root/mariadb/sql/item.cc:9630:9630:11:941:F,/root/mariadb/sql/item.cc,9630,9630,0,0,mariadb_target_001617
mariadb_aflgo_r1,mariadb,1,root/mariadb/sql/item.cc:9637:9637:11:943:T,/root/mariadb/sql/item.cc,9637,9637,0,0,mariadb_target_000303;mariadb_target_001618
mariadb_aflgo_r1,mariadb,1,root/mariadb/sql/item.cc:9637:9637:11:943:F,/root/mariadb/sql/item.cc,9637,9637,0,0,mariadb_target_000303;mariadb_target_001618
mariadb_aflgo_r1,mariadb,1,root/mariadb/sql/item.cc:9652:9652:11:944:T,/root/mariadb/sql/item.cc,9652,9652,0,0,mariadb_target_001619
mariadb_aflgo_r1,mariadb,1,root/mariadb/sql/item.cc:9652:9652:11:944:F,/root/mariadb/sql/item.cc,9652,9652,0,0,mariadb_target_001619
mariadb_aflgo_r1,mariadb,1,root/mariadb/sql/item.cc:9659:9659:11:945:T,/root/mariadb/sql/item.cc,9659,9659,0,0,mariadb_target_001619
mariadb_aflgo_r1,mariadb,1,root/mariadb/sql/item.cc:9659:9659:11:945:F,/root/mariadb/sql/item.cc,9659,9659,0,0,mariadb_target_001619
mariadb_aflgo_r1,mariadb,1,root/mariadb/sql/item.cc:9666:9666:11:946:T,/root/mariadb/sql/item.cc,9666,9666,0,0,mariadb_target_000304;mariadb_target_001620
mariadb_aflgo_r1,mariadb,1,root/mariadb/sql/item.cc:9666:9666:11:946:F,/root/mariadb/sql/item.cc,9666,9666,0,0,mariadb_target_000304;mariadb_target_001620
mariadb_aflgo_r1,mariadb,1,root/mariadb/sql/item.cc:9680:9680:11:947:T,/root/mariadb/sql/item.cc,9680,9680,0,0,mariadb_target_001621
mariadb_aflgo_r1,mariadb,1,root/mariadb/sql/item.cc:9680:9680:11:947:F,/root/mariadb/sql/item.cc,9680,9680,0,0,mariadb_target_001621
mariadb_aflgo_r1,mariadb,1,root/mariadb/sql/item.cc:9687:9687:11:948:T,/root/mariadb/sql/item.cc,9687,9687,0,0,mariadb_target_000305;mariadb_target_001622
mariadb_aflgo_r1,mariadb,1,root/mariadb/sql/item.cc:9687:9687:11:948:F,/root/mariadb/sql/item.cc,9687,9687,0,0,mariadb_target_000305;mariadb_target_001622
mariadb_aflgo_r1,mariadb,1,root/mariadb/sql/item.cc:9707:9707:11:949:T,/root/mariadb/sql/item.cc,9707,9707,0,0,mariadb_target_001623
mariadb_aflgo_r1,mariadb,1,root/mariadb/sql/item.cc:9707:9707:11:949:F,/root/mariadb/sql/item.cc,9707,9707,0,0,mariadb_target_001623
mariadb_aflgo_r1,mariadb,1,root/mariadb/sql/item.cc:9714:9714:11:950:T,/root/mariadb/sql/item.cc,9714,9714,0,0,mariadb_target_000306;mariadb_target_001624
mariadb_aflgo_r1,mariadb,1,root/mariadb/sql/item.cc:9714:9714:11:950:F,/root/mariadb/sql/item.cc,9714,9714,0,0,mariadb_target_000306;mariadb_target_001624
mariadb_aflgo_r1,mariadb,1,root/mariadb/sql/item.cc:9734:9734:11:951:T,/root/mariadb/sql/item.cc,9734,9734,0,0,mariadb_target_001625
mariadb_aflgo_r1,mariadb,1,root/mariadb/sql/item.cc:9734:9734:11:951:F,/root/mariadb/sql/item.cc,9734,9734,0,0,mariadb_target_001625
mariadb_aflgo_r1,mariadb,1,root/mariadb/sql/item.cc:9737:9737:11:952:T,/root/mariadb/sql/item.cc,9737,9737,0,0,mariadb_target_001625
mariadb_aflgo_r1,mariadb,1,root/mariadb/sql/item.cc:9737:9737:11:952:F,/root/mariadb/sql/item.cc,9737,9737,0,0,mariadb_target_001625
mariadb_aflgo_r1,mariadb,1,root/mariadb/sql/item.cc:9792:9792:11:957:T,/root/mariadb/sql/item.cc,9792,9792,0,0,mariadb_target_000308;mariadb_target_001627
mariadb_aflgo_r1,mariadb,1,root/mariadb/sql/item.cc:9792:9792:11:957:F,/root/mariadb/sql/item.cc,9792,9792,0,0,mariadb_target_000308;mariadb_target_001627
mariadb_aflgo_r1,mariadb,1,root/mariadb/sql/item.cc:9844:9844:11:967:T,/root/mariadb/sql/item.cc,9844,9844,0,0,mariadb_target_001629;mariadb_target_001630
mariadb_aflgo_r1,mariadb,1,root/mariadb/sql/item.cc:9844:9844:11:967:F,/root/mariadb/sql/item.cc,9844,9844,0,0,mariadb_target_001629;mariadb_target_001630
mariadb_aflgo_r1,mariadb,1,root/mariadb/sql/item.cc:9844:9844:11:968:T,/root/mariadb/sql/item.cc,9844,9844,0,0,mariadb_target_001629;mariadb_target_001630
mariadb_aflgo_r1,mariadb,1,root/mariadb/sql/item.cc:9844:9844:11:968:F,/root/mariadb/sql/item.cc,9844,9844,0,0,mariadb_target_001629;mariadb_target_001630
mariadb_aflgo_r1,mariadb,1,root/mariadb/sql/item.cc:9847:9847:11:969:T,/root/mariadb/sql/item.cc,9847,9847,0,0,mariadb_target_001629;mariadb_target_001630
mariadb_aflgo_r1,mariadb,1,root/mariadb/sql/item.cc:9847:9847:11:969:F,/root/mariadb/sql/item.cc,9847,9847,0,0,mariadb_target_001629;mariadb_target_001630
mariadb_aflgo_r1,mariadb,1,root/mariadb/sql/item.cc:9849:9849:11:970:T,/root/mariadb/sql/item.cc,9849,9849,0,0,mariadb_target_001629
mariadb_aflgo_r1,mariadb,1,root/mariadb/sql/item.cc:9849:9849:11:970:F,/root/mariadb/sql/item.cc,9849,9849,0,0,mariadb_target_001629
mariadb_aflgo_r1,mariadb,1,root/mariadb/sql/item.cc:9858:9858:11:971:T,/root/mariadb/sql/item.cc,9858,9858,0,0,mariadb_target_001629
mariadb_aflgo_r1,mariadb,1,root/mariadb/sql/item.cc:9858:9858:11:971:F,/root/mariadb/sql/item.cc,9858,9858,0,0,mariadb_target_001629
mariadb_aflgo_r1,mariadb,1,root/mariadb/sql/item.cc:10104:10104:11:994:T,/root/mariadb/sql/item.cc,10104,10104,0,0,mariadb_target_000099;mariadb_target_001249
mariadb_aflgo_r1,mariadb,1,root/mariadb/sql/item.cc:10104:10104:11:994:F,/root/mariadb/sql/item.cc,10104,10104,59,1,mariadb_target_000099;mariadb_target_001249
mariadb_aflgo_r1,mariadb,1,root/mariadb/sql/item.cc:10104:10104:11:995:T,/root/mariadb/sql/item.cc,10104,10104,0,0,mariadb_target_000099;mariadb_target_001249
mariadb_aflgo_r1,mariadb,1,root/mariadb/sql/item.cc:10104:10104:11:995:F,/root/mariadb/sql/item.cc,10104,10104,0,0,mariadb_target_000099;mariadb_target_001249
mariadb_aflgo_r1,mariadb,1,root/mariadb/sql/item.cc:10106:10106:11:996:T,/root/mariadb/sql/item.cc,10106,10106,59,1,mariadb_target_000099;mariadb_target_001249
mariadb_aflgo_r1,mariadb,1,root/mariadb/sql/item.cc:10106:10106:11:996:F,/root/mariadb/sql/item.cc,10106,10106,0,0,mariadb_target_000099;mariadb_target_001249
mariadb_aflgo_r1,mariadb,1,root/mariadb/sql/item.cc:10122:10122:11:997:T,/root/mariadb/sql/item.cc,10122,10122,0,0,mariadb_target_000100;mariadb_target_001250
mariadb_aflgo_r1,mariadb,1,root/mariadb/sql/item.cc:10122:10122:11:997:F,/root/mariadb/sql/item.cc,10122,10122,0,0,mariadb_target_000100;mariadb_target_001250
mariadb_aflgo_r1,mariadb,1,root/mariadb/sql/item.cc:10125:10125:11:998:T,/root/mariadb/sql/item.cc,10125,10125,0,0,mariadb_target_000100;mariadb_target_001250
mariadb_aflgo_r1,mariadb,1,root/mariadb/sql/item.cc:10125:10125:11:998:F,/root/mariadb/sql/item.cc,10125,10125,0,0,mariadb_target_000100;mariadb_target_001250
mariadb_aflgo_r1,mariadb,1,root/mariadb/sql/item.cc:10127:10128:11:999:T,/root/mariadb/sql/item.cc,10127,10128,0,0,mariadb_target_000101;mariadb_target_001251
mariadb_aflgo_r1,mariadb,1,root/mariadb/sql/item.cc:10127:10128:11:999:F,/root/mariadb/sql/item.cc,10127,10128,0,0,mariadb_target_000101;mariadb_target_001251
mariadb_aflgo_r1,mariadb,1,root/mariadb/sql/item.cc:10177:10177:11:1000:T,/root/mariadb/sql/item.cc,10177,10177,0,0,mariadb_target_000102;mariadb_target_001252;mariadb_target_001253
mariadb_aflgo_r1,mariadb,1,root/mariadb/sql/item.cc:10177:10177:11:1000:F,/root/mariadb/sql/item.cc,10177,10177,0,0,mariadb_target_000102;mariadb_target_001252;mariadb_target_001253
mariadb_aflgo_r1,mariadb,1,root/mariadb/sql/item.cc:10178:10178:11:1001:T,/root/mariadb/sql/item.cc,10178,10178,0,0,mariadb_target_000102;mariadb_target_000103;mariadb_target_001252;mariadb_target_001253;mariadb_target_001254
mariadb_aflgo_r1,mariadb,1,root/mariadb/sql/item.cc:10178:10178:11:1001:F,/root/mariadb/sql/item.cc,10178,10178,0,0,mariadb_target_000102;mariadb_target_000103;mariadb_target_001252;mariadb_target_001253;mariadb_target_001254
mariadb_aflgo_r1,mariadb,1,root/mariadb/sql/item.cc:10203:10203:11:1002:T,/root/mariadb/sql/item.cc,10203,10203,0,0,mariadb_target_000104;mariadb_target_001256
mariadb_aflgo_r1,mariadb,1,root/mariadb/sql/item.cc:10203:10203:11:1002:F,/root/mariadb/sql/item.cc,10203,10203,0,0,mariadb_target_000104;mariadb_target_001256
mariadb_aflgo_r1,mariadb,1,root/mariadb/sql/item.cc:10489:10489:11:1026:T,/root/mariadb/sql/item.cc,10489,10489,0,0,mariadb_target_000113;mariadb_target_001269;mariadb_target_001270;mariadb_target_001271
mariadb_aflgo_r1,mariadb,1,root/mariadb/sql/item.cc:10489:10489:11:1026:F,/root/mariadb/sql/item.cc,10489,10489,0,0,mariadb_target_000113;mariadb_target_001269;mariadb_target_001270;mariadb_target_001271
mariadb_aflgo_r1,mariadb,1,root/mariadb/sql/item.cc:10498:10498:11:1027:T,/root/mariadb/sql/item.cc,10498,10498,0,0,mariadb_target_000114;mariadb_target_001271;mariadb_target_001272;mariadb_target_001273;mariadb_target_001274
mariadb_aflgo_r1,mariadb,1,root/mariadb/sql/item.cc:10498:10498:11:1027:F,/root/mariadb/sql/item.cc,10498,10498,0,0,mariadb_target_000114;mariadb_target_001271;mariadb_target_001272;mariadb_target_001273;mariadb_target_001274
mariadb_aflgo_r1,mariadb,1,root/mariadb/sql/item.cc:10628:10628:11:1040:T,/root/mariadb/sql/item.cc,10628,10628,0,0,mariadb_target_000115;mariadb_target_001279
mariadb_aflgo_r1,mariadb,1,root/mariadb/sql/item.cc:10628:10628:11:1040:F,/root/mariadb/sql/item.cc,10628,10628,0,0,mariadb_target_000115;mariadb_target_001279
mariadb_aflgo_r1,mariadb,1,root/mariadb/sql/item.cc:10678:10678:11:1041:T,/root/mariadb/sql/item.cc,10678,10678,0,0,mariadb_target_000116;mariadb_target_001285
mariadb_aflgo_r1,mariadb,1,root/mariadb/sql/item.cc:10678:10678:11:1041:F,/root/mariadb/sql/item.cc,10678,10678,0,0,mariadb_target_000116;mariadb_target_001285
mariadb_aflgo_r1,mariadb,1,root/mariadb/sql/item.cc:10795:10795:11:1056:T,/root/mariadb/sql/item.cc,10795,10795,0,0,mariadb_target_000117;mariadb_target_001286;mariadb_target_001287
mariadb_aflgo_r1,mariadb,1,root/mariadb/sql/item.cc:10795:10795:11:1056:F,/root/mariadb/sql/item.cc,10795,10795,0,0,mariadb_target_000117;mariadb_target_001286;mariadb_target_001287
mariadb_aflgo_r1,mariadb,1,root/mariadb/sql/item.cc:10802:10802:11:1057:T,/root/mariadb/sql/item.cc,10802,10802,0,0,mariadb_target_001287
mariadb_aflgo_r1,mariadb,1,root/mariadb/sql/item.cc:10802:10802:11:1057:F,/root/mariadb/sql/item.cc,10802,10802,0,0,mariadb_target_001287
mariadb_aflgo_r1,mariadb,1,root/mariadb/sql/item.cc:10810:10810:11:1058:T,/root/mariadb/sql/item.cc,10810,10810,0,0,mariadb_target_001287
mariadb_aflgo_r1,mariadb,1,root/mariadb/sql/item.cc:10810:10810:11:1058:F,/root/mariadb/sql/item.cc,10810,10810,0,0,mariadb_target_001287
mariadb_aflgo_r1,mariadb,1,root/mariadb/sql/item.cc:10817:10817:11:1059:T,/root/mariadb/sql/item.cc,10817,10817,0,0,mariadb_target_001287
mariadb_aflgo_r1,mariadb,1,root/mariadb/sql/item.cc:10817:10817:11:1059:F,/root/mariadb/sql/item.cc,10817,10817,0,0,mariadb_target_001287
mariadb_aflgo_r1,mariadb,1,root/mariadb/sql/item.cc:10826:10826:11:1060:T,/root/mariadb/sql/item.cc,10826,10826,0,0,mariadb_target_001287
mariadb_aflgo_r1,mariadb,1,root/mariadb/sql/item.cc:10826:10826:11:1060:F,/root/mariadb/sql/item.cc,10826,10826,0,0,mariadb_target_001287
mariadb_aflgo_r1,mariadb,1,root/mariadb/sql/item.cc:10833:10833:11:1061:T,/root/mariadb/sql/item.cc,10833,10833,0,0,mariadb_target_001287
mariadb_aflgo_r1,mariadb,1,root/mariadb/sql/item.cc:10833:10833:11:1061:F,/root/mariadb/sql/item.cc,10833,10833,0,0,mariadb_target_001287
mariadb_aflgo_r1,mariadb,1,root/mariadb/sql/item.cc:10840:10840:11:1062:T,/root/mariadb/sql/item.cc,10840,10840,0,0,mariadb_target_000118;mariadb_target_001288
mariadb_aflgo_r1,mariadb,1,root/mariadb/sql/item.cc:10840:10840:11:1062:F,/root/mariadb/sql/item.cc,10840,10840,0,0,mariadb_target_000118;mariadb_target_001288
mariadb_aflgo_r1,mariadb,1,root/mariadb/sql/item.cc:10856:10856:11:1064:T,/root/mariadb/sql/item.cc,10856,10856,0,0,mariadb_target_000119;mariadb_target_001289;mariadb_target_001290;mariadb_target_001291
mariadb_aflgo_r1,mariadb,1,root/mariadb/sql/item.cc:10856:10856:11:1064:F,/root/mariadb/sql/item.cc,10856,10856,0,0,mariadb_target_000119;mariadb_target_001289;mariadb_target_001290;mariadb_target_001291
mariadb_aflgo_r1,mariadb,1,root/mariadb/sql/item.cc:10874:10874:11:1065:T,/root/mariadb/sql/item.cc,10874,10874,38,1,mariadb_target_000121;mariadb_target_000122;mariadb_target_001294;mariadb_target_001295;mariadb_target_001296
mariadb_aflgo_r1,mariadb,1,root/mariadb/sql/item.cc:10874:10874:11:1065:F,/root/mariadb/sql/item.cc,10874,10874,0,0,mariadb_target_000121;mariadb_target_000122;mariadb_target_001294;mariadb_target_001295;mariadb_target_001296
mariadb_aflgo_r1,mariadb,1,root/mariadb/sql/item.cc:10876:10876:11:1066:T,/root/mariadb/sql/item.cc,10876,10876,0,0,mariadb_target_000121;mariadb_target_000122;mariadb_target_001294;mariadb_target_001295;mariadb_target_001296;mariadb_target_001297
mariadb_aflgo_r1,mariadb,1,root/mariadb/sql/item.cc:10876:10876:11:1066:F,/root/mariadb/sql/item.cc,10876,10876,0,0,mariadb_target_000121;mariadb_target_000122;mariadb_target_001294;mariadb_target_001295;mariadb_target_001296;mariadb_target_001297
mariadb_aflgo_r1,mariadb,1,root/mariadb/sql/item.cc:10876:10876:11:1067:T,/root/mariadb/sql/item.cc,10876,10876,0,0,mariadb_target_000121;mariadb_target_000122;mariadb_target_001294;mariadb_target_001295;mariadb_target_001296;mariadb_target_001297
mariadb_aflgo_r1,mariadb,1,root/mariadb/sql/item.cc:10876:10876:11:1067:F,/root/mariadb/sql/item.cc,10876,10876,0,0,mariadb_target_000121;mariadb_target_000122;mariadb_target_001294;mariadb_target_001295;mariadb_target_001296;mariadb_target_001297
mariadb_aflgo_r1,mariadb,1,root/mariadb/sql/item.cc:10878:10878:11:1068:T,/root/mariadb/sql/item.cc,10878,10878,0,0,mariadb_target_000122;mariadb_target_001295;mariadb_target_001296;mariadb_target_001297
mariadb_aflgo_r1,mariadb,1,root/mariadb/sql/item.cc:10878:10878:11:1068:F,/root/mariadb/sql/item.cc,10878,10878,0,0,mariadb_target_000122;mariadb_target_001295;mariadb_target_001296;mariadb_target_001297
mariadb_aflgo_r1,mariadb,1,root/mariadb/sql/item.cc:10878:10878:11:1069:T,/root/mariadb/sql/item.cc,10878,10878,0,0,mariadb_target_000122;mariadb_target_001295;mariadb_target_001296;mariadb_target_001297
mariadb_aflgo_r1,mariadb,1,root/mariadb/sql/item.cc:10878:10878:11:1069:F,/root/mariadb/sql/item.cc,10878,10878,0,0,mariadb_target_000122;mariadb_target_001295;mariadb_target_001296;mariadb_target_001297
mariadb_aflgo_r1,mariadb,1,root/mariadb/sql/item.cc:10880:10880:11:1070:T,/root/mariadb/sql/item.cc,10880,10880,0,0,mariadb_target_000122;mariadb_target_001296;mariadb_target_001297
mariadb_aflgo_r1,mariadb,1,root/mariadb/sql/item.cc:10880:10880:11:1070:F,/root/mariadb/sql/item.cc,10880,10880,0,0,mariadb_target_000122;mariadb_target_001296;mariadb_target_001297
mariadb_aflgo_r1,mariadb,1,root/mariadb/sql/item.cc:10880:10880:11:1071:T,/root/mariadb/sql/item.cc,10880,10880,0,0,mariadb_target_000122;mariadb_target_001296;mariadb_target_001297
mariadb_aflgo_r1,mariadb,1,root/mariadb/sql/item.cc:10880:10880:11:1071:F,/root/mariadb/sql/item.cc,10880,10880,0,0,mariadb_target_000122;mariadb_target_001296;mariadb_target_001297
mariadb_aflgo_r1,mariadb,1,root/mariadb/sql/item.cc:10881:10881:11:1072:T,/root/mariadb/sql/item.cc,10881,10881,0,0,mariadb_target_000122;mariadb_target_000123;mariadb_target_001296;mariadb_target_001297;mariadb_target_001298
mariadb_aflgo_r1,mariadb,1,root/mariadb/sql/item.cc:10881:10881:11:1072:F,/root/mariadb/sql/item.cc,10881,10881,0,0,mariadb_target_000122;mariadb_target_000123;mariadb_target_001296;mariadb_target_001297;mariadb_target_001298
mariadb_aflgo_r1,mariadb,1,root/mariadb/sql/item.cc:10881:10881:11:1073:T,/root/mariadb/sql/item.cc,10881,10881,0,0,mariadb_target_000122;mariadb_target_000123;mariadb_target_001296;mariadb_target_001297;mariadb_target_001298
mariadb_aflgo_r1,mariadb,1,root/mariadb/sql/item.cc:10881:10881:11:1073:F,/root/mariadb/sql/item.cc,10881,10881,0,0,mariadb_target_000122;mariadb_target_000123;mariadb_target_001296;mariadb_target_001297;mariadb_target_001298
mariadb_aflgo_r1,mariadb,1,root/mariadb/sql/item.cc:10890:10890:11:1074:T,/root/mariadb/sql/item.cc,10890,10890,8,1,mariadb_target_000123;mariadb_target_000124;mariadb_target_001298;mariadb_target_001299;mariadb_target_001300;mariadb_target_001301
mariadb_aflgo_r1,mariadb,1,root/mariadb/sql/item.cc:10890:10890:11:1074:F,/root/mariadb/sql/item.cc,10890,10890,0,0,mariadb_target_000123;mariadb_target_000124;mariadb_target_001298;mariadb_target_001299;mariadb_target_001300;mariadb_target_001301
mariadb_aflgo_r1,mariadb,1,root/mariadb/sql/item.cc:10893:10893:11:1075:T,/root/mariadb/sql/item.cc,10893,10893,0,0,mariadb_target_000124;mariadb_target_001299;mariadb_target_001300;mariadb_target_001301;mariadb_target_001302
mariadb_aflgo_r1,mariadb,1,root/mariadb/sql/item.cc:10893:10893:11:1075:F,/root/mariadb/sql/item.cc,10893,10893,0,0,mariadb_target_000124;mariadb_target_001299;mariadb_target_001300;mariadb_target_001301;mariadb_target_001302
mariadb_aflgo_r1,mariadb,1,root/mariadb/sql/item.cc:10897:10897:11:1076:T,/root/mariadb/sql/item.cc,10897,10897,0,0,mariadb_target_000124;mariadb_target_001301;mariadb_target_001302
mariadb_aflgo_r1,mariadb,1,root/mariadb/sql/item.cc:10897:10897:11:1076:F,/root/mariadb/sql/item.cc,10897,10897,0,0,mariadb_target_000124;mariadb_target_001301;mariadb_target_001302
mariadb_aflgo_r1,mariadb,1,root/mariadb/sql/item.cc:10980:10980:11:1083:T,/root/mariadb/sql/item.cc,10980,10980,0,0,mariadb_target_000125;mariadb_target_001303
mariadb_aflgo_r1,mariadb,1,root/mariadb/sql/item.cc:10980:10980:11:1083:F,/root/mariadb/sql/item.cc,10980,10980,0,0,mariadb_target_000125;mariadb_target_001303
mariadb_aflgo_r1,mariadb,1,root/mariadb/sql/item.cc:10990:10990:11:1084:T,/root/mariadb/sql/item.cc,10990,10990,0,0,mariadb_target_000126;mariadb_target_001304;mariadb_target_001305
mariadb_aflgo_r1,mariadb,1,root/mariadb/sql/item.cc:10990:10990:11:1084:F,/root/mariadb/sql/item.cc,10990,10990,0,0,mariadb_target_000126;mariadb_target_001304;mariadb_target_001305
mariadb_aflgo_r1,mariadb,1,root/mariadb/sql/item.cc:10996:10996:11:1085:T,/root/mariadb/sql/item.cc,10996,10996,0,0,mariadb_target_000126;mariadb_target_001305
mariadb_aflgo_r1,mariadb,1,root/mariadb/sql/item.cc:10996:10996:11:1085:F,/root/mariadb/sql/item.cc,10996,10996,0,0,mariadb_target_000126;mariadb_target_001305
mariadb_aflgo_r1,mariadb,1,root/mariadb/sql/item.cc:10996:10996:11:1086:T,/root/mariadb/sql/item.cc,10996,10996,0,0,mariadb_target_000126;mariadb_target_001305
mariadb_aflgo_r1,mariadb,1,root/mariadb/sql/item.cc:10996:10996:11:1086:F,/root/mariadb/sql/item.cc,10996,10996,0,0,mariadb_target_000126;mariadb_target_001305
mariadb_aflgo_r1,mariadb,1,root/mariadb/sql/item.cc:11060:11060:11:1095:T,/root/mariadb/sql/item.cc,11060,11060,0,0,mariadb_target_000127;mariadb_target_001306
mariadb_aflgo_r1,mariadb,1,root/mariadb/sql/item.cc:11060:11060:11:1095:F,/root/mariadb/sql/item.cc,11060,11060,0,0,mariadb_target_000127;mariadb_target_001306
mariadb_aflgo_r1,mariadb,1,root/mariadb/sql/item.cc:11060:11060:11:1096:T,/root/mariadb/sql/item.cc,11060,11060,0,0,mariadb_target_000127;mariadb_target_001306
mariadb_aflgo_r1,mariadb,1,root/mariadb/sql/item.cc:11060:11060:11:1096:F,/root/mariadb/sql/item.cc,11060,11060,0,0,mariadb_target_000127;mariadb_target_001306
mariadb_aflgo_r1,mariadb,1,root/mariadb/sql/item.cc:11068:11068:11:1097:T,/root/mariadb/sql/item.cc,11068,11068,0,0,mariadb_target_000128;mariadb_target_001307
mariadb_aflgo_r1,mariadb,1,root/mariadb/sql/item.cc:11068:11068:11:1097:F,/root/mariadb/sql/item.cc,11068,11068,0,0,mariadb_target_000128;mariadb_target_001307
mariadb_aflgo_r1,mariadb,1,root/mariadb/sql/item.cc:11070:11070:11:1098:T,/root/mariadb/sql/item.cc,11070,11070,0,0,mariadb_target_000128;mariadb_target_001307
mariadb_aflgo_r1,mariadb,1,root/mariadb/sql/item.cc:11070:11070:11:1098:F,/root/mariadb/sql/item.cc,11070,11070,0,0,mariadb_target_000128;mariadb_target_001307
mariadb_aflgo_r1,mariadb,1,root/mariadb/sql/item.cc:11087:11087:11:1100:T,/root/mariadb/sql/item.cc,11087,11087,0,0,mariadb_target_000129;mariadb_target_001308
mariadb_aflgo_r1,mariadb,1,root/mariadb/sql/item.cc:11087:11087:11:1100:F,/root/mariadb/sql/item.cc,11087,11087,0,0,mariadb_target_000129;mariadb_target_001308
mariadb_aflgo_r1,mariadb,1,root/mariadb/sql/item.cc:11093:11093:11:1101:T,/root/mariadb/sql/item.cc,11093,11093,0,0,mariadb_target_000129;mariadb_target_001308
mariadb_aflgo_r1,mariadb,1,root/mariadb/sql/item.cc:11093:11093:11:1101:F,/root/mariadb/sql/item.cc,11093,11093,0,0,mariadb_target_000129;mariadb_target_001308
mariadb_aflgo_r1,mariadb,1,root/mariadb/sql/item.cc:11093:11093:11:1102:T,/root/mariadb/sql/item.cc,11093,11093,0,0,mariadb_target_000129;mariadb_target_001308
mariadb_aflgo_r1,mariadb,1,root/mariadb/sql/item.cc:11093:11093:11:1102:F,/root/mariadb/sql/item.cc,11093,11093,0,0,mariadb_target_000129;mariadb_target_001308
mariadb_aflgo_r1,mariadb,1,root/mariadb/sql/item.cc:11164:11164:11:1111:T,/root/mariadb/sql/item.cc,11164,11164,0,0,mariadb_target_000130;mariadb_target_001309
mariadb_aflgo_r1,mariadb,1,root/mariadb/sql/item.cc:11164:11164:11:1111:F,/root/mariadb/sql/item.cc,11164,11164,0,0,mariadb_target_000130;mariadb_target_001309
mariadb_aflgo_r1,mariadb,1,root/mariadb/sql/item.cc:11234:11234:11:1116:T,/root/mariadb/sql/item.cc,11234,11234,0,0,mariadb_target_000132;mariadb_target_001312;mariadb_target_001313
mariadb_aflgo_r1,mariadb,1,root/mariadb/sql/item.cc:11234:11234:11:1116:F,/root/mariadb/sql/item.cc,11234,11234,0,0,mariadb_target_000132;mariadb_target_001312;mariadb_target_001313
mariadb_aflgo_r1,mariadb,1,root/mariadb/sql/item.cc:11241:11241:11:1117:T,/root/mariadb/sql/item.cc,11241,11241,0,0,mariadb_target_000132;mariadb_target_001313;mariadb_target_001314;mariadb_target_001315
mariadb_aflgo_r1,mariadb,1,root/mariadb/sql/item.cc:11241:11241:11:1117:F,/root/mariadb/sql/item.cc,11241,11241,0,0,mariadb_target_000132;mariadb_target_001313;mariadb_target_001314;mariadb_target_001315
mariadb_aflgo_r1,mariadb,1,root/mariadb/sql/item.cc:11241:11241:11:1118:T,/root/mariadb/sql/item.cc,11241,11241,0,0,mariadb_target_000132;mariadb_target_001313;mariadb_target_001314;mariadb_target_001315
mariadb_aflgo_r1,mariadb,1,root/mariadb/sql/item.cc:11241:11241:11:1118:F,/root/mariadb/sql/item.cc,11241,11241,0,0,mariadb_target_000132;mariadb_target_001313;mariadb_target_001314;mariadb_target_001315
mariadb_aflgo_r1,mariadb,1,root/mariadb/sql/item.cc:11320:11320:11:1129:T,/root/mariadb/sql/item.cc,11320,11320,0,0,mariadb_target_000133;mariadb_target_001316;mariadb_target_001317
mariadb_aflgo_r1,mariadb,1,root/mariadb/sql/item.cc:11320:11320:11:1129:F,/root/mariadb/sql/item.cc,11320,11320,16,1,mariadb_target_000133;mariadb_target_001316;mariadb_target_001317
mariadb_aflgo_r1,mariadb,1,root/mariadb/sql/item.cc:11326:11326:11:1130:T,/root/mariadb/sql/item.cc,11326,11326,16,1,mariadb_target_000134;mariadb_target_001317;mariadb_target_001318;mariadb_target_001319
mariadb_aflgo_r1,mariadb,1,root/mariadb/sql/item.cc:11326:11326:11:1130:F,/root/mariadb/sql/item.cc,11326,11326,0,0,mariadb_target_000134;mariadb_target_001317;mariadb_target_001318;mariadb_target_001319
mariadb_aflgo_r1,mariadb,1,root/mariadb/sql/item.cc:11326:11326:11:1131:T,/root/mariadb/sql/item.cc,11326,11326,0,0,mariadb_target_000134;mariadb_target_001317;mariadb_target_001318;mariadb_target_001319
mariadb_aflgo_r1,mariadb,1,root/mariadb/sql/item.cc:11326:11326:11:1131:F,/root/mariadb/sql/item.cc,11326,11326,16,1,mariadb_target_000134;mariadb_target_001317;mariadb_target_001318;mariadb_target_001319
mariadb_aflgo_r1,mariadb,1,root/mariadb/sql/item.cc:11328:11328:11:1132:T,/root/mariadb/sql/item.cc,11328,11328,16,1,mariadb_target_000134;mariadb_target_001318;mariadb_target_001319
mariadb_aflgo_r1,mariadb,1,root/mariadb/sql/item.cc:11328:11328:11:1132:F,/root/mariadb/sql/item.cc,11328,11328,0,0,mariadb_target_000134;mariadb_target_001318;mariadb_target_001319
mariadb_aflgo_r1,mariadb,1,root/mariadb/sql/item.cc:11329:11329:11:1133:T,/root/mariadb/sql/item.cc,11329,11329,0,0,mariadb_target_000134;mariadb_target_001318;mariadb_target_001319
mariadb_aflgo_r1,mariadb,1,root/mariadb/sql/item.cc:11329:11329:11:1133:F,/root/mariadb/sql/item.cc,11329,11329,16,1,mariadb_target_000134;mariadb_target_001318;mariadb_target_001319
mariadb_aflgo_r1,mariadb,1,root/mariadb/sql/item.cc:11336:11336:11:1134:T,/root/mariadb/sql/item.cc,11336,11336,0,0,mariadb_target_000135;mariadb_target_001320
mariadb_aflgo_r1,mariadb,1,root/mariadb/sql/item.cc:11336:11336:11:1134:F,/root/mariadb/sql/item.cc,11336,11336,0,0,mariadb_target_000135;mariadb_target_001320
mariadb_aflgo_r1,mariadb,1,root/mariadb/sql/item.cc:11377:11377:11:1140:T,/root/mariadb/sql/item.cc,11377,11377,0,0,mariadb_target_000136;mariadb_target_000137;mariadb_target_001321;mariadb_target_001322
mariadb_aflgo_r1,mariadb,1,root/mariadb/sql/item.cc:11377:11377:11:1140:F,/root/mariadb/sql/item.cc,11377,11377,1,1,mariadb_target_000136;mariadb_target_000137;mariadb_target_001321;mariadb_target_001322
mariadb_aflgo_r1,mariadb,1,root/mariadb/sql/item.cc:11387:11387:11:1141:T,/root/mariadb/sql/item.cc,11387,11387,1,1,mariadb_target_000138;mariadb_target_000139;mariadb_target_001323;mariadb_target_001324;mariadb_target_001325
mariadb_aflgo_r1,mariadb,1,root/mariadb/sql/item.cc:11387:11387:11:1141:F,/root/mariadb/sql/item.cc,11387,11387,0,0,mariadb_target_000138;mariadb_target_000139;mariadb_target_001323;mariadb_target_001324;mariadb_target_001325
mariadb_aflgo_r1,mariadb,1,root/mariadb/sql/item.cc:11387:11387:11:1142:T,/root/mariadb/sql/item.cc,11387,11387,0,0,mariadb_target_000138;mariadb_target_000139;mariadb_target_001323;mariadb_target_001324;mariadb_target_001325
mariadb_aflgo_r1,mariadb,1,root/mariadb/sql/item.cc:11387:11387:11:1142:F,/root/mariadb/sql/item.cc,11387,11387,1,1,mariadb_target_000138;mariadb_target_000139;mariadb_target_001323;mariadb_target_001324;mariadb_target_001325
mariadb_aflgo_r1,mariadb,1,root/mariadb/sql/item.cc:11389:11389:11:1143:T,/root/mariadb/sql/item.cc,11389,11389,0,0,mariadb_target_000138;mariadb_target_000139;mariadb_target_001323;mariadb_target_001324;mariadb_target_001325
mariadb_aflgo_r1,mariadb,1,root/mariadb/sql/item.cc:11389:11389:11:1143:F,/root/mariadb/sql/item.cc,11389,11389,1,1,mariadb_target_000138;mariadb_target_000139;mariadb_target_001323;mariadb_target_001324;mariadb_target_001325
mariadb_aflgo_r1,mariadb,1,root/mariadb/sql/item.cc:11391:11391:11:1144:T,/root/mariadb/sql/item.cc,11391,11391,1,1,mariadb_target_000139;mariadb_target_001324;mariadb_target_001325
mariadb_aflgo_r1,mariadb,1,root/mariadb/sql/item.cc:11391:11391:11:1144:F,/root/mariadb/sql/item.cc,11391,11391,0,0,mariadb_target_000139;mariadb_target_001324;mariadb_target_001325
mariadb_aflgo_r1,mariadb,1,root/mariadb/sql/item.cc:11447:11447:11:1153:T,/root/mariadb/sql/item.cc,11447,11447,0,0,mariadb_target_000140;mariadb_target_001326
mariadb_aflgo_r1,mariadb,1,root/mariadb/sql/item.cc:11447:11447:11:1153:F,/root/mariadb/sql/item.cc,11447,11447,0,0,mariadb_target_000140;mariadb_target_001326
mariadb_aflgo_r1,mariadb,1,root/mariadb/sql/item.cc:11447:11447:11:1154:T,/root/mariadb/sql/item.cc,11447,11447,0,0,mariadb_target_000140;mariadb_target_001326
mariadb_aflgo_r1,mariadb,1,root/mariadb/sql/item.cc:11447:11447:11:1154:F,/root/mariadb/sql/item.cc,11447,11447,0,0,mariadb_target_000140;mariadb_target_001326
mariadb_aflgo_r1,mariadb,1,root/mariadb/sql/item.cc:11448:11448:11:1155:T,/root/mariadb/sql/item.cc,11448,11448,0,0,mariadb_target_000140;mariadb_target_001326
mariadb_aflgo_r1,mariadb,1,root/mariadb/sql/item.cc:11448:11448:11:1155:F,/root/mariadb/sql/item.cc,11448,11448,0,0,mariadb_target_000140;mariadb_target_001326
mariadb_aflgo_r1,mariadb,1,root/mariadb/sql/item.cc:11455:11455:11:1156:T,/root/mariadb/sql/item.cc,11455,11455,0,0,mariadb_target_000140;mariadb_target_000141;mariadb_target_001326;mariadb_target_001327
mariadb_aflgo_r1,mariadb,1,root/mariadb/sql/item.cc:11455:11455:11:1156:F,/root/mariadb/sql/item.cc,11455,11455,0,0,mariadb_target_000140;mariadb_target_000141;mariadb_target_001326;mariadb_target_001327
mariadb_aflgo_r1,mariadb,1,root/mariadb/sql/item.cc:11455:11455:11:1157:T,/root/mariadb/sql/item.cc,11455,11455,0,0,mariadb_target_000140;mariadb_target_000141;mariadb_target_001326;mariadb_target_001327
mariadb_aflgo_r1,mariadb,1,root/mariadb/sql/item.cc:11455:11455:11:1157:F,/root/mariadb/sql/item.cc,11455,11455,0,0,mariadb_target_000140;mariadb_target_000141;mariadb_target_001326;mariadb_target_001327
mariadb_aflgo_r1,mariadb,1,root/mariadb/sql/item.cc:11463:11463:11:1158:T,/root/mariadb/sql/item.cc,11463,11463,0,0,mariadb_target_000141;mariadb_target_000142;mariadb_target_001327;mariadb_target_001328
mariadb_aflgo_r1,mariadb,1,root/mariadb/sql/item.cc:11463:11463:11:1158:F,/root/mariadb/sql/item.cc,11463,11463,0,0,mariadb_target_000141;mariadb_target_000142;mariadb_target_001327;mariadb_target_001328
mariadb_aflgo_r1,mariadb,1,root/mariadb/sql/item.cc:11465:11465:11:1159:T,/root/mariadb/sql/item.cc,11465,11465,0,0,mariadb_target_000142;mariadb_target_001328
mariadb_aflgo_r1,mariadb,1,root/mariadb/sql/item.cc:11465:11465:11:1159:F,/root/mariadb/sql/item.cc,11465,11465,0,0,mariadb_target_000142;mariadb_target_001328
mariadb_aflgo_r1,mariadb,1,root/mariadb/sql/item.cc:11486:11486:11:1160:T,/root/mariadb/sql/item.cc,11486,11486,0,0,mariadb_target_000144;mariadb_target_001330;mariadb_target_001331
mariadb_aflgo_r1,mariadb,1,root/mariadb/sql/item.cc:11486:11486:11:1160:F,/root/mariadb/sql/item.cc,11486,11486,0,0,mariadb_target_000144;mariadb_target_001330;mariadb_target_001331
mariadb_aflgo_r1,mariadb,1,root/mariadb/sql/item.cc:11486:11486:11:1161:T,/root/mariadb/sql/item.cc,11486,11486,0,0,mariadb_target_000144;mariadb_target_001330;mariadb_target_001331
mariadb_aflgo_r1,mariadb,1,root/mariadb/sql/item.cc:11486:11486:11:1161:F,/root/mariadb/sql/item.cc,11486,11486,0,0,mariadb_target_000144;mariadb_target_001330;mariadb_target_001331
mariadb_aflgo_r1,mariadb,1,root/mariadb/sql/item.cc:11488:11488:11:1162:T,/root/mariadb/sql/item.cc,11488,11488,0,0,mariadb_target_001331
mariadb_aflgo_r1,mariadb,1,root/mariadb/sql/item.cc:11488:11488:11:1162:F,/root/mariadb/sql/item.cc,11488,11488,0,0,mariadb_target_001331
mariadb_aflgo_r1,mariadb,1,root/mariadb/sql/item.cc:11549:11549:11:1169:T,/root/mariadb/sql/item.cc,11549,11549,0,0,mariadb_target_001333
mariadb_aflgo_r1,mariadb,1,root/mariadb/sql/item.cc:11549:11549:11:1169:F,/root/mariadb/sql/item.cc,11549,11549,0,0,mariadb_target_001333
mariadb_aflgo_r1,mariadb,1,root/mariadb/sql/item.cc:11669:11669:11:1178:T,/root/mariadb/sql/item.cc,11669,11669,0,0,mariadb_target_000146;mariadb_target_001334
mariadb_aflgo_r1,mariadb,1,root/mariadb/sql/item.cc:11669:11669:11:1178:F,/root/mariadb/sql/item.cc,11669,11669,65818,1,mariadb_target_000146;mariadb_target_001334
mariadb_aflgo_r1,mariadb,1,root/mariadb/sql/item.cc:11670:11670:11:1179:T,/root/mariadb/sql/item.cc,11670,11670,0,0,mariadb_target_000146;mariadb_target_001334
mariadb_aflgo_r1,mariadb,1,root/mariadb/sql/item.cc:11670:11670:11:1179:F,/root/mariadb/sql/item.cc,11670,11670,0,0,mariadb_target_000146;mariadb_target_001334
mariadb_aflgo_r1,mariadb,1,root/mariadb/sql/item.cc:11677:11677:11:1180:T,/root/mariadb/sql/item.cc,11677,11677,0,0,mariadb_target_000146;mariadb_target_001334;mariadb_target_001335
mariadb_aflgo_r1,mariadb,1,root/mariadb/sql/item.cc:11677:11677:11:1180:F,/root/mariadb/sql/item.cc,11677,11677,786,1,mariadb_target_000146;mariadb_target_001334;mariadb_target_001335
mariadb_aflgo_r1,mariadb,1,root/mariadb/sql/item.cc:11715:11715:11:1189:T,/root/mariadb/sql/item.cc,11715,11715,0,0,mariadb_target_000147;mariadb_target_001336
mariadb_aflgo_r1,mariadb,1,root/mariadb/sql/item.cc:11715:11715:11:1189:F,/root/mariadb/sql/item.cc,11715,11715,0,0,mariadb_target_000147;mariadb_target_001336
mariadb_aflgo_r1,mariadb,1,root/mariadb/sql/item.cc:11717:11717:11:1190:T,/root/mariadb/sql/item.cc,11717,11717,0,0,mariadb_target_000147;mariadb_target_000148;mariadb_target_001336;mariadb_target_001337
mariadb_aflgo_r1,mariadb,1,root/mariadb/sql/item.cc:11717:11717:11:1190:F,/root/mariadb/sql/item.cc,11717,11717,0,0,mariadb_target_000147;mariadb_target_000148;mariadb_target_001336;mariadb_target_001337
mariadb_aflgo_r1,mariadb,1,root/mariadb/sql/item.cc:11717:11717:11:1191:T,/root/mariadb/sql/item.cc,11717,11717,0,0,mariadb_target_000147;mariadb_target_000148;mariadb_target_001336;mariadb_target_001337
mariadb_aflgo_r1,mariadb,1,root/mariadb/sql/item.cc:11717:11717:11:1191:F,/root/mariadb/sql/item.cc,11717,11717,0,0,mariadb_target_000147;mariadb_target_000148;mariadb_target_001336;mariadb_target_001337
mariadb_aflgo_r1,mariadb,1,root/mariadb/sql/item.cc:11720:11720:11:1192:T,/root/mariadb/sql/item.cc,11720,11720,0,0,mariadb_target_000147;mariadb_target_000148;mariadb_target_001336;mariadb_target_001337
mariadb_aflgo_r1,mariadb,1,root/mariadb/sql/item.cc:11720:11720:11:1192:F,/root/mariadb/sql/item.cc,11720,11720,0,0,mariadb_target_000147;mariadb_target_000148;mariadb_target_001336;mariadb_target_001337
mariadb_aflgo_r1,mariadb,1,root/mariadb/sql/item.cc:11720:11720:11:1193:T,/root/mariadb/sql/item.cc,11720,11720,0,0,mariadb_target_000147;mariadb_target_000148;mariadb_target_001336;mariadb_target_001337
mariadb_aflgo_r1,mariadb,1,root/mariadb/sql/item.cc:11720:11720:11:1193:F,/root/mariadb/sql/item.cc,11720,11720,0,0,mariadb_target_000147;mariadb_target_000148;mariadb_target_001336;mariadb_target_001337
mariadb_aflgo_r1,mariadb,1,root/mariadb/sql/item.cc:11737:11737:11:1194:T,/root/mariadb/sql/item.cc,11737,11737,0,0,mariadb_target_000149;mariadb_target_001338;mariadb_target_001339
mariadb_aflgo_r1,mariadb,1,root/mariadb/sql/item.cc:11737:11737:11:1194:F,/root/mariadb/sql/item.cc,11737,11737,0,0,mariadb_target_000149;mariadb_target_001338;mariadb_target_001339
mariadb_aflgo_r1,mariadb,1,root/mariadb/sql/item.cc:11749:11749:11:1195:T,/root/mariadb/sql/item.cc,11749,11749,0,0,mariadb_target_000150;mariadb_target_001339;mariadb_target_001340
mariadb_aflgo_r1,mariadb,1,root/mariadb/sql/item.cc:11749:11749:11:1195:F,/root/mariadb/sql/item.cc,11749,11749,0,0,mariadb_target_000150;mariadb_target_001339;mariadb_target_001340
mariadb_aflgo_r1,mariadb,1,root/mariadb/sql/item.cc:11906:11906:11:1200:T,/root/mariadb/sql/item.cc,11906,11906,0,0,mariadb_target_000153;mariadb_target_001345
mariadb_aflgo_r1,mariadb,1,root/mariadb/sql/item.cc:11906:11906:11:1200:F,/root/mariadb/sql/item.cc,11906,11906,0,0,mariadb_target_000153;mariadb_target_001345
mariadb_aflgo_r1,mariadb,1,root/mariadb/sql/item.cc:11915:11915:11:1201:T,/root/mariadb/sql/item.cc,11915,11915,0,0,mariadb_target_000154;mariadb_target_001346
mariadb_aflgo_r1,mariadb,1,root/mariadb/sql/item.cc:11915:11915:11:1201:F,/root/mariadb/sql/item.cc,11915,11915,0,0,mariadb_target_000154;mariadb_target_001346
mariadb_aflgo_r1,mariadb,1,root/mariadb/sql/item.cc:11923:11923:11:1202:T,/root/mariadb/sql/item.cc,11923,11923,16809,1,mariadb_target_000154;mariadb_target_001346
mariadb_aflgo_r1,mariadb,1,root/mariadb/sql/item.cc:11923:11923:11:1202:F,/root/mariadb/sql/item.cc,11923,11923,0,0,mariadb_target_000154;mariadb_target_001346
mariadb_aflgo_r1,mariadb,1,root/mariadb/sql/item.cc:2353:2353:11:1211:T,/root/mariadb/sql/item.cc,2353,2353,182,1,mariadb_target_000177;mariadb_target_001382
mariadb_aflgo_r1,mariadb,1,root/mariadb/sql/item.cc:2353:2353:11:1211:F,/root/mariadb/sql/item.cc,2353,2353,0,0,mariadb_target_000177;mariadb_target_001382
mariadb_aflgo_r1,mariadb,1,root/mariadb/sql/item.h:2927:2927:12:36:T,/root/mariadb/sql/item.h,2927,2927,8079,1,mariadb_target_000315;mariadb_target_001637
mariadb_aflgo_r1,mariadb,1,root/mariadb/sql/item.h:2927:2927:12:36:F,/root/mariadb/sql/item.h,2927,2927,6189,1,mariadb_target_000315;mariadb_target_001637
mariadb_aflgo_r1,mariadb,1,root/mariadb/sql/item.h:2929:2929:12:37:T,/root/mariadb/sql/item.h,2929,2929,0,0,mariadb_target_000315;mariadb_target_001637
mariadb_aflgo_r1,mariadb,1,root/mariadb/sql/item.h:2929:2929:12:37:F,/root/mariadb/sql/item.h,2929,2929,8079,1,mariadb_target_000315;mariadb_target_001637
mariadb_aflgo_r1,mariadb,1,root/mariadb/sql/item.h:2936:2936:12:38:T,/root/mariadb/sql/item.h,2936,2936,0,0,mariadb_target_000315;mariadb_target_001637
mariadb_aflgo_r1,mariadb,1,root/mariadb/sql/item.h:2936:2936:12:38:F,/root/mariadb/sql/item.h,2936,2936,0,0,mariadb_target_000315;mariadb_target_001637
mariadb_aflgo_r1,mariadb,1,root/mariadb/sql/item.h:2938:2938:12:39:T,/root/mariadb/sql/item.h,2938,2938,0,0,mariadb_target_000315;mariadb_target_001637
mariadb_aflgo_r1,mariadb,1,root/mariadb/sql/item.h:2938:2938:12:39:F,/root/mariadb/sql/item.h,2938,2938,0,0,mariadb_target_000315;mariadb_target_001637
mariadb_aflgo_r1,mariadb,1,root/mariadb/sql/item.h:2945:2945:12:40:T,/root/mariadb/sql/item.h,2945,2945,0,0,mariadb_target_000315;mariadb_target_001637
mariadb_aflgo_r1,mariadb,1,root/mariadb/sql/item.h:2945:2945:12:40:F,/root/mariadb/sql/item.h,2945,2945,0,0,mariadb_target_000315;mariadb_target_001637
mariadb_aflgo_r1,mariadb,1,root/mariadb/sql/item.h:2947:2947:12:41:T,/root/mariadb/sql/item.h,2947,2947,0,0,mariadb_target_000315;mariadb_target_001637
mariadb_aflgo_r1,mariadb,1,root/mariadb/sql/item.h:2947:2947:12:41:F,/root/mariadb/sql/item.h,2947,2947,0,0,mariadb_target_000315;mariadb_target_001637
mariadb_aflgo_r1,mariadb,1,root/mariadb/sql/item.h:2956:2956:12:42:T,/root/mariadb/sql/item.h,2956,2956,0,0,mariadb_target_000315;mariadb_target_001637
mariadb_aflgo_r1,mariadb,1,root/mariadb/sql/item.h:2956:2956:12:42:F,/root/mariadb/sql/item.h,2956,2956,0,0,mariadb_target_000315;mariadb_target_001637
mariadb_aflgo_r1,mariadb,1,root/mariadb/sql/item.h:2963:2963:12:43:T,/root/mariadb/sql/item.h,2963,2963,0,0,mariadb_target_000315;mariadb_target_001637
mariadb_aflgo_r1,mariadb,1,root/mariadb/sql/item.h:2963:2963:12:43:F,/root/mariadb/sql/item.h,2963,2963,0,0,mariadb_target_000315;mariadb_target_001637
mariadb_aflgo_r1,mariadb,1,root/mariadb/sql/item.h:2963:2963:12:44:T,/root/mariadb/sql/item.h,2963,2963,0,0,mariadb_target_000315;mariadb_target_001637
mariadb_aflgo_r1,mariadb,1,root/mariadb/sql/item.h:2963:2963:12:44:F,/root/mariadb/sql/item.h,2963,2963,0,0,mariadb_target_000315;mariadb_target_001637
mariadb_aflgo_r1,mariadb,1,root/mariadb/sql/item.h:2965:2965:12:45:T,/root/mariadb/sql/item.h,2965,2965,0,0,mariadb_target_000315;mariadb_target_001637
mariadb_aflgo_r1,mariadb,1,root/mariadb/sql/item.h:2965:2965:12:45:F,/root/mariadb/sql/item.h,2965,2965,0,0,mariadb_target_000315;mariadb_target_001637
mariadb_aflgo_r1,mariadb,1,root/mariadb/sql/item.h:2973:2973:12:46:T,/root/mariadb/sql/item.h,2973,2973,302,1,mariadb_target_000315;mariadb_target_001637
mariadb_aflgo_r1,mariadb,1,root/mariadb/sql/item.h:2973:2973:12:46:F,/root/mariadb/sql/item.h,2973,2973,130,1,mariadb_target_000315;mariadb_target_001637
mariadb_aflgo_r1,mariadb,1,root/mariadb/sql/item.h:2975:2975:12:47:T,/root/mariadb/sql/item.h,2975,2975,20,1,mariadb_target_000315;mariadb_target_001637
mariadb_aflgo_r1,mariadb,1,root/mariadb/sql/item.h:2975:2975:12:47:F,/root/mariadb/sql/item.h,2975,2975,282,1,mariadb_target_000315;mariadb_target_001637
mariadb_aflgo_r1,mariadb,1,root/mariadb/sql/item.h:2982:2982:12:48:T,/root/mariadb/sql/item.h,2982,2982,0,0,mariadb_target_000315;mariadb_target_001637
mariadb_aflgo_r1,mariadb,1,root/mariadb/sql/item.h:2982:2982:12:48:F,/root/mariadb/sql/item.h,2982,2982,0,0,mariadb_target_000315;mariadb_target_001637
mariadb_aflgo_r1,mariadb,1,root/mariadb/sql/item.h:2984:2984:12:49:T,/root/mariadb/sql/item.h,2984,2984,0,0,mariadb_target_000315;mariadb_target_001637
mariadb_aflgo_r1,mariadb,1,root/mariadb/sql/item.h:2984:2984:12:49:F,/root/mariadb/sql/item.h,2984,2984,0,0,mariadb_target_000315;mariadb_target_001637
mariadb_aflgo_r1,mariadb,1,root/mariadb/sql/item.h:2986:2986:12:50:T,/root/mariadb/sql/item.h,2986,2986,0,0,mariadb_target_000315;mariadb_target_001637
mariadb_aflgo_r1,mariadb,1,root/mariadb/sql/item.h:2986:2986:12:50:F,/root/mariadb/sql/item.h,2986,2986,0,0,mariadb_target_000315;mariadb_target_001637
mariadb_aflgo_r1,mariadb,1,root/mariadb/sql/item.h:3056:3056:12:51:T,/root/mariadb/sql/item.h,3056,3056,0,0,mariadb_target_000315;mariadb_target_001637
mariadb_aflgo_r1,mariadb,1,root/mariadb/sql/item.h:3056:3056:12:51:F,/root/mariadb/sql/item.h,3056,3056,0,0,mariadb_target_000315;mariadb_target_001637
mariadb_aflgo_r1,mariadb,1,root/mariadb/sql/item.h:3058:3058:12:52:T,/root/mariadb/sql/item.h,3058,3058,0,0,mariadb_target_000315;mariadb_target_001637
mariadb_aflgo_r1,mariadb,1,root/mariadb/sql/item.h:3058:3058:12:52:F,/root/mariadb/sql/item.h,3058,3058,0,0,mariadb_target_000315;mariadb_target_001637
mariadb_aflgo_r1,mariadb,1,root/mariadb/sql/item.h:3076:3076:12:53:T,/root/mariadb/sql/item.h,3076,3076,0,0,mariadb_target_000315;mariadb_target_001637
mariadb_aflgo_r1,mariadb,1,root/mariadb/sql/item.h:3076:3076:12:53:F,/root/mariadb/sql/item.h,3076,3076,0,0,mariadb_target_000315;mariadb_target_001637
mariadb_aflgo_r1,mariadb,1,root/mariadb/sql/item.h:4488:4488:12:93:T,/root/mariadb/sql/item.h,4488,4488,0,0,mariadb_target_000320;mariadb_target_001644
mariadb_aflgo_r1,mariadb,1,root/mariadb/sql/item.h:4488:4488:12:93:F,/root/mariadb/sql/item.h,4488,4488,0,0,mariadb_target_000320;mariadb_target_001644
mariadb_aflgo_r1,mariadb,1,root/mariadb/sql/item.h:4489:4489:12:94:T,/root/mariadb/sql/item.h,4489,4489,0,0,mariadb_target_000320;mariadb_target_001644
mariadb_aflgo_r1,mariadb,1,root/mariadb/sql/item.h:4489:4489:12:94:F,/root/mariadb/sql/item.h,4489,4489,0,0,mariadb_target_000320;mariadb_target_001644
mariadb_aflgo_r1,mariadb,1,root/mariadb/sql/item.h:4490:4490:12:95:T,/root/mariadb/sql/item.h,4490,4490,0,0,mariadb_target_000320;mariadb_target_001644
mariadb_aflgo_r1,mariadb,1,root/mariadb/sql/item.h:4490:4490:12:95:F,/root/mariadb/sql/item.h,4490,4490,0,0,mariadb_target_000320;mariadb_target_001644
mariadb_aflgo_r1,mariadb,1,root/mariadb/sql/item.h:4981:4981:12:111:T,/root/mariadb/sql/item.h,4981,4981,0,0,mariadb_target_000329;mariadb_target_000330;mariadb_target_000331;mariadb_target_001654;mariadb_target_001655;mariadb_target_001656
mariadb_aflgo_r1,mariadb,1,root/mariadb/sql/item.h:4981:4981:12:111:F,/root/mariadb/sql/item.h,4981,4981,0,0,mariadb_target_000329;mariadb_target_000330;mariadb_target_000331;mariadb_target_001654;mariadb_target_001655;mariadb_target_001656
mariadb_aflgo_r1,mariadb,1,root/mariadb/sql/item.h:4985:4985:12:112:T,/root/mariadb/sql/item.h,4985,4985,0,0,mariadb_target_000330;mariadb_target_000331;mariadb_target_000332;mariadb_target_000333;mariadb_target_001655;mariadb_target_001656;mariadb_target_001657;mariadb_target_001658
mariadb_aflgo_r1,mariadb,1,root/mariadb/sql/item.h:4985:4985:12:112:F,/root/mariadb/sql/item.h,4985,4985,0,0,mariadb_target_000330;mariadb_target_000331;mariadb_target_000332;mariadb_target_000333;mariadb_target_001655;mariadb_target_001656;mariadb_target_001657;mariadb_target_001658
mariadb_aflgo_r1,mariadb,1,root/mariadb/sql/item.h:5577:5577:12:115:T,/root/mariadb/sql/item.h,5577,5577,0,0,mariadb_target_000351;mariadb_target_000352;mariadb_target_001677;mariadb_target_001678;mariadb_target_001679
mariadb_aflgo_r1,mariadb,1,root/mariadb/sql/item.h:5577:5577:12:115:F,/root/mariadb/sql/item.h,5577,5577,0,0,mariadb_target_000351;mariadb_target_000352;mariadb_target_001677;mariadb_target_001678;mariadb_target_001679
mariadb_aflgo_r1,mariadb,1,root/mariadb/sql/item.h:5578:5578:12:116:T,/root/mariadb/sql/item.h,5578,5578,0,0,mariadb_target_000351;mariadb_target_000352;mariadb_target_001677;mariadb_target_001678;mariadb_target_001679
mariadb_aflgo_r1,mariadb,1,root/mariadb/sql/item.h:5578:5578:12:116:F,/root/mariadb/sql/item.h,5578,5578,0,0,mariadb_target_000351;mariadb_target_000352;mariadb_target_001677;mariadb_target_001678;mariadb_target_001679
mariadb_aflgo_r1,mariadb,1,root/mariadb/sql/item.h:5622:5622:12:119:T,/root/mariadb/sql/item.h,5622,5622,0,0,mariadb_target_000354;mariadb_target_001682
mariadb_aflgo_r1,mariadb,1,root/mariadb/sql/item.h:5622:5622:12:119:F,/root/mariadb/sql/item.h,5622,5622,0,0,mariadb_target_000354;mariadb_target_001682
mariadb_aflgo_r1,mariadb,1,root/mariadb/sql/item.h:5626:5626:12:120:T,/root/mariadb/sql/item.h,5626,5626,0,0,mariadb_target_000354;mariadb_target_001682
mariadb_aflgo_r1,mariadb,1,root/mariadb/sql/item.h:5626:5626:12:120:F,/root/mariadb/sql/item.h,5626,5626,0,0,mariadb_target_000354;mariadb_target_001682
mariadb_aflgo_r1,mariadb,1,root/mariadb/sql/item.h:5747:5747:12:127:T,/root/mariadb/sql/item.h,5747,5747,0,0,mariadb_target_000365;mariadb_target_000366;mariadb_target_000367;mariadb_target_001694;mariadb_target_001695;mariadb_target_001696
mariadb_aflgo_r1,mariadb,1,root/mariadb/sql/item.h:5747:5747:12:127:F,/root/mariadb/sql/item.h,5747,5747,0,0,mariadb_target_000365;mariadb_target_000366;mariadb_target_000367;mariadb_target_001694;mariadb_target_001695;mariadb_target_001696
mariadb_aflgo_r1,mariadb,1,root/mariadb/sql/item.h:5752:5752:12:128:T,/root/mariadb/sql/item.h,5752,5752,0,0,mariadb_target_000367;mariadb_target_001696;mariadb_target_001697
mariadb_aflgo_r1,mariadb,1,root/mariadb/sql/item.h:5752:5752:12:128:F,/root/mariadb/sql/item.h,5752,5752,0,0,mariadb_target_000367;mariadb_target_001696;mariadb_target_001697
mariadb_aflgo_r1,mariadb,1,root/mariadb/sql/item.h:6316:6316:12:163:T,/root/mariadb/sql/item.h,6316,6316,16,1,mariadb_target_000376;mariadb_target_001707
mariadb_aflgo_r1,mariadb,1,root/mariadb/sql/item.h:6316:6316:12:163:F,/root/mariadb/sql/item.h,6316,6316,0,0,mariadb_target_000376;mariadb_target_001707
mariadb_aflgo_r1,mariadb,1,root/mariadb/sql/item.h:6316:6316:12:164:T,/root/mariadb/sql/item.h,6316,6316,0,0,mariadb_target_000376;mariadb_target_001707
mariadb_aflgo_r1,mariadb,1,root/mariadb/sql/item.h:6316:6316:12:164:F,/root/mariadb/sql/item.h,6316,6316,16,1,mariadb_target_000376;mariadb_target_001707
mariadb_aflgo_r1,mariadb,1,root/mariadb/sql/item.h:6421:6421:12:188:T,/root/mariadb/sql/item.h,6421,6421,0,0,mariadb_target_000379;mariadb_target_001710
mariadb_aflgo_r1,mariadb,1,root/mariadb/sql/item.h:6421:6421:12:188:F,/root/mariadb/sql/item.h,6421,6421,0,0,mariadb_target_000379;mariadb_target_001710
mariadb_aflgo_r1,mariadb,1,root/mariadb/sql/item.h:6782:6782:12:222:T,/root/mariadb/sql/item.h,6782,6782,0,0,mariadb_target_000387;mariadb_target_001718
mariadb_aflgo_r1,mariadb,1,root/mariadb/sql/item.h:6782:6782:12:222:F,/root/mariadb/sql/item.h,6782,6782,0,0,mariadb_target_000387;mariadb_target_001718
mariadb_aflgo_r1,mariadb,1,root/mariadb/sql/item.h:6789:6789:12:223:T,/root/mariadb/sql/item.h,6789,6789,0,0,mariadb_target_000387;mariadb_target_000388;mariadb_target_001718;mariadb_target_001719
mariadb_aflgo_r1,mariadb,1,root/mariadb/sql/item.h:6789:6789:12:223:F,/root/mariadb/sql/item.h,6789,6789,0,0,mariadb_target_000387;mariadb_target_000388;mariadb_target_001718;mariadb_target_001719
mariadb_aflgo_r1,mariadb,1,root/mariadb/sql/item.h:6797:6797:12:224:T,/root/mariadb/sql/item.h,6797,6797,0,0,mariadb_target_000389;mariadb_target_001720
mariadb_aflgo_r1,mariadb,1,root/mariadb/sql/item.h:6797:6797:12:224:F,/root/mariadb/sql/item.h,6797,6797,0,0,mariadb_target_000389;mariadb_target_001720
mariadb_aflgo_r1,mariadb,1,root/mariadb/sql/item.h:6812:6812:12:226:T,/root/mariadb/sql/item.h,6812,6812,0,0,mariadb_target_000390;mariadb_target_001721;mariadb_target_001722
mariadb_aflgo_r1,mariadb,1,root/mariadb/sql/item.h:6812:6812:12:226:F,/root/mariadb/sql/item.h,6812,6812,0,0,mariadb_target_000390;mariadb_target_001721;mariadb_target_001722
mariadb_aflgo_r1,mariadb,1,root/mariadb/sql/item.h:7218:7218:12:239:T,/root/mariadb/sql/item.h,7218,7218,0,0,mariadb_target_000396;mariadb_target_001731
mariadb_aflgo_r1,mariadb,1,root/mariadb/sql/item.h:7218:7218:12:239:F,/root/mariadb/sql/item.h,7218,7218,0,0,mariadb_target_000396;mariadb_target_001731
mariadb_aflgo_r1,mariadb,1,root/mariadb/sql/item.h:7218:7218:12:240:T,/root/mariadb/sql/item.h,7218,7218,0,0,mariadb_target_000396;mariadb_target_001731
mariadb_aflgo_r1,mariadb,1,root/mariadb/sql/item.h:7218:7218:12:240:F,/root/mariadb/sql/item.h,7218,7218,0,0,mariadb_target_000396;mariadb_target_001731
mariadb_aflgo_r1,mariadb,1,root/mariadb/sql/item.h:7622:7622:12:249:T,/root/mariadb/sql/item.h,7622,7622,0,0,mariadb_target_000410;mariadb_target_001759
mariadb_aflgo_r1,mariadb,1,root/mariadb/sql/item.h:7622:7622:12:249:F,/root/mariadb/sql/item.h,7622,7622,0,0,mariadb_target_000410;mariadb_target_001759
mariadb_aflgo_r1,mariadb,1,root/mariadb/sql/item.h:7623:7623:12:250:T,/root/mariadb/sql/item.h,7623,7623,0,0,mariadb_target_000410;mariadb_target_001759
mariadb_aflgo_r1,mariadb,1,root/mariadb/sql/item.h:7623:7623:12:250:F,/root/mariadb/sql/item.h,7623,7623,0,0,mariadb_target_000410;mariadb_target_001759
mariadb_aflgo_r1,mariadb,1,root/mariadb/sql/item.h:8151:8151:12:283:T,/root/mariadb/sql/item.h,8151,8151,0,0,mariadb_target_000417;mariadb_target_000418;mariadb_target_000419;mariadb_target_001768;mariadb_target_001769;mariadb_target_001770;mariadb_target_001771
mariadb_aflgo_r1,mariadb,1,root/mariadb/sql/item.h:8151:8151:12:283:F,/root/mariadb/sql/item.h,8151,8151,0,0,mariadb_target_000417;mariadb_target_000418;mariadb_target_000419;mariadb_target_001768;mariadb_target_001769;mariadb_target_001770;mariadb_target_001771
mariadb_aflgo_r1,mariadb,1,root/mariadb/sql/item.h:8158:8158:12:284:T,/root/mariadb/sql/item.h,8158,8158,0,0,mariadb_target_000419;mariadb_target_001771;mariadb_target_001772
mariadb_aflgo_r1,mariadb,1,root/mariadb/sql/item.h:8158:8158:12:284:F,/root/mariadb/sql/item.h,8158,8158,0,0,mariadb_target_000419;mariadb_target_001771;mariadb_target_001772
mariadb_aflgo_r1,mariadb,1,root/mariadb/sql/item.h:8160:8160:12:285:T,/root/mariadb/sql/item.h,8160,8160,0,0,mariadb_target_000419;mariadb_target_001771
mariadb_aflgo_r1,mariadb,1,root/mariadb/sql/item.h:8160:8160:12:285:F,/root/mariadb/sql/item.h,8160,8160,0,0,mariadb_target_000419;mariadb_target_001771
mariadb_aflgo_r1,mariadb,1,root/mariadb/sql/item.h:8705:8705:12:293:T,/root/mariadb/sql/item.h,8705,8705,0,0,mariadb_target_000427;mariadb_target_001782
mariadb_aflgo_r1,mariadb,1,root/mariadb/sql/item.h:8705:8705:12:293:F,/root/mariadb/sql/item.h,8705,8705,0,0,mariadb_target_000427;mariadb_target_001782
mariadb_aflgo_r1,mariadb,1,root/mariadb/sql/item.h:8707:8707:12:294:T,/root/mariadb/sql/item.h,8707,8707,0,0,mariadb_target_000427;mariadb_target_001782
mariadb_aflgo_r1,mariadb,1,root/mariadb/sql/item.h:8707:8707:12:294:F,/root/mariadb/sql/item.h,8707,8707,0,0,mariadb_target_000427;mariadb_target_001782
mariadb_aflgo_r1,mariadb,1,root/mariadb/sql/item.h:8708:8708:12:295:T,/root/mariadb/sql/item.h,8708,8708,0,0,mariadb_target_000427;mariadb_target_001782
mariadb_aflgo_r1,mariadb,1,root/mariadb/sql/item.h:8708:8708:12:295:F,/root/mariadb/sql/item.h,8708,8708,0,0,mariadb_target_000427;mariadb_target_001782
mariadb_aflgo_r1,mariadb,1,root/mariadb/sql/item.h:8751:8751:12:296:T,/root/mariadb/sql/item.h,8751,8751,0,0,mariadb_target_000428;mariadb_target_001783
mariadb_aflgo_r1,mariadb,1,root/mariadb/sql/item.h:8751:8751:12:296:F,/root/mariadb/sql/item.h,8751,8751,0,0,mariadb_target_000428;mariadb_target_001783
mariadb_aflgo_r1,mariadb,1,root/mariadb/sql/item.h:8755:8755:12:297:T,/root/mariadb/sql/item.h,8755,8755,0,0,mariadb_target_000428;mariadb_target_000430;mariadb_target_001783;mariadb_target_001785
mariadb_aflgo_r1,mariadb,1,root/mariadb/sql/item.h:8755:8755:12:297:F,/root/mariadb/sql/item.h,8755,8755,0,0,mariadb_target_000428;mariadb_target_000430;mariadb_target_001783;mariadb_target_001785
mariadb_aflgo_r1,mariadb,1,root/mariadb/sql/item.h:8778:8778:12:298:T,/root/mariadb/sql/item.h,8778,8778,4383,1,mariadb_target_000428;mariadb_target_001783
mariadb_aflgo_r1,mariadb,1,root/mariadb/sql/item.h:8778:8778:12:298:F,/root/mariadb/sql/item.h,8778,8778,18015,1,mariadb_target_000428;mariadb_target_001783
mariadb_aflgo_r1,mariadb,1,root/mariadb/sql/item.h:8780:8780:12:299:T,/root/mariadb/sql/item.h,8780,8780,0,0,mariadb_target_000428;mariadb_target_001783
mariadb_aflgo_r1,mariadb,1,root/mariadb/sql/item.h:8780:8780:12:299:F,/root/mariadb/sql/item.h,8780,8780,4383,1,mariadb_target_000428;mariadb_target_001783
mariadb_aflgo_r1,mariadb,1,root/mariadb/sql/item.h:8790:8790:12:300:T,/root/mariadb/sql/item.h,8790,8790,0,0,mariadb_target_000428;mariadb_target_001783
mariadb_aflgo_r1,mariadb,1,root/mariadb/sql/item.h:8790:8790:12:300:F,/root/mariadb/sql/item.h,8790,8790,0,0,mariadb_target_000428;mariadb_target_001783
mariadb_aflgo_r1,mariadb,1,root/mariadb/sql/item.h:8806:8806:12:301:T,/root/mariadb/sql/item.h,8806,8806,0,0,mariadb_target_000428;mariadb_target_000433;mariadb_target_001783;mariadb_target_001788
mariadb_aflgo_r1,mariadb,1,root/mariadb/sql/item.h:8806:8806:12:301:F,/root/mariadb/sql/item.h,8806,8806,0,0,mariadb_target_000428;mariadb_target_000433;mariadb_target_001783;mariadb_target_001788
mariadb_aflgo_r1,mariadb,1,root/mariadb/sql/item.h:8807:8807:12:302:T,/root/mariadb/sql/item.h,8807,8807,0,0,mariadb_target_000428;mariadb_target_001783
mariadb_aflgo_r1,mariadb,1,root/mariadb/sql/item.h:8807:8807:12:302:F,/root/mariadb/sql/item.h,8807,8807,0,0,mariadb_target_000428;mariadb_target_001783
mariadb_aflgo_r1,mariadb,1,root/mariadb/sql/item_cmpfunc.cc:201:201:13:9:T,/root/mariadb/sql/item_cmpfunc.cc,201,201,3,1,mariadb_target_000435;mariadb_target_001790
mariadb_aflgo_r1,mariadb,1,root/mariadb/sql/item_cmpfunc.cc:201:201:13:9:F,/root/mariadb/sql/item_cmpfunc.cc,201,201,0,0,mariadb_target_000435;mariadb_target_001790
mariadb_aflgo_r1,mariadb,1,root/mariadb/sql/item_cmpfunc.cc:201:201:13:10:T,/root/mariadb/sql/item_cmpfunc.cc,201,201,1,1,mariadb_target_000435;mariadb_target_001790
mariadb_aflgo_r1,mariadb,1,root/mariadb/sql/item_cmpfunc.cc:201:201:13:10:F,/root/mariadb/sql/item_cmpfunc.cc,201,201,2,1,mariadb_target_000435;mariadb_target_001790
mariadb_aflgo_r1,mariadb,1,root/mariadb/sql/item_cmpfunc.h:252:252:14:10:T,/root/mariadb/sql/item_cmpfunc.h,252,252,0,0,mariadb_target_000445;mariadb_target_001801;mariadb_target_001802
mariadb_aflgo_r1,mariadb,1,root/mariadb/sql/item_cmpfunc.h:252:252:14:10:F,/root/mariadb/sql/item_cmpfunc.h,252,252,0,0,mariadb_target_000445;mariadb_target_001801;mariadb_target_001802
mariadb_aflgo_r1,mariadb,1,root/mariadb/sql/item_cmpfunc.h:280:280:14:11:T,/root/mariadb/sql/item_cmpfunc.h,280,280,0,0,mariadb_target_000447;mariadb_target_001804
mariadb_aflgo_r1,mariadb,1,root/mariadb/sql/item_cmpfunc.h:280:280:14:11:F,/root/mariadb/sql/item_cmpfunc.h,280,280,0,0,mariadb_target_000447;mariadb_target_001804
mariadb_aflgo_r1,mariadb,1,root/mariadb/sql/item_cmpfunc.h:535:535:14:12:T,/root/mariadb/sql/item_cmpfunc.h,535,535,0,0,mariadb_target_000467;mariadb_target_001826;mariadb_target_001827
mariadb_aflgo_r1,mariadb,1,root/mariadb/sql/item_cmpfunc.h:535:535:14:12:F,/root/mariadb/sql/item_cmpfunc.h,535,535,24,1,mariadb_target_000467;mariadb_target_001826;mariadb_target_001827
mariadb_aflgo_r1,mariadb,1,root/mariadb/sql/item_cmpfunc.h:567:567:14:13:T,/root/mariadb/sql/item_cmpfunc.h,567,567,28,1,mariadb_target_000468;mariadb_target_001828
mariadb_aflgo_r1,mariadb,1,root/mariadb/sql/item_cmpfunc.h:567:567:14:13:F,/root/mariadb/sql/item_cmpfunc.h,567,567,0,0,mariadb_target_000468;mariadb_target_001828
mariadb_aflgo_r1,mariadb,1,root/mariadb/sql/item_cmpfunc.h:596:596:14:14:T,/root/mariadb/sql/item_cmpfunc.h,596,596,0,0,mariadb_target_001830
mariadb_aflgo_r1,mariadb,1,root/mariadb/sql/item_cmpfunc.h:596:596:14:14:F,/root/mariadb/sql/item_cmpfunc.h,596,596,29,1,mariadb_target_001830
mariadb_aflgo_r1,mariadb,1,root/mariadb/sql/item_cmpfunc.h:597:597:14:15:T,/root/mariadb/sql/item_cmpfunc.h,597,597,0,0,mariadb_target_001830
mariadb_aflgo_r1,mariadb,1,root/mariadb/sql/item_cmpfunc.h:597:597:14:15:F,/root/mariadb/sql/item_cmpfunc.h,597,597,0,0,mariadb_target_001830
mariadb_aflgo_r1,mariadb,1,root/mariadb/sql/item_cmpfunc.h:598:598:14:16:T,/root/mariadb/sql/item_cmpfunc.h,598,598,0,0,mariadb_target_001830
mariadb_aflgo_r1,mariadb,1,root/mariadb/sql/item_cmpfunc.h:598:598:14:16:F,/root/mariadb/sql/item_cmpfunc.h,598,598,0,0,mariadb_target_001830
mariadb_aflgo_r1,mariadb,1,root/mariadb/sql/item_cmpfunc.h:602:602:14:17:T,/root/mariadb/sql/item_cmpfunc.h,602,602,0,0,mariadb_target_001830
mariadb_aflgo_r1,mariadb,1,root/mariadb/sql/item_cmpfunc.h:602:602:14:17:F,/root/mariadb/sql/item_cmpfunc.h,602,602,0,0,mariadb_target_001830
mariadb_aflgo_r1,mariadb,1,root/mariadb/sql/item_cmpfunc.h:776:776:14:19:T,/root/mariadb/sql/item_cmpfunc.h,776,776,78,1,mariadb_target_000472;mariadb_target_001833
mariadb_aflgo_r1,mariadb,1,root/mariadb/sql/item_cmpfunc.h:776:776:14:19:F,/root/mariadb/sql/item_cmpfunc.h,776,776,63,1,mariadb_target_000472;mariadb_target_001833
mariadb_aflgo_r1,mariadb,1,root/mariadb/sql/item_cmpfunc.h:814:814:14:20:T,/root/mariadb/sql/item_cmpfunc.h,814,814,0,0,mariadb_target_000473;mariadb_target_001834
mariadb_aflgo_r1,mariadb,1,root/mariadb/sql/item_cmpfunc.h:814:814:14:20:F,/root/mariadb/sql/item_cmpfunc.h,814,814,0,0,mariadb_target_000473;mariadb_target_001834
mariadb_aflgo_r1,mariadb,1,root/mariadb/sql/item_cmpfunc.h:1195:1195:14:21:T,/root/mariadb/sql/item_cmpfunc.h,1195,1195,0,0,mariadb_target_000437;mariadb_target_001792
mariadb_aflgo_r1,mariadb,1,root/mariadb/sql/item_cmpfunc.h:1195:1195:14:21:F,/root/mariadb/sql/item_cmpfunc.h,1195,1195,0,0,mariadb_target_000437;mariadb_target_001792
mariadb_aflgo_r1,mariadb,1,root/mariadb/sql/item_cmpfunc.h:1268:1268:14:22:T,/root/mariadb/sql/item_cmpfunc.h,1268,1268,0,0,mariadb_target_000439;mariadb_target_001794
mariadb_aflgo_r1,mariadb,1,root/mariadb/sql/item_cmpfunc.h:1268:1268:14:22:F,/root/mariadb/sql/item_cmpfunc.h,1268,1268,88,1,mariadb_target_000439;mariadb_target_001794
mariadb_aflgo_r1,mariadb,1,root/mariadb/sql/item_cmpfunc.h:1268:1269:14:23:T,/root/mariadb/sql/item_cmpfunc.h,1268,1269,0,0,mariadb_target_000439;mariadb_target_001794
mariadb_aflgo_r1,mariadb,1,root/mariadb/sql/item_cmpfunc.h:1268:1269:14:23:F,/root/mariadb/sql/item_cmpfunc.h,1268,1269,88,1,mariadb_target_000439;mariadb_target_001794
mariadb_aflgo_r1,mariadb,1,root/mariadb/sql/item_cmpfunc.h:1269:1269:14:24:T,/root/mariadb/sql/item_cmpfunc.h,1269,1269,0,0,mariadb_target_000439;mariadb_target_001794
mariadb_aflgo_r1,mariadb,1,root/mariadb/sql/item_cmpfunc.h:1269:1269:14:24:F,/root/mariadb/sql/item_cmpfunc.h,1269,1269,88,1,mariadb_target_000439;mariadb_target_001794
mariadb_aflgo_r1,mariadb,1,root/mariadb/sql/item_cmpfunc.h:1369:1369:14:37:T,/root/mariadb/sql/item_cmpfunc.h,1369,1369,0,0,mariadb_target_000440;mariadb_target_001795
mariadb_aflgo_r1,mariadb,1,root/mariadb/sql/item_cmpfunc.h:1369:1369:14:37:F,/root/mariadb/sql/item_cmpfunc.h,1369,1369,95,1,mariadb_target_000440;mariadb_target_001795
mariadb_aflgo_r1,mariadb,1,root/mariadb/sql/item_cmpfunc.h:2306:2306:14:72:T,/root/mariadb/sql/item_cmpfunc.h,2306,2306,2,1,mariadb_target_000444;mariadb_target_001799
mariadb_aflgo_r1,mariadb,1,root/mariadb/sql/item_cmpfunc.h:2306:2306:14:72:F,/root/mariadb/sql/item_cmpfunc.h,2306,2306,76,1,mariadb_target_000444;mariadb_target_001799
mariadb_aflgo_r1,mariadb,1,root/mariadb/sql/item_cmpfunc.h:2415:2415:14:73:T,/root/mariadb/sql/item_cmpfunc.h,2415,2415,78,1,mariadb_target_001800
mariadb_aflgo_r1,mariadb,1,root/mariadb/sql/item_cmpfunc.h:2415:2415:14:73:F,/root/mariadb/sql/item_cmpfunc.h,2415,2415,29,1,mariadb_target_001800
mariadb_aflgo_r1,mariadb,1,root/mariadb/sql/item_cmpfunc.h:2901:2901:14:95:T,/root/mariadb/sql/item_cmpfunc.h,2901,2901,24,1,mariadb_target_000449;mariadb_target_001806;mariadb_target_001807
mariadb_aflgo_r1,mariadb,1,root/mariadb/sql/item_cmpfunc.h:2901:2901:14:95:F,/root/mariadb/sql/item_cmpfunc.h,2901,2901,0,0,mariadb_target_000449;mariadb_target_001806;mariadb_target_001807
mariadb_aflgo_r1,mariadb,1,root/mariadb/sql/item_cmpfunc.h:3025:3025:14:101:T,/root/mariadb/sql/item_cmpfunc.h,3025,3025,142,1,mariadb_target_000453;mariadb_target_001812
mariadb_aflgo_r1,mariadb,1,root/mariadb/sql/item_cmpfunc.h:3025:3025:14:101:F,/root/mariadb/sql/item_cmpfunc.h,3025,3025,0,0,mariadb_target_000453;mariadb_target_001812
mariadb_aflgo_r1,mariadb,1,root/mariadb/sql/item_cmpfunc.h:3182:3182:14:106:T,/root/mariadb/sql/item_cmpfunc.h,3182,3182,0,0,mariadb_target_000455;mariadb_target_001814
mariadb_aflgo_r1,mariadb,1,root/mariadb/sql/item_cmpfunc.h:3182:3182:14:106:F,/root/mariadb/sql/item_cmpfunc.h,3182,3182,48,1,mariadb_target_000455;mariadb_target_001814
mariadb_aflgo_r1,mariadb,1,root/mariadb/sql/item_cmpfunc.h:3693:3693:14:119:T,/root/mariadb/sql/item_cmpfunc.h,3693,3693,30,1,mariadb_target_000462;mariadb_target_001821
mariadb_aflgo_r1,mariadb,1,root/mariadb/sql/item_cmpfunc.h:3693:3693:14:119:F,/root/mariadb/sql/item_cmpfunc.h,3693,3693,24,1,mariadb_target_000462;mariadb_target_001821
mariadb_aflgo_r1,mariadb,1,root/mariadb/sql/item_cmpfunc.h:3801:3801:14:120:T,/root/mariadb/sql/item_cmpfunc.h,3801,3801,280,1,mariadb_target_000463;mariadb_target_001822
mariadb_aflgo_r1,mariadb,1,root/mariadb/sql/item_cmpfunc.h:3801:3801:14:120:F,/root/mariadb/sql/item_cmpfunc.h,3801,3801,0,0,mariadb_target_000463;mariadb_target_001822
mariadb_aflgo_r1,mariadb,1,root/mariadb/sql/item_cmpfunc.h:3903:3903:14:124:T,/root/mariadb/sql/item_cmpfunc.h,3903,3903,0,0,mariadb_target_000465;mariadb_target_001824
mariadb_aflgo_r1,mariadb,1,root/mariadb/sql/item_cmpfunc.h:3903:3903:14:124:F,/root/mariadb/sql/item_cmpfunc.h,3903,3903,0,0,mariadb_target_000465;mariadb_target_001824
mariadb_aflgo_r1,mariadb,1,root/mariadb/sql/item_func.cc:462:462:15:50:T,/root/mariadb/sql/item_func.cc,462,462,0,0,mariadb_target_000475;mariadb_target_001836
mariadb_aflgo_r1,mariadb,1,root/mariadb/sql/item_func.cc:462:462:15:50:F,/root/mariadb/sql/item_func.cc,462,462,0,0,mariadb_target_000475;mariadb_target_001836
mariadb_aflgo_r1,mariadb,1,root/mariadb/sql/item_func.h:412:412:16:30:T,/root/mariadb/sql/item_func.h,412,412,0,0,mariadb_target_000527;mariadb_target_001899
mariadb_aflgo_r1,mariadb,1,root/mariadb/sql/item_func.h:412:412:16:30:F,/root/mariadb/sql/item_func.h,412,412,0,0,mariadb_target_000527;mariadb_target_001899
mariadb_aflgo_r1,mariadb,1,root/mariadb/sql/item_func.h:414:414:16:31:T,/root/mariadb/sql/item_func.h,414,414,0,0,mariadb_target_000527;mariadb_target_001899
mariadb_aflgo_r1,mariadb,1,root/mariadb/sql/item_func.h:414:414:16:31:F,/root/mariadb/sql/item_func.h,414,414,0,0,mariadb_target_000527;mariadb_target_001899
mariadb_aflgo_r1,mariadb,1,root/mariadb/sql/item_func.h:415:415:16:32:T,/root/mariadb/sql/item_func.h,415,415,0,0,mariadb_target_000527;mariadb_target_001899
mariadb_aflgo_r1,mariadb,1,root/mariadb/sql/item_func.h:415:415:16:32:F,/root/mariadb/sql/item_func.h,415,415,0,0,mariadb_target_000527;mariadb_target_001899
mariadb_aflgo_r1,mariadb,1,root/mariadb/sql/item_func.h:590:590:16:40:T,/root/mariadb/sql/item_func.h,590,590,0,0,mariadb_target_000543;mariadb_target_000544;mariadb_target_001924;mariadb_target_001925
mariadb_aflgo_r1,mariadb,1,root/mariadb/sql/item_func.h:590:590:16:40:F,/root/mariadb/sql/item_func.h,590,590,0,0,mariadb_target_000543;mariadb_target_000544;mariadb_target_001924;mariadb_target_001925
mariadb_aflgo_r1,mariadb,1,root/mariadb/sql/item_func.h:597:597:16:41:T,/root/mariadb/sql/item_func.h,597,597,0,0,mariadb_target_000544;mariadb_target_000545;mariadb_target_001925;mariadb_target_001926
mariadb_aflgo_r1,mariadb,1,root/mariadb/sql/item_func.h:597:597:16:41:F,/root/mariadb/sql/item_func.h,597,597,0,0,mariadb_target_000544;mariadb_target_000545;mariadb_target_001925;mariadb_target_001926
mariadb_aflgo_r1,mariadb,1,root/mariadb/sql/item_func.h:759:759:16:42:T,/root/mariadb/sql/item_func.h,759,759,0,0,mariadb_target_000561;mariadb_target_001943;mariadb_target_001944
mariadb_aflgo_r1,mariadb,1,root/mariadb/sql/item_func.h:759:759:16:42:F,/root/mariadb/sql/item_func.h,759,759,0,0,mariadb_target_000561;mariadb_target_001943;mariadb_target_001944
mariadb_aflgo_r1,mariadb,1,root/mariadb/sql/item_func.h:791:791:16:43:T,/root/mariadb/sql/item_func.h,791,791,0,0,mariadb_target_000564;mariadb_target_001947;mariadb_target_001948
mariadb_aflgo_r1,mariadb,1,root/mariadb/sql/item_func.h:791:791:16:43:F,/root/mariadb/sql/item_func.h,791,791,0,0,mariadb_target_000564;mariadb_target_001947;mariadb_target_001948
mariadb_aflgo_r1,mariadb,1,root/mariadb/sql/item_func.h:802:802:16:44:T,/root/mariadb/sql/item_func.h,802,802,0,0,mariadb_target_000564;mariadb_target_000565;mariadb_target_000566;mariadb_target_001947;mariadb_target_001949;mariadb_target_001950
mariadb_aflgo_r1,mariadb,1,root/mariadb/sql/item_func.h:802:802:16:44:F,/root/mariadb/sql/item_func.h,802,802,0,0,mariadb_target_000564;mariadb_target_000565;mariadb_target_000566;mariadb_target_001947;mariadb_target_001949;mariadb_target_001950
mariadb_aflgo_r1,mariadb,1,root/mariadb/sql/item_func.h:1455:1455:16:51:T,/root/mariadb/sql/item_func.h,1455,1455,0,0,mariadb_target_000483;mariadb_target_001845
mariadb_aflgo_r1,mariadb,1,root/mariadb/sql/item_func.h:1455:1455:16:51:F,/root/mariadb/sql/item_func.h,1455,1455,0,0,mariadb_target_000483;mariadb_target_001845
mariadb_aflgo_r1,mariadb,1,root/mariadb/sql/item_func.h:1709:1709:16:54:T,/root/mariadb/sql/item_func.h,1709,1709,0,0,mariadb_target_000492;mariadb_target_001856;mariadb_target_001857
mariadb_aflgo_r1,mariadb,1,root/mariadb/sql/item_func.h:1709:1709:16:54:F,/root/mariadb/sql/item_func.h,1709,1709,0,0,mariadb_target_000492;mariadb_target_001856;mariadb_target_001857
mariadb_aflgo_r1,mariadb,1,root/mariadb/sql/item_func.h:2604:2604:16:56:T,/root/mariadb/sql/item_func.h,2604,2604,0,0,mariadb_target_000505;mariadb_target_001872
mariadb_aflgo_r1,mariadb,1,root/mariadb/sql/item_func.h:2604:2604:16:56:F,/root/mariadb/sql/item_func.h,2604,2604,245,1,mariadb_target_000505;mariadb_target_001872
mariadb_aflgo_r1,mariadb,1,root/mariadb/sql/item_func.h:3068:3068:16:63:T,/root/mariadb/sql/item_func.h,3068,3068,0,0,mariadb_target_000515;mariadb_target_001882
mariadb_aflgo_r1,mariadb,1,root/mariadb/sql/item_func.h:3068:3068:16:63:F,/root/mariadb/sql/item_func.h,3068,3068,0,0,mariadb_target_000515;mariadb_target_001882
mariadb_aflgo_r1,mariadb,1,root/mariadb/sql/item_func.h:3957:3957:16:87:T,/root/mariadb/sql/item_func.h,3957,3957,0,0,mariadb_target_000523;mariadb_target_001892;mariadb_target_001893
mariadb_aflgo_r1,mariadb,1,root/mariadb/sql/item_func.h:3957:3957:16:87:F,/root/mariadb/sql/item_func.h,3957,3957,0,0,mariadb_target_000523;mariadb_target_001892;mariadb_target_001893
mariadb_aflgo_r1,mariadb,1,root/mariadb/sql/item_func.h:3957:3957:16:88:T,/root/mariadb/sql/item_func.h,3957,3957,0,0,mariadb_target_000523;mariadb_target_001892;mariadb_target_001893
mariadb_aflgo_r1,mariadb,1,root/mariadb/sql/item_func.h:3957:3957:16:88:F,/root/mariadb/sql/item_func.h,3957,3957,0,0,mariadb_target_000523;mariadb_target_001892;mariadb_target_001893
mariadb_aflgo_r1,mariadb,1,root/mariadb/sql/item_func.h:4356:4356:16:98:T,/root/mariadb/sql/item_func.h,4356,4356,0,0,mariadb_target_000529;mariadb_target_001902
mariadb_aflgo_r1,mariadb,1,root/mariadb/sql/item_func.h:4356:4356:16:98:F,/root/mariadb/sql/item_func.h,4356,4356,0,0,mariadb_target_000529;mariadb_target_001902
mariadb_aflgo_r1,mariadb,1,root/mariadb/sql/item_func.h:4363:4363:16:99:T,/root/mariadb/sql/item_func.h,4363,4363,0,0,mariadb_target_000530;mariadb_target_001903
mariadb_aflgo_r1,mariadb,1,root/mariadb/sql/item_func.h:4363:4363:16:99:F,/root/mariadb/sql/item_func.h,4363,4363,0,0,mariadb_target_000530;mariadb_target_001903
mariadb_aflgo_r1,mariadb,1,root/mariadb/sql/item_func.h:4370:4370:16:100:T,/root/mariadb/sql/item_func.h,4370,4370,0,0,mariadb_target_000531;mariadb_target_001904;mariadb_target_001905
mariadb_aflgo_r1,mariadb,1,root/mariadb/sql/item_func.h:4370:4370:16:100:F,/root/mariadb/sql/item_func.h,4370,4370,0,0,mariadb_target_000531;mariadb_target_001904;mariadb_target_001905
mariadb_aflgo_r1,mariadb,1,root/mariadb/sql/item_func.h:4377:4377:16:101:T,/root/mariadb/sql/item_func.h,4377,4377,0,0,mariadb_target_001905
mariadb_aflgo_r1,mariadb,1,root/mariadb/sql/item_func.h:4377:4377:16:101:F,/root/mariadb/sql/item_func.h,4377,4377,0,0,mariadb_target_001905
mariadb_aflgo_r1,mariadb,1,root/mariadb/sql/item_func.h:4388:4388:16:102:T,/root/mariadb/sql/item_func.h,4388,4388,0,0,mariadb_target_000532;mariadb_target_001906
mariadb_aflgo_r1,mariadb,1,root/mariadb/sql/item_func.h:4388:4388:16:102:F,/root/mariadb/sql/item_func.h,4388,4388,0,0,mariadb_target_000532;mariadb_target_001906
mariadb_aflgo_r1,mariadb,1,root/mariadb/sql/item_func.h:4403:4403:16:103:T,/root/mariadb/sql/item_func.h,4403,4403,0,0,mariadb_target_000533;mariadb_target_001907;mariadb_target_001908
mariadb_aflgo_r1,mariadb,1,root/mariadb/sql/item_func.h:4403:4403:16:103:F,/root/mariadb/sql/item_func.h,4403,4403,0,0,mariadb_target_000533;mariadb_target_001907;mariadb_target_001908
mariadb_aflgo_r1,mariadb,1,root/mariadb/sql/item_func.h:4410:4410:16:104:T,/root/mariadb/sql/item_func.h,4410,4410,0,0,mariadb_target_001908
mariadb_aflgo_r1,mariadb,1,root/mariadb/sql/item_func.h:4410:4410:16:104:F,/root/mariadb/sql/item_func.h,4410,4410,0,0,mariadb_target_001908
mariadb_aflgo_r1,mariadb,1,root/mariadb/sql/item_func.h:4412:4412:16:105:T,/root/mariadb/sql/item_func.h,4412,4412,0,0,mariadb_target_001908
mariadb_aflgo_r1,mariadb,1,root/mariadb/sql/item_func.h:4412:4412:16:105:F,/root/mariadb/sql/item_func.h,4412,4412,0,0,mariadb_target_001908
mariadb_aflgo_r1,mariadb,1,root/mariadb/sql/item_func.h:4646:4646:16:107:T,/root/mariadb/sql/item_func.h,4646,4646,0,0,mariadb_target_000539;mariadb_target_001916;mariadb_target_001917
mariadb_aflgo_r1,mariadb,1,root/mariadb/sql/item_func.h:4646:4646:16:107:F,/root/mariadb/sql/item_func.h,4646,4646,0,0,mariadb_target_000539;mariadb_target_001916;mariadb_target_001917
mariadb_aflgo_r1,mariadb,1,root/mariadb/sql/item_func.h:4646:4646:16:108:T,/root/mariadb/sql/item_func.h,4646,4646,0,0,mariadb_target_000539;mariadb_target_001916;mariadb_target_001917
mariadb_aflgo_r1,mariadb,1,root/mariadb/sql/item_func.h:4646:4646:16:108:F,/root/mariadb/sql/item_func.h,4646,4646,0,0,mariadb_target_000539;mariadb_target_001916;mariadb_target_001917
mariadb_aflgo_r1,mariadb,1,root/mariadb/sql/item_func.h:4647:4647:16:109:T,/root/mariadb/sql/item_func.h,4647,4647,0,0,mariadb_target_000539;mariadb_target_001916;mariadb_target_001917
mariadb_aflgo_r1,mariadb,1,root/mariadb/sql/item_func.h:4647:4647:16:109:F,/root/mariadb/sql/item_func.h,4647,4647,0,0,mariadb_target_000539;mariadb_target_001916;mariadb_target_001917
mariadb_aflgo_r1,mariadb,1,root/mariadb/sql/item_func.h:4653:4653:16:110:T,/root/mariadb/sql/item_func.h,4653,4653,0,0,mariadb_target_000540;mariadb_target_001918;mariadb_target_001919;mariadb_target_001920
mariadb_aflgo_r1,mariadb,1,root/mariadb/sql/item_func.h:4653:4653:16:110:F,/root/mariadb/sql/item_func.h,4653,4653,0,0,mariadb_target_000540;mariadb_target_001918;mariadb_target_001919;mariadb_target_001920
mariadb_aflgo_r1,mariadb,1,root/mariadb/sql/item_geofunc.cc:1013:1013:17:141:T,/root/mariadb/sql/item_geofunc.cc,1013,1013,0,0,mariadb_target_001961
mariadb_aflgo_r1,mariadb,1,root/mariadb/sql/item_geofunc.cc:1013:1013:17:141:F,/root/mariadb/sql/item_geofunc.cc,1013,1013,0,0,mariadb_target_001961
mariadb_aflgo_r1,mariadb,1,root/mariadb/sql/item_geofunc.cc:1019:1019:17:142:T,/root/mariadb/sql/item_geofunc.cc,1019,1019,0,0,mariadb_target_001961;mariadb_target_001962
mariadb_aflgo_r1,mariadb,1,root/mariadb/sql/item_geofunc.cc:1019:1019:17:142:F,/root/mariadb/sql/item_geofunc.cc,1019,1019,0,0,mariadb_target_001961;mariadb_target_001962
mariadb_aflgo_r1,mariadb,1,root/mariadb/sql/item_geofunc.cc:1019:1019:17:143:T,/root/mariadb/sql/item_geofunc.cc,1019,1019,0,0,mariadb_target_001961;mariadb_target_001962
mariadb_aflgo_r1,mariadb,1,root/mariadb/sql/item_geofunc.cc:1019:1019:17:143:F,/root/mariadb/sql/item_geofunc.cc,1019,1019,0,0,mariadb_target_001961;mariadb_target_001962
mariadb_aflgo_r1,mariadb,1,root/mariadb/sql/item_geofunc.cc:1032:1032:17:144:T,/root/mariadb/sql/item_geofunc.cc,1032,1032,0,0,mariadb_target_001961
mariadb_aflgo_r1,mariadb,1,root/mariadb/sql/item_geofunc.cc:1032:1032:17:144:F,/root/mariadb/sql/item_geofunc.cc,1032,1032,0,0,mariadb_target_001961
mariadb_aflgo_r1,mariadb,1,root/mariadb/sql/item_geofunc.cc:1032:1032:17:145:T,/root/mariadb/sql/item_geofunc.cc,1032,1032,0,0,mariadb_target_001961
mariadb_aflgo_r1,mariadb,1,root/mariadb/sql/item_geofunc.cc:1032:1032:17:145:F,/root/mariadb/sql/item_geofunc.cc,1032,1032,0,0,mariadb_target_001961
mariadb_aflgo_r1,mariadb,1,root/mariadb/sql/item_geofunc.cc:1033:1033:17:146:T,/root/mariadb/sql/item_geofunc.cc,1033,1033,0,0,mariadb_target_001961
mariadb_aflgo_r1,mariadb,1,root/mariadb/sql/item_geofunc.cc:1033:1033:17:146:F,/root/mariadb/sql/item_geofunc.cc,1033,1033,0,0,mariadb_target_001961
mariadb_aflgo_r1,mariadb,1,root/mariadb/sql/item_geofunc.cc:2051:2051:17:332:T,/root/mariadb/sql/item_geofunc.cc,2051,2051,0,0,mariadb_target_000577;mariadb_target_001965
mariadb_aflgo_r1,mariadb,1,root/mariadb/sql/item_geofunc.cc:2051:2051:17:332:F,/root/mariadb/sql/item_geofunc.cc,2051,2051,0,0,mariadb_target_000577;mariadb_target_001965
mariadb_aflgo_r1,mariadb,1,root/mariadb/sql/item_geofunc.cc:2052:2052:17:333:T,/root/mariadb/sql/item_geofunc.cc,2052,2052,0,0,mariadb_target_000577;mariadb_target_001965
mariadb_aflgo_r1,mariadb,1,root/mariadb/sql/item_geofunc.cc:2052:2052:17:333:F,/root/mariadb/sql/item_geofunc.cc,2052,2052,0,0,mariadb_target_000577;mariadb_target_001965
mariadb_aflgo_r1,mariadb,1,root/mariadb/sql/item_geofunc.cc:2512:2514:17:420:T,/root/mariadb/sql/item_geofunc.cc,2512,2514,0,0,mariadb_target_000584;mariadb_target_001972
mariadb_aflgo_r1,mariadb,1,root/mariadb/sql/item_geofunc.cc:2512:2514:17:420:F,/root/mariadb/sql/item_geofunc.cc,2512,2514,0,0,mariadb_target_000584;mariadb_target_001972
mariadb_aflgo_r1,mariadb,1,root/mariadb/sql/item_geofunc.cc:2515:2515:17:421:T,/root/mariadb/sql/item_geofunc.cc,2515,2515,0,0,mariadb_target_000584;mariadb_target_001972
mariadb_aflgo_r1,mariadb,1,root/mariadb/sql/item_geofunc.cc:2515:2515:17:421:F,/root/mariadb/sql/item_geofunc.cc,2515,2515,0,0,mariadb_target_000584;mariadb_target_001972
mariadb_aflgo_r1,mariadb,1,root/mariadb/sql/item_geofunc.cc:3232:3232:17:554:T,/root/mariadb/sql/item_geofunc.cc,3232,3232,0,0,mariadb_target_000587;mariadb_target_001975
mariadb_aflgo_r1,mariadb,1,root/mariadb/sql/item_geofunc.cc:3232:3232:17:554:F,/root/mariadb/sql/item_geofunc.cc,3232,3232,0,0,mariadb_target_000587;mariadb_target_001975
mariadb_aflgo_r1,mariadb,1,root/mariadb/sql/item_geofunc.h:624:624:18:0:T,/root/mariadb/sql/item_geofunc.h,624,624,0,0,mariadb_target_000600;mariadb_target_001988
mariadb_aflgo_r1,mariadb,1,root/mariadb/sql/item_geofunc.h:624:624:18:0:F,/root/mariadb/sql/item_geofunc.h,624,624,0,0,mariadb_target_000600;mariadb_target_001988
mariadb_aflgo_r1,mariadb,1,root/mariadb/sql/item_geofunc.h:626:626:18:1:T,/root/mariadb/sql/item_geofunc.h,626,626,0,0,mariadb_target_000600;mariadb_target_001988
mariadb_aflgo_r1,mariadb,1,root/mariadb/sql/item_geofunc.h:626:626:18:1:F,/root/mariadb/sql/item_geofunc.h,626,626,0,0,mariadb_target_000600;mariadb_target_001988
mariadb_aflgo_r1,mariadb,1,root/mariadb/sql/item_jsonfunc.h:910:910:19:8:T,/root/mariadb/sql/item_jsonfunc.h,910,910,0,0,mariadb_target_000603;mariadb_target_001999;mariadb_target_002000
mariadb_aflgo_r1,mariadb,1,root/mariadb/sql/item_jsonfunc.h:910:910:19:8:F,/root/mariadb/sql/item_jsonfunc.h,910,910,0,0,mariadb_target_000603;mariadb_target_001999;mariadb_target_002000
mariadb_aflgo_r1,mariadb,1,root/mariadb/sql/item_jsonfunc.h:1043:1043:19:9:T,/root/mariadb/sql/item_jsonfunc.h,1043,1043,0,0,mariadb_target_000601;mariadb_target_001997
mariadb_aflgo_r1,mariadb,1,root/mariadb/sql/item_jsonfunc.h:1043:1043:19:9:F,/root/mariadb/sql/item_jsonfunc.h,1043,1043,0,0,mariadb_target_000601;mariadb_target_001997
mariadb_aflgo_r1,mariadb,1,root/mariadb/sql/item_jsonfunc.h:1045:1045:19:10:T,/root/mariadb/sql/item_jsonfunc.h,1045,1045,0,0,mariadb_target_000601;mariadb_target_001997
mariadb_aflgo_r1,mariadb,1,root/mariadb/sql/item_jsonfunc.h:1045:1045:19:10:F,/root/mariadb/sql/item_jsonfunc.h,1045,1045,0,0,mariadb_target_000601;mariadb_target_001997
mariadb_aflgo_r1,mariadb,1,root/mariadb/sql/item_jsonfunc.h:1087:1087:19:12:T,/root/mariadb/sql/item_jsonfunc.h,1087,1087,0,0,mariadb_target_000602;mariadb_target_001998
mariadb_aflgo_r1,mariadb,1,root/mariadb/sql/item_jsonfunc.h:1087:1087:19:12:F,/root/mariadb/sql/item_jsonfunc.h,1087,1087,0,0,mariadb_target_000602;mariadb_target_001998
mariadb_aflgo_r1,mariadb,1,root/mariadb/sql/item_jsonfunc.h:1089:1089:19:13:T,/root/mariadb/sql/item_jsonfunc.h,1089,1089,0,0,mariadb_target_000602;mariadb_target_001998
mariadb_aflgo_r1,mariadb,1,root/mariadb/sql/item_jsonfunc.h:1089:1089:19:13:F,/root/mariadb/sql/item_jsonfunc.h,1089,1089,0,0,mariadb_target_000602;mariadb_target_001998
mariadb_aflgo_r1,mariadb,1,root/mariadb/sql/item_numconvfunc.cc:3290:3290:20:254:T,/root/mariadb/sql/item_numconvfunc.cc,3290,3290,0,0,mariadb_target_000620;mariadb_target_002018
mariadb_aflgo_r1,mariadb,1,root/mariadb/sql/item_numconvfunc.cc:3290:3290:20:254:F,/root/mariadb/sql/item_numconvfunc.cc,3290,3290,0,0,mariadb_target_000620;mariadb_target_002018
mariadb_aflgo_r1,mariadb,1,root/mariadb/sql/item_strfunc.h:422:422:22:3:T,/root/mariadb/sql/item_strfunc.h,422,422,0,0,mariadb_target_000652;mariadb_target_002063
mariadb_aflgo_r1,mariadb,1,root/mariadb/sql/item_strfunc.h:422:422:22:3:F,/root/mariadb/sql/item_strfunc.h,422,422,0,0,mariadb_target_000652;mariadb_target_002063
mariadb_aflgo_r1,mariadb,1,root/mariadb/sql/item_strfunc.h:566:566:22:4:T,/root/mariadb/sql/item_strfunc.h,566,566,0,0,mariadb_target_000655;mariadb_target_000656;mariadb_target_002066;mariadb_target_002067
mariadb_aflgo_r1,mariadb,1,root/mariadb/sql/item_strfunc.h:566:566:22:4:F,/root/mariadb/sql/item_strfunc.h,566,566,0,0,mariadb_target_000655;mariadb_target_000656;mariadb_target_002066;mariadb_target_002067
mariadb_aflgo_r1,mariadb,1,root/mariadb/sql/item_strfunc.h:847:847:22:6:T,/root/mariadb/sql/item_strfunc.h,847,847,0,0,mariadb_target_000661;mariadb_target_002072
mariadb_aflgo_r1,mariadb,1,root/mariadb/sql/item_strfunc.h:847:847:22:6:F,/root/mariadb/sql/item_strfunc.h,847,847,0,0,mariadb_target_000661;mariadb_target_002072
mariadb_aflgo_r1,mariadb,1,root/mariadb/sql/item_strfunc.h:2102:2102:22:20:T,/root/mariadb/sql/item_strfunc.h,2102,2102,0,0,mariadb_target_000642;mariadb_target_002048;mariadb_target_002049
mariadb_aflgo_r1,mariadb,1,root/mariadb/sql/item_strfunc.h:2102:2102:22:20:F,/root/mariadb/sql/item_strfunc.h,2102,2102,0,0,mariadb_target_000642;mariadb_target_002048;mariadb_target_002049
mariadb_aflgo_r1,mariadb,1,root/mariadb/sql/item_strfunc.h:2102:2102:22:21:T,/root/mariadb/sql/item_strfunc.h,2102,2102,0,0,mariadb_target_000642;mariadb_target_002048;mariadb_target_002049
mariadb_aflgo_r1,mariadb,1,root/mariadb/sql/item_strfunc.h:2102:2102:22:21:F,/root/mariadb/sql/item_strfunc.h,2102,2102,0,0,mariadb_target_000642;mariadb_target_002048;mariadb_target_002049
mariadb_aflgo_r1,mariadb,1,root/mariadb/sql/item_strfunc.h:2106:2106:22:22:T,/root/mariadb/sql/item_strfunc.h,2106,2106,0,0,mariadb_target_000643;mariadb_target_002049;mariadb_target_002050
mariadb_aflgo_r1,mariadb,1,root/mariadb/sql/item_strfunc.h:2106:2106:22:22:F,/root/mariadb/sql/item_strfunc.h,2106,2106,0,0,mariadb_target_000643;mariadb_target_002049;mariadb_target_002050
mariadb_aflgo_r1,mariadb,1,root/mariadb/sql/item_strfunc.h:2106:2107:22:23:T,/root/mariadb/sql/item_strfunc.h,2106,2107,0,0,mariadb_target_000643;mariadb_target_002049;mariadb_target_002050;mariadb_target_002051
mariadb_aflgo_r1,mariadb,1,root/mariadb/sql/item_strfunc.h:2106:2107:22:23:F,/root/mariadb/sql/item_strfunc.h,2106,2107,0,0,mariadb_target_000643;mariadb_target_002049;mariadb_target_002050;mariadb_target_002051
mariadb_aflgo_r1,mariadb,1,root/mariadb/sql/item_strfunc.h:2359:2359:22:46:T,/root/mariadb/sql/item_strfunc.h,2359,2359,0,0,mariadb_target_000645;mariadb_target_002055
mariadb_aflgo_r1,mariadb,1,root/mariadb/sql/item_strfunc.h:2359:2359:22:46:F,/root/mariadb/sql/item_strfunc.h,2359,2359,0,0,mariadb_target_000645;mariadb_target_002055
mariadb_aflgo_r1,mariadb,1,root/mariadb/sql/item_subselect.cc:149:149:23:7:T,/root/mariadb/sql/item_subselect.cc,149,149,0,0,mariadb_target_000665;mariadb_target_002076
mariadb_aflgo_r1,mariadb,1,root/mariadb/sql/item_subselect.cc:149:149:23:7:F,/root/mariadb/sql/item_subselect.cc,149,149,96,1,mariadb_target_000665;mariadb_target_002076
mariadb_aflgo_r1,mariadb,1,root/mariadb/sql/item_subselect.cc:1043:1043:23:119:T,/root/mariadb/sql/item_subselect.cc,1043,1043,0,0,mariadb_target_000663;mariadb_target_002074
mariadb_aflgo_r1,mariadb,1,root/mariadb/sql/item_subselect.cc:1043:1043:23:119:F,/root/mariadb/sql/item_subselect.cc,1043,1043,0,0,mariadb_target_000663;mariadb_target_002074
mariadb_aflgo_r1,mariadb,1,root/mariadb/sql/item_subselect.cc:1046:1046:23:120:T,/root/mariadb/sql/item_subselect.cc,1046,1046,0,0,mariadb_target_000663;mariadb_target_002074
mariadb_aflgo_r1,mariadb,1,root/mariadb/sql/item_subselect.cc:1046:1046:23:120:F,/root/mariadb/sql/item_subselect.cc,1046,1046,0,0,mariadb_target_000663;mariadb_target_002074
mariadb_aflgo_r1,mariadb,1,root/mariadb/sql/item_subselect.cc:1059:1059:23:123:T,/root/mariadb/sql/item_subselect.cc,1059,1059,0,0,mariadb_target_000664;mariadb_target_002075
mariadb_aflgo_r1,mariadb,1,root/mariadb/sql/item_subselect.cc:1059:1059:23:123:F,/root/mariadb/sql/item_subselect.cc,1059,1059,6,1,mariadb_target_000664;mariadb_target_002075
mariadb_aflgo_r1,mariadb,1,root/mariadb/sql/item_subselect.cc:1062:1062:23:124:T,/root/mariadb/sql/item_subselect.cc,1062,1062,0,0,mariadb_target_000664;mariadb_target_002075
mariadb_aflgo_r1,mariadb,1,root/mariadb/sql/item_subselect.cc:1062:1062:23:124:F,/root/mariadb/sql/item_subselect.cc,1062,1062,0,0,mariadb_target_000664;mariadb_target_002075
mariadb_aflgo_r1,mariadb,1,root/mariadb/sql/item_subselect.cc:1062:1062:23:125:T,/root/mariadb/sql/item_subselect.cc,1062,1062,0,0,mariadb_target_000664;mariadb_target_002075
mariadb_aflgo_r1,mariadb,1,root/mariadb/sql/item_subselect.cc:1062:1062:23:125:F,/root/mariadb/sql/item_subselect.cc,1062,1062,0,0,mariadb_target_000664;mariadb_target_002075
mariadb_aflgo_r1,mariadb,1,root/mariadb/sql/item_sum.cc:519:519:25:54:T,/root/mariadb/sql/item_sum.cc,519,519,484,1,mariadb_target_000734;mariadb_target_002223
mariadb_aflgo_r1,mariadb,1,root/mariadb/sql/item_sum.cc:519:519:25:54:F,/root/mariadb/sql/item_sum.cc,519,519,0,0,mariadb_target_000734;mariadb_target_002223
mariadb_aflgo_r1,mariadb,1,root/mariadb/sql/item_sum.cc:548:548:25:59:T,/root/mariadb/sql/item_sum.cc,548,548,3109,1,mariadb_target_000735;mariadb_target_002224
mariadb_aflgo_r1,mariadb,1,root/mariadb/sql/item_sum.cc:548:548:25:59:F,/root/mariadb/sql/item_sum.cc,548,548,0,0,mariadb_target_000735;mariadb_target_002224
mariadb_aflgo_r1,mariadb,1,root/mariadb/sql/item_sum.cc:551:551:25:60:T,/root/mariadb/sql/item_sum.cc,551,551,3460,1,mariadb_target_000735;mariadb_target_002224
mariadb_aflgo_r1,mariadb,1,root/mariadb/sql/item_sum.cc:551:551:25:60:F,/root/mariadb/sql/item_sum.cc,551,551,3109,1,mariadb_target_000735;mariadb_target_002224
mariadb_aflgo_r1,mariadb,1,root/mariadb/sql/item_sum.cc:608:608:25:66:T,/root/mariadb/sql/item_sum.cc,608,608,451,1,mariadb_target_000736;mariadb_target_002225
mariadb_aflgo_r1,mariadb,1,root/mariadb/sql/item_sum.cc:608:608:25:66:F,/root/mariadb/sql/item_sum.cc,608,608,0,0,mariadb_target_000736;mariadb_target_002225
mariadb_aflgo_r1,mariadb,1,root/mariadb/sql/item_sum.cc:614:614:25:67:T,/root/mariadb/sql/item_sum.cc,614,614,451,1,mariadb_target_000736;mariadb_target_002225
mariadb_aflgo_r1,mariadb,1,root/mariadb/sql/item_sum.cc:614:614:25:67:F,/root/mariadb/sql/item_sum.cc,614,614,935,1,mariadb_target_000736;mariadb_target_002225
mariadb_aflgo_r1,mariadb,1,root/mariadb/sql/item_sum.cc:938:938:25:100:T,/root/mariadb/sql/item_sum.cc,938,938,0,0,mariadb_target_000737;mariadb_target_002226
mariadb_aflgo_r1,mariadb,1,root/mariadb/sql/item_sum.cc:938:938:25:100:F,/root/mariadb/sql/item_sum.cc,938,938,0,0,mariadb_target_000737;mariadb_target_002226
mariadb_aflgo_r1,mariadb,1,root/mariadb/sql/item_sum.cc:976:976:25:105:T,/root/mariadb/sql/item_sum.cc,976,976,0,0,mariadb_target_000738;mariadb_target_002227
mariadb_aflgo_r1,mariadb,1,root/mariadb/sql/item_sum.cc:976:976:25:105:F,/root/mariadb/sql/item_sum.cc,976,976,0,0,mariadb_target_000738;mariadb_target_002227
mariadb_aflgo_r1,mariadb,1,root/mariadb/sql/item_sum.cc:979:979:25:106:T,/root/mariadb/sql/item_sum.cc,979,979,0,0,mariadb_target_000738;mariadb_target_002227
mariadb_aflgo_r1,mariadb,1,root/mariadb/sql/item_sum.cc:979:979:25:106:F,/root/mariadb/sql/item_sum.cc,979,979,0,0,mariadb_target_000738;mariadb_target_002227
mariadb_aflgo_r1,mariadb,1,root/mariadb/sql/item_sum.cc:1114:1114:25:124:T,/root/mariadb/sql/item_sum.cc,1114,1114,0,0,mariadb_target_000670;mariadb_target_002081;mariadb_target_002082
mariadb_aflgo_r1,mariadb,1,root/mariadb/sql/item_sum.cc:1114:1114:25:124:F,/root/mariadb/sql/item_sum.cc,1114,1114,789,1,mariadb_target_000670;mariadb_target_002081;mariadb_target_002082
mariadb_aflgo_r1,mariadb,1,root/mariadb/sql/item_sum.cc:1120:1120:25:125:T,/root/mariadb/sql/item_sum.cc,1120,1120,789,1,mariadb_target_002082;mariadb_target_002083
mariadb_aflgo_r1,mariadb,1,root/mariadb/sql/item_sum.cc:1120:1120:25:125:F,/root/mariadb/sql/item_sum.cc,1120,1120,784,1,mariadb_target_002082;mariadb_target_002083
mariadb_aflgo_r1,mariadb,1,root/mariadb/sql/item_sum.cc:1122:1122:25:126:T,/root/mariadb/sql/item_sum.cc,1122,1122,5,1,mariadb_target_002082;mariadb_target_002083
mariadb_aflgo_r1,mariadb,1,root/mariadb/sql/item_sum.cc:1122:1122:25:126:F,/root/mariadb/sql/item_sum.cc,1122,1122,784,1,mariadb_target_002082;mariadb_target_002083
mariadb_aflgo_r1,mariadb,1,root/mariadb/sql/item_sum.cc:1131:1131:25:127:T,/root/mariadb/sql/item_sum.cc,1131,1131,0,0,mariadb_target_002082;mariadb_target_002084;mariadb_target_002085;mariadb_target_002086
mariadb_aflgo_r1,mariadb,1,root/mariadb/sql/item_sum.cc:1131:1131:25:127:F,/root/mariadb/sql/item_sum.cc,1131,1131,784,1,mariadb_target_002082;mariadb_target_002084;mariadb_target_002085;mariadb_target_002086
mariadb_aflgo_r1,mariadb,1,root/mariadb/sql/item_sum.cc:1132:1132:25:128:T,/root/mariadb/sql/item_sum.cc,1132,1132,0,0,mariadb_target_002082;mariadb_target_002084;mariadb_target_002085;mariadb_target_002086
mariadb_aflgo_r1,mariadb,1,root/mariadb/sql/item_sum.cc:1132:1132:25:128:F,/root/mariadb/sql/item_sum.cc,1132,1132,784,1,mariadb_target_002082;mariadb_target_002084;mariadb_target_002085;mariadb_target_002086
mariadb_aflgo_r1,mariadb,1,root/mariadb/sql/item_sum.cc:1135:1135:25:129:T,/root/mariadb/sql/item_sum.cc,1135,1135,784,1,mariadb_target_002082;mariadb_target_002085;mariadb_target_002086
mariadb_aflgo_r1,mariadb,1,root/mariadb/sql/item_sum.cc:1135:1135:25:129:F,/root/mariadb/sql/item_sum.cc,1135,1135,0,0,mariadb_target_002082;mariadb_target_002085;mariadb_target_002086
mariadb_aflgo_r1,mariadb,1,root/mariadb/sql/item_sum.cc:1148:1148:25:130:T,/root/mariadb/sql/item_sum.cc,1148,1148,0,0,mariadb_target_000671;mariadb_target_002087
mariadb_aflgo_r1,mariadb,1,root/mariadb/sql/item_sum.cc:1148:1148:25:130:F,/root/mariadb/sql/item_sum.cc,1148,1148,36,1,mariadb_target_000671;mariadb_target_002087
mariadb_aflgo_r1,mariadb,1,root/mariadb/sql/item_sum.cc:1157:1157:25:132:T,/root/mariadb/sql/item_sum.cc,1157,1157,0,0,mariadb_target_002088
mariadb_aflgo_r1,mariadb,1,root/mariadb/sql/item_sum.cc:1157:1157:25:132:F,/root/mariadb/sql/item_sum.cc,1157,1157,36,1,mariadb_target_002088
mariadb_aflgo_r1,mariadb,1,root/mariadb/sql/item_sum.cc:1160:1160:25:133:T,/root/mariadb/sql/item_sum.cc,1160,1160,36,1,mariadb_target_002088
mariadb_aflgo_r1,mariadb,1,root/mariadb/sql/item_sum.cc:1160:1160:25:133:F,/root/mariadb/sql/item_sum.cc,1160,1160,0,0,mariadb_target_002088
mariadb_aflgo_r1,mariadb,1,root/mariadb/sql/item_sum.cc:1164:1164:25:134:T,/root/mariadb/sql/item_sum.cc,1164,1164,0,0,mariadb_target_002088
mariadb_aflgo_r1,mariadb,1,root/mariadb/sql/item_sum.cc:1164:1164:25:134:F,/root/mariadb/sql/item_sum.cc,1164,1164,36,1,mariadb_target_002088
mariadb_aflgo_r1,mariadb,1,root/mariadb/sql/item_sum.cc:1309:1309:25:142:T,/root/mariadb/sql/item_sum.cc,1309,1309,12,1,mariadb_target_000673;mariadb_target_002091;mariadb_target_002092
mariadb_aflgo_r1,mariadb,1,root/mariadb/sql/item_sum.cc:1309:1309:25:142:F,/root/mariadb/sql/item_sum.cc,1309,1309,2,1,mariadb_target_000673;mariadb_target_002091;mariadb_target_002092
mariadb_aflgo_r1,mariadb,1,root/mariadb/sql/item_sum.cc:1312:1312:25:143:T,/root/mariadb/sql/item_sum.cc,1312,1312,12,1,mariadb_target_002092
mariadb_aflgo_r1,mariadb,1,root/mariadb/sql/item_sum.cc:1312:1312:25:143:F,/root/mariadb/sql/item_sum.cc,1312,1312,0,0,mariadb_target_002092
mariadb_aflgo_r1,mariadb,1,root/mariadb/sql/item_sum.cc:1355:1355:25:144:T,/root/mariadb/sql/item_sum.cc,1355,1355,0,0,mariadb_target_000674;mariadb_target_002093;mariadb_target_002094
mariadb_aflgo_r1,mariadb,1,root/mariadb/sql/item_sum.cc:1355:1355:25:144:F,/root/mariadb/sql/item_sum.cc,1355,1355,0,0,mariadb_target_000674;mariadb_target_002093;mariadb_target_002094
mariadb_aflgo_r1,mariadb,1,root/mariadb/sql/item_sum.cc:1359:1359:25:145:T,/root/mariadb/sql/item_sum.cc,1359,1359,0,0,mariadb_target_002094
mariadb_aflgo_r1,mariadb,1,root/mariadb/sql/item_sum.cc:1359:1359:25:145:F,/root/mariadb/sql/item_sum.cc,1359,1359,0,0,mariadb_target_002094
mariadb_aflgo_r1,mariadb,1,root/mariadb/sql/item_sum.cc:1361:1361:25:146:T,/root/mariadb/sql/item_sum.cc,1361,1361,0,0,mariadb_target_002094
mariadb_aflgo_r1,mariadb,1,root/mariadb/sql/item_sum.cc:1361:1361:25:146:F,/root/mariadb/sql/item_sum.cc,1361,1361,0,0,mariadb_target_002094
mariadb_aflgo_r1,mariadb,1,root/mariadb/sql/item_sum.cc:1373:1373:25:147:T,/root/mariadb/sql/item_sum.cc,1373,1373,0,0,mariadb_target_002094
mariadb_aflgo_r1,mariadb,1,root/mariadb/sql/item_sum.cc:1373:1373:25:147:F,/root/mariadb/sql/item_sum.cc,1373,1373,0,0,mariadb_target_002094
mariadb_aflgo_r1,mariadb,1,root/mariadb/sql/item_sum.cc:1376:1376:25:148:T,/root/mariadb/sql/item_sum.cc,1376,1376,0,0,mariadb_target_002094
mariadb_aflgo_r1,mariadb,1,root/mariadb/sql/item_sum.cc:1376:1376:25:148:F,/root/mariadb/sql/item_sum.cc,1376,1376,0,0,mariadb_target_002094
mariadb_aflgo_r1,mariadb,1,root/mariadb/sql/item_sum.cc:1379:1379:25:149:T,/root/mariadb/sql/item_sum.cc,1379,1379,0,0,mariadb_target_002094
mariadb_aflgo_r1,mariadb,1,root/mariadb/sql/item_sum.cc:1379:1379:25:149:F,/root/mariadb/sql/item_sum.cc,1379,1379,0,0,mariadb_target_002094
mariadb_aflgo_r1,mariadb,1,root/mariadb/sql/item_sum.cc:1381:1381:25:150:T,/root/mariadb/sql/item_sum.cc,1381,1381,0,0,mariadb_target_002094
mariadb_aflgo_r1,mariadb,1,root/mariadb/sql/item_sum.cc:1381:1381:25:150:F,/root/mariadb/sql/item_sum.cc,1381,1381,0,0,mariadb_target_002094
mariadb_aflgo_r1,mariadb,1,root/mariadb/sql/item_sum.cc:1390:1390:25:151:T,/root/mariadb/sql/item_sum.cc,1390,1390,0,0,mariadb_target_002094;mariadb_target_002095
mariadb_aflgo_r1,mariadb,1,root/mariadb/sql/item_sum.cc:1390:1390:25:151:F,/root/mariadb/sql/item_sum.cc,1390,1390,0,0,mariadb_target_002094;mariadb_target_002095
mariadb_aflgo_r1,mariadb,1,root/mariadb/sql/item_sum.cc:1393:1393:25:152:T,/root/mariadb/sql/item_sum.cc,1393,1393,0,0,mariadb_target_002094;mariadb_target_002095
mariadb_aflgo_r1,mariadb,1,root/mariadb/sql/item_sum.cc:1393:1393:25:152:F,/root/mariadb/sql/item_sum.cc,1393,1393,0,0,mariadb_target_002094;mariadb_target_002095
mariadb_aflgo_r1,mariadb,1,root/mariadb/sql/item_sum.cc:1396:1396:25:153:T,/root/mariadb/sql/item_sum.cc,1396,1396,0,0,mariadb_target_002094
mariadb_aflgo_r1,mariadb,1,root/mariadb/sql/item_sum.cc:1396:1396:25:153:F,/root/mariadb/sql/item_sum.cc,1396,1396,0,0,mariadb_target_002094
mariadb_aflgo_r1,mariadb,1,root/mariadb/sql/item_sum.cc:1544:1544:25:155:T,/root/mariadb/sql/item_sum.cc,1544,1544,132,1,mariadb_target_000679;mariadb_target_002101
mariadb_aflgo_r1,mariadb,1,root/mariadb/sql/item_sum.cc:1544:1544:25:155:F,/root/mariadb/sql/item_sum.cc,1544,1544,0,0,mariadb_target_000679;mariadb_target_002101
mariadb_aflgo_r1,mariadb,1,root/mariadb/sql/item_sum.cc:1584:1585:25:156:T,/root/mariadb/sql/item_sum.cc,1584,1585,0,0,mariadb_target_000680;mariadb_target_002102;mariadb_target_002103
mariadb_aflgo_r1,mariadb,1,root/mariadb/sql/item_sum.cc:1584:1585:25:156:F,/root/mariadb/sql/item_sum.cc,1584,1585,474,1,mariadb_target_000680;mariadb_target_002102;mariadb_target_002103
mariadb_aflgo_r1,mariadb,1,root/mariadb/sql/item_sum.cc:1725:1725:25:170:T,/root/mariadb/sql/item_sum.cc,1725,1725,0,0,mariadb_target_000681;mariadb_target_002104
mariadb_aflgo_r1,mariadb,1,root/mariadb/sql/item_sum.cc:1725:1725:25:170:F,/root/mariadb/sql/item_sum.cc,1725,1725,0,0,mariadb_target_000681;mariadb_target_002104
mariadb_aflgo_r1,mariadb,1,root/mariadb/sql/item_sum.cc:1727:1727:25:171:T,/root/mariadb/sql/item_sum.cc,1727,1727,0,0,mariadb_target_000681;mariadb_target_002104
mariadb_aflgo_r1,mariadb,1,root/mariadb/sql/item_sum.cc:1727:1727:25:171:F,/root/mariadb/sql/item_sum.cc,1727,1727,0,0,mariadb_target_000681;mariadb_target_002104
mariadb_aflgo_r1,mariadb,1,root/mariadb/sql/item_sum.cc:1736:1736:25:172:T,/root/mariadb/sql/item_sum.cc,1736,1736,0,0,mariadb_target_000682;mariadb_target_002105
mariadb_aflgo_r1,mariadb,1,root/mariadb/sql/item_sum.cc:1736:1736:25:172:F,/root/mariadb/sql/item_sum.cc,1736,1736,0,0,mariadb_target_000682;mariadb_target_002105
mariadb_aflgo_r1,mariadb,1,root/mariadb/sql/item_sum.cc:1738:1738:25:173:T,/root/mariadb/sql/item_sum.cc,1738,1738,0,0,mariadb_target_000682;mariadb_target_002105
mariadb_aflgo_r1,mariadb,1,root/mariadb/sql/item_sum.cc:1738:1738:25:173:F,/root/mariadb/sql/item_sum.cc,1738,1738,0,0,mariadb_target_000682;mariadb_target_002105
mariadb_aflgo_r1,mariadb,1,root/mariadb/sql/item_sum.cc:1746:1746:25:174:T,/root/mariadb/sql/item_sum.cc,1746,1746,0,0,mariadb_target_000683;mariadb_target_002106;mariadb_target_002107
mariadb_aflgo_r1,mariadb,1,root/mariadb/sql/item_sum.cc:1746:1746:25:174:F,/root/mariadb/sql/item_sum.cc,1746,1746,0,0,mariadb_target_000683;mariadb_target_002106;mariadb_target_002107
mariadb_aflgo_r1,mariadb,1,root/mariadb/sql/item_sum.cc:1748:1748:25:175:T,/root/mariadb/sql/item_sum.cc,1748,1748,0,0,mariadb_target_000683;mariadb_target_002106;mariadb_target_002107
mariadb_aflgo_r1,mariadb,1,root/mariadb/sql/item_sum.cc:1748:1748:25:175:F,/root/mariadb/sql/item_sum.cc,1748,1748,0,0,mariadb_target_000683;mariadb_target_002106;mariadb_target_002107
mariadb_aflgo_r1,mariadb,1,root/mariadb/sql/item_sum.cc:1756:1756:25:176:T,/root/mariadb/sql/item_sum.cc,1756,1756,94,1,mariadb_target_000684;mariadb_target_002108;mariadb_target_002109
mariadb_aflgo_r1,mariadb,1,root/mariadb/sql/item_sum.cc:1756:1756:25:176:F,/root/mariadb/sql/item_sum.cc,1756,1756,0,0,mariadb_target_000684;mariadb_target_002108;mariadb_target_002109
mariadb_aflgo_r1,mariadb,1,root/mariadb/sql/item_sum.cc:1758:1758:25:177:T,/root/mariadb/sql/item_sum.cc,1758,1758,94,1,mariadb_target_000684;mariadb_target_002108;mariadb_target_002109
mariadb_aflgo_r1,mariadb,1,root/mariadb/sql/item_sum.cc:1758:1758:25:177:F,/root/mariadb/sql/item_sum.cc,1758,1758,0,0,mariadb_target_000684;mariadb_target_002108;mariadb_target_002109
mariadb_aflgo_r1,mariadb,1,root/mariadb/sql/item_sum.cc:1759:1759:25:178:T,/root/mariadb/sql/item_sum.cc,1759,1759,0,0,mariadb_target_000684;mariadb_target_002108;mariadb_target_002109
mariadb_aflgo_r1,mariadb,1,root/mariadb/sql/item_sum.cc:1759:1759:25:178:F,/root/mariadb/sql/item_sum.cc,1759,1759,94,1,mariadb_target_000684;mariadb_target_002108;mariadb_target_002109
mariadb_aflgo_r1,mariadb,1,root/mariadb/sql/item_sum.cc:1924:1924:25:194:T,/root/mariadb/sql/item_sum.cc,1924,1924,0,0,mariadb_target_000685;mariadb_target_002110
mariadb_aflgo_r1,mariadb,1,root/mariadb/sql/item_sum.cc:1924:1924:25:194:F,/root/mariadb/sql/item_sum.cc,1924,1924,193,1,mariadb_target_000685;mariadb_target_002110
mariadb_aflgo_r1,mariadb,1,root/mariadb/sql/item_sum.cc:2007:2008:25:199:T,/root/mariadb/sql/item_sum.cc,2007,2008,0,0,mariadb_target_002113
mariadb_aflgo_r1,mariadb,1,root/mariadb/sql/item_sum.cc:2007:2008:25:199:F,/root/mariadb/sql/item_sum.cc,2007,2008,145,1,mariadb_target_002113
mariadb_aflgo_r1,mariadb,1,root/mariadb/sql/item_sum.cc:2025:2025:25:200:T,/root/mariadb/sql/item_sum.cc,2025,2025,102,1,mariadb_target_000688;mariadb_target_002114
mariadb_aflgo_r1,mariadb,1,root/mariadb/sql/item_sum.cc:2025:2025:25:200:F,/root/mariadb/sql/item_sum.cc,2025,2025,28,1,mariadb_target_000688;mariadb_target_002114
mariadb_aflgo_r1,mariadb,1,root/mariadb/sql/item_sum.cc:2065:2065:25:206:T,/root/mariadb/sql/item_sum.cc,2065,2065,0,0,mariadb_target_000689;mariadb_target_002115
mariadb_aflgo_r1,mariadb,1,root/mariadb/sql/item_sum.cc:2065:2065:25:206:F,/root/mariadb/sql/item_sum.cc,2065,2065,0,0,mariadb_target_000689;mariadb_target_002115
mariadb_aflgo_r1,mariadb,1,root/mariadb/sql/item_sum.cc:2073:2073:25:207:T,/root/mariadb/sql/item_sum.cc,2073,2073,0,0,mariadb_target_000689;mariadb_target_002115;mariadb_target_002116
mariadb_aflgo_r1,mariadb,1,root/mariadb/sql/item_sum.cc:2073:2073:25:207:F,/root/mariadb/sql/item_sum.cc,2073,2073,0,0,mariadb_target_000689;mariadb_target_002115;mariadb_target_002116
mariadb_aflgo_r1,mariadb,1,root/mariadb/sql/item_sum.cc:2075:2075:25:208:T,/root/mariadb/sql/item_sum.cc,2075,2075,0,0,mariadb_target_000689;mariadb_target_002115;mariadb_target_002116
mariadb_aflgo_r1,mariadb,1,root/mariadb/sql/item_sum.cc:2075:2075:25:208:F,/root/mariadb/sql/item_sum.cc,2075,2075,0,0,mariadb_target_000689;mariadb_target_002115;mariadb_target_002116
mariadb_aflgo_r1,mariadb,1,root/mariadb/sql/item_sum.cc:2089:2089:25:209:T,/root/mariadb/sql/item_sum.cc,2089,2089,38,1,mariadb_target_000690;mariadb_target_002117;mariadb_target_002118
mariadb_aflgo_r1,mariadb,1,root/mariadb/sql/item_sum.cc:2089:2089:25:209:F,/root/mariadb/sql/item_sum.cc,2089,2089,0,0,mariadb_target_000690;mariadb_target_002117;mariadb_target_002118
mariadb_aflgo_r1,mariadb,1,root/mariadb/sql/item_sum.cc:2091:2091:25:210:T,/root/mariadb/sql/item_sum.cc,2091,2091,0,0,mariadb_target_002118
mariadb_aflgo_r1,mariadb,1,root/mariadb/sql/item_sum.cc:2091:2091:25:210:F,/root/mariadb/sql/item_sum.cc,2091,2091,38,1,mariadb_target_002118
mariadb_aflgo_r1,mariadb,1,root/mariadb/sql/item_sum.cc:2101:2101:25:211:T,/root/mariadb/sql/item_sum.cc,2101,2101,0,0,mariadb_target_002118
mariadb_aflgo_r1,mariadb,1,root/mariadb/sql/item_sum.cc:2101:2101:25:211:F,/root/mariadb/sql/item_sum.cc,2101,2101,38,1,mariadb_target_002118
mariadb_aflgo_r1,mariadb,1,root/mariadb/sql/item_sum.cc:2113:2113:25:212:T,/root/mariadb/sql/item_sum.cc,2113,2113,0,0,mariadb_target_000691;mariadb_target_002119;mariadb_target_002120
mariadb_aflgo_r1,mariadb,1,root/mariadb/sql/item_sum.cc:2113:2113:25:212:F,/root/mariadb/sql/item_sum.cc,2113,2113,0,0,mariadb_target_000691;mariadb_target_002119;mariadb_target_002120
mariadb_aflgo_r1,mariadb,1,root/mariadb/sql/item_sum.cc:2115:2115:25:213:T,/root/mariadb/sql/item_sum.cc,2115,2115,0,0,mariadb_target_000691;mariadb_target_002119;mariadb_target_002120
mariadb_aflgo_r1,mariadb,1,root/mariadb/sql/item_sum.cc:2115:2115:25:213:F,/root/mariadb/sql/item_sum.cc,2115,2115,0,0,mariadb_target_000691;mariadb_target_002119;mariadb_target_002120
mariadb_aflgo_r1,mariadb,1,root/mariadb/sql/item_sum.cc:2129:2129:25:214:T,/root/mariadb/sql/item_sum.cc,2129,2129,0,0,mariadb_target_000692;mariadb_target_002121;mariadb_target_002122
mariadb_aflgo_r1,mariadb,1,root/mariadb/sql/item_sum.cc:2129:2129:25:214:F,/root/mariadb/sql/item_sum.cc,2129,2129,0,0,mariadb_target_000692;mariadb_target_002121;mariadb_target_002122
mariadb_aflgo_r1,mariadb,1,root/mariadb/sql/item_sum.cc:2141:2141:25:215:T,/root/mariadb/sql/item_sum.cc,2141,2141,0,0,mariadb_target_002122
mariadb_aflgo_r1,mariadb,1,root/mariadb/sql/item_sum.cc:2141:2141:25:215:F,/root/mariadb/sql/item_sum.cc,2141,2141,0,0,mariadb_target_002122
mariadb_aflgo_r1,mariadb,1,root/mariadb/sql/item_sum.cc:2246:2246:25:219:T,/root/mariadb/sql/item_sum.cc,2246,2246,0,0,mariadb_target_002124
mariadb_aflgo_r1,mariadb,1,root/mariadb/sql/item_sum.cc:2246:2246:25:219:F,/root/mariadb/sql/item_sum.cc,2246,2246,0,0,mariadb_target_002124
mariadb_aflgo_r1,mariadb,1,root/mariadb/sql/item_sum.cc:2269:2269:25:220:T,/root/mariadb/sql/item_sum.cc,2269,2269,0,0,mariadb_target_000694;mariadb_target_002125
mariadb_aflgo_r1,mariadb,1,root/mariadb/sql/item_sum.cc:2269:2269:25:220:F,/root/mariadb/sql/item_sum.cc,2269,2269,0,0,mariadb_target_000694;mariadb_target_002125
mariadb_aflgo_r1,mariadb,1,root/mariadb/sql/item_sum.cc:2303:2303:25:222:T,/root/mariadb/sql/item_sum.cc,2303,2303,0,0,mariadb_target_000696;mariadb_target_002127
mariadb_aflgo_r1,mariadb,1,root/mariadb/sql/item_sum.cc:2303:2303:25:222:F,/root/mariadb/sql/item_sum.cc,2303,2303,0,0,mariadb_target_000696;mariadb_target_002127
mariadb_aflgo_r1,mariadb,1,root/mariadb/sql/item_sum.cc:2322:2322:25:223:T,/root/mariadb/sql/item_sum.cc,2322,2322,0,0,mariadb_target_002128
mariadb_aflgo_r1,mariadb,1,root/mariadb/sql/item_sum.cc:2322:2322:25:223:F,/root/mariadb/sql/item_sum.cc,2322,2322,0,0,mariadb_target_002128
mariadb_aflgo_r1,mariadb,1,root/mariadb/sql/item_sum.cc:2340:2340:25:224:T,/root/mariadb/sql/item_sum.cc,2340,2340,0,0,mariadb_target_002130;mariadb_target_002131;mariadb_target_002132
mariadb_aflgo_r1,mariadb,1,root/mariadb/sql/item_sum.cc:2340:2340:25:224:F,/root/mariadb/sql/item_sum.cc,2340,2340,0,0,mariadb_target_002130;mariadb_target_002131;mariadb_target_002132
mariadb_aflgo_r1,mariadb,1,root/mariadb/sql/item_sum.cc:2371:2371:25:225:T,/root/mariadb/sql/item_sum.cc,2371,2371,0,0,mariadb_target_002134;mariadb_target_002135
mariadb_aflgo_r1,mariadb,1,root/mariadb/sql/item_sum.cc:2371:2371:25:225:F,/root/mariadb/sql/item_sum.cc,2371,2371,0,0,mariadb_target_002134;mariadb_target_002135
mariadb_aflgo_r1,mariadb,1,root/mariadb/sql/item_sum.cc:2431:2431:25:229:T,/root/mariadb/sql/item_sum.cc,2431,2431,0,0,mariadb_target_000700;mariadb_target_002137;mariadb_target_002138
mariadb_aflgo_r1,mariadb,1,root/mariadb/sql/item_sum.cc:2431:2431:25:229:F,/root/mariadb/sql/item_sum.cc,2431,2431,0,0,mariadb_target_000700;mariadb_target_002137;mariadb_target_002138
mariadb_aflgo_r1,mariadb,1,root/mariadb/sql/item_sum.cc:2434:2434:25:230:T,/root/mariadb/sql/item_sum.cc,2434,2434,0,0,mariadb_target_000701;mariadb_target_002138;mariadb_target_002139
mariadb_aflgo_r1,mariadb,1,root/mariadb/sql/item_sum.cc:2434:2434:25:230:F,/root/mariadb/sql/item_sum.cc,2434,2434,0,0,mariadb_target_000701;mariadb_target_002138;mariadb_target_002139
mariadb_aflgo_r1,mariadb,1,root/mariadb/sql/item_sum.cc:2443:2443:25:231:T,/root/mariadb/sql/item_sum.cc,2443,2443,0,0,mariadb_target_000701;mariadb_target_002139;mariadb_target_002140
mariadb_aflgo_r1,mariadb,1,root/mariadb/sql/item_sum.cc:2443:2443:25:231:F,/root/mariadb/sql/item_sum.cc,2443,2443,0,0,mariadb_target_000701;mariadb_target_002139;mariadb_target_002140
mariadb_aflgo_r1,mariadb,1,root/mariadb/sql/item_sum.cc:2446:2446:25:232:T,/root/mariadb/sql/item_sum.cc,2446,2446,0,0,mariadb_target_002140
mariadb_aflgo_r1,mariadb,1,root/mariadb/sql/item_sum.cc:2446:2446:25:232:F,/root/mariadb/sql/item_sum.cc,2446,2446,0,0,mariadb_target_002140
mariadb_aflgo_r1,mariadb,1,root/mariadb/sql/item_sum.cc:2456:2456:25:233:T,/root/mariadb/sql/item_sum.cc,2456,2456,0,0,mariadb_target_000702;mariadb_target_002141;mariadb_target_002142
mariadb_aflgo_r1,mariadb,1,root/mariadb/sql/item_sum.cc:2456:2456:25:233:F,/root/mariadb/sql/item_sum.cc,2456,2456,0,0,mariadb_target_000702;mariadb_target_002141;mariadb_target_002142
mariadb_aflgo_r1,mariadb,1,root/mariadb/sql/item_sum.cc:2459:2459:25:234:T,/root/mariadb/sql/item_sum.cc,2459,2459,0,0,mariadb_target_002142
mariadb_aflgo_r1,mariadb,1,root/mariadb/sql/item_sum.cc:2459:2459:25:234:F,/root/mariadb/sql/item_sum.cc,2459,2459,0,0,mariadb_target_002142
mariadb_aflgo_r1,mariadb,1,root/mariadb/sql/item_sum.cc:2470:2470:25:235:T,/root/mariadb/sql/item_sum.cc,2470,2470,0,0,mariadb_target_000703;mariadb_target_002143;mariadb_target_002144
mariadb_aflgo_r1,mariadb,1,root/mariadb/sql/item_sum.cc:2470:2470:25:235:F,/root/mariadb/sql/item_sum.cc,2470,2470,0,0,mariadb_target_000703;mariadb_target_002143;mariadb_target_002144
mariadb_aflgo_r1,mariadb,1,root/mariadb/sql/item_sum.cc:2473:2473:25:236:T,/root/mariadb/sql/item_sum.cc,2473,2473,0,0,mariadb_target_002144
mariadb_aflgo_r1,mariadb,1,root/mariadb/sql/item_sum.cc:2473:2473:25:236:F,/root/mariadb/sql/item_sum.cc,2473,2473,0,0,mariadb_target_002144
mariadb_aflgo_r1,mariadb,1,root/mariadb/sql/item_sum.cc:2482:2482:25:237:T,/root/mariadb/sql/item_sum.cc,2482,2482,0,0,mariadb_target_000704;mariadb_target_002145;mariadb_target_002146
mariadb_aflgo_r1,mariadb,1,root/mariadb/sql/item_sum.cc:2482:2482:25:237:F,/root/mariadb/sql/item_sum.cc,2482,2482,0,0,mariadb_target_000704;mariadb_target_002145;mariadb_target_002146
mariadb_aflgo_r1,mariadb,1,root/mariadb/sql/item_sum.cc:2683:2683:25:255:T,/root/mariadb/sql/item_sum.cc,2683,2683,0,0,mariadb_target_000707;mariadb_target_002149
mariadb_aflgo_r1,mariadb,1,root/mariadb/sql/item_sum.cc:2683:2683:25:255:F,/root/mariadb/sql/item_sum.cc,2683,2683,0,0,mariadb_target_000707;mariadb_target_002149
mariadb_aflgo_r1,mariadb,1,root/mariadb/sql/item_sum.cc:2691:2691:25:256:T,/root/mariadb/sql/item_sum.cc,2691,2691,0,0,mariadb_target_000707;mariadb_target_002149
mariadb_aflgo_r1,mariadb,1,root/mariadb/sql/item_sum.cc:2691:2691:25:256:F,/root/mariadb/sql/item_sum.cc,2691,2691,0,0,mariadb_target_000707;mariadb_target_002149
mariadb_aflgo_r1,mariadb,1,root/mariadb/sql/item_sum.cc:2693:2693:25:257:T,/root/mariadb/sql/item_sum.cc,2693,2693,0,0,mariadb_target_000707;mariadb_target_002149
mariadb_aflgo_r1,mariadb,1,root/mariadb/sql/item_sum.cc:2693:2693:25:257:F,/root/mariadb/sql/item_sum.cc,2693,2693,0,0,mariadb_target_000707;mariadb_target_002149
mariadb_aflgo_r1,mariadb,1,root/mariadb/sql/item_sum.cc:2719:2719:25:260:T,/root/mariadb/sql/item_sum.cc,2719,2719,0,0,mariadb_target_000708;mariadb_target_002150
mariadb_aflgo_r1,mariadb,1,root/mariadb/sql/item_sum.cc:2719:2719:25:260:F,/root/mariadb/sql/item_sum.cc,2719,2719,0,0,mariadb_target_000708;mariadb_target_002150
mariadb_aflgo_r1,mariadb,1,root/mariadb/sql/item_sum.cc:2721:2721:25:261:T,/root/mariadb/sql/item_sum.cc,2721,2721,0,0,mariadb_target_000708;mariadb_target_002150
mariadb_aflgo_r1,mariadb,1,root/mariadb/sql/item_sum.cc:2721:2721:25:261:F,/root/mariadb/sql/item_sum.cc,2721,2721,0,0,mariadb_target_000708;mariadb_target_002150
mariadb_aflgo_r1,mariadb,1,root/mariadb/sql/item_sum.cc:2754:2754:25:265:T,/root/mariadb/sql/item_sum.cc,2754,2754,0,0,mariadb_target_000709;mariadb_target_002151
mariadb_aflgo_r1,mariadb,1,root/mariadb/sql/item_sum.cc:2754:2754:25:265:F,/root/mariadb/sql/item_sum.cc,2754,2754,0,0,mariadb_target_000709;mariadb_target_002151
mariadb_aflgo_r1,mariadb,1,root/mariadb/sql/item_sum.cc:2756:2756:25:266:T,/root/mariadb/sql/item_sum.cc,2756,2756,0,0,mariadb_target_000709;mariadb_target_002151
mariadb_aflgo_r1,mariadb,1,root/mariadb/sql/item_sum.cc:2756:2756:25:266:F,/root/mariadb/sql/item_sum.cc,2756,2756,0,0,mariadb_target_000709;mariadb_target_002151
mariadb_aflgo_r1,mariadb,1,root/mariadb/sql/item_sum.cc:2788:2788:25:269:T,/root/mariadb/sql/item_sum.cc,2788,2788,0,0,mariadb_target_002153
mariadb_aflgo_r1,mariadb,1,root/mariadb/sql/item_sum.cc:2788:2788:25:269:F,/root/mariadb/sql/item_sum.cc,2788,2788,0,0,mariadb_target_002153
mariadb_aflgo_r1,mariadb,1,root/mariadb/sql/item_sum.cc:2804:2804:25:271:T,/root/mariadb/sql/item_sum.cc,2804,2804,0,0,mariadb_target_002154;mariadb_target_002155
mariadb_aflgo_r1,mariadb,1,root/mariadb/sql/item_sum.cc:2804:2804:25:271:F,/root/mariadb/sql/item_sum.cc,2804,2804,0,0,mariadb_target_002154;mariadb_target_002155
mariadb_aflgo_r1,mariadb,1,root/mariadb/sql/item_sum.cc:2806:2806:25:272:T,/root/mariadb/sql/item_sum.cc,2806,2806,0,0,mariadb_target_002154;mariadb_target_002155
mariadb_aflgo_r1,mariadb,1,root/mariadb/sql/item_sum.cc:2806:2806:25:272:F,/root/mariadb/sql/item_sum.cc,2806,2806,0,0,mariadb_target_002154;mariadb_target_002155
mariadb_aflgo_r1,mariadb,1,root/mariadb/sql/item_sum.cc:2818:2818:25:273:T,/root/mariadb/sql/item_sum.cc,2818,2818,0,0,mariadb_target_002157
mariadb_aflgo_r1,mariadb,1,root/mariadb/sql/item_sum.cc:2818:2818:25:273:F,/root/mariadb/sql/item_sum.cc,2818,2818,0,0,mariadb_target_002157
mariadb_aflgo_r1,mariadb,1,root/mariadb/sql/item_sum.cc:2822:2822:25:274:T,/root/mariadb/sql/item_sum.cc,2822,2822,0,0,mariadb_target_002158;mariadb_target_002159
mariadb_aflgo_r1,mariadb,1,root/mariadb/sql/item_sum.cc:2822:2822:25:274:F,/root/mariadb/sql/item_sum.cc,2822,2822,0,0,mariadb_target_002158;mariadb_target_002159
mariadb_aflgo_r1,mariadb,1,root/mariadb/sql/item_sum.cc:2824:2824:25:275:T,/root/mariadb/sql/item_sum.cc,2824,2824,0,0,mariadb_target_002158;mariadb_target_002159
mariadb_aflgo_r1,mariadb,1,root/mariadb/sql/item_sum.cc:2824:2824:25:275:F,/root/mariadb/sql/item_sum.cc,2824,2824,0,0,mariadb_target_002158;mariadb_target_002159
mariadb_aflgo_r1,mariadb,1,root/mariadb/sql/item_sum.cc:2835:2835:25:276:T,/root/mariadb/sql/item_sum.cc,2835,2835,0,0,mariadb_target_002160;mariadb_target_002161
mariadb_aflgo_r1,mariadb,1,root/mariadb/sql/item_sum.cc:2835:2835:25:276:F,/root/mariadb/sql/item_sum.cc,2835,2835,0,0,mariadb_target_002160;mariadb_target_002161
mariadb_aflgo_r1,mariadb,1,root/mariadb/sql/item_sum.cc:2839:2839:25:277:T,/root/mariadb/sql/item_sum.cc,2839,2839,0,0,mariadb_target_002162
mariadb_aflgo_r1,mariadb,1,root/mariadb/sql/item_sum.cc:2839:2839:25:277:F,/root/mariadb/sql/item_sum.cc,2839,2839,0,0,mariadb_target_002162
mariadb_aflgo_r1,mariadb,1,root/mariadb/sql/item_sum.cc:2841:2841:25:278:T,/root/mariadb/sql/item_sum.cc,2841,2841,0,0,mariadb_target_002162
mariadb_aflgo_r1,mariadb,1,root/mariadb/sql/item_sum.cc:2841:2841:25:278:F,/root/mariadb/sql/item_sum.cc,2841,2841,0,0,mariadb_target_002162
mariadb_aflgo_r1,mariadb,1,root/mariadb/sql/item_sum.cc:2871:2871:25:281:T,/root/mariadb/sql/item_sum.cc,2871,2871,174,1,mariadb_target_000711;mariadb_target_002163;mariadb_target_002164
mariadb_aflgo_r1,mariadb,1,root/mariadb/sql/item_sum.cc:2871:2871:25:281:F,/root/mariadb/sql/item_sum.cc,2871,2871,0,0,mariadb_target_000711;mariadb_target_002163;mariadb_target_002164
mariadb_aflgo_r1,mariadb,1,root/mariadb/sql/item_sum.cc:2894:2894:25:282:T,/root/mariadb/sql/item_sum.cc,2894,2894,0,0,mariadb_target_002164;mariadb_target_002166;mariadb_target_002167;mariadb_target_002168
mariadb_aflgo_r1,mariadb,1,root/mariadb/sql/item_sum.cc:2894:2894:25:282:F,/root/mariadb/sql/item_sum.cc,2894,2894,174,1,mariadb_target_002164;mariadb_target_002166;mariadb_target_002167;mariadb_target_002168
mariadb_aflgo_r1,mariadb,1,root/mariadb/sql/item_sum.cc:2914:2914:25:283:T,/root/mariadb/sql/item_sum.cc,2914,2914,60,1,mariadb_target_002170
mariadb_aflgo_r1,mariadb,1,root/mariadb/sql/item_sum.cc:2914:2914:25:283:F,/root/mariadb/sql/item_sum.cc,2914,2914,0,0,mariadb_target_002170
mariadb_aflgo_r1,mariadb,1,root/mariadb/sql/item_sum.cc:2914:2914:25:284:T,/root/mariadb/sql/item_sum.cc,2914,2914,0,0,mariadb_target_002170
mariadb_aflgo_r1,mariadb,1,root/mariadb/sql/item_sum.cc:2914:2914:25:284:F,/root/mariadb/sql/item_sum.cc,2914,2914,0,0,mariadb_target_002170
mariadb_aflgo_r1,mariadb,1,root/mariadb/sql/item_sum.cc:2926:2926:25:285:T,/root/mariadb/sql/item_sum.cc,2926,2926,222,1,mariadb_target_000713;mariadb_target_002171;mariadb_target_002172
mariadb_aflgo_r1,mariadb,1,root/mariadb/sql/item_sum.cc:2926:2926:25:285:F,/root/mariadb/sql/item_sum.cc,2926,2926,0,0,mariadb_target_000713;mariadb_target_002171;mariadb_target_002172
mariadb_aflgo_r1,mariadb,1,root/mariadb/sql/item_sum.cc:2939:2939:25:287:T,/root/mariadb/sql/item_sum.cc,2939,2939,0,0,mariadb_target_002173;mariadb_target_002174
mariadb_aflgo_r1,mariadb,1,root/mariadb/sql/item_sum.cc:2939:2939:25:287:F,/root/mariadb/sql/item_sum.cc,2939,2939,0,0,mariadb_target_002173;mariadb_target_002174
mariadb_aflgo_r1,mariadb,1,root/mariadb/sql/item_sum.cc:2978:2978:25:288:T,/root/mariadb/sql/item_sum.cc,2978,2978,0,0,mariadb_target_000716;mariadb_target_002180;mariadb_target_002181
mariadb_aflgo_r1,mariadb,1,root/mariadb/sql/item_sum.cc:2978:2978:25:288:F,/root/mariadb/sql/item_sum.cc,2978,2978,0,0,mariadb_target_000716;mariadb_target_002180;mariadb_target_002181
mariadb_aflgo_r1,mariadb,1,root/mariadb/sql/item_sum.cc:2994:2994:25:289:T,/root/mariadb/sql/item_sum.cc,2994,2994,0,0,mariadb_target_002181
mariadb_aflgo_r1,mariadb,1,root/mariadb/sql/item_sum.cc:2994:2994:25:289:F,/root/mariadb/sql/item_sum.cc,2994,2994,0,0,mariadb_target_002181
mariadb_aflgo_r1,mariadb,1,root/mariadb/sql/item_sum.cc:2996:2996:25:290:T,/root/mariadb/sql/item_sum.cc,2996,2996,0,0,mariadb_target_002181
mariadb_aflgo_r1,mariadb,1,root/mariadb/sql/item_sum.cc:2996:2996:25:290:F,/root/mariadb/sql/item_sum.cc,2996,2996,0,0,mariadb_target_002181
mariadb_aflgo_r1,mariadb,1,root/mariadb/sql/item_sum.cc:3027:3027:25:291:T,/root/mariadb/sql/item_sum.cc,3027,3027,0,0,mariadb_target_002181;mariadb_target_002186
mariadb_aflgo_r1,mariadb,1,root/mariadb/sql/item_sum.cc:3027:3027:25:291:F,/root/mariadb/sql/item_sum.cc,3027,3027,0,0,mariadb_target_002181;mariadb_target_002186
mariadb_aflgo_r1,mariadb,1,root/mariadb/sql/item_sum.cc:3049:3049:25:292:T,/root/mariadb/sql/item_sum.cc,3049,3049,0,0,mariadb_target_002188
mariadb_aflgo_r1,mariadb,1,root/mariadb/sql/item_sum.cc:3049:3049:25:292:F,/root/mariadb/sql/item_sum.cc,3049,3049,0,0,mariadb_target_002188
mariadb_aflgo_r1,mariadb,1,root/mariadb/sql/item_sum.cc:3049:3049:25:293:T,/root/mariadb/sql/item_sum.cc,3049,3049,0,0,mariadb_target_002188
mariadb_aflgo_r1,mariadb,1,root/mariadb/sql/item_sum.cc:3049:3049:25:293:F,/root/mariadb/sql/item_sum.cc,3049,3049,0,0,mariadb_target_002188
mariadb_aflgo_r1,mariadb,1,root/mariadb/sql/item_sum.cc:3064:3064:25:294:T,/root/mariadb/sql/item_sum.cc,3064,3064,0,0,mariadb_target_002190
mariadb_aflgo_r1,mariadb,1,root/mariadb/sql/item_sum.cc:3064:3064:25:294:F,/root/mariadb/sql/item_sum.cc,3064,3064,0,0,mariadb_target_002190
mariadb_aflgo_r1,mariadb,1,root/mariadb/sql/item_sum.cc:3084:3084:25:296:T,/root/mariadb/sql/item_sum.cc,3084,3084,0,0,mariadb_target_002191
mariadb_aflgo_r1,mariadb,1,root/mariadb/sql/item_sum.cc:3084:3084:25:296:F,/root/mariadb/sql/item_sum.cc,3084,3084,0,0,mariadb_target_002191
mariadb_aflgo_r1,mariadb,1,root/mariadb/sql/item_sum.cc:3306:3306:25:324:T,/root/mariadb/sql/item_sum.cc,3306,3306,0,0,mariadb_target_002195;mariadb_target_002196;mariadb_target_002197
mariadb_aflgo_r1,mariadb,1,root/mariadb/sql/item_sum.cc:3306:3306:25:324:F,/root/mariadb/sql/item_sum.cc,3306,3306,0,0,mariadb_target_002195;mariadb_target_002196;mariadb_target_002197
mariadb_aflgo_r1,mariadb,1,root/mariadb/sql/item_sum.cc:3316:3316:25:325:T,/root/mariadb/sql/item_sum.cc,3316,3316,0,0,mariadb_target_000721;mariadb_target_002198;mariadb_target_002199;mariadb_target_002200
mariadb_aflgo_r1,mariadb,1,root/mariadb/sql/item_sum.cc:3316:3316:25:325:F,/root/mariadb/sql/item_sum.cc,3316,3316,222,1,mariadb_target_000721;mariadb_target_002198;mariadb_target_002199;mariadb_target_002200
mariadb_aflgo_r1,mariadb,1,root/mariadb/sql/item_sum.cc:3341:3341:25:326:T,/root/mariadb/sql/item_sum.cc,3341,3341,0,0,mariadb_target_000723;mariadb_target_002202;mariadb_target_002203;mariadb_target_002204
mariadb_aflgo_r1,mariadb,1,root/mariadb/sql/item_sum.cc:3341:3341:25:326:F,/root/mariadb/sql/item_sum.cc,3341,3341,0,0,mariadb_target_000723;mariadb_target_002202;mariadb_target_002203;mariadb_target_002204
mariadb_aflgo_r1,mariadb,1,root/mariadb/sql/item_sum.cc:3539:3539:25:330:T,/root/mariadb/sql/item_sum.cc,3539,3539,0,0,mariadb_target_000724;mariadb_target_002205;mariadb_target_002206
mariadb_aflgo_r1,mariadb,1,root/mariadb/sql/item_sum.cc:3539:3539:25:330:F,/root/mariadb/sql/item_sum.cc,3539,3539,81,1,mariadb_target_000724;mariadb_target_002205;mariadb_target_002206
mariadb_aflgo_r1,mariadb,1,root/mariadb/sql/item_sum.cc:3548:3548:25:331:T,/root/mariadb/sql/item_sum.cc,3548,3548,161,1,mariadb_target_002206
mariadb_aflgo_r1,mariadb,1,root/mariadb/sql/item_sum.cc:3548:3548:25:331:F,/root/mariadb/sql/item_sum.cc,3548,3548,80,1,mariadb_target_002206
mariadb_aflgo_r1,mariadb,1,root/mariadb/sql/item_sum.cc:3550:3550:25:332:T,/root/mariadb/sql/item_sum.cc,3550,3550,1,1,mariadb_target_002206
mariadb_aflgo_r1,mariadb,1,root/mariadb/sql/item_sum.cc:3550:3550:25:332:F,/root/mariadb/sql/item_sum.cc,3550,3550,160,1,mariadb_target_002206
mariadb_aflgo_r1,mariadb,1,root/mariadb/sql/item_sum.cc:3554:3555:25:333:T,/root/mariadb/sql/item_sum.cc,3554,3555,0,0,mariadb_target_002206
mariadb_aflgo_r1,mariadb,1,root/mariadb/sql/item_sum.cc:3554:3555:25:333:F,/root/mariadb/sql/item_sum.cc,3554,3555,160,1,mariadb_target_002206
mariadb_aflgo_r1,mariadb,1,root/mariadb/sql/item_sum.cc:3559:3559:25:334:T,/root/mariadb/sql/item_sum.cc,3559,3559,0,0,mariadb_target_002206
mariadb_aflgo_r1,mariadb,1,root/mariadb/sql/item_sum.cc:3559:3559:25:334:F,/root/mariadb/sql/item_sum.cc,3559,3559,80,1,mariadb_target_002206
mariadb_aflgo_r1,mariadb,1,root/mariadb/sql/item_sum.cc:3562:3562:25:335:T,/root/mariadb/sql/item_sum.cc,3562,3562,0,0,mariadb_target_002206
mariadb_aflgo_r1,mariadb,1,root/mariadb/sql/item_sum.cc:3562:3562:25:335:F,/root/mariadb/sql/item_sum.cc,3562,3562,80,1,mariadb_target_002206
mariadb_aflgo_r1,mariadb,1,root/mariadb/sql/item_sum.cc:3565:3565:25:336:T,/root/mariadb/sql/item_sum.cc,3565,3565,80,1,mariadb_target_002206
mariadb_aflgo_r1,mariadb,1,root/mariadb/sql/item_sum.cc:3565:3565:25:336:F,/root/mariadb/sql/item_sum.cc,3565,3565,0,0,mariadb_target_002206
mariadb_aflgo_r1,mariadb,1,root/mariadb/sql/item_sum.cc:4071:4071:25:386:T,/root/mariadb/sql/item_sum.cc,4071,4071,200,1,mariadb_target_002208
mariadb_aflgo_r1,mariadb,1,root/mariadb/sql/item_sum.cc:4071:4071:25:386:F,/root/mariadb/sql/item_sum.cc,4071,4071,0,0,mariadb_target_002208
mariadb_aflgo_r1,mariadb,1,root/mariadb/sql/item_sum.cc:4075:4075:25:387:T,/root/mariadb/sql/item_sum.cc,4075,4075,69,1,mariadb_target_002208
mariadb_aflgo_r1,mariadb,1,root/mariadb/sql/item_sum.cc:4075:4075:25:387:F,/root/mariadb/sql/item_sum.cc,4075,4075,131,1,mariadb_target_002208
mariadb_aflgo_r1,mariadb,1,root/mariadb/sql/item_sum.cc:4078:4078:25:388:T,/root/mariadb/sql/item_sum.cc,4078,4078,41,1,mariadb_target_002208
mariadb_aflgo_r1,mariadb,1,root/mariadb/sql/item_sum.cc:4078:4078:25:388:F,/root/mariadb/sql/item_sum.cc,4078,4078,28,1,mariadb_target_002208
mariadb_aflgo_r1,mariadb,1,root/mariadb/sql/item_sum.cc:4082:4082:25:389:T,/root/mariadb/sql/item_sum.cc,4082,4082,69,1,mariadb_target_002208
mariadb_aflgo_r1,mariadb,1,root/mariadb/sql/item_sum.cc:4082:4082:25:389:F,/root/mariadb/sql/item_sum.cc,4082,4082,0,0,mariadb_target_002208
mariadb_aflgo_r1,mariadb,1,root/mariadb/sql/item_sum.cc:4087:4087:25:390:T,/root/mariadb/sql/item_sum.cc,4087,4087,0,0,mariadb_target_002208
mariadb_aflgo_r1,mariadb,1,root/mariadb/sql/item_sum.cc:4087:4087:25:390:F,/root/mariadb/sql/item_sum.cc,4087,4087,69,1,mariadb_target_002208
mariadb_aflgo_r1,mariadb,1,root/mariadb/sql/item_sum.cc:4104:4104:25:391:T,/root/mariadb/sql/item_sum.cc,4104,4104,192,1,mariadb_target_002208;mariadb_target_002209;mariadb_target_002210
mariadb_aflgo_r1,mariadb,1,root/mariadb/sql/item_sum.cc:4104:4104:25:391:F,/root/mariadb/sql/item_sum.cc,4104,4104,200,1,mariadb_target_002208;mariadb_target_002209;mariadb_target_002210
mariadb_aflgo_r1,mariadb,1,root/mariadb/sql/item_sum.cc:4206:4206:25:401:T,/root/mariadb/sql/item_sum.cc,4206,4206,0,0,mariadb_target_000727;mariadb_target_002212
mariadb_aflgo_r1,mariadb,1,root/mariadb/sql/item_sum.cc:4206:4206:25:401:F,/root/mariadb/sql/item_sum.cc,4206,4206,162,1,mariadb_target_000727;mariadb_target_002212
mariadb_aflgo_r1,mariadb,1,root/mariadb/sql/item_sum.cc:4206:4206:25:402:T,/root/mariadb/sql/item_sum.cc,4206,4206,0,0,mariadb_target_000727;mariadb_target_002212
mariadb_aflgo_r1,mariadb,1,root/mariadb/sql/item_sum.cc:4206:4206:25:402:F,/root/mariadb/sql/item_sum.cc,4206,4206,0,0,mariadb_target_000727;mariadb_target_002212
mariadb_aflgo_r1,mariadb,1,root/mariadb/sql/item_sum.cc:4209:4209:25:403:T,/root/mariadb/sql/item_sum.cc,4209,4209,0,0,mariadb_target_000727;mariadb_target_002212
mariadb_aflgo_r1,mariadb,1,root/mariadb/sql/item_sum.cc:4209:4209:25:403:F,/root/mariadb/sql/item_sum.cc,4209,4209,162,1,mariadb_target_000727;mariadb_target_002212
mariadb_aflgo_r1,mariadb,1,root/mariadb/sql/item_sum.cc:4481:4481:25:450:T,/root/mariadb/sql/item_sum.cc,4481,4481,1,1,mariadb_target_000728;mariadb_target_002213;mariadb_target_002214
mariadb_aflgo_r1,mariadb,1,root/mariadb/sql/item_sum.cc:4481:4481:25:450:F,/root/mariadb/sql/item_sum.cc,4481,4481,107,1,mariadb_target_000728;mariadb_target_002213;mariadb_target_002214
mariadb_aflgo_r1,mariadb,1,root/mariadb/sql/item_sum.cc:4484:4484:25:451:T,/root/mariadb/sql/item_sum.cc,4484,4484,107,1,mariadb_target_002214
mariadb_aflgo_r1,mariadb,1,root/mariadb/sql/item_sum.cc:4484:4484:25:451:F,/root/mariadb/sql/item_sum.cc,4484,4484,0,0,mariadb_target_002214
mariadb_aflgo_r1,mariadb,1,root/mariadb/sql/item_sum.cc:4486:4486:25:452:T,/root/mariadb/sql/item_sum.cc,4486,4486,107,1,mariadb_target_002214
mariadb_aflgo_r1,mariadb,1,root/mariadb/sql/item_sum.cc:4486:4486:25:452:F,/root/mariadb/sql/item_sum.cc,4486,4486,0,0,mariadb_target_002214
mariadb_aflgo_r1,mariadb,1,root/mariadb/sql/item_sum.cc:4488:4488:25:453:T,/root/mariadb/sql/item_sum.cc,4488,4488,0,0,mariadb_target_002214
mariadb_aflgo_r1,mariadb,1,root/mariadb/sql/item_sum.cc:4488:4488:25:453:F,/root/mariadb/sql/item_sum.cc,4488,4488,0,0,mariadb_target_002214
mariadb_aflgo_r1,mariadb,1,root/mariadb/sql/item_sum.cc:4490:4490:25:454:T,/root/mariadb/sql/item_sum.cc,4490,4490,0,0,mariadb_target_002214
mariadb_aflgo_r1,mariadb,1,root/mariadb/sql/item_sum.cc:4490:4490:25:454:F,/root/mariadb/sql/item_sum.cc,4490,4490,0,0,mariadb_target_002214
mariadb_aflgo_r1,mariadb,1,root/mariadb/sql/item_sum.cc:4490:4490:25:455:T,/root/mariadb/sql/item_sum.cc,4490,4490,0,0,mariadb_target_002214
mariadb_aflgo_r1,mariadb,1,root/mariadb/sql/item_sum.cc:4490:4490:25:455:F,/root/mariadb/sql/item_sum.cc,4490,4490,0,0,mariadb_target_002214
mariadb_aflgo_r1,mariadb,1,root/mariadb/sql/item_sum.cc:4496:4496:25:456:T,/root/mariadb/sql/item_sum.cc,4496,4496,107,1,mariadb_target_002214
mariadb_aflgo_r1,mariadb,1,root/mariadb/sql/item_sum.cc:4496:4496:25:456:F,/root/mariadb/sql/item_sum.cc,4496,4496,0,0,mariadb_target_002214
mariadb_aflgo_r1,mariadb,1,root/mariadb/sql/item_sum.cc:4496:4496:25:457:T,/root/mariadb/sql/item_sum.cc,4496,4496,62,1,mariadb_target_002214
mariadb_aflgo_r1,mariadb,1,root/mariadb/sql/item_sum.cc:4496:4496:25:457:F,/root/mariadb/sql/item_sum.cc,4496,4496,45,1,mariadb_target_002214
mariadb_aflgo_r1,mariadb,1,root/mariadb/sql/item_sum.cc:4497:4497:25:458:T,/root/mariadb/sql/item_sum.cc,4497,4497,0,0,mariadb_target_002214
mariadb_aflgo_r1,mariadb,1,root/mariadb/sql/item_sum.cc:4497:4497:25:458:F,/root/mariadb/sql/item_sum.cc,4497,4497,62,1,mariadb_target_002214
mariadb_aflgo_r1,mariadb,1,root/mariadb/sql/item_sum.cc:4563:4563:25:462:T,/root/mariadb/sql/item_sum.cc,4563,4563,230,1,mariadb_target_000729;mariadb_target_002215
mariadb_aflgo_r1,mariadb,1,root/mariadb/sql/item_sum.cc:4563:4563:25:462:F,/root/mariadb/sql/item_sum.cc,4563,4563,0,0,mariadb_target_000729;mariadb_target_002215
mariadb_aflgo_r1,mariadb,1,root/mariadb/sql/item_sum.cc:4570:4570:25:463:T,/root/mariadb/sql/item_sum.cc,4570,4570,2,1,mariadb_target_000729;mariadb_target_002215;mariadb_target_002216
mariadb_aflgo_r1,mariadb,1,root/mariadb/sql/item_sum.cc:4570:4570:25:463:F,/root/mariadb/sql/item_sum.cc,4570,4570,0,0,mariadb_target_000729;mariadb_target_002215;mariadb_target_002216
mariadb_aflgo_r1,mariadb,1,root/mariadb/sql/item_sum.cc:4572:4572:25:464:T,/root/mariadb/sql/item_sum.cc,4572,4572,0,0,mariadb_target_000729;mariadb_target_002215;mariadb_target_002216
mariadb_aflgo_r1,mariadb,1,root/mariadb/sql/item_sum.cc:4572:4572:25:464:F,/root/mariadb/sql/item_sum.cc,4572,4572,2,1,mariadb_target_000729;mariadb_target_002215;mariadb_target_002216
mariadb_aflgo_r1,mariadb,1,root/mariadb/sql/item_sum.cc:4574:4574:25:465:T,/root/mariadb/sql/item_sum.cc,4574,4574,2,1,mariadb_target_002216
mariadb_aflgo_r1,mariadb,1,root/mariadb/sql/item_sum.cc:4574:4574:25:465:F,/root/mariadb/sql/item_sum.cc,4574,4574,2,1,mariadb_target_002216
mariadb_aflgo_r1,mariadb,1,root/mariadb/sql/item_sum.cc:4576:4576:25:466:T,/root/mariadb/sql/item_sum.cc,4576,4576,0,0,mariadb_target_002216
mariadb_aflgo_r1,mariadb,1,root/mariadb/sql/item_sum.cc:4576:4576:25:466:F,/root/mariadb/sql/item_sum.cc,4576,4576,2,1,mariadb_target_002216
mariadb_aflgo_r1,mariadb,1,root/mariadb/sql/item_sum.cc:4580:4580:25:467:T,/root/mariadb/sql/item_sum.cc,4580,4580,2,1,mariadb_target_002216
mariadb_aflgo_r1,mariadb,1,root/mariadb/sql/item_sum.cc:4580:4580:25:467:F,/root/mariadb/sql/item_sum.cc,4580,4580,0,0,mariadb_target_002216
mariadb_aflgo_r1,mariadb,1,root/mariadb/sql/item_sum.cc:4583:4583:25:468:T,/root/mariadb/sql/item_sum.cc,4583,4583,2,1,mariadb_target_002216
mariadb_aflgo_r1,mariadb,1,root/mariadb/sql/item_sum.cc:4583:4583:25:468:F,/root/mariadb/sql/item_sum.cc,4583,4583,2,1,mariadb_target_002216
mariadb_aflgo_r1,mariadb,1,root/mariadb/sql/item_sum.cc:4585:4585:25:469:T,/root/mariadb/sql/item_sum.cc,4585,4585,0,0,mariadb_target_002216
mariadb_aflgo_r1,mariadb,1,root/mariadb/sql/item_sum.cc:4585:4585:25:469:F,/root/mariadb/sql/item_sum.cc,4585,4585,2,1,mariadb_target_002216
mariadb_aflgo_r1,mariadb,1,root/mariadb/sql/item_sum.cc:4588:4588:25:470:T,/root/mariadb/sql/item_sum.cc,4588,4588,2,1,mariadb_target_002216
mariadb_aflgo_r1,mariadb,1,root/mariadb/sql/item_sum.cc:4588:4588:25:470:F,/root/mariadb/sql/item_sum.cc,4588,4588,0,0,mariadb_target_002216
mariadb_aflgo_r1,mariadb,1,root/mariadb/sql/item_sum.cc:4595:4595:25:471:T,/root/mariadb/sql/item_sum.cc,4595,4595,2,1,mariadb_target_002216
mariadb_aflgo_r1,mariadb,1,root/mariadb/sql/item_sum.cc:4595:4595:25:471:F,/root/mariadb/sql/item_sum.cc,4595,4595,0,0,mariadb_target_002216
mariadb_aflgo_r1,mariadb,1,root/mariadb/sql/item_sum.cc:4602:4602:25:472:T,/root/mariadb/sql/item_sum.cc,4602,4602,0,0,mariadb_target_002216
mariadb_aflgo_r1,mariadb,1,root/mariadb/sql/item_sum.cc:4602:4602:25:472:F,/root/mariadb/sql/item_sum.cc,4602,4602,2,1,mariadb_target_002216
mariadb_aflgo_r1,mariadb,1,root/mariadb/sql/item_sum.cc:4605:4605:25:473:T,/root/mariadb/sql/item_sum.cc,4605,4605,0,0,mariadb_target_002216
mariadb_aflgo_r1,mariadb,1,root/mariadb/sql/item_sum.cc:4605:4605:25:473:F,/root/mariadb/sql/item_sum.cc,4605,4605,0,0,mariadb_target_002216
mariadb_aflgo_r1,mariadb,1,root/mariadb/sql/item_sum.cc:4642:4642:25:476:T,/root/mariadb/sql/item_sum.cc,4642,4642,0,0,mariadb_target_000732;mariadb_target_002219
mariadb_aflgo_r1,mariadb,1,root/mariadb/sql/item_sum.cc:4642:4642:25:476:F,/root/mariadb/sql/item_sum.cc,4642,4642,0,0,mariadb_target_000732;mariadb_target_002219
mariadb_aflgo_r1,mariadb,1,root/mariadb/sql/item_sum.cc:4645:4645:25:477:T,/root/mariadb/sql/item_sum.cc,4645,4645,0,0,mariadb_target_000732;mariadb_target_002219
mariadb_aflgo_r1,mariadb,1,root/mariadb/sql/item_sum.cc:4645:4645:25:477:F,/root/mariadb/sql/item_sum.cc,4645,4645,0,0,mariadb_target_000732;mariadb_target_002219
mariadb_aflgo_r1,mariadb,1,root/mariadb/sql/item_sum.cc:4645:4645:25:478:T,/root/mariadb/sql/item_sum.cc,4645,4645,0,0,mariadb_target_000732;mariadb_target_002219
mariadb_aflgo_r1,mariadb,1,root/mariadb/sql/item_sum.cc:4645:4645:25:478:F,/root/mariadb/sql/item_sum.cc,4645,4645,0,0,mariadb_target_000732;mariadb_target_002219
mariadb_aflgo_r1,mariadb,1,root/mariadb/sql/item_sum.cc:4649:4649:25:479:T,/root/mariadb/sql/item_sum.cc,4649,4649,0,0,mariadb_target_000732;mariadb_target_002219
mariadb_aflgo_r1,mariadb,1,root/mariadb/sql/item_sum.cc:4649:4649:25:479:F,/root/mariadb/sql/item_sum.cc,4649,4649,0,0,mariadb_target_000732;mariadb_target_002219
mariadb_aflgo_r1,mariadb,1,root/mariadb/sql/item_sum.cc:4651:4651:25:480:T,/root/mariadb/sql/item_sum.cc,4651,4651,0,0,mariadb_target_000732;mariadb_target_002219
mariadb_aflgo_r1,mariadb,1,root/mariadb/sql/item_sum.cc:4651:4651:25:480:F,/root/mariadb/sql/item_sum.cc,4651,4651,0,0,mariadb_target_000732;mariadb_target_002219
mariadb_aflgo_r1,mariadb,1,root/mariadb/sql/item_sum.cc:4744:4744:25:487:T,/root/mariadb/sql/item_sum.cc,4744,4744,0,0,mariadb_target_002221
mariadb_aflgo_r1,mariadb,1,root/mariadb/sql/item_sum.cc:4744:4744:25:487:F,/root/mariadb/sql/item_sum.cc,4744,4744,0,0,mariadb_target_002221
mariadb_aflgo_r1,mariadb,1,root/mariadb/sql/item_sum.cc:4747:4747:25:488:T,/root/mariadb/sql/item_sum.cc,4747,4747,0,0,mariadb_target_002221
mariadb_aflgo_r1,mariadb,1,root/mariadb/sql/item_sum.cc:4747:4747:25:488:F,/root/mariadb/sql/item_sum.cc,4747,4747,0,0,mariadb_target_002221
mariadb_aflgo_r1,mariadb,1,root/mariadb/sql/item_sum.cc:4748:4748:25:489:T,/root/mariadb/sql/item_sum.cc,4748,4748,0,0,mariadb_target_002221
mariadb_aflgo_r1,mariadb,1,root/mariadb/sql/item_sum.cc:4748:4748:25:489:F,/root/mariadb/sql/item_sum.cc,4748,4748,0,0,mariadb_target_002221
mariadb_aflgo_r1,mariadb,1,root/mariadb/sql/item_sum.cc:4783:4783:25:495:T,/root/mariadb/sql/item_sum.cc,4783,4783,0,0,mariadb_target_002222
mariadb_aflgo_r1,mariadb,1,root/mariadb/sql/item_sum.cc:4783:4783:25:495:F,/root/mariadb/sql/item_sum.cc,4783,4783,0,0,mariadb_target_002222
mariadb_aflgo_r1,mariadb,1,root/mariadb/sql/item_sum.h:1281:1281:26:29:T,/root/mariadb/sql/item_sum.h,1281,1281,0,0,mariadb_target_000739;mariadb_target_002228;mariadb_target_002229;mariadb_target_002230
mariadb_aflgo_r1,mariadb,1,root/mariadb/sql/item_sum.h:1281:1281:26:29:F,/root/mariadb/sql/item_sum.h,1281,1281,0,0,mariadb_target_000739;mariadb_target_002228;mariadb_target_002229;mariadb_target_002230
mariadb_aflgo_r1,mariadb,1,root/mariadb/sql/item_sum.h:1485:1485:26:32:T,/root/mariadb/sql/item_sum.h,1485,1485,0,0,mariadb_target_000740;mariadb_target_000741;mariadb_target_002231;mariadb_target_002232
mariadb_aflgo_r1,mariadb,1,root/mariadb/sql/item_sum.h:1485:1485:26:32:F,/root/mariadb/sql/item_sum.h,1485,1485,0,0,mariadb_target_000740;mariadb_target_000741;mariadb_target_002231;mariadb_target_002232
mariadb_aflgo_r1,mariadb,1,root/mariadb/sql/item_sum.h:1492:1492:26:33:T,/root/mariadb/sql/item_sum.h,1492,1492,0,0,mariadb_target_000741;mariadb_target_000742;mariadb_target_002232;mariadb_target_002233
mariadb_aflgo_r1,mariadb,1,root/mariadb/sql/item_sum.h:1492:1492:26:33:F,/root/mariadb/sql/item_sum.h,1492,1492,0,0,mariadb_target_000741;mariadb_target_000742;mariadb_target_002232;mariadb_target_002233
mariadb_aflgo_r1,mariadb,1,root/mariadb/sql/item_sum.h:1499:1499:26:34:T,/root/mariadb/sql/item_sum.h,1499,1499,0,0,mariadb_target_000742;mariadb_target_000743;mariadb_target_002233;mariadb_target_002234;mariadb_target_002235
mariadb_aflgo_r1,mariadb,1,root/mariadb/sql/item_sum.h:1499:1499:26:34:F,/root/mariadb/sql/item_sum.h,1499,1499,0,0,mariadb_target_000742;mariadb_target_000743;mariadb_target_002233;mariadb_target_002234;mariadb_target_002235
mariadb_aflgo_r1,mariadb,1,root/mariadb/sql/item_sum.h:1506:1506:26:35:T,/root/mariadb/sql/item_sum.h,1506,1506,0,0,mariadb_target_000743;mariadb_target_000744;mariadb_target_002234;mariadb_target_002235;mariadb_target_002236;mariadb_target_002237
mariadb_aflgo_r1,mariadb,1,root/mariadb/sql/item_sum.h:1506:1506:26:35:F,/root/mariadb/sql/item_sum.h,1506,1506,0,0,mariadb_target_000743;mariadb_target_000744;mariadb_target_002234;mariadb_target_002235;mariadb_target_002236;mariadb_target_002237
mariadb_aflgo_r1,mariadb,1,root/mariadb/sql/item_sum.h:1506:1506:26:36:T,/root/mariadb/sql/item_sum.h,1506,1506,0,0,mariadb_target_000743;mariadb_target_000744;mariadb_target_002234;mariadb_target_002235;mariadb_target_002236;mariadb_target_002237
mariadb_aflgo_r1,mariadb,1,root/mariadb/sql/item_sum.h:1506:1506:26:36:F,/root/mariadb/sql/item_sum.h,1506,1506,0,0,mariadb_target_000743;mariadb_target_000744;mariadb_target_002234;mariadb_target_002235;mariadb_target_002236;mariadb_target_002237
mariadb_aflgo_r1,mariadb,1,root/mariadb/sql/item_sum.h:2018:2018:26:45:T,/root/mariadb/sql/item_sum.h,2018,2018,0,0,mariadb_target_000753;mariadb_target_002248
mariadb_aflgo_r1,mariadb,1,root/mariadb/sql/item_sum.h:2018:2018:26:45:F,/root/mariadb/sql/item_sum.h,2018,2018,0,0,mariadb_target_000753;mariadb_target_002248
mariadb_aflgo_r1,mariadb,1,root/mariadb/sql/item_sum.h:2029:2029:26:46:T,/root/mariadb/sql/item_sum.h,2029,2029,0,0,mariadb_target_000754;mariadb_target_002249
mariadb_aflgo_r1,mariadb,1,root/mariadb/sql/item_sum.h:2029:2029:26:46:F,/root/mariadb/sql/item_sum.h,2029,2029,0,0,mariadb_target_000754;mariadb_target_002249
mariadb_aflgo_r1,mariadb,1,root/mariadb/sql/item_timefunc.h:447:447:27:4:T,/root/mariadb/sql/item_timefunc.h,447,447,0,0,mariadb_target_000802;mariadb_target_002320
mariadb_aflgo_r1,mariadb,1,root/mariadb/sql/item_timefunc.h:447:447:27:4:F,/root/mariadb/sql/item_timefunc.h,447,447,0,0,mariadb_target_000802;mariadb_target_002320
mariadb_aflgo_r1,mariadb,1,root/mariadb/sql/item_timefunc.h:448:448:27:5:T,/root/mariadb/sql/item_timefunc.h,448,448,0,0,mariadb_target_000802;mariadb_target_002320
mariadb_aflgo_r1,mariadb,1,root/mariadb/sql/item_timefunc.h:448:448:27:5:F,/root/mariadb/sql/item_timefunc.h,448,448,0,0,mariadb_target_000802;mariadb_target_002320
mariadb_aflgo_r1,mariadb,1,root/mariadb/sql/item_timefunc.h:630:630:27:9:T,/root/mariadb/sql/item_timefunc.h,630,630,0,0,mariadb_target_000805;mariadb_target_002325
mariadb_aflgo_r1,mariadb,1,root/mariadb/sql/item_timefunc.h:630:630:27:9:F,/root/mariadb/sql/item_timefunc.h,630,630,0,0,mariadb_target_000805;mariadb_target_002325
mariadb_aflgo_r1,mariadb,1,root/mariadb/sql/item_timefunc.h:636:636:27:10:T,/root/mariadb/sql/item_timefunc.h,636,636,1,1,mariadb_target_000805;mariadb_target_002325
mariadb_aflgo_r1,mariadb,1,root/mariadb/sql/item_timefunc.h:636:636:27:10:F,/root/mariadb/sql/item_timefunc.h,636,636,0,0,mariadb_target_000805;mariadb_target_002325
mariadb_aflgo_r1,mariadb,1,root/mariadb/sql/item_timefunc.h:956:956:27:11:T,/root/mariadb/sql/item_timefunc.h,956,956,4,1,mariadb_target_000822;mariadb_target_000823;mariadb_target_002352;mariadb_target_002353;mariadb_target_002354;mariadb_target_002355
mariadb_aflgo_r1,mariadb,1,root/mariadb/sql/item_timefunc.h:956:956:27:11:F,/root/mariadb/sql/item_timefunc.h,956,956,16,1,mariadb_target_000822;mariadb_target_000823;mariadb_target_002352;mariadb_target_002353;mariadb_target_002354;mariadb_target_002355
mariadb_aflgo_r1,mariadb,1,root/mariadb/sql/item_timefunc.h:962:962:27:12:T,/root/mariadb/sql/item_timefunc.h,962,962,0,0,mariadb_target_000823;mariadb_target_002354;mariadb_target_002355;mariadb_target_002356
mariadb_aflgo_r1,mariadb,1,root/mariadb/sql/item_timefunc.h:962:962:27:12:F,/root/mariadb/sql/item_timefunc.h,962,962,383,1,mariadb_target_000823;mariadb_target_002354;mariadb_target_002355;mariadb_target_002356
mariadb_aflgo_r1,mariadb,1,root/mariadb/sql/item_timefunc.h:1039:1039:27:13:T,/root/mariadb/sql/item_timefunc.h,1039,1039,0,0,mariadb_target_000763;mariadb_target_000764;mariadb_target_002261;mariadb_target_002262;mariadb_target_002263;mariadb_target_002264
mariadb_aflgo_r1,mariadb,1,root/mariadb/sql/item_timefunc.h:1039:1039:27:13:F,/root/mariadb/sql/item_timefunc.h,1039,1039,0,0,mariadb_target_000763;mariadb_target_000764;mariadb_target_002261;mariadb_target_002262;mariadb_target_002263;mariadb_target_002264
mariadb_aflgo_r1,mariadb,1,root/mariadb/sql/item_timefunc.h:1045:1045:27:14:T,/root/mariadb/sql/item_timefunc.h,1045,1045,0,0,mariadb_target_000764;mariadb_target_002263;mariadb_target_002264;mariadb_target_002265
mariadb_aflgo_r1,mariadb,1,root/mariadb/sql/item_timefunc.h:1045:1045:27:14:F,/root/mariadb/sql/item_timefunc.h,1045,1045,0,0,mariadb_target_000764;mariadb_target_002263;mariadb_target_002264;mariadb_target_002265
mariadb_aflgo_r1,mariadb,1,root/mariadb/sql/item_timefunc.h:2005:2005:27:56:T,/root/mariadb/sql/item_timefunc.h,2005,2005,0,0,mariadb_target_000784;mariadb_target_002294
mariadb_aflgo_r1,mariadb,1,root/mariadb/sql/item_timefunc.h:2005:2005:27:56:F,/root/mariadb/sql/item_timefunc.h,2005,2005,0,0,mariadb_target_000784;mariadb_target_002294
mariadb_aflgo_r1,mariadb,1,root/mariadb/sql/item_timefunc.h:2006:2006:27:57:T,/root/mariadb/sql/item_timefunc.h,2006,2006,0,0,mariadb_target_000784;mariadb_target_002294
mariadb_aflgo_r1,mariadb,1,root/mariadb/sql/item_timefunc.h:2006:2006:27:57:F,/root/mariadb/sql/item_timefunc.h,2006,2006,0,0,mariadb_target_000784;mariadb_target_002294
mariadb_aflgo_r1,mariadb,1,root/mariadb/sql/item_timefunc.h:2007:2007:27:58:T,/root/mariadb/sql/item_timefunc.h,2007,2007,0,0,mariadb_target_000784;mariadb_target_002294
mariadb_aflgo_r1,mariadb,1,root/mariadb/sql/item_timefunc.h:2007:2007:27:58:F,/root/mariadb/sql/item_timefunc.h,2007,2007,0,0,mariadb_target_000784;mariadb_target_002294
mariadb_aflgo_r1,mariadb,1,root/mariadb/sql/item_timefunc.h:2009:2009:27:59:T,/root/mariadb/sql/item_timefunc.h,2009,2009,0,0,mariadb_target_000784;mariadb_target_002294
mariadb_aflgo_r1,mariadb,1,root/mariadb/sql/item_timefunc.h:2009:2009:27:59:F,/root/mariadb/sql/item_timefunc.h,2009,2009,0,0,mariadb_target_000784;mariadb_target_002294
mariadb_aflgo_r1,mariadb,1,root/mariadb/sql/item_timefunc.h:2009:2009:27:60:T,/root/mariadb/sql/item_timefunc.h,2009,2009,0,0,mariadb_target_000784;mariadb_target_002294
mariadb_aflgo_r1,mariadb,1,root/mariadb/sql/item_timefunc.h:2009:2009:27:60:F,/root/mariadb/sql/item_timefunc.h,2009,2009,0,0,mariadb_target_000784;mariadb_target_002294
mariadb_aflgo_r1,mariadb,1,root/mariadb/sql/item_timefunc.h:2024:2024:27:61:T,/root/mariadb/sql/item_timefunc.h,2024,2024,0,0,mariadb_target_000784;mariadb_target_002294
mariadb_aflgo_r1,mariadb,1,root/mariadb/sql/item_timefunc.h:2024:2024:27:61:F,/root/mariadb/sql/item_timefunc.h,2024,2024,0,0,mariadb_target_000784;mariadb_target_002294
mariadb_aflgo_r1,mariadb,1,root/mariadb/sql/item_timefunc.h:2026:2026:27:62:T,/root/mariadb/sql/item_timefunc.h,2026,2026,0,0,mariadb_target_000784;mariadb_target_002294
mariadb_aflgo_r1,mariadb,1,root/mariadb/sql/item_timefunc.h:2026:2026:27:62:F,/root/mariadb/sql/item_timefunc.h,2026,2026,0,0,mariadb_target_000784;mariadb_target_002294
mariadb_aflgo_r1,mariadb,1,root/mariadb/sql/item_timefunc.h:2051:2051:27:63:T,/root/mariadb/sql/item_timefunc.h,2051,2051,0,0,mariadb_target_000785;mariadb_target_002295
mariadb_aflgo_r1,mariadb,1,root/mariadb/sql/item_timefunc.h:2051:2051:27:63:F,/root/mariadb/sql/item_timefunc.h,2051,2051,0,0,mariadb_target_000785;mariadb_target_002295
mariadb_aflgo_r1,mariadb,1,root/mariadb/sql/item_timefunc.h:2052:2052:27:64:T,/root/mariadb/sql/item_timefunc.h,2052,2052,0,0,mariadb_target_000785;mariadb_target_002295
mariadb_aflgo_r1,mariadb,1,root/mariadb/sql/item_timefunc.h:2052:2052:27:64:F,/root/mariadb/sql/item_timefunc.h,2052,2052,0,0,mariadb_target_000785;mariadb_target_002295
mariadb_aflgo_r1,mariadb,1,root/mariadb/sql/item_timefunc.h:2110:2110:27:67:T,/root/mariadb/sql/item_timefunc.h,2110,2110,0,0,mariadb_target_000787;mariadb_target_002298
mariadb_aflgo_r1,mariadb,1,root/mariadb/sql/item_timefunc.h:2110:2110:27:67:F,/root/mariadb/sql/item_timefunc.h,2110,2110,0,0,mariadb_target_000787;mariadb_target_002298
mariadb_aflgo_r1,mariadb,1,root/mariadb/sql/item_timefunc.h:2139:2140:27:68:T,/root/mariadb/sql/item_timefunc.h,2139,2140,0,0,mariadb_target_000788;mariadb_target_002299
mariadb_aflgo_r1,mariadb,1,root/mariadb/sql/item_timefunc.h:2139:2140:27:68:F,/root/mariadb/sql/item_timefunc.h,2139,2140,0,0,mariadb_target_000788;mariadb_target_002299
mariadb_aflgo_r1,mariadb,1,root/mariadb/sql/item_timefunc.h:2139:2142:27:69:T,/root/mariadb/sql/item_timefunc.h,2139,2142,0,0,mariadb_target_000788;mariadb_target_002299
mariadb_aflgo_r1,mariadb,1,root/mariadb/sql/item_timefunc.h:2139:2142:27:69:F,/root/mariadb/sql/item_timefunc.h,2139,2142,0,0,mariadb_target_000788;mariadb_target_002299
mariadb_aflgo_r1,mariadb,1,root/mariadb/sql/item_timefunc.h:2141:2141:27:70:T,/root/mariadb/sql/item_timefunc.h,2141,2141,0,0,mariadb_target_000788;mariadb_target_002299
mariadb_aflgo_r1,mariadb,1,root/mariadb/sql/item_timefunc.h:2141:2141:27:70:F,/root/mariadb/sql/item_timefunc.h,2141,2141,0,0,mariadb_target_000788;mariadb_target_002299
mariadb_aflgo_r1,mariadb,1,root/mariadb/sql/item_timefunc.h:2142:2142:27:71:T,/root/mariadb/sql/item_timefunc.h,2142,2142,0,0,mariadb_target_000788;mariadb_target_002299
mariadb_aflgo_r1,mariadb,1,root/mariadb/sql/item_timefunc.h:2142:2142:27:71:F,/root/mariadb/sql/item_timefunc.h,2142,2142,0,0,mariadb_target_000788;mariadb_target_002299
mariadb_aflgo_r1,mariadb,1,root/mariadb/sql/item_vectorfunc.cc:59:59:28:0:T,/root/mariadb/sql/item_vectorfunc.cc,59,59,0,0,mariadb_target_000826;mariadb_target_002362
mariadb_aflgo_r1,mariadb,1,root/mariadb/sql/item_vectorfunc.cc:59:59:28:0:F,/root/mariadb/sql/item_vectorfunc.cc,59,59,0,0,mariadb_target_000826;mariadb_target_002362
mariadb_aflgo_r1,mariadb,1,root/mariadb/sql/item_vectorfunc.cc:60:60:28:1:T,/root/mariadb/sql/item_vectorfunc.cc,60,60,0,0,mariadb_target_000826;mariadb_target_002362
mariadb_aflgo_r1,mariadb,1,root/mariadb/sql/item_vectorfunc.cc:60:60:28:1:F,/root/mariadb/sql/item_vectorfunc.cc,60,60,0,0,mariadb_target_000826;mariadb_target_002362
mariadb_aflgo_r1,mariadb,1,root/mariadb/sql/item_vectorfunc.cc:61:61:28:2:T,/root/mariadb/sql/item_vectorfunc.cc,61,61,0,0,mariadb_target_000826;mariadb_target_002362;mariadb_target_002363
mariadb_aflgo_r1,mariadb,1,root/mariadb/sql/item_vectorfunc.cc:61:61:28:2:F,/root/mariadb/sql/item_vectorfunc.cc,61,61,0,0,mariadb_target_000826;mariadb_target_002362;mariadb_target_002363
mariadb_aflgo_r1,mariadb,1,root/mariadb/sql/item_vectorfunc.cc:62:62:28:3:T,/root/mariadb/sql/item_vectorfunc.cc,62,62,0,0,mariadb_target_000826;mariadb_target_002362;mariadb_target_002363
mariadb_aflgo_r1,mariadb,1,root/mariadb/sql/item_vectorfunc.cc:62:62:28:3:F,/root/mariadb/sql/item_vectorfunc.cc,62,62,0,0,mariadb_target_000826;mariadb_target_002362;mariadb_target_002363
mariadb_aflgo_r1,mariadb,1,root/mariadb/sql/item_vectorfunc.cc:63:63:28:4:T,/root/mariadb/sql/item_vectorfunc.cc,63,63,0,0,mariadb_target_002363
mariadb_aflgo_r1,mariadb,1,root/mariadb/sql/item_vectorfunc.cc:63:63:28:4:F,/root/mariadb/sql/item_vectorfunc.cc,63,63,0,0,mariadb_target_002363
mariadb_aflgo_r1,mariadb,1,root/mariadb/sql/item_vectorfunc.cc:64:64:28:5:T,/root/mariadb/sql/item_vectorfunc.cc,64,64,0,0,mariadb_target_002363;mariadb_target_002364
mariadb_aflgo_r1,mariadb,1,root/mariadb/sql/item_vectorfunc.cc:64:64:28:5:F,/root/mariadb/sql/item_vectorfunc.cc,64,64,0,0,mariadb_target_002363;mariadb_target_002364
mariadb_aflgo_r1,mariadb,1,root/mariadb/sql/item_vectorfunc.cc:67:67:28:6:T,/root/mariadb/sql/item_vectorfunc.cc,67,67,0,0,mariadb_target_002363;mariadb_target_002364
mariadb_aflgo_r1,mariadb,1,root/mariadb/sql/item_vectorfunc.cc:67:67:28:6:F,/root/mariadb/sql/item_vectorfunc.cc,67,67,0,0,mariadb_target_002363;mariadb_target_002364
mariadb_aflgo_r1,mariadb,1,root/mariadb/sql/item_vectorfunc.cc:71:71:28:7:T,/root/mariadb/sql/item_vectorfunc.cc,71,71,0,0,mariadb_target_002363;mariadb_target_002364
mariadb_aflgo_r1,mariadb,1,root/mariadb/sql/item_vectorfunc.cc:71:71:28:7:F,/root/mariadb/sql/item_vectorfunc.cc,71,71,0,0,mariadb_target_002363;mariadb_target_002364
mariadb_aflgo_r1,mariadb,1,root/mariadb/sql/item_vectorfunc.cc:72:72:28:8:T,/root/mariadb/sql/item_vectorfunc.cc,72,72,0,0,mariadb_target_002364
mariadb_aflgo_r1,mariadb,1,root/mariadb/sql/item_vectorfunc.cc:72:72:28:8:F,/root/mariadb/sql/item_vectorfunc.cc,72,72,0,0,mariadb_target_002364
mariadb_aflgo_r1,mariadb,1,root/mariadb/sql/item_vectorfunc.cc:72:72:28:9:T,/root/mariadb/sql/item_vectorfunc.cc,72,72,0,0,mariadb_target_002364
mariadb_aflgo_r1,mariadb,1,root/mariadb/sql/item_vectorfunc.cc:72:72:28:9:F,/root/mariadb/sql/item_vectorfunc.cc,72,72,0,0,mariadb_target_002364
mariadb_aflgo_r1,mariadb,1,root/mariadb/sql/item_vectorfunc.cc:105:105:28:16:T,/root/mariadb/sql/item_vectorfunc.cc,105,105,0,0,mariadb_target_000824;mariadb_target_002357;mariadb_target_002358;mariadb_target_002359
mariadb_aflgo_r1,mariadb,1,root/mariadb/sql/item_vectorfunc.cc:105:105:28:16:F,/root/mariadb/sql/item_vectorfunc.cc,105,105,0,0,mariadb_target_000824;mariadb_target_002357;mariadb_target_002358;mariadb_target_002359
mariadb_aflgo_r1,mariadb,1,root/mariadb/sql/item_vectorfunc.cc:105:105:28:17:T,/root/mariadb/sql/item_vectorfunc.cc,105,105,0,0,mariadb_target_000824;mariadb_target_002357;mariadb_target_002358;mariadb_target_002359
mariadb_aflgo_r1,mariadb,1,root/mariadb/sql/item_vectorfunc.cc:105:105:28:17:F,/root/mariadb/sql/item_vectorfunc.cc,105,105,0,0,mariadb_target_000824;mariadb_target_002357;mariadb_target_002358;mariadb_target_002359
mariadb_aflgo_r1,mariadb,1,root/mariadb/sql/item_vectorfunc.cc:105:105:28:18:T,/root/mariadb/sql/item_vectorfunc.cc,105,105,0,0,mariadb_target_000824;mariadb_target_002357;mariadb_target_002358;mariadb_target_002359
mariadb_aflgo_r1,mariadb,1,root/mariadb/sql/item_vectorfunc.cc:105:105:28:18:F,/root/mariadb/sql/item_vectorfunc.cc,105,105,0,0,mariadb_target_000824;mariadb_target_002357;mariadb_target_002358;mariadb_target_002359
mariadb_aflgo_r1,mariadb,1,root/mariadb/sql/item_vectorfunc.cc:106:106:28:19:T,/root/mariadb/sql/item_vectorfunc.cc,106,106,0,0,mariadb_target_000824;mariadb_target_002357;mariadb_target_002358;mariadb_target_002359
mariadb_aflgo_r1,mariadb,1,root/mariadb/sql/item_vectorfunc.cc:106:106:28:19:F,/root/mariadb/sql/item_vectorfunc.cc,106,106,0,0,mariadb_target_000824;mariadb_target_002357;mariadb_target_002358;mariadb_target_002359
mariadb_aflgo_r1,mariadb,1,root/mariadb/sql/item_vectorfunc.cc:107:107:28:20:T,/root/mariadb/sql/item_vectorfunc.cc,107,107,0,0,mariadb_target_002358;mariadb_target_002359
mariadb_aflgo_r1,mariadb,1,root/mariadb/sql/item_vectorfunc.cc:107:107:28:20:F,/root/mariadb/sql/item_vectorfunc.cc,107,107,0,0,mariadb_target_002358;mariadb_target_002359
mariadb_aflgo_r1,mariadb,1,root/mariadb/sql/item_vectorfunc.cc:204:204:28:28:T,/root/mariadb/sql/item_vectorfunc.cc,204,204,0,0,mariadb_target_000825;mariadb_target_002360
mariadb_aflgo_r1,mariadb,1,root/mariadb/sql/item_vectorfunc.cc:204:204:28:28:F,/root/mariadb/sql/item_vectorfunc.cc,204,204,0,0,mariadb_target_000825;mariadb_target_002360
mariadb_aflgo_r1,mariadb,1,root/mariadb/sql/item_vectorfunc.cc:248:248:28:37:T,/root/mariadb/sql/item_vectorfunc.cc,248,248,0,0,mariadb_target_002361
mariadb_aflgo_r1,mariadb,1,root/mariadb/sql/item_vectorfunc.cc:248:248:28:37:F,/root/mariadb/sql/item_vectorfunc.cc,248,248,0,0,mariadb_target_002361
mariadb_aflgo_r1,mariadb,1,root/mariadb/sql/item_vers.h:62:62:29:0:T,/root/mariadb/sql/item_vers.h,62,62,0,0,mariadb_target_000828;mariadb_target_002368
mariadb_aflgo_r1,mariadb,1,root/mariadb/sql/item_vers.h:62:62:29:0:F,/root/mariadb/sql/item_vers.h,62,62,0,0,mariadb_target_000828;mariadb_target_002368
mariadb_aflgo_r1,mariadb,1,root/mariadb/sql/item_vers.h:92:92:29:1:T,/root/mariadb/sql/item_vers.h,92,92,0,0,mariadb_target_000829;mariadb_target_002370
mariadb_aflgo_r1,mariadb,1,root/mariadb/sql/item_vers.h:92:92:29:1:F,/root/mariadb/sql/item_vers.h,92,92,0,0,mariadb_target_000829;mariadb_target_002370
mariadb_aflgo_r1,mariadb,1,root/mariadb/sql/item_vers.h:94:94:29:2:T,/root/mariadb/sql/item_vers.h,94,94,0,0,mariadb_target_000829;mariadb_target_002370
mariadb_aflgo_r1,mariadb,1,root/mariadb/sql/item_vers.h:94:94:29:2:F,/root/mariadb/sql/item_vers.h,94,94,0,0,mariadb_target_000829;mariadb_target_002370
mariadb_aflgo_r1,mariadb,1,root/mariadb/sql/item_vers.h:96:96:29:3:T,/root/mariadb/sql/item_vers.h,96,96,0,0,mariadb_target_000829;mariadb_target_002370
mariadb_aflgo_r1,mariadb,1,root/mariadb/sql/item_vers.h:96:96:29:3:F,/root/mariadb/sql/item_vers.h,96,96,0,0,mariadb_target_000829;mariadb_target_002370
mariadb_aflgo_r1,mariadb,1,root/mariadb/sql/item_vers.h:98:98:29:4:T,/root/mariadb/sql/item_vers.h,98,98,0,0,mariadb_target_000829;mariadb_target_002370
mariadb_aflgo_r1,mariadb,1,root/mariadb/sql/item_vers.h:98:98:29:4:F,/root/mariadb/sql/item_vers.h,98,98,0,0,mariadb_target_000829;mariadb_target_002370
mariadb_aflgo_r1,mariadb,1,root/mariadb/sql/item_windowfunc.cc:68:68:30:5:T,/root/mariadb/sql/item_windowfunc.cc,68,68,0,0,mariadb_target_000837;mariadb_target_002379;mariadb_target_002380
mariadb_aflgo_r1,mariadb,1,root/mariadb/sql/item_windowfunc.cc:68:68:30:5:F,/root/mariadb/sql/item_windowfunc.cc,68,68,0,0,mariadb_target_000837;mariadb_target_002379;mariadb_target_002380
mariadb_aflgo_r1,mariadb,1,root/mariadb/sql/item_windowfunc.cc:74:74:30:6:T,/root/mariadb/sql/item_windowfunc.cc,74,74,0,0,mariadb_target_002380
mariadb_aflgo_r1,mariadb,1,root/mariadb/sql/item_windowfunc.cc:74:74:30:6:F,/root/mariadb/sql/item_windowfunc.cc,74,74,0,0,mariadb_target_002380
mariadb_aflgo_r1,mariadb,1,root/mariadb/sql/item_windowfunc.cc:88:88:30:7:T,/root/mariadb/sql/item_windowfunc.cc,88,88,0,0,mariadb_target_000838;mariadb_target_002381
mariadb_aflgo_r1,mariadb,1,root/mariadb/sql/item_windowfunc.cc:88:88:30:7:F,/root/mariadb/sql/item_windowfunc.cc,88,88,0,0,mariadb_target_000838;mariadb_target_002381
mariadb_aflgo_r1,mariadb,1,root/mariadb/sql/item_windowfunc.cc:89:89:30:8:T,/root/mariadb/sql/item_windowfunc.cc,89,89,0,0,mariadb_target_000838;mariadb_target_002381
mariadb_aflgo_r1,mariadb,1,root/mariadb/sql/item_windowfunc.cc:89:89:30:8:F,/root/mariadb/sql/item_windowfunc.cc,89,89,0,0,mariadb_target_000838;mariadb_target_002381
mariadb_aflgo_r1,mariadb,1,root/mariadb/sql/item_windowfunc.cc:393:393:30:50:T,/root/mariadb/sql/item_windowfunc.cc,393,393,0,0,mariadb_target_000831;mariadb_target_002372
mariadb_aflgo_r1,mariadb,1,root/mariadb/sql/item_windowfunc.cc:393:393:30:50:F,/root/mariadb/sql/item_windowfunc.cc,393,393,0,0,mariadb_target_000831;mariadb_target_002372
mariadb_aflgo_r1,mariadb,1,root/mariadb/sql/item_windowfunc.cc:401:401:30:51:T,/root/mariadb/sql/item_windowfunc.cc,401,401,0,0,mariadb_target_000831;mariadb_target_002372
mariadb_aflgo_r1,mariadb,1,root/mariadb/sql/item_windowfunc.cc:401:401:30:51:F,/root/mariadb/sql/item_windowfunc.cc,401,401,0,0,mariadb_target_000831;mariadb_target_002372
mariadb_aflgo_r1,mariadb,1,root/mariadb/sql/item_windowfunc.cc:404:404:30:52:T,/root/mariadb/sql/item_windowfunc.cc,404,404,0,0,mariadb_target_000832;mariadb_target_002373
mariadb_aflgo_r1,mariadb,1,root/mariadb/sql/item_windowfunc.cc:404:404:30:52:F,/root/mariadb/sql/item_windowfunc.cc,404,404,0,0,mariadb_target_000832;mariadb_target_002373
mariadb_aflgo_r1,mariadb,1,root/mariadb/sql/item_windowfunc.cc:412:412:30:53:T,/root/mariadb/sql/item_windowfunc.cc,412,412,0,0,mariadb_target_000832;mariadb_target_002373
mariadb_aflgo_r1,mariadb,1,root/mariadb/sql/item_windowfunc.cc:412:412:30:53:F,/root/mariadb/sql/item_windowfunc.cc,412,412,0,0,mariadb_target_000832;mariadb_target_002373
mariadb_aflgo_r1,mariadb,1,root/mariadb/sql/item_windowfunc.cc:415:415:30:54:T,/root/mariadb/sql/item_windowfunc.cc,415,415,0,0,mariadb_target_000833;mariadb_target_002374
mariadb_aflgo_r1,mariadb,1,root/mariadb/sql/item_windowfunc.cc:415:415:30:54:F,/root/mariadb/sql/item_windowfunc.cc,415,415,0,0,mariadb_target_000833;mariadb_target_002374
mariadb_aflgo_r1,mariadb,1,root/mariadb/sql/item_windowfunc.cc:423:423:30:55:T,/root/mariadb/sql/item_windowfunc.cc,423,423,0,0,mariadb_target_000833;mariadb_target_002374;mariadb_target_002375
mariadb_aflgo_r1,mariadb,1,root/mariadb/sql/item_windowfunc.cc:423:423:30:55:F,/root/mariadb/sql/item_windowfunc.cc,423,423,0,0,mariadb_target_000833;mariadb_target_002374;mariadb_target_002375
mariadb_aflgo_r1,mariadb,1,root/mariadb/sql/item_windowfunc.cc:426:426:30:56:T,/root/mariadb/sql/item_windowfunc.cc,426,426,0,0,mariadb_target_002375
mariadb_aflgo_r1,mariadb,1,root/mariadb/sql/item_windowfunc.cc:426:426:30:56:F,/root/mariadb/sql/item_windowfunc.cc,426,426,0,0,mariadb_target_002375
mariadb_aflgo_r1,mariadb,1,root/mariadb/sql/item_windowfunc.cc:435:435:30:57:T,/root/mariadb/sql/item_windowfunc.cc,435,435,0,0,mariadb_target_000834;mariadb_target_002376
mariadb_aflgo_r1,mariadb,1,root/mariadb/sql/item_windowfunc.cc:435:435:30:57:F,/root/mariadb/sql/item_windowfunc.cc,435,435,0,0,mariadb_target_000834;mariadb_target_002376
mariadb_aflgo_r1,mariadb,1,root/mariadb/sql/item_windowfunc.cc:471:471:30:62:T,/root/mariadb/sql/item_windowfunc.cc,471,471,0,0,mariadb_target_000835;mariadb_target_002377
mariadb_aflgo_r1,mariadb,1,root/mariadb/sql/item_windowfunc.cc:471:471:30:62:F,/root/mariadb/sql/item_windowfunc.cc,471,471,0,0,mariadb_target_000835;mariadb_target_002377
mariadb_aflgo_r1,mariadb,1,root/mariadb/sql/item_windowfunc.cc:472:472:30:63:T,/root/mariadb/sql/item_windowfunc.cc,472,472,0,0,mariadb_target_000835;mariadb_target_002377
mariadb_aflgo_r1,mariadb,1,root/mariadb/sql/item_windowfunc.cc:472:472:30:63:F,/root/mariadb/sql/item_windowfunc.cc,472,472,0,0,mariadb_target_000835;mariadb_target_002377
mariadb_aflgo_r1,mariadb,1,root/mariadb/sql/item_windowfunc.cc:555:555:30:76:T,/root/mariadb/sql/item_windowfunc.cc,555,555,0,0,mariadb_target_000836;mariadb_target_002378
mariadb_aflgo_r1,mariadb,1,root/mariadb/sql/item_windowfunc.cc:555:555:30:76:F,/root/mariadb/sql/item_windowfunc.cc,555,555,0,0,mariadb_target_000836;mariadb_target_002378
mariadb_aflgo_r1,mariadb,1,root/mariadb/sql/item_windowfunc.h:771:771:31:16:T,/root/mariadb/sql/item_windowfunc.h,771,771,0,0,mariadb_target_000847;mariadb_target_002410
mariadb_aflgo_r1,mariadb,1,root/mariadb/sql/item_windowfunc.h:771:771:31:16:F,/root/mariadb/sql/item_windowfunc.h,771,771,0,0,mariadb_target_000847;mariadb_target_002410
mariadb_aflgo_r1,mariadb,1,root/mariadb/sql/item_windowfunc.h:771:771:31:17:T,/root/mariadb/sql/item_windowfunc.h,771,771,0,0,mariadb_target_000847;mariadb_target_002410
mariadb_aflgo_r1,mariadb,1,root/mariadb/sql/item_windowfunc.h:771:771:31:17:F,/root/mariadb/sql/item_windowfunc.h,771,771,0,0,mariadb_target_000847;mariadb_target_002410
mariadb_aflgo_r1,mariadb,1,root/mariadb/sql/item_windowfunc.h:782:782:31:18:T,/root/mariadb/sql/item_windowfunc.h,782,782,0,0,mariadb_target_000848;mariadb_target_002411
mariadb_aflgo_r1,mariadb,1,root/mariadb/sql/item_windowfunc.h:782:782:31:18:F,/root/mariadb/sql/item_windowfunc.h,782,782,0,0,mariadb_target_000848;mariadb_target_002411
mariadb_aflgo_r1,mariadb,1,root/mariadb/sql/item_windowfunc.h:782:782:31:19:T,/root/mariadb/sql/item_windowfunc.h,782,782,0,0,mariadb_target_000848;mariadb_target_002411
mariadb_aflgo_r1,mariadb,1,root/mariadb/sql/item_windowfunc.h:782:782:31:19:F,/root/mariadb/sql/item_windowfunc.h,782,782,0,0,mariadb_target_000848;mariadb_target_002411
mariadb_aflgo_r1,mariadb,1,root/mariadb/sql/item_windowfunc.h:793:793:31:20:T,/root/mariadb/sql/item_windowfunc.h,793,793,0,0,mariadb_target_000849;mariadb_target_002412
mariadb_aflgo_r1,mariadb,1,root/mariadb/sql/item_windowfunc.h:793:793:31:20:F,/root/mariadb/sql/item_windowfunc.h,793,793,0,0,mariadb_target_000849;mariadb_target_002412
mariadb_aflgo_r1,mariadb,1,root/mariadb/sql/item_windowfunc.h:793:793:31:21:T,/root/mariadb/sql/item_windowfunc.h,793,793,0,0,mariadb_target_000849;mariadb_target_002412
mariadb_aflgo_r1,mariadb,1,root/mariadb/sql/item_windowfunc.h:793:793:31:21:F,/root/mariadb/sql/item_windowfunc.h,793,793,0,0,mariadb_target_000849;mariadb_target_002412
mariadb_aflgo_r1,mariadb,1,root/mariadb/sql/item_windowfunc.h:804:804:31:22:T,/root/mariadb/sql/item_windowfunc.h,804,804,0,0,mariadb_target_000850;mariadb_target_002413;mariadb_target_002414
mariadb_aflgo_r1,mariadb,1,root/mariadb/sql/item_windowfunc.h:804:804:31:22:F,/root/mariadb/sql/item_windowfunc.h,804,804,0,0,mariadb_target_000850;mariadb_target_002413;mariadb_target_002414
mariadb_aflgo_r1,mariadb,1,root/mariadb/sql/item_windowfunc.h:804:804:31:23:T,/root/mariadb/sql/item_windowfunc.h,804,804,0,0,mariadb_target_000850;mariadb_target_002413;mariadb_target_002414
mariadb_aflgo_r1,mariadb,1,root/mariadb/sql/item_windowfunc.h:804:804:31:23:F,/root/mariadb/sql/item_windowfunc.h,804,804,0,0,mariadb_target_000850;mariadb_target_002413;mariadb_target_002414
mariadb_aflgo_r1,mariadb,1,root/mariadb/sql/item_windowfunc.h:826:826:31:26:T,/root/mariadb/sql/item_windowfunc.h,826,826,0,0,mariadb_target_000851;mariadb_target_002415
mariadb_aflgo_r1,mariadb,1,root/mariadb/sql/item_windowfunc.h:826:826:31:26:F,/root/mariadb/sql/item_windowfunc.h,826,826,0,0,mariadb_target_000851;mariadb_target_002415
mariadb_aflgo_r1,mariadb,1,root/mariadb/sql/item_windowfunc.h:826:826:31:27:T,/root/mariadb/sql/item_windowfunc.h,826,826,0,0,mariadb_target_000851;mariadb_target_002415
mariadb_aflgo_r1,mariadb,1,root/mariadb/sql/item_windowfunc.h:826:826:31:27:F,/root/mariadb/sql/item_windowfunc.h,826,826,0,0,mariadb_target_000851;mariadb_target_002415
mariadb_aflgo_r1,mariadb,1,root/mariadb/sql/item_windowfunc.h:838:838:31:28:T,/root/mariadb/sql/item_windowfunc.h,838,838,0,0,mariadb_target_000852;mariadb_target_002416
mariadb_aflgo_r1,mariadb,1,root/mariadb/sql/item_windowfunc.h:838:838:31:28:F,/root/mariadb/sql/item_windowfunc.h,838,838,0,0,mariadb_target_000852;mariadb_target_002416
mariadb_aflgo_r1,mariadb,1,root/mariadb/sql/item_windowfunc.h:942:942:31:37:T,/root/mariadb/sql/item_windowfunc.h,942,942,0,0,mariadb_target_000854;mariadb_target_002418
mariadb_aflgo_r1,mariadb,1,root/mariadb/sql/item_windowfunc.h:942:942:31:37:F,/root/mariadb/sql/item_windowfunc.h,942,942,0,0,mariadb_target_000854;mariadb_target_002418
mariadb_aflgo_r1,mariadb,1,root/mariadb/sql/item_windowfunc.h:942:942:31:38:T,/root/mariadb/sql/item_windowfunc.h,942,942,0,0,mariadb_target_000854;mariadb_target_002418
mariadb_aflgo_r1,mariadb,1,root/mariadb/sql/item_windowfunc.h:942:942:31:38:F,/root/mariadb/sql/item_windowfunc.h,942,942,0,0,mariadb_target_000854;mariadb_target_002418
mariadb_aflgo_r1,mariadb,1,root/mariadb/sql/item_windowfunc.h:970:970:31:40:T,/root/mariadb/sql/item_windowfunc.h,970,970,0,0,mariadb_target_000855;mariadb_target_002419
mariadb_aflgo_r1,mariadb,1,root/mariadb/sql/item_windowfunc.h:970:970:31:40:F,/root/mariadb/sql/item_windowfunc.h,970,970,0,0,mariadb_target_000855;mariadb_target_002419
mariadb_aflgo_r1,mariadb,1,root/mariadb/sql/item_windowfunc.h:1119:1119:31:54:T,/root/mariadb/sql/item_windowfunc.h,1119,1119,0,0,mariadb_target_000840;mariadb_target_002383;mariadb_target_002384
mariadb_aflgo_r1,mariadb,1,root/mariadb/sql/item_windowfunc.h:1119:1119:31:54:F,/root/mariadb/sql/item_windowfunc.h,1119,1119,0,0,mariadb_target_000840;mariadb_target_002383;mariadb_target_002384
mariadb_aflgo_r1,mariadb,1,root/mariadb/sql/item_windowfunc.h:1119:1119:31:55:T,/root/mariadb/sql/item_windowfunc.h,1119,1119,0,0,mariadb_target_000840;mariadb_target_002383;mariadb_target_002384
mariadb_aflgo_r1,mariadb,1,root/mariadb/sql/item_windowfunc.h:1119:1119:31:55:F,/root/mariadb/sql/item_windowfunc.h,1119,1119,0,0,mariadb_target_000840;mariadb_target_002383;mariadb_target_002384
mariadb_aflgo_r1,mariadb,1,root/mariadb/sql/item_windowfunc.h:1119:1119:31:56:T,/root/mariadb/sql/item_windowfunc.h,1119,1119,0,0,mariadb_target_000840;mariadb_target_002383;mariadb_target_002384
mariadb_aflgo_r1,mariadb,1,root/mariadb/sql/item_windowfunc.h:1119:1119:31:56:F,/root/mariadb/sql/item_windowfunc.h,1119,1119,0,0,mariadb_target_000840;mariadb_target_002383;mariadb_target_002384
mariadb_aflgo_r1,mariadb,1,root/mariadb/sql/item_windowfunc.h:1280:1280:31:92:T,/root/mariadb/sql/item_windowfunc.h,1280,1280,0,0,mariadb_target_000841;mariadb_target_002386;mariadb_target_002387
mariadb_aflgo_r1,mariadb,1,root/mariadb/sql/item_windowfunc.h:1280:1280:31:92:F,/root/mariadb/sql/item_windowfunc.h,1280,1280,0,0,mariadb_target_000841;mariadb_target_002386;mariadb_target_002387
mariadb_aflgo_r1,mariadb,1,root/mariadb/sql/item_windowfunc.h:1285:1285:31:93:T,/root/mariadb/sql/item_windowfunc.h,1285,1285,0,0,mariadb_target_002387;mariadb_target_002388;mariadb_target_002389
mariadb_aflgo_r1,mariadb,1,root/mariadb/sql/item_windowfunc.h:1285:1285:31:93:F,/root/mariadb/sql/item_windowfunc.h,1285,1285,0,0,mariadb_target_002387;mariadb_target_002388;mariadb_target_002389
mariadb_aflgo_r1,mariadb,1,root/mariadb/sql/item_windowfunc.h:1301:1301:31:94:T,/root/mariadb/sql/item_windowfunc.h,1301,1301,0,0,mariadb_target_000842;mariadb_target_002391;mariadb_target_002392
mariadb_aflgo_r1,mariadb,1,root/mariadb/sql/item_windowfunc.h:1301:1301:31:94:F,/root/mariadb/sql/item_windowfunc.h,1301,1301,0,0,mariadb_target_000842;mariadb_target_002391;mariadb_target_002392
mariadb_aflgo_r1,mariadb,1,root/mariadb/sql/item_windowfunc.h:1306:1306:31:95:T,/root/mariadb/sql/item_windowfunc.h,1306,1306,0,0,mariadb_target_002392;mariadb_target_002393;mariadb_target_002394
mariadb_aflgo_r1,mariadb,1,root/mariadb/sql/item_windowfunc.h:1306:1306:31:95:F,/root/mariadb/sql/item_windowfunc.h,1306,1306,0,0,mariadb_target_002392;mariadb_target_002393;mariadb_target_002394
mariadb_aflgo_r1,mariadb,1,root/mariadb/sql/item_windowfunc.h:1322:1322:31:96:T,/root/mariadb/sql/item_windowfunc.h,1322,1322,0,0,mariadb_target_000843;mariadb_target_002396;mariadb_target_002397
mariadb_aflgo_r1,mariadb,1,root/mariadb/sql/item_windowfunc.h:1322:1322:31:96:F,/root/mariadb/sql/item_windowfunc.h,1322,1322,0,0,mariadb_target_000843;mariadb_target_002396;mariadb_target_002397
mariadb_aflgo_r1,mariadb,1,root/mariadb/sql/item_windowfunc.h:1327:1327:31:97:T,/root/mariadb/sql/item_windowfunc.h,1327,1327,0,0,mariadb_target_002397;mariadb_target_002398;mariadb_target_002399
mariadb_aflgo_r1,mariadb,1,root/mariadb/sql/item_windowfunc.h:1327:1327:31:97:F,/root/mariadb/sql/item_windowfunc.h,1327,1327,0,0,mariadb_target_002397;mariadb_target_002398;mariadb_target_002399
mariadb_aflgo_r1,mariadb,1,root/mariadb/sql/item_windowfunc.h:1329:1329:31:98:T,/root/mariadb/sql/item_windowfunc.h,1329,1329,0,0,mariadb_target_002397;mariadb_target_002398;mariadb_target_002399
mariadb_aflgo_r1,mariadb,1,root/mariadb/sql/item_windowfunc.h:1329:1329:31:98:F,/root/mariadb/sql/item_windowfunc.h,1329,1329,0,0,mariadb_target_002397;mariadb_target_002398;mariadb_target_002399
mariadb_aflgo_r1,mariadb,1,root/mariadb/sql/item_windowfunc.h:1344:1344:31:99:T,/root/mariadb/sql/item_windowfunc.h,1344,1344,0,0,mariadb_target_000844;mariadb_target_002401;mariadb_target_002402;mariadb_target_002403
mariadb_aflgo_r1,mariadb,1,root/mariadb/sql/item_windowfunc.h:1344:1344:31:99:F,/root/mariadb/sql/item_windowfunc.h,1344,1344,0,0,mariadb_target_000844;mariadb_target_002401;mariadb_target_002402;mariadb_target_002403
mariadb_aflgo_r1,mariadb,1,root/mariadb/sql/item_windowfunc.h:1346:1346:31:100:T,/root/mariadb/sql/item_windowfunc.h,1346,1346,0,0,mariadb_target_000844;mariadb_target_000845;mariadb_target_002401;mariadb_target_002402;mariadb_target_002403;mariadb_target_002404
mariadb_aflgo_r1,mariadb,1,root/mariadb/sql/item_windowfunc.h:1346:1346:31:100:F,/root/mariadb/sql/item_windowfunc.h,1346,1346,0,0,mariadb_target_000844;mariadb_target_000845;mariadb_target_002401;mariadb_target_002402;mariadb_target_002403;mariadb_target_002404
mariadb_aflgo_r1,mariadb,1,root/mariadb/sql/item_windowfunc.h:1354:1354:31:101:T,/root/mariadb/sql/item_windowfunc.h,1354,1354,0,0,mariadb_target_000845;mariadb_target_002404;mariadb_target_002405
mariadb_aflgo_r1,mariadb,1,root/mariadb/sql/item_windowfunc.h:1354:1354:31:101:F,/root/mariadb/sql/item_windowfunc.h,1354,1354,0,0,mariadb_target_000845;mariadb_target_002404;mariadb_target_002405
mariadb_aflgo_r1,mariadb,1,root/mariadb/sql/item_windowfunc.h:1359:1359:31:102:T,/root/mariadb/sql/item_windowfunc.h,1359,1359,0,0,mariadb_target_002405;mariadb_target_002406;mariadb_target_002407
mariadb_aflgo_r1,mariadb,1,root/mariadb/sql/item_windowfunc.h:1359:1359:31:102:F,/root/mariadb/sql/item_windowfunc.h,1359,1359,0,0,mariadb_target_002405;mariadb_target_002406;mariadb_target_002407
mariadb_aflgo_r1,mariadb,1,root/mariadb/sql/item_windowfunc.h:1361:1361:31:103:T,/root/mariadb/sql/item_windowfunc.h,1361,1361,0,0,mariadb_target_002405;mariadb_target_002406;mariadb_target_002407
mariadb_aflgo_r1,mariadb,1,root/mariadb/sql/item_windowfunc.h:1361:1361:31:103:F,/root/mariadb/sql/item_windowfunc.h,1361,1361,0,0,mariadb_target_002405;mariadb_target_002406;mariadb_target_002407
mariadb_aflgo_r1,mariadb,1,root/mariadb/sql/item_xmlfunc.cc:700:700:32:0:T,/root/mariadb/sql/item_xmlfunc.cc,700,700,0,0,mariadb_target_002425
mariadb_aflgo_r1,mariadb,1,root/mariadb/sql/item_xmlfunc.cc:700:700:32:0:F,/root/mariadb/sql/item_xmlfunc.cc,700,700,0,0,mariadb_target_002425
mariadb_aflgo_r1,mariadb,1,root/mariadb/sql/item_xmlfunc.cc:785:785:32:19:T,/root/mariadb/sql/item_xmlfunc.cc,785,785,0,0,mariadb_target_002427
mariadb_aflgo_r1,mariadb,1,root/mariadb/sql/item_xmlfunc.cc:785:785:32:19:F,/root/mariadb/sql/item_xmlfunc.cc,785,785,0,0,mariadb_target_002427
mariadb_aflgo_r1,mariadb,1,root/mariadb/sql/item_xmlfunc.cc:792:792:32:20:T,/root/mariadb/sql/item_xmlfunc.cc,792,792,0,0,mariadb_target_002427
mariadb_aflgo_r1,mariadb,1,root/mariadb/sql/item_xmlfunc.cc:792:792:32:20:F,/root/mariadb/sql/item_xmlfunc.cc,792,792,0,0,mariadb_target_002427
mariadb_aflgo_r1,mariadb,1,root/mariadb/sql/item_xmlfunc.cc:792:792:32:21:T,/root/mariadb/sql/item_xmlfunc.cc,792,792,0,0,mariadb_target_002427
mariadb_aflgo_r1,mariadb,1,root/mariadb/sql/item_xmlfunc.cc:792:792:32:21:F,/root/mariadb/sql/item_xmlfunc.cc,792,792,0,0,mariadb_target_002427
mariadb_aflgo_r1,mariadb,1,root/mariadb/sql/item_xmlfunc.cc:798:798:32:22:T,/root/mariadb/sql/item_xmlfunc.cc,798,798,0,0,mariadb_target_002427
mariadb_aflgo_r1,mariadb,1,root/mariadb/sql/item_xmlfunc.cc:798:798:32:22:F,/root/mariadb/sql/item_xmlfunc.cc,798,798,0,0,mariadb_target_002427
mariadb_aflgo_r1,mariadb,1,root/mariadb/sql/item_xmlfunc.cc:800:800:32:23:T,/root/mariadb/sql/item_xmlfunc.cc,800,800,0,0,mariadb_target_002427
mariadb_aflgo_r1,mariadb,1,root/mariadb/sql/item_xmlfunc.cc:800:800:32:23:F,/root/mariadb/sql/item_xmlfunc.cc,800,800,0,0,mariadb_target_002427
mariadb_aflgo_r1,mariadb,1,root/mariadb/sql/item_xmlfunc.cc:800:800:32:24:T,/root/mariadb/sql/item_xmlfunc.cc,800,800,0,0,mariadb_target_002427
mariadb_aflgo_r1,mariadb,1,root/mariadb/sql/item_xmlfunc.cc:800:800:32:24:F,/root/mariadb/sql/item_xmlfunc.cc,800,800,0,0,mariadb_target_002427
mariadb_aflgo_r1,mariadb,1,root/mariadb/sql/item_xmlfunc.cc:808:808:32:25:T,/root/mariadb/sql/item_xmlfunc.cc,808,808,0,0,mariadb_target_002427
mariadb_aflgo_r1,mariadb,1,root/mariadb/sql/item_xmlfunc.cc:808:808:32:25:F,/root/mariadb/sql/item_xmlfunc.cc,808,808,0,0,mariadb_target_002427
mariadb_aflgo_r1,mariadb,1,root/mariadb/sql/item_xmlfunc.cc:810:810:32:26:T,/root/mariadb/sql/item_xmlfunc.cc,810,810,0,0,mariadb_target_002427
mariadb_aflgo_r1,mariadb,1,root/mariadb/sql/item_xmlfunc.cc:810:810:32:26:F,/root/mariadb/sql/item_xmlfunc.cc,810,810,0,0,mariadb_target_002427
mariadb_aflgo_r1,mariadb,1,root/mariadb/sql/item_xmlfunc.cc:825:825:32:27:T,/root/mariadb/sql/item_xmlfunc.cc,825,825,0,0,mariadb_target_002429
mariadb_aflgo_r1,mariadb,1,root/mariadb/sql/item_xmlfunc.cc:825:825:32:27:F,/root/mariadb/sql/item_xmlfunc.cc,825,825,0,0,mariadb_target_002429
mariadb_aflgo_r1,mariadb,1,root/mariadb/sql/item_xmlfunc.cc:828:828:32:28:T,/root/mariadb/sql/item_xmlfunc.cc,828,828,0,0,mariadb_target_002429
mariadb_aflgo_r1,mariadb,1,root/mariadb/sql/item_xmlfunc.cc:828:828:32:28:F,/root/mariadb/sql/item_xmlfunc.cc,828,828,0,0,mariadb_target_002429
mariadb_aflgo_r1,mariadb,1,root/mariadb/sql/item_xmlfunc.cc:828:828:32:29:T,/root/mariadb/sql/item_xmlfunc.cc,828,828,0,0,mariadb_target_002429
mariadb_aflgo_r1,mariadb,1,root/mariadb/sql/item_xmlfunc.cc:828:828:32:29:F,/root/mariadb/sql/item_xmlfunc.cc,828,828,0,0,mariadb_target_002429
mariadb_aflgo_r1,mariadb,1,root/mariadb/sql/item_xmlfunc.cc:831:831:32:30:T,/root/mariadb/sql/item_xmlfunc.cc,831,831,0,0,mariadb_target_002429
mariadb_aflgo_r1,mariadb,1,root/mariadb/sql/item_xmlfunc.cc:831:831:32:30:F,/root/mariadb/sql/item_xmlfunc.cc,831,831,0,0,mariadb_target_002429
mariadb_aflgo_r1,mariadb,1,root/mariadb/sql/item_xmlfunc.cc:833:833:32:31:T,/root/mariadb/sql/item_xmlfunc.cc,833,833,0,0,mariadb_target_002429
mariadb_aflgo_r1,mariadb,1,root/mariadb/sql/item_xmlfunc.cc:833:833:32:31:F,/root/mariadb/sql/item_xmlfunc.cc,833,833,0,0,mariadb_target_002429
mariadb_aflgo_r1,mariadb,1,root/mariadb/sql/item_xmlfunc.cc:167:167:32:305:T,/root/mariadb/sql/item_xmlfunc.cc,167,167,0,0,mariadb_target_002421
mariadb_aflgo_r1,mariadb,1,root/mariadb/sql/item_xmlfunc.cc:167:167:32:305:F,/root/mariadb/sql/item_xmlfunc.cc,167,167,0,0,mariadb_target_002421
mariadb_aflgo_r1,mariadb,1,root/mariadb/sql/item_xmlfunc.cc:171:171:32:306:T,/root/mariadb/sql/item_xmlfunc.cc,171,171,0,0,mariadb_target_002421
mariadb_aflgo_r1,mariadb,1,root/mariadb/sql/item_xmlfunc.cc:171:171:32:306:F,/root/mariadb/sql/item_xmlfunc.cc,171,171,0,0,mariadb_target_002421
mariadb_aflgo_r1,mariadb,1,root/mariadb/sql/item_xmlfunc.cc:173:173:32:307:T,/root/mariadb/sql/item_xmlfunc.cc,173,173,0,0,mariadb_target_002421
mariadb_aflgo_r1,mariadb,1,root/mariadb/sql/item_xmlfunc.cc:173:173:32:307:F,/root/mariadb/sql/item_xmlfunc.cc,173,173,0,0,mariadb_target_002421
mariadb_aflgo_r1,mariadb,1,root/mariadb/sql/item_xmlfunc.cc:174:174:32:308:T,/root/mariadb/sql/item_xmlfunc.cc,174,174,0,0,mariadb_target_002421
mariadb_aflgo_r1,mariadb,1,root/mariadb/sql/item_xmlfunc.cc:174:174:32:308:F,/root/mariadb/sql/item_xmlfunc.cc,174,174,0,0,mariadb_target_002421
mariadb_aflgo_r1,mariadb,1,root/mariadb/sql/item_xmlfunc.cc:181:181:32:309:T,/root/mariadb/sql/item_xmlfunc.cc,181,181,0,0,mariadb_target_002421
mariadb_aflgo_r1,mariadb,1,root/mariadb/sql/item_xmlfunc.cc:181:181:32:309:F,/root/mariadb/sql/item_xmlfunc.cc,181,181,0,0,mariadb_target_002421
mariadb_aflgo_r1,mariadb,1,root/mariadb/sql/item_xmlfunc.cc:183:183:32:310:T,/root/mariadb/sql/item_xmlfunc.cc,183,183,0,0,mariadb_target_002421
mariadb_aflgo_r1,mariadb,1,root/mariadb/sql/item_xmlfunc.cc:183:183:32:310:F,/root/mariadb/sql/item_xmlfunc.cc,183,183,0,0,mariadb_target_002421
mariadb_aflgo_r1,mariadb,1,root/mariadb/sql/item_xmlfunc.cc:185:185:32:311:T,/root/mariadb/sql/item_xmlfunc.cc,185,185,0,0,mariadb_target_002421
mariadb_aflgo_r1,mariadb,1,root/mariadb/sql/item_xmlfunc.cc:185:185:32:311:F,/root/mariadb/sql/item_xmlfunc.cc,185,185,0,0,mariadb_target_002421
mariadb_aflgo_r1,mariadb,1,root/mariadb/sql/json_table.cc:1006:1006:33:64:T,/root/mariadb/sql/json_table.cc,1006,1006,0,0,mariadb_target_000862;mariadb_target_002430;mariadb_target_002431
mariadb_aflgo_r1,mariadb,1,root/mariadb/sql/json_table.cc:1006:1006:33:64:F,/root/mariadb/sql/json_table.cc,1006,1006,0,0,mariadb_target_000862;mariadb_target_002430;mariadb_target_002431
mariadb_aflgo_r1,mariadb,1,root/mariadb/sql/json_table.cc:1007:1007:33:65:T,/root/mariadb/sql/json_table.cc,1007,1007,0,0,mariadb_target_000862;mariadb_target_002430;mariadb_target_002431
mariadb_aflgo_r1,mariadb,1,root/mariadb/sql/json_table.cc:1007:1007:33:65:F,/root/mariadb/sql/json_table.cc,1007,1007,0,0,mariadb_target_000862;mariadb_target_002430;mariadb_target_002431
mariadb_aflgo_r1,mariadb,1,root/mariadb/sql/json_table.cc:1010:1010:33:66:T,/root/mariadb/sql/json_table.cc,1010,1010,0,0,mariadb_target_002431
mariadb_aflgo_r1,mariadb,1,root/mariadb/sql/json_table.cc:1010:1010:33:66:F,/root/mariadb/sql/json_table.cc,1010,1010,0,0,mariadb_target_002431
mariadb_aflgo_r1,mariadb,1,root/mariadb/sql/json_table.cc:1012:1012:33:67:T,/root/mariadb/sql/json_table.cc,1012,1012,0,0,mariadb_target_002431
mariadb_aflgo_r1,mariadb,1,root/mariadb/sql/json_table.cc:1012:1012:33:67:F,/root/mariadb/sql/json_table.cc,1012,1012,0,0,mariadb_target_002431
mariadb_aflgo_r1,mariadb,1,root/mariadb/sql/json_table.cc:1013:1013:33:68:T,/root/mariadb/sql/json_table.cc,1013,1013,0,0,mariadb_target_002431
mariadb_aflgo_r1,mariadb,1,root/mariadb/sql/json_table.cc:1013:1013:33:68:F,/root/mariadb/sql/json_table.cc,1013,1013,0,0,mariadb_target_002431
mariadb_aflgo_r1,mariadb,1,root/mariadb/sql/json_table.cc:1016:1016:33:69:T,/root/mariadb/sql/json_table.cc,1016,1016,0,0,mariadb_target_002431
mariadb_aflgo_r1,mariadb,1,root/mariadb/sql/json_table.cc:1016:1016:33:69:F,/root/mariadb/sql/json_table.cc,1016,1016,0,0,mariadb_target_002431
mariadb_aflgo_r1,mariadb,1,root/mariadb/sql/json_table.cc:1017:1017:33:70:T,/root/mariadb/sql/json_table.cc,1017,1017,0,0,mariadb_target_002431
mariadb_aflgo_r1,mariadb,1,root/mariadb/sql/json_table.cc:1017:1017:33:70:F,/root/mariadb/sql/json_table.cc,1017,1017,0,0,mariadb_target_002431
mariadb_aflgo_r1,mariadb,1,root/mariadb/sql/json_table.cc:1024:1024:33:71:T,/root/mariadb/sql/json_table.cc,1024,1024,0,0,mariadb_target_002431
mariadb_aflgo_r1,mariadb,1,root/mariadb/sql/json_table.cc:1024:1024:33:71:F,/root/mariadb/sql/json_table.cc,1024,1024,0,0,mariadb_target_002431
mariadb_aflgo_r1,mariadb,1,root/mariadb/sql/json_table.cc:1024:1024:33:72:T,/root/mariadb/sql/json_table.cc,1024,1024,0,0,mariadb_target_002431
mariadb_aflgo_r1,mariadb,1,root/mariadb/sql/json_table.cc:1024:1024:33:72:F,/root/mariadb/sql/json_table.cc,1024,1024,0,0,mariadb_target_002431
mariadb_aflgo_r1,mariadb,1,root/mariadb/sql/json_table.cc:1026:1033:33:73:T,/root/mariadb/sql/json_table.cc,1026,1033,0,0,mariadb_target_002431
mariadb_aflgo_r1,mariadb,1,root/mariadb/sql/json_table.cc:1026:1033:33:73:F,/root/mariadb/sql/json_table.cc,1026,1033,0,0,mariadb_target_002431
mariadb_aflgo_r1,mariadb,1,root/mariadb/sql/json_table.cc:1026:1026:33:74:T,/root/mariadb/sql/json_table.cc,1026,1026,0,0,mariadb_target_002431
mariadb_aflgo_r1,mariadb,1,root/mariadb/sql/json_table.cc:1026:1026:33:74:F,/root/mariadb/sql/json_table.cc,1026,1026,0,0,mariadb_target_002431
mariadb_aflgo_r1,mariadb,1,root/mariadb/sql/json_table.cc:1026:1026:33:75:T,/root/mariadb/sql/json_table.cc,1026,1026,0,0,mariadb_target_002431
mariadb_aflgo_r1,mariadb,1,root/mariadb/sql/json_table.cc:1026:1026:33:75:F,/root/mariadb/sql/json_table.cc,1026,1026,0,0,mariadb_target_002431
mariadb_aflgo_r1,mariadb,1,root/mariadb/sql/json_table.cc:1027:1027:33:76:T,/root/mariadb/sql/json_table.cc,1027,1027,0,0,mariadb_target_002431
mariadb_aflgo_r1,mariadb,1,root/mariadb/sql/json_table.cc:1027:1027:33:76:F,/root/mariadb/sql/json_table.cc,1027,1027,0,0,mariadb_target_002431
mariadb_aflgo_r1,mariadb,1,root/mariadb/sql/json_table.cc:1028:1028:33:77:T,/root/mariadb/sql/json_table.cc,1028,1028,0,0,mariadb_target_002431
mariadb_aflgo_r1,mariadb,1,root/mariadb/sql/json_table.cc:1028:1028:33:77:F,/root/mariadb/sql/json_table.cc,1028,1028,0,0,mariadb_target_002431
mariadb_aflgo_r1,mariadb,1,root/mariadb/sql/json_table.cc:1029:1029:33:78:T,/root/mariadb/sql/json_table.cc,1029,1029,0,0,mariadb_target_002431
mariadb_aflgo_r1,mariadb,1,root/mariadb/sql/json_table.cc:1029:1029:33:78:F,/root/mariadb/sql/json_table.cc,1029,1029,0,0,mariadb_target_002431
mariadb_aflgo_r1,mariadb,1,root/mariadb/sql/json_table.cc:1030:1030:33:79:T,/root/mariadb/sql/json_table.cc,1030,1030,0,0,mariadb_target_002431
mariadb_aflgo_r1,mariadb,1,root/mariadb/sql/json_table.cc:1030:1030:33:79:F,/root/mariadb/sql/json_table.cc,1030,1030,0,0,mariadb_target_002431
mariadb_aflgo_r1,mariadb,1,root/mariadb/sql/json_table.cc:1031:1031:33:80:T,/root/mariadb/sql/json_table.cc,1031,1031,0,0,mariadb_target_002431
mariadb_aflgo_r1,mariadb,1,root/mariadb/sql/json_table.cc:1031:1031:33:80:F,/root/mariadb/sql/json_table.cc,1031,1031,0,0,mariadb_target_002431
mariadb_aflgo_r1,mariadb,1,root/mariadb/sql/json_table.cc:1032:1032:33:81:T,/root/mariadb/sql/json_table.cc,1032,1032,0,0,mariadb_target_002431
mariadb_aflgo_r1,mariadb,1,root/mariadb/sql/json_table.cc:1032:1032:33:81:F,/root/mariadb/sql/json_table.cc,1032,1032,0,0,mariadb_target_002431
mariadb_aflgo_r1,mariadb,1,root/mariadb/sql/json_table.cc:1032:1032:33:82:T,/root/mariadb/sql/json_table.cc,1032,1032,0,0,mariadb_target_002431
mariadb_aflgo_r1,mariadb,1,root/mariadb/sql/json_table.cc:1032:1032:33:82:F,/root/mariadb/sql/json_table.cc,1032,1032,0,0,mariadb_target_002431
mariadb_aflgo_r1,mariadb,1,root/mariadb/sql/json_table.cc:1033:1033:33:83:T,/root/mariadb/sql/json_table.cc,1033,1033,0,0,mariadb_target_002431
mariadb_aflgo_r1,mariadb,1,root/mariadb/sql/json_table.cc:1033:1033:33:83:F,/root/mariadb/sql/json_table.cc,1033,1033,0,0,mariadb_target_002431
mariadb_aflgo_r1,mariadb,1,root/mariadb/sql/json_table.cc:1039:1039:33:84:T,/root/mariadb/sql/json_table.cc,1039,1039,0,0,mariadb_target_002431
mariadb_aflgo_r1,mariadb,1,root/mariadb/sql/json_table.cc:1039:1039:33:84:F,/root/mariadb/sql/json_table.cc,1039,1039,0,0,mariadb_target_002431
mariadb_aflgo_r1,mariadb,1,root/mariadb/sql/json_table.cc:1040:1040:33:85:T,/root/mariadb/sql/json_table.cc,1040,1040,0,0,mariadb_target_002431
mariadb_aflgo_r1,mariadb,1,root/mariadb/sql/json_table.cc:1040:1040:33:85:F,/root/mariadb/sql/json_table.cc,1040,1040,0,0,mariadb_target_002431
mariadb_aflgo_r1,mariadb,1,root/mariadb/sql/json_table.cc:1369:1369:33:130:T,/root/mariadb/sql/json_table.cc,1369,1369,0,0,mariadb_target_002435
mariadb_aflgo_r1,mariadb,1,root/mariadb/sql/json_table.cc:1369:1369:33:130:F,/root/mariadb/sql/json_table.cc,1369,1369,0,0,mariadb_target_002435
mariadb_aflgo_r1,mariadb,1,root/mariadb/sql/json_table.cc:1374:1374:33:131:T,/root/mariadb/sql/json_table.cc,1374,1374,0,0,mariadb_target_002435
mariadb_aflgo_r1,mariadb,1,root/mariadb/sql/json_table.cc:1374:1374:33:131:F,/root/mariadb/sql/json_table.cc,1374,1374,0,0,mariadb_target_002435
mariadb_aflgo_r1,mariadb,1,root/mariadb/sql/json_table.cc:1375:1375:33:132:T,/root/mariadb/sql/json_table.cc,1375,1375,0,0,mariadb_target_002435
mariadb_aflgo_r1,mariadb,1,root/mariadb/sql/json_table.cc:1375:1375:33:132:F,/root/mariadb/sql/json_table.cc,1375,1375,0,0,mariadb_target_002435
mariadb_aflgo_r1,mariadb,1,root/mariadb/sql/json_table.cc:1376:1376:33:133:T,/root/mariadb/sql/json_table.cc,1376,1376,0,0,mariadb_target_002435
mariadb_aflgo_r1,mariadb,1,root/mariadb/sql/json_table.cc:1376:1376:33:133:F,/root/mariadb/sql/json_table.cc,1376,1376,0,0,mariadb_target_002435
mariadb_aflgo_r1,mariadb,1,root/mariadb/sql/json_table.cc:1377:1377:33:134:T,/root/mariadb/sql/json_table.cc,1377,1377,0,0,mariadb_target_002435
mariadb_aflgo_r1,mariadb,1,root/mariadb/sql/json_table.cc:1377:1377:33:134:F,/root/mariadb/sql/json_table.cc,1377,1377,0,0,mariadb_target_002435
mariadb_aflgo_r1,mariadb,1,root/mariadb/sql/json_table.cc:1378:1378:33:135:T,/root/mariadb/sql/json_table.cc,1378,1378,0,0,mariadb_target_002435
mariadb_aflgo_r1,mariadb,1,root/mariadb/sql/json_table.cc:1378:1378:33:135:F,/root/mariadb/sql/json_table.cc,1378,1378,0,0,mariadb_target_002435
mariadb_aflgo_r1,mariadb,1,root/mariadb/sql/opt_hints.cc:543:543:35:46:T,/root/mariadb/sql/opt_hints.cc,543,543,0,0,mariadb_target_000868;mariadb_target_002441
mariadb_aflgo_r1,mariadb,1,root/mariadb/sql/opt_hints.cc:543:543:35:46:F,/root/mariadb/sql/opt_hints.cc,543,543,0,0,mariadb_target_000868;mariadb_target_002441
mariadb_aflgo_r1,mariadb,1,root/mariadb/sql/opt_hints.cc:546:546:35:47:T,/root/mariadb/sql/opt_hints.cc,546,546,0,0,mariadb_target_000868;mariadb_target_002441
mariadb_aflgo_r1,mariadb,1,root/mariadb/sql/opt_hints.cc:546:546:35:47:F,/root/mariadb/sql/opt_hints.cc,546,546,0,0,mariadb_target_000868;mariadb_target_002441
mariadb_aflgo_r1,mariadb,1,root/mariadb/sql/opt_range.cc:1257:1257:36:49:T,/root/mariadb/sql/opt_range.cc,1257,1257,0,0,mariadb_target_000869;mariadb_target_002442;mariadb_target_002443;mariadb_target_002444
mariadb_aflgo_r1,mariadb,1,root/mariadb/sql/opt_range.cc:1257:1257:36:49:F,/root/mariadb/sql/opt_range.cc,1257,1257,1019,1,mariadb_target_000869;mariadb_target_002442;mariadb_target_002443;mariadb_target_002444
mariadb_aflgo_r1,mariadb,1,root/mariadb/sql/opt_range.cc:2808:2808:36:142:T,/root/mariadb/sql/opt_range.cc,2808,2808,0,0,mariadb_target_002448
mariadb_aflgo_r1,mariadb,1,root/mariadb/sql/opt_range.cc:2808:2808:36:142:F,/root/mariadb/sql/opt_range.cc,2808,2808,288,1,mariadb_target_002448
mariadb_aflgo_r1,mariadb,1,root/mariadb/sql/opt_range.cc:2838:2841:36:144:T,/root/mariadb/sql/opt_range.cc,2838,2841,0,0,mariadb_target_002450
mariadb_aflgo_r1,mariadb,1,root/mariadb/sql/opt_range.cc:2838:2841:36:144:F,/root/mariadb/sql/opt_range.cc,2838,2841,288,1,mariadb_target_002450
mariadb_aflgo_r1,mariadb,1,root/mariadb/sql/opt_range.cc:2842:2842:36:145:T,/root/mariadb/sql/opt_range.cc,2842,2842,0,0,mariadb_target_002450
mariadb_aflgo_r1,mariadb,1,root/mariadb/sql/opt_range.cc:2842:2842:36:145:F,/root/mariadb/sql/opt_range.cc,2842,2842,288,1,mariadb_target_002450
mariadb_aflgo_r1,mariadb,1,root/mariadb/sql/opt_range.cc:2891:2891:36:150:T,/root/mariadb/sql/opt_range.cc,2891,2891,970,1,mariadb_target_002451
mariadb_aflgo_r1,mariadb,1,root/mariadb/sql/opt_range.cc:2891:2891:36:150:F,/root/mariadb/sql/opt_range.cc,2891,2891,543,1,mariadb_target_002451
mariadb_aflgo_r1,mariadb,1,root/mariadb/sql/opt_range.cc:2917:2917:36:152:T,/root/mariadb/sql/opt_range.cc,2917,2917,0,0,mariadb_target_002454;mariadb_target_002455
mariadb_aflgo_r1,mariadb,1,root/mariadb/sql/opt_range.cc:2917:2917:36:152:F,/root/mariadb/sql/opt_range.cc,2917,2917,288,1,mariadb_target_002454;mariadb_target_002455
mariadb_aflgo_r1,mariadb,1,root/mariadb/sql/opt_range.cc:2918:2918:36:153:T,/root/mariadb/sql/opt_range.cc,2918,2918,0,0,mariadb_target_002454;mariadb_target_002455
mariadb_aflgo_r1,mariadb,1,root/mariadb/sql/opt_range.cc:2918:2918:36:153:F,/root/mariadb/sql/opt_range.cc,2918,2918,288,1,mariadb_target_002454;mariadb_target_002455
mariadb_aflgo_r1,mariadb,1,root/mariadb/sql/opt_range.cc:2969:2969:36:161:T,/root/mariadb/sql/opt_range.cc,2969,2969,288,1,mariadb_target_002456
mariadb_aflgo_r1,mariadb,1,root/mariadb/sql/opt_range.cc:2969:2969:36:161:F,/root/mariadb/sql/opt_range.cc,2969,2969,0,0,mariadb_target_002456
mariadb_aflgo_r1,mariadb,1,root/mariadb/sql/opt_range.cc:2970:2970:36:162:T,/root/mariadb/sql/opt_range.cc,2970,2970,288,1,mariadb_target_002456
mariadb_aflgo_r1,mariadb,1,root/mariadb/sql/opt_range.cc:2970:2970:36:162:F,/root/mariadb/sql/opt_range.cc,2970,2970,0,0,mariadb_target_002456
mariadb_aflgo_r1,mariadb,1,root/mariadb/sql/opt_range.cc:2972:2972:36:163:T,/root/mariadb/sql/opt_range.cc,2972,2972,0,0,mariadb_target_002456
mariadb_aflgo_r1,mariadb,1,root/mariadb/sql/opt_range.cc:2972:2972:36:163:F,/root/mariadb/sql/opt_range.cc,2972,2972,288,1,mariadb_target_002456
mariadb_aflgo_r1,mariadb,1,root/mariadb/sql/opt_range.cc:2975:2975:36:164:T,/root/mariadb/sql/opt_range.cc,2975,2975,141,1,mariadb_target_002456
mariadb_aflgo_r1,mariadb,1,root/mariadb/sql/opt_range.cc:2975:2975:36:164:F,/root/mariadb/sql/opt_range.cc,2975,2975,147,1,mariadb_target_002456
mariadb_aflgo_r1,mariadb,1,root/mariadb/sql/opt_range.cc:2975:2975:36:165:T,/root/mariadb/sql/opt_range.cc,2975,2975,0,0,mariadb_target_002456
mariadb_aflgo_r1,mariadb,1,root/mariadb/sql/opt_range.cc:2975:2975:36:165:F,/root/mariadb/sql/opt_range.cc,2975,2975,147,1,mariadb_target_002456
mariadb_aflgo_r1,mariadb,1,root/mariadb/sql/opt_range.cc:2980:2980:36:166:T,/root/mariadb/sql/opt_range.cc,2980,2980,141,1,mariadb_target_002457
mariadb_aflgo_r1,mariadb,1,root/mariadb/sql/opt_range.cc:2980:2980:36:166:F,/root/mariadb/sql/opt_range.cc,2980,2980,0,0,mariadb_target_002457
mariadb_aflgo_r1,mariadb,1,root/mariadb/sql/opt_range.cc:2982:2982:36:167:T,/root/mariadb/sql/opt_range.cc,2982,2982,0,0,mariadb_target_002457
mariadb_aflgo_r1,mariadb,1,root/mariadb/sql/opt_range.cc:2982:2982:36:167:F,/root/mariadb/sql/opt_range.cc,2982,2982,141,1,mariadb_target_002457
mariadb_aflgo_r1,mariadb,1,root/mariadb/sql/opt_range.cc:2984:2984:36:168:T,/root/mariadb/sql/opt_range.cc,2984,2984,0,0,mariadb_target_002457
mariadb_aflgo_r1,mariadb,1,root/mariadb/sql/opt_range.cc:2984:2984:36:168:F,/root/mariadb/sql/opt_range.cc,2984,2984,141,1,mariadb_target_002457
mariadb_aflgo_r1,mariadb,1,root/mariadb/sql/opt_range.cc:2985:2985:36:169:T,/root/mariadb/sql/opt_range.cc,2985,2985,0,0,mariadb_target_002457
mariadb_aflgo_r1,mariadb,1,root/mariadb/sql/opt_range.cc:2985:2985:36:169:F,/root/mariadb/sql/opt_range.cc,2985,2985,0,0,mariadb_target_002457
mariadb_aflgo_r1,mariadb,1,root/mariadb/sql/opt_range.cc:3037:3040:36:176:T,/root/mariadb/sql/opt_range.cc,3037,3040,117,1,mariadb_target_000874;mariadb_target_002458
mariadb_aflgo_r1,mariadb,1,root/mariadb/sql/opt_range.cc:3037:3040:36:176:F,/root/mariadb/sql/opt_range.cc,3037,3040,24,1,mariadb_target_000874;mariadb_target_002458
mariadb_aflgo_r1,mariadb,1,root/mariadb/sql/opt_range.cc:3052:3052:36:177:T,/root/mariadb/sql/opt_range.cc,3052,3052,141,1,mariadb_target_000874;mariadb_target_002458
mariadb_aflgo_r1,mariadb,1,root/mariadb/sql/opt_range.cc:3052:3052:36:177:F,/root/mariadb/sql/opt_range.cc,3052,3052,0,0,mariadb_target_000874;mariadb_target_002458
mariadb_aflgo_r1,mariadb,1,root/mariadb/sql/opt_range.cc:3053:3053:36:178:T,/root/mariadb/sql/opt_range.cc,3053,3053,141,1,mariadb_target_000874;mariadb_target_002458
mariadb_aflgo_r1,mariadb,1,root/mariadb/sql/opt_range.cc:3053:3053:36:178:F,/root/mariadb/sql/opt_range.cc,3053,3053,0,0,mariadb_target_000874;mariadb_target_002458
mariadb_aflgo_r1,mariadb,1,root/mariadb/sql/opt_range.cc:3054:3055:36:179:T,/root/mariadb/sql/opt_range.cc,3054,3055,0,0,mariadb_target_000874;mariadb_target_002458
mariadb_aflgo_r1,mariadb,1,root/mariadb/sql/opt_range.cc:3054:3055:36:179:F,/root/mariadb/sql/opt_range.cc,3054,3055,0,0,mariadb_target_000874;mariadb_target_002458
mariadb_aflgo_r1,mariadb,1,root/mariadb/sql/opt_range.cc:3056:3056:36:180:T,/root/mariadb/sql/opt_range.cc,3056,3056,141,1,mariadb_target_000874;mariadb_target_002458
mariadb_aflgo_r1,mariadb,1,root/mariadb/sql/opt_range.cc:3056:3056:36:180:F,/root/mariadb/sql/opt_range.cc,3056,3056,0,0,mariadb_target_000874;mariadb_target_002458
mariadb_aflgo_r1,mariadb,1,root/mariadb/sql/opt_range.cc:3063:3064:36:181:T,/root/mariadb/sql/opt_range.cc,3063,3064,0,0,mariadb_target_000874;mariadb_target_002458
mariadb_aflgo_r1,mariadb,1,root/mariadb/sql/opt_range.cc:3063:3064:36:181:F,/root/mariadb/sql/opt_range.cc,3063,3064,141,1,mariadb_target_000874;mariadb_target_002458
mariadb_aflgo_r1,mariadb,1,root/mariadb/sql/opt_range.cc:3072:3072:36:182:T,/root/mariadb/sql/opt_range.cc,3072,3072,0,0,mariadb_target_000874;mariadb_target_002458
mariadb_aflgo_r1,mariadb,1,root/mariadb/sql/opt_range.cc:3072:3072:36:182:F,/root/mariadb/sql/opt_range.cc,3072,3072,0,0,mariadb_target_000874;mariadb_target_002458
mariadb_aflgo_r1,mariadb,1,root/mariadb/sql/opt_range.cc:3072:3072:36:183:T,/root/mariadb/sql/opt_range.cc,3072,3072,0,0,mariadb_target_000874;mariadb_target_002458
mariadb_aflgo_r1,mariadb,1,root/mariadb/sql/opt_range.cc:3072:3072:36:183:F,/root/mariadb/sql/opt_range.cc,3072,3072,0,0,mariadb_target_000874;mariadb_target_002458
mariadb_aflgo_r1,mariadb,1,root/mariadb/sql/opt_range.cc:3073:3075:36:184:T,/root/mariadb/sql/opt_range.cc,3073,3075,0,0,mariadb_target_000874;mariadb_target_002458
mariadb_aflgo_r1,mariadb,1,root/mariadb/sql/opt_range.cc:3073:3075:36:184:F,/root/mariadb/sql/opt_range.cc,3073,3075,0,0,mariadb_target_000874;mariadb_target_002458
mariadb_aflgo_r1,mariadb,1,root/mariadb/sql/opt_range.cc:3084:3084:36:185:T,/root/mariadb/sql/opt_range.cc,3084,3084,140,1,mariadb_target_000874;mariadb_target_002458
mariadb_aflgo_r1,mariadb,1,root/mariadb/sql/opt_range.cc:3084:3084:36:185:F,/root/mariadb/sql/opt_range.cc,3084,3084,1,1,mariadb_target_000874;mariadb_target_002458
mariadb_aflgo_r1,mariadb,1,root/mariadb/sql/opt_range.cc:3085:3085:36:186:T,/root/mariadb/sql/opt_range.cc,3085,3085,140,1,mariadb_target_000874;mariadb_target_002458
mariadb_aflgo_r1,mariadb,1,root/mariadb/sql/opt_range.cc:3085:3085:36:186:F,/root/mariadb/sql/opt_range.cc,3085,3085,0,0,mariadb_target_000874;mariadb_target_002458
mariadb_aflgo_r1,mariadb,1,root/mariadb/sql/opt_range.cc:3086:3086:36:187:T,/root/mariadb/sql/opt_range.cc,3086,3086,0,0,mariadb_target_000874;mariadb_target_002458
mariadb_aflgo_r1,mariadb,1,root/mariadb/sql/opt_range.cc:3086:3086:36:187:F,/root/mariadb/sql/opt_range.cc,3086,3086,140,1,mariadb_target_000874;mariadb_target_002458
mariadb_aflgo_r1,mariadb,1,root/mariadb/sql/opt_range.cc:3087:3087:36:188:T,/root/mariadb/sql/opt_range.cc,3087,3087,0,0,mariadb_target_000874;mariadb_target_002458
mariadb_aflgo_r1,mariadb,1,root/mariadb/sql/opt_range.cc:3087:3087:36:188:F,/root/mariadb/sql/opt_range.cc,3087,3087,0,0,mariadb_target_000874;mariadb_target_002458
mariadb_aflgo_r1,mariadb,1,root/mariadb/sql/opt_range.cc:3090:3091:36:189:T,/root/mariadb/sql/opt_range.cc,3090,3091,0,0,mariadb_target_000874;mariadb_target_002458
mariadb_aflgo_r1,mariadb,1,root/mariadb/sql/opt_range.cc:3090:3091:36:189:F,/root/mariadb/sql/opt_range.cc,3090,3091,0,0,mariadb_target_000874;mariadb_target_002458
mariadb_aflgo_r1,mariadb,1,root/mariadb/sql/opt_range.cc:3100:3100:36:190:T,/root/mariadb/sql/opt_range.cc,3100,3100,24,1,mariadb_target_000874;mariadb_target_002458
mariadb_aflgo_r1,mariadb,1,root/mariadb/sql/opt_range.cc:3100:3100:36:190:F,/root/mariadb/sql/opt_range.cc,3100,3100,117,1,mariadb_target_000874;mariadb_target_002458
mariadb_aflgo_r1,mariadb,1,root/mariadb/sql/opt_range.cc:3101:3101:36:191:T,/root/mariadb/sql/opt_range.cc,3101,3101,24,1,mariadb_target_000874;mariadb_target_002458
mariadb_aflgo_r1,mariadb,1,root/mariadb/sql/opt_range.cc:3101:3101:36:191:F,/root/mariadb/sql/opt_range.cc,3101,3101,0,0,mariadb_target_000874;mariadb_target_002458
mariadb_aflgo_r1,mariadb,1,root/mariadb/sql/opt_range.cc:3102:3103:36:192:T,/root/mariadb/sql/opt_range.cc,3102,3103,0,0,mariadb_target_000874;mariadb_target_002458
mariadb_aflgo_r1,mariadb,1,root/mariadb/sql/opt_range.cc:3102:3103:36:192:F,/root/mariadb/sql/opt_range.cc,3102,3103,0,0,mariadb_target_000874;mariadb_target_002458
mariadb_aflgo_r1,mariadb,1,root/mariadb/sql/opt_range.cc:3104:3104:36:193:T,/root/mariadb/sql/opt_range.cc,3104,3104,24,1,mariadb_target_000874;mariadb_target_002458
mariadb_aflgo_r1,mariadb,1,root/mariadb/sql/opt_range.cc:3104:3104:36:193:F,/root/mariadb/sql/opt_range.cc,3104,3104,0,0,mariadb_target_000874;mariadb_target_002458
mariadb_aflgo_r1,mariadb,1,root/mariadb/sql/opt_range.cc:3104:3104:36:194:T,/root/mariadb/sql/opt_range.cc,3104,3104,24,1,mariadb_target_000874;mariadb_target_002458
mariadb_aflgo_r1,mariadb,1,root/mariadb/sql/opt_range.cc:3104:3104:36:194:F,/root/mariadb/sql/opt_range.cc,3104,3104,0,0,mariadb_target_000874;mariadb_target_002458
mariadb_aflgo_r1,mariadb,1,root/mariadb/sql/opt_range.cc:3114:3114:36:195:T,/root/mariadb/sql/opt_range.cc,3114,3114,24,1,mariadb_target_000874;mariadb_target_002458
mariadb_aflgo_r1,mariadb,1,root/mariadb/sql/opt_range.cc:3114:3114:36:195:F,/root/mariadb/sql/opt_range.cc,3114,3114,24,1,mariadb_target_000874;mariadb_target_002458
mariadb_aflgo_r1,mariadb,1,root/mariadb/sql/opt_range.cc:3121:3121:36:196:T,/root/mariadb/sql/opt_range.cc,3121,3121,0,0,mariadb_target_000874;mariadb_target_000875;mariadb_target_002458;mariadb_target_002459
mariadb_aflgo_r1,mariadb,1,root/mariadb/sql/opt_range.cc:3121:3121:36:196:F,/root/mariadb/sql/opt_range.cc,3121,3121,24,1,mariadb_target_000874;mariadb_target_000875;mariadb_target_002458;mariadb_target_002459
mariadb_aflgo_r1,mariadb,1,root/mariadb/sql/opt_range.cc:3123:3123:36:197:T,/root/mariadb/sql/opt_range.cc,3123,3123,0,0,mariadb_target_000874;mariadb_target_000875;mariadb_target_002458;mariadb_target_002459
mariadb_aflgo_r1,mariadb,1,root/mariadb/sql/opt_range.cc:3123:3123:36:197:F,/root/mariadb/sql/opt_range.cc,3123,3123,24,1,mariadb_target_000874;mariadb_target_000875;mariadb_target_002458;mariadb_target_002459
mariadb_aflgo_r1,mariadb,1,root/mariadb/sql/opt_range.cc:3124:3124:36:198:T,/root/mariadb/sql/opt_range.cc,3124,3124,0,0,mariadb_target_000874;mariadb_target_000875;mariadb_target_002458;mariadb_target_002459
mariadb_aflgo_r1,mariadb,1,root/mariadb/sql/opt_range.cc:3124:3124:36:198:F,/root/mariadb/sql/opt_range.cc,3124,3124,0,0,mariadb_target_000874;mariadb_target_000875;mariadb_target_002458;mariadb_target_002459
mariadb_aflgo_r1,mariadb,1,root/mariadb/sql/opt_range.cc:3125:3125:36:199:T,/root/mariadb/sql/opt_range.cc,3125,3125,0,0,mariadb_target_000874;mariadb_target_000875;mariadb_target_002458;mariadb_target_002459
mariadb_aflgo_r1,mariadb,1,root/mariadb/sql/opt_range.cc:3125:3125:36:199:F,/root/mariadb/sql/opt_range.cc,3125,3125,0,0,mariadb_target_000874;mariadb_target_000875;mariadb_target_002458;mariadb_target_002459
mariadb_aflgo_r1,mariadb,1,root/mariadb/sql/opt_range.cc:3131:3131:36:200:T,/root/mariadb/sql/opt_range.cc,3131,3131,0,0,mariadb_target_000874;mariadb_target_002458
mariadb_aflgo_r1,mariadb,1,root/mariadb/sql/opt_range.cc:3131:3131:36:200:F,/root/mariadb/sql/opt_range.cc,3131,3131,24,1,mariadb_target_000874;mariadb_target_002458
mariadb_aflgo_r1,mariadb,1,root/mariadb/sql/opt_range.cc:3146:3146:36:203:T,/root/mariadb/sql/opt_range.cc,3146,3146,0,0,mariadb_target_000876;mariadb_target_002460
mariadb_aflgo_r1,mariadb,1,root/mariadb/sql/opt_range.cc:3146:3146:36:203:F,/root/mariadb/sql/opt_range.cc,3146,3146,288,1,mariadb_target_000876;mariadb_target_002460
mariadb_aflgo_r1,mariadb,1,root/mariadb/sql/opt_range.cc:3200:3200:36:212:T,/root/mariadb/sql/opt_range.cc,3200,3200,117,1,mariadb_target_002461
mariadb_aflgo_r1,mariadb,1,root/mariadb/sql/opt_range.cc:3200:3200:36:212:F,/root/mariadb/sql/opt_range.cc,3200,3200,171,1,mariadb_target_002461
mariadb_aflgo_r1,mariadb,1,root/mariadb/sql/opt_range.cc:3203:3203:36:213:T,/root/mariadb/sql/opt_range.cc,3203,3203,0,0,mariadb_target_002461;mariadb_target_002462;mariadb_target_002463
mariadb_aflgo_r1,mariadb,1,root/mariadb/sql/opt_range.cc:3203:3203:36:213:F,/root/mariadb/sql/opt_range.cc,3203,3203,117,1,mariadb_target_002461;mariadb_target_002462;mariadb_target_002463
mariadb_aflgo_r1,mariadb,1,root/mariadb/sql/opt_range.cc:3205:3205:36:214:T,/root/mariadb/sql/opt_range.cc,3205,3205,0,0,mariadb_target_002461;mariadb_target_002462;mariadb_target_002463
mariadb_aflgo_r1,mariadb,1,root/mariadb/sql/opt_range.cc:3205:3205:36:214:F,/root/mariadb/sql/opt_range.cc,3205,3205,117,1,mariadb_target_002461;mariadb_target_002462;mariadb_target_002463
mariadb_aflgo_r1,mariadb,1,root/mariadb/sql/opt_range.cc:3205:3205:36:215:T,/root/mariadb/sql/opt_range.cc,3205,3205,0,0,mariadb_target_002461;mariadb_target_002462;mariadb_target_002463
mariadb_aflgo_r1,mariadb,1,root/mariadb/sql/opt_range.cc:3205:3205:36:215:F,/root/mariadb/sql/opt_range.cc,3205,3205,117,1,mariadb_target_002461;mariadb_target_002462;mariadb_target_002463
mariadb_aflgo_r1,mariadb,1,root/mariadb/sql/opt_range.cc:3236:3236:36:216:T,/root/mariadb/sql/opt_range.cc,3236,3236,0,0,mariadb_target_002468;mariadb_target_002469
mariadb_aflgo_r1,mariadb,1,root/mariadb/sql/opt_range.cc:3236:3236:36:216:F,/root/mariadb/sql/opt_range.cc,3236,3236,288,1,mariadb_target_002468;mariadb_target_002469
mariadb_aflgo_r1,mariadb,1,root/mariadb/sql/opt_range.cc:3236:3236:36:217:T,/root/mariadb/sql/opt_range.cc,3236,3236,0,0,mariadb_target_002468;mariadb_target_002469
mariadb_aflgo_r1,mariadb,1,root/mariadb/sql/opt_range.cc:3236:3236:36:217:F,/root/mariadb/sql/opt_range.cc,3236,3236,288,1,mariadb_target_002468;mariadb_target_002469
mariadb_aflgo_r1,mariadb,1,root/mariadb/sql/procedure.cc:45:45:37:0:T,/root/mariadb/sql/procedure.cc,45,45,0,0,mariadb_target_002482
mariadb_aflgo_r1,mariadb,1,root/mariadb/sql/procedure.cc:45:45:37:0:F,/root/mariadb/sql/procedure.cc,45,45,0,0,mariadb_target_002482
mariadb_aflgo_r1,mariadb,1,root/mariadb/sql/procedure.cc:54:54:37:1:T,/root/mariadb/sql/procedure.cc,54,54,0,0,mariadb_target_002483
mariadb_aflgo_r1,mariadb,1,root/mariadb/sql/procedure.cc:54:54:37:1:F,/root/mariadb/sql/procedure.cc,54,54,0,0,mariadb_target_002483
mariadb_aflgo_r1,mariadb,1,root/mariadb/sql/procedure.cc:63:63:37:2:T,/root/mariadb/sql/procedure.cc,63,63,0,0,mariadb_target_002484
mariadb_aflgo_r1,mariadb,1,root/mariadb/sql/procedure.cc:63:63:37:2:F,/root/mariadb/sql/procedure.cc,63,63,0,0,mariadb_target_002484
mariadb_aflgo_r1,mariadb,1,root/mariadb/sql/procedure.h:165:165:38:1:T,/root/mariadb/sql/procedure.h,165,165,0,0,mariadb_target_002485
mariadb_aflgo_r1,mariadb,1,root/mariadb/sql/procedure.h:165:165:38:1:F,/root/mariadb/sql/procedure.h,165,165,0,0,mariadb_target_002485
mariadb_aflgo_r1,mariadb,1,root/mariadb/sql/rpl_gtid.cc:2510:2510:40:217:T,/root/mariadb/sql/rpl_gtid.cc,2510,2510,0,0,mariadb_target_002488
mariadb_aflgo_r1,mariadb,1,root/mariadb/sql/rpl_gtid.cc:2510:2510:40:217:F,/root/mariadb/sql/rpl_gtid.cc,2510,2510,0,0,mariadb_target_002488
mariadb_aflgo_r1,mariadb,1,root/mariadb/sql/rpl_gtid.cc:2517:2517:40:218:T,/root/mariadb/sql/rpl_gtid.cc,2517,2517,0,0,mariadb_target_002488
mariadb_aflgo_r1,mariadb,1,root/mariadb/sql/rpl_gtid.cc:2517:2517:40:218:F,/root/mariadb/sql/rpl_gtid.cc,2517,2517,0,0,mariadb_target_002488
mariadb_aflgo_r1,mariadb,1,root/mariadb/sql/rpl_gtid.cc:2521:2521:40:219:T,/root/mariadb/sql/rpl_gtid.cc,2521,2521,0,0,mariadb_target_002488
mariadb_aflgo_r1,mariadb,1,root/mariadb/sql/rpl_gtid.cc:2521:2521:40:219:F,/root/mariadb/sql/rpl_gtid.cc,2521,2521,0,0,mariadb_target_002488
mariadb_aflgo_r1,mariadb,1,root/mariadb/sql/select_handler.cc:113:113:41:4:T,/root/mariadb/sql/select_handler.cc,113,113,0,0,mariadb_target_002489
mariadb_aflgo_r1,mariadb,1,root/mariadb/sql/select_handler.cc:113:113:41:4:F,/root/mariadb/sql/select_handler.cc,113,113,0,0,mariadb_target_002489
mariadb_aflgo_r1,mariadb,1,root/mariadb/sql/select_handler.cc:113:113:41:5:T,/root/mariadb/sql/select_handler.cc,113,113,0,0,mariadb_target_002489
mariadb_aflgo_r1,mariadb,1,root/mariadb/sql/select_handler.cc:113:113:41:5:F,/root/mariadb/sql/select_handler.cc,113,113,0,0,mariadb_target_002489
mariadb_aflgo_r1,mariadb,1,root/mariadb/sql/session_tracker.cc:428:428:42:34:T,/root/mariadb/sql/session_tracker.cc,428,428,0,0,mariadb_target_002491
mariadb_aflgo_r1,mariadb,1,root/mariadb/sql/session_tracker.cc:428:428:42:34:F,/root/mariadb/sql/session_tracker.cc,428,428,0,0,mariadb_target_002491
mariadb_aflgo_r1,mariadb,1,root/mariadb/sql/session_tracker.cc:434:434:42:35:T,/root/mariadb/sql/session_tracker.cc,434,434,0,0,mariadb_target_002491
mariadb_aflgo_r1,mariadb,1,root/mariadb/sql/session_tracker.cc:434:434:42:35:F,/root/mariadb/sql/session_tracker.cc,434,434,0,0,mariadb_target_002491
mariadb_aflgo_r1,mariadb,1,root/mariadb/sql/session_tracker.cc:437:438:42:36:T,/root/mariadb/sql/session_tracker.cc,437,438,0,0,mariadb_target_002491
mariadb_aflgo_r1,mariadb,1,root/mariadb/sql/session_tracker.cc:437:438:42:36:F,/root/mariadb/sql/session_tracker.cc,437,438,0,0,mariadb_target_002491
mariadb_aflgo_r1,mariadb,1,root/mariadb/sql/sp_instr.cc:1246:1246:45:72:T,/root/mariadb/sql/sp_instr.cc,1246,1246,0,0,mariadb_target_000882;mariadb_target_002495
mariadb_aflgo_r1,mariadb,1,root/mariadb/sql/sp_instr.cc:1246:1246:45:72:F,/root/mariadb/sql/sp_instr.cc,1246,1246,0,0,mariadb_target_000882;mariadb_target_002495
mariadb_aflgo_r1,mariadb,1,root/mariadb/sql/sp_instr.cc:1440:1440:45:87:T,/root/mariadb/sql/sp_instr.cc,1440,1440,0,0,mariadb_target_000884;mariadb_target_002497
mariadb_aflgo_r1,mariadb,1,root/mariadb/sql/sp_instr.cc:1440:1440:45:87:F,/root/mariadb/sql/sp_instr.cc,1440,1440,0,0,mariadb_target_000884;mariadb_target_002497
mariadb_aflgo_r1,mariadb,1,root/mariadb/sql/sp_instr.cc:1754:1754:45:101:T,/root/mariadb/sql/sp_instr.cc,1754,1754,0,0,mariadb_target_000890;mariadb_target_002503
mariadb_aflgo_r1,mariadb,1,root/mariadb/sql/sp_instr.cc:1754:1754:45:101:F,/root/mariadb/sql/sp_instr.cc,1754,1754,0,0,mariadb_target_000890;mariadb_target_002503
mariadb_aflgo_r1,mariadb,1,root/mariadb/sql/sp_instr.cc:1906:1906:45:116:T,/root/mariadb/sql/sp_instr.cc,1906,1906,0,0,mariadb_target_000892;mariadb_target_002505
mariadb_aflgo_r1,mariadb,1,root/mariadb/sql/sp_instr.cc:1906:1906:45:116:F,/root/mariadb/sql/sp_instr.cc,1906,1906,0,0,mariadb_target_000892;mariadb_target_002505
mariadb_aflgo_r1,mariadb,1,root/mariadb/sql/sp_instr.cc:2028:2028:45:125:T,/root/mariadb/sql/sp_instr.cc,2028,2028,0,0,mariadb_target_000893;mariadb_target_002506
mariadb_aflgo_r1,mariadb,1,root/mariadb/sql/sp_instr.cc:2028:2028:45:125:F,/root/mariadb/sql/sp_instr.cc,2028,2028,0,0,mariadb_target_000893;mariadb_target_002506
mariadb_aflgo_r1,mariadb,1,root/mariadb/sql/sp_instr.cc:2083:2083:45:126:T,/root/mariadb/sql/sp_instr.cc,2083,2083,0,0,mariadb_target_000895;mariadb_target_002508
mariadb_aflgo_r1,mariadb,1,root/mariadb/sql/sp_instr.cc:2083:2083:45:126:F,/root/mariadb/sql/sp_instr.cc,2083,2083,0,0,mariadb_target_000895;mariadb_target_002508
mariadb_aflgo_r1,mariadb,1,root/mariadb/sql/sp_instr.cc:2158:2158:45:133:T,/root/mariadb/sql/sp_instr.cc,2158,2158,0,0,mariadb_target_000896;mariadb_target_002509
mariadb_aflgo_r1,mariadb,1,root/mariadb/sql/sp_instr.cc:2158:2158:45:133:F,/root/mariadb/sql/sp_instr.cc,2158,2158,0,0,mariadb_target_000896;mariadb_target_002509
mariadb_aflgo_r1,mariadb,1,root/mariadb/sql/sp_instr.cc:2189:2189:45:135:T,/root/mariadb/sql/sp_instr.cc,2189,2189,0,0,mariadb_target_000897;mariadb_target_002510
mariadb_aflgo_r1,mariadb,1,root/mariadb/sql/sp_instr.cc:2189:2189:45:135:F,/root/mariadb/sql/sp_instr.cc,2189,2189,0,0,mariadb_target_000897;mariadb_target_002510
mariadb_aflgo_r1,mariadb,1,root/mariadb/sql/sp_instr.cc:2258:2258:45:139:T,/root/mariadb/sql/sp_instr.cc,2258,2258,0,0,mariadb_target_000898;mariadb_target_002511
mariadb_aflgo_r1,mariadb,1,root/mariadb/sql/sp_instr.cc:2258:2258:45:139:F,/root/mariadb/sql/sp_instr.cc,2258,2258,0,0,mariadb_target_000898;mariadb_target_002511
mariadb_aflgo_r1,mariadb,1,root/mariadb/sql/sp_instr.cc:2314:2314:45:144:T,/root/mariadb/sql/sp_instr.cc,2314,2314,0,0,mariadb_target_000899;mariadb_target_002512
mariadb_aflgo_r1,mariadb,1,root/mariadb/sql/sp_instr.cc:2314:2314:45:144:F,/root/mariadb/sql/sp_instr.cc,2314,2314,0,0,mariadb_target_000899;mariadb_target_002512
mariadb_aflgo_r1,mariadb,1,root/mariadb/sql/sp_instr.cc:2536:2536:45:160:T,/root/mariadb/sql/sp_instr.cc,2536,2536,0,0,mariadb_target_000903;mariadb_target_002516
mariadb_aflgo_r1,mariadb,1,root/mariadb/sql/sp_instr.cc:2536:2536:45:160:F,/root/mariadb/sql/sp_instr.cc,2536,2536,0,0,mariadb_target_000903;mariadb_target_002516
mariadb_aflgo_r1,mariadb,1,root/mariadb/sql/sp_instr.cc:2810:2810:45:174:T,/root/mariadb/sql/sp_instr.cc,2810,2810,0,0,mariadb_target_000908;mariadb_target_002522
mariadb_aflgo_r1,mariadb,1,root/mariadb/sql/sp_instr.cc:2810:2810:45:174:F,/root/mariadb/sql/sp_instr.cc,2810,2810,0,0,mariadb_target_000908;mariadb_target_002522
mariadb_aflgo_r1,mariadb,1,root/mariadb/sql/sp_instr.cc:2838:2838:45:175:T,/root/mariadb/sql/sp_instr.cc,2838,2838,0,0,mariadb_target_000909;mariadb_target_002523
mariadb_aflgo_r1,mariadb,1,root/mariadb/sql/sp_instr.cc:2838:2838:45:175:F,/root/mariadb/sql/sp_instr.cc,2838,2838,0,0,mariadb_target_000909;mariadb_target_002523
mariadb_aflgo_r1,mariadb,1,root/mariadb/sql/sp_instr.cc:2838:2838:45:176:T,/root/mariadb/sql/sp_instr.cc,2838,2838,0,0,mariadb_target_000909;mariadb_target_002523
mariadb_aflgo_r1,mariadb,1,root/mariadb/sql/sp_instr.cc:2838:2838:45:176:F,/root/mariadb/sql/sp_instr.cc,2838,2838,0,0,mariadb_target_000909;mariadb_target_002523
mariadb_aflgo_r1,mariadb,1,root/mariadb/sql/sp_instr.cc:2893:2893:45:180:T,/root/mariadb/sql/sp_instr.cc,2893,2893,0,0,mariadb_target_000910;mariadb_target_002524
mariadb_aflgo_r1,mariadb,1,root/mariadb/sql/sp_instr.cc:2893:2893:45:180:F,/root/mariadb/sql/sp_instr.cc,2893,2893,0,0,mariadb_target_000910;mariadb_target_002524
mariadb_aflgo_r1,mariadb,1,root/mariadb/sql/sp_instr.cc:2895:2895:45:181:T,/root/mariadb/sql/sp_instr.cc,2895,2895,0,0,mariadb_target_000910;mariadb_target_002524
mariadb_aflgo_r1,mariadb,1,root/mariadb/sql/sp_instr.cc:2895:2895:45:181:F,/root/mariadb/sql/sp_instr.cc,2895,2895,0,0,mariadb_target_000910;mariadb_target_002524
mariadb_aflgo_r1,mariadb,1,root/mariadb/sql/sql_acl.cc:12676:12678:46:504:T,/root/mariadb/sql/sql_acl.cc,12676,12678,0,0,mariadb_target_000911;mariadb_target_002525
mariadb_aflgo_r1,mariadb,1,root/mariadb/sql/sql_acl.cc:12676:12678:46:504:F,/root/mariadb/sql/sql_acl.cc,12676,12678,0,0,mariadb_target_000911;mariadb_target_002525
mariadb_aflgo_r1,mariadb,1,root/mariadb/sql/sql_acl.cc:12745:12746:46:512:T,/root/mariadb/sql/sql_acl.cc,12745,12746,0,0,mariadb_target_000912;mariadb_target_002526
mariadb_aflgo_r1,mariadb,1,root/mariadb/sql/sql_acl.cc:12745:12746:46:512:F,/root/mariadb/sql/sql_acl.cc,12745,12746,0,0,mariadb_target_000912;mariadb_target_002526
mariadb_aflgo_r1,mariadb,1,root/mariadb/sql/sql_acl.cc:859:859:46:924:T,/root/mariadb/sql/sql_acl.cc,859,859,0,0,mariadb_target_000913;mariadb_target_002529
mariadb_aflgo_r1,mariadb,1,root/mariadb/sql/sql_acl.cc:859:859:46:924:F,/root/mariadb/sql/sql_acl.cc,859,859,64,1,mariadb_target_000913;mariadb_target_002529
mariadb_aflgo_r1,mariadb,1,root/mariadb/sql/sql_acl.cc:268:268:46:986:T,/root/mariadb/sql/sql_acl.cc,268,268,0,0,mariadb_target_002527
mariadb_aflgo_r1,mariadb,1,root/mariadb/sql/sql_acl.cc:268:268:46:986:F,/root/mariadb/sql/sql_acl.cc,268,268,0,0,mariadb_target_002527
mariadb_aflgo_r1,mariadb,1,root/mariadb/sql/sql_acl.cc:271:271:46:987:T,/root/mariadb/sql/sql_acl.cc,271,271,0,0,mariadb_target_002527
mariadb_aflgo_r1,mariadb,1,root/mariadb/sql/sql_acl.cc:271:271:46:987:F,/root/mariadb/sql/sql_acl.cc,271,271,0,0,mariadb_target_002527
mariadb_aflgo_r1,mariadb,1,root/mariadb/sql/sql_acl.cc:284:284:46:1164:T,/root/mariadb/sql/sql_acl.cc,284,284,0,0,mariadb_target_002527
mariadb_aflgo_r1,mariadb,1,root/mariadb/sql/sql_acl.cc:284:284:46:1164:F,/root/mariadb/sql/sql_acl.cc,284,284,0,0,mariadb_target_002527
mariadb_aflgo_r1,mariadb,1,root/mariadb/sql/sql_acl.cc:287:287:46:1165:T,/root/mariadb/sql/sql_acl.cc,287,287,0,0,mariadb_target_002527
mariadb_aflgo_r1,mariadb,1,root/mariadb/sql/sql_acl.cc:287:287:46:1165:F,/root/mariadb/sql/sql_acl.cc,287,287,0,0,mariadb_target_002527
mariadb_aflgo_r1,mariadb,1,root/mariadb/sql/sql_acl.cc:290:290:46:1166:T,/root/mariadb/sql/sql_acl.cc,290,290,0,0,mariadb_target_002527
mariadb_aflgo_r1,mariadb,1,root/mariadb/sql/sql_acl.cc:290:290:46:1166:F,/root/mariadb/sql/sql_acl.cc,290,290,0,0,mariadb_target_002527
mariadb_aflgo_r1,mariadb,1,root/mariadb/sql/sql_acl.cc:238:239:46:1799:T,/root/mariadb/sql/sql_acl.cc,238,239,0,0,mariadb_target_002527;mariadb_target_002528
mariadb_aflgo_r1,mariadb,1,root/mariadb/sql/sql_acl.cc:238:239:46:1799:F,/root/mariadb/sql/sql_acl.cc,238,239,1370,1,mariadb_target_002527;mariadb_target_002528
mariadb_aflgo_r1,mariadb,1,root/mariadb/sql/sql_acl.cc:247:247:46:1800:T,/root/mariadb/sql/sql_acl.cc,247,247,1370,1,mariadb_target_002527;mariadb_target_002528
mariadb_aflgo_r1,mariadb,1,root/mariadb/sql/sql_acl.cc:247:247:46:1800:F,/root/mariadb/sql/sql_acl.cc,247,247,1370,1,mariadb_target_002527;mariadb_target_002528
mariadb_aflgo_r1,mariadb,1,root/mariadb/sql/sql_acl.cc:249:249:46:1801:T,/root/mariadb/sql/sql_acl.cc,249,249,1370,1,mariadb_target_002527;mariadb_target_002528
mariadb_aflgo_r1,mariadb,1,root/mariadb/sql/sql_acl.cc:249:249:46:1801:F,/root/mariadb/sql/sql_acl.cc,249,249,0,0,mariadb_target_002527;mariadb_target_002528
mariadb_aflgo_r1,mariadb,1,root/mariadb/sql/sql_acl.cc:250:250:46:1802:T,/root/mariadb/sql/sql_acl.cc,250,250,0,0,mariadb_target_002527;mariadb_target_002528
mariadb_aflgo_r1,mariadb,1,root/mariadb/sql/sql_acl.cc:250:250:46:1802:F,/root/mariadb/sql/sql_acl.cc,250,250,0,0,mariadb_target_002527;mariadb_target_002528
mariadb_aflgo_r1,mariadb,1,root/mariadb/sql/sql_acl.cc:255:255:46:1803:T,/root/mariadb/sql/sql_acl.cc,255,255,1370,1,mariadb_target_002527;mariadb_target_002528
mariadb_aflgo_r1,mariadb,1,root/mariadb/sql/sql_acl.cc:255:255:46:1803:F,/root/mariadb/sql/sql_acl.cc,255,255,0,0,mariadb_target_002527;mariadb_target_002528
mariadb_aflgo_r1,mariadb,1,root/mariadb/sql/sql_alter.cc:509:509:48:104:T,/root/mariadb/sql/sql_alter.cc,509,509,0,0,mariadb_target_000915;mariadb_target_002531
mariadb_aflgo_r1,mariadb,1,root/mariadb/sql/sql_alter.cc:509:509:48:104:F,/root/mariadb/sql/sql_alter.cc,509,509,0,0,mariadb_target_000915;mariadb_target_002531
mariadb_aflgo_r1,mariadb,1,root/mariadb/sql/sql_analyse.cc:395:395:49:69:T,/root/mariadb/sql/sql_analyse.cc,395,395,0,0,mariadb_target_000918;mariadb_target_002534
mariadb_aflgo_r1,mariadb,1,root/mariadb/sql/sql_analyse.cc:395:395:49:69:F,/root/mariadb/sql/sql_analyse.cc,395,395,0,0,mariadb_target_000918;mariadb_target_002534
mariadb_aflgo_r1,mariadb,1,root/mariadb/sql/sql_analyse.cc:395:395:49:70:T,/root/mariadb/sql/sql_analyse.cc,395,395,0,0,mariadb_target_000918;mariadb_target_002534
mariadb_aflgo_r1,mariadb,1,root/mariadb/sql/sql_analyse.cc:395:395:49:70:F,/root/mariadb/sql/sql_analyse.cc,395,395,0,0,mariadb_target_000918;mariadb_target_002534
mariadb_aflgo_r1,mariadb,1,root/mariadb/sql/sql_base.cc:6069:6069:50:461:T,/root/mariadb/sql/sql_base.cc,6069,6069,7433,1,mariadb_target_002540
mariadb_aflgo_r1,mariadb,1,root/mariadb/sql/sql_base.cc:6069:6069:50:461:F,/root/mariadb/sql/sql_base.cc,6069,6069,12,1,mariadb_target_002540
mariadb_aflgo_r1,mariadb,1,root/mariadb/sql/sql_base.cc:6141:6141:50:470:T,/root/mariadb/sql/sql_base.cc,6141,6141,1225,1,mariadb_target_002541
mariadb_aflgo_r1,mariadb,1,root/mariadb/sql/sql_base.cc:6141:6141:50:470:F,/root/mariadb/sql/sql_base.cc,6141,6141,1225,1,mariadb_target_002541
mariadb_aflgo_r1,mariadb,1,root/mariadb/sql/sql_base.cc:6141:6141:50:471:T,/root/mariadb/sql/sql_base.cc,6141,6141,1225,1,mariadb_target_002541
mariadb_aflgo_r1,mariadb,1,root/mariadb/sql/sql_base.cc:6141:6141:50:471:F,/root/mariadb/sql/sql_base.cc,6141,6141,0,0,mariadb_target_002541
mariadb_aflgo_r1,mariadb,1,root/mariadb/sql/sql_base.cc:6144:6144:50:472:T,/root/mariadb/sql/sql_base.cc,6144,6144,0,0,mariadb_target_002541
mariadb_aflgo_r1,mariadb,1,root/mariadb/sql/sql_base.cc:6144:6144:50:472:F,/root/mariadb/sql/sql_base.cc,6144,6144,1225,1,mariadb_target_002541
mariadb_aflgo_r1,mariadb,1,root/mariadb/sql/sql_base.cc:6152:6152:50:473:T,/root/mariadb/sql/sql_base.cc,6152,6152,0,0,mariadb_target_002541
mariadb_aflgo_r1,mariadb,1,root/mariadb/sql/sql_base.cc:6152:6152:50:473:F,/root/mariadb/sql/sql_base.cc,6152,6152,1225,1,mariadb_target_002541
mariadb_aflgo_r1,mariadb,1,root/mariadb/sql/sql_base.cc:6153:6153:50:474:T,/root/mariadb/sql/sql_base.cc,6153,6153,0,0,mariadb_target_002541
mariadb_aflgo_r1,mariadb,1,root/mariadb/sql/sql_base.cc:6153:6153:50:474:F,/root/mariadb/sql/sql_base.cc,6153,6153,0,0,mariadb_target_002541
mariadb_aflgo_r1,mariadb,1,root/mariadb/sql/sql_base.cc:6155:6155:50:475:T,/root/mariadb/sql/sql_base.cc,6155,6155,0,0,mariadb_target_002541
mariadb_aflgo_r1,mariadb,1,root/mariadb/sql/sql_base.cc:6155:6155:50:475:F,/root/mariadb/sql/sql_base.cc,6155,6155,0,0,mariadb_target_002541
mariadb_aflgo_r1,mariadb,1,root/mariadb/sql/sql_base.cc:6157:6157:50:476:T,/root/mariadb/sql/sql_base.cc,6157,6157,0,0,mariadb_target_002541
mariadb_aflgo_r1,mariadb,1,root/mariadb/sql/sql_base.cc:6157:6157:50:476:F,/root/mariadb/sql/sql_base.cc,6157,6157,0,0,mariadb_target_002541
mariadb_aflgo_r1,mariadb,1,root/mariadb/sql/sql_base.cc:6157:6157:50:477:T,/root/mariadb/sql/sql_base.cc,6157,6157,0,0,mariadb_target_002541
mariadb_aflgo_r1,mariadb,1,root/mariadb/sql/sql_base.cc:6157:6157:50:477:F,/root/mariadb/sql/sql_base.cc,6157,6157,0,0,mariadb_target_002541
mariadb_aflgo_r1,mariadb,1,root/mariadb/sql/sql_base.cc:6158:6158:50:478:T,/root/mariadb/sql/sql_base.cc,6158,6158,0,0,mariadb_target_002541
mariadb_aflgo_r1,mariadb,1,root/mariadb/sql/sql_base.cc:6158:6158:50:478:F,/root/mariadb/sql/sql_base.cc,6158,6158,0,0,mariadb_target_002541
mariadb_aflgo_r1,mariadb,1,root/mariadb/sql/sql_base.cc:6167:6167:50:479:T,/root/mariadb/sql/sql_base.cc,6167,6167,0,0,mariadb_target_002541
mariadb_aflgo_r1,mariadb,1,root/mariadb/sql/sql_base.cc:6167:6167:50:479:F,/root/mariadb/sql/sql_base.cc,6167,6167,1225,1,mariadb_target_002541
mariadb_aflgo_r1,mariadb,1,root/mariadb/sql/sql_base.cc:6177:6177:50:480:T,/root/mariadb/sql/sql_base.cc,6177,6177,0,0,mariadb_target_002541
mariadb_aflgo_r1,mariadb,1,root/mariadb/sql/sql_base.cc:6177:6177:50:480:F,/root/mariadb/sql/sql_base.cc,6177,6177,1225,1,mariadb_target_002541
mariadb_aflgo_r1,mariadb,1,root/mariadb/sql/sql_base.h:657:657:51:2:T,/root/mariadb/sql/sql_base.h,657,657,0,0,mariadb_target_000927;mariadb_target_002546;mariadb_target_002547
mariadb_aflgo_r1,mariadb,1,root/mariadb/sql/sql_base.h:657:657:51:2:F,/root/mariadb/sql/sql_base.h,657,657,5291,1,mariadb_target_000927;mariadb_target_002546;mariadb_target_002547
mariadb_aflgo_r1,mariadb,1,root/mariadb/sql/sql_base.h:657:657:51:3:T,/root/mariadb/sql/sql_base.h,657,657,0,0,mariadb_target_000927;mariadb_target_002546;mariadb_target_002547
mariadb_aflgo_r1,mariadb,1,root/mariadb/sql/sql_base.h:657:657:51:3:F,/root/mariadb/sql/sql_base.h,657,657,5291,1,mariadb_target_000927;mariadb_target_002546;mariadb_target_002547
mariadb_aflgo_r1,mariadb,1,root/mariadb/sql/sql_base.h:660:660:51:4:T,/root/mariadb/sql/sql_base.h,660,660,5236,1,mariadb_target_000927;mariadb_target_002546;mariadb_target_002547
mariadb_aflgo_r1,mariadb,1,root/mariadb/sql/sql_base.h:660:660:51:4:F,/root/mariadb/sql/sql_base.h,660,660,55,1,mariadb_target_000927;mariadb_target_002546;mariadb_target_002547
mariadb_aflgo_r1,mariadb,1,root/mariadb/sql/sql_base.h:668:668:51:5:T,/root/mariadb/sql/sql_base.h,668,668,0,0,mariadb_target_002548;mariadb_target_002549
mariadb_aflgo_r1,mariadb,1,root/mariadb/sql/sql_base.h:668:668:51:5:F,/root/mariadb/sql/sql_base.h,668,668,55,1,mariadb_target_002548;mariadb_target_002549
mariadb_aflgo_r1,mariadb,1,root/mariadb/sql/sql_class.h:7036:7036:52:174:T,/root/mariadb/sql/sql_class.h,7036,7036,547,1,mariadb_target_000929;mariadb_target_002551
mariadb_aflgo_r1,mariadb,1,root/mariadb/sql/sql_class.h:7036:7036:52:174:F,/root/mariadb/sql/sql_class.h,7036,7036,1734,1,mariadb_target_000929;mariadb_target_002551
mariadb_aflgo_r1,mariadb,1,root/mariadb/sql/sql_cte.cc:1718:1718:53:207:T,/root/mariadb/sql/sql_cte.cc,1718,1718,0,0,mariadb_target_000931;mariadb_target_002553
mariadb_aflgo_r1,mariadb,1,root/mariadb/sql/sql_cte.cc:1718:1718:53:207:F,/root/mariadb/sql/sql_cte.cc,1718,1718,0,0,mariadb_target_000931;mariadb_target_002553
mariadb_aflgo_r1,mariadb,1,root/mariadb/sql/sql_cursor.cc:374:377:54:23:T,/root/mariadb/sql/sql_cursor.cc,374,377,0,0,mariadb_target_000932;mariadb_target_002554
mariadb_aflgo_r1,mariadb,1,root/mariadb/sql/sql_cursor.cc:374:377:54:23:F,/root/mariadb/sql/sql_cursor.cc,374,377,0,0,mariadb_target_000932;mariadb_target_002554
mariadb_aflgo_r1,mariadb,1,root/mariadb/sql/sql_cursor.cc:383:383:54:24:T,/root/mariadb/sql/sql_cursor.cc,383,383,0,0,mariadb_target_000932;mariadb_target_002554
mariadb_aflgo_r1,mariadb,1,root/mariadb/sql/sql_cursor.cc:383:383:54:24:F,/root/mariadb/sql/sql_cursor.cc,383,383,0,0,mariadb_target_000932;mariadb_target_002554
mariadb_aflgo_r1,mariadb,1,root/mariadb/sql/sql_insert.cc:2049:2049:59:178:T,/root/mariadb/sql/sql_insert.cc,2049,2049,0,0,mariadb_target_002573
mariadb_aflgo_r1,mariadb,1,root/mariadb/sql/sql_insert.cc:2049:2049:59:178:F,/root/mariadb/sql/sql_insert.cc,2049,2049,0,0,mariadb_target_002573
mariadb_aflgo_r1,mariadb,1,root/mariadb/sql/sql_insert.cc:3876:3877:59:307:T,/root/mariadb/sql/sql_insert.cc,3876,3877,0,0,mariadb_target_002575
mariadb_aflgo_r1,mariadb,1,root/mariadb/sql/sql_insert.cc:3876:3877:59:307:F,/root/mariadb/sql/sql_insert.cc,3876,3877,0,0,mariadb_target_002575
mariadb_aflgo_r1,mariadb,1,root/mariadb/sql/sql_insert.cc:3891:3891:59:308:T,/root/mariadb/sql/sql_insert.cc,3891,3891,0,0,mariadb_target_002575;mariadb_target_002576
mariadb_aflgo_r1,mariadb,1,root/mariadb/sql/sql_insert.cc:3891:3891:59:308:F,/root/mariadb/sql/sql_insert.cc,3891,3891,0,0,mariadb_target_002575;mariadb_target_002576
mariadb_aflgo_r1,mariadb,1,root/mariadb/sql/sql_insert.cc:3891:3891:59:309:T,/root/mariadb/sql/sql_insert.cc,3891,3891,0,0,mariadb_target_002575;mariadb_target_002576
mariadb_aflgo_r1,mariadb,1,root/mariadb/sql/sql_insert.cc:3891:3891:59:309:F,/root/mariadb/sql/sql_insert.cc,3891,3891,0,0,mariadb_target_002575;mariadb_target_002576
mariadb_aflgo_r1,mariadb,1,root/mariadb/sql/sql_insert.cc:3897:3897:59:310:T,/root/mariadb/sql/sql_insert.cc,3897,3897,0,0,mariadb_target_002575;mariadb_target_002576;mariadb_target_002577
mariadb_aflgo_r1,mariadb,1,root/mariadb/sql/sql_insert.cc:3897:3897:59:310:F,/root/mariadb/sql/sql_insert.cc,3897,3897,0,0,mariadb_target_002575;mariadb_target_002576;mariadb_target_002577
mariadb_aflgo_r1,mariadb,1,root/mariadb/sql/sql_insert.cc:3912:3912:59:311:T,/root/mariadb/sql/sql_insert.cc,3912,3912,0,0,mariadb_target_002575;mariadb_target_002580;mariadb_target_002581
mariadb_aflgo_r1,mariadb,1,root/mariadb/sql/sql_insert.cc:3912:3912:59:311:F,/root/mariadb/sql/sql_insert.cc,3912,3912,0,0,mariadb_target_002575;mariadb_target_002580;mariadb_target_002581
mariadb_aflgo_r1,mariadb,1,root/mariadb/sql/sql_insert.cc:3912:3912:59:312:T,/root/mariadb/sql/sql_insert.cc,3912,3912,0,0,mariadb_target_002575;mariadb_target_002580;mariadb_target_002581
mariadb_aflgo_r1,mariadb,1,root/mariadb/sql/sql_insert.cc:3912:3912:59:312:F,/root/mariadb/sql/sql_insert.cc,3912,3912,0,0,mariadb_target_002575;mariadb_target_002580;mariadb_target_002581
mariadb_aflgo_r1,mariadb,1,root/mariadb/sql/sql_insert.cc:3917:3917:59:313:T,/root/mariadb/sql/sql_insert.cc,3917,3917,0,0,mariadb_target_002575;mariadb_target_002581;mariadb_target_002582
mariadb_aflgo_r1,mariadb,1,root/mariadb/sql/sql_insert.cc:3917:3917:59:313:F,/root/mariadb/sql/sql_insert.cc,3917,3917,0,0,mariadb_target_002575;mariadb_target_002581;mariadb_target_002582
mariadb_aflgo_r1,mariadb,1,root/mariadb/sql/sql_insert.cc:3923:3923:59:314:T,/root/mariadb/sql/sql_insert.cc,3923,3923,0,0,mariadb_target_002575;mariadb_target_002582
mariadb_aflgo_r1,mariadb,1,root/mariadb/sql/sql_insert.cc:3923:3923:59:314:F,/root/mariadb/sql/sql_insert.cc,3923,3923,0,0,mariadb_target_002575;mariadb_target_002582
mariadb_aflgo_r1,mariadb,1,root/mariadb/sql/sql_insert.cc:3933:3933:59:315:T,/root/mariadb/sql/sql_insert.cc,3933,3933,0,0,mariadb_target_002575;mariadb_target_002582
mariadb_aflgo_r1,mariadb,1,root/mariadb/sql/sql_insert.cc:3933:3933:59:315:F,/root/mariadb/sql/sql_insert.cc,3933,3933,0,0,mariadb_target_002575;mariadb_target_002582
mariadb_aflgo_r1,mariadb,1,root/mariadb/sql/sql_insert.cc:3933:3933:59:316:T,/root/mariadb/sql/sql_insert.cc,3933,3933,0,0,mariadb_target_002575;mariadb_target_002582
mariadb_aflgo_r1,mariadb,1,root/mariadb/sql/sql_insert.cc:3933:3933:59:316:F,/root/mariadb/sql/sql_insert.cc,3933,3933,0,0,mariadb_target_002575;mariadb_target_002582
mariadb_aflgo_r1,mariadb,1,root/mariadb/sql/sql_insert.cc:3937:3937:59:317:T,/root/mariadb/sql/sql_insert.cc,3937,3937,0,0,mariadb_target_002575;mariadb_target_002582
mariadb_aflgo_r1,mariadb,1,root/mariadb/sql/sql_insert.cc:3937:3937:59:317:F,/root/mariadb/sql/sql_insert.cc,3937,3937,0,0,mariadb_target_002575;mariadb_target_002582
mariadb_aflgo_r1,mariadb,1,root/mariadb/sql/sql_insert.cc:3969:3969:59:318:T,/root/mariadb/sql/sql_insert.cc,3969,3969,0,0,mariadb_target_002575;mariadb_target_002582
mariadb_aflgo_r1,mariadb,1,root/mariadb/sql/sql_insert.cc:3969:3969:59:318:F,/root/mariadb/sql/sql_insert.cc,3969,3969,0,0,mariadb_target_002575;mariadb_target_002582
mariadb_aflgo_r1,mariadb,1,root/mariadb/sql/sql_insert.cc:3978:3978:59:319:T,/root/mariadb/sql/sql_insert.cc,3978,3978,0,0,mariadb_target_002575;mariadb_target_002582
mariadb_aflgo_r1,mariadb,1,root/mariadb/sql/sql_insert.cc:3978:3978:59:319:F,/root/mariadb/sql/sql_insert.cc,3978,3978,0,0,mariadb_target_002575;mariadb_target_002582
mariadb_aflgo_r1,mariadb,1,root/mariadb/sql/sql_insert.cc:3979:3979:59:320:T,/root/mariadb/sql/sql_insert.cc,3979,3979,0,0,mariadb_target_002575;mariadb_target_002582
mariadb_aflgo_r1,mariadb,1,root/mariadb/sql/sql_insert.cc:3979:3979:59:320:F,/root/mariadb/sql/sql_insert.cc,3979,3979,0,0,mariadb_target_002575;mariadb_target_002582
mariadb_aflgo_r1,mariadb,1,root/mariadb/sql/sql_insert.cc:3984:3984:59:321:T,/root/mariadb/sql/sql_insert.cc,3984,3984,0,0,mariadb_target_002575;mariadb_target_002582
mariadb_aflgo_r1,mariadb,1,root/mariadb/sql/sql_insert.cc:3984:3984:59:321:F,/root/mariadb/sql/sql_insert.cc,3984,3984,0,0,mariadb_target_002575;mariadb_target_002582
mariadb_aflgo_r1,mariadb,1,root/mariadb/sql/sql_insert.cc:3985:3985:59:322:T,/root/mariadb/sql/sql_insert.cc,3985,3985,0,0,mariadb_target_002575;mariadb_target_002582
mariadb_aflgo_r1,mariadb,1,root/mariadb/sql/sql_insert.cc:3985:3985:59:322:F,/root/mariadb/sql/sql_insert.cc,3985,3985,0,0,mariadb_target_002575;mariadb_target_002582
mariadb_aflgo_r1,mariadb,1,root/mariadb/sql/sql_insert.cc:3986:3986:59:323:T,/root/mariadb/sql/sql_insert.cc,3986,3986,0,0,mariadb_target_002575;mariadb_target_002582
mariadb_aflgo_r1,mariadb,1,root/mariadb/sql/sql_insert.cc:3986:3986:59:323:F,/root/mariadb/sql/sql_insert.cc,3986,3986,0,0,mariadb_target_002575;mariadb_target_002582
mariadb_aflgo_r1,mariadb,1,root/mariadb/sql/sql_insert.cc:3991:3991:59:324:T,/root/mariadb/sql/sql_insert.cc,3991,3991,0,0,mariadb_target_002575;mariadb_target_002582
mariadb_aflgo_r1,mariadb,1,root/mariadb/sql/sql_insert.cc:3991:3991:59:324:F,/root/mariadb/sql/sql_insert.cc,3991,3991,0,0,mariadb_target_002575;mariadb_target_002582
mariadb_aflgo_r1,mariadb,1,root/mariadb/sql/sql_insert.cc:4016:4016:59:325:T,/root/mariadb/sql/sql_insert.cc,4016,4016,0,0,mariadb_target_002575;mariadb_target_002582
mariadb_aflgo_r1,mariadb,1,root/mariadb/sql/sql_insert.cc:4016:4016:59:325:F,/root/mariadb/sql/sql_insert.cc,4016,4016,0,0,mariadb_target_002575;mariadb_target_002582
mariadb_aflgo_r1,mariadb,1,root/mariadb/sql/sql_insert.cc:4021:4021:59:326:T,/root/mariadb/sql/sql_insert.cc,4021,4021,0,0,mariadb_target_002575;mariadb_target_002582
mariadb_aflgo_r1,mariadb,1,root/mariadb/sql/sql_insert.cc:4021:4021:59:326:F,/root/mariadb/sql/sql_insert.cc,4021,4021,0,0,mariadb_target_002575;mariadb_target_002582
mariadb_aflgo_r1,mariadb,1,root/mariadb/sql/sql_insert.cc:4027:4027:59:327:T,/root/mariadb/sql/sql_insert.cc,4027,4027,0,0,mariadb_target_002575;mariadb_target_002582
mariadb_aflgo_r1,mariadb,1,root/mariadb/sql/sql_insert.cc:4027:4027:59:327:F,/root/mariadb/sql/sql_insert.cc,4027,4027,0,0,mariadb_target_002575;mariadb_target_002582
mariadb_aflgo_r1,mariadb,1,root/mariadb/sql/sql_insert.cc:4046:4046:59:328:T,/root/mariadb/sql/sql_insert.cc,4046,4046,0,0,mariadb_target_002575;mariadb_target_002582
mariadb_aflgo_r1,mariadb,1,root/mariadb/sql/sql_insert.cc:4046:4046:59:328:F,/root/mariadb/sql/sql_insert.cc,4046,4046,0,0,mariadb_target_002575;mariadb_target_002582
mariadb_aflgo_r1,mariadb,1,root/mariadb/sql/sql_insert.cc:4046:4046:59:329:T,/root/mariadb/sql/sql_insert.cc,4046,4046,0,0,mariadb_target_002575;mariadb_target_002582
mariadb_aflgo_r1,mariadb,1,root/mariadb/sql/sql_insert.cc:4046:4046:59:329:F,/root/mariadb/sql/sql_insert.cc,4046,4046,0,0,mariadb_target_002575;mariadb_target_002582
mariadb_aflgo_r1,mariadb,1,root/mariadb/sql/sql_insert.cc:4047:4047:59:330:T,/root/mariadb/sql/sql_insert.cc,4047,4047,0,0,mariadb_target_002575;mariadb_target_002582
mariadb_aflgo_r1,mariadb,1,root/mariadb/sql/sql_insert.cc:4047:4047:59:330:F,/root/mariadb/sql/sql_insert.cc,4047,4047,0,0,mariadb_target_002575;mariadb_target_002582
mariadb_aflgo_r1,mariadb,1,root/mariadb/sql/sql_insert.cc:4050:4050:59:331:T,/root/mariadb/sql/sql_insert.cc,4050,4050,0,0,mariadb_target_002575;mariadb_target_002582
mariadb_aflgo_r1,mariadb,1,root/mariadb/sql/sql_insert.cc:4050:4050:59:331:F,/root/mariadb/sql/sql_insert.cc,4050,4050,0,0,mariadb_target_002575;mariadb_target_002582
mariadb_aflgo_r1,mariadb,1,root/mariadb/sql/sql_insert.cc:4050:4050:59:332:T,/root/mariadb/sql/sql_insert.cc,4050,4050,0,0,mariadb_target_002575;mariadb_target_002582
mariadb_aflgo_r1,mariadb,1,root/mariadb/sql/sql_insert.cc:4050:4050:59:332:F,/root/mariadb/sql/sql_insert.cc,4050,4050,0,0,mariadb_target_002575;mariadb_target_002582
mariadb_aflgo_r1,mariadb,1,root/mariadb/sql/sql_insert.cc:4052:4052:59:333:T,/root/mariadb/sql/sql_insert.cc,4052,4052,0,0,mariadb_target_002575;mariadb_target_002582
mariadb_aflgo_r1,mariadb,1,root/mariadb/sql/sql_insert.cc:4052:4052:59:333:F,/root/mariadb/sql/sql_insert.cc,4052,4052,0,0,mariadb_target_002575;mariadb_target_002582
mariadb_aflgo_r1,mariadb,1,root/mariadb/sql/sql_insert.cc:4065:4066:59:334:T,/root/mariadb/sql/sql_insert.cc,4065,4066,0,0,mariadb_target_002575;mariadb_target_002582
mariadb_aflgo_r1,mariadb,1,root/mariadb/sql/sql_insert.cc:4065:4066:59:334:F,/root/mariadb/sql/sql_insert.cc,4065,4066,0,0,mariadb_target_002575;mariadb_target_002582
mariadb_aflgo_r1,mariadb,1,root/mariadb/sql/sql_insert.cc:4074:4074:59:335:T,/root/mariadb/sql/sql_insert.cc,4074,4074,0,0,mariadb_target_002575;mariadb_target_002582;mariadb_target_002584;mariadb_target_002585
mariadb_aflgo_r1,mariadb,1,root/mariadb/sql/sql_insert.cc:4074:4074:59:335:F,/root/mariadb/sql/sql_insert.cc,4074,4074,0,0,mariadb_target_002575;mariadb_target_002582;mariadb_target_002584;mariadb_target_002585
mariadb_aflgo_r1,mariadb,1,root/mariadb/sql/sql_insert.cc:4074:4074:59:336:T,/root/mariadb/sql/sql_insert.cc,4074,4074,0,0,mariadb_target_002575;mariadb_target_002582;mariadb_target_002584;mariadb_target_002585
mariadb_aflgo_r1,mariadb,1,root/mariadb/sql/sql_insert.cc:4074:4074:59:336:F,/root/mariadb/sql/sql_insert.cc,4074,4074,0,0,mariadb_target_002575;mariadb_target_002582;mariadb_target_002584;mariadb_target_002585
mariadb_aflgo_r1,mariadb,1,root/mariadb/sql/sql_insert.cc:4079:4079:59:337:T,/root/mariadb/sql/sql_insert.cc,4079,4079,0,0,mariadb_target_002575;mariadb_target_002582;mariadb_target_002585;mariadb_target_002586
mariadb_aflgo_r1,mariadb,1,root/mariadb/sql/sql_insert.cc:4079:4079:59:337:F,/root/mariadb/sql/sql_insert.cc,4079,4079,0,0,mariadb_target_002575;mariadb_target_002582;mariadb_target_002585;mariadb_target_002586
mariadb_aflgo_r1,mariadb,1,root/mariadb/sql/sql_insert.cc:4104:4104:59:338:T,/root/mariadb/sql/sql_insert.cc,4104,4104,0,0,mariadb_target_002575;mariadb_target_002587
mariadb_aflgo_r1,mariadb,1,root/mariadb/sql/sql_insert.cc:4104:4104:59:338:F,/root/mariadb/sql/sql_insert.cc,4104,4104,0,0,mariadb_target_002575;mariadb_target_002587
mariadb_aflgo_r1,mariadb,1,root/mariadb/sql/sql_insert.cc:4105:4106:59:339:T,/root/mariadb/sql/sql_insert.cc,4105,4106,0,0,mariadb_target_002575;mariadb_target_002587;mariadb_target_002588
mariadb_aflgo_r1,mariadb,1,root/mariadb/sql/sql_insert.cc:4105:4106:59:339:F,/root/mariadb/sql/sql_insert.cc,4105,4106,0,0,mariadb_target_002575;mariadb_target_002587;mariadb_target_002588
mariadb_aflgo_r1,mariadb,1,root/mariadb/sql/sql_insert.cc:4126:4126:59:340:T,/root/mariadb/sql/sql_insert.cc,4126,4126,0,0,mariadb_target_002575;mariadb_target_002590
mariadb_aflgo_r1,mariadb,1,root/mariadb/sql/sql_insert.cc:4126:4126:59:340:F,/root/mariadb/sql/sql_insert.cc,4126,4126,0,0,mariadb_target_002575;mariadb_target_002590
mariadb_aflgo_r1,mariadb,1,root/mariadb/sql/sql_insert.cc:4128:4128:59:341:T,/root/mariadb/sql/sql_insert.cc,4128,4128,0,0,mariadb_target_002575;mariadb_target_002590;mariadb_target_002591
mariadb_aflgo_r1,mariadb,1,root/mariadb/sql/sql_insert.cc:4128:4128:59:341:F,/root/mariadb/sql/sql_insert.cc,4128,4128,0,0,mariadb_target_002575;mariadb_target_002590;mariadb_target_002591
mariadb_aflgo_r1,mariadb,1,root/mariadb/sql/sql_insert.cc:4203:4203:59:345:T,/root/mariadb/sql/sql_insert.cc,4203,4203,551,1,mariadb_target_002593;mariadb_target_002594;mariadb_target_002595
mariadb_aflgo_r1,mariadb,1,root/mariadb/sql/sql_insert.cc:4203:4203:59:345:F,/root/mariadb/sql/sql_insert.cc,4203,4203,7,1,mariadb_target_002593;mariadb_target_002594;mariadb_target_002595
mariadb_aflgo_r1,mariadb,1,root/mariadb/sql/sql_insert.cc:4203:4203:59:346:T,/root/mariadb/sql/sql_insert.cc,4203,4203,279,1,mariadb_target_002593;mariadb_target_002594;mariadb_target_002595
mariadb_aflgo_r1,mariadb,1,root/mariadb/sql/sql_insert.cc:4203:4203:59:346:F,/root/mariadb/sql/sql_insert.cc,4203,4203,272,1,mariadb_target_002593;mariadb_target_002594;mariadb_target_002595
mariadb_aflgo_r1,mariadb,1,root/mariadb/sql/sql_insert.cc:4210:4210:59:347:T,/root/mariadb/sql/sql_insert.cc,4210,4210,0,0,mariadb_target_002593;mariadb_target_002594;mariadb_target_002595
mariadb_aflgo_r1,mariadb,1,root/mariadb/sql/sql_insert.cc:4210:4210:59:347:F,/root/mariadb/sql/sql_insert.cc,4210,4210,279,1,mariadb_target_002593;mariadb_target_002594;mariadb_target_002595
mariadb_aflgo_r1,mariadb,1,root/mariadb/sql/sql_insert.cc:1588:1588:59:644:T,/root/mariadb/sql/sql_insert.cc,1588,1588,0,0,mariadb_target_002563
mariadb_aflgo_r1,mariadb,1,root/mariadb/sql/sql_insert.cc:1588:1588:59:644:F,/root/mariadb/sql/sql_insert.cc,1588,1588,0,0,mariadb_target_002563
mariadb_aflgo_r1,mariadb,1,root/mariadb/sql/sql_insert.cc:1603:1603:59:645:T,/root/mariadb/sql/sql_insert.cc,1603,1603,0,0,mariadb_target_002563;mariadb_target_002564
mariadb_aflgo_r1,mariadb,1,root/mariadb/sql/sql_insert.cc:1603:1603:59:645:F,/root/mariadb/sql/sql_insert.cc,1603,1603,0,0,mariadb_target_002563;mariadb_target_002564
mariadb_aflgo_r1,mariadb,1,root/mariadb/sql/sql_insert.cc:1605:1605:59:646:T,/root/mariadb/sql/sql_insert.cc,1605,1605,0,0,mariadb_target_002563;mariadb_target_002564
mariadb_aflgo_r1,mariadb,1,root/mariadb/sql/sql_insert.cc:1605:1605:59:646:F,/root/mariadb/sql/sql_insert.cc,1605,1605,0,0,mariadb_target_002563;mariadb_target_002564
mariadb_aflgo_r1,mariadb,1,root/mariadb/sql/sql_insert.cc:1612:1612:59:647:T,/root/mariadb/sql/sql_insert.cc,1612,1612,0,0,mariadb_target_002563;mariadb_target_002565
mariadb_aflgo_r1,mariadb,1,root/mariadb/sql/sql_insert.cc:1612:1612:59:647:F,/root/mariadb/sql/sql_insert.cc,1612,1612,0,0,mariadb_target_002563;mariadb_target_002565
mariadb_aflgo_r1,mariadb,1,root/mariadb/sql/sql_insert.cc:1615:1615:59:648:T,/root/mariadb/sql/sql_insert.cc,1615,1615,0,0,mariadb_target_002563;mariadb_target_002565;mariadb_target_002566
mariadb_aflgo_r1,mariadb,1,root/mariadb/sql/sql_insert.cc:1615:1615:59:648:F,/root/mariadb/sql/sql_insert.cc,1615,1615,0,0,mariadb_target_002563;mariadb_target_002565;mariadb_target_002566
mariadb_aflgo_r1,mariadb,1,root/mariadb/sql/sql_insert.cc:1618:1619:59:649:T,/root/mariadb/sql/sql_insert.cc,1618,1619,0,0,mariadb_target_002563;mariadb_target_002566
mariadb_aflgo_r1,mariadb,1,root/mariadb/sql/sql_insert.cc:1618:1619:59:649:F,/root/mariadb/sql/sql_insert.cc,1618,1619,0,0,mariadb_target_002563;mariadb_target_002566
mariadb_aflgo_r1,mariadb,1,root/mariadb/sql/sql_insert.cc:1623:1623:59:650:T,/root/mariadb/sql/sql_insert.cc,1623,1623,0,0,mariadb_target_002563;mariadb_target_002566;mariadb_target_002567
mariadb_aflgo_r1,mariadb,1,root/mariadb/sql/sql_insert.cc:1623:1623:59:650:F,/root/mariadb/sql/sql_insert.cc,1623,1623,0,0,mariadb_target_002563;mariadb_target_002566;mariadb_target_002567
mariadb_aflgo_r1,mariadb,1,root/mariadb/sql/sql_insert.cc:1628:1628:59:651:T,/root/mariadb/sql/sql_insert.cc,1628,1628,0,0,mariadb_target_002563;mariadb_target_002567
mariadb_aflgo_r1,mariadb,1,root/mariadb/sql/sql_insert.cc:1628:1628:59:651:F,/root/mariadb/sql/sql_insert.cc,1628,1628,0,0,mariadb_target_002563;mariadb_target_002567
mariadb_aflgo_r1,mariadb,1,root/mariadb/sql/sql_insert.cc:1639:1639:59:652:T,/root/mariadb/sql/sql_insert.cc,1639,1639,0,0,mariadb_target_002563;mariadb_target_002568;mariadb_target_002569
mariadb_aflgo_r1,mariadb,1,root/mariadb/sql/sql_insert.cc:1639:1639:59:652:F,/root/mariadb/sql/sql_insert.cc,1639,1639,0,0,mariadb_target_002563;mariadb_target_002568;mariadb_target_002569
mariadb_aflgo_r1,mariadb,1,root/mariadb/sql/sql_insert.cc:1645:1645:59:653:T,/root/mariadb/sql/sql_insert.cc,1645,1645,0,0,mariadb_target_002563;mariadb_target_002569
mariadb_aflgo_r1,mariadb,1,root/mariadb/sql/sql_insert.cc:1645:1645:59:653:F,/root/mariadb/sql/sql_insert.cc,1645,1645,0,0,mariadb_target_002563;mariadb_target_002569
mariadb_aflgo_r1,mariadb,1,root/mariadb/sql/sql_insert.cc:1646:1646:59:654:T,/root/mariadb/sql/sql_insert.cc,1646,1646,0,0,mariadb_target_002563;mariadb_target_002569
mariadb_aflgo_r1,mariadb,1,root/mariadb/sql/sql_insert.cc:1646:1646:59:654:F,/root/mariadb/sql/sql_insert.cc,1646,1646,0,0,mariadb_target_002563;mariadb_target_002569
mariadb_aflgo_r1,mariadb,1,root/mariadb/sql/sql_insert.cc:1756:1756:59:665:T,/root/mariadb/sql/sql_insert.cc,1756,1756,6,1,mariadb_target_000939;mariadb_target_002570
mariadb_aflgo_r1,mariadb,1,root/mariadb/sql/sql_insert.cc:1756:1756:59:665:F,/root/mariadb/sql/sql_insert.cc,1756,1756,0,0,mariadb_target_000939;mariadb_target_002570
mariadb_aflgo_r1,mariadb,1,root/mariadb/sql/sql_insert.cc:1758:1758:59:666:T,/root/mariadb/sql/sql_insert.cc,1758,1758,6,1,mariadb_target_000939;mariadb_target_002570
mariadb_aflgo_r1,mariadb,1,root/mariadb/sql/sql_insert.cc:1758:1758:59:666:F,/root/mariadb/sql/sql_insert.cc,1758,1758,0,0,mariadb_target_000939;mariadb_target_002570
mariadb_aflgo_r1,mariadb,1,root/mariadb/sql/sql_insert.cc:1766:1766:59:667:T,/root/mariadb/sql/sql_insert.cc,1766,1766,0,0,mariadb_target_002571
mariadb_aflgo_r1,mariadb,1,root/mariadb/sql/sql_insert.cc:1766:1766:59:667:F,/root/mariadb/sql/sql_insert.cc,1766,1766,0,0,mariadb_target_002571
mariadb_aflgo_r1,mariadb,1,root/mariadb/sql/sql_lex.cc:3843:3843:60:393:T,/root/mariadb/sql/sql_lex.cc,3843,3843,0,0,mariadb_target_000944;mariadb_target_002597
mariadb_aflgo_r1,mariadb,1,root/mariadb/sql/sql_lex.cc:3843:3843:60:393:F,/root/mariadb/sql/sql_lex.cc,3843,3843,0,0,mariadb_target_000944;mariadb_target_002597
mariadb_aflgo_r1,mariadb,1,root/mariadb/sql/sql_lex.cc:3849:3849:60:394:T,/root/mariadb/sql/sql_lex.cc,3849,3849,0,0,mariadb_target_000944;mariadb_target_002597
mariadb_aflgo_r1,mariadb,1,root/mariadb/sql/sql_lex.cc:3849:3849:60:394:F,/root/mariadb/sql/sql_lex.cc,3849,3849,0,0,mariadb_target_000944;mariadb_target_002597
mariadb_aflgo_r1,mariadb,1,root/mariadb/sql/sql_lex.cc:3890:3890:60:401:T,/root/mariadb/sql/sql_lex.cc,3890,3890,0,0,mariadb_target_002598
mariadb_aflgo_r1,mariadb,1,root/mariadb/sql/sql_lex.cc:3890:3890:60:401:F,/root/mariadb/sql/sql_lex.cc,3890,3890,206,1,mariadb_target_002598
mariadb_aflgo_r1,mariadb,1,root/mariadb/sql/sql_lex.cc:3917:3917:60:410:T,/root/mariadb/sql/sql_lex.cc,3917,3917,8,1,mariadb_target_002599
mariadb_aflgo_r1,mariadb,1,root/mariadb/sql/sql_lex.cc:3917:3917:60:410:F,/root/mariadb/sql/sql_lex.cc,3917,3917,216,1,mariadb_target_002599
mariadb_aflgo_r1,mariadb,1,root/mariadb/sql/sql_lex.cc:3920:3920:60:411:T,/root/mariadb/sql/sql_lex.cc,3920,3920,6,1,mariadb_target_002599
mariadb_aflgo_r1,mariadb,1,root/mariadb/sql/sql_lex.cc:3920:3920:60:411:F,/root/mariadb/sql/sql_lex.cc,3920,3920,200,1,mariadb_target_002599
mariadb_aflgo_r1,mariadb,1,root/mariadb/sql/sql_lex.cc:3922:3922:60:412:T,/root/mariadb/sql/sql_lex.cc,3922,3922,4,1,mariadb_target_002599
mariadb_aflgo_r1,mariadb,1,root/mariadb/sql/sql_lex.cc:3922:3922:60:412:F,/root/mariadb/sql/sql_lex.cc,3922,3922,2,1,mariadb_target_002599
mariadb_aflgo_r1,mariadb,1,root/mariadb/sql/sql_lex.cc:3931:3931:60:413:T,/root/mariadb/sql/sql_lex.cc,3931,3931,0,0,mariadb_target_000945;mariadb_target_002600
mariadb_aflgo_r1,mariadb,1,root/mariadb/sql/sql_lex.cc:3931:3931:60:413:F,/root/mariadb/sql/sql_lex.cc,3931,3931,200,1,mariadb_target_000945;mariadb_target_002600
mariadb_aflgo_r1,mariadb,1,root/mariadb/sql/sql_lex.cc:5565:5565:60:612:T,/root/mariadb/sql/sql_lex.cc,5565,5565,72,1,mariadb_target_000946;mariadb_target_002601
mariadb_aflgo_r1,mariadb,1,root/mariadb/sql/sql_lex.cc:5565:5565:60:612:F,/root/mariadb/sql/sql_lex.cc,5565,5565,2057,1,mariadb_target_000946;mariadb_target_002601
mariadb_aflgo_r1,mariadb,1,root/mariadb/sql/sql_lex.cc:5571:5571:60:613:T,/root/mariadb/sql/sql_lex.cc,5571,5571,92,1,mariadb_target_000946;mariadb_target_002601;mariadb_target_002602
mariadb_aflgo_r1,mariadb,1,root/mariadb/sql/sql_lex.cc:5571:5571:60:613:F,/root/mariadb/sql/sql_lex.cc,5571,5571,1965,1,mariadb_target_000946;mariadb_target_002601;mariadb_target_002602
mariadb_aflgo_r1,mariadb,1,root/mariadb/sql/sql_lex.cc:5574:5574:60:614:T,/root/mariadb/sql/sql_lex.cc,5574,5574,94,1,mariadb_target_002602
mariadb_aflgo_r1,mariadb,1,root/mariadb/sql/sql_lex.cc:5574:5574:60:614:F,/root/mariadb/sql/sql_lex.cc,5574,5574,1963,1,mariadb_target_002602
mariadb_aflgo_r1,mariadb,1,root/mariadb/sql/sql_lex.cc:5574:5574:60:615:T,/root/mariadb/sql/sql_lex.cc,5574,5574,94,1,mariadb_target_002602
mariadb_aflgo_r1,mariadb,1,root/mariadb/sql/sql_lex.cc:5574:5574:60:615:F,/root/mariadb/sql/sql_lex.cc,5574,5574,0,0,mariadb_target_002602
mariadb_aflgo_r1,mariadb,1,root/mariadb/sql/sql_lex.cc:5586:5586:60:616:T,/root/mariadb/sql/sql_lex.cc,5586,5586,0,0,mariadb_target_002602;mariadb_target_002603
mariadb_aflgo_r1,mariadb,1,root/mariadb/sql/sql_lex.cc:5586:5586:60:616:F,/root/mariadb/sql/sql_lex.cc,5586,5586,2057,1,mariadb_target_002602;mariadb_target_002603
mariadb_aflgo_r1,mariadb,1,root/mariadb/sql/sql_lex.cc:5592:5592:60:617:T,/root/mariadb/sql/sql_lex.cc,5592,5592,0,0,mariadb_target_002602;mariadb_target_002603
mariadb_aflgo_r1,mariadb,1,root/mariadb/sql/sql_lex.cc:5592:5592:60:617:F,/root/mariadb/sql/sql_lex.cc,5592,5592,2057,1,mariadb_target_002602;mariadb_target_002603
mariadb_aflgo_r1,mariadb,1,root/mariadb/sql/sql_lex.cc:5596:5596:60:618:T,/root/mariadb/sql/sql_lex.cc,5596,5596,140,1,mariadb_target_002602;mariadb_target_002603
mariadb_aflgo_r1,mariadb,1,root/mariadb/sql/sql_lex.cc:5596:5596:60:618:F,/root/mariadb/sql/sql_lex.cc,5596,5596,2057,1,mariadb_target_002602;mariadb_target_002603
mariadb_aflgo_r1,mariadb,1,root/mariadb/sql/sql_lex.cc:5598:5598:60:619:T,/root/mariadb/sql/sql_lex.cc,5598,5598,0,0,mariadb_target_002602
mariadb_aflgo_r1,mariadb,1,root/mariadb/sql/sql_lex.cc:5598:5598:60:619:F,/root/mariadb/sql/sql_lex.cc,5598,5598,140,1,mariadb_target_002602
mariadb_aflgo_r1,mariadb,1,root/mariadb/sql/sql_lex.cc:5599:5599:60:620:T,/root/mariadb/sql/sql_lex.cc,5599,5599,0,0,mariadb_target_002602
mariadb_aflgo_r1,mariadb,1,root/mariadb/sql/sql_lex.cc:5599:5599:60:620:F,/root/mariadb/sql/sql_lex.cc,5599,5599,0,0,mariadb_target_002602
mariadb_aflgo_r1,mariadb,1,root/mariadb/sql/sql_lex.cc:5601:5601:60:621:T,/root/mariadb/sql/sql_lex.cc,5601,5601,0,0,mariadb_target_002602
mariadb_aflgo_r1,mariadb,1,root/mariadb/sql/sql_lex.cc:5601:5601:60:621:F,/root/mariadb/sql/sql_lex.cc,5601,5601,0,0,mariadb_target_002602
mariadb_aflgo_r1,mariadb,1,root/mariadb/sql/sql_lex.cc:5612:5612:60:622:T,/root/mariadb/sql/sql_lex.cc,5612,5612,455,1,mariadb_target_002602
mariadb_aflgo_r1,mariadb,1,root/mariadb/sql/sql_lex.cc:5612:5612:60:622:F,/root/mariadb/sql/sql_lex.cc,5612,5612,1563,1,mariadb_target_002602
mariadb_aflgo_r1,mariadb,1,root/mariadb/sql/sql_lex.cc:5617:5617:60:623:T,/root/mariadb/sql/sql_lex.cc,5617,5617,177,1,mariadb_target_002602
mariadb_aflgo_r1,mariadb,1,root/mariadb/sql/sql_lex.cc:5617:5617:60:623:F,/root/mariadb/sql/sql_lex.cc,5617,5617,1841,1,mariadb_target_002602
mariadb_aflgo_r1,mariadb,1,root/mariadb/sql/sql_lex.cc:5625:5625:60:624:T,/root/mariadb/sql/sql_lex.cc,5625,5625,8391,1,mariadb_target_002602
mariadb_aflgo_r1,mariadb,1,root/mariadb/sql/sql_lex.cc:5625:5625:60:624:F,/root/mariadb/sql/sql_lex.cc,5625,5625,2018,1,mariadb_target_002602
mariadb_aflgo_r1,mariadb,1,root/mariadb/sql/sql_lex.cc:5632:5632:60:625:T,/root/mariadb/sql/sql_lex.cc,5632,5632,0,0,mariadb_target_002602
mariadb_aflgo_r1,mariadb,1,root/mariadb/sql/sql_lex.cc:5632:5632:60:625:F,/root/mariadb/sql/sql_lex.cc,5632,5632,2018,1,mariadb_target_002602
mariadb_aflgo_r1,mariadb,1,root/mariadb/sql/sql_lex.cc:5637:5637:60:626:T,/root/mariadb/sql/sql_lex.cc,5637,5637,1272,1,mariadb_target_002602
mariadb_aflgo_r1,mariadb,1,root/mariadb/sql/sql_lex.cc:5637:5637:60:626:F,/root/mariadb/sql/sql_lex.cc,5637,5637,2018,1,mariadb_target_002602
mariadb_aflgo_r1,mariadb,1,root/mariadb/sql/sql_lex.cc:5639:5639:60:627:T,/root/mariadb/sql/sql_lex.cc,5639,5639,2018,1,mariadb_target_002602
mariadb_aflgo_r1,mariadb,1,root/mariadb/sql/sql_lex.cc:5639:5639:60:627:F,/root/mariadb/sql/sql_lex.cc,5639,5639,0,0,mariadb_target_002602
mariadb_aflgo_r1,mariadb,1,root/mariadb/sql/sql_lex.cc:5640:5640:60:628:T,/root/mariadb/sql/sql_lex.cc,5640,5640,0,0,mariadb_target_002602
mariadb_aflgo_r1,mariadb,1,root/mariadb/sql/sql_lex.cc:5640:5640:60:628:F,/root/mariadb/sql/sql_lex.cc,5640,5640,0,0,mariadb_target_002602
mariadb_aflgo_r1,mariadb,1,root/mariadb/sql/sql_lex.cc:5642:5642:60:629:T,/root/mariadb/sql/sql_lex.cc,5642,5642,2151,1,mariadb_target_002602
mariadb_aflgo_r1,mariadb,1,root/mariadb/sql/sql_lex.cc:5642:5642:60:629:F,/root/mariadb/sql/sql_lex.cc,5642,5642,1998,1,mariadb_target_002602
mariadb_aflgo_r1,mariadb,1,root/mariadb/sql/sql_lex.cc:5663:5663:60:630:T,/root/mariadb/sql/sql_lex.cc,5663,5663,0,0,mariadb_target_002602
mariadb_aflgo_r1,mariadb,1,root/mariadb/sql/sql_lex.cc:5663:5663:60:630:F,/root/mariadb/sql/sql_lex.cc,5663,5663,0,0,mariadb_target_002602
mariadb_aflgo_r1,mariadb,1,root/mariadb/sql/sql_lex.cc:5665:5665:60:631:T,/root/mariadb/sql/sql_lex.cc,5665,5665,0,0,mariadb_target_002602
mariadb_aflgo_r1,mariadb,1,root/mariadb/sql/sql_lex.cc:5665:5665:60:631:F,/root/mariadb/sql/sql_lex.cc,5665,5665,0,0,mariadb_target_002602
mariadb_aflgo_r1,mariadb,1,root/mariadb/sql/sql_lex.cc:5669:5669:60:632:T,/root/mariadb/sql/sql_lex.cc,5669,5669,0,0,mariadb_target_002602
mariadb_aflgo_r1,mariadb,1,root/mariadb/sql/sql_lex.cc:5669:5669:60:632:F,/root/mariadb/sql/sql_lex.cc,5669,5669,0,0,mariadb_target_002602
mariadb_aflgo_r1,mariadb,1,root/mariadb/sql/sql_lex.cc:5671:5671:60:633:T,/root/mariadb/sql/sql_lex.cc,5671,5671,0,0,mariadb_target_002602
mariadb_aflgo_r1,mariadb,1,root/mariadb/sql/sql_lex.cc:5671:5671:60:633:F,/root/mariadb/sql/sql_lex.cc,5671,5671,0,0,mariadb_target_002602
mariadb_aflgo_r1,mariadb,1,root/mariadb/sql/sql_lex.cc:5674:5674:60:634:T,/root/mariadb/sql/sql_lex.cc,5674,5674,0,0,mariadb_target_002602
mariadb_aflgo_r1,mariadb,1,root/mariadb/sql/sql_lex.cc:5674:5674:60:634:F,/root/mariadb/sql/sql_lex.cc,5674,5674,0,0,mariadb_target_002602
mariadb_aflgo_r1,mariadb,1,root/mariadb/sql/sql_lex.cc:5680:5680:60:635:T,/root/mariadb/sql/sql_lex.cc,5680,5680,0,0,mariadb_target_002602
mariadb_aflgo_r1,mariadb,1,root/mariadb/sql/sql_lex.cc:5680:5680:60:635:F,/root/mariadb/sql/sql_lex.cc,5680,5680,0,0,mariadb_target_002602
mariadb_aflgo_r1,mariadb,1,root/mariadb/sql/sql_lex.cc:5685:5685:60:636:T,/root/mariadb/sql/sql_lex.cc,5685,5685,0,0,mariadb_target_002602
mariadb_aflgo_r1,mariadb,1,root/mariadb/sql/sql_lex.cc:5685:5685:60:636:F,/root/mariadb/sql/sql_lex.cc,5685,5685,0,0,mariadb_target_002602
mariadb_aflgo_r1,mariadb,1,root/mariadb/sql/sql_lex.cc:5688:5688:60:637:T,/root/mariadb/sql/sql_lex.cc,5688,5688,0,0,mariadb_target_002602
mariadb_aflgo_r1,mariadb,1,root/mariadb/sql/sql_lex.cc:5688:5688:60:637:F,/root/mariadb/sql/sql_lex.cc,5688,5688,0,0,mariadb_target_002602
mariadb_aflgo_r1,mariadb,1,root/mariadb/sql/sql_list.cc:39:40:61:2:T,/root/mariadb/sql/sql_list.cc,39,40,5390,1,mariadb_target_002604
mariadb_aflgo_r1,mariadb,1,root/mariadb/sql/sql_list.cc:39:40:61:2:F,/root/mariadb/sql/sql_list.cc,39,40,0,0,mariadb_target_002604
mariadb_aflgo_r1,mariadb,1,root/mariadb/sql/sql_list.h:532:532:62:42:T,/root/mariadb/sql/sql_list.h,532,532,0,0,mariadb_target_000947;mariadb_target_002605
mariadb_aflgo_r1,mariadb,1,root/mariadb/sql/sql_list.h:532:532:62:42:F,/root/mariadb/sql/sql_list.h,532,532,1634,1,mariadb_target_000947;mariadb_target_002605
mariadb_aflgo_r1,mariadb,1,root/mariadb/sql/sql_list.h:532:532:62:43:T,/root/mariadb/sql/sql_list.h,532,532,0,0,mariadb_target_000947;mariadb_target_002605
mariadb_aflgo_r1,mariadb,1,root/mariadb/sql/sql_list.h:532:532:62:43:F,/root/mariadb/sql/sql_list.h,532,532,1634,1,mariadb_target_000947;mariadb_target_002605
mariadb_aflgo_r1,mariadb,1,root/mariadb/sql/sql_list.h:532:532:62:78:T,/root/mariadb/sql/sql_list.h,532,532,0,0,mariadb_target_000947;mariadb_target_002605
mariadb_aflgo_r1,mariadb,1,root/mariadb/sql/sql_list.h:532:532:62:78:F,/root/mariadb/sql/sql_list.h,532,532,9,1,mariadb_target_000947;mariadb_target_002605
mariadb_aflgo_r1,mariadb,1,root/mariadb/sql/sql_list.h:532:532:62:79:T,/root/mariadb/sql/sql_list.h,532,532,0,0,mariadb_target_000947;mariadb_target_002605
mariadb_aflgo_r1,mariadb,1,root/mariadb/sql/sql_list.h:532:532:62:79:F,/root/mariadb/sql/sql_list.h,532,532,9,1,mariadb_target_000947;mariadb_target_002605
mariadb_aflgo_r1,mariadb,1,root/mariadb/sql/sql_parse.cc:1142:1142:63:21:T,/root/mariadb/sql/sql_parse.cc,1142,1142,747,1,mariadb_target_000948;mariadb_target_002606
mariadb_aflgo_r1,mariadb,1,root/mariadb/sql/sql_parse.cc:1142:1142:63:21:F,/root/mariadb/sql/sql_parse.cc,1142,1142,30,1,mariadb_target_000948;mariadb_target_002606
mariadb_aflgo_r1,mariadb,1,root/mariadb/sql/sql_parse.cc:5511:5511:63:648:T,/root/mariadb/sql/sql_parse.cc,5511,5511,0,0,mariadb_target_000952;mariadb_target_002610
mariadb_aflgo_r1,mariadb,1,root/mariadb/sql/sql_parse.cc:5511:5511:63:648:F,/root/mariadb/sql/sql_parse.cc,5511,5511,6225,1,mariadb_target_000952;mariadb_target_002610
mariadb_aflgo_r1,mariadb,1,root/mariadb/sql/sql_parse.cc:5513:5513:63:649:T,/root/mariadb/sql/sql_parse.cc,5513,5513,0,0,mariadb_target_000952;mariadb_target_002610
mariadb_aflgo_r1,mariadb,1,root/mariadb/sql/sql_parse.cc:5513:5513:63:649:F,/root/mariadb/sql/sql_parse.cc,5513,5513,0,0,mariadb_target_000952;mariadb_target_002610
mariadb_aflgo_r1,mariadb,1,root/mariadb/sql/sql_select.cc:1001:1001:66:19:T,/root/mariadb/sql/sql_select.cc,1001,1001,0,0,mariadb_target_001035;mariadb_target_002926
mariadb_aflgo_r1,mariadb,1,root/mariadb/sql/sql_select.cc:1001:1001:66:19:F,/root/mariadb/sql/sql_select.cc,1001,1001,0,0,mariadb_target_001035;mariadb_target_002926
mariadb_aflgo_r1,mariadb,1,root/mariadb/sql/sql_select.cc:1002:1002:66:20:T,/root/mariadb/sql/sql_select.cc,1002,1002,0,0,mariadb_target_001035;mariadb_target_002926
mariadb_aflgo_r1,mariadb,1,root/mariadb/sql/sql_select.cc:1002:1002:66:20:F,/root/mariadb/sql/sql_select.cc,1002,1002,0,0,mariadb_target_001035;mariadb_target_002926
mariadb_aflgo_r1,mariadb,1,root/mariadb/sql/sql_select.cc:1004:1004:66:21:T,/root/mariadb/sql/sql_select.cc,1004,1004,0,0,mariadb_target_001035;mariadb_target_002926
mariadb_aflgo_r1,mariadb,1,root/mariadb/sql/sql_select.cc:1004:1004:66:21:F,/root/mariadb/sql/sql_select.cc,1004,1004,0,0,mariadb_target_001035;mariadb_target_002926
mariadb_aflgo_r1,mariadb,1,root/mariadb/sql/sql_select.cc:1435:1435:66:87:T,/root/mariadb/sql/sql_select.cc,1435,1435,0,0,mariadb_target_002641
mariadb_aflgo_r1,mariadb,1,root/mariadb/sql/sql_select.cc:1435:1435:66:87:F,/root/mariadb/sql/sql_select.cc,1435,1435,1109,1,mariadb_target_002641
mariadb_aflgo_r1,mariadb,1,root/mariadb/sql/sql_select.cc:1468:1468:66:88:T,/root/mariadb/sql/sql_select.cc,1468,1468,1109,1,mariadb_target_002641
mariadb_aflgo_r1,mariadb,1,root/mariadb/sql/sql_select.cc:1468:1468:66:88:F,/root/mariadb/sql/sql_select.cc,1468,1468,0,0,mariadb_target_002641
mariadb_aflgo_r1,mariadb,1,root/mariadb/sql/sql_select.cc:1471:1471:66:89:T,/root/mariadb/sql/sql_select.cc,1471,1471,0,0,mariadb_target_002641
mariadb_aflgo_r1,mariadb,1,root/mariadb/sql/sql_select.cc:1471:1471:66:89:F,/root/mariadb/sql/sql_select.cc,1471,1471,1109,1,mariadb_target_002641
mariadb_aflgo_r1,mariadb,1,root/mariadb/sql/sql_select.cc:1482:1482:66:90:T,/root/mariadb/sql/sql_select.cc,1482,1482,686,1,mariadb_target_002641
mariadb_aflgo_r1,mariadb,1,root/mariadb/sql/sql_select.cc:1482:1482:66:90:F,/root/mariadb/sql/sql_select.cc,1482,1482,423,1,mariadb_target_002641
mariadb_aflgo_r1,mariadb,1,root/mariadb/sql/sql_select.cc:1483:1485:66:91:T,/root/mariadb/sql/sql_select.cc,1483,1485,0,0,mariadb_target_002641
mariadb_aflgo_r1,mariadb,1,root/mariadb/sql/sql_select.cc:1483:1485:66:91:F,/root/mariadb/sql/sql_select.cc,1483,1485,686,1,mariadb_target_002641
mariadb_aflgo_r1,mariadb,1,root/mariadb/sql/sql_select.cc:1488:1488:66:92:T,/root/mariadb/sql/sql_select.cc,1488,1488,0,0,mariadb_target_002641
mariadb_aflgo_r1,mariadb,1,root/mariadb/sql/sql_select.cc:1488:1488:66:92:F,/root/mariadb/sql/sql_select.cc,1488,1488,1109,1,mariadb_target_002641
mariadb_aflgo_r1,mariadb,1,root/mariadb/sql/sql_select.cc:1488:1488:66:93:T,/root/mariadb/sql/sql_select.cc,1488,1488,0,0,mariadb_target_002641
mariadb_aflgo_r1,mariadb,1,root/mariadb/sql/sql_select.cc:1488:1488:66:93:F,/root/mariadb/sql/sql_select.cc,1488,1488,0,0,mariadb_target_002641
mariadb_aflgo_r1,mariadb,1,root/mariadb/sql/sql_select.cc:1496:1496:66:94:T,/root/mariadb/sql/sql_select.cc,1496,1496,0,0,mariadb_target_002641
mariadb_aflgo_r1,mariadb,1,root/mariadb/sql/sql_select.cc:1496:1496:66:94:F,/root/mariadb/sql/sql_select.cc,1496,1496,1109,1,mariadb_target_002641
mariadb_aflgo_r1,mariadb,1,root/mariadb/sql/sql_select.cc:1500:1500:66:95:T,/root/mariadb/sql/sql_select.cc,1500,1500,0,0,mariadb_target_002641
mariadb_aflgo_r1,mariadb,1,root/mariadb/sql/sql_select.cc:1500:1500:66:95:F,/root/mariadb/sql/sql_select.cc,1500,1500,1109,1,mariadb_target_002641
mariadb_aflgo_r1,mariadb,1,root/mariadb/sql/sql_select.cc:1512:1512:66:96:T,/root/mariadb/sql/sql_select.cc,1512,1512,1109,1,mariadb_target_002641;mariadb_target_002675
mariadb_aflgo_r1,mariadb,1,root/mariadb/sql/sql_select.cc:1512:1512:66:96:F,/root/mariadb/sql/sql_select.cc,1512,1512,0,0,mariadb_target_002641;mariadb_target_002675
mariadb_aflgo_r1,mariadb,1,root/mariadb/sql/sql_select.cc:1513:1513:66:97:T,/root/mariadb/sql/sql_select.cc,1513,1513,296,1,mariadb_target_002641;mariadb_target_002675
mariadb_aflgo_r1,mariadb,1,root/mariadb/sql/sql_select.cc:1513:1513:66:97:F,/root/mariadb/sql/sql_select.cc,1513,1513,813,1,mariadb_target_002641;mariadb_target_002675
mariadb_aflgo_r1,mariadb,1,root/mariadb/sql/sql_select.cc:1513:1513:66:98:T,/root/mariadb/sql/sql_select.cc,1513,1513,14,1,mariadb_target_002641;mariadb_target_002675
mariadb_aflgo_r1,mariadb,1,root/mariadb/sql/sql_select.cc:1513:1513:66:98:F,/root/mariadb/sql/sql_select.cc,1513,1513,282,1,mariadb_target_002641;mariadb_target_002675
mariadb_aflgo_r1,mariadb,1,root/mariadb/sql/sql_select.cc:1515:1515:66:99:T,/root/mariadb/sql/sql_select.cc,1515,1515,0,0,mariadb_target_002641;mariadb_target_002675
mariadb_aflgo_r1,mariadb,1,root/mariadb/sql/sql_select.cc:1515:1515:66:99:F,/root/mariadb/sql/sql_select.cc,1515,1515,14,1,mariadb_target_002641;mariadb_target_002675
mariadb_aflgo_r1,mariadb,1,root/mariadb/sql/sql_select.cc:1516:1516:66:100:T,/root/mariadb/sql/sql_select.cc,1516,1516,0,0,mariadb_target_002641;mariadb_target_002675
mariadb_aflgo_r1,mariadb,1,root/mariadb/sql/sql_select.cc:1516:1516:66:100:F,/root/mariadb/sql/sql_select.cc,1516,1516,14,1,mariadb_target_002641;mariadb_target_002675
mariadb_aflgo_r1,mariadb,1,root/mariadb/sql/sql_select.cc:1522:1522:66:101:T,/root/mariadb/sql/sql_select.cc,1522,1522,0,0,mariadb_target_002641;mariadb_target_002676
mariadb_aflgo_r1,mariadb,1,root/mariadb/sql/sql_select.cc:1522:1522:66:101:F,/root/mariadb/sql/sql_select.cc,1522,1522,0,0,mariadb_target_002641;mariadb_target_002676
mariadb_aflgo_r1,mariadb,1,root/mariadb/sql/sql_select.cc:1535:1535:66:102:T,/root/mariadb/sql/sql_select.cc,1535,1535,0,0,mariadb_target_002641;mariadb_target_002676
mariadb_aflgo_r1,mariadb,1,root/mariadb/sql/sql_select.cc:1535:1535:66:102:F,/root/mariadb/sql/sql_select.cc,1535,1535,0,0,mariadb_target_002641;mariadb_target_002676
mariadb_aflgo_r1,mariadb,1,root/mariadb/sql/sql_select.cc:1543:1543:66:103:T,/root/mariadb/sql/sql_select.cc,1543,1543,12,1,mariadb_target_002641
mariadb_aflgo_r1,mariadb,1,root/mariadb/sql/sql_select.cc:1543:1543:66:103:F,/root/mariadb/sql/sql_select.cc,1543,1543,1097,1,mariadb_target_002641
mariadb_aflgo_r1,mariadb,1,root/mariadb/sql/sql_select.cc:1544:1544:66:104:T,/root/mariadb/sql/sql_select.cc,1544,1544,12,1,mariadb_target_002641
mariadb_aflgo_r1,mariadb,1,root/mariadb/sql/sql_select.cc:1544:1544:66:104:F,/root/mariadb/sql/sql_select.cc,1544,1544,0,0,mariadb_target_002641
mariadb_aflgo_r1,mariadb,1,root/mariadb/sql/sql_select.cc:1548:1548:66:105:T,/root/mariadb/sql/sql_select.cc,1548,1548,0,0,mariadb_target_002641
mariadb_aflgo_r1,mariadb,1,root/mariadb/sql/sql_select.cc:1548:1548:66:105:F,/root/mariadb/sql/sql_select.cc,1548,1548,1109,1,mariadb_target_002641
mariadb_aflgo_r1,mariadb,1,root/mariadb/sql/sql_select.cc:1562:1562:66:106:T,/root/mariadb/sql/sql_select.cc,1562,1562,67,1,mariadb_target_002641
mariadb_aflgo_r1,mariadb,1,root/mariadb/sql/sql_select.cc:1562:1562:66:106:F,/root/mariadb/sql/sql_select.cc,1562,1562,1042,1,mariadb_target_002641
mariadb_aflgo_r1,mariadb,1,root/mariadb/sql/sql_select.cc:1563:1563:66:107:T,/root/mariadb/sql/sql_select.cc,1563,1563,0,0,mariadb_target_002641
mariadb_aflgo_r1,mariadb,1,root/mariadb/sql/sql_select.cc:1563:1563:66:107:F,/root/mariadb/sql/sql_select.cc,1563,1563,67,1,mariadb_target_002641
mariadb_aflgo_r1,mariadb,1,root/mariadb/sql/sql_select.cc:1564:1564:66:108:T,/root/mariadb/sql/sql_select.cc,1564,1564,0,0,mariadb_target_002641
mariadb_aflgo_r1,mariadb,1,root/mariadb/sql/sql_select.cc:1564:1564:66:108:F,/root/mariadb/sql/sql_select.cc,1564,1564,0,0,mariadb_target_002641
mariadb_aflgo_r1,mariadb,1,root/mariadb/sql/sql_select.cc:1565:1565:66:109:T,/root/mariadb/sql/sql_select.cc,1565,1565,0,0,mariadb_target_002641
mariadb_aflgo_r1,mariadb,1,root/mariadb/sql/sql_select.cc:1565:1565:66:109:F,/root/mariadb/sql/sql_select.cc,1565,1565,0,0,mariadb_target_002641
mariadb_aflgo_r1,mariadb,1,root/mariadb/sql/sql_select.cc:1567:1567:66:110:T,/root/mariadb/sql/sql_select.cc,1567,1567,0,0,mariadb_target_002641
mariadb_aflgo_r1,mariadb,1,root/mariadb/sql/sql_select.cc:1567:1567:66:110:F,/root/mariadb/sql/sql_select.cc,1567,1567,0,0,mariadb_target_002641
mariadb_aflgo_r1,mariadb,1,root/mariadb/sql/sql_select.cc:1571:1571:66:111:T,/root/mariadb/sql/sql_select.cc,1571,1571,1109,1,mariadb_target_002641
mariadb_aflgo_r1,mariadb,1,root/mariadb/sql/sql_select.cc:1571:1571:66:111:F,/root/mariadb/sql/sql_select.cc,1571,1571,0,0,mariadb_target_002641
mariadb_aflgo_r1,mariadb,1,root/mariadb/sql/sql_select.cc:1573:1573:66:112:T,/root/mariadb/sql/sql_select.cc,1573,1573,420,1,mariadb_target_002641
mariadb_aflgo_r1,mariadb,1,root/mariadb/sql/sql_select.cc:1573:1573:66:112:F,/root/mariadb/sql/sql_select.cc,1573,1573,689,1,mariadb_target_002641
mariadb_aflgo_r1,mariadb,1,root/mariadb/sql/sql_select.cc:1573:1573:66:113:T,/root/mariadb/sql/sql_select.cc,1573,1573,420,1,mariadb_target_002641
mariadb_aflgo_r1,mariadb,1,root/mariadb/sql/sql_select.cc:1573:1573:66:113:F,/root/mariadb/sql/sql_select.cc,1573,1573,0,0,mariadb_target_002641
mariadb_aflgo_r1,mariadb,1,root/mariadb/sql/sql_select.cc:1579:1579:66:114:T,/root/mariadb/sql/sql_select.cc,1579,1579,0,0,mariadb_target_002641
mariadb_aflgo_r1,mariadb,1,root/mariadb/sql/sql_select.cc:1579:1579:66:114:F,/root/mariadb/sql/sql_select.cc,1579,1579,1109,1,mariadb_target_002641
mariadb_aflgo_r1,mariadb,1,root/mariadb/sql/sql_select.cc:1590:1590:66:115:T,/root/mariadb/sql/sql_select.cc,1590,1590,1193,1,mariadb_target_002641
mariadb_aflgo_r1,mariadb,1,root/mariadb/sql/sql_select.cc:1590:1590:66:115:F,/root/mariadb/sql/sql_select.cc,1590,1590,1109,1,mariadb_target_002641
mariadb_aflgo_r1,mariadb,1,root/mariadb/sql/sql_select.cc:1592:1592:66:116:T,/root/mariadb/sql/sql_select.cc,1592,1592,0,0,mariadb_target_002641
mariadb_aflgo_r1,mariadb,1,root/mariadb/sql/sql_select.cc:1592:1592:66:116:F,/root/mariadb/sql/sql_select.cc,1592,1592,1193,1,mariadb_target_002641
mariadb_aflgo_r1,mariadb,1,root/mariadb/sql/sql_select.cc:1593:1593:66:117:T,/root/mariadb/sql/sql_select.cc,1593,1593,0,0,mariadb_target_002641
mariadb_aflgo_r1,mariadb,1,root/mariadb/sql/sql_select.cc:1593:1593:66:117:F,/root/mariadb/sql/sql_select.cc,1593,1593,0,0,mariadb_target_002641
mariadb_aflgo_r1,mariadb,1,root/mariadb/sql/sql_select.cc:1598:1599:66:118:T,/root/mariadb/sql/sql_select.cc,1598,1599,105,1,mariadb_target_002641
mariadb_aflgo_r1,mariadb,1,root/mariadb/sql/sql_select.cc:1598:1599:66:118:F,/root/mariadb/sql/sql_select.cc,1598,1599,1004,1,mariadb_target_002641
mariadb_aflgo_r1,mariadb,1,root/mariadb/sql/sql_select.cc:1603:1608:66:119:T,/root/mariadb/sql/sql_select.cc,1603,1608,24,1,mariadb_target_002641
mariadb_aflgo_r1,mariadb,1,root/mariadb/sql/sql_select.cc:1603:1608:66:119:F,/root/mariadb/sql/sql_select.cc,1603,1608,980,1,mariadb_target_002641
mariadb_aflgo_r1,mariadb,1,root/mariadb/sql/sql_select.cc:1620:1620:66:120:T,/root/mariadb/sql/sql_select.cc,1620,1620,17,1,mariadb_target_002641
mariadb_aflgo_r1,mariadb,1,root/mariadb/sql/sql_select.cc:1620:1620:66:120:F,/root/mariadb/sql/sql_select.cc,1620,1620,963,1,mariadb_target_002641
mariadb_aflgo_r1,mariadb,1,root/mariadb/sql/sql_select.cc:1621:1621:66:121:T,/root/mariadb/sql/sql_select.cc,1621,1621,17,1,mariadb_target_002641
mariadb_aflgo_r1,mariadb,1,root/mariadb/sql/sql_select.cc:1621:1621:66:121:F,/root/mariadb/sql/sql_select.cc,1621,1621,0,0,mariadb_target_002641
mariadb_aflgo_r1,mariadb,1,root/mariadb/sql/sql_select.cc:1622:1622:66:122:T,/root/mariadb/sql/sql_select.cc,1622,1622,9,1,mariadb_target_002641
mariadb_aflgo_r1,mariadb,1,root/mariadb/sql/sql_select.cc:1622:1622:66:122:F,/root/mariadb/sql/sql_select.cc,1622,1622,8,1,mariadb_target_002641
mariadb_aflgo_r1,mariadb,1,root/mariadb/sql/sql_select.cc:1628:1628:66:123:T,/root/mariadb/sql/sql_select.cc,1628,1628,12,1,mariadb_target_002641
mariadb_aflgo_r1,mariadb,1,root/mariadb/sql/sql_select.cc:1628:1628:66:123:F,/root/mariadb/sql/sql_select.cc,1628,1628,968,1,mariadb_target_002641
mariadb_aflgo_r1,mariadb,1,root/mariadb/sql/sql_select.cc:1628:1629:66:124:T,/root/mariadb/sql/sql_select.cc,1628,1629,12,1,mariadb_target_002641
mariadb_aflgo_r1,mariadb,1,root/mariadb/sql/sql_select.cc:1628:1629:66:124:F,/root/mariadb/sql/sql_select.cc,1628,1629,0,0,mariadb_target_002641
mariadb_aflgo_r1,mariadb,1,root/mariadb/sql/sql_select.cc:1634:1634:66:125:T,/root/mariadb/sql/sql_select.cc,1634,1634,0,0,mariadb_target_002641
mariadb_aflgo_r1,mariadb,1,root/mariadb/sql/sql_select.cc:1634:1634:66:125:F,/root/mariadb/sql/sql_select.cc,1634,1634,12,1,mariadb_target_002641
mariadb_aflgo_r1,mariadb,1,root/mariadb/sql/sql_select.cc:1638:1639:66:126:T,/root/mariadb/sql/sql_select.cc,1638,1639,0,0,mariadb_target_002641
mariadb_aflgo_r1,mariadb,1,root/mariadb/sql/sql_select.cc:1638:1639:66:126:F,/root/mariadb/sql/sql_select.cc,1638,1639,0,0,mariadb_target_002641
mariadb_aflgo_r1,mariadb,1,root/mariadb/sql/sql_select.cc:1646:1646:66:127:T,/root/mariadb/sql/sql_select.cc,1646,1646,62,1,mariadb_target_002641
mariadb_aflgo_r1,mariadb,1,root/mariadb/sql/sql_select.cc:1646:1646:66:127:F,/root/mariadb/sql/sql_select.cc,1646,1646,918,1,mariadb_target_002641
mariadb_aflgo_r1,mariadb,1,root/mariadb/sql/sql_select.cc:1657:1657:66:128:T,/root/mariadb/sql/sql_select.cc,1657,1657,0,0,mariadb_target_002641
mariadb_aflgo_r1,mariadb,1,root/mariadb/sql/sql_select.cc:1657:1657:66:128:F,/root/mariadb/sql/sql_select.cc,1657,1657,62,1,mariadb_target_002641
mariadb_aflgo_r1,mariadb,1,root/mariadb/sql/sql_select.cc:1658:1658:66:129:T,/root/mariadb/sql/sql_select.cc,1658,1658,0,0,mariadb_target_002641
mariadb_aflgo_r1,mariadb,1,root/mariadb/sql/sql_select.cc:1658:1658:66:129:F,/root/mariadb/sql/sql_select.cc,1658,1658,0,0,mariadb_target_002641
mariadb_aflgo_r1,mariadb,1,root/mariadb/sql/sql_select.cc:1667:1667:66:130:T,/root/mariadb/sql/sql_select.cc,1667,1667,0,0,mariadb_target_002641
mariadb_aflgo_r1,mariadb,1,root/mariadb/sql/sql_select.cc:1667:1667:66:130:F,/root/mariadb/sql/sql_select.cc,1667,1667,62,1,mariadb_target_002641
mariadb_aflgo_r1,mariadb,1,root/mariadb/sql/sql_select.cc:1679:1679:66:131:T,/root/mariadb/sql/sql_select.cc,1679,1679,0,0,mariadb_target_002641
mariadb_aflgo_r1,mariadb,1,root/mariadb/sql/sql_select.cc:1679:1679:66:131:F,/root/mariadb/sql/sql_select.cc,1679,1679,980,1,mariadb_target_002641
mariadb_aflgo_r1,mariadb,1,root/mariadb/sql/sql_select.cc:1683:1683:66:132:T,/root/mariadb/sql/sql_select.cc,1683,1683,0,0,mariadb_target_002641
mariadb_aflgo_r1,mariadb,1,root/mariadb/sql/sql_select.cc:1683:1683:66:132:F,/root/mariadb/sql/sql_select.cc,1683,1683,0,0,mariadb_target_002641
mariadb_aflgo_r1,mariadb,1,root/mariadb/sql/sql_select.cc:1685:1685:66:133:T,/root/mariadb/sql/sql_select.cc,1685,1685,0,0,mariadb_target_002641
mariadb_aflgo_r1,mariadb,1,root/mariadb/sql/sql_select.cc:1685:1685:66:133:F,/root/mariadb/sql/sql_select.cc,1685,1685,0,0,mariadb_target_002641
mariadb_aflgo_r1,mariadb,1,root/mariadb/sql/sql_select.cc:1691:1691:66:134:T,/root/mariadb/sql/sql_select.cc,1691,1691,0,0,mariadb_target_002641
mariadb_aflgo_r1,mariadb,1,root/mariadb/sql/sql_select.cc:1691:1691:66:134:F,/root/mariadb/sql/sql_select.cc,1691,1691,980,1,mariadb_target_002641
mariadb_aflgo_r1,mariadb,1,root/mariadb/sql/sql_select.cc:1692:1693:66:135:T,/root/mariadb/sql/sql_select.cc,1692,1693,0,0,mariadb_target_002641
mariadb_aflgo_r1,mariadb,1,root/mariadb/sql/sql_select.cc:1692:1693:66:135:F,/root/mariadb/sql/sql_select.cc,1692,1693,0,0,mariadb_target_002641
mariadb_aflgo_r1,mariadb,1,root/mariadb/sql/sql_select.cc:1695:1695:66:136:T,/root/mariadb/sql/sql_select.cc,1695,1695,980,1,mariadb_target_002641
mariadb_aflgo_r1,mariadb,1,root/mariadb/sql/sql_select.cc:1695:1695:66:136:F,/root/mariadb/sql/sql_select.cc,1695,1695,0,0,mariadb_target_002641
mariadb_aflgo_r1,mariadb,1,root/mariadb/sql/sql_select.cc:1702:1702:66:137:T,/root/mariadb/sql/sql_select.cc,1702,1702,0,0,mariadb_target_002641;mariadb_target_002725
mariadb_aflgo_r1,mariadb,1,root/mariadb/sql/sql_select.cc:1702:1702:66:137:F,/root/mariadb/sql/sql_select.cc,1702,1702,980,1,mariadb_target_002641;mariadb_target_002725
mariadb_aflgo_r1,mariadb,1,root/mariadb/sql/sql_select.cc:1705:1705:66:138:T,/root/mariadb/sql/sql_select.cc,1705,1705,468,1,mariadb_target_002641;mariadb_target_002725
mariadb_aflgo_r1,mariadb,1,root/mariadb/sql/sql_select.cc:1705:1705:66:138:F,/root/mariadb/sql/sql_select.cc,1705,1705,512,1,mariadb_target_002641;mariadb_target_002725
mariadb_aflgo_r1,mariadb,1,root/mariadb/sql/sql_select.cc:1712:1712:66:139:T,/root/mariadb/sql/sql_select.cc,1712,1712,0,0,mariadb_target_002641
mariadb_aflgo_r1,mariadb,1,root/mariadb/sql/sql_select.cc:1712:1712:66:139:F,/root/mariadb/sql/sql_select.cc,1712,1712,468,1,mariadb_target_002641
mariadb_aflgo_r1,mariadb,1,root/mariadb/sql/sql_select.cc:1723:1723:66:140:T,/root/mariadb/sql/sql_select.cc,1723,1723,854,1,mariadb_target_002641;mariadb_target_002726;mariadb_target_002727
mariadb_aflgo_r1,mariadb,1,root/mariadb/sql/sql_select.cc:1723:1723:66:140:F,/root/mariadb/sql/sql_select.cc,1723,1723,468,1,mariadb_target_002641;mariadb_target_002726;mariadb_target_002727
mariadb_aflgo_r1,mariadb,1,root/mariadb/sql/sql_select.cc:1732:1732:66:141:T,/root/mariadb/sql/sql_select.cc,1732,1732,468,1,mariadb_target_002641
mariadb_aflgo_r1,mariadb,1,root/mariadb/sql/sql_select.cc:1732:1732:66:141:F,/root/mariadb/sql/sql_select.cc,1732,1732,386,1,mariadb_target_002641
mariadb_aflgo_r1,mariadb,1,root/mariadb/sql/sql_select.cc:1734:1734:66:142:T,/root/mariadb/sql/sql_select.cc,1734,1734,431,1,mariadb_target_002641
mariadb_aflgo_r1,mariadb,1,root/mariadb/sql/sql_select.cc:1734:1734:66:142:F,/root/mariadb/sql/sql_select.cc,1734,1734,37,1,mariadb_target_002641
mariadb_aflgo_r1,mariadb,1,root/mariadb/sql/sql_select.cc:1735:1735:66:143:T,/root/mariadb/sql/sql_select.cc,1735,1735,9,1,mariadb_target_002641
mariadb_aflgo_r1,mariadb,1,root/mariadb/sql/sql_select.cc:1735:1735:66:143:F,/root/mariadb/sql/sql_select.cc,1735,1735,28,1,mariadb_target_002641
mariadb_aflgo_r1,mariadb,1,root/mariadb/sql/sql_select.cc:1736:1736:66:144:T,/root/mariadb/sql/sql_select.cc,1736,1736,28,1,mariadb_target_002641
mariadb_aflgo_r1,mariadb,1,root/mariadb/sql/sql_select.cc:1736:1736:66:144:F,/root/mariadb/sql/sql_select.cc,1736,1736,0,0,mariadb_target_002641
mariadb_aflgo_r1,mariadb,1,root/mariadb/sql/sql_select.cc:1738:1738:66:145:T,/root/mariadb/sql/sql_select.cc,1738,1738,218,1,mariadb_target_002641
mariadb_aflgo_r1,mariadb,1,root/mariadb/sql/sql_select.cc:1738:1738:66:145:F,/root/mariadb/sql/sql_select.cc,1738,1738,250,1,mariadb_target_002641
mariadb_aflgo_r1,mariadb,1,root/mariadb/sql/sql_select.cc:1739:1739:66:146:T,/root/mariadb/sql/sql_select.cc,1739,1739,239,1,mariadb_target_002641
mariadb_aflgo_r1,mariadb,1,root/mariadb/sql/sql_select.cc:1739:1739:66:146:F,/root/mariadb/sql/sql_select.cc,1739,1739,11,1,mariadb_target_002641
mariadb_aflgo_r1,mariadb,1,root/mariadb/sql/sql_select.cc:1740:1740:66:147:T,/root/mariadb/sql/sql_select.cc,1740,1740,11,1,mariadb_target_002641
mariadb_aflgo_r1,mariadb,1,root/mariadb/sql/sql_select.cc:1740:1740:66:147:F,/root/mariadb/sql/sql_select.cc,1740,1740,0,0,mariadb_target_002641
mariadb_aflgo_r1,mariadb,1,root/mariadb/sql/sql_select.cc:1741:1741:66:148:T,/root/mariadb/sql/sql_select.cc,1741,1741,0,0,mariadb_target_002641
mariadb_aflgo_r1,mariadb,1,root/mariadb/sql/sql_select.cc:1741:1741:66:148:F,/root/mariadb/sql/sql_select.cc,1741,1741,0,0,mariadb_target_002641
mariadb_aflgo_r1,mariadb,1,root/mariadb/sql/sql_select.cc:1744:1744:66:149:T,/root/mariadb/sql/sql_select.cc,1744,1744,186,1,mariadb_target_002641
mariadb_aflgo_r1,mariadb,1,root/mariadb/sql/sql_select.cc:1744:1744:66:149:F,/root/mariadb/sql/sql_select.cc,1744,1744,668,1,mariadb_target_002641
mariadb_aflgo_r1,mariadb,1,root/mariadb/sql/sql_select.cc:1744:1744:66:150:T,/root/mariadb/sql/sql_select.cc,1744,1744,5,1,mariadb_target_002641
mariadb_aflgo_r1,mariadb,1,root/mariadb/sql/sql_select.cc:1744:1744:66:150:F,/root/mariadb/sql/sql_select.cc,1744,1744,181,1,mariadb_target_002641
mariadb_aflgo_r1,mariadb,1,root/mariadb/sql/sql_select.cc:1745:1745:66:151:T,/root/mariadb/sql/sql_select.cc,1745,1745,0,0,mariadb_target_002641
mariadb_aflgo_r1,mariadb,1,root/mariadb/sql/sql_select.cc:1745:1745:66:151:F,/root/mariadb/sql/sql_select.cc,1745,1745,849,1,mariadb_target_002641
mariadb_aflgo_r1,mariadb,1,root/mariadb/sql/sql_select.cc:1750:1750:66:152:T,/root/mariadb/sql/sql_select.cc,1750,1750,0,0,mariadb_target_002641;mariadb_target_002731
mariadb_aflgo_r1,mariadb,1,root/mariadb/sql/sql_select.cc:1750:1750:66:152:F,/root/mariadb/sql/sql_select.cc,1750,1750,468,1,mariadb_target_002641;mariadb_target_002731
mariadb_aflgo_r1,mariadb,1,root/mariadb/sql/sql_select.cc:1756:1756:66:153:T,/root/mariadb/sql/sql_select.cc,1756,1756,0,0,mariadb_target_002641;mariadb_target_002731
mariadb_aflgo_r1,mariadb,1,root/mariadb/sql/sql_select.cc:1756:1756:66:153:F,/root/mariadb/sql/sql_select.cc,1756,1756,512,1,mariadb_target_002641;mariadb_target_002731
mariadb_aflgo_r1,mariadb,1,root/mariadb/sql/sql_select.cc:1763:1763:66:154:T,/root/mariadb/sql/sql_select.cc,1763,1763,62,1,mariadb_target_002641
mariadb_aflgo_r1,mariadb,1,root/mariadb/sql/sql_select.cc:1763:1763:66:154:F,/root/mariadb/sql/sql_select.cc,1763,1763,918,1,mariadb_target_002641
mariadb_aflgo_r1,mariadb,1,root/mariadb/sql/sql_select.cc:1763:1763:66:155:T,/root/mariadb/sql/sql_select.cc,1763,1763,62,1,mariadb_target_002641
mariadb_aflgo_r1,mariadb,1,root/mariadb/sql/sql_select.cc:1763:1763:66:155:F,/root/mariadb/sql/sql_select.cc,1763,1763,0,0,mariadb_target_002641
mariadb_aflgo_r1,mariadb,1,root/mariadb/sql/sql_select.cc:1763:1763:66:156:T,/root/mariadb/sql/sql_select.cc,1763,1763,0,0,mariadb_target_002641
mariadb_aflgo_r1,mariadb,1,root/mariadb/sql/sql_select.cc:1763:1763:66:156:F,/root/mariadb/sql/sql_select.cc,1763,1763,0,0,mariadb_target_002641
mariadb_aflgo_r1,mariadb,1,root/mariadb/sql/sql_select.cc:1766:1766:66:157:T,/root/mariadb/sql/sql_select.cc,1766,1766,0,0,mariadb_target_002641
mariadb_aflgo_r1,mariadb,1,root/mariadb/sql/sql_select.cc:1766:1766:66:157:F,/root/mariadb/sql/sql_select.cc,1766,1766,980,1,mariadb_target_002641
mariadb_aflgo_r1,mariadb,1,root/mariadb/sql/sql_select.cc:1775:1775:66:158:T,/root/mariadb/sql/sql_select.cc,1775,1775,0,0,mariadb_target_002641
mariadb_aflgo_r1,mariadb,1,root/mariadb/sql/sql_select.cc:1775:1775:66:158:F,/root/mariadb/sql/sql_select.cc,1775,1775,0,0,mariadb_target_002641
mariadb_aflgo_r1,mariadb,1,root/mariadb/sql/sql_select.cc:1778:1778:66:159:T,/root/mariadb/sql/sql_select.cc,1778,1778,0,0,mariadb_target_002641
mariadb_aflgo_r1,mariadb,1,root/mariadb/sql/sql_select.cc:1778:1778:66:159:F,/root/mariadb/sql/sql_select.cc,1778,1778,980,1,mariadb_target_002641
mariadb_aflgo_r1,mariadb,1,root/mariadb/sql/sql_select.cc:1779:1779:66:160:T,/root/mariadb/sql/sql_select.cc,1779,1779,0,0,mariadb_target_002641
mariadb_aflgo_r1,mariadb,1,root/mariadb/sql/sql_select.cc:1779:1779:66:160:F,/root/mariadb/sql/sql_select.cc,1779,1779,0,0,mariadb_target_002641
mariadb_aflgo_r1,mariadb,1,root/mariadb/sql/sql_select.cc:1782:1782:66:161:T,/root/mariadb/sql/sql_select.cc,1782,1782,302,1,mariadb_target_002641
mariadb_aflgo_r1,mariadb,1,root/mariadb/sql/sql_select.cc:1782:1782:66:161:F,/root/mariadb/sql/sql_select.cc,1782,1782,678,1,mariadb_target_002641
mariadb_aflgo_r1,mariadb,1,root/mariadb/sql/sql_select.cc:1790:1790:66:162:T,/root/mariadb/sql/sql_select.cc,1790,1790,525,1,mariadb_target_002641;mariadb_target_002732;mariadb_target_002733
mariadb_aflgo_r1,mariadb,1,root/mariadb/sql/sql_select.cc:1790:1790:66:162:F,/root/mariadb/sql/sql_select.cc,1790,1790,302,1,mariadb_target_002641;mariadb_target_002732;mariadb_target_002733
mariadb_aflgo_r1,mariadb,1,root/mariadb/sql/sql_select.cc:1792:1792:66:163:T,/root/mariadb/sql/sql_select.cc,1792,1792,235,1,mariadb_target_002641;mariadb_target_002732;mariadb_target_002733
mariadb_aflgo_r1,mariadb,1,root/mariadb/sql/sql_select.cc:1792:1792:66:163:F,/root/mariadb/sql/sql_select.cc,1792,1792,290,1,mariadb_target_002641;mariadb_target_002732;mariadb_target_002733
mariadb_aflgo_r1,mariadb,1,root/mariadb/sql/sql_select.cc:1793:1793:66:164:T,/root/mariadb/sql/sql_select.cc,1793,1793,0,0,mariadb_target_002641;mariadb_target_002732;mariadb_target_002733
mariadb_aflgo_r1,mariadb,1,root/mariadb/sql/sql_select.cc:1793:1793:66:164:F,/root/mariadb/sql/sql_select.cc,1793,1793,235,1,mariadb_target_002641;mariadb_target_002732;mariadb_target_002733
mariadb_aflgo_r1,mariadb,1,root/mariadb/sql/sql_select.cc:1796:1796:66:165:T,/root/mariadb/sql/sql_select.cc,1796,1796,0,0,mariadb_target_002641;mariadb_target_002732;mariadb_target_002733;mariadb_target_002734
mariadb_aflgo_r1,mariadb,1,root/mariadb/sql/sql_select.cc:1796:1796:66:165:F,/root/mariadb/sql/sql_select.cc,1796,1796,0,0,mariadb_target_002641;mariadb_target_002732;mariadb_target_002733;mariadb_target_002734
mariadb_aflgo_r1,mariadb,1,root/mariadb/sql/sql_select.cc:1810:1810:66:166:T,/root/mariadb/sql/sql_select.cc,1810,1810,0,0,mariadb_target_002641
mariadb_aflgo_r1,mariadb,1,root/mariadb/sql/sql_select.cc:1810:1810:66:166:F,/root/mariadb/sql/sql_select.cc,1810,1810,980,1,mariadb_target_002641
mariadb_aflgo_r1,mariadb,1,root/mariadb/sql/sql_select.cc:1810:1810:66:167:T,/root/mariadb/sql/sql_select.cc,1810,1810,0,0,mariadb_target_002641
mariadb_aflgo_r1,mariadb,1,root/mariadb/sql/sql_select.cc:1810:1810:66:167:F,/root/mariadb/sql/sql_select.cc,1810,1810,0,0,mariadb_target_002641
mariadb_aflgo_r1,mariadb,1,root/mariadb/sql/sql_select.cc:1811:1811:66:168:T,/root/mariadb/sql/sql_select.cc,1811,1811,0,0,mariadb_target_002641
mariadb_aflgo_r1,mariadb,1,root/mariadb/sql/sql_select.cc:1811:1811:66:168:F,/root/mariadb/sql/sql_select.cc,1811,1811,0,0,mariadb_target_002641
mariadb_aflgo_r1,mariadb,1,root/mariadb/sql/sql_select.cc:1812:1812:66:169:T,/root/mariadb/sql/sql_select.cc,1812,1812,0,0,mariadb_target_002641
mariadb_aflgo_r1,mariadb,1,root/mariadb/sql/sql_select.cc:1812:1812:66:169:F,/root/mariadb/sql/sql_select.cc,1812,1812,0,0,mariadb_target_002641
mariadb_aflgo_r1,mariadb,1,root/mariadb/sql/sql_select.cc:1813:1814:66:170:T,/root/mariadb/sql/sql_select.cc,1813,1814,0,0,mariadb_target_002641
mariadb_aflgo_r1,mariadb,1,root/mariadb/sql/sql_select.cc:1813:1814:66:170:F,/root/mariadb/sql/sql_select.cc,1813,1814,0,0,mariadb_target_002641
mariadb_aflgo_r1,mariadb,1,root/mariadb/sql/sql_select.cc:1815:1815:66:171:T,/root/mariadb/sql/sql_select.cc,1815,1815,0,0,mariadb_target_002641
mariadb_aflgo_r1,mariadb,1,root/mariadb/sql/sql_select.cc:1815:1815:66:171:F,/root/mariadb/sql/sql_select.cc,1815,1815,0,0,mariadb_target_002641
mariadb_aflgo_r1,mariadb,1,root/mariadb/sql/sql_select.cc:1816:1816:66:172:T,/root/mariadb/sql/sql_select.cc,1816,1816,0,0,mariadb_target_002641
mariadb_aflgo_r1,mariadb,1,root/mariadb/sql/sql_select.cc:1816:1816:66:172:F,/root/mariadb/sql/sql_select.cc,1816,1816,0,0,mariadb_target_002641
mariadb_aflgo_r1,mariadb,1,root/mariadb/sql/sql_select.cc:1825:1825:66:173:T,/root/mariadb/sql/sql_select.cc,1825,1825,525,1,mariadb_target_002641
mariadb_aflgo_r1,mariadb,1,root/mariadb/sql/sql_select.cc:1825:1825:66:173:F,/root/mariadb/sql/sql_select.cc,1825,1825,980,1,mariadb_target_002641
mariadb_aflgo_r1,mariadb,1,root/mariadb/sql/sql_select.cc:1832:1832:66:174:T,/root/mariadb/sql/sql_select.cc,1832,1832,0,0,mariadb_target_002641;mariadb_target_002735
mariadb_aflgo_r1,mariadb,1,root/mariadb/sql/sql_select.cc:1832:1832:66:174:F,/root/mariadb/sql/sql_select.cc,1832,1832,980,1,mariadb_target_002641;mariadb_target_002735
mariadb_aflgo_r1,mariadb,1,root/mariadb/sql/sql_select.cc:1834:1835:66:175:T,/root/mariadb/sql/sql_select.cc,1834,1835,0,0,mariadb_target_002641;mariadb_target_002735;mariadb_target_002736
mariadb_aflgo_r1,mariadb,1,root/mariadb/sql/sql_select.cc:1834:1835:66:175:F,/root/mariadb/sql/sql_select.cc,1834,1835,0,0,mariadb_target_002641;mariadb_target_002735;mariadb_target_002736
mariadb_aflgo_r1,mariadb,1,root/mariadb/sql/sql_select.cc:1837:1837:66:176:T,/root/mariadb/sql/sql_select.cc,1837,1837,0,0,mariadb_target_002641;mariadb_target_002735;mariadb_target_002736
mariadb_aflgo_r1,mariadb,1,root/mariadb/sql/sql_select.cc:1837:1837:66:176:F,/root/mariadb/sql/sql_select.cc,1837,1837,0,0,mariadb_target_002641;mariadb_target_002735;mariadb_target_002736
mariadb_aflgo_r1,mariadb,1,root/mariadb/sql/sql_select.cc:1839:1839:66:177:T,/root/mariadb/sql/sql_select.cc,1839,1839,0,0,mariadb_target_002641;mariadb_target_002735;mariadb_target_002736
mariadb_aflgo_r1,mariadb,1,root/mariadb/sql/sql_select.cc:1839:1839:66:177:F,/root/mariadb/sql/sql_select.cc,1839,1839,0,0,mariadb_target_002641;mariadb_target_002735;mariadb_target_002736
mariadb_aflgo_r1,mariadb,1,root/mariadb/sql/sql_select.cc:1846:1846:66:178:T,/root/mariadb/sql/sql_select.cc,1846,1846,0,0,mariadb_target_002641;mariadb_target_002737
mariadb_aflgo_r1,mariadb,1,root/mariadb/sql/sql_select.cc:1846:1846:66:178:F,/root/mariadb/sql/sql_select.cc,1846,1846,0,0,mariadb_target_002641;mariadb_target_002737
mariadb_aflgo_r1,mariadb,1,root/mariadb/sql/sql_select.cc:1846:1846:66:179:T,/root/mariadb/sql/sql_select.cc,1846,1846,0,0,mariadb_target_002641;mariadb_target_002737
mariadb_aflgo_r1,mariadb,1,root/mariadb/sql/sql_select.cc:1846:1846:66:179:F,/root/mariadb/sql/sql_select.cc,1846,1846,0,0,mariadb_target_002641;mariadb_target_002737
mariadb_aflgo_r1,mariadb,1,root/mariadb/sql/sql_select.cc:1852:1852:66:180:T,/root/mariadb/sql/sql_select.cc,1852,1852,0,0,mariadb_target_002641
mariadb_aflgo_r1,mariadb,1,root/mariadb/sql/sql_select.cc:1852:1852:66:180:F,/root/mariadb/sql/sql_select.cc,1852,1852,0,0,mariadb_target_002641
mariadb_aflgo_r1,mariadb,1,root/mariadb/sql/sql_select.cc:1861:1861:66:181:T,/root/mariadb/sql/sql_select.cc,1861,1861,0,0,mariadb_target_002641
mariadb_aflgo_r1,mariadb,1,root/mariadb/sql/sql_select.cc:1861:1861:66:181:F,/root/mariadb/sql/sql_select.cc,1861,1861,0,0,mariadb_target_002641
mariadb_aflgo_r1,mariadb,1,root/mariadb/sql/sql_select.cc:1865:1865:66:182:T,/root/mariadb/sql/sql_select.cc,1865,1865,0,0,mariadb_target_002641
mariadb_aflgo_r1,mariadb,1,root/mariadb/sql/sql_select.cc:1865:1865:66:182:F,/root/mariadb/sql/sql_select.cc,1865,1865,0,0,mariadb_target_002641
mariadb_aflgo_r1,mariadb,1,root/mariadb/sql/sql_select.cc:1879:1879:66:183:T,/root/mariadb/sql/sql_select.cc,1879,1879,980,1,mariadb_target_002641
mariadb_aflgo_r1,mariadb,1,root/mariadb/sql/sql_select.cc:1879:1879:66:183:F,/root/mariadb/sql/sql_select.cc,1879,1879,0,0,mariadb_target_002641
mariadb_aflgo_r1,mariadb,1,root/mariadb/sql/sql_select.cc:1879:1879:66:184:T,/root/mariadb/sql/sql_select.cc,1879,1879,878,1,mariadb_target_002641
mariadb_aflgo_r1,mariadb,1,root/mariadb/sql/sql_select.cc:1879:1879:66:184:F,/root/mariadb/sql/sql_select.cc,1879,1879,102,1,mariadb_target_002641
mariadb_aflgo_r1,mariadb,1,root/mariadb/sql/sql_select.cc:1879:1879:66:185:T,/root/mariadb/sql/sql_select.cc,1879,1879,31,1,mariadb_target_002641
mariadb_aflgo_r1,mariadb,1,root/mariadb/sql/sql_select.cc:1879:1879:66:185:F,/root/mariadb/sql/sql_select.cc,1879,1879,847,1,mariadb_target_002641
mariadb_aflgo_r1,mariadb,1,root/mariadb/sql/sql_select.cc:1885:1885:66:186:T,/root/mariadb/sql/sql_select.cc,1885,1885,0,0,mariadb_target_002641
mariadb_aflgo_r1,mariadb,1,root/mariadb/sql/sql_select.cc:1885:1885:66:186:F,/root/mariadb/sql/sql_select.cc,1885,1885,949,1,mariadb_target_002641
mariadb_aflgo_r1,mariadb,1,root/mariadb/sql/sql_select.cc:1991:1991:66:203:T,/root/mariadb/sql/sql_select.cc,1991,1991,0,0,mariadb_target_000975;mariadb_target_002738
mariadb_aflgo_r1,mariadb,1,root/mariadb/sql/sql_select.cc:1991:1991:66:203:F,/root/mariadb/sql/sql_select.cc,1991,1991,691,1,mariadb_target_000975;mariadb_target_002738
mariadb_aflgo_r1,mariadb,1,root/mariadb/sql/sql_select.cc:1993:1993:66:204:T,/root/mariadb/sql/sql_select.cc,1993,1993,0,0,mariadb_target_000975;mariadb_target_002738
mariadb_aflgo_r1,mariadb,1,root/mariadb/sql/sql_select.cc:1993:1993:66:204:F,/root/mariadb/sql/sql_select.cc,1993,1993,0,0,mariadb_target_000975;mariadb_target_002738
mariadb_aflgo_r1,mariadb,1,root/mariadb/sql/sql_select.cc:2092:2092:66:215:T,/root/mariadb/sql/sql_select.cc,2092,2092,672,1,mariadb_target_002740;mariadb_target_002743
mariadb_aflgo_r1,mariadb,1,root/mariadb/sql/sql_select.cc:2092:2092:66:215:F,/root/mariadb/sql/sql_select.cc,2092,2092,0,0,mariadb_target_002740;mariadb_target_002743
mariadb_aflgo_r1,mariadb,1,root/mariadb/sql/sql_select.cc:2106:2106:66:216:T,/root/mariadb/sql/sql_select.cc,2106,2106,0,0,mariadb_target_002742;mariadb_target_002743
mariadb_aflgo_r1,mariadb,1,root/mariadb/sql/sql_select.cc:2106:2106:66:216:F,/root/mariadb/sql/sql_select.cc,2106,2106,0,0,mariadb_target_002742;mariadb_target_002743
mariadb_aflgo_r1,mariadb,1,root/mariadb/sql/sql_select.cc:2122:2122:66:217:T,/root/mariadb/sql/sql_select.cc,2122,2122,0,0,mariadb_target_002743;mariadb_target_002745
mariadb_aflgo_r1,mariadb,1,root/mariadb/sql/sql_select.cc:2122:2122:66:217:F,/root/mariadb/sql/sql_select.cc,2122,2122,0,0,mariadb_target_002743;mariadb_target_002745
mariadb_aflgo_r1,mariadb,1,root/mariadb/sql/sql_select.cc:2122:2122:66:218:T,/root/mariadb/sql/sql_select.cc,2122,2122,0,0,mariadb_target_002743;mariadb_target_002745
mariadb_aflgo_r1,mariadb,1,root/mariadb/sql/sql_select.cc:2122:2122:66:218:F,/root/mariadb/sql/sql_select.cc,2122,2122,0,0,mariadb_target_002743;mariadb_target_002745
mariadb_aflgo_r1,mariadb,1,root/mariadb/sql/sql_select.cc:2122:2122:66:219:T,/root/mariadb/sql/sql_select.cc,2122,2122,0,0,mariadb_target_002743;mariadb_target_002745
mariadb_aflgo_r1,mariadb,1,root/mariadb/sql/sql_select.cc:2122:2122:66:219:F,/root/mariadb/sql/sql_select.cc,2122,2122,0,0,mariadb_target_002743;mariadb_target_002745
mariadb_aflgo_r1,mariadb,1,root/mariadb/sql/sql_select.cc:2132:2132:66:220:T,/root/mariadb/sql/sql_select.cc,2132,2132,0,0,mariadb_target_002743;mariadb_target_002746
mariadb_aflgo_r1,mariadb,1,root/mariadb/sql/sql_select.cc:2132:2132:66:220:F,/root/mariadb/sql/sql_select.cc,2132,2132,0,0,mariadb_target_002743;mariadb_target_002746
mariadb_aflgo_r1,mariadb,1,root/mariadb/sql/sql_select.cc:2138:2138:66:221:T,/root/mariadb/sql/sql_select.cc,2138,2138,0,0,mariadb_target_002743;mariadb_target_002746;mariadb_target_002747
mariadb_aflgo_r1,mariadb,1,root/mariadb/sql/sql_select.cc:2138:2138:66:221:F,/root/mariadb/sql/sql_select.cc,2138,2138,0,0,mariadb_target_002743;mariadb_target_002746;mariadb_target_002747
mariadb_aflgo_r1,mariadb,1,root/mariadb/sql/sql_select.cc:2142:2142:66:222:T,/root/mariadb/sql/sql_select.cc,2142,2142,0,0,mariadb_target_002743;mariadb_target_002747
mariadb_aflgo_r1,mariadb,1,root/mariadb/sql/sql_select.cc:2142:2142:66:222:F,/root/mariadb/sql/sql_select.cc,2142,2142,0,0,mariadb_target_002743;mariadb_target_002747
mariadb_aflgo_r1,mariadb,1,root/mariadb/sql/sql_select.cc:2148:2148:66:223:T,/root/mariadb/sql/sql_select.cc,2148,2148,0,0,mariadb_target_002743;mariadb_target_002748
mariadb_aflgo_r1,mariadb,1,root/mariadb/sql/sql_select.cc:2148:2148:66:223:F,/root/mariadb/sql/sql_select.cc,2148,2148,0,0,mariadb_target_002743;mariadb_target_002748
mariadb_aflgo_r1,mariadb,1,root/mariadb/sql/sql_select.cc:2184:2184:66:224:T,/root/mariadb/sql/sql_select.cc,2184,2184,1109,1,mariadb_target_002750
mariadb_aflgo_r1,mariadb,1,root/mariadb/sql/sql_select.cc:2184:2184:66:224:F,/root/mariadb/sql/sql_select.cc,2184,2184,640,1,mariadb_target_002750
mariadb_aflgo_r1,mariadb,1,root/mariadb/sql/sql_select.cc:2188:2188:66:225:T,/root/mariadb/sql/sql_select.cc,2188,2188,1109,1,mariadb_target_002750
mariadb_aflgo_r1,mariadb,1,root/mariadb/sql/sql_select.cc:2188:2188:66:225:F,/root/mariadb/sql/sql_select.cc,2188,2188,0,0,mariadb_target_002750
mariadb_aflgo_r1,mariadb,1,root/mariadb/sql/sql_select.cc:2190:2190:66:226:T,/root/mariadb/sql/sql_select.cc,2190,2190,0,0,mariadb_target_002750
mariadb_aflgo_r1,mariadb,1,root/mariadb/sql/sql_select.cc:2190:2190:66:226:F,/root/mariadb/sql/sql_select.cc,2190,2190,0,0,mariadb_target_002750
mariadb_aflgo_r1,mariadb,1,root/mariadb/sql/sql_select.cc:2453:2453:66:273:T,/root/mariadb/sql/sql_select.cc,2453,2453,0,0,mariadb_target_002760
mariadb_aflgo_r1,mariadb,1,root/mariadb/sql/sql_select.cc:2453:2453:66:273:F,/root/mariadb/sql/sql_select.cc,2453,2453,666,1,mariadb_target_002760
mariadb_aflgo_r1,mariadb,1,root/mariadb/sql/sql_select.cc:2454:2454:66:274:T,/root/mariadb/sql/sql_select.cc,2454,2454,0,0,mariadb_target_002760
mariadb_aflgo_r1,mariadb,1,root/mariadb/sql/sql_select.cc:2454:2454:66:274:F,/root/mariadb/sql/sql_select.cc,2454,2454,0,0,mariadb_target_002760
mariadb_aflgo_r1,mariadb,1,root/mariadb/sql/sql_select.cc:2455:2455:66:275:T,/root/mariadb/sql/sql_select.cc,2455,2455,0,0,mariadb_target_002760
mariadb_aflgo_r1,mariadb,1,root/mariadb/sql/sql_select.cc:2455:2455:66:275:F,/root/mariadb/sql/sql_select.cc,2455,2455,0,0,mariadb_target_002760
mariadb_aflgo_r1,mariadb,1,root/mariadb/sql/sql_select.cc:2456:2456:66:276:T,/root/mariadb/sql/sql_select.cc,2456,2456,0,0,mariadb_target_002760
mariadb_aflgo_r1,mariadb,1,root/mariadb/sql/sql_select.cc:2456:2456:66:276:F,/root/mariadb/sql/sql_select.cc,2456,2456,0,0,mariadb_target_002760
mariadb_aflgo_r1,mariadb,1,root/mariadb/sql/sql_select.cc:2456:2456:66:277:T,/root/mariadb/sql/sql_select.cc,2456,2456,0,0,mariadb_target_002760
mariadb_aflgo_r1,mariadb,1,root/mariadb/sql/sql_select.cc:2456:2456:66:277:F,/root/mariadb/sql/sql_select.cc,2456,2456,0,0,mariadb_target_002760
mariadb_aflgo_r1,mariadb,1,root/mariadb/sql/sql_select.cc:2456:2456:66:278:T,/root/mariadb/sql/sql_select.cc,2456,2456,0,0,mariadb_target_002760
mariadb_aflgo_r1,mariadb,1,root/mariadb/sql/sql_select.cc:2456:2456:66:278:F,/root/mariadb/sql/sql_select.cc,2456,2456,0,0,mariadb_target_002760
mariadb_aflgo_r1,mariadb,1,root/mariadb/sql/sql_select.cc:2553:2553:66:304:T,/root/mariadb/sql/sql_select.cc,2553,2553,679,1,mariadb_target_002792
mariadb_aflgo_r1,mariadb,1,root/mariadb/sql/sql_select.cc:2553:2553:66:304:F,/root/mariadb/sql/sql_select.cc,2553,2553,666,1,mariadb_target_002792
mariadb_aflgo_r1,mariadb,1,root/mariadb/sql/sql_select.cc:2558:2558:66:305:T,/root/mariadb/sql/sql_select.cc,2558,2558,0,0,mariadb_target_002792
mariadb_aflgo_r1,mariadb,1,root/mariadb/sql/sql_select.cc:2558:2558:66:305:F,/root/mariadb/sql/sql_select.cc,2558,2558,679,1,mariadb_target_002792
mariadb_aflgo_r1,mariadb,1,root/mariadb/sql/sql_select.cc:2561:2561:66:306:T,/root/mariadb/sql/sql_select.cc,2561,2561,0,0,mariadb_target_002792
mariadb_aflgo_r1,mariadb,1,root/mariadb/sql/sql_select.cc:2561:2561:66:306:F,/root/mariadb/sql/sql_select.cc,2561,2561,0,0,mariadb_target_002792
mariadb_aflgo_r1,mariadb,1,root/mariadb/sql/sql_select.cc:2750:2750:66:341:T,/root/mariadb/sql/sql_select.cc,2750,2750,0,0,mariadb_target_002842
mariadb_aflgo_r1,mariadb,1,root/mariadb/sql/sql_select.cc:2750:2750:66:341:F,/root/mariadb/sql/sql_select.cc,2750,2750,228,1,mariadb_target_002842
mariadb_aflgo_r1,mariadb,1,root/mariadb/sql/sql_select.cc:2888:2888:66:362:T,/root/mariadb/sql/sql_select.cc,2888,2888,491,1,mariadb_target_002847
mariadb_aflgo_r1,mariadb,1,root/mariadb/sql/sql_select.cc:2888:2888:66:362:F,/root/mariadb/sql/sql_select.cc,2888,2888,149,1,mariadb_target_002847
mariadb_aflgo_r1,mariadb,1,root/mariadb/sql/sql_select.cc:2888:2888:66:363:T,/root/mariadb/sql/sql_select.cc,2888,2888,0,0,mariadb_target_002847
mariadb_aflgo_r1,mariadb,1,root/mariadb/sql/sql_select.cc:2888:2888:66:363:F,/root/mariadb/sql/sql_select.cc,2888,2888,491,1,mariadb_target_002847
mariadb_aflgo_r1,mariadb,1,root/mariadb/sql/sql_select.cc:3096:3096:66:388:T,/root/mariadb/sql/sql_select.cc,3096,3096,280,1,mariadb_target_002855
mariadb_aflgo_r1,mariadb,1,root/mariadb/sql/sql_select.cc:3096:3096:66:388:F,/root/mariadb/sql/sql_select.cc,3096,3096,360,1,mariadb_target_002855
mariadb_aflgo_r1,mariadb,1,root/mariadb/sql/sql_select.cc:3096:3096:66:389:T,/root/mariadb/sql/sql_select.cc,3096,3096,0,0,mariadb_target_002855
mariadb_aflgo_r1,mariadb,1,root/mariadb/sql/sql_select.cc:3096:3096:66:389:F,/root/mariadb/sql/sql_select.cc,3096,3096,280,1,mariadb_target_002855
mariadb_aflgo_r1,mariadb,1,root/mariadb/sql/sql_select.cc:3107:3107:66:391:T,/root/mariadb/sql/sql_select.cc,3107,3107,0,0,mariadb_target_002856
mariadb_aflgo_r1,mariadb,1,root/mariadb/sql/sql_select.cc:3107:3107:66:391:F,/root/mariadb/sql/sql_select.cc,3107,3107,0,0,mariadb_target_002856
mariadb_aflgo_r1,mariadb,1,root/mariadb/sql/sql_select.cc:3127:3127:66:397:T,/root/mariadb/sql/sql_select.cc,3127,3127,39,1,mariadb_target_002857
mariadb_aflgo_r1,mariadb,1,root/mariadb/sql/sql_select.cc:3127:3127:66:397:F,/root/mariadb/sql/sql_select.cc,3127,3127,0,0,mariadb_target_002857
mariadb_aflgo_r1,mariadb,1,root/mariadb/sql/sql_select.cc:3128:3129:66:398:T,/root/mariadb/sql/sql_select.cc,3128,3129,0,0,mariadb_target_002857;mariadb_target_002858
mariadb_aflgo_r1,mariadb,1,root/mariadb/sql/sql_select.cc:3128:3129:66:398:F,/root/mariadb/sql/sql_select.cc,3128,3129,0,0,mariadb_target_002857;mariadb_target_002858
mariadb_aflgo_r1,mariadb,1,root/mariadb/sql/sql_select.cc:3130:3130:66:399:T,/root/mariadb/sql/sql_select.cc,3130,3130,39,1,mariadb_target_002857;mariadb_target_002858
mariadb_aflgo_r1,mariadb,1,root/mariadb/sql/sql_select.cc:3130:3130:66:399:F,/root/mariadb/sql/sql_select.cc,3130,3130,0,0,mariadb_target_002857;mariadb_target_002858
mariadb_aflgo_r1,mariadb,1,root/mariadb/sql/sql_select.cc:3132:3132:66:400:T,/root/mariadb/sql/sql_select.cc,3132,3132,39,1,mariadb_target_002857;mariadb_target_002858
mariadb_aflgo_r1,mariadb,1,root/mariadb/sql/sql_select.cc:3132:3132:66:400:F,/root/mariadb/sql/sql_select.cc,3132,3132,0,0,mariadb_target_002857;mariadb_target_002858
mariadb_aflgo_r1,mariadb,1,root/mariadb/sql/sql_select.cc:3132:3132:66:401:T,/root/mariadb/sql/sql_select.cc,3132,3132,39,1,mariadb_target_002857;mariadb_target_002858
mariadb_aflgo_r1,mariadb,1,root/mariadb/sql/sql_select.cc:3132:3132:66:401:F,/root/mariadb/sql/sql_select.cc,3132,3132,0,0,mariadb_target_002857;mariadb_target_002858
mariadb_aflgo_r1,mariadb,1,root/mariadb/sql/sql_select.cc:3133:3135:66:402:T,/root/mariadb/sql/sql_select.cc,3133,3135,0,0,mariadb_target_002857;mariadb_target_002858
mariadb_aflgo_r1,mariadb,1,root/mariadb/sql/sql_select.cc:3133:3135:66:402:F,/root/mariadb/sql/sql_select.cc,3133,3135,39,1,mariadb_target_002857;mariadb_target_002858
mariadb_aflgo_r1,mariadb,1,root/mariadb/sql/sql_select.cc:3154:3154:66:403:T,/root/mariadb/sql/sql_select.cc,3154,3154,0,0,mariadb_target_002859
mariadb_aflgo_r1,mariadb,1,root/mariadb/sql/sql_select.cc:3154:3154:66:403:F,/root/mariadb/sql/sql_select.cc,3154,3154,0,0,mariadb_target_002859
mariadb_aflgo_r1,mariadb,1,root/mariadb/sql/sql_select.cc:3154:3154:66:404:T,/root/mariadb/sql/sql_select.cc,3154,3154,0,0,mariadb_target_002859
mariadb_aflgo_r1,mariadb,1,root/mariadb/sql/sql_select.cc:3154:3154:66:404:F,/root/mariadb/sql/sql_select.cc,3154,3154,0,0,mariadb_target_002859
mariadb_aflgo_r1,mariadb,1,root/mariadb/sql/sql_select.cc:3156:3156:66:405:T,/root/mariadb/sql/sql_select.cc,3156,3156,0,0,mariadb_target_002859
mariadb_aflgo_r1,mariadb,1,root/mariadb/sql/sql_select.cc:3156:3156:66:405:F,/root/mariadb/sql/sql_select.cc,3156,3156,0,0,mariadb_target_002859
mariadb_aflgo_r1,mariadb,1,root/mariadb/sql/sql_select.cc:3157:3157:66:406:T,/root/mariadb/sql/sql_select.cc,3157,3157,0,0,mariadb_target_002859
mariadb_aflgo_r1,mariadb,1,root/mariadb/sql/sql_select.cc:3157:3157:66:406:F,/root/mariadb/sql/sql_select.cc,3157,3157,0,0,mariadb_target_002859
mariadb_aflgo_r1,mariadb,1,root/mariadb/sql/sql_select.cc:3157:3157:66:407:T,/root/mariadb/sql/sql_select.cc,3157,3157,0,0,mariadb_target_002859
mariadb_aflgo_r1,mariadb,1,root/mariadb/sql/sql_select.cc:3157:3157:66:407:F,/root/mariadb/sql/sql_select.cc,3157,3157,0,0,mariadb_target_002859
mariadb_aflgo_r1,mariadb,1,root/mariadb/sql/sql_select.cc:3171:3171:66:408:T,/root/mariadb/sql/sql_select.cc,3171,3171,0,0,mariadb_target_002860
mariadb_aflgo_r1,mariadb,1,root/mariadb/sql/sql_select.cc:3171:3171:66:408:F,/root/mariadb/sql/sql_select.cc,3171,3171,39,1,mariadb_target_002860
mariadb_aflgo_r1,mariadb,1,root/mariadb/sql/sql_select.cc:3172:3174:66:409:T,/root/mariadb/sql/sql_select.cc,3172,3174,0,0,mariadb_target_002860
mariadb_aflgo_r1,mariadb,1,root/mariadb/sql/sql_select.cc:3172:3174:66:409:F,/root/mariadb/sql/sql_select.cc,3172,3174,0,0,mariadb_target_002860
mariadb_aflgo_r1,mariadb,1,root/mariadb/sql/sql_select.cc:3207:3207:66:419:T,/root/mariadb/sql/sql_select.cc,3207,3207,0,0,mariadb_target_002861;mariadb_target_002862
mariadb_aflgo_r1,mariadb,1,root/mariadb/sql/sql_select.cc:3207:3207:66:419:F,/root/mariadb/sql/sql_select.cc,3207,3207,0,0,mariadb_target_002861;mariadb_target_002862
mariadb_aflgo_r1,mariadb,1,root/mariadb/sql/sql_select.cc:3215:3215:66:420:T,/root/mariadb/sql/sql_select.cc,3215,3215,0,0,mariadb_target_002862;mariadb_target_002863
mariadb_aflgo_r1,mariadb,1,root/mariadb/sql/sql_select.cc:3215:3215:66:420:F,/root/mariadb/sql/sql_select.cc,3215,3215,0,0,mariadb_target_002862;mariadb_target_002863
mariadb_aflgo_r1,mariadb,1,root/mariadb/sql/sql_select.cc:3218:3220:66:421:T,/root/mariadb/sql/sql_select.cc,3218,3220,0,0,mariadb_target_002863
mariadb_aflgo_r1,mariadb,1,root/mariadb/sql/sql_select.cc:3218:3220:66:421:F,/root/mariadb/sql/sql_select.cc,3218,3220,0,0,mariadb_target_002863
mariadb_aflgo_r1,mariadb,1,root/mariadb/sql/sql_select.cc:3224:3224:66:422:T,/root/mariadb/sql/sql_select.cc,3224,3224,0,0,mariadb_target_002864
mariadb_aflgo_r1,mariadb,1,root/mariadb/sql/sql_select.cc:3224:3224:66:422:F,/root/mariadb/sql/sql_select.cc,3224,3224,0,0,mariadb_target_002864
mariadb_aflgo_r1,mariadb,1,root/mariadb/sql/sql_select.cc:3225:3228:66:423:T,/root/mariadb/sql/sql_select.cc,3225,3228,0,0,mariadb_target_002864
mariadb_aflgo_r1,mariadb,1,root/mariadb/sql/sql_select.cc:3225:3228:66:423:F,/root/mariadb/sql/sql_select.cc,3225,3228,0,0,mariadb_target_002864
mariadb_aflgo_r1,mariadb,1,root/mariadb/sql/sql_select.cc:3229:3229:66:424:T,/root/mariadb/sql/sql_select.cc,3229,3229,0,0,mariadb_target_002864
mariadb_aflgo_r1,mariadb,1,root/mariadb/sql/sql_select.cc:3229:3229:66:424:F,/root/mariadb/sql/sql_select.cc,3229,3229,0,0,mariadb_target_002864
mariadb_aflgo_r1,mariadb,1,root/mariadb/sql/sql_select.cc:3233:3233:66:425:T,/root/mariadb/sql/sql_select.cc,3233,3233,0,0,mariadb_target_002865
mariadb_aflgo_r1,mariadb,1,root/mariadb/sql/sql_select.cc:3233:3233:66:425:F,/root/mariadb/sql/sql_select.cc,3233,3233,0,0,mariadb_target_002865
mariadb_aflgo_r1,mariadb,1,root/mariadb/sql/sql_select.cc:3233:3233:66:426:T,/root/mariadb/sql/sql_select.cc,3233,3233,0,0,mariadb_target_002865
mariadb_aflgo_r1,mariadb,1,root/mariadb/sql/sql_select.cc:3233:3233:66:426:F,/root/mariadb/sql/sql_select.cc,3233,3233,0,0,mariadb_target_002865
mariadb_aflgo_r1,mariadb,1,root/mariadb/sql/sql_select.cc:3234:3234:66:427:T,/root/mariadb/sql/sql_select.cc,3234,3234,0,0,mariadb_target_002865;mariadb_target_002866
mariadb_aflgo_r1,mariadb,1,root/mariadb/sql/sql_select.cc:3234:3234:66:427:F,/root/mariadb/sql/sql_select.cc,3234,3234,0,0,mariadb_target_002865;mariadb_target_002866
mariadb_aflgo_r1,mariadb,1,root/mariadb/sql/sql_select.cc:3235:3235:66:428:T,/root/mariadb/sql/sql_select.cc,3235,3235,0,0,mariadb_target_002865;mariadb_target_002866
mariadb_aflgo_r1,mariadb,1,root/mariadb/sql/sql_select.cc:3235:3235:66:428:F,/root/mariadb/sql/sql_select.cc,3235,3235,0,0,mariadb_target_002865;mariadb_target_002866
mariadb_aflgo_r1,mariadb,1,root/mariadb/sql/sql_select.cc:3235:3235:66:429:T,/root/mariadb/sql/sql_select.cc,3235,3235,0,0,mariadb_target_002865;mariadb_target_002866
mariadb_aflgo_r1,mariadb,1,root/mariadb/sql/sql_select.cc:3235:3235:66:429:F,/root/mariadb/sql/sql_select.cc,3235,3235,0,0,mariadb_target_002865;mariadb_target_002866
mariadb_aflgo_r1,mariadb,1,root/mariadb/sql/sql_select.cc:3240:3240:66:430:T,/root/mariadb/sql/sql_select.cc,3240,3240,0,0,mariadb_target_002865;mariadb_target_002866;mariadb_target_002867
mariadb_aflgo_r1,mariadb,1,root/mariadb/sql/sql_select.cc:3240:3240:66:430:F,/root/mariadb/sql/sql_select.cc,3240,3240,0,0,mariadb_target_002865;mariadb_target_002866;mariadb_target_002867
mariadb_aflgo_r1,mariadb,1,root/mariadb/sql/sql_select.cc:3242:3242:66:431:T,/root/mariadb/sql/sql_select.cc,3242,3242,0,0,mariadb_target_002866;mariadb_target_002867
mariadb_aflgo_r1,mariadb,1,root/mariadb/sql/sql_select.cc:3242:3242:66:431:F,/root/mariadb/sql/sql_select.cc,3242,3242,0,0,mariadb_target_002866;mariadb_target_002867
mariadb_aflgo_r1,mariadb,1,root/mariadb/sql/sql_select.cc:3242:3242:66:432:T,/root/mariadb/sql/sql_select.cc,3242,3242,0,0,mariadb_target_002866;mariadb_target_002867
mariadb_aflgo_r1,mariadb,1,root/mariadb/sql/sql_select.cc:3242:3242:66:432:F,/root/mariadb/sql/sql_select.cc,3242,3242,0,0,mariadb_target_002866;mariadb_target_002867
mariadb_aflgo_r1,mariadb,1,root/mariadb/sql/sql_select.cc:3257:3257:66:433:T,/root/mariadb/sql/sql_select.cc,3257,3257,0,0,mariadb_target_002870;mariadb_target_002871
mariadb_aflgo_r1,mariadb,1,root/mariadb/sql/sql_select.cc:3257:3257:66:433:F,/root/mariadb/sql/sql_select.cc,3257,3257,0,0,mariadb_target_002870;mariadb_target_002871
mariadb_aflgo_r1,mariadb,1,root/mariadb/sql/sql_select.cc:3261:3261:66:434:T,/root/mariadb/sql/sql_select.cc,3261,3261,228,1,mariadb_target_002871
mariadb_aflgo_r1,mariadb,1,root/mariadb/sql/sql_select.cc:3261:3261:66:434:F,/root/mariadb/sql/sql_select.cc,3261,3261,412,1,mariadb_target_002871
mariadb_aflgo_r1,mariadb,1,root/mariadb/sql/sql_select.cc:3275:3275:66:435:T,/root/mariadb/sql/sql_select.cc,3275,3275,0,0,mariadb_target_002872
mariadb_aflgo_r1,mariadb,1,root/mariadb/sql/sql_select.cc:3275:3275:66:435:F,/root/mariadb/sql/sql_select.cc,3275,3275,228,1,mariadb_target_002872
mariadb_aflgo_r1,mariadb,1,root/mariadb/sql/sql_select.cc:3287:3287:66:436:T,/root/mariadb/sql/sql_select.cc,3287,3287,0,0,mariadb_target_002876;mariadb_target_002877
mariadb_aflgo_r1,mariadb,1,root/mariadb/sql/sql_select.cc:3287:3287:66:436:F,/root/mariadb/sql/sql_select.cc,3287,3287,640,1,mariadb_target_002876;mariadb_target_002877
mariadb_aflgo_r1,mariadb,1,root/mariadb/sql/sql_select.cc:3287:3287:66:437:T,/root/mariadb/sql/sql_select.cc,3287,3287,0,0,mariadb_target_002876;mariadb_target_002877
mariadb_aflgo_r1,mariadb,1,root/mariadb/sql/sql_select.cc:3287:3287:66:437:F,/root/mariadb/sql/sql_select.cc,3287,3287,0,0,mariadb_target_002876;mariadb_target_002877
mariadb_aflgo_r1,mariadb,1,root/mariadb/sql/sql_select.cc:3309:3309:66:438:T,/root/mariadb/sql/sql_select.cc,3309,3309,360,1,mariadb_target_002880
mariadb_aflgo_r1,mariadb,1,root/mariadb/sql/sql_select.cc:3309:3309:66:438:F,/root/mariadb/sql/sql_select.cc,3309,3309,280,1,mariadb_target_002880
mariadb_aflgo_r1,mariadb,1,root/mariadb/sql/sql_select.cc:3309:3309:66:439:T,/root/mariadb/sql/sql_select.cc,3309,3309,0,0,mariadb_target_002880
mariadb_aflgo_r1,mariadb,1,root/mariadb/sql/sql_select.cc:3309:3309:66:439:F,/root/mariadb/sql/sql_select.cc,3309,3309,360,1,mariadb_target_002880
mariadb_aflgo_r1,mariadb,1,root/mariadb/sql/sql_select.cc:3310:3310:66:440:T,/root/mariadb/sql/sql_select.cc,3310,3310,157,1,mariadb_target_002880
mariadb_aflgo_r1,mariadb,1,root/mariadb/sql/sql_select.cc:3310:3310:66:440:F,/root/mariadb/sql/sql_select.cc,3310,3310,203,1,mariadb_target_002880
mariadb_aflgo_r1,mariadb,1,root/mariadb/sql/sql_select.cc:3310:3310:66:441:T,/root/mariadb/sql/sql_select.cc,3310,3310,0,0,mariadb_target_002880
mariadb_aflgo_r1,mariadb,1,root/mariadb/sql/sql_select.cc:3310:3310:66:441:F,/root/mariadb/sql/sql_select.cc,3310,3310,157,1,mariadb_target_002880
mariadb_aflgo_r1,mariadb,1,root/mariadb/sql/sql_select.cc:3311:3311:66:442:T,/root/mariadb/sql/sql_select.cc,3311,3311,0,0,mariadb_target_002880
mariadb_aflgo_r1,mariadb,1,root/mariadb/sql/sql_select.cc:3311:3311:66:442:F,/root/mariadb/sql/sql_select.cc,3311,3311,0,0,mariadb_target_002880
mariadb_aflgo_r1,mariadb,1,root/mariadb/sql/sql_select.cc:3315:3315:66:443:T,/root/mariadb/sql/sql_select.cc,3315,3315,1,1,mariadb_target_002880;mariadb_target_002881
mariadb_aflgo_r1,mariadb,1,root/mariadb/sql/sql_select.cc:3315:3315:66:443:F,/root/mariadb/sql/sql_select.cc,3315,3315,639,1,mariadb_target_002880;mariadb_target_002881
mariadb_aflgo_r1,mariadb,1,root/mariadb/sql/sql_select.cc:3315:3315:66:444:T,/root/mariadb/sql/sql_select.cc,3315,3315,0,0,mariadb_target_002880;mariadb_target_002881
mariadb_aflgo_r1,mariadb,1,root/mariadb/sql/sql_select.cc:3315:3315:66:444:F,/root/mariadb/sql/sql_select.cc,3315,3315,639,1,mariadb_target_002880;mariadb_target_002881
mariadb_aflgo_r1,mariadb,1,root/mariadb/sql/sql_select.cc:3317:3317:66:445:T,/root/mariadb/sql/sql_select.cc,3317,3317,1,1,mariadb_target_002880;mariadb_target_002881
mariadb_aflgo_r1,mariadb,1,root/mariadb/sql/sql_select.cc:3317:3317:66:445:F,/root/mariadb/sql/sql_select.cc,3317,3317,0,0,mariadb_target_002880;mariadb_target_002881
mariadb_aflgo_r1,mariadb,1,root/mariadb/sql/sql_select.cc:3323:3323:66:446:T,/root/mariadb/sql/sql_select.cc,3323,3323,0,0,mariadb_target_002881;mariadb_target_002882
mariadb_aflgo_r1,mariadb,1,root/mariadb/sql/sql_select.cc:3323:3323:66:446:F,/root/mariadb/sql/sql_select.cc,3323,3323,1,1,mariadb_target_002881;mariadb_target_002882
mariadb_aflgo_r1,mariadb,1,root/mariadb/sql/sql_select.cc:3323:3323:66:447:T,/root/mariadb/sql/sql_select.cc,3323,3323,1,1,mariadb_target_002881;mariadb_target_002882
mariadb_aflgo_r1,mariadb,1,root/mariadb/sql/sql_select.cc:3323:3323:66:447:F,/root/mariadb/sql/sql_select.cc,3323,3323,0,0,mariadb_target_002881;mariadb_target_002882
mariadb_aflgo_r1,mariadb,1,root/mariadb/sql/sql_select.cc:3324:3324:66:448:T,/root/mariadb/sql/sql_select.cc,3324,3324,1,1,mariadb_target_002882
mariadb_aflgo_r1,mariadb,1,root/mariadb/sql/sql_select.cc:3324:3324:66:448:F,/root/mariadb/sql/sql_select.cc,3324,3324,0,0,mariadb_target_002882
mariadb_aflgo_r1,mariadb,1,root/mariadb/sql/sql_select.cc:3326:3326:66:449:T,/root/mariadb/sql/sql_select.cc,3326,3326,0,0,mariadb_target_002882
mariadb_aflgo_r1,mariadb,1,root/mariadb/sql/sql_select.cc:3326:3326:66:449:F,/root/mariadb/sql/sql_select.cc,3326,3326,1,1,mariadb_target_002882
mariadb_aflgo_r1,mariadb,1,root/mariadb/sql/sql_select.cc:3328:3328:66:450:T,/root/mariadb/sql/sql_select.cc,3328,3328,1,1,mariadb_target_002882
mariadb_aflgo_r1,mariadb,1,root/mariadb/sql/sql_select.cc:3328:3328:66:450:F,/root/mariadb/sql/sql_select.cc,3328,3328,0,0,mariadb_target_002882
mariadb_aflgo_r1,mariadb,1,root/mariadb/sql/sql_select.cc:3363:3363:66:456:T,/root/mariadb/sql/sql_select.cc,3363,3363,0,0,mariadb_target_002883
mariadb_aflgo_r1,mariadb,1,root/mariadb/sql/sql_select.cc:3363:3363:66:456:F,/root/mariadb/sql/sql_select.cc,3363,3363,640,1,mariadb_target_002883
mariadb_aflgo_r1,mariadb,1,root/mariadb/sql/sql_select.cc:3367:3367:66:457:T,/root/mariadb/sql/sql_select.cc,3367,3367,640,1,mariadb_target_002883
mariadb_aflgo_r1,mariadb,1,root/mariadb/sql/sql_select.cc:3367:3367:66:457:F,/root/mariadb/sql/sql_select.cc,3367,3367,0,0,mariadb_target_002883
mariadb_aflgo_r1,mariadb,1,root/mariadb/sql/sql_select.cc:3368:3368:66:458:T,/root/mariadb/sql/sql_select.cc,3368,3368,0,0,mariadb_target_002883
mariadb_aflgo_r1,mariadb,1,root/mariadb/sql/sql_select.cc:3368:3368:66:458:F,/root/mariadb/sql/sql_select.cc,3368,3368,640,1,mariadb_target_002883
mariadb_aflgo_r1,mariadb,1,root/mariadb/sql/sql_select.cc:3415:3415:66:468:T,/root/mariadb/sql/sql_select.cc,3415,3415,437,1,mariadb_target_002885;mariadb_target_002887;mariadb_target_002889
mariadb_aflgo_r1,mariadb,1,root/mariadb/sql/sql_select.cc:3415:3415:66:468:F,/root/mariadb/sql/sql_select.cc,3415,3415,203,1,mariadb_target_002885;mariadb_target_002887;mariadb_target_002889
mariadb_aflgo_r1,mariadb,1,root/mariadb/sql/sql_select.cc:3415:3415:66:469:T,/root/mariadb/sql/sql_select.cc,3415,3415,0,0,mariadb_target_002885;mariadb_target_002887;mariadb_target_002889
mariadb_aflgo_r1,mariadb,1,root/mariadb/sql/sql_select.cc:3415:3415:66:469:F,/root/mariadb/sql/sql_select.cc,3415,3415,203,1,mariadb_target_002885;mariadb_target_002887;mariadb_target_002889
mariadb_aflgo_r1,mariadb,1,root/mariadb/sql/sql_select.cc:3415:3415:66:470:T,/root/mariadb/sql/sql_select.cc,3415,3415,25,1,mariadb_target_002885;mariadb_target_002887;mariadb_target_002889
mariadb_aflgo_r1,mariadb,1,root/mariadb/sql/sql_select.cc:3415:3415:66:470:F,/root/mariadb/sql/sql_select.cc,3415,3415,178,1,mariadb_target_002885;mariadb_target_002887;mariadb_target_002889
mariadb_aflgo_r1,mariadb,1,root/mariadb/sql/sql_select.cc:3415:3415:66:471:T,/root/mariadb/sql/sql_select.cc,3415,3415,156,1,mariadb_target_002885;mariadb_target_002887;mariadb_target_002889
mariadb_aflgo_r1,mariadb,1,root/mariadb/sql/sql_select.cc:3415:3415:66:471:F,/root/mariadb/sql/sql_select.cc,3415,3415,22,1,mariadb_target_002885;mariadb_target_002887;mariadb_target_002889
mariadb_aflgo_r1,mariadb,1,root/mariadb/sql/sql_select.cc:3417:3417:66:472:T,/root/mariadb/sql/sql_select.cc,3417,3417,642,1,mariadb_target_002885;mariadb_target_002887;mariadb_target_002889
mariadb_aflgo_r1,mariadb,1,root/mariadb/sql/sql_select.cc:3417:3417:66:472:F,/root/mariadb/sql/sql_select.cc,3417,3417,618,1,mariadb_target_002885;mariadb_target_002887;mariadb_target_002889
mariadb_aflgo_r1,mariadb,1,root/mariadb/sql/sql_select.cc:3419:3419:66:473:T,/root/mariadb/sql/sql_select.cc,3419,3419,642,1,mariadb_target_002885;mariadb_target_002887;mariadb_target_002889
mariadb_aflgo_r1,mariadb,1,root/mariadb/sql/sql_select.cc:3419:3419:66:473:F,/root/mariadb/sql/sql_select.cc,3419,3419,0,0,mariadb_target_002885;mariadb_target_002887;mariadb_target_002889
mariadb_aflgo_r1,mariadb,1,root/mariadb/sql/sql_select.cc:3426:3426:66:474:T,/root/mariadb/sql/sql_select.cc,3426,3426,637,1,mariadb_target_002891
mariadb_aflgo_r1,mariadb,1,root/mariadb/sql/sql_select.cc:3426:3426:66:474:F,/root/mariadb/sql/sql_select.cc,3426,3426,3,1,mariadb_target_002891
mariadb_aflgo_r1,mariadb,1,root/mariadb/sql/sql_select.cc:3430:3430:66:475:T,/root/mariadb/sql/sql_select.cc,3430,3430,360,1,mariadb_target_002891
mariadb_aflgo_r1,mariadb,1,root/mariadb/sql/sql_select.cc:3430:3430:66:475:F,/root/mariadb/sql/sql_select.cc,3430,3430,277,1,mariadb_target_002891
mariadb_aflgo_r1,mariadb,1,root/mariadb/sql/sql_select.cc:3430:3430:66:476:T,/root/mariadb/sql/sql_select.cc,3430,3430,156,1,mariadb_target_002891
mariadb_aflgo_r1,mariadb,1,root/mariadb/sql/sql_select.cc:3430:3430:66:476:F,/root/mariadb/sql/sql_select.cc,3430,3430,204,1,mariadb_target_002891
mariadb_aflgo_r1,mariadb,1,root/mariadb/sql/sql_select.cc:3436:3436:66:477:T,/root/mariadb/sql/sql_select.cc,3436,3436,419,1,mariadb_target_002894;mariadb_target_002896
mariadb_aflgo_r1,mariadb,1,root/mariadb/sql/sql_select.cc:3436:3436:66:477:F,/root/mariadb/sql/sql_select.cc,3436,3436,156,1,mariadb_target_002894;mariadb_target_002896
mariadb_aflgo_r1,mariadb,1,root/mariadb/sql/sql_select.cc:3439:3439:66:478:T,/root/mariadb/sql/sql_select.cc,3439,3439,0,0,mariadb_target_002894;mariadb_target_002896
mariadb_aflgo_r1,mariadb,1,root/mariadb/sql/sql_select.cc:3439:3439:66:478:F,/root/mariadb/sql/sql_select.cc,3439,3439,419,1,mariadb_target_002894;mariadb_target_002896
mariadb_aflgo_r1,mariadb,1,root/mariadb/sql/sql_select.cc:3454:3454:66:479:T,/root/mariadb/sql/sql_select.cc,3454,3454,360,1,mariadb_target_002898
mariadb_aflgo_r1,mariadb,1,root/mariadb/sql/sql_select.cc:3454:3454:66:479:F,/root/mariadb/sql/sql_select.cc,3454,3454,277,1,mariadb_target_002898
mariadb_aflgo_r1,mariadb,1,root/mariadb/sql/sql_select.cc:3454:3454:66:480:T,/root/mariadb/sql/sql_select.cc,3454,3454,25,1,mariadb_target_002898
mariadb_aflgo_r1,mariadb,1,root/mariadb/sql/sql_select.cc:3454:3454:66:480:F,/root/mariadb/sql/sql_select.cc,3454,3454,252,1,mariadb_target_002898
mariadb_aflgo_r1,mariadb,1,root/mariadb/sql/sql_select.cc:3455:3455:66:481:T,/root/mariadb/sql/sql_select.cc,3455,3455,25,1,mariadb_target_002898;mariadb_target_002899
mariadb_aflgo_r1,mariadb,1,root/mariadb/sql/sql_select.cc:3455:3455:66:481:F,/root/mariadb/sql/sql_select.cc,3455,3455,360,1,mariadb_target_002898;mariadb_target_002899
mariadb_aflgo_r1,mariadb,1,root/mariadb/sql/sql_select.cc:3456:3456:66:482:T,/root/mariadb/sql/sql_select.cc,3456,3456,25,1,mariadb_target_002898;mariadb_target_002899
mariadb_aflgo_r1,mariadb,1,root/mariadb/sql/sql_select.cc:3456:3456:66:482:F,/root/mariadb/sql/sql_select.cc,3456,3456,0,0,mariadb_target_002898;mariadb_target_002899
mariadb_aflgo_r1,mariadb,1,root/mariadb/sql/sql_select.cc:3457:3457:66:483:T,/root/mariadb/sql/sql_select.cc,3457,3457,0,0,mariadb_target_002898;mariadb_target_002899
mariadb_aflgo_r1,mariadb,1,root/mariadb/sql/sql_select.cc:3457:3457:66:483:F,/root/mariadb/sql/sql_select.cc,3457,3457,25,1,mariadb_target_002898;mariadb_target_002899
mariadb_aflgo_r1,mariadb,1,root/mariadb/sql/sql_select.cc:3458:3458:66:484:T,/root/mariadb/sql/sql_select.cc,3458,3458,0,0,mariadb_target_002898;mariadb_target_002899
mariadb_aflgo_r1,mariadb,1,root/mariadb/sql/sql_select.cc:3458:3458:66:484:F,/root/mariadb/sql/sql_select.cc,3458,3458,0,0,mariadb_target_002898;mariadb_target_002899
mariadb_aflgo_r1,mariadb,1,root/mariadb/sql/sql_select.cc:3459:3459:66:485:T,/root/mariadb/sql/sql_select.cc,3459,3459,0,0,mariadb_target_002898;mariadb_target_002899
mariadb_aflgo_r1,mariadb,1,root/mariadb/sql/sql_select.cc:3459:3459:66:485:F,/root/mariadb/sql/sql_select.cc,3459,3459,0,0,mariadb_target_002898;mariadb_target_002899
mariadb_aflgo_r1,mariadb,1,root/mariadb/sql/sql_select.cc:3460:3460:66:486:T,/root/mariadb/sql/sql_select.cc,3460,3460,0,0,mariadb_target_002899
mariadb_aflgo_r1,mariadb,1,root/mariadb/sql/sql_select.cc:3460:3460:66:486:F,/root/mariadb/sql/sql_select.cc,3460,3460,0,0,mariadb_target_002899
mariadb_aflgo_r1,mariadb,1,root/mariadb/sql/sql_select.cc:3460:3460:66:487:T,/root/mariadb/sql/sql_select.cc,3460,3460,0,0,mariadb_target_002899
mariadb_aflgo_r1,mariadb,1,root/mariadb/sql/sql_select.cc:3460:3460:66:487:F,/root/mariadb/sql/sql_select.cc,3460,3460,0,0,mariadb_target_002899
mariadb_aflgo_r1,mariadb,1,root/mariadb/sql/sql_select.cc:3460:3460:66:488:T,/root/mariadb/sql/sql_select.cc,3460,3460,0,0,mariadb_target_002899
mariadb_aflgo_r1,mariadb,1,root/mariadb/sql/sql_select.cc:3460:3460:66:488:F,/root/mariadb/sql/sql_select.cc,3460,3460,0,0,mariadb_target_002899
mariadb_aflgo_r1,mariadb,1,root/mariadb/sql/sql_select.cc:3460:3460:66:489:T,/root/mariadb/sql/sql_select.cc,3460,3460,0,0,mariadb_target_002899
mariadb_aflgo_r1,mariadb,1,root/mariadb/sql/sql_select.cc:3460:3460:66:489:F,/root/mariadb/sql/sql_select.cc,3460,3460,0,0,mariadb_target_002899
mariadb_aflgo_r1,mariadb,1,root/mariadb/sql/sql_select.cc:3462:3462:66:490:T,/root/mariadb/sql/sql_select.cc,3462,3462,0,0,mariadb_target_002899
mariadb_aflgo_r1,mariadb,1,root/mariadb/sql/sql_select.cc:3462:3462:66:490:F,/root/mariadb/sql/sql_select.cc,3462,3462,0,0,mariadb_target_002899
mariadb_aflgo_r1,mariadb,1,root/mariadb/sql/sql_select.cc:3489:3489:66:492:T,/root/mariadb/sql/sql_select.cc,3489,3489,228,1,mariadb_target_002901;mariadb_target_002902
mariadb_aflgo_r1,mariadb,1,root/mariadb/sql/sql_select.cc:3489:3489:66:492:F,/root/mariadb/sql/sql_select.cc,3489,3489,0,0,mariadb_target_002901;mariadb_target_002902
mariadb_aflgo_r1,mariadb,1,root/mariadb/sql/sql_select.cc:3490:3490:66:493:T,/root/mariadb/sql/sql_select.cc,3490,3490,0,0,mariadb_target_002901;mariadb_target_002902
mariadb_aflgo_r1,mariadb,1,root/mariadb/sql/sql_select.cc:3490:3490:66:493:F,/root/mariadb/sql/sql_select.cc,3490,3490,0,0,mariadb_target_002901;mariadb_target_002902
mariadb_aflgo_r1,mariadb,1,root/mariadb/sql/sql_select.cc:3491:3491:66:494:T,/root/mariadb/sql/sql_select.cc,3491,3491,0,0,mariadb_target_002901;mariadb_target_002902
mariadb_aflgo_r1,mariadb,1,root/mariadb/sql/sql_select.cc:3491:3491:66:494:F,/root/mariadb/sql/sql_select.cc,3491,3491,0,0,mariadb_target_002901;mariadb_target_002902
mariadb_aflgo_r1,mariadb,1,root/mariadb/sql/sql_select.cc:3492:3493:66:495:T,/root/mariadb/sql/sql_select.cc,3492,3493,0,0,mariadb_target_002901;mariadb_target_002902
mariadb_aflgo_r1,mariadb,1,root/mariadb/sql/sql_select.cc:3492:3493:66:495:F,/root/mariadb/sql/sql_select.cc,3492,3493,0,0,mariadb_target_002901;mariadb_target_002902
mariadb_aflgo_r1,mariadb,1,root/mariadb/sql/sql_select.cc:3495:3495:66:496:T,/root/mariadb/sql/sql_select.cc,3495,3495,228,1,mariadb_target_002901;mariadb_target_002902
mariadb_aflgo_r1,mariadb,1,root/mariadb/sql/sql_select.cc:3495:3495:66:496:F,/root/mariadb/sql/sql_select.cc,3495,3495,0,0,mariadb_target_002901;mariadb_target_002902
mariadb_aflgo_r1,mariadb,1,root/mariadb/sql/sql_select.cc:3496:3496:66:497:T,/root/mariadb/sql/sql_select.cc,3496,3496,228,1,mariadb_target_002901;mariadb_target_002902
mariadb_aflgo_r1,mariadb,1,root/mariadb/sql/sql_select.cc:3496:3496:66:497:F,/root/mariadb/sql/sql_select.cc,3496,3496,0,0,mariadb_target_002901;mariadb_target_002902
mariadb_aflgo_r1,mariadb,1,root/mariadb/sql/sql_select.cc:3505:3505:66:498:T,/root/mariadb/sql/sql_select.cc,3505,3505,203,1,mariadb_target_002904
mariadb_aflgo_r1,mariadb,1,root/mariadb/sql/sql_select.cc:3505:3505:66:498:F,/root/mariadb/sql/sql_select.cc,3505,3505,25,1,mariadb_target_002904
mariadb_aflgo_r1,mariadb,1,root/mariadb/sql/sql_select.cc:3506:3508:66:499:T,/root/mariadb/sql/sql_select.cc,3506,3508,68,1,mariadb_target_002904
mariadb_aflgo_r1,mariadb,1,root/mariadb/sql/sql_select.cc:3506:3508:66:499:F,/root/mariadb/sql/sql_select.cc,3506,3508,160,1,mariadb_target_002904
mariadb_aflgo_r1,mariadb,1,root/mariadb/sql/sql_select.cc:3512:3512:66:500:T,/root/mariadb/sql/sql_select.cc,3512,3512,0,0,mariadb_target_002904
mariadb_aflgo_r1,mariadb,1,root/mariadb/sql/sql_select.cc:3512:3512:66:500:F,/root/mariadb/sql/sql_select.cc,3512,3512,228,1,mariadb_target_002904
mariadb_aflgo_r1,mariadb,1,root/mariadb/sql/sql_select.cc:3533:3533:66:506:T,/root/mariadb/sql/sql_select.cc,3533,3533,157,1,mariadb_target_002905;mariadb_target_002906;mariadb_target_002907
mariadb_aflgo_r1,mariadb,1,root/mariadb/sql/sql_select.cc:3533:3533:66:506:F,/root/mariadb/sql/sql_select.cc,3533,3533,252,1,mariadb_target_002905;mariadb_target_002906;mariadb_target_002907
mariadb_aflgo_r1,mariadb,1,root/mariadb/sql/sql_select.cc:3534:3534:66:507:T,/root/mariadb/sql/sql_select.cc,3534,3534,156,1,mariadb_target_002905;mariadb_target_002906;mariadb_target_002907
mariadb_aflgo_r1,mariadb,1,root/mariadb/sql/sql_select.cc:3534:3534:66:507:F,/root/mariadb/sql/sql_select.cc,3534,3534,1,1,mariadb_target_002905;mariadb_target_002906;mariadb_target_002907
mariadb_aflgo_r1,mariadb,1,root/mariadb/sql/sql_select.cc:3534:3534:66:508:T,/root/mariadb/sql/sql_select.cc,3534,3534,0,0,mariadb_target_002905;mariadb_target_002906;mariadb_target_002907
mariadb_aflgo_r1,mariadb,1,root/mariadb/sql/sql_select.cc:3534:3534:66:508:F,/root/mariadb/sql/sql_select.cc,3534,3534,1,1,mariadb_target_002905;mariadb_target_002906;mariadb_target_002907
mariadb_aflgo_r1,mariadb,1,root/mariadb/sql/sql_select.cc:3537:3539:66:509:T,/root/mariadb/sql/sql_select.cc,3537,3539,0,0,mariadb_target_002905;mariadb_target_002906;mariadb_target_002907
mariadb_aflgo_r1,mariadb,1,root/mariadb/sql/sql_select.cc:3537:3539:66:509:F,/root/mariadb/sql/sql_select.cc,3537,3539,156,1,mariadb_target_002905;mariadb_target_002906;mariadb_target_002907
mariadb_aflgo_r1,mariadb,1,root/mariadb/sql/sql_select.cc:3543:3543:66:510:T,/root/mariadb/sql/sql_select.cc,3543,3543,0,0,mariadb_target_002907
mariadb_aflgo_r1,mariadb,1,root/mariadb/sql/sql_select.cc:3543:3543:66:510:F,/root/mariadb/sql/sql_select.cc,3543,3543,156,1,mariadb_target_002907
mariadb_aflgo_r1,mariadb,1,root/mariadb/sql/sql_select.cc:3598:3598:66:519:T,/root/mariadb/sql/sql_select.cc,3598,3598,1,1,mariadb_target_002908
mariadb_aflgo_r1,mariadb,1,root/mariadb/sql/sql_select.cc:3598:3598:66:519:F,/root/mariadb/sql/sql_select.cc,3598,3598,23,1,mariadb_target_002908
mariadb_aflgo_r1,mariadb,1,root/mariadb/sql/sql_select.cc:3608:3608:66:520:T,/root/mariadb/sql/sql_select.cc,3608,3608,0,0,mariadb_target_002908
mariadb_aflgo_r1,mariadb,1,root/mariadb/sql/sql_select.cc:3608:3608:66:520:F,/root/mariadb/sql/sql_select.cc,3608,3608,24,1,mariadb_target_002908
mariadb_aflgo_r1,mariadb,1,root/mariadb/sql/sql_select.cc:3610:3610:66:521:T,/root/mariadb/sql/sql_select.cc,3610,3610,0,0,mariadb_target_002908
mariadb_aflgo_r1,mariadb,1,root/mariadb/sql/sql_select.cc:3610:3610:66:521:F,/root/mariadb/sql/sql_select.cc,3610,3610,0,0,mariadb_target_002908
mariadb_aflgo_r1,mariadb,1,root/mariadb/sql/sql_select.cc:3617:3617:66:522:T,/root/mariadb/sql/sql_select.cc,3617,3617,0,0,mariadb_target_002908
mariadb_aflgo_r1,mariadb,1,root/mariadb/sql/sql_select.cc:3617:3617:66:522:F,/root/mariadb/sql/sql_select.cc,3617,3617,24,1,mariadb_target_002908
mariadb_aflgo_r1,mariadb,1,root/mariadb/sql/sql_select.cc:3625:3625:66:523:T,/root/mariadb/sql/sql_select.cc,3625,3625,0,0,mariadb_target_002908
mariadb_aflgo_r1,mariadb,1,root/mariadb/sql/sql_select.cc:3625:3625:66:523:F,/root/mariadb/sql/sql_select.cc,3625,3625,24,1,mariadb_target_002908
mariadb_aflgo_r1,mariadb,1,root/mariadb/sql/sql_select.cc:4489:4489:66:730:T,/root/mariadb/sql/sql_select.cc,4489,4489,0,0,mariadb_target_001029;mariadb_target_002909
mariadb_aflgo_r1,mariadb,1,root/mariadb/sql/sql_select.cc:4489:4489:66:730:F,/root/mariadb/sql/sql_select.cc,4489,4489,0,0,mariadb_target_001029;mariadb_target_002909
mariadb_aflgo_r1,mariadb,1,root/mariadb/sql/sql_select.cc:4490:4490:66:731:T,/root/mariadb/sql/sql_select.cc,4490,4490,0,0,mariadb_target_001029;mariadb_target_002909
mariadb_aflgo_r1,mariadb,1,root/mariadb/sql/sql_select.cc:4490:4490:66:731:F,/root/mariadb/sql/sql_select.cc,4490,4490,0,0,mariadb_target_001029;mariadb_target_002909
mariadb_aflgo_r1,mariadb,1,root/mariadb/sql/sql_select.cc:4504:4504:66:737:T,/root/mariadb/sql/sql_select.cc,4504,4504,0,0,mariadb_target_002910
mariadb_aflgo_r1,mariadb,1,root/mariadb/sql/sql_select.cc:4504:4504:66:737:F,/root/mariadb/sql/sql_select.cc,4504,4504,0,0,mariadb_target_002910
mariadb_aflgo_r1,mariadb,1,root/mariadb/sql/sql_select.cc:4627:4627:66:761:T,/root/mariadb/sql/sql_select.cc,4627,4627,0,0,mariadb_target_002912
mariadb_aflgo_r1,mariadb,1,root/mariadb/sql/sql_select.cc:4627:4627:66:761:F,/root/mariadb/sql/sql_select.cc,4627,4627,0,0,mariadb_target_002912
mariadb_aflgo_r1,mariadb,1,root/mariadb/sql/sql_select.cc:4630:4632:66:762:T,/root/mariadb/sql/sql_select.cc,4630,4632,0,0,mariadb_target_002912
mariadb_aflgo_r1,mariadb,1,root/mariadb/sql/sql_select.cc:4630:4632:66:762:F,/root/mariadb/sql/sql_select.cc,4630,4632,0,0,mariadb_target_002912
mariadb_aflgo_r1,mariadb,1,root/mariadb/sql/sql_select.cc:4634:4634:66:763:T,/root/mariadb/sql/sql_select.cc,4634,4634,0,0,mariadb_target_002912
mariadb_aflgo_r1,mariadb,1,root/mariadb/sql/sql_select.cc:4634:4634:66:763:F,/root/mariadb/sql/sql_select.cc,4634,4634,0,0,mariadb_target_002912
mariadb_aflgo_r1,mariadb,1,root/mariadb/sql/sql_select.cc:4639:4639:66:764:T,/root/mariadb/sql/sql_select.cc,4639,4639,0,0,mariadb_target_002912
mariadb_aflgo_r1,mariadb,1,root/mariadb/sql/sql_select.cc:4639:4639:66:764:F,/root/mariadb/sql/sql_select.cc,4639,4639,0,0,mariadb_target_002912
mariadb_aflgo_r1,mariadb,1,root/mariadb/sql/sql_select.cc:4641:4644:66:765:T,/root/mariadb/sql/sql_select.cc,4641,4644,0,0,mariadb_target_002912
mariadb_aflgo_r1,mariadb,1,root/mariadb/sql/sql_select.cc:4641:4644:66:765:F,/root/mariadb/sql/sql_select.cc,4641,4644,0,0,mariadb_target_002912
mariadb_aflgo_r1,mariadb,1,root/mariadb/sql/sql_select.cc:4648:4648:66:766:T,/root/mariadb/sql/sql_select.cc,4648,4648,0,0,mariadb_target_002913;mariadb_target_002914;mariadb_target_002915
mariadb_aflgo_r1,mariadb,1,root/mariadb/sql/sql_select.cc:4648:4648:66:766:F,/root/mariadb/sql/sql_select.cc,4648,4648,640,1,mariadb_target_002913;mariadb_target_002914;mariadb_target_002915
mariadb_aflgo_r1,mariadb,1,root/mariadb/sql/sql_select.cc:4650:4650:66:767:T,/root/mariadb/sql/sql_select.cc,4650,4650,0,0,mariadb_target_002913;mariadb_target_002914;mariadb_target_002915
mariadb_aflgo_r1,mariadb,1,root/mariadb/sql/sql_select.cc:4650:4650:66:767:F,/root/mariadb/sql/sql_select.cc,4650,4650,0,0,mariadb_target_002913;mariadb_target_002914;mariadb_target_002915
mariadb_aflgo_r1,mariadb,1,root/mariadb/sql/sql_select.cc:4652:4655:66:768:T,/root/mariadb/sql/sql_select.cc,4652,4655,0,0,mariadb_target_002913;mariadb_target_002914;mariadb_target_002915
mariadb_aflgo_r1,mariadb,1,root/mariadb/sql/sql_select.cc:4652:4655:66:768:F,/root/mariadb/sql/sql_select.cc,4652,4655,0,0,mariadb_target_002913;mariadb_target_002914;mariadb_target_002915
mariadb_aflgo_r1,mariadb,1,root/mariadb/sql/sql_select.cc:7998:7998:66:966:T,/root/mariadb/sql/sql_select.cc,7998,7998,34,1,mariadb_target_001033;mariadb_target_002921
mariadb_aflgo_r1,mariadb,1,root/mariadb/sql/sql_select.cc:7998:7998:66:966:F,/root/mariadb/sql/sql_select.cc,7998,7998,637,1,mariadb_target_001033;mariadb_target_002921
mariadb_aflgo_r1,mariadb,1,root/mariadb/sql/sql_select.cc:8022:8022:66:969:T,/root/mariadb/sql/sql_select.cc,8022,8022,34,1,mariadb_target_002922
mariadb_aflgo_r1,mariadb,1,root/mariadb/sql/sql_select.cc:8022:8022:66:969:F,/root/mariadb/sql/sql_select.cc,8022,8022,0,0,mariadb_target_002922
mariadb_aflgo_r1,mariadb,1,root/mariadb/sql/sql_select.cc:12656:12656:66:1215:T,/root/mariadb/sql/sql_select.cc,12656,12656,0,0,mariadb_target_000961;mariadb_target_002626;mariadb_target_002627;mariadb_target_002628
mariadb_aflgo_r1,mariadb,1,root/mariadb/sql/sql_select.cc:12656:12656:66:1215:F,/root/mariadb/sql/sql_select.cc,12656,12656,0,0,mariadb_target_000961;mariadb_target_002626;mariadb_target_002627;mariadb_target_002628
mariadb_aflgo_r1,mariadb,1,root/mariadb/sql/sql_select.cc:12656:12656:66:1216:T,/root/mariadb/sql/sql_select.cc,12656,12656,0,0,mariadb_target_000961;mariadb_target_002626;mariadb_target_002627;mariadb_target_002628
mariadb_aflgo_r1,mariadb,1,root/mariadb/sql/sql_select.cc:12656:12656:66:1216:F,/root/mariadb/sql/sql_select.cc,12656,12656,0,0,mariadb_target_000961;mariadb_target_002626;mariadb_target_002627;mariadb_target_002628
mariadb_aflgo_r1,mariadb,1,root/mariadb/sql/sql_select.cc:12658:12658:66:1217:T,/root/mariadb/sql/sql_select.cc,12658,12658,0,0,mariadb_target_000961;mariadb_target_002626;mariadb_target_002627;mariadb_target_002628
mariadb_aflgo_r1,mariadb,1,root/mariadb/sql/sql_select.cc:12658:12658:66:1217:F,/root/mariadb/sql/sql_select.cc,12658,12658,0,0,mariadb_target_000961;mariadb_target_002626;mariadb_target_002627;mariadb_target_002628
mariadb_aflgo_r1,mariadb,1,root/mariadb/sql/sql_select.cc:14316:14316:66:1302:T,/root/mariadb/sql/sql_select.cc,14316,14316,0,0,mariadb_target_002636;mariadb_target_002637;mariadb_target_002638
mariadb_aflgo_r1,mariadb,1,root/mariadb/sql/sql_select.cc:14316:14316:66:1302:F,/root/mariadb/sql/sql_select.cc,14316,14316,0,0,mariadb_target_002636;mariadb_target_002637;mariadb_target_002638
mariadb_aflgo_r1,mariadb,1,root/mariadb/sql/sql_select.cc:14318:14318:66:1303:T,/root/mariadb/sql/sql_select.cc,14318,14318,0,0,mariadb_target_002636;mariadb_target_002637;mariadb_target_002638;mariadb_target_002639
mariadb_aflgo_r1,mariadb,1,root/mariadb/sql/sql_select.cc:14318:14318:66:1303:F,/root/mariadb/sql/sql_select.cc,14318,14318,0,0,mariadb_target_002636;mariadb_target_002637;mariadb_target_002638;mariadb_target_002639
mariadb_aflgo_r1,mariadb,1,root/mariadb/sql/sql_select.cc:14319:14319:66:1304:T,/root/mariadb/sql/sql_select.cc,14319,14319,0,0,mariadb_target_002636;mariadb_target_002637;mariadb_target_002638;mariadb_target_002639
mariadb_aflgo_r1,mariadb,1,root/mariadb/sql/sql_select.cc:14319:14319:66:1304:F,/root/mariadb/sql/sql_select.cc,14319,14319,0,0,mariadb_target_002636;mariadb_target_002637;mariadb_target_002638;mariadb_target_002639
mariadb_aflgo_r1,mariadb,1,root/mariadb/sql/sql_select.cc:14320:14320:66:1305:T,/root/mariadb/sql/sql_select.cc,14320,14320,0,0,mariadb_target_002636;mariadb_target_002637;mariadb_target_002638;mariadb_target_002639
mariadb_aflgo_r1,mariadb,1,root/mariadb/sql/sql_select.cc:14320:14320:66:1305:F,/root/mariadb/sql/sql_select.cc,14320,14320,0,0,mariadb_target_002636;mariadb_target_002637;mariadb_target_002638;mariadb_target_002639
mariadb_aflgo_r1,mariadb,1,root/mariadb/sql/sql_select.cc:14326:14326:66:1306:T,/root/mariadb/sql/sql_select.cc,14326,14326,0,0,mariadb_target_002639
mariadb_aflgo_r1,mariadb,1,root/mariadb/sql/sql_select.cc:14326:14326:66:1306:F,/root/mariadb/sql/sql_select.cc,14326,14326,0,0,mariadb_target_002639
mariadb_aflgo_r1,mariadb,1,root/mariadb/sql/sql_select.cc:16686:16686:66:1360:T,/root/mariadb/sql/sql_select.cc,16686,16686,0,0,mariadb_target_000970;mariadb_target_002702
mariadb_aflgo_r1,mariadb,1,root/mariadb/sql/sql_select.cc:16686:16686:66:1360:F,/root/mariadb/sql/sql_select.cc,16686,16686,0,0,mariadb_target_000970;mariadb_target_002702
mariadb_aflgo_r1,mariadb,1,root/mariadb/sql/sql_select.cc:16689:16689:66:1361:T,/root/mariadb/sql/sql_select.cc,16689,16689,0,0,mariadb_target_000970;mariadb_target_002702
mariadb_aflgo_r1,mariadb,1,root/mariadb/sql/sql_select.cc:16689:16689:66:1361:F,/root/mariadb/sql/sql_select.cc,16689,16689,0,0,mariadb_target_000970;mariadb_target_002702
mariadb_aflgo_r1,mariadb,1,root/mariadb/sql/sql_select.cc:16689:16689:66:1362:T,/root/mariadb/sql/sql_select.cc,16689,16689,0,0,mariadb_target_000970;mariadb_target_002702
mariadb_aflgo_r1,mariadb,1,root/mariadb/sql/sql_select.cc:16689:16689:66:1362:F,/root/mariadb/sql/sql_select.cc,16689,16689,0,0,mariadb_target_000970;mariadb_target_002702
mariadb_aflgo_r1,mariadb,1,root/mariadb/sql/sql_select.cc:16732:16732:66:1363:T,/root/mariadb/sql/sql_select.cc,16732,16732,0,0,mariadb_target_002704;mariadb_target_002705;mariadb_target_002706
mariadb_aflgo_r1,mariadb,1,root/mariadb/sql/sql_select.cc:16732:16732:66:1363:F,/root/mariadb/sql/sql_select.cc,16732,16732,0,0,mariadb_target_002704;mariadb_target_002705;mariadb_target_002706
mariadb_aflgo_r1,mariadb,1,root/mariadb/sql/sql_select.cc:16779:16779:66:1364:T,/root/mariadb/sql/sql_select.cc,16779,16779,0,0,mariadb_target_002711
mariadb_aflgo_r1,mariadb,1,root/mariadb/sql/sql_select.cc:16779:16779:66:1364:F,/root/mariadb/sql/sql_select.cc,16779,16779,1784,1,mariadb_target_002711
mariadb_aflgo_r1,mariadb,1,root/mariadb/sql/sql_select.cc:16781:16781:66:1365:T,/root/mariadb/sql/sql_select.cc,16781,16781,1,1,mariadb_target_002711
mariadb_aflgo_r1,mariadb,1,root/mariadb/sql/sql_select.cc:16781:16781:66:1365:F,/root/mariadb/sql/sql_select.cc,16781,16781,1783,1,mariadb_target_002711
mariadb_aflgo_r1,mariadb,1,root/mariadb/sql/sql_select.cc:16788:16788:66:1366:T,/root/mariadb/sql/sql_select.cc,16788,16788,404,1,mariadb_target_002711;mariadb_target_002712
mariadb_aflgo_r1,mariadb,1,root/mariadb/sql/sql_select.cc:16788:16788:66:1366:F,/root/mariadb/sql/sql_select.cc,16788,16788,1380,1,mariadb_target_002711;mariadb_target_002712
mariadb_aflgo_r1,mariadb,1,root/mariadb/sql/sql_select.cc:16788:16788:66:1367:T,/root/mariadb/sql/sql_select.cc,16788,16788,259,1,mariadb_target_002711;mariadb_target_002712
mariadb_aflgo_r1,mariadb,1,root/mariadb/sql/sql_select.cc:16788:16788:66:1367:F,/root/mariadb/sql/sql_select.cc,16788,16788,145,1,mariadb_target_002711;mariadb_target_002712
mariadb_aflgo_r1,mariadb,1,root/mariadb/sql/sql_select.cc:16788:16788:66:1368:T,/root/mariadb/sql/sql_select.cc,16788,16788,259,1,mariadb_target_002711;mariadb_target_002712
mariadb_aflgo_r1,mariadb,1,root/mariadb/sql/sql_select.cc:16788:16788:66:1368:F,/root/mariadb/sql/sql_select.cc,16788,16788,0,0,mariadb_target_002711;mariadb_target_002712
mariadb_aflgo_r1,mariadb,1,root/mariadb/sql/sql_select.cc:16792:16792:66:1369:T,/root/mariadb/sql/sql_select.cc,16792,16792,1784,1,mariadb_target_002711;mariadb_target_002712;mariadb_target_002713;mariadb_target_002714;mariadb_target_002715
mariadb_aflgo_r1,mariadb,1,root/mariadb/sql/sql_select.cc:16792:16792:66:1369:F,/root/mariadb/sql/sql_select.cc,16792,16792,0,0,mariadb_target_002711;mariadb_target_002712;mariadb_target_002713;mariadb_target_002714;mariadb_target_002715
mariadb_aflgo_r1,mariadb,1,root/mariadb/sql/sql_select.cc:16795:16795:66:1370:T,/root/mariadb/sql/sql_select.cc,16795,16795,0,0,mariadb_target_002711;mariadb_target_002712;mariadb_target_002713;mariadb_target_002714;mariadb_target_002715;mariadb_target_002716;mariadb_target_002717
mariadb_aflgo_r1,mariadb,1,root/mariadb/sql/sql_select.cc:16795:16795:66:1370:F,/root/mariadb/sql/sql_select.cc,16795,16795,1784,1,mariadb_target_002711;mariadb_target_002712;mariadb_target_002713;mariadb_target_002714;mariadb_target_002715;mariadb_target_002716;mariadb_target_002717
mariadb_aflgo_r1,mariadb,1,root/mariadb/sql/sql_select.cc:16797:16797:66:1371:T,/root/mariadb/sql/sql_select.cc,16797,16797,0,0,mariadb_target_002711;mariadb_target_002712;mariadb_target_002713;mariadb_target_002714;mariadb_target_002715;mariadb_target_002716;mariadb_target_002717;mariadb_target_002718
mariadb_aflgo_r1,mariadb,1,root/mariadb/sql/sql_select.cc:16797:16797:66:1371:F,/root/mariadb/sql/sql_select.cc,16797,16797,1784,1,mariadb_target_002711;mariadb_target_002712;mariadb_target_002713;mariadb_target_002714;mariadb_target_002715;mariadb_target_002716;mariadb_target_002717;mariadb_target_002718
mariadb_aflgo_r1,mariadb,1,root/mariadb/sql/sql_select.cc:16797:16797:66:1372:T,/root/mariadb/sql/sql_select.cc,16797,16797,0,0,mariadb_target_002711;mariadb_target_002712;mariadb_target_002713;mariadb_target_002714;mariadb_target_002715;mariadb_target_002716;mariadb_target_002717;mariadb_target_002718
mariadb_aflgo_r1,mariadb,1,root/mariadb/sql/sql_select.cc:16797:16797:66:1372:F,/root/mariadb/sql/sql_select.cc,16797,16797,0,0,mariadb_target_002711;mariadb_target_002712;mariadb_target_002713;mariadb_target_002714;mariadb_target_002715;mariadb_target_002716;mariadb_target_002717;mariadb_target_002718
mariadb_aflgo_r1,mariadb,1,root/mariadb/sql/sql_select.cc:16802:16802:66:1373:T,/root/mariadb/sql/sql_select.cc,16802,16802,1347,1,mariadb_target_002711;mariadb_target_002715;mariadb_target_002716;mariadb_target_002717;mariadb_target_002718
mariadb_aflgo_r1,mariadb,1,root/mariadb/sql/sql_select.cc:16802:16802:66:1373:F,/root/mariadb/sql/sql_select.cc,16802,16802,437,1,mariadb_target_002711;mariadb_target_002715;mariadb_target_002716;mariadb_target_002717;mariadb_target_002718
mariadb_aflgo_r1,mariadb,1,root/mariadb/sql/sql_select.cc:16802:16802:66:1374:T,/root/mariadb/sql/sql_select.cc,16802,16802,0,0,mariadb_target_002711;mariadb_target_002715;mariadb_target_002716;mariadb_target_002717;mariadb_target_002718
mariadb_aflgo_r1,mariadb,1,root/mariadb/sql/sql_select.cc:16802:16802:66:1374:F,/root/mariadb/sql/sql_select.cc,16802,16802,1347,1,mariadb_target_002711;mariadb_target_002715;mariadb_target_002716;mariadb_target_002717;mariadb_target_002718
mariadb_aflgo_r1,mariadb,1,root/mariadb/sql/sql_select.cc:16804:16804:66:1375:T,/root/mariadb/sql/sql_select.cc,16804,16804,0,0,mariadb_target_002711;mariadb_target_002717;mariadb_target_002718
mariadb_aflgo_r1,mariadb,1,root/mariadb/sql/sql_select.cc:16804:16804:66:1375:F,/root/mariadb/sql/sql_select.cc,16804,16804,0,0,mariadb_target_002711;mariadb_target_002717;mariadb_target_002718
mariadb_aflgo_r1,mariadb,1,root/mariadb/sql/sql_select.cc:24245:24245:66:1972:T,/root/mariadb/sql/sql_select.cc,24245,24245,0,0,mariadb_target_002757
mariadb_aflgo_r1,mariadb,1,root/mariadb/sql/sql_select.cc:24245:24245:66:1972:F,/root/mariadb/sql/sql_select.cc,24245,24245,1181,1,mariadb_target_002757
mariadb_aflgo_r1,mariadb,1,root/mariadb/sql/sql_select.cc:24252:24252:66:1973:T,/root/mariadb/sql/sql_select.cc,24252,24252,437,1,mariadb_target_002757
mariadb_aflgo_r1,mariadb,1,root/mariadb/sql/sql_select.cc:24252:24252:66:1973:F,/root/mariadb/sql/sql_select.cc,24252,24252,744,1,mariadb_target_002757
mariadb_aflgo_r1,mariadb,1,root/mariadb/sql/sql_select.cc:24618:24618:66:2017:T,/root/mariadb/sql/sql_select.cc,24618,24618,60,1,mariadb_target_000984;mariadb_target_002761
mariadb_aflgo_r1,mariadb,1,root/mariadb/sql/sql_select.cc:24618:24618:66:2017:F,/root/mariadb/sql/sql_select.cc,24618,24618,667,1,mariadb_target_000984;mariadb_target_002761
mariadb_aflgo_r1,mariadb,1,root/mariadb/sql/sql_select.cc:24618:24618:66:2018:T,/root/mariadb/sql/sql_select.cc,24618,24618,3,1,mariadb_target_000984;mariadb_target_002761
mariadb_aflgo_r1,mariadb,1,root/mariadb/sql/sql_select.cc:24618:24618:66:2018:F,/root/mariadb/sql/sql_select.cc,24618,24618,57,1,mariadb_target_000984;mariadb_target_002761
mariadb_aflgo_r1,mariadb,1,root/mariadb/sql/sql_select.cc:24621:24621:66:2019:T,/root/mariadb/sql/sql_select.cc,24621,24621,0,0,mariadb_target_000984;mariadb_target_002761
mariadb_aflgo_r1,mariadb,1,root/mariadb/sql/sql_select.cc:24621:24621:66:2019:F,/root/mariadb/sql/sql_select.cc,24621,24621,3,1,mariadb_target_000984;mariadb_target_002761
mariadb_aflgo_r1,mariadb,1,root/mariadb/sql/sql_select.cc:24628:24628:66:2020:T,/root/mariadb/sql/sql_select.cc,24628,24628,692,1,mariadb_target_000984;mariadb_target_002761;mariadb_target_002762
mariadb_aflgo_r1,mariadb,1,root/mariadb/sql/sql_select.cc:24628:24628:66:2020:F,/root/mariadb/sql/sql_select.cc,24628,24628,35,1,mariadb_target_000984;mariadb_target_002761;mariadb_target_002762
mariadb_aflgo_r1,mariadb,1,root/mariadb/sql/sql_select.cc:25227:25227:66:2027:T,/root/mariadb/sql/sql_select.cc,25227,25227,0,0,mariadb_target_002770
mariadb_aflgo_r1,mariadb,1,root/mariadb/sql/sql_select.cc:25227:25227:66:2027:F,/root/mariadb/sql/sql_select.cc,25227,25227,0,0,mariadb_target_002770
mariadb_aflgo_r1,mariadb,1,root/mariadb/sql/sql_select.cc:25229:25229:66:2028:T,/root/mariadb/sql/sql_select.cc,25229,25229,0,0,mariadb_target_002770
mariadb_aflgo_r1,mariadb,1,root/mariadb/sql/sql_select.cc:25229:25229:66:2028:F,/root/mariadb/sql/sql_select.cc,25229,25229,0,0,mariadb_target_002770
mariadb_aflgo_r1,mariadb,1,root/mariadb/sql/sql_select.cc:25249:25249:66:2031:T,/root/mariadb/sql/sql_select.cc,25249,25249,0,0,mariadb_target_000987;mariadb_target_002773
mariadb_aflgo_r1,mariadb,1,root/mariadb/sql/sql_select.cc:25249:25249:66:2031:F,/root/mariadb/sql/sql_select.cc,25249,25249,0,0,mariadb_target_000987;mariadb_target_002773
mariadb_aflgo_r1,mariadb,1,root/mariadb/sql/sql_select.cc:25250:25250:66:2032:T,/root/mariadb/sql/sql_select.cc,25250,25250,0,0,mariadb_target_000987;mariadb_target_002773
mariadb_aflgo_r1,mariadb,1,root/mariadb/sql/sql_select.cc:25250:25250:66:2032:F,/root/mariadb/sql/sql_select.cc,25250,25250,0,0,mariadb_target_000987;mariadb_target_002773
mariadb_aflgo_r1,mariadb,1,root/mariadb/sql/sql_select.cc:25252:25252:66:2033:T,/root/mariadb/sql/sql_select.cc,25252,25252,0,0,mariadb_target_000987;mariadb_target_002773;mariadb_target_002774
mariadb_aflgo_r1,mariadb,1,root/mariadb/sql/sql_select.cc:25252:25252:66:2033:F,/root/mariadb/sql/sql_select.cc,25252,25252,0,0,mariadb_target_000987;mariadb_target_002773;mariadb_target_002774
mariadb_aflgo_r1,mariadb,1,root/mariadb/sql/sql_select.cc:25261:25261:66:2034:T,/root/mariadb/sql/sql_select.cc,25261,25261,0,0,mariadb_target_002774
mariadb_aflgo_r1,mariadb,1,root/mariadb/sql/sql_select.cc:25261:25261:66:2034:F,/root/mariadb/sql/sql_select.cc,25261,25261,0,0,mariadb_target_002774
mariadb_aflgo_r1,mariadb,1,root/mariadb/sql/sql_select.cc:25261:25261:66:2035:T,/root/mariadb/sql/sql_select.cc,25261,25261,0,0,mariadb_target_002774
mariadb_aflgo_r1,mariadb,1,root/mariadb/sql/sql_select.cc:25261:25261:66:2035:F,/root/mariadb/sql/sql_select.cc,25261,25261,0,0,mariadb_target_002774
mariadb_aflgo_r1,mariadb,1,root/mariadb/sql/sql_select.cc:25261:25261:66:2036:T,/root/mariadb/sql/sql_select.cc,25261,25261,0,0,mariadb_target_002774
mariadb_aflgo_r1,mariadb,1,root/mariadb/sql/sql_select.cc:25261:25261:66:2036:F,/root/mariadb/sql/sql_select.cc,25261,25261,0,0,mariadb_target_002774
mariadb_aflgo_r1,mariadb,1,root/mariadb/sql/sql_select.cc:25271:25271:66:2037:T,/root/mariadb/sql/sql_select.cc,25271,25271,0,0,mariadb_target_002775
mariadb_aflgo_r1,mariadb,1,root/mariadb/sql/sql_select.cc:25271:25271:66:2037:F,/root/mariadb/sql/sql_select.cc,25271,25271,0,0,mariadb_target_002775
mariadb_aflgo_r1,mariadb,1,root/mariadb/sql/sql_select.cc:25271:25271:66:2038:T,/root/mariadb/sql/sql_select.cc,25271,25271,0,0,mariadb_target_002775
mariadb_aflgo_r1,mariadb,1,root/mariadb/sql/sql_select.cc:25271:25271:66:2038:F,/root/mariadb/sql/sql_select.cc,25271,25271,0,0,mariadb_target_002775
mariadb_aflgo_r1,mariadb,1,root/mariadb/sql/sql_select.cc:25286:25286:66:2040:T,/root/mariadb/sql/sql_select.cc,25286,25286,0,0,mariadb_target_000988;mariadb_target_002776
mariadb_aflgo_r1,mariadb,1,root/mariadb/sql/sql_select.cc:25286:25286:66:2040:F,/root/mariadb/sql/sql_select.cc,25286,25286,0,0,mariadb_target_000988;mariadb_target_002776
mariadb_aflgo_r1,mariadb,1,root/mariadb/sql/sql_select.cc:25584:25584:66:2041:T,/root/mariadb/sql/sql_select.cc,25584,25584,0,0,mariadb_target_000995;mariadb_target_002793;mariadb_target_002794
mariadb_aflgo_r1,mariadb,1,root/mariadb/sql/sql_select.cc:25584:25584:66:2041:F,/root/mariadb/sql/sql_select.cc,25584,25584,1007,1,mariadb_target_000995;mariadb_target_002793;mariadb_target_002794
mariadb_aflgo_r1,mariadb,1,root/mariadb/sql/sql_select.cc:25584:25584:66:2042:T,/root/mariadb/sql/sql_select.cc,25584,25584,0,0,mariadb_target_000995;mariadb_target_002793;mariadb_target_002794
mariadb_aflgo_r1,mariadb,1,root/mariadb/sql/sql_select.cc:25584:25584:66:2042:F,/root/mariadb/sql/sql_select.cc,25584,25584,0,0,mariadb_target_000995;mariadb_target_002793;mariadb_target_002794
mariadb_aflgo_r1,mariadb,1,root/mariadb/sql/sql_select.cc:25587:25587:66:2043:T,/root/mariadb/sql/sql_select.cc,25587,25587,1007,1,mariadb_target_000995;mariadb_target_002793;mariadb_target_002794
mariadb_aflgo_r1,mariadb,1,root/mariadb/sql/sql_select.cc:25587:25587:66:2043:F,/root/mariadb/sql/sql_select.cc,25587,25587,0,0,mariadb_target_000995;mariadb_target_002793;mariadb_target_002794
mariadb_aflgo_r1,mariadb,1,root/mariadb/sql/sql_select.cc:25590:25590:66:2044:T,/root/mariadb/sql/sql_select.cc,25590,25590,570,1,mariadb_target_000995;mariadb_target_002793;mariadb_target_002794
mariadb_aflgo_r1,mariadb,1,root/mariadb/sql/sql_select.cc:25590:25590:66:2044:F,/root/mariadb/sql/sql_select.cc,25590,25590,437,1,mariadb_target_000995;mariadb_target_002793;mariadb_target_002794
mariadb_aflgo_r1,mariadb,1,root/mariadb/sql/sql_select.cc:25593:25593:66:2045:T,/root/mariadb/sql/sql_select.cc,25593,25593,0,0,mariadb_target_002794
mariadb_aflgo_r1,mariadb,1,root/mariadb/sql/sql_select.cc:25593:25593:66:2045:F,/root/mariadb/sql/sql_select.cc,25593,25593,1007,1,mariadb_target_002794
mariadb_aflgo_r1,mariadb,1,root/mariadb/sql/sql_select.cc:25606:25606:66:2049:T,/root/mariadb/sql/sql_select.cc,25606,25606,234,1,mariadb_target_000996;mariadb_target_002795;mariadb_target_002796
mariadb_aflgo_r1,mariadb,1,root/mariadb/sql/sql_select.cc:25606:25606:66:2049:F,/root/mariadb/sql/sql_select.cc,25606,25606,773,1,mariadb_target_000996;mariadb_target_002795;mariadb_target_002796
mariadb_aflgo_r1,mariadb,1,root/mariadb/sql/sql_select.cc:25606:25606:66:2050:T,/root/mariadb/sql/sql_select.cc,25606,25606,0,0,mariadb_target_000996;mariadb_target_002795;mariadb_target_002796
mariadb_aflgo_r1,mariadb,1,root/mariadb/sql/sql_select.cc:25606:25606:66:2050:F,/root/mariadb/sql/sql_select.cc,25606,25606,234,1,mariadb_target_000996;mariadb_target_002795;mariadb_target_002796
mariadb_aflgo_r1,mariadb,1,root/mariadb/sql/sql_select.cc:25609:25609:66:2051:T,/root/mariadb/sql/sql_select.cc,25609,25609,370,1,mariadb_target_000996;mariadb_target_002795;mariadb_target_002796
mariadb_aflgo_r1,mariadb,1,root/mariadb/sql/sql_select.cc:25609:25609:66:2051:F,/root/mariadb/sql/sql_select.cc,25609,25609,637,1,mariadb_target_000996;mariadb_target_002795;mariadb_target_002796
mariadb_aflgo_r1,mariadb,1,root/mariadb/sql/sql_select.cc:25609:25609:66:2052:T,/root/mariadb/sql/sql_select.cc,25609,25609,1,1,mariadb_target_000996;mariadb_target_002795;mariadb_target_002796
mariadb_aflgo_r1,mariadb,1,root/mariadb/sql/sql_select.cc:25609:25609:66:2052:F,/root/mariadb/sql/sql_select.cc,25609,25609,369,1,mariadb_target_000996;mariadb_target_002795;mariadb_target_002796
mariadb_aflgo_r1,mariadb,1,root/mariadb/sql/sql_select.cc:25609:25609:66:2053:T,/root/mariadb/sql/sql_select.cc,25609,25609,0,0,mariadb_target_000996;mariadb_target_002795;mariadb_target_002796
mariadb_aflgo_r1,mariadb,1,root/mariadb/sql/sql_select.cc:25609:25609:66:2053:F,/root/mariadb/sql/sql_select.cc,25609,25609,1,1,mariadb_target_000996;mariadb_target_002795;mariadb_target_002796
mariadb_aflgo_r1,mariadb,1,root/mariadb/sql/sql_select.cc:25613:25613:66:2054:T,/root/mariadb/sql/sql_select.cc,25613,25613,0,0,mariadb_target_002796
mariadb_aflgo_r1,mariadb,1,root/mariadb/sql/sql_select.cc:25613:25613:66:2054:F,/root/mariadb/sql/sql_select.cc,25613,25613,0,0,mariadb_target_002796
mariadb_aflgo_r1,mariadb,1,root/mariadb/sql/sql_select.cc:25638:25638:66:2055:T,/root/mariadb/sql/sql_select.cc,25638,25638,0,0,mariadb_target_002798
mariadb_aflgo_r1,mariadb,1,root/mariadb/sql/sql_select.cc:25638:25638:66:2055:F,/root/mariadb/sql/sql_select.cc,25638,25638,1007,1,mariadb_target_002798
mariadb_aflgo_r1,mariadb,1,root/mariadb/sql/sql_select.cc:25638:25638:66:2056:T,/root/mariadb/sql/sql_select.cc,25638,25638,0,0,mariadb_target_002798
mariadb_aflgo_r1,mariadb,1,root/mariadb/sql/sql_select.cc:25638:25638:66:2056:F,/root/mariadb/sql/sql_select.cc,25638,25638,0,0,mariadb_target_002798
mariadb_aflgo_r1,mariadb,1,root/mariadb/sql/sql_select.cc:25639:25639:66:2057:T,/root/mariadb/sql/sql_select.cc,25639,25639,0,0,mariadb_target_002798
mariadb_aflgo_r1,mariadb,1,root/mariadb/sql/sql_select.cc:25639:25639:66:2057:F,/root/mariadb/sql/sql_select.cc,25639,25639,0,0,mariadb_target_002798
mariadb_aflgo_r1,mariadb,1,root/mariadb/sql/sql_select.cc:25639:25639:66:2058:T,/root/mariadb/sql/sql_select.cc,25639,25639,0,0,mariadb_target_002798
mariadb_aflgo_r1,mariadb,1,root/mariadb/sql/sql_select.cc:25639:25639:66:2058:F,/root/mariadb/sql/sql_select.cc,25639,25639,0,0,mariadb_target_002798
mariadb_aflgo_r1,mariadb,1,root/mariadb/sql/sql_select.cc:25655:25655:66:2061:T,/root/mariadb/sql/sql_select.cc,25655,25655,0,0,mariadb_target_000998;mariadb_target_002799
mariadb_aflgo_r1,mariadb,1,root/mariadb/sql/sql_select.cc:25655:25655:66:2061:F,/root/mariadb/sql/sql_select.cc,25655,25655,1007,1,mariadb_target_000998;mariadb_target_002799
mariadb_aflgo_r1,mariadb,1,root/mariadb/sql/sql_select.cc:25681:25681:66:2062:T,/root/mariadb/sql/sql_select.cc,25681,25681,0,0,mariadb_target_002800;mariadb_target_002805
mariadb_aflgo_r1,mariadb,1,root/mariadb/sql/sql_select.cc:25681:25681:66:2062:F,/root/mariadb/sql/sql_select.cc,25681,25681,404,1,mariadb_target_002800;mariadb_target_002805
mariadb_aflgo_r1,mariadb,1,root/mariadb/sql/sql_select.cc:25827:25827:66:2063:T,/root/mariadb/sql/sql_select.cc,25827,25827,0,0,mariadb_target_001001;mariadb_target_002816
mariadb_aflgo_r1,mariadb,1,root/mariadb/sql/sql_select.cc:25827:25827:66:2063:F,/root/mariadb/sql/sql_select.cc,25827,25827,0,0,mariadb_target_001001;mariadb_target_002816
mariadb_aflgo_r1,mariadb,1,root/mariadb/sql/sql_select.cc:25845:25845:66:2064:T,/root/mariadb/sql/sql_select.cc,25845,25845,0,0,mariadb_target_002818;mariadb_target_002819
mariadb_aflgo_r1,mariadb,1,root/mariadb/sql/sql_select.cc:25845:25845:66:2064:F,/root/mariadb/sql/sql_select.cc,25845,25845,0,0,mariadb_target_002818;mariadb_target_002819
mariadb_aflgo_r1,mariadb,1,root/mariadb/sql/sql_select.cc:28235:28238:66:2162:T,/root/mariadb/sql/sql_select.cc,28235,28238,0,0,mariadb_target_001012;mariadb_target_002845
mariadb_aflgo_r1,mariadb,1,root/mariadb/sql/sql_select.cc:28235:28238:66:2162:F,/root/mariadb/sql/sql_select.cc,28235,28238,0,0,mariadb_target_001012;mariadb_target_002845
mariadb_aflgo_r1,mariadb,1,root/mariadb/sql/sql_select.cc:28245:28245:66:2163:T,/root/mariadb/sql/sql_select.cc,28245,28245,0,0,mariadb_target_001012;mariadb_target_002845
mariadb_aflgo_r1,mariadb,1,root/mariadb/sql/sql_select.cc:28245:28245:66:2163:F,/root/mariadb/sql/sql_select.cc,28245,28245,0,0,mariadb_target_001012;mariadb_target_002845
mariadb_aflgo_r1,mariadb,1,root/mariadb/sql/sql_select.cc:28247:28247:66:2164:T,/root/mariadb/sql/sql_select.cc,28247,28247,0,0,mariadb_target_001012;mariadb_target_002845
mariadb_aflgo_r1,mariadb,1,root/mariadb/sql/sql_select.cc:28247:28247:66:2164:F,/root/mariadb/sql/sql_select.cc,28247,28247,0,0,mariadb_target_001012;mariadb_target_002845
mariadb_aflgo_r1,mariadb,1,root/mariadb/sql/sql_select.cc:28249:28249:66:2165:T,/root/mariadb/sql/sql_select.cc,28249,28249,0,0,mariadb_target_001012;mariadb_target_002845
mariadb_aflgo_r1,mariadb,1,root/mariadb/sql/sql_select.cc:28249:28249:66:2165:F,/root/mariadb/sql/sql_select.cc,28249,28249,0,0,mariadb_target_001012;mariadb_target_002845
mariadb_aflgo_r1,mariadb,1,root/mariadb/sql/sql_select.cc:28258:28258:66:2166:T,/root/mariadb/sql/sql_select.cc,28258,28258,0,0,mariadb_target_001012;mariadb_target_002845
mariadb_aflgo_r1,mariadb,1,root/mariadb/sql/sql_select.cc:28258:28258:66:2166:F,/root/mariadb/sql/sql_select.cc,28258,28258,0,0,mariadb_target_001012;mariadb_target_002845
mariadb_aflgo_r1,mariadb,1,root/mariadb/sql/sql_select.cc:28270:28270:66:2167:T,/root/mariadb/sql/sql_select.cc,28270,28270,0,0,mariadb_target_001012;mariadb_target_001013;mariadb_target_002845;mariadb_target_002846
mariadb_aflgo_r1,mariadb,1,root/mariadb/sql/sql_select.cc:28270:28270:66:2167:F,/root/mariadb/sql/sql_select.cc,28270,28270,0,0,mariadb_target_001012;mariadb_target_001013;mariadb_target_002845;mariadb_target_002846
mariadb_aflgo_r1,mariadb,1,root/mariadb/sql/sql_select.cc:28270:28270:66:2168:T,/root/mariadb/sql/sql_select.cc,28270,28270,0,0,mariadb_target_001012;mariadb_target_001013;mariadb_target_002845;mariadb_target_002846
mariadb_aflgo_r1,mariadb,1,root/mariadb/sql/sql_select.cc:28270:28270:66:2168:F,/root/mariadb/sql/sql_select.cc,28270,28270,0,0,mariadb_target_001012;mariadb_target_001013;mariadb_target_002845;mariadb_target_002846
mariadb_aflgo_r1,mariadb,1,root/mariadb/sql/sql_select.cc:28271:28271:66:2169:T,/root/mariadb/sql/sql_select.cc,28271,28271,0,0,mariadb_target_001012;mariadb_target_001013;mariadb_target_002845;mariadb_target_002846
mariadb_aflgo_r1,mariadb,1,root/mariadb/sql/sql_select.cc:28271:28271:66:2169:F,/root/mariadb/sql/sql_select.cc,28271,28271,0,0,mariadb_target_001012;mariadb_target_001013;mariadb_target_002845;mariadb_target_002846
mariadb_aflgo_r1,mariadb,1,root/mariadb/sql/sql_select.cc:28287:28287:66:2170:T,/root/mariadb/sql/sql_select.cc,28287,28287,0,0,mariadb_target_001012;mariadb_target_002845
mariadb_aflgo_r1,mariadb,1,root/mariadb/sql/sql_select.cc:28287:28287:66:2170:F,/root/mariadb/sql/sql_select.cc,28287,28287,0,0,mariadb_target_001012;mariadb_target_002845
mariadb_aflgo_r1,mariadb,1,root/mariadb/sql/sql_select.cc:28289:28289:66:2171:T,/root/mariadb/sql/sql_select.cc,28289,28289,0,0,mariadb_target_001012;mariadb_target_002845
mariadb_aflgo_r1,mariadb,1,root/mariadb/sql/sql_select.cc:28289:28289:66:2171:F,/root/mariadb/sql/sql_select.cc,28289,28289,0,0,mariadb_target_001012;mariadb_target_002845
mariadb_aflgo_r1,mariadb,1,root/mariadb/sql/sql_select.cc:28290:28290:66:2172:T,/root/mariadb/sql/sql_select.cc,28290,28290,0,0,mariadb_target_001012;mariadb_target_002845
mariadb_aflgo_r1,mariadb,1,root/mariadb/sql/sql_select.cc:28290:28290:66:2172:F,/root/mariadb/sql/sql_select.cc,28290,28290,0,0,mariadb_target_001012;mariadb_target_002845
mariadb_aflgo_r1,mariadb,1,root/mariadb/sql/sql_select.cc:28297:28297:66:2173:T,/root/mariadb/sql/sql_select.cc,28297,28297,0,0,mariadb_target_001012;mariadb_target_002845
mariadb_aflgo_r1,mariadb,1,root/mariadb/sql/sql_select.cc:28297:28297:66:2173:F,/root/mariadb/sql/sql_select.cc,28297,28297,0,0,mariadb_target_001012;mariadb_target_002845
mariadb_aflgo_r1,mariadb,1,root/mariadb/sql/sql_select.cc:29626:29626:66:2261:T,/root/mariadb/sql/sql_select.cc,29626,29626,0,0,mariadb_target_001014;mariadb_target_002849
mariadb_aflgo_r1,mariadb,1,root/mariadb/sql/sql_select.cc:29626:29626:66:2261:F,/root/mariadb/sql/sql_select.cc,29626,29626,26,1,mariadb_target_001014;mariadb_target_002849
mariadb_aflgo_r1,mariadb,1,root/mariadb/sql/sql_select.cc:32439:32439:66:2621:T,/root/mariadb/sql/sql_select.cc,32439,32439,0,0,mariadb_target_001017;mariadb_target_002868
mariadb_aflgo_r1,mariadb,1,root/mariadb/sql/sql_select.cc:32439:32439:66:2621:F,/root/mariadb/sql/sql_select.cc,32439,32439,204,1,mariadb_target_001017;mariadb_target_002868
mariadb_aflgo_r1,mariadb,1,root/mariadb/sql/sql_select.cc:32442:32442:66:2622:T,/root/mariadb/sql/sql_select.cc,32442,32442,204,1,mariadb_target_001017;mariadb_target_002868
mariadb_aflgo_r1,mariadb,1,root/mariadb/sql/sql_select.cc:32442:32442:66:2622:F,/root/mariadb/sql/sql_select.cc,32442,32442,0,0,mariadb_target_001017;mariadb_target_002868
mariadb_aflgo_r1,mariadb,1,root/mariadb/sql/sql_select.cc:32444:32444:66:2623:T,/root/mariadb/sql/sql_select.cc,32444,32444,0,0,mariadb_target_001017;mariadb_target_002868
mariadb_aflgo_r1,mariadb,1,root/mariadb/sql/sql_select.cc:32444:32444:66:2623:F,/root/mariadb/sql/sql_select.cc,32444,32444,204,1,mariadb_target_001017;mariadb_target_002868
mariadb_aflgo_r1,mariadb,1,root/mariadb/sql/sql_select.cc:32843:32843:66:2696:T,/root/mariadb/sql/sql_select.cc,32843,32843,0,0,mariadb_target_001019;mariadb_target_002874
mariadb_aflgo_r1,mariadb,1,root/mariadb/sql/sql_select.cc:32843:32843:66:2696:F,/root/mariadb/sql/sql_select.cc,32843,32843,0,0,mariadb_target_001019;mariadb_target_002874
mariadb_aflgo_r1,mariadb,1,root/mariadb/sql/sql_select.cc:32862:32862:66:2699:T,/root/mariadb/sql/sql_select.cc,32862,32862,0,0,mariadb_target_001020;mariadb_target_002875
mariadb_aflgo_r1,mariadb,1,root/mariadb/sql/sql_select.cc:32862:32862:66:2699:F,/root/mariadb/sql/sql_select.cc,32862,32862,0,0,mariadb_target_001020;mariadb_target_002875
mariadb_aflgo_r1,mariadb,1,root/mariadb/sql/sql_select.cc:32866:32866:66:2700:T,/root/mariadb/sql/sql_select.cc,32866,32866,0,0,mariadb_target_001020;mariadb_target_002875
mariadb_aflgo_r1,mariadb,1,root/mariadb/sql/sql_select.cc:32866:32866:66:2700:F,/root/mariadb/sql/sql_select.cc,32866,32866,0,0,mariadb_target_001020;mariadb_target_002875
mariadb_aflgo_r1,mariadb,1,root/mariadb/sql/sql_select.cc:32870:32870:66:2701:T,/root/mariadb/sql/sql_select.cc,32870,32870,0,0,mariadb_target_001020;mariadb_target_002875
mariadb_aflgo_r1,mariadb,1,root/mariadb/sql/sql_select.cc:32870:32870:66:2701:F,/root/mariadb/sql/sql_select.cc,32870,32870,0,0,mariadb_target_001020;mariadb_target_002875
mariadb_aflgo_r1,mariadb,1,root/mariadb/sql/sql_select.cc:32911:32911:66:2706:T,/root/mariadb/sql/sql_select.cc,32911,32911,149,1,mariadb_target_001022;mariadb_target_002879
mariadb_aflgo_r1,mariadb,1,root/mariadb/sql/sql_select.cc:32911:32911:66:2706:F,/root/mariadb/sql/sql_select.cc,32911,32911,488,1,mariadb_target_001022;mariadb_target_002879
mariadb_aflgo_r1,mariadb,1,root/mariadb/sql/sql_select.cc:32915:32915:66:2707:T,/root/mariadb/sql/sql_select.cc,32915,32915,59,1,mariadb_target_001022;mariadb_target_002879
mariadb_aflgo_r1,mariadb,1,root/mariadb/sql/sql_select.cc:32915:32915:66:2707:F,/root/mariadb/sql/sql_select.cc,32915,32915,578,1,mariadb_target_001022;mariadb_target_002879
mariadb_aflgo_r1,mariadb,1,root/mariadb/sql/sql_select.cc:32919:32919:66:2708:T,/root/mariadb/sql/sql_select.cc,32919,32919,672,1,mariadb_target_001022;mariadb_target_002879
mariadb_aflgo_r1,mariadb,1,root/mariadb/sql/sql_select.cc:32919:32919:66:2708:F,/root/mariadb/sql/sql_select.cc,32919,32919,637,1,mariadb_target_001022;mariadb_target_002879
mariadb_aflgo_r1,mariadb,1,root/mariadb/sql/sql_select.cc:34195:34195:66:2772:T,/root/mariadb/sql/sql_select.cc,34195,34195,1109,1,mariadb_target_001024;mariadb_target_002888
mariadb_aflgo_r1,mariadb,1,root/mariadb/sql/sql_select.cc:34195:34195:66:2772:F,/root/mariadb/sql/sql_select.cc,34195,34195,640,1,mariadb_target_001024;mariadb_target_002888
mariadb_aflgo_r1,mariadb,1,root/mariadb/sql/sql_select.cc:34200:34200:66:2773:T,/root/mariadb/sql/sql_select.cc,34200,34200,0,0,mariadb_target_002890
mariadb_aflgo_r1,mariadb,1,root/mariadb/sql/sql_select.cc:34200:34200:66:2773:F,/root/mariadb/sql/sql_select.cc,34200,34200,1109,1,mariadb_target_002890
mariadb_aflgo_r1,mariadb,1,root/mariadb/sql/sql_select.cc:34201:34201:66:2774:T,/root/mariadb/sql/sql_select.cc,34201,34201,0,0,mariadb_target_002890
mariadb_aflgo_r1,mariadb,1,root/mariadb/sql/sql_select.cc:34201:34201:66:2774:F,/root/mariadb/sql/sql_select.cc,34201,34201,1109,1,mariadb_target_002890
mariadb_aflgo_r1,mariadb,1,root/mariadb/sql/sql_select.cc:34202:34202:66:2775:T,/root/mariadb/sql/sql_select.cc,34202,34202,0,0,mariadb_target_002890
mariadb_aflgo_r1,mariadb,1,root/mariadb/sql/sql_select.cc:34202:34202:66:2775:F,/root/mariadb/sql/sql_select.cc,34202,34202,1109,1,mariadb_target_002890
mariadb_aflgo_r1,mariadb,1,root/mariadb/sql/sql_select.cc:34203:34203:66:2776:T,/root/mariadb/sql/sql_select.cc,34203,34203,437,1,mariadb_target_002890
mariadb_aflgo_r1,mariadb,1,root/mariadb/sql/sql_select.cc:34203:34203:66:2776:F,/root/mariadb/sql/sql_select.cc,34203,34203,672,1,mariadb_target_002890
mariadb_aflgo_r1,mariadb,1,root/mariadb/sql/sql_select.cc:34204:34204:66:2777:T,/root/mariadb/sql/sql_select.cc,34204,34204,0,0,mariadb_target_002890
mariadb_aflgo_r1,mariadb,1,root/mariadb/sql/sql_select.cc:34204:34204:66:2777:F,/root/mariadb/sql/sql_select.cc,34204,34204,1109,1,mariadb_target_002890
mariadb_aflgo_r1,mariadb,1,root/mariadb/sql/sql_select.cc:34206:34206:66:2778:T,/root/mariadb/sql/sql_select.cc,34206,34206,0,0,mariadb_target_002890
mariadb_aflgo_r1,mariadb,1,root/mariadb/sql/sql_select.cc:34206:34206:66:2778:F,/root/mariadb/sql/sql_select.cc,34206,34206,1109,1,mariadb_target_002890
mariadb_aflgo_r1,mariadb,1,root/mariadb/sql/sql_select.cc:34207:34207:66:2779:T,/root/mariadb/sql/sql_select.cc,34207,34207,0,0,mariadb_target_002890
mariadb_aflgo_r1,mariadb,1,root/mariadb/sql/sql_select.cc:34207:34207:66:2779:F,/root/mariadb/sql/sql_select.cc,34207,34207,1109,1,mariadb_target_002890
mariadb_aflgo_r1,mariadb,1,root/mariadb/sql/sql_select.cc:34208:34208:66:2780:T,/root/mariadb/sql/sql_select.cc,34208,34208,34,1,mariadb_target_002890
mariadb_aflgo_r1,mariadb,1,root/mariadb/sql/sql_select.cc:34208:34208:66:2780:F,/root/mariadb/sql/sql_select.cc,34208,34208,1075,1,mariadb_target_002890
mariadb_aflgo_r1,mariadb,1,root/mariadb/sql/sql_select.cc:34209:34209:66:2781:T,/root/mariadb/sql/sql_select.cc,34209,34209,11,1,mariadb_target_002890
mariadb_aflgo_r1,mariadb,1,root/mariadb/sql/sql_select.cc:34209:34209:66:2781:F,/root/mariadb/sql/sql_select.cc,34209,34209,23,1,mariadb_target_002890
mariadb_aflgo_r1,mariadb,1,root/mariadb/sql/sql_select.cc:34209:34209:66:2782:T,/root/mariadb/sql/sql_select.cc,34209,34209,11,1,mariadb_target_002890
mariadb_aflgo_r1,mariadb,1,root/mariadb/sql/sql_select.cc:34209:34209:66:2782:F,/root/mariadb/sql/sql_select.cc,34209,34209,0,0,mariadb_target_002890
mariadb_aflgo_r1,mariadb,1,root/mariadb/sql/sql_select.cc:34212:34212:66:2783:T,/root/mariadb/sql/sql_select.cc,34212,34212,0,0,mariadb_target_002890
mariadb_aflgo_r1,mariadb,1,root/mariadb/sql/sql_select.cc:34212:34212:66:2783:F,/root/mariadb/sql/sql_select.cc,34212,34212,1109,1,mariadb_target_002890
mariadb_aflgo_r1,mariadb,1,root/mariadb/sql/sql_select.cc:34213:34213:66:2784:T,/root/mariadb/sql/sql_select.cc,34213,34213,570,1,mariadb_target_002890
mariadb_aflgo_r1,mariadb,1,root/mariadb/sql/sql_select.cc:34213:34213:66:2784:F,/root/mariadb/sql/sql_select.cc,34213,34213,539,1,mariadb_target_002890
mariadb_aflgo_r1,mariadb,1,root/mariadb/sql/sql_select.cc:34214:34214:66:2785:T,/root/mariadb/sql/sql_select.cc,34214,34214,0,0,mariadb_target_002890
mariadb_aflgo_r1,mariadb,1,root/mariadb/sql/sql_select.cc:34214:34214:66:2785:F,/root/mariadb/sql/sql_select.cc,34214,34214,1109,1,mariadb_target_002890
mariadb_aflgo_r1,mariadb,1,root/mariadb/sql/sql_select.cc:34216:34216:66:2786:T,/root/mariadb/sql/sql_select.cc,34216,34216,370,1,mariadb_target_002890
mariadb_aflgo_r1,mariadb,1,root/mariadb/sql/sql_select.cc:34216:34216:66:2786:F,/root/mariadb/sql/sql_select.cc,34216,34216,200,1,mariadb_target_002890
mariadb_aflgo_r1,mariadb,1,root/mariadb/sql/sql_select.cc:34217:34217:66:2787:T,/root/mariadb/sql/sql_select.cc,34217,34217,200,1,mariadb_target_002890
mariadb_aflgo_r1,mariadb,1,root/mariadb/sql/sql_select.cc:34217:34217:66:2787:F,/root/mariadb/sql/sql_select.cc,34217,34217,0,0,mariadb_target_002890
mariadb_aflgo_r1,mariadb,1,root/mariadb/sql/sql_select.cc:34218:34218:66:2788:T,/root/mariadb/sql/sql_select.cc,34218,34218,570,1,mariadb_target_002890
mariadb_aflgo_r1,mariadb,1,root/mariadb/sql/sql_select.cc:34218:34218:66:2788:F,/root/mariadb/sql/sql_select.cc,34218,34218,0,0,mariadb_target_002890
mariadb_aflgo_r1,mariadb,1,root/mariadb/sql/sql_select.cc:34218:34218:66:2789:T,/root/mariadb/sql/sql_select.cc,34218,34218,1,1,mariadb_target_002890
mariadb_aflgo_r1,mariadb,1,root/mariadb/sql/sql_select.cc:34218:34218:66:2789:F,/root/mariadb/sql/sql_select.cc,34218,34218,569,1,mariadb_target_002890
mariadb_aflgo_r1,mariadb,1,root/mariadb/sql/sql_select.cc:34218:34218:66:2790:T,/root/mariadb/sql/sql_select.cc,34218,34218,1,1,mariadb_target_002890
mariadb_aflgo_r1,mariadb,1,root/mariadb/sql/sql_select.cc:34218:34218:66:2790:F,/root/mariadb/sql/sql_select.cc,34218,34218,0,0,mariadb_target_002890
mariadb_aflgo_r1,mariadb,1,root/mariadb/sql/sql_select.cc:34219:34219:66:2791:T,/root/mariadb/sql/sql_select.cc,34219,34219,1,1,mariadb_target_002890
mariadb_aflgo_r1,mariadb,1,root/mariadb/sql/sql_select.cc:34219:34219:66:2791:F,/root/mariadb/sql/sql_select.cc,34219,34219,0,0,mariadb_target_002890
mariadb_aflgo_r1,mariadb,1,root/mariadb/sql/sql_select.cc:34220:34220:66:2792:T,/root/mariadb/sql/sql_select.cc,34220,34220,1,1,mariadb_target_002890
mariadb_aflgo_r1,mariadb,1,root/mariadb/sql/sql_select.cc:34220:34220:66:2792:F,/root/mariadb/sql/sql_select.cc,34220,34220,0,0,mariadb_target_002890
mariadb_aflgo_r1,mariadb,1,root/mariadb/sql/sql_select.cc:34223:34223:66:2793:T,/root/mariadb/sql/sql_select.cc,34223,34223,0,0,mariadb_target_002890
mariadb_aflgo_r1,mariadb,1,root/mariadb/sql/sql_select.cc:34223:34223:66:2793:F,/root/mariadb/sql/sql_select.cc,34223,34223,1109,1,mariadb_target_002890
mariadb_aflgo_r1,mariadb,1,root/mariadb/sql/sql_select.cc:34224:34224:66:2794:T,/root/mariadb/sql/sql_select.cc,34224,34224,68,1,mariadb_target_002890
mariadb_aflgo_r1,mariadb,1,root/mariadb/sql/sql_select.cc:34224:34224:66:2794:F,/root/mariadb/sql/sql_select.cc,34224,34224,1041,1,mariadb_target_002890
mariadb_aflgo_r1,mariadb,1,root/mariadb/sql/sql_select.cc:34225:34225:66:2795:T,/root/mariadb/sql/sql_select.cc,34225,34225,68,1,mariadb_target_002890
mariadb_aflgo_r1,mariadb,1,root/mariadb/sql/sql_select.cc:34225:34225:66:2795:F,/root/mariadb/sql/sql_select.cc,34225,34225,0,0,mariadb_target_002890
mariadb_aflgo_r1,mariadb,1,root/mariadb/sql/sql_select.cc:34226:34226:66:2796:T,/root/mariadb/sql/sql_select.cc,34226,34226,0,0,mariadb_target_002890
mariadb_aflgo_r1,mariadb,1,root/mariadb/sql/sql_select.cc:34226:34226:66:2796:F,/root/mariadb/sql/sql_select.cc,34226,34226,0,0,mariadb_target_002890
mariadb_aflgo_r1,mariadb,1,root/mariadb/sql/sql_select.cc:34227:34227:66:2797:T,/root/mariadb/sql/sql_select.cc,34227,34227,25,1,mariadb_target_002890
mariadb_aflgo_r1,mariadb,1,root/mariadb/sql/sql_select.cc:34227:34227:66:2797:F,/root/mariadb/sql/sql_select.cc,34227,34227,43,1,mariadb_target_002890
mariadb_aflgo_r1,mariadb,1,root/mariadb/sql/sql_select.cc:34228:34228:66:2798:T,/root/mariadb/sql/sql_select.cc,34228,34228,25,1,mariadb_target_002890
mariadb_aflgo_r1,mariadb,1,root/mariadb/sql/sql_select.cc:34228:34228:66:2798:F,/root/mariadb/sql/sql_select.cc,34228,34228,0,0,mariadb_target_002890
mariadb_aflgo_r1,mariadb,1,root/mariadb/sql/sql_select.cc:34234:34234:66:2799:T,/root/mariadb/sql/sql_select.cc,34234,34234,0,0,mariadb_target_002890
mariadb_aflgo_r1,mariadb,1,root/mariadb/sql/sql_select.cc:34234:34234:66:2799:F,/root/mariadb/sql/sql_select.cc,34234,34234,1109,1,mariadb_target_002890
mariadb_aflgo_r1,mariadb,1,root/mariadb/sql/sql_select.cc:34239:34239:66:2800:T,/root/mariadb/sql/sql_select.cc,34239,34239,37,1,mariadb_target_002890
mariadb_aflgo_r1,mariadb,1,root/mariadb/sql/sql_select.cc:34239:34239:66:2800:F,/root/mariadb/sql/sql_select.cc,34239,34239,1072,1,mariadb_target_002890
mariadb_aflgo_r1,mariadb,1,root/mariadb/sql/sql_select.cc:34240:34240:66:2801:T,/root/mariadb/sql/sql_select.cc,34240,34240,37,1,mariadb_target_002890
mariadb_aflgo_r1,mariadb,1,root/mariadb/sql/sql_select.cc:34240:34240:66:2801:F,/root/mariadb/sql/sql_select.cc,34240,34240,0,0,mariadb_target_002890
mariadb_aflgo_r1,mariadb,1,root/mariadb/sql/sql_select.cc:862:862:66:2885:T,/root/mariadb/sql/sql_select.cc,862,862,0,0,mariadb_target_002924
mariadb_aflgo_r1,mariadb,1,root/mariadb/sql/sql_select.cc:862:862:66:2885:F,/root/mariadb/sql/sql_select.cc,862,862,0,0,mariadb_target_002924
mariadb_aflgo_r1,mariadb,1,root/mariadb/sql/sql_select.cc:864:864:66:2886:T,/root/mariadb/sql/sql_select.cc,864,864,0,0,mariadb_target_002924
mariadb_aflgo_r1,mariadb,1,root/mariadb/sql/sql_select.cc:864:864:66:2886:F,/root/mariadb/sql/sql_select.cc,864,864,0,0,mariadb_target_002924
mariadb_aflgo_r1,mariadb,1,root/mariadb/sql/sql_select.cc:897:897:66:2890:T,/root/mariadb/sql/sql_select.cc,897,897,0,0,mariadb_target_002925
mariadb_aflgo_r1,mariadb,1,root/mariadb/sql/sql_select.cc:897:897:66:2890:F,/root/mariadb/sql/sql_select.cc,897,897,0,0,mariadb_target_002925
mariadb_aflgo_r1,mariadb,1,root/mariadb/sql/sql_select.cc:899:899:66:2891:T,/root/mariadb/sql/sql_select.cc,899,899,0,0,mariadb_target_002925
mariadb_aflgo_r1,mariadb,1,root/mariadb/sql/sql_select.cc:899:899:66:2891:F,/root/mariadb/sql/sql_select.cc,899,899,0,0,mariadb_target_002925
mariadb_aflgo_r1,mariadb,1,root/mariadb/sql/sql_select.cc:24997:24997:66:3062:T,/root/mariadb/sql/sql_select.cc,24997,24997,0,0,mariadb_target_000985;mariadb_target_002767
mariadb_aflgo_r1,mariadb,1,root/mariadb/sql/sql_select.cc:24997:24997:66:3062:F,/root/mariadb/sql/sql_select.cc,24997,24997,5,1,mariadb_target_000985;mariadb_target_002767
mariadb_aflgo_r1,mariadb,1,root/mariadb/sql/sql_select.cc:24998:24998:66:3063:T,/root/mariadb/sql/sql_select.cc,24998,24998,0,0,mariadb_target_000985;mariadb_target_002767
mariadb_aflgo_r1,mariadb,1,root/mariadb/sql/sql_select.cc:24998:24998:66:3063:F,/root/mariadb/sql/sql_select.cc,24998,24998,0,0,mariadb_target_000985;mariadb_target_002767
mariadb_aflgo_r1,mariadb,1,root/mariadb/sql/sql_select.cc:25013:25013:66:3066:T,/root/mariadb/sql/sql_select.cc,25013,25013,0,0,mariadb_target_002768
mariadb_aflgo_r1,mariadb,1,root/mariadb/sql/sql_select.cc:25013:25013:66:3066:F,/root/mariadb/sql/sql_select.cc,25013,25013,0,0,mariadb_target_002768
mariadb_aflgo_r1,mariadb,1,root/mariadb/sql/sql_select.cc:25019:25019:66:3067:T,/root/mariadb/sql/sql_select.cc,25019,25019,5,1,mariadb_target_002768
mariadb_aflgo_r1,mariadb,1,root/mariadb/sql/sql_select.cc:25019:25019:66:3067:F,/root/mariadb/sql/sql_select.cc,25019,25019,0,0,mariadb_target_002768
mariadb_aflgo_r1,mariadb,1,root/mariadb/sql/sql_select.cc:25130:25130:66:3085:T,/root/mariadb/sql/sql_select.cc,25130,25130,0,0,mariadb_target_000986;mariadb_target_002769
mariadb_aflgo_r1,mariadb,1,root/mariadb/sql/sql_select.cc:25130:25130:66:3085:F,/root/mariadb/sql/sql_select.cc,25130,25130,0,0,mariadb_target_000986;mariadb_target_002769
mariadb_aflgo_r1,mariadb,1,root/mariadb/sql/sql_select.cc:25133:25133:66:3086:T,/root/mariadb/sql/sql_select.cc,25133,25133,0,0,mariadb_target_000986;mariadb_target_002769;mariadb_target_002770
mariadb_aflgo_r1,mariadb,1,root/mariadb/sql/sql_select.cc:25133:25133:66:3086:F,/root/mariadb/sql/sql_select.cc,25133,25133,3,1,mariadb_target_000986;mariadb_target_002769;mariadb_target_002770
mariadb_aflgo_r1,mariadb,1,root/mariadb/sql/sql_select.cc:25152:25152:66:3087:T,/root/mariadb/sql/sql_select.cc,25152,25152,0,0,mariadb_target_002770
mariadb_aflgo_r1,mariadb,1,root/mariadb/sql/sql_select.cc:25152:25152:66:3087:F,/root/mariadb/sql/sql_select.cc,25152,25152,0,0,mariadb_target_002770
mariadb_aflgo_r1,mariadb,1,root/mariadb/sql/sql_select.cc:25155:25155:66:3088:T,/root/mariadb/sql/sql_select.cc,25155,25155,0,0,mariadb_target_002770
mariadb_aflgo_r1,mariadb,1,root/mariadb/sql/sql_select.cc:25155:25155:66:3088:F,/root/mariadb/sql/sql_select.cc,25155,25155,0,0,mariadb_target_002770
mariadb_aflgo_r1,mariadb,1,root/mariadb/sql/sql_select.cc:25160:25160:66:3089:T,/root/mariadb/sql/sql_select.cc,25160,25160,0,0,mariadb_target_002770
mariadb_aflgo_r1,mariadb,1,root/mariadb/sql/sql_select.cc:25160:25160:66:3089:F,/root/mariadb/sql/sql_select.cc,25160,25160,0,0,mariadb_target_002770
mariadb_aflgo_r1,mariadb,1,root/mariadb/sql/sql_select.cc:25160:25160:66:3090:T,/root/mariadb/sql/sql_select.cc,25160,25160,0,0,mariadb_target_002770
mariadb_aflgo_r1,mariadb,1,root/mariadb/sql/sql_select.cc:25160:25160:66:3090:F,/root/mariadb/sql/sql_select.cc,25160,25160,0,0,mariadb_target_002770
mariadb_aflgo_r1,mariadb,1,root/mariadb/sql/sql_select.cc:25161:25161:66:3091:T,/root/mariadb/sql/sql_select.cc,25161,25161,0,0,mariadb_target_002770
mariadb_aflgo_r1,mariadb,1,root/mariadb/sql/sql_select.cc:25161:25161:66:3091:F,/root/mariadb/sql/sql_select.cc,25161,25161,0,0,mariadb_target_002770
mariadb_aflgo_r1,mariadb,1,root/mariadb/sql/sql_select.cc:25179:25179:66:3092:T,/root/mariadb/sql/sql_select.cc,25179,25179,0,0,mariadb_target_002770
mariadb_aflgo_r1,mariadb,1,root/mariadb/sql/sql_select.cc:25179:25179:66:3092:F,/root/mariadb/sql/sql_select.cc,25179,25179,0,0,mariadb_target_002770
mariadb_aflgo_r1,mariadb,1,root/mariadb/sql/sql_select.cc:25179:25179:66:3093:T,/root/mariadb/sql/sql_select.cc,25179,25179,0,0,mariadb_target_002770
mariadb_aflgo_r1,mariadb,1,root/mariadb/sql/sql_select.cc:25179:25179:66:3093:F,/root/mariadb/sql/sql_select.cc,25179,25179,0,0,mariadb_target_002770
mariadb_aflgo_r1,mariadb,1,root/mariadb/sql/sql_select.cc:25185:25185:66:3094:T,/root/mariadb/sql/sql_select.cc,25185,25185,0,0,mariadb_target_002770
mariadb_aflgo_r1,mariadb,1,root/mariadb/sql/sql_select.cc:25185:25185:66:3094:F,/root/mariadb/sql/sql_select.cc,25185,25185,0,0,mariadb_target_002770
mariadb_aflgo_r1,mariadb,1,root/mariadb/sql/sql_select.cc:25191:25191:66:3095:T,/root/mariadb/sql/sql_select.cc,25191,25191,0,0,mariadb_target_002770
mariadb_aflgo_r1,mariadb,1,root/mariadb/sql/sql_select.cc:25191:25191:66:3095:F,/root/mariadb/sql/sql_select.cc,25191,25191,0,0,mariadb_target_002770
mariadb_aflgo_r1,mariadb,1,root/mariadb/sql/sql_select.cc:6733:6733:66:3228:T,/root/mariadb/sql/sql_select.cc,6733,6733,0,0,mariadb_target_001032;mariadb_target_002917;mariadb_target_002918
mariadb_aflgo_r1,mariadb,1,root/mariadb/sql/sql_select.cc:6733:6733:66:3228:F,/root/mariadb/sql/sql_select.cc,6733,6733,82,1,mariadb_target_001032;mariadb_target_002917;mariadb_target_002918
mariadb_aflgo_r1,mariadb,1,root/mariadb/sql/sql_select.cc:6734:6734:66:3229:T,/root/mariadb/sql/sql_select.cc,6734,6734,0,0,mariadb_target_001032;mariadb_target_002917;mariadb_target_002918
mariadb_aflgo_r1,mariadb,1,root/mariadb/sql/sql_select.cc:6734:6734:66:3229:F,/root/mariadb/sql/sql_select.cc,6734,6734,0,0,mariadb_target_001032;mariadb_target_002917;mariadb_target_002918
mariadb_aflgo_r1,mariadb,1,root/mariadb/sql/sql_select.cc:6739:6739:66:3230:T,/root/mariadb/sql/sql_select.cc,6739,6739,0,0,mariadb_target_002919
mariadb_aflgo_r1,mariadb,1,root/mariadb/sql/sql_select.cc:6739:6739:66:3230:F,/root/mariadb/sql/sql_select.cc,6739,6739,0,0,mariadb_target_002919
mariadb_aflgo_r1,mariadb,1,root/mariadb/sql/sql_select.cc:6742:6742:66:3231:T,/root/mariadb/sql/sql_select.cc,6742,6742,0,0,mariadb_target_002919
mariadb_aflgo_r1,mariadb,1,root/mariadb/sql/sql_select.cc:6742:6742:66:3231:F,/root/mariadb/sql/sql_select.cc,6742,6742,0,0,mariadb_target_002919
mariadb_aflgo_r1,mariadb,1,root/mariadb/sql/sql_select.cc:6743:6743:66:3232:T,/root/mariadb/sql/sql_select.cc,6743,6743,0,0,mariadb_target_002919
mariadb_aflgo_r1,mariadb,1,root/mariadb/sql/sql_select.cc:6743:6743:66:3232:F,/root/mariadb/sql/sql_select.cc,6743,6743,0,0,mariadb_target_002919
mariadb_aflgo_r1,mariadb,1,root/mariadb/sql/sql_select.cc:6750:6750:66:3233:T,/root/mariadb/sql/sql_select.cc,6750,6750,0,0,mariadb_target_002920
mariadb_aflgo_r1,mariadb,1,root/mariadb/sql/sql_select.cc:6750:6750:66:3233:F,/root/mariadb/sql/sql_select.cc,6750,6750,0,0,mariadb_target_002920
mariadb_aflgo_r1,mariadb,1,root/mariadb/sql/sql_select.cc:6753:6753:66:3234:T,/root/mariadb/sql/sql_select.cc,6753,6753,0,0,mariadb_target_002920
mariadb_aflgo_r1,mariadb,1,root/mariadb/sql/sql_select.cc:6753:6753:66:3234:F,/root/mariadb/sql/sql_select.cc,6753,6753,0,0,mariadb_target_002920
mariadb_aflgo_r1,mariadb,1,root/mariadb/sql/sql_select.cc:6754:6754:66:3235:T,/root/mariadb/sql/sql_select.cc,6754,6754,0,0,mariadb_target_002920
mariadb_aflgo_r1,mariadb,1,root/mariadb/sql/sql_select.cc:6754:6754:66:3235:F,/root/mariadb/sql/sql_select.cc,6754,6754,0,0,mariadb_target_002920
mariadb_aflgo_r1,mariadb,1,root/mariadb/sql/sql_select.cc:10517:10517:66:3279:T,/root/mariadb/sql/sql_select.cc,10517,10517,0,0,mariadb_target_002617;mariadb_target_002618
mariadb_aflgo_r1,mariadb,1,root/mariadb/sql/sql_select.cc:10517:10517:66:3279:F,/root/mariadb/sql/sql_select.cc,10517,10517,0,0,mariadb_target_002617;mariadb_target_002618
mariadb_aflgo_r1,mariadb,1,root/mariadb/sql/sql_select.cc:10519:10519:66:3280:T,/root/mariadb/sql/sql_select.cc,10519,10519,0,0,mariadb_target_002617;mariadb_target_002618
mariadb_aflgo_r1,mariadb,1,root/mariadb/sql/sql_select.cc:10519:10519:66:3280:F,/root/mariadb/sql/sql_select.cc,10519,10519,0,0,mariadb_target_002617;mariadb_target_002618
mariadb_aflgo_r1,mariadb,1,root/mariadb/sql/sql_select.cc:10522:10522:66:3281:T,/root/mariadb/sql/sql_select.cc,10522,10522,0,0,mariadb_target_002617;mariadb_target_002618
mariadb_aflgo_r1,mariadb,1,root/mariadb/sql/sql_select.cc:10522:10522:66:3281:F,/root/mariadb/sql/sql_select.cc,10522,10522,0,0,mariadb_target_002617;mariadb_target_002618
mariadb_aflgo_r1,mariadb,1,root/mariadb/sql/sql_select.cc:10522:10522:66:3282:T,/root/mariadb/sql/sql_select.cc,10522,10522,0,0,mariadb_target_002617;mariadb_target_002618
mariadb_aflgo_r1,mariadb,1,root/mariadb/sql/sql_select.cc:10522:10522:66:3282:F,/root/mariadb/sql/sql_select.cc,10522,10522,0,0,mariadb_target_002617;mariadb_target_002618
mariadb_aflgo_r1,mariadb,1,root/mariadb/sql/sql_select.cc:10681:10681:66:3296:T,/root/mariadb/sql/sql_select.cc,10681,10681,0,0,mariadb_target_002621
mariadb_aflgo_r1,mariadb,1,root/mariadb/sql/sql_select.cc:10681:10681:66:3296:F,/root/mariadb/sql/sql_select.cc,10681,10681,0,0,mariadb_target_002621
mariadb_aflgo_r1,mariadb,1,root/mariadb/sql/sql_select.cc:10681:10681:66:3297:T,/root/mariadb/sql/sql_select.cc,10681,10681,0,0,mariadb_target_002621
mariadb_aflgo_r1,mariadb,1,root/mariadb/sql/sql_select.cc:10681:10681:66:3297:F,/root/mariadb/sql/sql_select.cc,10681,10681,0,0,mariadb_target_002621
mariadb_aflgo_r1,mariadb,1,root/mariadb/sql/sql_select.cc:10708:10708:66:3299:T,/root/mariadb/sql/sql_select.cc,10708,10708,0,0,mariadb_target_002622
mariadb_aflgo_r1,mariadb,1,root/mariadb/sql/sql_select.cc:10708:10708:66:3299:F,/root/mariadb/sql/sql_select.cc,10708,10708,0,0,mariadb_target_002622
mariadb_aflgo_r1,mariadb,1,root/mariadb/sql/sql_select.cc:10709:10709:66:3300:T,/root/mariadb/sql/sql_select.cc,10709,10709,0,0,mariadb_target_002622
mariadb_aflgo_r1,mariadb,1,root/mariadb/sql/sql_select.cc:10709:10709:66:3300:F,/root/mariadb/sql/sql_select.cc,10709,10709,0,0,mariadb_target_002622
mariadb_aflgo_r1,mariadb,1,root/mariadb/sql/sql_select.cc:11985:11985:66:3360:T,/root/mariadb/sql/sql_select.cc,11985,11985,0,0,mariadb_target_000960;mariadb_target_002625
mariadb_aflgo_r1,mariadb,1,root/mariadb/sql/sql_select.cc:11985:11985:66:3360:F,/root/mariadb/sql/sql_select.cc,11985,11985,683,1,mariadb_target_000960;mariadb_target_002625
mariadb_aflgo_r1,mariadb,1,root/mariadb/sql/sql_select.cc:11985:11985:66:3361:T,/root/mariadb/sql/sql_select.cc,11985,11985,0,0,mariadb_target_000960;mariadb_target_002625
mariadb_aflgo_r1,mariadb,1,root/mariadb/sql/sql_select.cc:11985:11985:66:3361:F,/root/mariadb/sql/sql_select.cc,11985,11985,0,0,mariadb_target_000960;mariadb_target_002625
mariadb_aflgo_r1,mariadb,1,root/mariadb/sql/sql_select.cc:25303:25303:66:3497:T,/root/mariadb/sql/sql_select.cc,25303,25303,0,0,mariadb_target_002778
mariadb_aflgo_r1,mariadb,1,root/mariadb/sql/sql_select.cc:25303:25303:66:3497:F,/root/mariadb/sql/sql_select.cc,25303,25303,0,0,mariadb_target_002778
mariadb_aflgo_r1,mariadb,1,root/mariadb/sql/sql_select.cc:14213:14213:66:3499:T,/root/mariadb/sql/sql_select.cc,14213,14213,0,0,mariadb_target_002630
mariadb_aflgo_r1,mariadb,1,root/mariadb/sql/sql_select.cc:14213:14213:66:3499:F,/root/mariadb/sql/sql_select.cc,14213,14213,672,1,mariadb_target_002630
mariadb_aflgo_r1,mariadb,1,root/mariadb/sql/sql_select.cc:14215:14215:66:3500:T,/root/mariadb/sql/sql_select.cc,14215,14215,0,0,mariadb_target_002630
mariadb_aflgo_r1,mariadb,1,root/mariadb/sql/sql_select.cc:14215:14215:66:3500:F,/root/mariadb/sql/sql_select.cc,14215,14215,0,0,mariadb_target_002630
mariadb_aflgo_r1,mariadb,1,root/mariadb/sql/sql_select.cc:14222:14222:66:3501:T,/root/mariadb/sql/sql_select.cc,14222,14222,672,1,mariadb_target_002630;mariadb_target_002631
mariadb_aflgo_r1,mariadb,1,root/mariadb/sql/sql_select.cc:14222:14222:66:3501:F,/root/mariadb/sql/sql_select.cc,14222,14222,640,1,mariadb_target_002630;mariadb_target_002631
mariadb_aflgo_r1,mariadb,1,root/mariadb/sql/sql_select.cc:14229:14229:66:3502:T,/root/mariadb/sql/sql_select.cc,14229,14229,24,1,mariadb_target_002631
mariadb_aflgo_r1,mariadb,1,root/mariadb/sql/sql_select.cc:14229:14229:66:3502:F,/root/mariadb/sql/sql_select.cc,14229,14229,648,1,mariadb_target_002631
mariadb_aflgo_r1,mariadb,1,root/mariadb/sql/sql_select.cc:14239:14239:66:3503:T,/root/mariadb/sql/sql_select.cc,14239,14239,0,0,mariadb_target_002632
mariadb_aflgo_r1,mariadb,1,root/mariadb/sql/sql_select.cc:14239:14239:66:3503:F,/root/mariadb/sql/sql_select.cc,14239,14239,24,1,mariadb_target_002632
mariadb_aflgo_r1,mariadb,1,root/mariadb/sql/sql_select.cc:14239:14239:66:3504:T,/root/mariadb/sql/sql_select.cc,14239,14239,0,0,mariadb_target_002632
mariadb_aflgo_r1,mariadb,1,root/mariadb/sql/sql_select.cc:14239:14239:66:3504:F,/root/mariadb/sql/sql_select.cc,14239,14239,0,0,mariadb_target_002632
mariadb_aflgo_r1,mariadb,1,root/mariadb/sql/sql_select.cc:14242:14242:66:3505:T,/root/mariadb/sql/sql_select.cc,14242,14242,648,1,mariadb_target_002632
mariadb_aflgo_r1,mariadb,1,root/mariadb/sql/sql_select.cc:14242:14242:66:3505:F,/root/mariadb/sql/sql_select.cc,14242,14242,0,0,mariadb_target_002632
mariadb_aflgo_r1,mariadb,1,root/mariadb/sql/sql_select.cc:14245:14245:66:3506:T,/root/mariadb/sql/sql_select.cc,14245,14245,0,0,mariadb_target_002632
mariadb_aflgo_r1,mariadb,1,root/mariadb/sql/sql_select.cc:14245:14245:66:3506:F,/root/mariadb/sql/sql_select.cc,14245,14245,672,1,mariadb_target_002632
mariadb_aflgo_r1,mariadb,1,root/mariadb/sql/sql_select.cc:14247:14247:66:3507:T,/root/mariadb/sql/sql_select.cc,14247,14247,0,0,mariadb_target_002632
mariadb_aflgo_r1,mariadb,1,root/mariadb/sql/sql_select.cc:14247:14247:66:3507:F,/root/mariadb/sql/sql_select.cc,14247,14247,0,0,mariadb_target_002632
mariadb_aflgo_r1,mariadb,1,root/mariadb/sql/sql_select.cc:14256:14256:66:3508:T,/root/mariadb/sql/sql_select.cc,14256,14256,0,0,mariadb_target_002633
mariadb_aflgo_r1,mariadb,1,root/mariadb/sql/sql_select.cc:14256:14256:66:3508:F,/root/mariadb/sql/sql_select.cc,14256,14256,0,0,mariadb_target_002633
mariadb_aflgo_r1,mariadb,1,root/mariadb/sql/sql_select.cc:14256:14256:66:3509:T,/root/mariadb/sql/sql_select.cc,14256,14256,0,0,mariadb_target_002633
mariadb_aflgo_r1,mariadb,1,root/mariadb/sql/sql_select.cc:14256:14256:66:3509:F,/root/mariadb/sql/sql_select.cc,14256,14256,0,0,mariadb_target_002633
mariadb_aflgo_r1,mariadb,1,root/mariadb/sql/sql_select.cc:14262:14262:66:3510:T,/root/mariadb/sql/sql_select.cc,14262,14262,0,0,mariadb_target_002633
mariadb_aflgo_r1,mariadb,1,root/mariadb/sql/sql_select.cc:14262:14262:66:3510:F,/root/mariadb/sql/sql_select.cc,14262,14262,0,0,mariadb_target_002633
mariadb_aflgo_r1,mariadb,1,root/mariadb/sql/sql_select.cc:14359:14359:66:3514:T,/root/mariadb/sql/sql_select.cc,14359,14359,640,1,mariadb_target_000965;mariadb_target_002640
mariadb_aflgo_r1,mariadb,1,root/mariadb/sql/sql_select.cc:14359:14359:66:3514:F,/root/mariadb/sql/sql_select.cc,14359,14359,0,0,mariadb_target_000965;mariadb_target_002640
mariadb_aflgo_r1,mariadb,1,root/mariadb/sql/sql_select.cc:14503:14503:66:3531:T,/root/mariadb/sql/sql_select.cc,14503,14503,672,1,mariadb_target_002642
mariadb_aflgo_r1,mariadb,1,root/mariadb/sql/sql_select.cc:14503:14503:66:3531:F,/root/mariadb/sql/sql_select.cc,14503,14503,0,0,mariadb_target_002642
mariadb_aflgo_r1,mariadb,1,root/mariadb/sql/sql_select.cc:14514:14514:66:3532:T,/root/mariadb/sql/sql_select.cc,14514,14514,0,0,mariadb_target_002642
mariadb_aflgo_r1,mariadb,1,root/mariadb/sql/sql_select.cc:14514:14514:66:3532:F,/root/mariadb/sql/sql_select.cc,14514,14514,672,1,mariadb_target_002642
mariadb_aflgo_r1,mariadb,1,root/mariadb/sql/sql_select.cc:14514:14514:66:3533:T,/root/mariadb/sql/sql_select.cc,14514,14514,0,0,mariadb_target_002642
mariadb_aflgo_r1,mariadb,1,root/mariadb/sql/sql_select.cc:14514:14514:66:3533:F,/root/mariadb/sql/sql_select.cc,14514,14514,0,0,mariadb_target_002642
mariadb_aflgo_r1,mariadb,1,root/mariadb/sql/sql_select.cc:14515:14515:66:3534:T,/root/mariadb/sql/sql_select.cc,14515,14515,0,0,mariadb_target_002642
mariadb_aflgo_r1,mariadb,1,root/mariadb/sql/sql_select.cc:14515:14515:66:3534:F,/root/mariadb/sql/sql_select.cc,14515,14515,0,0,mariadb_target_002642
mariadb_aflgo_r1,mariadb,1,root/mariadb/sql/sql_select.cc:14516:14516:66:3535:T,/root/mariadb/sql/sql_select.cc,14516,14516,0,0,mariadb_target_002642
mariadb_aflgo_r1,mariadb,1,root/mariadb/sql/sql_select.cc:14516:14516:66:3535:F,/root/mariadb/sql/sql_select.cc,14516,14516,0,0,mariadb_target_002642
mariadb_aflgo_r1,mariadb,1,root/mariadb/sql/sql_select.cc:14553:14553:66:3536:T,/root/mariadb/sql/sql_select.cc,14553,14553,34,1,mariadb_target_002642;mariadb_target_002643;mariadb_target_002644;mariadb_target_002645;mariadb_target_002646
mariadb_aflgo_r1,mariadb,1,root/mariadb/sql/sql_select.cc:14553:14553:66:3536:F,/root/mariadb/sql/sql_select.cc,14553,14553,638,1,mariadb_target_002642;mariadb_target_002643;mariadb_target_002644;mariadb_target_002645;mariadb_target_002646
mariadb_aflgo_r1,mariadb,1,root/mariadb/sql/sql_select.cc:14553:14553:66:3537:T,/root/mariadb/sql/sql_select.cc,14553,14553,0,0,mariadb_target_002642;mariadb_target_002643;mariadb_target_002644;mariadb_target_002645;mariadb_target_002646
mariadb_aflgo_r1,mariadb,1,root/mariadb/sql/sql_select.cc:14553:14553:66:3537:F,/root/mariadb/sql/sql_select.cc,14553,14553,34,1,mariadb_target_002642;mariadb_target_002643;mariadb_target_002644;mariadb_target_002645;mariadb_target_002646
mariadb_aflgo_r1,mariadb,1,root/mariadb/sql/sql_select.cc:14554:14554:66:3538:T,/root/mariadb/sql/sql_select.cc,14554,14554,0,0,mariadb_target_002642;mariadb_target_002643;mariadb_target_002644;mariadb_target_002645;mariadb_target_002646
mariadb_aflgo_r1,mariadb,1,root/mariadb/sql/sql_select.cc:14554:14554:66:3538:F,/root/mariadb/sql/sql_select.cc,14554,14554,0,0,mariadb_target_002642;mariadb_target_002643;mariadb_target_002644;mariadb_target_002645;mariadb_target_002646
mariadb_aflgo_r1,mariadb,1,root/mariadb/sql/sql_select.cc:14555:14555:66:3539:T,/root/mariadb/sql/sql_select.cc,14555,14555,0,0,mariadb_target_002642;mariadb_target_002643;mariadb_target_002644;mariadb_target_002645;mariadb_target_002646
mariadb_aflgo_r1,mariadb,1,root/mariadb/sql/sql_select.cc:14555:14555:66:3539:F,/root/mariadb/sql/sql_select.cc,14555,14555,0,0,mariadb_target_002642;mariadb_target_002643;mariadb_target_002644;mariadb_target_002645;mariadb_target_002646
mariadb_aflgo_r1,mariadb,1,root/mariadb/sql/sql_select.cc:14556:14556:66:3540:T,/root/mariadb/sql/sql_select.cc,14556,14556,0,0,mariadb_target_002642;mariadb_target_002643;mariadb_target_002644;mariadb_target_002645;mariadb_target_002646
mariadb_aflgo_r1,mariadb,1,root/mariadb/sql/sql_select.cc:14556:14556:66:3540:F,/root/mariadb/sql/sql_select.cc,14556,14556,0,0,mariadb_target_002642;mariadb_target_002643;mariadb_target_002644;mariadb_target_002645;mariadb_target_002646
mariadb_aflgo_r1,mariadb,1,root/mariadb/sql/sql_select.cc:14557:14557:66:3541:T,/root/mariadb/sql/sql_select.cc,14557,14557,0,0,mariadb_target_002642;mariadb_target_002643;mariadb_target_002644;mariadb_target_002645;mariadb_target_002646
mariadb_aflgo_r1,mariadb,1,root/mariadb/sql/sql_select.cc:14557:14557:66:3541:F,/root/mariadb/sql/sql_select.cc,14557,14557,0,0,mariadb_target_002642;mariadb_target_002643;mariadb_target_002644;mariadb_target_002645;mariadb_target_002646
mariadb_aflgo_r1,mariadb,1,root/mariadb/sql/sql_select.cc:14558:14559:66:3542:T,/root/mariadb/sql/sql_select.cc,14558,14559,0,0,mariadb_target_002642;mariadb_target_002643;mariadb_target_002644;mariadb_target_002645;mariadb_target_002646
mariadb_aflgo_r1,mariadb,1,root/mariadb/sql/sql_select.cc:14558:14559:66:3542:F,/root/mariadb/sql/sql_select.cc,14558,14559,0,0,mariadb_target_002642;mariadb_target_002643;mariadb_target_002644;mariadb_target_002645;mariadb_target_002646
mariadb_aflgo_r1,mariadb,1,root/mariadb/sql/sql_select.cc:14571:14571:66:3543:T,/root/mariadb/sql/sql_select.cc,14571,14571,0,0,mariadb_target_002642;mariadb_target_002647;mariadb_target_002648
mariadb_aflgo_r1,mariadb,1,root/mariadb/sql/sql_select.cc:14571:14571:66:3543:F,/root/mariadb/sql/sql_select.cc,14571,14571,0,0,mariadb_target_002642;mariadb_target_002647;mariadb_target_002648
mariadb_aflgo_r1,mariadb,1,root/mariadb/sql/sql_select.cc:14581:14581:66:3544:T,/root/mariadb/sql/sql_select.cc,14581,14581,0,0,mariadb_target_002642
mariadb_aflgo_r1,mariadb,1,root/mariadb/sql/sql_select.cc:14581:14581:66:3544:F,/root/mariadb/sql/sql_select.cc,14581,14581,0,0,mariadb_target_002642
mariadb_aflgo_r1,mariadb,1,root/mariadb/sql/sql_select.cc:14582:14582:66:3545:T,/root/mariadb/sql/sql_select.cc,14582,14582,0,0,mariadb_target_002642
mariadb_aflgo_r1,mariadb,1,root/mariadb/sql/sql_select.cc:14582:14582:66:3545:F,/root/mariadb/sql/sql_select.cc,14582,14582,0,0,mariadb_target_002642
mariadb_aflgo_r1,mariadb,1,root/mariadb/sql/sql_select.cc:14583:14583:66:3546:T,/root/mariadb/sql/sql_select.cc,14583,14583,0,0,mariadb_target_002642
mariadb_aflgo_r1,mariadb,1,root/mariadb/sql/sql_select.cc:14583:14583:66:3546:F,/root/mariadb/sql/sql_select.cc,14583,14583,0,0,mariadb_target_002642
mariadb_aflgo_r1,mariadb,1,root/mariadb/sql/sql_select.cc:14589:14589:66:3547:T,/root/mariadb/sql/sql_select.cc,14589,14589,184,1,mariadb_target_002642
mariadb_aflgo_r1,mariadb,1,root/mariadb/sql/sql_select.cc:14589:14589:66:3547:F,/root/mariadb/sql/sql_select.cc,14589,14589,488,1,mariadb_target_002642
mariadb_aflgo_r1,mariadb,1,root/mariadb/sql/sql_select.cc:14591:14591:66:3548:T,/root/mariadb/sql/sql_select.cc,14591,14591,0,0,mariadb_target_002642
mariadb_aflgo_r1,mariadb,1,root/mariadb/sql/sql_select.cc:14591:14591:66:3548:F,/root/mariadb/sql/sql_select.cc,14591,14591,184,1,mariadb_target_002642
mariadb_aflgo_r1,mariadb,1,root/mariadb/sql/sql_select.cc:14603:14603:66:3549:T,/root/mariadb/sql/sql_select.cc,14603,14603,22,1,mariadb_target_002642
mariadb_aflgo_r1,mariadb,1,root/mariadb/sql/sql_select.cc:14603:14603:66:3549:F,/root/mariadb/sql/sql_select.cc,14603,14603,162,1,mariadb_target_002642
mariadb_aflgo_r1,mariadb,1,root/mariadb/sql/sql_select.cc:14603:14603:66:3550:T,/root/mariadb/sql/sql_select.cc,14603,14603,0,0,mariadb_target_002642
mariadb_aflgo_r1,mariadb,1,root/mariadb/sql/sql_select.cc:14603:14603:66:3550:F,/root/mariadb/sql/sql_select.cc,14603,14603,22,1,mariadb_target_002642
mariadb_aflgo_r1,mariadb,1,root/mariadb/sql/sql_select.cc:14606:14606:66:3551:T,/root/mariadb/sql/sql_select.cc,14606,14606,149,1,mariadb_target_002642
mariadb_aflgo_r1,mariadb,1,root/mariadb/sql/sql_select.cc:14606:14606:66:3551:F,/root/mariadb/sql/sql_select.cc,14606,14606,35,1,mariadb_target_002642
mariadb_aflgo_r1,mariadb,1,root/mariadb/sql/sql_select.cc:14618:14618:66:3552:T,/root/mariadb/sql/sql_select.cc,14618,14618,0,0,mariadb_target_002642
mariadb_aflgo_r1,mariadb,1,root/mariadb/sql/sql_select.cc:14618:14618:66:3552:F,/root/mariadb/sql/sql_select.cc,14618,14618,149,1,mariadb_target_002642
mariadb_aflgo_r1,mariadb,1,root/mariadb/sql/sql_select.cc:14620:14620:66:3553:T,/root/mariadb/sql/sql_select.cc,14620,14620,0,0,mariadb_target_002642
mariadb_aflgo_r1,mariadb,1,root/mariadb/sql/sql_select.cc:14620:14620:66:3553:F,/root/mariadb/sql/sql_select.cc,14620,14620,149,1,mariadb_target_002642
mariadb_aflgo_r1,mariadb,1,root/mariadb/sql/sql_select.cc:14625:14625:66:3554:T,/root/mariadb/sql/sql_select.cc,14625,14625,11,1,mariadb_target_002642
mariadb_aflgo_r1,mariadb,1,root/mariadb/sql/sql_select.cc:14625:14625:66:3554:F,/root/mariadb/sql/sql_select.cc,14625,14625,173,1,mariadb_target_002642
mariadb_aflgo_r1,mariadb,1,root/mariadb/sql/sql_select.cc:14632:14632:66:3555:T,/root/mariadb/sql/sql_select.cc,14632,14632,0,0,mariadb_target_002642;mariadb_target_002649;mariadb_target_002650
mariadb_aflgo_r1,mariadb,1,root/mariadb/sql/sql_select.cc:14632:14632:66:3555:F,/root/mariadb/sql/sql_select.cc,14632,14632,672,1,mariadb_target_002642;mariadb_target_002649;mariadb_target_002650
mariadb_aflgo_r1,mariadb,1,root/mariadb/sql/sql_select.cc:14632:14632:66:3556:T,/root/mariadb/sql/sql_select.cc,14632,14632,0,0,mariadb_target_002642;mariadb_target_002649;mariadb_target_002650
mariadb_aflgo_r1,mariadb,1,root/mariadb/sql/sql_select.cc:14632:14632:66:3556:F,/root/mariadb/sql/sql_select.cc,14632,14632,672,1,mariadb_target_002642;mariadb_target_002649;mariadb_target_002650
mariadb_aflgo_r1,mariadb,1,root/mariadb/sql/sql_select.cc:14633:14633:66:3557:T,/root/mariadb/sql/sql_select.cc,14633,14633,0,0,mariadb_target_002642;mariadb_target_002649;mariadb_target_002650
mariadb_aflgo_r1,mariadb,1,root/mariadb/sql/sql_select.cc:14633:14633:66:3557:F,/root/mariadb/sql/sql_select.cc,14633,14633,0,0,mariadb_target_002642;mariadb_target_002649;mariadb_target_002650
mariadb_aflgo_r1,mariadb,1,root/mariadb/sql/sql_select.cc:14634:14634:66:3558:T,/root/mariadb/sql/sql_select.cc,14634,14634,0,0,mariadb_target_002642;mariadb_target_002649;mariadb_target_002650
mariadb_aflgo_r1,mariadb,1,root/mariadb/sql/sql_select.cc:14634:14634:66:3558:F,/root/mariadb/sql/sql_select.cc,14634,14634,672,1,mariadb_target_002642;mariadb_target_002649;mariadb_target_002650
mariadb_aflgo_r1,mariadb,1,root/mariadb/sql/sql_select.cc:14635:14635:66:3559:T,/root/mariadb/sql/sql_select.cc,14635,14635,0,0,mariadb_target_002642;mariadb_target_002649;mariadb_target_002650
mariadb_aflgo_r1,mariadb,1,root/mariadb/sql/sql_select.cc:14635:14635:66:3559:F,/root/mariadb/sql/sql_select.cc,14635,14635,672,1,mariadb_target_002642;mariadb_target_002649;mariadb_target_002650
mariadb_aflgo_r1,mariadb,1,root/mariadb/sql/sql_select.cc:14635:14635:66:3560:T,/root/mariadb/sql/sql_select.cc,14635,14635,0,0,mariadb_target_002642;mariadb_target_002649;mariadb_target_002650
mariadb_aflgo_r1,mariadb,1,root/mariadb/sql/sql_select.cc:14635:14635:66:3560:F,/root/mariadb/sql/sql_select.cc,14635,14635,0,0,mariadb_target_002642;mariadb_target_002649;mariadb_target_002650
mariadb_aflgo_r1,mariadb,1,root/mariadb/sql/sql_select.cc:14636:14636:66:3561:T,/root/mariadb/sql/sql_select.cc,14636,14636,0,0,mariadb_target_002642;mariadb_target_002649;mariadb_target_002650
mariadb_aflgo_r1,mariadb,1,root/mariadb/sql/sql_select.cc:14636:14636:66:3561:F,/root/mariadb/sql/sql_select.cc,14636,14636,672,1,mariadb_target_002642;mariadb_target_002649;mariadb_target_002650
mariadb_aflgo_r1,mariadb,1,root/mariadb/sql/sql_select.cc:14637:14637:66:3562:T,/root/mariadb/sql/sql_select.cc,14637,14637,34,1,mariadb_target_002642;mariadb_target_002649;mariadb_target_002650;mariadb_target_002651
mariadb_aflgo_r1,mariadb,1,root/mariadb/sql/sql_select.cc:14637:14637:66:3562:F,/root/mariadb/sql/sql_select.cc,14637,14637,638,1,mariadb_target_002642;mariadb_target_002649;mariadb_target_002650;mariadb_target_002651
mariadb_aflgo_r1,mariadb,1,root/mariadb/sql/sql_select.cc:14637:14637:66:3563:T,/root/mariadb/sql/sql_select.cc,14637,14637,0,0,mariadb_target_002642;mariadb_target_002649;mariadb_target_002650;mariadb_target_002651
mariadb_aflgo_r1,mariadb,1,root/mariadb/sql/sql_select.cc:14637:14637:66:3563:F,/root/mariadb/sql/sql_select.cc,14637,14637,638,1,mariadb_target_002642;mariadb_target_002649;mariadb_target_002650;mariadb_target_002651
mariadb_aflgo_r1,mariadb,1,root/mariadb/sql/sql_select.cc:14638:14638:66:3564:T,/root/mariadb/sql/sql_select.cc,14638,14638,0,0,mariadb_target_002642;mariadb_target_002649;mariadb_target_002650;mariadb_target_002651
mariadb_aflgo_r1,mariadb,1,root/mariadb/sql/sql_select.cc:14638:14638:66:3564:F,/root/mariadb/sql/sql_select.cc,14638,14638,34,1,mariadb_target_002642;mariadb_target_002649;mariadb_target_002650;mariadb_target_002651
mariadb_aflgo_r1,mariadb,1,root/mariadb/sql/sql_select.cc:14639:14639:66:3565:T,/root/mariadb/sql/sql_select.cc,14639,14639,0,0,mariadb_target_002642;mariadb_target_002649;mariadb_target_002650;mariadb_target_002651
mariadb_aflgo_r1,mariadb,1,root/mariadb/sql/sql_select.cc:14639:14639:66:3565:F,/root/mariadb/sql/sql_select.cc,14639,14639,34,1,mariadb_target_002642;mariadb_target_002649;mariadb_target_002650;mariadb_target_002651
mariadb_aflgo_r1,mariadb,1,root/mariadb/sql/sql_select.cc:14639:14639:66:3566:T,/root/mariadb/sql/sql_select.cc,14639,14639,0,0,mariadb_target_002642;mariadb_target_002649;mariadb_target_002650;mariadb_target_002651
mariadb_aflgo_r1,mariadb,1,root/mariadb/sql/sql_select.cc:14639:14639:66:3566:F,/root/mariadb/sql/sql_select.cc,14639,14639,0,0,mariadb_target_002642;mariadb_target_002649;mariadb_target_002650;mariadb_target_002651
mariadb_aflgo_r1,mariadb,1,root/mariadb/sql/sql_select.cc:14640:14640:66:3567:T,/root/mariadb/sql/sql_select.cc,14640,14640,0,0,mariadb_target_002642;mariadb_target_002650;mariadb_target_002651;mariadb_target_002652
mariadb_aflgo_r1,mariadb,1,root/mariadb/sql/sql_select.cc:14640:14640:66:3567:F,/root/mariadb/sql/sql_select.cc,14640,14640,0,0,mariadb_target_002642;mariadb_target_002650;mariadb_target_002651;mariadb_target_002652
mariadb_aflgo_r1,mariadb,1,root/mariadb/sql/sql_select.cc:14641:14641:66:3568:T,/root/mariadb/sql/sql_select.cc,14641,14641,0,0,mariadb_target_002642;mariadb_target_002650;mariadb_target_002651;mariadb_target_002652
mariadb_aflgo_r1,mariadb,1,root/mariadb/sql/sql_select.cc:14641:14641:66:3568:F,/root/mariadb/sql/sql_select.cc,14641,14641,0,0,mariadb_target_002642;mariadb_target_002650;mariadb_target_002651;mariadb_target_002652
mariadb_aflgo_r1,mariadb,1,root/mariadb/sql/sql_select.cc:14642:14642:66:3569:T,/root/mariadb/sql/sql_select.cc,14642,14642,0,0,mariadb_target_002642;mariadb_target_002651;mariadb_target_002652
mariadb_aflgo_r1,mariadb,1,root/mariadb/sql/sql_select.cc:14642:14642:66:3569:F,/root/mariadb/sql/sql_select.cc,14642,14642,0,0,mariadb_target_002642;mariadb_target_002651;mariadb_target_002652
mariadb_aflgo_r1,mariadb,1,root/mariadb/sql/sql_select.cc:14643:14643:66:3570:T,/root/mariadb/sql/sql_select.cc,14643,14643,0,0,mariadb_target_002642;mariadb_target_002651;mariadb_target_002652
mariadb_aflgo_r1,mariadb,1,root/mariadb/sql/sql_select.cc:14643:14643:66:3570:F,/root/mariadb/sql/sql_select.cc,14643,14643,0,0,mariadb_target_002642;mariadb_target_002651;mariadb_target_002652
mariadb_aflgo_r1,mariadb,1,root/mariadb/sql/sql_select.cc:14645:14645:66:3571:T,/root/mariadb/sql/sql_select.cc,14645,14645,184,1,mariadb_target_002642;mariadb_target_002651;mariadb_target_002652
mariadb_aflgo_r1,mariadb,1,root/mariadb/sql/sql_select.cc:14645:14645:66:3571:F,/root/mariadb/sql/sql_select.cc,14645,14645,488,1,mariadb_target_002642;mariadb_target_002651;mariadb_target_002652
mariadb_aflgo_r1,mariadb,1,root/mariadb/sql/sql_select.cc:14645:14645:66:3572:T,/root/mariadb/sql/sql_select.cc,14645,14645,11,1,mariadb_target_002642;mariadb_target_002651;mariadb_target_002652
mariadb_aflgo_r1,mariadb,1,root/mariadb/sql/sql_select.cc:14645:14645:66:3572:F,/root/mariadb/sql/sql_select.cc,14645,14645,173,1,mariadb_target_002642;mariadb_target_002651;mariadb_target_002652
mariadb_aflgo_r1,mariadb,1,root/mariadb/sql/sql_select.cc:14645:14645:66:3573:T,/root/mariadb/sql/sql_select.cc,14645,14645,0,0,mariadb_target_002642;mariadb_target_002651;mariadb_target_002652
mariadb_aflgo_r1,mariadb,1,root/mariadb/sql/sql_select.cc:14645:14645:66:3573:F,/root/mariadb/sql/sql_select.cc,14645,14645,11,1,mariadb_target_002642;mariadb_target_002651;mariadb_target_002652
mariadb_aflgo_r1,mariadb,1,root/mariadb/sql/sql_select.cc:14647:14647:66:3574:T,/root/mariadb/sql/sql_select.cc,14647,14647,0,0,mariadb_target_002642;mariadb_target_002651;mariadb_target_002652
mariadb_aflgo_r1,mariadb,1,root/mariadb/sql/sql_select.cc:14647:14647:66:3574:F,/root/mariadb/sql/sql_select.cc,14647,14647,0,0,mariadb_target_002642;mariadb_target_002651;mariadb_target_002652
mariadb_aflgo_r1,mariadb,1,root/mariadb/sql/sql_select.cc:14647:14647:66:3575:T,/root/mariadb/sql/sql_select.cc,14647,14647,0,0,mariadb_target_002642;mariadb_target_002651;mariadb_target_002652
mariadb_aflgo_r1,mariadb,1,root/mariadb/sql/sql_select.cc:14647:14647:66:3575:F,/root/mariadb/sql/sql_select.cc,14647,14647,0,0,mariadb_target_002642;mariadb_target_002651;mariadb_target_002652
mariadb_aflgo_r1,mariadb,1,root/mariadb/sql/sql_select.cc:14647:14647:66:3576:T,/root/mariadb/sql/sql_select.cc,14647,14647,0,0,mariadb_target_002642;mariadb_target_002651;mariadb_target_002652
mariadb_aflgo_r1,mariadb,1,root/mariadb/sql/sql_select.cc:14647:14647:66:3576:F,/root/mariadb/sql/sql_select.cc,14647,14647,0,0,mariadb_target_002642;mariadb_target_002651;mariadb_target_002652
mariadb_aflgo_r1,mariadb,1,root/mariadb/sql/sql_select.cc:14669:14669:66:3577:T,/root/mariadb/sql/sql_select.cc,14669,14669,173,1,mariadb_target_002642;mariadb_target_002655
mariadb_aflgo_r1,mariadb,1,root/mariadb/sql/sql_select.cc:14669:14669:66:3577:F,/root/mariadb/sql/sql_select.cc,14669,14669,499,1,mariadb_target_002642;mariadb_target_002655
mariadb_aflgo_r1,mariadb,1,root/mariadb/sql/sql_select.cc:14669:14669:66:3578:T,/root/mariadb/sql/sql_select.cc,14669,14669,488,1,mariadb_target_002642;mariadb_target_002655
mariadb_aflgo_r1,mariadb,1,root/mariadb/sql/sql_select.cc:14669:14669:66:3578:F,/root/mariadb/sql/sql_select.cc,14669,14669,11,1,mariadb_target_002642;mariadb_target_002655
mariadb_aflgo_r1,mariadb,1,root/mariadb/sql/sql_select.cc:14669:14669:66:3579:T,/root/mariadb/sql/sql_select.cc,14669,14669,11,1,mariadb_target_002642;mariadb_target_002655
mariadb_aflgo_r1,mariadb,1,root/mariadb/sql/sql_select.cc:14669:14669:66:3579:F,/root/mariadb/sql/sql_select.cc,14669,14669,0,0,mariadb_target_002642;mariadb_target_002655
mariadb_aflgo_r1,mariadb,1,root/mariadb/sql/sql_select.cc:14669:14669:66:3580:T,/root/mariadb/sql/sql_select.cc,14669,14669,0,0,mariadb_target_002642;mariadb_target_002655
mariadb_aflgo_r1,mariadb,1,root/mariadb/sql/sql_select.cc:14669:14669:66:3580:F,/root/mariadb/sql/sql_select.cc,14669,14669,0,0,mariadb_target_002642;mariadb_target_002655
mariadb_aflgo_r1,mariadb,1,root/mariadb/sql/sql_select.cc:14670:14670:66:3581:T,/root/mariadb/sql/sql_select.cc,14670,14670,0,0,mariadb_target_002642;mariadb_target_002655
mariadb_aflgo_r1,mariadb,1,root/mariadb/sql/sql_select.cc:14670:14670:66:3581:F,/root/mariadb/sql/sql_select.cc,14670,14670,0,0,mariadb_target_002642;mariadb_target_002655
mariadb_aflgo_r1,mariadb,1,root/mariadb/sql/sql_select.cc:14670:14670:66:3582:T,/root/mariadb/sql/sql_select.cc,14670,14670,0,0,mariadb_target_002642;mariadb_target_002655
mariadb_aflgo_r1,mariadb,1,root/mariadb/sql/sql_select.cc:14670:14670:66:3582:F,/root/mariadb/sql/sql_select.cc,14670,14670,0,0,mariadb_target_002642;mariadb_target_002655
mariadb_aflgo_r1,mariadb,1,root/mariadb/sql/sql_select.cc:14679:14679:66:3583:T,/root/mariadb/sql/sql_select.cc,14679,14679,0,0,mariadb_target_002642;mariadb_target_002656
mariadb_aflgo_r1,mariadb,1,root/mariadb/sql/sql_select.cc:14679:14679:66:3583:F,/root/mariadb/sql/sql_select.cc,14679,14679,672,1,mariadb_target_002642;mariadb_target_002656
mariadb_aflgo_r1,mariadb,1,root/mariadb/sql/sql_select.cc:14687:14687:66:3584:T,/root/mariadb/sql/sql_select.cc,14687,14687,184,1,mariadb_target_002642;mariadb_target_002656
mariadb_aflgo_r1,mariadb,1,root/mariadb/sql/sql_select.cc:14687:14687:66:3584:F,/root/mariadb/sql/sql_select.cc,14687,14687,488,1,mariadb_target_002642;mariadb_target_002656
mariadb_aflgo_r1,mariadb,1,root/mariadb/sql/sql_select.cc:14687:14687:66:3585:T,/root/mariadb/sql/sql_select.cc,14687,14687,173,1,mariadb_target_002642;mariadb_target_002656
mariadb_aflgo_r1,mariadb,1,root/mariadb/sql/sql_select.cc:14687:14687:66:3585:F,/root/mariadb/sql/sql_select.cc,14687,14687,11,1,mariadb_target_002642;mariadb_target_002656
mariadb_aflgo_r1,mariadb,1,root/mariadb/sql/sql_select.cc:14694:14695:66:3586:T,/root/mariadb/sql/sql_select.cc,14694,14695,0,0,mariadb_target_002642;mariadb_target_002656
mariadb_aflgo_r1,mariadb,1,root/mariadb/sql/sql_select.cc:14694:14695:66:3586:F,/root/mariadb/sql/sql_select.cc,14694,14695,173,1,mariadb_target_002642;mariadb_target_002656
mariadb_aflgo_r1,mariadb,1,root/mariadb/sql/sql_select.cc:14701:14701:66:3587:T,/root/mariadb/sql/sql_select.cc,14701,14701,173,1,mariadb_target_002642;mariadb_target_002656
mariadb_aflgo_r1,mariadb,1,root/mariadb/sql/sql_select.cc:14701:14701:66:3587:F,/root/mariadb/sql/sql_select.cc,14701,14701,0,0,mariadb_target_002642;mariadb_target_002656
mariadb_aflgo_r1,mariadb,1,root/mariadb/sql/sql_select.cc:14704:14705:66:3588:T,/root/mariadb/sql/sql_select.cc,14704,14705,0,0,mariadb_target_002642;mariadb_target_002656
mariadb_aflgo_r1,mariadb,1,root/mariadb/sql/sql_select.cc:14704:14705:66:3588:F,/root/mariadb/sql/sql_select.cc,14704,14705,173,1,mariadb_target_002642;mariadb_target_002656
mariadb_aflgo_r1,mariadb,1,root/mariadb/sql/sql_select.cc:14706:14706:66:3589:T,/root/mariadb/sql/sql_select.cc,14706,14706,0,0,mariadb_target_002642;mariadb_target_002656
mariadb_aflgo_r1,mariadb,1,root/mariadb/sql/sql_select.cc:14706:14706:66:3589:F,/root/mariadb/sql/sql_select.cc,14706,14706,0,0,mariadb_target_002642;mariadb_target_002656
mariadb_aflgo_r1,mariadb,1,root/mariadb/sql/sql_select.cc:14715:14715:66:3590:T,/root/mariadb/sql/sql_select.cc,14715,14715,0,0,mariadb_target_002642;mariadb_target_002656;mariadb_target_002657
mariadb_aflgo_r1,mariadb,1,root/mariadb/sql/sql_select.cc:14715:14715:66:3590:F,/root/mariadb/sql/sql_select.cc,14715,14715,0,0,mariadb_target_002642;mariadb_target_002656;mariadb_target_002657
mariadb_aflgo_r1,mariadb,1,root/mariadb/sql/sql_select.cc:14719:14719:66:3591:T,/root/mariadb/sql/sql_select.cc,14719,14719,0,0,mariadb_target_002642;mariadb_target_002656;mariadb_target_002657
mariadb_aflgo_r1,mariadb,1,root/mariadb/sql/sql_select.cc:14719:14719:66:3591:F,/root/mariadb/sql/sql_select.cc,14719,14719,0,0,mariadb_target_002642;mariadb_target_002656;mariadb_target_002657
mariadb_aflgo_r1,mariadb,1,root/mariadb/sql/sql_select.cc:14722:14722:66:3592:T,/root/mariadb/sql/sql_select.cc,14722,14722,0,0,mariadb_target_002642;mariadb_target_002656;mariadb_target_002657
mariadb_aflgo_r1,mariadb,1,root/mariadb/sql/sql_select.cc:14722:14722:66:3592:F,/root/mariadb/sql/sql_select.cc,14722,14722,0,0,mariadb_target_002642;mariadb_target_002656;mariadb_target_002657
mariadb_aflgo_r1,mariadb,1,root/mariadb/sql/sql_select.cc:14739:14739:66:3593:T,/root/mariadb/sql/sql_select.cc,14739,14739,1,1,mariadb_target_002642;mariadb_target_002656;mariadb_target_002659;mariadb_target_002660
mariadb_aflgo_r1,mariadb,1,root/mariadb/sql/sql_select.cc:14739:14739:66:3593:F,/root/mariadb/sql/sql_select.cc,14739,14739,671,1,mariadb_target_002642;mariadb_target_002656;mariadb_target_002659;mariadb_target_002660
mariadb_aflgo_r1,mariadb,1,root/mariadb/sql/sql_select.cc:14743:14743:66:3594:T,/root/mariadb/sql/sql_select.cc,14743,14743,1,1,mariadb_target_002642;mariadb_target_002656;mariadb_target_002660;mariadb_target_002661
mariadb_aflgo_r1,mariadb,1,root/mariadb/sql/sql_select.cc:14743:14743:66:3594:F,/root/mariadb/sql/sql_select.cc,14743,14743,0,0,mariadb_target_002642;mariadb_target_002656;mariadb_target_002660;mariadb_target_002661
mariadb_aflgo_r1,mariadb,1,root/mariadb/sql/sql_select.cc:14743:14743:66:3595:T,/root/mariadb/sql/sql_select.cc,14743,14743,1,1,mariadb_target_002642;mariadb_target_002656;mariadb_target_002660;mariadb_target_002661
mariadb_aflgo_r1,mariadb,1,root/mariadb/sql/sql_select.cc:14743:14743:66:3595:F,/root/mariadb/sql/sql_select.cc,14743,14743,0,0,mariadb_target_002642;mariadb_target_002656;mariadb_target_002660;mariadb_target_002661
mariadb_aflgo_r1,mariadb,1,root/mariadb/sql/sql_select.cc:14744:14744:66:3596:T,/root/mariadb/sql/sql_select.cc,14744,14744,1,1,mariadb_target_002642;mariadb_target_002656;mariadb_target_002660;mariadb_target_002661
mariadb_aflgo_r1,mariadb,1,root/mariadb/sql/sql_select.cc:14744:14744:66:3596:F,/root/mariadb/sql/sql_select.cc,14744,14744,0,0,mariadb_target_002642;mariadb_target_002656;mariadb_target_002660;mariadb_target_002661
mariadb_aflgo_r1,mariadb,1,root/mariadb/sql/sql_select.cc:14745:14745:66:3597:T,/root/mariadb/sql/sql_select.cc,14745,14745,1,1,mariadb_target_002642;mariadb_target_002656;mariadb_target_002661
mariadb_aflgo_r1,mariadb,1,root/mariadb/sql/sql_select.cc:14745:14745:66:3597:F,/root/mariadb/sql/sql_select.cc,14745,14745,0,0,mariadb_target_002642;mariadb_target_002656;mariadb_target_002661
mariadb_aflgo_r1,mariadb,1,root/mariadb/sql/sql_select.cc:14745:14745:66:3598:T,/root/mariadb/sql/sql_select.cc,14745,14745,1,1,mariadb_target_002642;mariadb_target_002656;mariadb_target_002661
mariadb_aflgo_r1,mariadb,1,root/mariadb/sql/sql_select.cc:14745:14745:66:3598:F,/root/mariadb/sql/sql_select.cc,14745,14745,0,0,mariadb_target_002642;mariadb_target_002656;mariadb_target_002661
mariadb_aflgo_r1,mariadb,1,root/mariadb/sql/sql_select.cc:14746:14746:66:3599:T,/root/mariadb/sql/sql_select.cc,14746,14746,0,0,mariadb_target_002642;mariadb_target_002656;mariadb_target_002661
mariadb_aflgo_r1,mariadb,1,root/mariadb/sql/sql_select.cc:14746:14746:66:3599:F,/root/mariadb/sql/sql_select.cc,14746,14746,0,0,mariadb_target_002642;mariadb_target_002656;mariadb_target_002661
mariadb_aflgo_r1,mariadb,1,root/mariadb/sql/sql_select.cc:14746:14746:66:3600:T,/root/mariadb/sql/sql_select.cc,14746,14746,0,0,mariadb_target_002642;mariadb_target_002656;mariadb_target_002661
mariadb_aflgo_r1,mariadb,1,root/mariadb/sql/sql_select.cc:14746:14746:66:3600:F,/root/mariadb/sql/sql_select.cc,14746,14746,0,0,mariadb_target_002642;mariadb_target_002656;mariadb_target_002661
mariadb_aflgo_r1,mariadb,1,root/mariadb/sql/sql_select.cc:14752:14752:66:3601:T,/root/mariadb/sql/sql_select.cc,14752,14752,0,0,mariadb_target_002642;mariadb_target_002656;mariadb_target_002662;mariadb_target_002663
mariadb_aflgo_r1,mariadb,1,root/mariadb/sql/sql_select.cc:14752:14752:66:3601:F,/root/mariadb/sql/sql_select.cc,14752,14752,1,1,mariadb_target_002642;mariadb_target_002656;mariadb_target_002662;mariadb_target_002663
mariadb_aflgo_r1,mariadb,1,root/mariadb/sql/sql_select.cc:14752:14752:66:3602:T,/root/mariadb/sql/sql_select.cc,14752,14752,0,0,mariadb_target_002642;mariadb_target_002656;mariadb_target_002662;mariadb_target_002663
mariadb_aflgo_r1,mariadb,1,root/mariadb/sql/sql_select.cc:14752:14752:66:3602:F,/root/mariadb/sql/sql_select.cc,14752,14752,0,0,mariadb_target_002642;mariadb_target_002656;mariadb_target_002662;mariadb_target_002663
mariadb_aflgo_r1,mariadb,1,root/mariadb/sql/sql_select.cc:14761:14761:66:3603:T,/root/mariadb/sql/sql_select.cc,14761,14761,672,1,mariadb_target_002642;mariadb_target_002656;mariadb_target_002663;mariadb_target_002664
mariadb_aflgo_r1,mariadb,1,root/mariadb/sql/sql_select.cc:14761:14761:66:3603:F,/root/mariadb/sql/sql_select.cc,14761,14761,0,0,mariadb_target_002642;mariadb_target_002656;mariadb_target_002663;mariadb_target_002664
mariadb_aflgo_r1,mariadb,1,root/mariadb/sql/sql_select.cc:14764:14764:66:3604:T,/root/mariadb/sql/sql_select.cc,14764,14764,637,1,mariadb_target_002642;mariadb_target_002656;mariadb_target_002664;mariadb_target_002665
mariadb_aflgo_r1,mariadb,1,root/mariadb/sql/sql_select.cc:14764:14764:66:3604:F,/root/mariadb/sql/sql_select.cc,14764,14764,35,1,mariadb_target_002642;mariadb_target_002656;mariadb_target_002664;mariadb_target_002665
mariadb_aflgo_r1,mariadb,1,root/mariadb/sql/sql_select.cc:14764:14764:66:3605:T,/root/mariadb/sql/sql_select.cc,14764,14764,0,0,mariadb_target_002642;mariadb_target_002656;mariadb_target_002664;mariadb_target_002665
mariadb_aflgo_r1,mariadb,1,root/mariadb/sql/sql_select.cc:14764:14764:66:3605:F,/root/mariadb/sql/sql_select.cc,14764,14764,637,1,mariadb_target_002642;mariadb_target_002656;mariadb_target_002664;mariadb_target_002665
mariadb_aflgo_r1,mariadb,1,root/mariadb/sql/sql_select.cc:14766:14766:66:3606:T,/root/mariadb/sql/sql_select.cc,14766,14766,0,0,mariadb_target_002642;mariadb_target_002656;mariadb_target_002665
mariadb_aflgo_r1,mariadb,1,root/mariadb/sql/sql_select.cc:14766:14766:66:3606:F,/root/mariadb/sql/sql_select.cc,14766,14766,0,0,mariadb_target_002642;mariadb_target_002656;mariadb_target_002665
mariadb_aflgo_r1,mariadb,1,root/mariadb/sql/sql_select.cc:14767:14767:66:3607:T,/root/mariadb/sql/sql_select.cc,14767,14767,0,0,mariadb_target_002642;mariadb_target_002656;mariadb_target_002665
mariadb_aflgo_r1,mariadb,1,root/mariadb/sql/sql_select.cc:14767:14767:66:3607:F,/root/mariadb/sql/sql_select.cc,14767,14767,0,0,mariadb_target_002642;mariadb_target_002656;mariadb_target_002665
mariadb_aflgo_r1,mariadb,1,root/mariadb/sql/sql_select.cc:14770:14770:66:3608:T,/root/mariadb/sql/sql_select.cc,14770,14770,638,1,mariadb_target_002642;mariadb_target_002656;mariadb_target_002665;mariadb_target_002666
mariadb_aflgo_r1,mariadb,1,root/mariadb/sql/sql_select.cc:14770:14770:66:3608:F,/root/mariadb/sql/sql_select.cc,14770,14770,34,1,mariadb_target_002642;mariadb_target_002656;mariadb_target_002665;mariadb_target_002666
mariadb_aflgo_r1,mariadb,1,root/mariadb/sql/sql_select.cc:14770:14770:66:3609:T,/root/mariadb/sql/sql_select.cc,14770,14770,0,0,mariadb_target_002642;mariadb_target_002656;mariadb_target_002665;mariadb_target_002666
mariadb_aflgo_r1,mariadb,1,root/mariadb/sql/sql_select.cc:14770:14770:66:3609:F,/root/mariadb/sql/sql_select.cc,14770,14770,34,1,mariadb_target_002642;mariadb_target_002656;mariadb_target_002665;mariadb_target_002666
mariadb_aflgo_r1,mariadb,1,root/mariadb/sql/sql_select.cc:14772:14772:66:3610:T,/root/mariadb/sql/sql_select.cc,14772,14772,172,1,mariadb_target_002642;mariadb_target_002656;mariadb_target_002665;mariadb_target_002666
mariadb_aflgo_r1,mariadb,1,root/mariadb/sql/sql_select.cc:14772:14772:66:3610:F,/root/mariadb/sql/sql_select.cc,14772,14772,466,1,mariadb_target_002642;mariadb_target_002656;mariadb_target_002665;mariadb_target_002666
mariadb_aflgo_r1,mariadb,1,root/mariadb/sql/sql_select.cc:14773:14773:66:3611:T,/root/mariadb/sql/sql_select.cc,14773,14773,0,0,mariadb_target_002642;mariadb_target_002656;mariadb_target_002666
mariadb_aflgo_r1,mariadb,1,root/mariadb/sql/sql_select.cc:14773:14773:66:3611:F,/root/mariadb/sql/sql_select.cc,14773,14773,172,1,mariadb_target_002642;mariadb_target_002656;mariadb_target_002666
mariadb_aflgo_r1,mariadb,1,root/mariadb/sql/sql_select.cc:14794:14794:66:3612:T,/root/mariadb/sql/sql_select.cc,14794,14794,638,1,mariadb_target_002642;mariadb_target_002656
mariadb_aflgo_r1,mariadb,1,root/mariadb/sql/sql_select.cc:14794:14794:66:3612:F,/root/mariadb/sql/sql_select.cc,14794,14794,0,0,mariadb_target_002642;mariadb_target_002656
mariadb_aflgo_r1,mariadb,1,root/mariadb/sql/sql_select.cc:14795:14795:66:3613:T,/root/mariadb/sql/sql_select.cc,14795,14795,638,1,mariadb_target_002642;mariadb_target_002656
mariadb_aflgo_r1,mariadb,1,root/mariadb/sql/sql_select.cc:14795:14795:66:3613:F,/root/mariadb/sql/sql_select.cc,14795,14795,0,0,mariadb_target_002642;mariadb_target_002656
mariadb_aflgo_r1,mariadb,1,root/mariadb/sql/sql_select.cc:14796:14796:66:3614:T,/root/mariadb/sql/sql_select.cc,14796,14796,150,1,mariadb_target_002642;mariadb_target_002656
mariadb_aflgo_r1,mariadb,1,root/mariadb/sql/sql_select.cc:14796:14796:66:3614:F,/root/mariadb/sql/sql_select.cc,14796,14796,488,1,mariadb_target_002642;mariadb_target_002656
mariadb_aflgo_r1,mariadb,1,root/mariadb/sql/sql_select.cc:14796:14796:66:3615:T,/root/mariadb/sql/sql_select.cc,14796,14796,0,0,mariadb_target_002642;mariadb_target_002656
mariadb_aflgo_r1,mariadb,1,root/mariadb/sql/sql_select.cc:14796:14796:66:3615:F,/root/mariadb/sql/sql_select.cc,14796,14796,150,1,mariadb_target_002642;mariadb_target_002656
mariadb_aflgo_r1,mariadb,1,root/mariadb/sql/sql_select.cc:14797:14797:66:3616:T,/root/mariadb/sql/sql_select.cc,14797,14797,0,0,mariadb_target_002642;mariadb_target_002656
mariadb_aflgo_r1,mariadb,1,root/mariadb/sql/sql_select.cc:14797:14797:66:3616:F,/root/mariadb/sql/sql_select.cc,14797,14797,0,0,mariadb_target_002642;mariadb_target_002656
mariadb_aflgo_r1,mariadb,1,root/mariadb/sql/sql_select.cc:14798:14798:66:3617:T,/root/mariadb/sql/sql_select.cc,14798,14798,172,1,mariadb_target_002642;mariadb_target_002656
mariadb_aflgo_r1,mariadb,1,root/mariadb/sql/sql_select.cc:14798:14798:66:3617:F,/root/mariadb/sql/sql_select.cc,14798,14798,466,1,mariadb_target_002642;mariadb_target_002656
mariadb_aflgo_r1,mariadb,1,root/mariadb/sql/sql_select.cc:14798:14798:66:3618:T,/root/mariadb/sql/sql_select.cc,14798,14798,172,1,mariadb_target_002642;mariadb_target_002656
mariadb_aflgo_r1,mariadb,1,root/mariadb/sql/sql_select.cc:14798:14798:66:3618:F,/root/mariadb/sql/sql_select.cc,14798,14798,0,0,mariadb_target_002642;mariadb_target_002656
mariadb_aflgo_r1,mariadb,1,root/mariadb/sql/sql_select.cc:14799:14800:66:3619:T,/root/mariadb/sql/sql_select.cc,14799,14800,0,0,mariadb_target_002642;mariadb_target_002656
mariadb_aflgo_r1,mariadb,1,root/mariadb/sql/sql_select.cc:14799:14800:66:3619:F,/root/mariadb/sql/sql_select.cc,14799,14800,172,1,mariadb_target_002642;mariadb_target_002656
mariadb_aflgo_r1,mariadb,1,root/mariadb/sql/sql_select.cc:14801:14801:66:3620:T,/root/mariadb/sql/sql_select.cc,14801,14801,0,0,mariadb_target_002642;mariadb_target_002656
mariadb_aflgo_r1,mariadb,1,root/mariadb/sql/sql_select.cc:14801:14801:66:3620:F,/root/mariadb/sql/sql_select.cc,14801,14801,0,0,mariadb_target_002642;mariadb_target_002656
mariadb_aflgo_r1,mariadb,1,root/mariadb/sql/sql_select.cc:14806:14806:66:3621:T,/root/mariadb/sql/sql_select.cc,14806,14806,0,0,mariadb_target_002642;mariadb_target_002656;mariadb_target_002667
mariadb_aflgo_r1,mariadb,1,root/mariadb/sql/sql_select.cc:14806:14806:66:3621:F,/root/mariadb/sql/sql_select.cc,14806,14806,0,0,mariadb_target_002642;mariadb_target_002656;mariadb_target_002667
mariadb_aflgo_r1,mariadb,1,root/mariadb/sql/sql_select.cc:14817:14817:66:3622:T,/root/mariadb/sql/sql_select.cc,14817,14817,0,0,mariadb_target_002642;mariadb_target_002656;mariadb_target_002667
mariadb_aflgo_r1,mariadb,1,root/mariadb/sql/sql_select.cc:14817:14817:66:3622:F,/root/mariadb/sql/sql_select.cc,14817,14817,0,0,mariadb_target_002642;mariadb_target_002656;mariadb_target_002667
mariadb_aflgo_r1,mariadb,1,root/mariadb/sql/sql_select.cc:14817:14818:66:3623:T,/root/mariadb/sql/sql_select.cc,14817,14818,0,0,mariadb_target_002642;mariadb_target_002656;mariadb_target_002667
mariadb_aflgo_r1,mariadb,1,root/mariadb/sql/sql_select.cc:14817:14818:66:3623:F,/root/mariadb/sql/sql_select.cc,14817,14818,0,0,mariadb_target_002642;mariadb_target_002656;mariadb_target_002667
mariadb_aflgo_r1,mariadb,1,root/mariadb/sql/sql_select.cc:14829:14829:66:3624:T,/root/mariadb/sql/sql_select.cc,14829,14829,0,0,mariadb_target_002642;mariadb_target_002656;mariadb_target_002667
mariadb_aflgo_r1,mariadb,1,root/mariadb/sql/sql_select.cc:14829:14829:66:3624:F,/root/mariadb/sql/sql_select.cc,14829,14829,0,0,mariadb_target_002642;mariadb_target_002656;mariadb_target_002667
mariadb_aflgo_r1,mariadb,1,root/mariadb/sql/sql_select.cc:14829:14829:66:3625:T,/root/mariadb/sql/sql_select.cc,14829,14829,0,0,mariadb_target_002642;mariadb_target_002656;mariadb_target_002667
mariadb_aflgo_r1,mariadb,1,root/mariadb/sql/sql_select.cc:14829:14829:66:3625:F,/root/mariadb/sql/sql_select.cc,14829,14829,0,0,mariadb_target_002642;mariadb_target_002656;mariadb_target_002667
mariadb_aflgo_r1,mariadb,1,root/mariadb/sql/sql_select.cc:14833:14843:66:3626:T,/root/mariadb/sql/sql_select.cc,14833,14843,0,0,mariadb_target_002642;mariadb_target_002656;mariadb_target_002667
mariadb_aflgo_r1,mariadb,1,root/mariadb/sql/sql_select.cc:14833:14843:66:3626:F,/root/mariadb/sql/sql_select.cc,14833,14843,0,0,mariadb_target_002642;mariadb_target_002656;mariadb_target_002667
mariadb_aflgo_r1,mariadb,1,root/mariadb/sql/sql_select.cc:14836:14837:66:3627:T,/root/mariadb/sql/sql_select.cc,14836,14837,0,0,mariadb_target_002642;mariadb_target_002656;mariadb_target_002667
mariadb_aflgo_r1,mariadb,1,root/mariadb/sql/sql_select.cc:14836:14837:66:3627:F,/root/mariadb/sql/sql_select.cc,14836,14837,0,0,mariadb_target_002642;mariadb_target_002656;mariadb_target_002667
mariadb_aflgo_r1,mariadb,1,root/mariadb/sql/sql_select.cc:14850:14850:66:3628:T,/root/mariadb/sql/sql_select.cc,14850,14850,0,0,mariadb_target_002642;mariadb_target_002656;mariadb_target_002667
mariadb_aflgo_r1,mariadb,1,root/mariadb/sql/sql_select.cc:14850:14850:66:3628:F,/root/mariadb/sql/sql_select.cc,14850,14850,0,0,mariadb_target_002642;mariadb_target_002656;mariadb_target_002667
mariadb_aflgo_r1,mariadb,1,root/mariadb/sql/sql_select.cc:14851:14859:66:3629:T,/root/mariadb/sql/sql_select.cc,14851,14859,0,0,mariadb_target_002642;mariadb_target_002656;mariadb_target_002667
mariadb_aflgo_r1,mariadb,1,root/mariadb/sql/sql_select.cc:14851:14859:66:3629:F,/root/mariadb/sql/sql_select.cc,14851,14859,0,0,mariadb_target_002642;mariadb_target_002656;mariadb_target_002667
mariadb_aflgo_r1,mariadb,1,root/mariadb/sql/sql_select.cc:14853:14854:66:3630:T,/root/mariadb/sql/sql_select.cc,14853,14854,0,0,mariadb_target_002642;mariadb_target_002656;mariadb_target_002667
mariadb_aflgo_r1,mariadb,1,root/mariadb/sql/sql_select.cc:14853:14854:66:3630:F,/root/mariadb/sql/sql_select.cc,14853,14854,0,0,mariadb_target_002642;mariadb_target_002656;mariadb_target_002667
mariadb_aflgo_r1,mariadb,1,root/mariadb/sql/sql_select.cc:14865:14865:66:3631:T,/root/mariadb/sql/sql_select.cc,14865,14865,0,0,mariadb_target_002642;mariadb_target_002656;mariadb_target_002667
mariadb_aflgo_r1,mariadb,1,root/mariadb/sql/sql_select.cc:14865:14865:66:3631:F,/root/mariadb/sql/sql_select.cc,14865,14865,0,0,mariadb_target_002642;mariadb_target_002656;mariadb_target_002667
mariadb_aflgo_r1,mariadb,1,root/mariadb/sql/sql_select.cc:14869:14869:66:3632:T,/root/mariadb/sql/sql_select.cc,14869,14869,0,0,mariadb_target_002642;mariadb_target_002656;mariadb_target_002667
mariadb_aflgo_r1,mariadb,1,root/mariadb/sql/sql_select.cc:14869:14869:66:3632:F,/root/mariadb/sql/sql_select.cc,14869,14869,0,0,mariadb_target_002642;mariadb_target_002656;mariadb_target_002667
mariadb_aflgo_r1,mariadb,1,root/mariadb/sql/sql_select.cc:14894:14894:66:3633:T,/root/mariadb/sql/sql_select.cc,14894,14894,1,1,mariadb_target_002642;mariadb_target_002656;mariadb_target_002668;mariadb_target_002669
mariadb_aflgo_r1,mariadb,1,root/mariadb/sql/sql_select.cc:14894:14894:66:3633:F,/root/mariadb/sql/sql_select.cc,14894,14894,637,1,mariadb_target_002642;mariadb_target_002656;mariadb_target_002668;mariadb_target_002669
mariadb_aflgo_r1,mariadb,1,root/mariadb/sql/sql_select.cc:14895:14895:66:3634:T,/root/mariadb/sql/sql_select.cc,14895,14895,0,0,mariadb_target_002642;mariadb_target_002656;mariadb_target_002668;mariadb_target_002669
mariadb_aflgo_r1,mariadb,1,root/mariadb/sql/sql_select.cc:14895:14895:66:3634:F,/root/mariadb/sql/sql_select.cc,14895,14895,637,1,mariadb_target_002642;mariadb_target_002656;mariadb_target_002668;mariadb_target_002669
mariadb_aflgo_r1,mariadb,1,root/mariadb/sql/sql_select.cc:14909:14909:66:3635:T,/root/mariadb/sql/sql_select.cc,14909,14909,0,0,mariadb_target_002642;mariadb_target_002656;mariadb_target_002670;mariadb_target_002671;mariadb_target_002672
mariadb_aflgo_r1,mariadb,1,root/mariadb/sql/sql_select.cc:14909:14909:66:3635:F,/root/mariadb/sql/sql_select.cc,14909,14909,1,1,mariadb_target_002642;mariadb_target_002656;mariadb_target_002670;mariadb_target_002671;mariadb_target_002672
mariadb_aflgo_r1,mariadb,1,root/mariadb/sql/sql_select.cc:14910:14910:66:3636:T,/root/mariadb/sql/sql_select.cc,14910,14910,0,0,mariadb_target_002642;mariadb_target_002656;mariadb_target_002670;mariadb_target_002671;mariadb_target_002672
mariadb_aflgo_r1,mariadb,1,root/mariadb/sql/sql_select.cc:14910:14910:66:3636:F,/root/mariadb/sql/sql_select.cc,14910,14910,0,0,mariadb_target_002642;mariadb_target_002656;mariadb_target_002670;mariadb_target_002671;mariadb_target_002672
mariadb_aflgo_r1,mariadb,1,root/mariadb/sql/sql_select.cc:14911:14911:66:3637:T,/root/mariadb/sql/sql_select.cc,14911,14911,0,0,mariadb_target_002642;mariadb_target_002656;mariadb_target_002670;mariadb_target_002671;mariadb_target_002672
mariadb_aflgo_r1,mariadb,1,root/mariadb/sql/sql_select.cc:14911:14911:66:3637:F,/root/mariadb/sql/sql_select.cc,14911,14911,0,0,mariadb_target_002642;mariadb_target_002656;mariadb_target_002670;mariadb_target_002671;mariadb_target_002672
mariadb_aflgo_r1,mariadb,1,root/mariadb/sql/sql_select.cc:14912:14913:66:3638:T,/root/mariadb/sql/sql_select.cc,14912,14913,0,0,mariadb_target_002642;mariadb_target_002656;mariadb_target_002670;mariadb_target_002671;mariadb_target_002672
mariadb_aflgo_r1,mariadb,1,root/mariadb/sql/sql_select.cc:14912:14913:66:3638:F,/root/mariadb/sql/sql_select.cc,14912,14913,0,0,mariadb_target_002642;mariadb_target_002656;mariadb_target_002670;mariadb_target_002671;mariadb_target_002672
mariadb_aflgo_r1,mariadb,1,root/mariadb/sql/sql_select.cc:14918:14918:66:3639:T,/root/mariadb/sql/sql_select.cc,14918,14918,1,1,mariadb_target_002642;mariadb_target_002656;mariadb_target_002672
mariadb_aflgo_r1,mariadb,1,root/mariadb/sql/sql_select.cc:14918:14918:66:3639:F,/root/mariadb/sql/sql_select.cc,14918,14918,637,1,mariadb_target_002642;mariadb_target_002656;mariadb_target_002672
mariadb_aflgo_r1,mariadb,1,root/mariadb/sql/sql_select.cc:14918:14918:66:3640:T,/root/mariadb/sql/sql_select.cc,14918,14918,1,1,mariadb_target_002642;mariadb_target_002656;mariadb_target_002672
mariadb_aflgo_r1,mariadb,1,root/mariadb/sql/sql_select.cc:14918:14918:66:3640:F,/root/mariadb/sql/sql_select.cc,14918,14918,0,0,mariadb_target_002642;mariadb_target_002656;mariadb_target_002672
mariadb_aflgo_r1,mariadb,1,root/mariadb/sql/sql_select.cc:14919:14919:66:3641:T,/root/mariadb/sql/sql_select.cc,14919,14919,0,0,mariadb_target_002642;mariadb_target_002656
mariadb_aflgo_r1,mariadb,1,root/mariadb/sql/sql_select.cc:14919:14919:66:3641:F,/root/mariadb/sql/sql_select.cc,14919,14919,1,1,mariadb_target_002642;mariadb_target_002656
mariadb_aflgo_r1,mariadb,1,root/mariadb/sql/sql_select.cc:14928:14928:66:3642:T,/root/mariadb/sql/sql_select.cc,14928,14928,0,0,mariadb_target_002642;mariadb_target_002656
mariadb_aflgo_r1,mariadb,1,root/mariadb/sql/sql_select.cc:14928:14928:66:3642:F,/root/mariadb/sql/sql_select.cc,14928,14928,0,0,mariadb_target_002642;mariadb_target_002656
mariadb_aflgo_r1,mariadb,1,root/mariadb/sql/sql_select.cc:14953:14953:66:3643:T,/root/mariadb/sql/sql_select.cc,14953,14953,0,0,mariadb_target_002642
mariadb_aflgo_r1,mariadb,1,root/mariadb/sql/sql_select.cc:14953:14953:66:3643:F,/root/mariadb/sql/sql_select.cc,14953,14953,672,1,mariadb_target_002642
mariadb_aflgo_r1,mariadb,1,root/mariadb/sql/sql_select.cc:14956:14956:66:3644:T,/root/mariadb/sql/sql_select.cc,14956,14956,0,0,mariadb_target_002642
mariadb_aflgo_r1,mariadb,1,root/mariadb/sql/sql_select.cc:14956:14956:66:3644:F,/root/mariadb/sql/sql_select.cc,14956,14956,672,1,mariadb_target_002642
mariadb_aflgo_r1,mariadb,1,root/mariadb/sql/sql_select.cc:14960:14960:66:3645:T,/root/mariadb/sql/sql_select.cc,14960,14960,742,1,mariadb_target_002642
mariadb_aflgo_r1,mariadb,1,root/mariadb/sql/sql_select.cc:14960:14960:66:3645:F,/root/mariadb/sql/sql_select.cc,14960,14960,672,1,mariadb_target_002642
mariadb_aflgo_r1,mariadb,1,root/mariadb/sql/sql_select.cc:14963:14963:66:3646:T,/root/mariadb/sql/sql_select.cc,14963,14963,48,1,mariadb_target_002642
mariadb_aflgo_r1,mariadb,1,root/mariadb/sql/sql_select.cc:14963:14963:66:3646:F,/root/mariadb/sql/sql_select.cc,14963,14963,694,1,mariadb_target_002642
mariadb_aflgo_r1,mariadb,1,root/mariadb/sql/sql_select.cc:14969:14969:66:3647:T,/root/mariadb/sql/sql_select.cc,14969,14969,48,1,mariadb_target_002642
mariadb_aflgo_r1,mariadb,1,root/mariadb/sql/sql_select.cc:14969:14969:66:3647:F,/root/mariadb/sql/sql_select.cc,14969,14969,0,0,mariadb_target_002642
mariadb_aflgo_r1,mariadb,1,root/mariadb/sql/sql_select.cc:14971:14971:66:3648:T,/root/mariadb/sql/sql_select.cc,14971,14971,48,1,mariadb_target_002642
mariadb_aflgo_r1,mariadb,1,root/mariadb/sql/sql_select.cc:14971:14971:66:3648:F,/root/mariadb/sql/sql_select.cc,14971,14971,0,0,mariadb_target_002642
mariadb_aflgo_r1,mariadb,1,root/mariadb/sql/sql_select.cc:14977:14977:66:3649:T,/root/mariadb/sql/sql_select.cc,14977,14977,0,0,mariadb_target_002642
mariadb_aflgo_r1,mariadb,1,root/mariadb/sql/sql_select.cc:14977:14977:66:3649:F,/root/mariadb/sql/sql_select.cc,14977,14977,0,0,mariadb_target_002642
mariadb_aflgo_r1,mariadb,1,root/mariadb/sql/sql_select.cc:14980:14980:66:3650:T,/root/mariadb/sql/sql_select.cc,14980,14980,0,0,mariadb_target_002642
mariadb_aflgo_r1,mariadb,1,root/mariadb/sql/sql_select.cc:14980:14980:66:3650:F,/root/mariadb/sql/sql_select.cc,14980,14980,0,0,mariadb_target_002642
mariadb_aflgo_r1,mariadb,1,root/mariadb/sql/sql_select.cc:14983:14983:66:3651:T,/root/mariadb/sql/sql_select.cc,14983,14983,0,0,mariadb_target_002642
mariadb_aflgo_r1,mariadb,1,root/mariadb/sql/sql_select.cc:14983:14983:66:3651:F,/root/mariadb/sql/sql_select.cc,14983,14983,0,0,mariadb_target_002642
mariadb_aflgo_r1,mariadb,1,root/mariadb/sql/sql_select.cc:14987:14987:66:3652:T,/root/mariadb/sql/sql_select.cc,14987,14987,0,0,mariadb_target_002642
mariadb_aflgo_r1,mariadb,1,root/mariadb/sql/sql_select.cc:14987:14987:66:3652:F,/root/mariadb/sql/sql_select.cc,14987,14987,0,0,mariadb_target_002642
mariadb_aflgo_r1,mariadb,1,root/mariadb/sql/sql_select.cc:15000:15000:66:3653:T,/root/mariadb/sql/sql_select.cc,15000,15000,24,1,mariadb_target_002642
mariadb_aflgo_r1,mariadb,1,root/mariadb/sql/sql_select.cc:15000:15000:66:3653:F,/root/mariadb/sql/sql_select.cc,15000,15000,672,1,mariadb_target_002642
mariadb_aflgo_r1,mariadb,1,root/mariadb/sql/sql_select.cc:15000:15000:66:3654:T,/root/mariadb/sql/sql_select.cc,15000,15000,24,1,mariadb_target_002642
mariadb_aflgo_r1,mariadb,1,root/mariadb/sql/sql_select.cc:15000:15000:66:3654:F,/root/mariadb/sql/sql_select.cc,15000,15000,0,0,mariadb_target_002642
mariadb_aflgo_r1,mariadb,1,root/mariadb/sql/sql_select.cc:15011:15011:66:3655:T,/root/mariadb/sql/sql_select.cc,15011,15011,0,0,mariadb_target_002642
mariadb_aflgo_r1,mariadb,1,root/mariadb/sql/sql_select.cc:15011:15011:66:3655:F,/root/mariadb/sql/sql_select.cc,15011,15011,24,1,mariadb_target_002642
mariadb_aflgo_r1,mariadb,1,root/mariadb/sql/sql_select.cc:15015:15015:66:3656:T,/root/mariadb/sql/sql_select.cc,15015,15015,48,1,mariadb_target_002642
mariadb_aflgo_r1,mariadb,1,root/mariadb/sql/sql_select.cc:15015:15015:66:3656:F,/root/mariadb/sql/sql_select.cc,15015,15015,24,1,mariadb_target_002642
mariadb_aflgo_r1,mariadb,1,root/mariadb/sql/sql_select.cc:15028:15028:66:3657:T,/root/mariadb/sql/sql_select.cc,15028,15028,47,1,mariadb_target_002642;mariadb_target_002673
mariadb_aflgo_r1,mariadb,1,root/mariadb/sql/sql_select.cc:15028:15028:66:3657:F,/root/mariadb/sql/sql_select.cc,15028,15028,1,1,mariadb_target_002642;mariadb_target_002673
mariadb_aflgo_r1,mariadb,1,root/mariadb/sql/sql_select.cc:15028:15028:66:3658:T,/root/mariadb/sql/sql_select.cc,15028,15028,0,0,mariadb_target_002642;mariadb_target_002673
mariadb_aflgo_r1,mariadb,1,root/mariadb/sql/sql_select.cc:15028:15028:66:3658:F,/root/mariadb/sql/sql_select.cc,15028,15028,47,1,mariadb_target_002642;mariadb_target_002673
mariadb_aflgo_r1,mariadb,1,root/mariadb/sql/sql_select.cc:15030:15030:66:3659:T,/root/mariadb/sql/sql_select.cc,15030,15030,48,1,mariadb_target_002642;mariadb_target_002673
mariadb_aflgo_r1,mariadb,1,root/mariadb/sql/sql_select.cc:15030:15030:66:3659:F,/root/mariadb/sql/sql_select.cc,15030,15030,0,0,mariadb_target_002642;mariadb_target_002673
mariadb_aflgo_r1,mariadb,1,root/mariadb/sql/sql_select.cc:15043:15043:66:3660:T,/root/mariadb/sql/sql_select.cc,15043,15043,0,0,mariadb_target_002642;mariadb_target_002673
mariadb_aflgo_r1,mariadb,1,root/mariadb/sql/sql_select.cc:15043:15043:66:3660:F,/root/mariadb/sql/sql_select.cc,15043,15043,48,1,mariadb_target_002642;mariadb_target_002673
mariadb_aflgo_r1,mariadb,1,root/mariadb/sql/sql_select.cc:15045:15045:66:3661:T,/root/mariadb/sql/sql_select.cc,15045,15045,0,0,mariadb_target_002642;mariadb_target_002673
mariadb_aflgo_r1,mariadb,1,root/mariadb/sql/sql_select.cc:15045:15045:66:3661:F,/root/mariadb/sql/sql_select.cc,15045,15045,48,1,mariadb_target_002642;mariadb_target_002673
mariadb_aflgo_r1,mariadb,1,root/mariadb/sql/sql_select.cc:15049:15049:66:3662:T,/root/mariadb/sql/sql_select.cc,15049,15049,0,0,mariadb_target_002642;mariadb_target_002673
mariadb_aflgo_r1,mariadb,1,root/mariadb/sql/sql_select.cc:15049:15049:66:3662:F,/root/mariadb/sql/sql_select.cc,15049,15049,48,1,mariadb_target_002642;mariadb_target_002673
mariadb_aflgo_r1,mariadb,1,root/mariadb/sql/sql_select.cc:15074:15074:66:3663:T,/root/mariadb/sql/sql_select.cc,15074,15074,0,0,mariadb_target_002642;mariadb_target_002673
mariadb_aflgo_r1,mariadb,1,root/mariadb/sql/sql_select.cc:15074:15074:66:3663:F,/root/mariadb/sql/sql_select.cc,15074,15074,0,0,mariadb_target_002642;mariadb_target_002673
mariadb_aflgo_r1,mariadb,1,root/mariadb/sql/sql_select.cc:15074:15074:66:3664:T,/root/mariadb/sql/sql_select.cc,15074,15074,0,0,mariadb_target_002642;mariadb_target_002673
mariadb_aflgo_r1,mariadb,1,root/mariadb/sql/sql_select.cc:15074:15074:66:3664:F,/root/mariadb/sql/sql_select.cc,15074,15074,0,0,mariadb_target_002642;mariadb_target_002673
mariadb_aflgo_r1,mariadb,1,root/mariadb/sql/sql_select.cc:15078:15078:66:3665:T,/root/mariadb/sql/sql_select.cc,15078,15078,24,1,mariadb_target_002642;mariadb_target_002673
mariadb_aflgo_r1,mariadb,1,root/mariadb/sql/sql_select.cc:15078:15078:66:3665:F,/root/mariadb/sql/sql_select.cc,15078,15078,24,1,mariadb_target_002642;mariadb_target_002673
mariadb_aflgo_r1,mariadb,1,root/mariadb/sql/sql_select.cc:15078:15078:66:3666:T,/root/mariadb/sql/sql_select.cc,15078,15078,0,0,mariadb_target_002642;mariadb_target_002673
mariadb_aflgo_r1,mariadb,1,root/mariadb/sql/sql_select.cc:15078:15078:66:3666:F,/root/mariadb/sql/sql_select.cc,15078,15078,24,1,mariadb_target_002642;mariadb_target_002673
mariadb_aflgo_r1,mariadb,1,root/mariadb/sql/sql_select.cc:15079:15079:66:3667:T,/root/mariadb/sql/sql_select.cc,15079,15079,0,0,mariadb_target_002642;mariadb_target_002673
mariadb_aflgo_r1,mariadb,1,root/mariadb/sql/sql_select.cc:15079:15079:66:3667:F,/root/mariadb/sql/sql_select.cc,15079,15079,0,0,mariadb_target_002642;mariadb_target_002673
mariadb_aflgo_r1,mariadb,1,root/mariadb/sql/sql_select.cc:15081:15081:66:3668:T,/root/mariadb/sql/sql_select.cc,15081,15081,1,1,mariadb_target_002642;mariadb_target_002673
mariadb_aflgo_r1,mariadb,1,root/mariadb/sql/sql_select.cc:15081:15081:66:3668:F,/root/mariadb/sql/sql_select.cc,15081,15081,47,1,mariadb_target_002642;mariadb_target_002673
mariadb_aflgo_r1,mariadb,1,root/mariadb/sql/sql_select.cc:15081:15081:66:3669:T,/root/mariadb/sql/sql_select.cc,15081,15081,1,1,mariadb_target_002642;mariadb_target_002673
mariadb_aflgo_r1,mariadb,1,root/mariadb/sql/sql_select.cc:15081:15081:66:3669:F,/root/mariadb/sql/sql_select.cc,15081,15081,0,0,mariadb_target_002642;mariadb_target_002673
mariadb_aflgo_r1,mariadb,1,root/mariadb/sql/sql_select.cc:15083:15083:66:3670:T,/root/mariadb/sql/sql_select.cc,15083,15083,0,0,mariadb_target_002642;mariadb_target_002673
mariadb_aflgo_r1,mariadb,1,root/mariadb/sql/sql_select.cc:15083:15083:66:3670:F,/root/mariadb/sql/sql_select.cc,15083,15083,1,1,mariadb_target_002642;mariadb_target_002673
mariadb_aflgo_r1,mariadb,1,root/mariadb/sql/sql_select.cc:15085:15085:66:3671:T,/root/mariadb/sql/sql_select.cc,15085,15085,0,0,mariadb_target_002642;mariadb_target_002673
mariadb_aflgo_r1,mariadb,1,root/mariadb/sql/sql_select.cc:15085:15085:66:3671:F,/root/mariadb/sql/sql_select.cc,15085,15085,1,1,mariadb_target_002642;mariadb_target_002673
mariadb_aflgo_r1,mariadb,1,root/mariadb/sql/sql_select.cc:15092:15095:66:3672:T,/root/mariadb/sql/sql_select.cc,15092,15095,0,0,mariadb_target_002642;mariadb_target_002673
mariadb_aflgo_r1,mariadb,1,root/mariadb/sql/sql_select.cc:15092:15095:66:3672:F,/root/mariadb/sql/sql_select.cc,15092,15095,1,1,mariadb_target_002642;mariadb_target_002673
mariadb_aflgo_r1,mariadb,1,root/mariadb/sql/sql_select.cc:15107:15107:66:3673:T,/root/mariadb/sql/sql_select.cc,15107,15107,1,1,mariadb_target_002642;mariadb_target_002673
mariadb_aflgo_r1,mariadb,1,root/mariadb/sql/sql_select.cc:15107:15107:66:3673:F,/root/mariadb/sql/sql_select.cc,15107,15107,0,0,mariadb_target_002642;mariadb_target_002673
mariadb_aflgo_r1,mariadb,1,root/mariadb/sql/sql_select.cc:15111:15111:66:3674:T,/root/mariadb/sql/sql_select.cc,15111,15111,0,0,mariadb_target_002642;mariadb_target_002673
mariadb_aflgo_r1,mariadb,1,root/mariadb/sql/sql_select.cc:15111:15111:66:3674:F,/root/mariadb/sql/sql_select.cc,15111,15111,1,1,mariadb_target_002642;mariadb_target_002673
mariadb_aflgo_r1,mariadb,1,root/mariadb/sql/sql_select.cc:15116:15116:66:3675:T,/root/mariadb/sql/sql_select.cc,15116,15116,0,0,mariadb_target_002642;mariadb_target_002673
mariadb_aflgo_r1,mariadb,1,root/mariadb/sql/sql_select.cc:15116:15116:66:3675:F,/root/mariadb/sql/sql_select.cc,15116,15116,1,1,mariadb_target_002642;mariadb_target_002673
mariadb_aflgo_r1,mariadb,1,root/mariadb/sql/sql_select.cc:15120:15120:66:3676:T,/root/mariadb/sql/sql_select.cc,15120,15120,1,1,mariadb_target_002642;mariadb_target_002673
mariadb_aflgo_r1,mariadb,1,root/mariadb/sql/sql_select.cc:15120:15120:66:3676:F,/root/mariadb/sql/sql_select.cc,15120,15120,0,0,mariadb_target_002642;mariadb_target_002673
mariadb_aflgo_r1,mariadb,1,root/mariadb/sql/sql_select.cc:15126:15126:66:3677:T,/root/mariadb/sql/sql_select.cc,15126,15126,672,1,mariadb_target_002642
mariadb_aflgo_r1,mariadb,1,root/mariadb/sql/sql_select.cc:15126:15126:66:3677:F,/root/mariadb/sql/sql_select.cc,15126,15126,0,0,mariadb_target_002642
mariadb_aflgo_r1,mariadb,1,root/mariadb/sql/sql_select.cc:15135:15135:66:3678:T,/root/mariadb/sql/sql_select.cc,15135,15135,0,0,mariadb_target_002674
mariadb_aflgo_r1,mariadb,1,root/mariadb/sql/sql_select.cc:15135:15135:66:3678:F,/root/mariadb/sql/sql_select.cc,15135,15135,0,0,mariadb_target_002674
mariadb_aflgo_r1,mariadb,1,root/mariadb/sql/sql_select.cc:15138:15138:66:3679:T,/root/mariadb/sql/sql_select.cc,15138,15138,0,0,mariadb_target_002674
mariadb_aflgo_r1,mariadb,1,root/mariadb/sql/sql_select.cc:15138:15138:66:3679:F,/root/mariadb/sql/sql_select.cc,15138,15138,0,0,mariadb_target_002674
mariadb_aflgo_r1,mariadb,1,root/mariadb/sql/sql_select.cc:15426:15426:66:3757:T,/root/mariadb/sql/sql_select.cc,15426,15426,2600,1,mariadb_target_000966;mariadb_target_002677
mariadb_aflgo_r1,mariadb,1,root/mariadb/sql/sql_select.cc:15426:15426:66:3757:F,/root/mariadb/sql/sql_select.cc,15426,15426,666,1,mariadb_target_000966;mariadb_target_002677
mariadb_aflgo_r1,mariadb,1,root/mariadb/sql/sql_select.cc:15496:15496:66:3764:T,/root/mariadb/sql/sql_select.cc,15496,15496,0,0,mariadb_target_000968;mariadb_target_002679
mariadb_aflgo_r1,mariadb,1,root/mariadb/sql/sql_select.cc:15496:15496:66:3764:F,/root/mariadb/sql/sql_select.cc,15496,15496,671,1,mariadb_target_000968;mariadb_target_002679
mariadb_aflgo_r1,mariadb,1,root/mariadb/sql/sql_select.cc:15523:15523:66:3768:T,/root/mariadb/sql/sql_select.cc,15523,15523,0,0,mariadb_target_002680
mariadb_aflgo_r1,mariadb,1,root/mariadb/sql/sql_select.cc:15523:15523:66:3768:F,/root/mariadb/sql/sql_select.cc,15523,15523,0,0,mariadb_target_002680
mariadb_aflgo_r1,mariadb,1,root/mariadb/sql/sql_select.cc:15523:15523:66:3769:T,/root/mariadb/sql/sql_select.cc,15523,15523,0,0,mariadb_target_002680
mariadb_aflgo_r1,mariadb,1,root/mariadb/sql/sql_select.cc:15523:15523:66:3769:F,/root/mariadb/sql/sql_select.cc,15523,15523,0,0,mariadb_target_002680
mariadb_aflgo_r1,mariadb,1,root/mariadb/sql/sql_select.cc:16389:16389:66:3870:T,/root/mariadb/sql/sql_select.cc,16389,16389,0,0,mariadb_target_002682
mariadb_aflgo_r1,mariadb,1,root/mariadb/sql/sql_select.cc:16389:16389:66:3870:F,/root/mariadb/sql/sql_select.cc,16389,16389,672,1,mariadb_target_002682
mariadb_aflgo_r1,mariadb,1,root/mariadb/sql/sql_select.cc:16389:16389:66:3871:T,/root/mariadb/sql/sql_select.cc,16389,16389,0,0,mariadb_target_002682
mariadb_aflgo_r1,mariadb,1,root/mariadb/sql/sql_select.cc:16389:16389:66:3871:F,/root/mariadb/sql/sql_select.cc,16389,16389,0,0,mariadb_target_002682
mariadb_aflgo_r1,mariadb,1,root/mariadb/sql/sql_select.cc:16395:16395:66:3872:T,/root/mariadb/sql/sql_select.cc,16395,16395,35,1,mariadb_target_002682
mariadb_aflgo_r1,mariadb,1,root/mariadb/sql/sql_select.cc:16395:16395:66:3872:F,/root/mariadb/sql/sql_select.cc,16395,16395,637,1,mariadb_target_002682
mariadb_aflgo_r1,mariadb,1,root/mariadb/sql/sql_select.cc:16397:16397:66:3873:T,/root/mariadb/sql/sql_select.cc,16397,16397,672,1,mariadb_target_002682
mariadb_aflgo_r1,mariadb,1,root/mariadb/sql/sql_select.cc:16397:16397:66:3873:F,/root/mariadb/sql/sql_select.cc,16397,16397,0,0,mariadb_target_002682
mariadb_aflgo_r1,mariadb,1,root/mariadb/sql/sql_select.cc:16411:16411:66:3876:T,/root/mariadb/sql/sql_select.cc,16411,16411,0,0,mariadb_target_002683
mariadb_aflgo_r1,mariadb,1,root/mariadb/sql/sql_select.cc:16411:16411:66:3876:F,/root/mariadb/sql/sql_select.cc,16411,16411,0,0,mariadb_target_002683
mariadb_aflgo_r1,mariadb,1,root/mariadb/sql/sql_select.cc:16466:16466:66:3898:T,/root/mariadb/sql/sql_select.cc,16466,16466,0,0,mariadb_target_002685;mariadb_target_002686
mariadb_aflgo_r1,mariadb,1,root/mariadb/sql/sql_select.cc:16466:16466:66:3898:F,/root/mariadb/sql/sql_select.cc,16466,16466,672,1,mariadb_target_002685;mariadb_target_002686
mariadb_aflgo_r1,mariadb,1,root/mariadb/sql/sql_select.cc:16467:16467:66:3899:T,/root/mariadb/sql/sql_select.cc,16467,16467,34,1,mariadb_target_002685;mariadb_target_002686
mariadb_aflgo_r1,mariadb,1,root/mariadb/sql/sql_select.cc:16467:16467:66:3899:F,/root/mariadb/sql/sql_select.cc,16467,16467,638,1,mariadb_target_002685;mariadb_target_002686
mariadb_aflgo_r1,mariadb,1,root/mariadb/sql/sql_select.cc:16468:16468:66:3900:T,/root/mariadb/sql/sql_select.cc,16468,16468,34,1,mariadb_target_002685;mariadb_target_002686;mariadb_target_002687
mariadb_aflgo_r1,mariadb,1,root/mariadb/sql/sql_select.cc:16468:16468:66:3900:F,/root/mariadb/sql/sql_select.cc,16468,16468,0,0,mariadb_target_002685;mariadb_target_002686;mariadb_target_002687
mariadb_aflgo_r1,mariadb,1,root/mariadb/sql/sql_select.cc:16475:16475:66:3901:T,/root/mariadb/sql/sql_select.cc,16475,16475,11,1,mariadb_target_002685;mariadb_target_002686;mariadb_target_002687;mariadb_target_002688;mariadb_target_002689
mariadb_aflgo_r1,mariadb,1,root/mariadb/sql/sql_select.cc:16475:16475:66:3901:F,/root/mariadb/sql/sql_select.cc,16475,16475,23,1,mariadb_target_002685;mariadb_target_002686;mariadb_target_002687;mariadb_target_002688;mariadb_target_002689
mariadb_aflgo_r1,mariadb,1,root/mariadb/sql/sql_select.cc:16475:16475:66:3902:T,/root/mariadb/sql/sql_select.cc,16475,16475,11,1,mariadb_target_002685;mariadb_target_002686;mariadb_target_002687;mariadb_target_002688;mariadb_target_002689
mariadb_aflgo_r1,mariadb,1,root/mariadb/sql/sql_select.cc:16475:16475:66:3902:F,/root/mariadb/sql/sql_select.cc,16475,16475,0,0,mariadb_target_002685;mariadb_target_002686;mariadb_target_002687;mariadb_target_002688;mariadb_target_002689
mariadb_aflgo_r1,mariadb,1,root/mariadb/sql/sql_select.cc:16476:16476:66:3903:T,/root/mariadb/sql/sql_select.cc,16476,16476,23,1,mariadb_target_002686;mariadb_target_002687;mariadb_target_002688;mariadb_target_002689
mariadb_aflgo_r1,mariadb,1,root/mariadb/sql/sql_select.cc:16476:16476:66:3903:F,/root/mariadb/sql/sql_select.cc,16476,16476,0,0,mariadb_target_002686;mariadb_target_002687;mariadb_target_002688;mariadb_target_002689
mariadb_aflgo_r1,mariadb,1,root/mariadb/sql/sql_select.cc:16476:16476:66:3904:T,/root/mariadb/sql/sql_select.cc,16476,16476,0,0,mariadb_target_002686;mariadb_target_002687;mariadb_target_002688;mariadb_target_002689
mariadb_aflgo_r1,mariadb,1,root/mariadb/sql/sql_select.cc:16476:16476:66:3904:F,/root/mariadb/sql/sql_select.cc,16476,16476,0,0,mariadb_target_002686;mariadb_target_002687;mariadb_target_002688;mariadb_target_002689
mariadb_aflgo_r1,mariadb,1,root/mariadb/sql/sql_select.cc:16476:16476:66:3905:T,/root/mariadb/sql/sql_select.cc,16476,16476,23,1,mariadb_target_002686;mariadb_target_002687;mariadb_target_002688;mariadb_target_002689
mariadb_aflgo_r1,mariadb,1,root/mariadb/sql/sql_select.cc:16476:16476:66:3905:F,/root/mariadb/sql/sql_select.cc,16476,16476,0,0,mariadb_target_002686;mariadb_target_002687;mariadb_target_002688;mariadb_target_002689
mariadb_aflgo_r1,mariadb,1,root/mariadb/sql/sql_select.cc:16479:16479:66:3906:T,/root/mariadb/sql/sql_select.cc,16479,16479,0,0,mariadb_target_002688;mariadb_target_002689
mariadb_aflgo_r1,mariadb,1,root/mariadb/sql/sql_select.cc:16479:16479:66:3906:F,/root/mariadb/sql/sql_select.cc,16479,16479,672,1,mariadb_target_002688;mariadb_target_002689
mariadb_aflgo_r1,mariadb,1,root/mariadb/sql/sql_select.cc:16481:16481:66:3907:T,/root/mariadb/sql/sql_select.cc,16481,16481,0,0,mariadb_target_002689
mariadb_aflgo_r1,mariadb,1,root/mariadb/sql/sql_select.cc:16481:16481:66:3907:F,/root/mariadb/sql/sql_select.cc,16481,16481,0,0,mariadb_target_002689
mariadb_aflgo_r1,mariadb,1,root/mariadb/sql/sql_select.cc:16490:16490:66:3908:T,/root/mariadb/sql/sql_select.cc,16490,16490,0,0,mariadb_target_002690;mariadb_target_002691
mariadb_aflgo_r1,mariadb,1,root/mariadb/sql/sql_select.cc:16490:16490:66:3908:F,/root/mariadb/sql/sql_select.cc,16490,16490,0,0,mariadb_target_002690;mariadb_target_002691
mariadb_aflgo_r1,mariadb,1,root/mariadb/sql/sql_select.cc:16507:16507:66:3911:T,/root/mariadb/sql/sql_select.cc,16507,16507,638,1,mariadb_target_002692
mariadb_aflgo_r1,mariadb,1,root/mariadb/sql/sql_select.cc:16507:16507:66:3911:F,/root/mariadb/sql/sql_select.cc,16507,16507,34,1,mariadb_target_002692
mariadb_aflgo_r1,mariadb,1,root/mariadb/sql/sql_select.cc:16508:16508:66:3912:T,/root/mariadb/sql/sql_select.cc,16508,16508,0,0,mariadb_target_002692
mariadb_aflgo_r1,mariadb,1,root/mariadb/sql/sql_select.cc:16508:16508:66:3912:F,/root/mariadb/sql/sql_select.cc,16508,16508,672,1,mariadb_target_002692
mariadb_aflgo_r1,mariadb,1,root/mariadb/sql/sql_select.cc:16509:16509:66:3913:T,/root/mariadb/sql/sql_select.cc,16509,16509,0,0,mariadb_target_002692
mariadb_aflgo_r1,mariadb,1,root/mariadb/sql/sql_select.cc:16509:16509:66:3913:F,/root/mariadb/sql/sql_select.cc,16509,16509,672,1,mariadb_target_002692
mariadb_aflgo_r1,mariadb,1,root/mariadb/sql/sql_select.cc:16511:16511:66:3914:T,/root/mariadb/sql/sql_select.cc,16511,16511,638,1,mariadb_target_002692
mariadb_aflgo_r1,mariadb,1,root/mariadb/sql/sql_select.cc:16511:16511:66:3914:F,/root/mariadb/sql/sql_select.cc,16511,16511,0,0,mariadb_target_002692
mariadb_aflgo_r1,mariadb,1,root/mariadb/sql/sql_select.cc:16511:16511:66:3915:T,/root/mariadb/sql/sql_select.cc,16511,16511,1,1,mariadb_target_002692
mariadb_aflgo_r1,mariadb,1,root/mariadb/sql/sql_select.cc:16511:16511:66:3915:F,/root/mariadb/sql/sql_select.cc,16511,16511,637,1,mariadb_target_002692
mariadb_aflgo_r1,mariadb,1,root/mariadb/sql/sql_select.cc:16528:16528:66:3918:T,/root/mariadb/sql/sql_select.cc,16528,16528,638,1,mariadb_target_002693
mariadb_aflgo_r1,mariadb,1,root/mariadb/sql/sql_select.cc:16528:16528:66:3918:F,/root/mariadb/sql/sql_select.cc,16528,16528,0,0,mariadb_target_002693
mariadb_aflgo_r1,mariadb,1,root/mariadb/sql/sql_select.cc:16530:16530:66:3919:T,/root/mariadb/sql/sql_select.cc,16530,16530,637,1,mariadb_target_002693
mariadb_aflgo_r1,mariadb,1,root/mariadb/sql/sql_select.cc:16530:16530:66:3919:F,/root/mariadb/sql/sql_select.cc,16530,16530,1,1,mariadb_target_002693
mariadb_aflgo_r1,mariadb,1,root/mariadb/sql/sql_select.cc:16532:16532:66:3920:T,/root/mariadb/sql/sql_select.cc,16532,16532,637,1,mariadb_target_002693
mariadb_aflgo_r1,mariadb,1,root/mariadb/sql/sql_select.cc:16532:16532:66:3920:F,/root/mariadb/sql/sql_select.cc,16532,16532,0,0,mariadb_target_002693
mariadb_aflgo_r1,mariadb,1,root/mariadb/sql/sql_select.cc:16532:16532:66:3921:T,/root/mariadb/sql/sql_select.cc,16532,16532,1,1,mariadb_target_002693
mariadb_aflgo_r1,mariadb,1,root/mariadb/sql/sql_select.cc:16532:16532:66:3921:F,/root/mariadb/sql/sql_select.cc,16532,16532,636,1,mariadb_target_002693
mariadb_aflgo_r1,mariadb,1,root/mariadb/sql/sql_select.cc:16534:16534:66:3922:T,/root/mariadb/sql/sql_select.cc,16534,16534,1,1,mariadb_target_002693
mariadb_aflgo_r1,mariadb,1,root/mariadb/sql/sql_select.cc:16534:16534:66:3922:F,/root/mariadb/sql/sql_select.cc,16534,16534,0,0,mariadb_target_002693
mariadb_aflgo_r1,mariadb,1,root/mariadb/sql/sql_select.cc:16580:16580:66:3935:T,/root/mariadb/sql/sql_select.cc,16580,16580,1,1,mariadb_target_002694
mariadb_aflgo_r1,mariadb,1,root/mariadb/sql/sql_select.cc:16580:16580:66:3935:F,/root/mariadb/sql/sql_select.cc,16580,16580,637,1,mariadb_target_002694
mariadb_aflgo_r1,mariadb,1,root/mariadb/sql/sql_select.cc:16581:16581:66:3936:T,/root/mariadb/sql/sql_select.cc,16581,16581,1,1,mariadb_target_002694
mariadb_aflgo_r1,mariadb,1,root/mariadb/sql/sql_select.cc:16581:16581:66:3936:F,/root/mariadb/sql/sql_select.cc,16581,16581,0,0,mariadb_target_002694
mariadb_aflgo_r1,mariadb,1,root/mariadb/sql/sql_select.cc:16582:16582:66:3937:T,/root/mariadb/sql/sql_select.cc,16582,16582,0,0,mariadb_target_002694
mariadb_aflgo_r1,mariadb,1,root/mariadb/sql/sql_select.cc:16582:16582:66:3937:F,/root/mariadb/sql/sql_select.cc,16582,16582,1,1,mariadb_target_002694
mariadb_aflgo_r1,mariadb,1,root/mariadb/sql/sql_select.cc:16587:16587:66:3938:T,/root/mariadb/sql/sql_select.cc,16587,16587,0,0,mariadb_target_002694
mariadb_aflgo_r1,mariadb,1,root/mariadb/sql/sql_select.cc:16587:16587:66:3938:F,/root/mariadb/sql/sql_select.cc,16587,16587,672,1,mariadb_target_002694
mariadb_aflgo_r1,mariadb,1,root/mariadb/sql/sql_select.cc:16621:16621:66:3942:T,/root/mariadb/sql/sql_select.cc,16621,16621,672,1,mariadb_target_002697
mariadb_aflgo_r1,mariadb,1,root/mariadb/sql/sql_select.cc:16621:16621:66:3942:F,/root/mariadb/sql/sql_select.cc,16621,16621,639,1,mariadb_target_002697
mariadb_aflgo_r1,mariadb,1,root/mariadb/sql/sql_select.cc:16623:16623:66:3943:T,/root/mariadb/sql/sql_select.cc,16623,16623,1,1,mariadb_target_002697
mariadb_aflgo_r1,mariadb,1,root/mariadb/sql/sql_select.cc:16623:16623:66:3943:F,/root/mariadb/sql/sql_select.cc,16623,16623,671,1,mariadb_target_002697
mariadb_aflgo_r1,mariadb,1,root/mariadb/sql/sql_select.cc:16625:16625:66:3944:T,/root/mariadb/sql/sql_select.cc,16625,16625,0,0,mariadb_target_002697
mariadb_aflgo_r1,mariadb,1,root/mariadb/sql/sql_select.cc:16625:16625:66:3944:F,/root/mariadb/sql/sql_select.cc,16625,16625,1,1,mariadb_target_002697
mariadb_aflgo_r1,mariadb,1,root/mariadb/sql/sql_select.cc:16625:16625:66:3945:T,/root/mariadb/sql/sql_select.cc,16625,16625,0,0,mariadb_target_002697
mariadb_aflgo_r1,mariadb,1,root/mariadb/sql/sql_select.cc:16625:16625:66:3945:F,/root/mariadb/sql/sql_select.cc,16625,16625,0,0,mariadb_target_002697
mariadb_aflgo_r1,mariadb,1,root/mariadb/sql/sql_select.cc:16626:16626:66:3946:T,/root/mariadb/sql/sql_select.cc,16626,16626,0,0,mariadb_target_002697
mariadb_aflgo_r1,mariadb,1,root/mariadb/sql/sql_select.cc:16626:16626:66:3946:F,/root/mariadb/sql/sql_select.cc,16626,16626,0,0,mariadb_target_002697
mariadb_aflgo_r1,mariadb,1,root/mariadb/sql/sql_select.cc:16633:16633:66:3947:T,/root/mariadb/sql/sql_select.cc,16633,16633,1,1,mariadb_target_002698
mariadb_aflgo_r1,mariadb,1,root/mariadb/sql/sql_select.cc:16633:16633:66:3947:F,/root/mariadb/sql/sql_select.cc,16633,16633,0,0,mariadb_target_002698
mariadb_aflgo_r1,mariadb,1,root/mariadb/sql/sql_select.cc:16639:16639:66:3948:T,/root/mariadb/sql/sql_select.cc,16639,16639,0,0,mariadb_target_002699
mariadb_aflgo_r1,mariadb,1,root/mariadb/sql/sql_select.cc:16639:16639:66:3948:F,/root/mariadb/sql/sql_select.cc,16639,16639,1,1,mariadb_target_002699
mariadb_aflgo_r1,mariadb,1,root/mariadb/sql/sql_select.cc:16639:16639:66:3949:T,/root/mariadb/sql/sql_select.cc,16639,16639,0,0,mariadb_target_002699
mariadb_aflgo_r1,mariadb,1,root/mariadb/sql/sql_select.cc:16639:16639:66:3949:F,/root/mariadb/sql/sql_select.cc,16639,16639,0,0,mariadb_target_002699
mariadb_aflgo_r1,mariadb,1,root/mariadb/sql/sql_select.cc:16645:16645:66:3950:T,/root/mariadb/sql/sql_select.cc,16645,16645,0,0,mariadb_target_002700
mariadb_aflgo_r1,mariadb,1,root/mariadb/sql/sql_select.cc:16645:16645:66:3950:F,/root/mariadb/sql/sql_select.cc,16645,16645,1,1,mariadb_target_002700
mariadb_aflgo_r1,mariadb,1,root/mariadb/sql/sql_select.cc:16649:16649:66:3951:T,/root/mariadb/sql/sql_select.cc,16649,16649,0,0,mariadb_target_002700
mariadb_aflgo_r1,mariadb,1,root/mariadb/sql/sql_select.cc:16649:16649:66:3951:F,/root/mariadb/sql/sql_select.cc,16649,16649,0,0,mariadb_target_002700
mariadb_aflgo_r1,mariadb,1,root/mariadb/sql/sql_select.cc:16650:16650:66:3952:T,/root/mariadb/sql/sql_select.cc,16650,16650,0,0,mariadb_target_002700
mariadb_aflgo_r1,mariadb,1,root/mariadb/sql/sql_select.cc:16650:16650:66:3952:F,/root/mariadb/sql/sql_select.cc,16650,16650,0,0,mariadb_target_002700
mariadb_aflgo_r1,mariadb,1,root/mariadb/sql/sql_select.cc:16655:16655:66:3953:T,/root/mariadb/sql/sql_select.cc,16655,16655,0,0,mariadb_target_002700;mariadb_target_002701
mariadb_aflgo_r1,mariadb,1,root/mariadb/sql/sql_select.cc:16655:16655:66:3953:F,/root/mariadb/sql/sql_select.cc,16655,16655,0,0,mariadb_target_002700;mariadb_target_002701
mariadb_aflgo_r1,mariadb,1,root/mariadb/sql/sql_select.cc:16656:16656:66:3954:T,/root/mariadb/sql/sql_select.cc,16656,16656,0,0,mariadb_target_002701
mariadb_aflgo_r1,mariadb,1,root/mariadb/sql/sql_select.cc:16656:16656:66:3954:F,/root/mariadb/sql/sql_select.cc,16656,16656,0,0,mariadb_target_002701
mariadb_aflgo_r1,mariadb,1,root/mariadb/sql/sql_select.cc:25792:25792:66:3962:T,/root/mariadb/sql/sql_select.cc,25792,25792,0,0,mariadb_target_002815
mariadb_aflgo_r1,mariadb,1,root/mariadb/sql/sql_select.cc:25792:25792:66:3962:F,/root/mariadb/sql/sql_select.cc,25792,25792,0,0,mariadb_target_002815
mariadb_aflgo_r1,mariadb,1,root/mariadb/sql/sql_select.cc:25793:25793:66:3963:T,/root/mariadb/sql/sql_select.cc,25793,25793,0,0,mariadb_target_002815
mariadb_aflgo_r1,mariadb,1,root/mariadb/sql/sql_select.cc:25793:25793:66:3963:F,/root/mariadb/sql/sql_select.cc,25793,25793,0,0,mariadb_target_002815
mariadb_aflgo_r1,mariadb,1,root/mariadb/sql/sql_select.cc:25485:25485:66:3964:T,/root/mariadb/sql/sql_select.cc,25485,25485,0,0,mariadb_target_000993;mariadb_target_002786;mariadb_target_002787
mariadb_aflgo_r1,mariadb,1,root/mariadb/sql/sql_select.cc:25485:25485:66:3964:F,/root/mariadb/sql/sql_select.cc,25485,25485,0,0,mariadb_target_000993;mariadb_target_002786;mariadb_target_002787
mariadb_aflgo_r1,mariadb,1,root/mariadb/sql/sql_select.cc:25488:25488:66:3965:T,/root/mariadb/sql/sql_select.cc,25488,25488,0,0,mariadb_target_000993;mariadb_target_002786;mariadb_target_002787
mariadb_aflgo_r1,mariadb,1,root/mariadb/sql/sql_select.cc:25488:25488:66:3965:F,/root/mariadb/sql/sql_select.cc,25488,25488,0,0,mariadb_target_000993;mariadb_target_002786;mariadb_target_002787
mariadb_aflgo_r1,mariadb,1,root/mariadb/sql/sql_select.cc:25526:25526:66:3966:T,/root/mariadb/sql/sql_select.cc,25526,25526,0,0,mariadb_target_000994;mariadb_target_002789;mariadb_target_002790
mariadb_aflgo_r1,mariadb,1,root/mariadb/sql/sql_select.cc:25526:25526:66:3966:F,/root/mariadb/sql/sql_select.cc,25526,25526,0,0,mariadb_target_000994;mariadb_target_002789;mariadb_target_002790
mariadb_aflgo_r1,mariadb,1,root/mariadb/sql/sql_select.cc:25543:25543:66:3967:T,/root/mariadb/sql/sql_select.cc,25543,25543,0,0,mariadb_target_002791
mariadb_aflgo_r1,mariadb,1,root/mariadb/sql/sql_select.cc:25543:25543:66:3967:F,/root/mariadb/sql/sql_select.cc,25543,25543,0,0,mariadb_target_002791
mariadb_aflgo_r1,mariadb,1,root/mariadb/sql/sql_select.cc:25543:25543:66:3968:T,/root/mariadb/sql/sql_select.cc,25543,25543,0,0,mariadb_target_002791
mariadb_aflgo_r1,mariadb,1,root/mariadb/sql/sql_select.cc:25543:25543:66:3968:F,/root/mariadb/sql/sql_select.cc,25543,25543,0,0,mariadb_target_002791
mariadb_aflgo_r1,mariadb,1,root/mariadb/sql/sql_select.cc:23998:23998:66:4302:T,/root/mariadb/sql/sql_select.cc,23998,23998,3,1,mariadb_target_000980;mariadb_target_002753;mariadb_target_002754;mariadb_target_002755
mariadb_aflgo_r1,mariadb,1,root/mariadb/sql/sql_select.cc:23998:23998:66:4302:F,/root/mariadb/sql/sql_select.cc,23998,23998,637,1,mariadb_target_000980;mariadb_target_002753;mariadb_target_002754;mariadb_target_002755
mariadb_aflgo_r1,mariadb,1,root/mariadb/sql/sql_select.cc:23998:23998:66:4303:T,/root/mariadb/sql/sql_select.cc,23998,23998,3,1,mariadb_target_000980;mariadb_target_002753;mariadb_target_002754;mariadb_target_002755
mariadb_aflgo_r1,mariadb,1,root/mariadb/sql/sql_select.cc:23998:23998:66:4303:F,/root/mariadb/sql/sql_select.cc,23998,23998,0,0,mariadb_target_000980;mariadb_target_002753;mariadb_target_002754;mariadb_target_002755
mariadb_aflgo_r1,mariadb,1,root/mariadb/sql/sql_select.cc:24105:24105:66:4320:T,/root/mariadb/sql/sql_select.cc,24105,24105,360,1,mariadb_target_000981;mariadb_target_002756
mariadb_aflgo_r1,mariadb,1,root/mariadb/sql/sql_select.cc:24105:24105:66:4320:F,/root/mariadb/sql/sql_select.cc,24105,24105,280,1,mariadb_target_000981;mariadb_target_002756
mariadb_aflgo_r1,mariadb,1,root/mariadb/sql/sql_select.cc:24664:24664:66:4328:T,/root/mariadb/sql/sql_select.cc,24664,24664,0,0,mariadb_target_002762
mariadb_aflgo_r1,mariadb,1,root/mariadb/sql/sql_select.cc:24664:24664:66:4328:F,/root/mariadb/sql/sql_select.cc,24664,24664,2647,1,mariadb_target_002762
mariadb_aflgo_r1,mariadb,1,root/mariadb/sql/sql_select.cc:24666:24666:66:4329:T,/root/mariadb/sql/sql_select.cc,24666,24666,727,1,mariadb_target_002762
mariadb_aflgo_r1,mariadb,1,root/mariadb/sql/sql_select.cc:24666:24666:66:4329:F,/root/mariadb/sql/sql_select.cc,24666,24666,1920,1,mariadb_target_002762
mariadb_aflgo_r1,mariadb,1,root/mariadb/sql/sql_select.cc:24675:24675:66:4330:T,/root/mariadb/sql/sql_select.cc,24675,24675,109,1,mariadb_target_002762
mariadb_aflgo_r1,mariadb,1,root/mariadb/sql/sql_select.cc:24675:24675:66:4330:F,/root/mariadb/sql/sql_select.cc,24675,24675,1811,1,mariadb_target_002762
mariadb_aflgo_r1,mariadb,1,root/mariadb/sql/sql_select.cc:24684:24684:66:4331:T,/root/mariadb/sql/sql_select.cc,24684,24684,1906,1,mariadb_target_002762
mariadb_aflgo_r1,mariadb,1,root/mariadb/sql/sql_select.cc:24684:24684:66:4331:F,/root/mariadb/sql/sql_select.cc,24684,24684,14,1,mariadb_target_002762
mariadb_aflgo_r1,mariadb,1,root/mariadb/sql/sql_select.cc:24693:24693:66:4332:T,/root/mariadb/sql/sql_select.cc,24693,24693,57,1,mariadb_target_002762
mariadb_aflgo_r1,mariadb,1,root/mariadb/sql/sql_select.cc:24693:24693:66:4332:F,/root/mariadb/sql/sql_select.cc,24693,24693,1906,1,mariadb_target_002762
mariadb_aflgo_r1,mariadb,1,root/mariadb/sql/sql_select.cc:24693:24693:66:4333:T,/root/mariadb/sql/sql_select.cc,24693,24693,57,1,mariadb_target_002762
mariadb_aflgo_r1,mariadb,1,root/mariadb/sql/sql_select.cc:24693:24693:66:4333:F,/root/mariadb/sql/sql_select.cc,24693,24693,0,0,mariadb_target_002762
mariadb_aflgo_r1,mariadb,1,root/mariadb/sql/sql_select.cc:24706:24706:66:4334:T,/root/mariadb/sql/sql_select.cc,24706,24706,57,1,mariadb_target_002762
mariadb_aflgo_r1,mariadb,1,root/mariadb/sql/sql_select.cc:24706:24706:66:4334:F,/root/mariadb/sql/sql_select.cc,24706,24706,57,1,mariadb_target_002762
mariadb_aflgo_r1,mariadb,1,root/mariadb/sql/sql_select.cc:24723:24723:66:4335:T,/root/mariadb/sql/sql_select.cc,24723,24723,0,0,mariadb_target_002762
mariadb_aflgo_r1,mariadb,1,root/mariadb/sql/sql_select.cc:24723:24723:66:4335:F,/root/mariadb/sql/sql_select.cc,24723,24723,57,1,mariadb_target_002762
mariadb_aflgo_r1,mariadb,1,root/mariadb/sql/sql_select.cc:24723:24723:66:4336:T,/root/mariadb/sql/sql_select.cc,24723,24723,0,0,mariadb_target_002762
mariadb_aflgo_r1,mariadb,1,root/mariadb/sql/sql_select.cc:24723:24723:66:4336:F,/root/mariadb/sql/sql_select.cc,24723,24723,0,0,mariadb_target_002762
mariadb_aflgo_r1,mariadb,1,root/mariadb/sql/sql_select.cc:24726:24726:66:4337:T,/root/mariadb/sql/sql_select.cc,24726,24726,0,0,mariadb_target_002762
mariadb_aflgo_r1,mariadb,1,root/mariadb/sql/sql_select.cc:24726:24726:66:4337:F,/root/mariadb/sql/sql_select.cc,24726,24726,0,0,mariadb_target_002762
mariadb_aflgo_r1,mariadb,1,root/mariadb/sql/sql_select.cc:24735:24735:66:4338:T,/root/mariadb/sql/sql_select.cc,24735,24735,57,1,mariadb_target_002762;mariadb_target_002764
mariadb_aflgo_r1,mariadb,1,root/mariadb/sql/sql_select.cc:24735:24735:66:4338:F,/root/mariadb/sql/sql_select.cc,24735,24735,0,0,mariadb_target_002762;mariadb_target_002764
mariadb_aflgo_r1,mariadb,1,root/mariadb/sql/sql_select.cc:24738:24738:66:4339:T,/root/mariadb/sql/sql_select.cc,24738,24738,0,0,mariadb_target_002762;mariadb_target_002764
mariadb_aflgo_r1,mariadb,1,root/mariadb/sql/sql_select.cc:24738:24738:66:4339:F,/root/mariadb/sql/sql_select.cc,24738,24738,57,1,mariadb_target_002762;mariadb_target_002764
mariadb_aflgo_r1,mariadb,1,root/mariadb/sql/sql_select.cc:24741:24741:66:4340:T,/root/mariadb/sql/sql_select.cc,24741,24741,0,0,mariadb_target_002762;mariadb_target_002764
mariadb_aflgo_r1,mariadb,1,root/mariadb/sql/sql_select.cc:24741:24741:66:4340:F,/root/mariadb/sql/sql_select.cc,24741,24741,57,1,mariadb_target_002762;mariadb_target_002764
mariadb_aflgo_r1,mariadb,1,root/mariadb/sql/sql_select.cc:24744:24744:66:4341:T,/root/mariadb/sql/sql_select.cc,24744,24744,0,0,mariadb_target_002762;mariadb_target_002764
mariadb_aflgo_r1,mariadb,1,root/mariadb/sql/sql_select.cc:24744:24744:66:4341:F,/root/mariadb/sql/sql_select.cc,24744,24744,0,0,mariadb_target_002762;mariadb_target_002764
mariadb_aflgo_r1,mariadb,1,root/mariadb/sql/sql_select.cc:24747:24747:66:4342:T,/root/mariadb/sql/sql_select.cc,24747,24747,0,0,mariadb_target_002762
mariadb_aflgo_r1,mariadb,1,root/mariadb/sql/sql_select.cc:24747:24747:66:4342:F,/root/mariadb/sql/sql_select.cc,24747,24747,0,0,mariadb_target_002762
mariadb_aflgo_r1,mariadb,1,root/mariadb/sql/sql_select.cc:24757:24757:66:4343:T,/root/mariadb/sql/sql_select.cc,24757,24757,0,0,mariadb_target_002762;mariadb_target_002765
mariadb_aflgo_r1,mariadb,1,root/mariadb/sql/sql_select.cc:24757:24757:66:4343:F,/root/mariadb/sql/sql_select.cc,24757,24757,0,0,mariadb_target_002762;mariadb_target_002765
mariadb_aflgo_r1,mariadb,1,root/mariadb/sql/sql_select.cc:24769:24769:66:4344:T,/root/mariadb/sql/sql_select.cc,24769,24769,0,0,mariadb_target_002762;mariadb_target_002766
mariadb_aflgo_r1,mariadb,1,root/mariadb/sql/sql_select.cc:24769:24769:66:4344:F,/root/mariadb/sql/sql_select.cc,24769,24769,57,1,mariadb_target_002762;mariadb_target_002766
mariadb_aflgo_r1,mariadb,1,root/mariadb/sql/sql_select.cc:24770:24770:66:4345:T,/root/mariadb/sql/sql_select.cc,24770,24770,0,0,mariadb_target_002762;mariadb_target_002766
mariadb_aflgo_r1,mariadb,1,root/mariadb/sql/sql_select.cc:24770:24770:66:4345:F,/root/mariadb/sql/sql_select.cc,24770,24770,0,0,mariadb_target_002762;mariadb_target_002766
mariadb_aflgo_r1,mariadb,1,root/mariadb/sql/sql_select.cc:25365:25368:66:4375:T,/root/mariadb/sql/sql_select.cc,25365,25368,3,1,mariadb_target_000990;mariadb_target_002782
mariadb_aflgo_r1,mariadb,1,root/mariadb/sql/sql_select.cc:25365:25368:66:4375:F,/root/mariadb/sql/sql_select.cc,25365,25368,87,1,mariadb_target_000990;mariadb_target_002782
mariadb_aflgo_r1,mariadb,1,root/mariadb/sql/sql_select.cc:25370:25370:66:4376:T,/root/mariadb/sql/sql_select.cc,25370,25370,0,0,mariadb_target_000990;mariadb_target_002782
mariadb_aflgo_r1,mariadb,1,root/mariadb/sql/sql_select.cc:25370:25370:66:4376:F,/root/mariadb/sql/sql_select.cc,25370,25370,3,1,mariadb_target_000990;mariadb_target_002782
mariadb_aflgo_r1,mariadb,1,root/mariadb/sql/sql_select.cc:25370:25370:66:4377:T,/root/mariadb/sql/sql_select.cc,25370,25370,0,0,mariadb_target_000990;mariadb_target_002782
mariadb_aflgo_r1,mariadb,1,root/mariadb/sql/sql_select.cc:25370:25370:66:4377:F,/root/mariadb/sql/sql_select.cc,25370,25370,0,0,mariadb_target_000990;mariadb_target_002782
mariadb_aflgo_r1,mariadb,1,root/mariadb/sql/sql_select.cc:25452:25452:66:4378:T,/root/mariadb/sql/sql_select.cc,25452,25452,0,0,mariadb_target_000992;mariadb_target_002785
mariadb_aflgo_r1,mariadb,1,root/mariadb/sql/sql_select.cc:25452:25452:66:4378:F,/root/mariadb/sql/sql_select.cc,25452,25452,87,1,mariadb_target_000992;mariadb_target_002785
mariadb_aflgo_r1,mariadb,1,root/mariadb/sql/sql_select.cc:25889:25889:66:4379:T,/root/mariadb/sql/sql_select.cc,25889,25889,1618,1,mariadb_target_001003;mariadb_target_002824;mariadb_target_002825;mariadb_target_002826
mariadb_aflgo_r1,mariadb,1,root/mariadb/sql/sql_select.cc:25889:25889:66:4379:F,/root/mariadb/sql/sql_select.cc,25889,25889,6,1,mariadb_target_001003;mariadb_target_002824;mariadb_target_002825;mariadb_target_002826
mariadb_aflgo_r1,mariadb,1,root/mariadb/sql/sql_select.cc:25891:25891:66:4380:T,/root/mariadb/sql/sql_select.cc,25891,25891,608,1,mariadb_target_001003;mariadb_target_001004;mariadb_target_002824;mariadb_target_002825;mariadb_target_002826;mariadb_target_002827
mariadb_aflgo_r1,mariadb,1,root/mariadb/sql/sql_select.cc:25891:25891:66:4380:F,/root/mariadb/sql/sql_select.cc,25891,25891,1016,1,mariadb_target_001003;mariadb_target_001004;mariadb_target_002824;mariadb_target_002825;mariadb_target_002826;mariadb_target_002827
mariadb_aflgo_r1,mariadb,1,root/mariadb/sql/sql_select.cc:25893:25893:66:4381:T,/root/mariadb/sql/sql_select.cc,25893,25893,0,0,mariadb_target_001004;mariadb_target_002825;mariadb_target_002826;mariadb_target_002827;mariadb_target_002828
mariadb_aflgo_r1,mariadb,1,root/mariadb/sql/sql_select.cc:25893:25893:66:4381:F,/root/mariadb/sql/sql_select.cc,25893,25893,608,1,mariadb_target_001004;mariadb_target_002825;mariadb_target_002826;mariadb_target_002827;mariadb_target_002828
mariadb_aflgo_r1,mariadb,1,root/mariadb/sql/sql_select.cc:25893:25893:66:4382:T,/root/mariadb/sql/sql_select.cc,25893,25893,0,0,mariadb_target_001004;mariadb_target_002825;mariadb_target_002826;mariadb_target_002827;mariadb_target_002828
mariadb_aflgo_r1,mariadb,1,root/mariadb/sql/sql_select.cc:25893:25893:66:4382:F,/root/mariadb/sql/sql_select.cc,25893,25893,0,0,mariadb_target_001004;mariadb_target_002825;mariadb_target_002826;mariadb_target_002827;mariadb_target_002828
mariadb_aflgo_r1,mariadb,1,root/mariadb/sql/sql_select.cc:25898:25898:66:4383:T,/root/mariadb/sql/sql_select.cc,25898,25898,1016,1,mariadb_target_001004;mariadb_target_002827;mariadb_target_002828;mariadb_target_002829
mariadb_aflgo_r1,mariadb,1,root/mariadb/sql/sql_select.cc:25898:25898:66:4383:F,/root/mariadb/sql/sql_select.cc,25898,25898,0,0,mariadb_target_001004;mariadb_target_002827;mariadb_target_002828;mariadb_target_002829
mariadb_aflgo_r1,mariadb,1,root/mariadb/sql/sql_select.cc:25899:25899:66:4384:T,/root/mariadb/sql/sql_select.cc,25899,25899,0,0,mariadb_target_001004;mariadb_target_002827;mariadb_target_002828;mariadb_target_002829
mariadb_aflgo_r1,mariadb,1,root/mariadb/sql/sql_select.cc:25899:25899:66:4384:F,/root/mariadb/sql/sql_select.cc,25899,25899,1016,1,mariadb_target_001004;mariadb_target_002827;mariadb_target_002828;mariadb_target_002829
mariadb_aflgo_r1,mariadb,1,root/mariadb/sql/sql_select.cc:25904:25904:66:4385:T,/root/mariadb/sql/sql_select.cc,25904,25904,0,0,mariadb_target_002829
mariadb_aflgo_r1,mariadb,1,root/mariadb/sql/sql_select.cc:25904:25904:66:4385:F,/root/mariadb/sql/sql_select.cc,25904,25904,1016,1,mariadb_target_002829
mariadb_aflgo_r1,mariadb,1,root/mariadb/sql/sql_select.cc:25904:25904:66:4386:T,/root/mariadb/sql/sql_select.cc,25904,25904,0,0,mariadb_target_002829
mariadb_aflgo_r1,mariadb,1,root/mariadb/sql/sql_select.cc:25904:25904:66:4386:F,/root/mariadb/sql/sql_select.cc,25904,25904,0,0,mariadb_target_002829
mariadb_aflgo_r1,mariadb,1,root/mariadb/sql/sql_select.cc:25913:25913:66:4387:T,/root/mariadb/sql/sql_select.cc,25913,25913,0,0,mariadb_target_002829;mariadb_target_002830
mariadb_aflgo_r1,mariadb,1,root/mariadb/sql/sql_select.cc:25913:25913:66:4387:F,/root/mariadb/sql/sql_select.cc,25913,25913,1016,1,mariadb_target_002829;mariadb_target_002830
mariadb_aflgo_r1,mariadb,1,root/mariadb/sql/sql_select.cc:25915:25915:66:4388:T,/root/mariadb/sql/sql_select.cc,25915,25915,0,0,mariadb_target_001005;mariadb_target_002829;mariadb_target_002830;mariadb_target_002831
mariadb_aflgo_r1,mariadb,1,root/mariadb/sql/sql_select.cc:25915:25915:66:4388:F,/root/mariadb/sql/sql_select.cc,25915,25915,0,0,mariadb_target_001005;mariadb_target_002829;mariadb_target_002830;mariadb_target_002831
mariadb_aflgo_r1,mariadb,1,root/mariadb/sql/sql_select.cc:25920:25920:66:4389:T,/root/mariadb/sql/sql_select.cc,25920,25920,0,0,mariadb_target_001005;mariadb_target_002831;mariadb_target_002832;mariadb_target_002833
mariadb_aflgo_r1,mariadb,1,root/mariadb/sql/sql_select.cc:25920:25920:66:4389:F,/root/mariadb/sql/sql_select.cc,25920,25920,1016,1,mariadb_target_001005;mariadb_target_002831;mariadb_target_002832;mariadb_target_002833
mariadb_aflgo_r1,mariadb,1,root/mariadb/sql/sql_select.cc:25921:25921:66:4390:T,/root/mariadb/sql/sql_select.cc,25921,25921,0,0,mariadb_target_001005;mariadb_target_002831;mariadb_target_002832;mariadb_target_002833
mariadb_aflgo_r1,mariadb,1,root/mariadb/sql/sql_select.cc:25921:25921:66:4390:F,/root/mariadb/sql/sql_select.cc,25921,25921,0,0,mariadb_target_001005;mariadb_target_002831;mariadb_target_002832;mariadb_target_002833
mariadb_aflgo_r1,mariadb,1,root/mariadb/sql/sql_select.cc:25928:25928:66:4391:T,/root/mariadb/sql/sql_select.cc,25928,25928,0,0,mariadb_target_001006;mariadb_target_002832;mariadb_target_002833;mariadb_target_002834;mariadb_target_002835
mariadb_aflgo_r1,mariadb,1,root/mariadb/sql/sql_select.cc:25928:25928:66:4391:F,/root/mariadb/sql/sql_select.cc,25928,25928,0,0,mariadb_target_001006;mariadb_target_002832;mariadb_target_002833;mariadb_target_002834;mariadb_target_002835
mariadb_aflgo_r1,mariadb,1,root/mariadb/sql/sql_select.cc:25932:25932:66:4392:T,/root/mariadb/sql/sql_select.cc,25932,25932,1016,1,mariadb_target_001006;mariadb_target_002834;mariadb_target_002835
mariadb_aflgo_r1,mariadb,1,root/mariadb/sql/sql_select.cc:25932:25932:66:4392:F,/root/mariadb/sql/sql_select.cc,25932,25932,0,0,mariadb_target_001006;mariadb_target_002834;mariadb_target_002835
mariadb_aflgo_r1,mariadb,1,root/mariadb/sql/sql_select.cc:25949:25949:66:4394:T,/root/mariadb/sql/sql_select.cc,25949,25949,0,0,mariadb_target_001007;mariadb_target_002836;mariadb_target_002837;mariadb_target_002838
mariadb_aflgo_r1,mariadb,1,root/mariadb/sql/sql_select.cc:25949:25949:66:4394:F,/root/mariadb/sql/sql_select.cc,25949,25949,1011,1,mariadb_target_001007;mariadb_target_002836;mariadb_target_002837;mariadb_target_002838
mariadb_aflgo_r1,mariadb,1,root/mariadb/sql/sql_select.cc:25951:25951:66:4395:T,/root/mariadb/sql/sql_select.cc,25951,25951,0,0,mariadb_target_001007;mariadb_target_002836;mariadb_target_002837;mariadb_target_002838
mariadb_aflgo_r1,mariadb,1,root/mariadb/sql/sql_select.cc:25951:25951:66:4395:F,/root/mariadb/sql/sql_select.cc,25951,25951,0,0,mariadb_target_001007;mariadb_target_002836;mariadb_target_002837;mariadb_target_002838
mariadb_aflgo_r1,mariadb,1,root/mariadb/sql/sql_select.cc:25959:25959:66:4396:T,/root/mariadb/sql/sql_select.cc,25959,25959,0,0,mariadb_target_001008;mariadb_target_002838;mariadb_target_002839
mariadb_aflgo_r1,mariadb,1,root/mariadb/sql/sql_select.cc:25959:25959:66:4396:F,/root/mariadb/sql/sql_select.cc,25959,25959,0,0,mariadb_target_001008;mariadb_target_002838;mariadb_target_002839
mariadb_aflgo_r1,mariadb,1,root/mariadb/sql/sql_select.cc:25960:25960:66:4397:T,/root/mariadb/sql/sql_select.cc,25960,25960,0,0,mariadb_target_001008;mariadb_target_002839
mariadb_aflgo_r1,mariadb,1,root/mariadb/sql/sql_select.cc:25960:25960:66:4397:F,/root/mariadb/sql/sql_select.cc,25960,25960,0,0,mariadb_target_001008;mariadb_target_002839
mariadb_aflgo_r1,mariadb,1,root/mariadb/sql/sql_select.cc:25961:25961:66:4398:T,/root/mariadb/sql/sql_select.cc,25961,25961,0,0,mariadb_target_001008;mariadb_target_002839
mariadb_aflgo_r1,mariadb,1,root/mariadb/sql/sql_select.cc:25961:25961:66:4398:F,/root/mariadb/sql/sql_select.cc,25961,25961,0,0,mariadb_target_001008;mariadb_target_002839
mariadb_aflgo_r1,mariadb,1,root/mariadb/sql/sql_select.cc:25962:25962:66:4399:T,/root/mariadb/sql/sql_select.cc,25962,25962,0,0,mariadb_target_001008;mariadb_target_002839
mariadb_aflgo_r1,mariadb,1,root/mariadb/sql/sql_select.cc:25962:25962:66:4399:F,/root/mariadb/sql/sql_select.cc,25962,25962,0,0,mariadb_target_001008;mariadb_target_002839
mariadb_aflgo_r1,mariadb,1,root/mariadb/sql/sql_select.cc:25962:25962:66:4400:T,/root/mariadb/sql/sql_select.cc,25962,25962,0,0,mariadb_target_001008;mariadb_target_002839
mariadb_aflgo_r1,mariadb,1,root/mariadb/sql/sql_select.cc:25962:25962:66:4400:F,/root/mariadb/sql/sql_select.cc,25962,25962,0,0,mariadb_target_001008;mariadb_target_002839
mariadb_aflgo_r1,mariadb,1,root/mariadb/sql/sql_select.cc:25979:25979:66:4403:T,/root/mariadb/sql/sql_select.cc,25979,25979,0,0,mariadb_target_001009;mariadb_target_002840
mariadb_aflgo_r1,mariadb,1,root/mariadb/sql/sql_select.cc:25979:25979:66:4403:F,/root/mariadb/sql/sql_select.cc,25979,25979,0,0,mariadb_target_001009;mariadb_target_002840
mariadb_aflgo_r1,mariadb,1,root/mariadb/sql/sql_select.cc:25982:25982:66:4404:T,/root/mariadb/sql/sql_select.cc,25982,25982,0,0,mariadb_target_001009;mariadb_target_002840;mariadb_target_002841
mariadb_aflgo_r1,mariadb,1,root/mariadb/sql/sql_select.cc:25982:25982:66:4404:F,/root/mariadb/sql/sql_select.cc,25982,25982,0,0,mariadb_target_001009;mariadb_target_002840;mariadb_target_002841
mariadb_aflgo_r1,mariadb,1,root/mariadb/sql/sql_select.cc:25982:25982:66:4405:T,/root/mariadb/sql/sql_select.cc,25982,25982,0,0,mariadb_target_001009;mariadb_target_002840;mariadb_target_002841
mariadb_aflgo_r1,mariadb,1,root/mariadb/sql/sql_select.cc:25982:25982:66:4405:F,/root/mariadb/sql/sql_select.cc,25982,25982,0,0,mariadb_target_001009;mariadb_target_002840;mariadb_target_002841
mariadb_aflgo_r1,mariadb,1,root/mariadb/sql/sql_select.cc:25983:25983:66:4406:T,/root/mariadb/sql/sql_select.cc,25983,25983,0,0,mariadb_target_001009;mariadb_target_002840;mariadb_target_002841
mariadb_aflgo_r1,mariadb,1,root/mariadb/sql/sql_select.cc:25983:25983:66:4406:F,/root/mariadb/sql/sql_select.cc,25983,25983,0,0,mariadb_target_001009;mariadb_target_002840;mariadb_target_002841
mariadb_aflgo_r1,mariadb,1,root/mariadb/sql/sql_select.cc:25983:25983:66:4407:T,/root/mariadb/sql/sql_select.cc,25983,25983,0,0,mariadb_target_001009;mariadb_target_002840;mariadb_target_002841
mariadb_aflgo_r1,mariadb,1,root/mariadb/sql/sql_select.cc:25983:25983:66:4407:F,/root/mariadb/sql/sql_select.cc,25983,25983,0,0,mariadb_target_001009;mariadb_target_002840;mariadb_target_002841
mariadb_aflgo_r1,mariadb,1,root/mariadb/sql/sql_select.cc:25983:25983:66:4408:T,/root/mariadb/sql/sql_select.cc,25983,25983,0,0,mariadb_target_001009;mariadb_target_002840;mariadb_target_002841
mariadb_aflgo_r1,mariadb,1,root/mariadb/sql/sql_select.cc:25983:25983:66:4408:F,/root/mariadb/sql/sql_select.cc,25983,25983,0,0,mariadb_target_001009;mariadb_target_002840;mariadb_target_002841
mariadb_aflgo_r1,mariadb,1,root/mariadb/sql/sql_select.cc:25984:25984:66:4409:T,/root/mariadb/sql/sql_select.cc,25984,25984,0,0,mariadb_target_001009;mariadb_target_002840;mariadb_target_002841
mariadb_aflgo_r1,mariadb,1,root/mariadb/sql/sql_select.cc:25984:25984:66:4409:F,/root/mariadb/sql/sql_select.cc,25984,25984,0,0,mariadb_target_001009;mariadb_target_002840;mariadb_target_002841
mariadb_aflgo_r1,mariadb,1,root/mariadb/sql/sql_select.cc:25984:25984:66:4410:T,/root/mariadb/sql/sql_select.cc,25984,25984,0,0,mariadb_target_001009;mariadb_target_002840;mariadb_target_002841
mariadb_aflgo_r1,mariadb,1,root/mariadb/sql/sql_select.cc:25984:25984:66:4410:F,/root/mariadb/sql/sql_select.cc,25984,25984,0,0,mariadb_target_001009;mariadb_target_002840;mariadb_target_002841
mariadb_aflgo_r1,mariadb,1,root/mariadb/sql/sql_select.cc:25985:25985:66:4411:T,/root/mariadb/sql/sql_select.cc,25985,25985,0,0,mariadb_target_001009;mariadb_target_002840;mariadb_target_002841
mariadb_aflgo_r1,mariadb,1,root/mariadb/sql/sql_select.cc:25985:25985:66:4411:F,/root/mariadb/sql/sql_select.cc,25985,25985,0,0,mariadb_target_001009;mariadb_target_002840;mariadb_target_002841
mariadb_aflgo_r1,mariadb,1,root/mariadb/sql/sql_select.cc:25986:25986:66:4412:T,/root/mariadb/sql/sql_select.cc,25986,25986,0,0,mariadb_target_002841
mariadb_aflgo_r1,mariadb,1,root/mariadb/sql/sql_select.cc:25986:25986:66:4412:F,/root/mariadb/sql/sql_select.cc,25986,25986,0,0,mariadb_target_002841
mariadb_aflgo_r1,mariadb,1,root/mariadb/sql/sql_select.cc:28195:28195:66:4624:T,/root/mariadb/sql/sql_select.cc,28195,28195,0,0,mariadb_target_001011;mariadb_target_002844
mariadb_aflgo_r1,mariadb,1,root/mariadb/sql/sql_select.cc:28195:28195:66:4624:F,/root/mariadb/sql/sql_select.cc,28195,28195,0,0,mariadb_target_001011;mariadb_target_002844
mariadb_aflgo_r1,mariadb,1,root/mariadb/sql/sql_select.cc:30346:30346:66:4757:T,/root/mariadb/sql/sql_select.cc,30346,30346,0,0,mariadb_target_001015;mariadb_target_002851
mariadb_aflgo_r1,mariadb,1,root/mariadb/sql/sql_select.cc:30346:30346:66:4757:F,/root/mariadb/sql/sql_select.cc,30346,30346,0,0,mariadb_target_001015;mariadb_target_002851
mariadb_aflgo_r1,mariadb,1,root/mariadb/sql/sql_select.cc:34111:34111:66:4989:T,/root/mariadb/sql/sql_select.cc,34111,34111,0,0,mariadb_target_001023;mariadb_target_002884
mariadb_aflgo_r1,mariadb,1,root/mariadb/sql/sql_select.cc:34111:34111:66:4989:F,/root/mariadb/sql/sql_select.cc,34111,34111,0,0,mariadb_target_001023;mariadb_target_002884
mariadb_aflgo_r1,mariadb,1,root/mariadb/sql/sql_select.cc:34113:34113:66:4990:T,/root/mariadb/sql/sql_select.cc,34113,34113,0,0,mariadb_target_001023;mariadb_target_002884
mariadb_aflgo_r1,mariadb,1,root/mariadb/sql/sql_select.cc:34113:34113:66:4990:F,/root/mariadb/sql/sql_select.cc,34113,34113,0,0,mariadb_target_001023;mariadb_target_002884
mariadb_aflgo_r1,mariadb,1,root/mariadb/sql/sql_select.cc:34116:34116:66:4991:T,/root/mariadb/sql/sql_select.cc,34116,34116,0,0,mariadb_target_001023;mariadb_target_002884
mariadb_aflgo_r1,mariadb,1,root/mariadb/sql/sql_select.cc:34116:34116:66:4991:F,/root/mariadb/sql/sql_select.cc,34116,34116,0,0,mariadb_target_001023;mariadb_target_002884
mariadb_aflgo_r1,mariadb,1,root/mariadb/sql/sql_select.cc:34120:34120:66:4992:T,/root/mariadb/sql/sql_select.cc,34120,34120,0,0,mariadb_target_001023;mariadb_target_002884
mariadb_aflgo_r1,mariadb,1,root/mariadb/sql/sql_select.cc:34120:34120:66:4992:F,/root/mariadb/sql/sql_select.cc,34120,34120,0,0,mariadb_target_001023;mariadb_target_002884
mariadb_aflgo_r1,mariadb,1,root/mariadb/sql/sql_select.cc:34120:34120:66:4993:T,/root/mariadb/sql/sql_select.cc,34120,34120,0,0,mariadb_target_001023;mariadb_target_002884
mariadb_aflgo_r1,mariadb,1,root/mariadb/sql/sql_select.cc:34120:34120:66:4993:F,/root/mariadb/sql/sql_select.cc,34120,34120,0,0,mariadb_target_001023;mariadb_target_002884
mariadb_aflgo_r1,mariadb,1,root/mariadb/sql/sql_select.cc:25699:25699:66:5002:T,/root/mariadb/sql/sql_select.cc,25699,25699,0,0,mariadb_target_000999;mariadb_target_002807
mariadb_aflgo_r1,mariadb,1,root/mariadb/sql/sql_select.cc:25699:25699:66:5002:F,/root/mariadb/sql/sql_select.cc,25699,25699,68,1,mariadb_target_000999;mariadb_target_002807
mariadb_aflgo_r1,mariadb,1,root/mariadb/sql/sql_select.cc:25715:25715:66:5003:T,/root/mariadb/sql/sql_select.cc,25715,25715,68,1,mariadb_target_001000;mariadb_target_002809
mariadb_aflgo_r1,mariadb,1,root/mariadb/sql/sql_select.cc:25715:25715:66:5003:F,/root/mariadb/sql/sql_select.cc,25715,25715,0,0,mariadb_target_001000;mariadb_target_002809
mariadb_aflgo_r1,mariadb,1,root/mariadb/sql/sql_select.cc:25717:25717:66:5004:T,/root/mariadb/sql/sql_select.cc,25717,25717,68,1,mariadb_target_001000;mariadb_target_002809;mariadb_target_002810
mariadb_aflgo_r1,mariadb,1,root/mariadb/sql/sql_select.cc:25717:25717:66:5004:F,/root/mariadb/sql/sql_select.cc,25717,25717,0,0,mariadb_target_001000;mariadb_target_002809;mariadb_target_002810
mariadb_aflgo_r1,mariadb,1,root/mariadb/sql/sql_select.cc:25719:25719:66:5005:T,/root/mariadb/sql/sql_select.cc,25719,25719,68,1,mariadb_target_001000;mariadb_target_002809;mariadb_target_002810
mariadb_aflgo_r1,mariadb,1,root/mariadb/sql/sql_select.cc:25719:25719:66:5005:F,/root/mariadb/sql/sql_select.cc,25719,25719,0,0,mariadb_target_001000;mariadb_target_002809;mariadb_target_002810
mariadb_aflgo_r1,mariadb,1,root/mariadb/sql/sql_select.cc:25722:25722:66:5006:T,/root/mariadb/sql/sql_select.cc,25722,25722,16,1,mariadb_target_001000;mariadb_target_002809;mariadb_target_002810
mariadb_aflgo_r1,mariadb,1,root/mariadb/sql/sql_select.cc:25722:25722:66:5006:F,/root/mariadb/sql/sql_select.cc,25722,25722,52,1,mariadb_target_001000;mariadb_target_002809;mariadb_target_002810
mariadb_aflgo_r1,mariadb,1,root/mariadb/sql/sql_select.cc:25724:25724:66:5007:T,/root/mariadb/sql/sql_select.cc,25724,25724,16,1,mariadb_target_001000;mariadb_target_002809;mariadb_target_002810
mariadb_aflgo_r1,mariadb,1,root/mariadb/sql/sql_select.cc:25724:25724:66:5007:F,/root/mariadb/sql/sql_select.cc,25724,25724,0,0,mariadb_target_001000;mariadb_target_002809;mariadb_target_002810
mariadb_aflgo_r1,mariadb,1,root/mariadb/sql/sql_select.cc:25724:25724:66:5008:T,/root/mariadb/sql/sql_select.cc,25724,25724,0,0,mariadb_target_001000;mariadb_target_002809;mariadb_target_002810
mariadb_aflgo_r1,mariadb,1,root/mariadb/sql/sql_select.cc:25724:25724:66:5008:F,/root/mariadb/sql/sql_select.cc,25724,25724,16,1,mariadb_target_001000;mariadb_target_002809;mariadb_target_002810
mariadb_aflgo_r1,mariadb,1,root/mariadb/sql/sql_select.cc:34344:34344:66:5011:T,/root/mariadb/sql/sql_select.cc,34344,34344,0,0,mariadb_target_002893
mariadb_aflgo_r1,mariadb,1,root/mariadb/sql/sql_select.cc:34344:34344:66:5011:F,/root/mariadb/sql/sql_select.cc,34344,34344,1109,1,mariadb_target_002893
mariadb_aflgo_r1,mariadb,1,root/mariadb/sql/sql_select.cc:34488:34488:66:5012:T,/root/mariadb/sql/sql_select.cc,34488,34488,0,0,mariadb_target_001026;mariadb_target_002897
mariadb_aflgo_r1,mariadb,1,root/mariadb/sql/sql_select.cc:34488:34488:66:5012:F,/root/mariadb/sql/sql_select.cc,34488,34488,0,0,mariadb_target_001026;mariadb_target_002897
mariadb_aflgo_r1,mariadb,1,root/mariadb/sql/sql_select.cc:34359:34359:66:5039:T,/root/mariadb/sql/sql_select.cc,34359,34359,0,0,mariadb_target_002895
mariadb_aflgo_r1,mariadb,1,root/mariadb/sql/sql_select.cc:34359:34359:66:5039:F,/root/mariadb/sql/sql_select.cc,34359,34359,0,0,mariadb_target_002895
mariadb_aflgo_r1,mariadb,1,root/mariadb/sql/sql_select.cc:34360:34360:66:5040:T,/root/mariadb/sql/sql_select.cc,34360,34360,0,0,mariadb_target_002895
mariadb_aflgo_r1,mariadb,1,root/mariadb/sql/sql_select.cc:34360:34360:66:5040:F,/root/mariadb/sql/sql_select.cc,34360,34360,0,0,mariadb_target_002895
mariadb_aflgo_r1,mariadb,1,root/mariadb/sql/sql_select.cc:34368:34368:66:5041:T,/root/mariadb/sql/sql_select.cc,34368,34368,0,0,mariadb_target_002895
mariadb_aflgo_r1,mariadb,1,root/mariadb/sql/sql_select.cc:34368:34368:66:5041:F,/root/mariadb/sql/sql_select.cc,34368,34368,0,0,mariadb_target_002895
mariadb_aflgo_r1,mariadb,1,root/mariadb/sql/sql_select.h:2156:2156:67:55:T,/root/mariadb/sql/sql_select.h,2156,2156,0,0,mariadb_target_002930
mariadb_aflgo_r1,mariadb,1,root/mariadb/sql/sql_select.h:2156:2156:67:55:F,/root/mariadb/sql/sql_select.h,2156,2156,90,1,mariadb_target_002930
mariadb_aflgo_r1,mariadb,1,root/mariadb/sql/sql_select.h:2206:2206:67:56:T,/root/mariadb/sql/sql_select.h,2206,2206,0,0,mariadb_target_002932;mariadb_target_002933
mariadb_aflgo_r1,mariadb,1,root/mariadb/sql/sql_select.h:2206:2206:67:56:F,/root/mariadb/sql/sql_select.h,2206,2206,0,0,mariadb_target_002932;mariadb_target_002933
mariadb_aflgo_r1,mariadb,1,root/mariadb/sql/sql_select.h:2214:2214:67:57:T,/root/mariadb/sql/sql_select.h,2214,2214,0,0,mariadb_target_002933;mariadb_target_002934
mariadb_aflgo_r1,mariadb,1,root/mariadb/sql/sql_select.h:2214:2214:67:57:F,/root/mariadb/sql/sql_select.h,2214,2214,0,0,mariadb_target_002933;mariadb_target_002934
mariadb_aflgo_r1,mariadb,1,root/mariadb/sql/sql_select.h:2214:2214:67:58:T,/root/mariadb/sql/sql_select.h,2214,2214,0,0,mariadb_target_002933;mariadb_target_002934
mariadb_aflgo_r1,mariadb,1,root/mariadb/sql/sql_select.h:2214:2214:67:58:F,/root/mariadb/sql/sql_select.h,2214,2214,0,0,mariadb_target_002933;mariadb_target_002934
mariadb_aflgo_r1,mariadb,1,root/mariadb/sql/sql_select.h:2217:2217:67:59:T,/root/mariadb/sql/sql_select.h,2217,2217,0,0,mariadb_target_002934
mariadb_aflgo_r1,mariadb,1,root/mariadb/sql/sql_select.h:2217:2217:67:59:F,/root/mariadb/sql/sql_select.h,2217,2217,0,0,mariadb_target_002934
mariadb_aflgo_r1,mariadb,1,root/mariadb/sql/sql_select.h:2217:2217:67:60:T,/root/mariadb/sql/sql_select.h,2217,2217,0,0,mariadb_target_002934
mariadb_aflgo_r1,mariadb,1,root/mariadb/sql/sql_select.h:2217:2217:67:60:F,/root/mariadb/sql/sql_select.h,2217,2217,0,0,mariadb_target_002934
mariadb_aflgo_r1,mariadb,1,root/mariadb/sql/sql_select.h:2218:2218:67:61:T,/root/mariadb/sql/sql_select.h,2218,2218,0,0,mariadb_target_002934
mariadb_aflgo_r1,mariadb,1,root/mariadb/sql/sql_select.h:2218:2218:67:61:F,/root/mariadb/sql/sql_select.h,2218,2218,0,0,mariadb_target_002934
mariadb_aflgo_r1,mariadb,1,root/mariadb/sql/sql_select.h:2218:2218:67:62:T,/root/mariadb/sql/sql_select.h,2218,2218,0,0,mariadb_target_002934
mariadb_aflgo_r1,mariadb,1,root/mariadb/sql/sql_select.h:2218:2218:67:62:F,/root/mariadb/sql/sql_select.h,2218,2218,0,0,mariadb_target_002934
mariadb_aflgo_r1,mariadb,1,root/mariadb/sql/sql_select.h:2218:2218:67:63:T,/root/mariadb/sql/sql_select.h,2218,2218,0,0,mariadb_target_002934
mariadb_aflgo_r1,mariadb,1,root/mariadb/sql/sql_select.h:2218:2218:67:63:F,/root/mariadb/sql/sql_select.h,2218,2218,0,0,mariadb_target_002934
mariadb_aflgo_r1,mariadb,1,root/mariadb/sql/sql_select.h:2248:2248:67:64:T,/root/mariadb/sql/sql_select.h,2248,2248,0,0,mariadb_target_001039;mariadb_target_002935
mariadb_aflgo_r1,mariadb,1,root/mariadb/sql/sql_select.h:2248:2248:67:64:F,/root/mariadb/sql/sql_select.h,2248,2248,0,0,mariadb_target_001039;mariadb_target_002935
mariadb_aflgo_r1,mariadb,1,root/mariadb/sql/sql_select.h:2254:2254:67:65:T,/root/mariadb/sql/sql_select.h,2254,2254,0,0,mariadb_target_001039;mariadb_target_001040;mariadb_target_002935;mariadb_target_002936
mariadb_aflgo_r1,mariadb,1,root/mariadb/sql/sql_select.h:2254:2254:67:65:F,/root/mariadb/sql/sql_select.h,2254,2254,0,0,mariadb_target_001039;mariadb_target_001040;mariadb_target_002935;mariadb_target_002936
mariadb_aflgo_r1,mariadb,1,root/mariadb/sql/sql_select.h:2256:2256:67:66:T,/root/mariadb/sql/sql_select.h,2256,2256,0,0,mariadb_target_001039;mariadb_target_001040;mariadb_target_002935;mariadb_target_002936
mariadb_aflgo_r1,mariadb,1,root/mariadb/sql/sql_select.h:2256:2256:67:66:F,/root/mariadb/sql/sql_select.h,2256,2256,0,0,mariadb_target_001039;mariadb_target_001040;mariadb_target_002935;mariadb_target_002936
mariadb_aflgo_r1,mariadb,1,root/mariadb/sql/sql_select.h:2257:2257:67:67:T,/root/mariadb/sql/sql_select.h,2257,2257,0,0,mariadb_target_001040;mariadb_target_002936
mariadb_aflgo_r1,mariadb,1,root/mariadb/sql/sql_select.h:2257:2257:67:67:F,/root/mariadb/sql/sql_select.h,2257,2257,0,0,mariadb_target_001040;mariadb_target_002936
mariadb_aflgo_r1,mariadb,1,root/mariadb/sql/sql_select.h:2263:2263:67:68:T,/root/mariadb/sql/sql_select.h,2263,2263,0,0,mariadb_target_001040;mariadb_target_002936;mariadb_target_002937
mariadb_aflgo_r1,mariadb,1,root/mariadb/sql/sql_select.h:2263:2263:67:68:F,/root/mariadb/sql/sql_select.h,2263,2263,0,0,mariadb_target_001040;mariadb_target_002936;mariadb_target_002937
mariadb_aflgo_r1,mariadb,1,root/mariadb/sql/sql_select.h:2263:2263:67:69:T,/root/mariadb/sql/sql_select.h,2263,2263,0,0,mariadb_target_001040;mariadb_target_002936;mariadb_target_002937
mariadb_aflgo_r1,mariadb,1,root/mariadb/sql/sql_select.h:2263:2263:67:69:F,/root/mariadb/sql/sql_select.h,2263,2263,0,0,mariadb_target_001040;mariadb_target_002936;mariadb_target_002937
mariadb_aflgo_r1,mariadb,1,root/mariadb/sql/sql_select.h:2267:2267:67:70:T,/root/mariadb/sql/sql_select.h,2267,2267,0,0,mariadb_target_002937
mariadb_aflgo_r1,mariadb,1,root/mariadb/sql/sql_select.h:2267:2267:67:70:F,/root/mariadb/sql/sql_select.h,2267,2267,0,0,mariadb_target_002937
mariadb_aflgo_r1,mariadb,1,root/mariadb/sql/sql_select.h:2267:2267:67:71:T,/root/mariadb/sql/sql_select.h,2267,2267,0,0,mariadb_target_002937
mariadb_aflgo_r1,mariadb,1,root/mariadb/sql/sql_select.h:2267:2267:67:71:F,/root/mariadb/sql/sql_select.h,2267,2267,0,0,mariadb_target_002937
mariadb_aflgo_r1,mariadb,1,root/mariadb/sql/sql_select.h:2268:2268:67:72:T,/root/mariadb/sql/sql_select.h,2268,2268,0,0,mariadb_target_002937
mariadb_aflgo_r1,mariadb,1,root/mariadb/sql/sql_select.h:2268:2268:67:72:F,/root/mariadb/sql/sql_select.h,2268,2268,0,0,mariadb_target_002937
mariadb_aflgo_r1,mariadb,1,root/mariadb/sql/sql_statistics.cc:2475:2475:69:251:T,/root/mariadb/sql/sql_statistics.cc,2475,2475,0,0,mariadb_target_001046;mariadb_target_002944
mariadb_aflgo_r1,mariadb,1,root/mariadb/sql/sql_statistics.cc:2475:2475:69:251:F,/root/mariadb/sql/sql_statistics.cc,2475,2475,0,0,mariadb_target_001046;mariadb_target_002944
mariadb_aflgo_r1,mariadb,1,root/mariadb/sql/sql_statistics.cc:2037:2037:69:291:T,/root/mariadb/sql/sql_statistics.cc,2037,2037,0,0,mariadb_target_001045;mariadb_target_002943
mariadb_aflgo_r1,mariadb,1,root/mariadb/sql/sql_statistics.cc:2037:2037:69:291:F,/root/mariadb/sql/sql_statistics.cc,2037,2037,0,0,mariadb_target_001045;mariadb_target_002943
mariadb_aflgo_r1,mariadb,1,root/mariadb/sql/sql_string.cc:254:254:70:18:T,/root/mariadb/sql/sql_string.cc,254,254,0,0,mariadb_target_002946
mariadb_aflgo_r1,mariadb,1,root/mariadb/sql/sql_string.cc:254:254:70:18:F,/root/mariadb/sql/sql_string.cc,254,254,1836,1,mariadb_target_002946
mariadb_aflgo_r1,mariadb,1,root/mariadb/sql/sql_string.cc:256:256:70:19:T,/root/mariadb/sql/sql_string.cc,256,256,1836,1,mariadb_target_002946
mariadb_aflgo_r1,mariadb,1,root/mariadb/sql/sql_string.cc:256:256:70:19:F,/root/mariadb/sql/sql_string.cc,256,256,0,0,mariadb_target_002946
mariadb_aflgo_r1,mariadb,1,root/mariadb/sql/sql_string.cc:265:265:70:20:T,/root/mariadb/sql/sql_string.cc,265,265,0,0,mariadb_target_001048;mariadb_target_002947
mariadb_aflgo_r1,mariadb,1,root/mariadb/sql/sql_string.cc:265:265:70:20:F,/root/mariadb/sql/sql_string.cc,265,265,4614,1,mariadb_target_001048;mariadb_target_002947
mariadb_aflgo_r1,mariadb,1,root/mariadb/sql/sql_string.cc:267:267:70:21:T,/root/mariadb/sql/sql_string.cc,267,267,0,0,mariadb_target_001048;mariadb_target_002947
mariadb_aflgo_r1,mariadb,1,root/mariadb/sql/sql_string.cc:267:267:70:21:F,/root/mariadb/sql/sql_string.cc,267,267,4614,1,mariadb_target_001048;mariadb_target_002947
mariadb_aflgo_r1,mariadb,1,root/mariadb/sql/sql_string.cc:267:267:70:22:T,/root/mariadb/sql/sql_string.cc,267,267,0,0,mariadb_target_001048;mariadb_target_002947
mariadb_aflgo_r1,mariadb,1,root/mariadb/sql/sql_string.cc:267:267:70:22:F,/root/mariadb/sql/sql_string.cc,267,267,0,0,mariadb_target_001048;mariadb_target_002947
mariadb_aflgo_r1,mariadb,1,root/mariadb/sql/sql_string.cc:276:276:70:23:T,/root/mariadb/sql/sql_string.cc,276,276,4575,1,mariadb_target_002948
mariadb_aflgo_r1,mariadb,1,root/mariadb/sql/sql_string.cc:276:276:70:23:F,/root/mariadb/sql/sql_string.cc,276,276,39,1,mariadb_target_002948
mariadb_aflgo_r1,mariadb,1,root/mariadb/sql/sql_string.h:1150:1150:71:92:T,/root/mariadb/sql/sql_string.h,1150,1150,0,0,mariadb_target_001050;mariadb_target_002950
mariadb_aflgo_r1,mariadb,1,root/mariadb/sql/sql_string.h:1150:1150:71:92:F,/root/mariadb/sql/sql_string.h,1150,1150,493,1,mariadb_target_001050;mariadb_target_002950
mariadb_aflgo_r1,mariadb,1,root/mariadb/sql/sql_table.cc:544:544:72:48:T,/root/mariadb/sql/sql_table.cc,544,544,0,0,mariadb_target_002961
mariadb_aflgo_r1,mariadb,1,root/mariadb/sql/sql_table.cc:544:544:72:48:F,/root/mariadb/sql/sql_table.cc,544,544,0,0,mariadb_target_002961
mariadb_aflgo_r1,mariadb,1,root/mariadb/sql/sql_table.cc:13531:13531:72:987:T,/root/mariadb/sql/sql_table.cc,13531,13531,597,1,mariadb_target_001058;mariadb_target_002958
mariadb_aflgo_r1,mariadb,1,root/mariadb/sql/sql_table.cc:13531:13531:72:987:F,/root/mariadb/sql/sql_table.cc,13531,13531,932,1,mariadb_target_001058;mariadb_target_002958
mariadb_aflgo_r1,mariadb,1,root/mariadb/sql/sql_table.cc:13532:13532:72:988:T,/root/mariadb/sql/sql_table.cc,13532,13532,597,1,mariadb_target_001058;mariadb_target_002958
mariadb_aflgo_r1,mariadb,1,root/mariadb/sql/sql_table.cc:13532:13532:72:988:F,/root/mariadb/sql/sql_table.cc,13532,13532,0,0,mariadb_target_001058;mariadb_target_002958
mariadb_aflgo_r1,mariadb,1,root/mariadb/sql/sql_table.cc:13533:13533:72:989:T,/root/mariadb/sql/sql_table.cc,13533,13533,0,0,mariadb_target_001058;mariadb_target_002958
mariadb_aflgo_r1,mariadb,1,root/mariadb/sql/sql_table.cc:13533:13533:72:989:F,/root/mariadb/sql/sql_table.cc,13533,13533,932,1,mariadb_target_001058;mariadb_target_002958
mariadb_aflgo_r1,mariadb,1,root/mariadb/sql/sql_table.cc:13536:13536:72:990:T,/root/mariadb/sql/sql_table.cc,13536,13536,0,0,mariadb_target_001058;mariadb_target_002958
mariadb_aflgo_r1,mariadb,1,root/mariadb/sql/sql_table.cc:13536:13536:72:990:F,/root/mariadb/sql/sql_table.cc,13536,13536,932,1,mariadb_target_001058;mariadb_target_002958
mariadb_aflgo_r1,mariadb,1,root/mariadb/sql/sql_table.cc:13785:13785:72:1027:T,/root/mariadb/sql/sql_table.cc,13785,13785,0,0,mariadb_target_002959
mariadb_aflgo_r1,mariadb,1,root/mariadb/sql/sql_table.cc:13785:13785:72:1027:F,/root/mariadb/sql/sql_table.cc,13785,13785,0,0,mariadb_target_002959
mariadb_aflgo_r1,mariadb,1,root/mariadb/sql/sql_table.cc:10327:10327:72:1613:T,/root/mariadb/sql/sql_table.cc,10327,10327,0,0,mariadb_target_001054;mariadb_target_002954
mariadb_aflgo_r1,mariadb,1,root/mariadb/sql/sql_table.cc:10327:10327:72:1613:F,/root/mariadb/sql/sql_table.cc,10327,10327,0,0,mariadb_target_001054;mariadb_target_002954
mariadb_aflgo_r1,mariadb,1,root/mariadb/sql/sql_table.cc:10328:10333:72:1614:T,/root/mariadb/sql/sql_table.cc,10328,10333,0,0,mariadb_target_001054;mariadb_target_001055;mariadb_target_002954;mariadb_target_002955
mariadb_aflgo_r1,mariadb,1,root/mariadb/sql/sql_table.cc:10328:10333:72:1614:F,/root/mariadb/sql/sql_table.cc,10328,10333,0,0,mariadb_target_001054;mariadb_target_001055;mariadb_target_002954;mariadb_target_002955
mariadb_aflgo_r1,mariadb,1,root/mariadb/sql/sql_table.cc:7900:7900:72:1622:T,/root/mariadb/sql/sql_table.cc,7900,7900,19,1,mariadb_target_001060;mariadb_target_002962;mariadb_target_002963
mariadb_aflgo_r1,mariadb,1,root/mariadb/sql/sql_table.cc:7900:7900:72:1622:F,/root/mariadb/sql/sql_table.cc,7900,7900,278,1,mariadb_target_001060;mariadb_target_002962;mariadb_target_002963
mariadb_aflgo_r1,mariadb,1,root/mariadb/sql/sql_table.cc:8481:8481:72:1806:T,/root/mariadb/sql/sql_table.cc,8481,8481,0,0,mariadb_target_001061;mariadb_target_002964
mariadb_aflgo_r1,mariadb,1,root/mariadb/sql/sql_table.cc:8481:8481:72:1806:F,/root/mariadb/sql/sql_table.cc,8481,8481,0,0,mariadb_target_001061;mariadb_target_002964
mariadb_aflgo_r1,mariadb,1,root/mariadb/sql/sql_tvc.cc:317:317:74:28:T,/root/mariadb/sql/sql_tvc.cc,317,317,0,0,mariadb_target_002967
mariadb_aflgo_r1,mariadb,1,root/mariadb/sql/sql_tvc.cc:317:317:74:28:F,/root/mariadb/sql/sql_tvc.cc,317,317,0,0,mariadb_target_002967
mariadb_aflgo_r1,mariadb,1,root/mariadb/sql/sql_tvc.cc:320:320:74:29:T,/root/mariadb/sql/sql_tvc.cc,320,320,0,0,mariadb_target_002967
mariadb_aflgo_r1,mariadb,1,root/mariadb/sql/sql_tvc.cc:320:320:74:29:F,/root/mariadb/sql/sql_tvc.cc,320,320,0,0,mariadb_target_002967
mariadb_aflgo_r1,mariadb,1,root/mariadb/sql/sql_tvc.cc:323:323:74:30:T,/root/mariadb/sql/sql_tvc.cc,323,323,0,0,mariadb_target_002967
mariadb_aflgo_r1,mariadb,1,root/mariadb/sql/sql_tvc.cc:323:323:74:30:F,/root/mariadb/sql/sql_tvc.cc,323,323,0,0,mariadb_target_002967
mariadb_aflgo_r1,mariadb,1,root/mariadb/sql/sql_type.cc:488:489:75:25:T,/root/mariadb/sql/sql_type.cc,488,489,12,1,mariadb_target_001065;mariadb_target_002969
mariadb_aflgo_r1,mariadb,1,root/mariadb/sql/sql_type.cc:488:489:75:25:F,/root/mariadb/sql/sql_type.cc,488,489,276,1,mariadb_target_001065;mariadb_target_002969
mariadb_aflgo_r1,mariadb,1,root/mariadb/sql/sql_type_fixedbin.h:555:555:77:22:T,/root/mariadb/sql/sql_type_fixedbin.h,555,555,0,0,mariadb_target_001075;mariadb_target_002992
mariadb_aflgo_r1,mariadb,1,root/mariadb/sql/sql_type_fixedbin.h:555:555:77:22:F,/root/mariadb/sql/sql_type_fixedbin.h,555,555,0,0,mariadb_target_001075;mariadb_target_002992
mariadb_aflgo_r1,mariadb,1,root/mariadb/sql/sql_type_fixedbin.h:556:557:77:23:T,/root/mariadb/sql/sql_type_fixedbin.h,556,557,0,0,mariadb_target_001075;mariadb_target_002992
mariadb_aflgo_r1,mariadb,1,root/mariadb/sql/sql_type_fixedbin.h:556:557:77:23:F,/root/mariadb/sql/sql_type_fixedbin.h,556,557,0,0,mariadb_target_001075;mariadb_target_002992
mariadb_aflgo_r1,mariadb,1,root/mariadb/sql/sql_type_fixedbin.h:454:454:77:31:T,/root/mariadb/sql/sql_type_fixedbin.h,454,454,0,0,mariadb_target_001073;mariadb_target_001074;mariadb_target_002990;mariadb_target_002991
mariadb_aflgo_r1,mariadb,1,root/mariadb/sql/sql_type_fixedbin.h:454:454:77:31:F,/root/mariadb/sql/sql_type_fixedbin.h,454,454,0,0,mariadb_target_001073;mariadb_target_001074;mariadb_target_002990;mariadb_target_002991
mariadb_aflgo_r1,mariadb,1,root/mariadb/sql/sql_type_fixedbin.h:274:274:77:40:T,/root/mariadb/sql/sql_type_fixedbin.h,274,274,0,0,mariadb_target_001070;mariadb_target_001071;mariadb_target_002987;mariadb_target_002988
mariadb_aflgo_r1,mariadb,1,root/mariadb/sql/sql_type_fixedbin.h:274:274:77:40:F,/root/mariadb/sql/sql_type_fixedbin.h,274,274,0,0,mariadb_target_001070;mariadb_target_001071;mariadb_target_002987;mariadb_target_002988
mariadb_aflgo_r1,mariadb,1,root/mariadb/sql/sql_type_fixedbin.h:1044:1044:77:67:T,/root/mariadb/sql/sql_type_fixedbin.h,1044,1044,0,0,mariadb_target_001069;mariadb_target_002986
mariadb_aflgo_r1,mariadb,1,root/mariadb/sql/sql_type_fixedbin.h:1044:1044:77:67:F,/root/mariadb/sql/sql_type_fixedbin.h,1044,1044,0,0,mariadb_target_001069;mariadb_target_002986
mariadb_aflgo_r1,mariadb,1,root/mariadb/sql/sql_type_fixedbin.h:1038:1038:77:68:T,/root/mariadb/sql/sql_type_fixedbin.h,1038,1038,0,0,mariadb_target_001069;mariadb_target_002986
mariadb_aflgo_r1,mariadb,1,root/mariadb/sql/sql_type_fixedbin.h:1038:1038:77:68:F,/root/mariadb/sql/sql_type_fixedbin.h,1038,1038,0,0,mariadb_target_001069;mariadb_target_002986
mariadb_aflgo_r1,mariadb,1,root/mariadb/sql/sql_type_fixedbin.h:1024:1024:77:69:T,/root/mariadb/sql/sql_type_fixedbin.h,1024,1024,0,0,mariadb_target_001069;mariadb_target_002986
mariadb_aflgo_r1,mariadb,1,root/mariadb/sql/sql_type_fixedbin.h:1024:1024:77:69:F,/root/mariadb/sql/sql_type_fixedbin.h,1024,1024,0,0,mariadb_target_001069;mariadb_target_002986
mariadb_aflgo_r1,mariadb,1,root/mariadb/sql/sql_type_fixedbin.h:1027:1027:77:70:T,/root/mariadb/sql/sql_type_fixedbin.h,1027,1027,0,0,mariadb_target_001069;mariadb_target_002986
mariadb_aflgo_r1,mariadb,1,root/mariadb/sql/sql_type_fixedbin.h:1027:1027:77:70:F,/root/mariadb/sql/sql_type_fixedbin.h,1027,1027,0,0,mariadb_target_001069;mariadb_target_002986
mariadb_aflgo_r1,mariadb,1,root/mariadb/sql/sql_type_fixedbin.h:1027:1027:77:71:T,/root/mariadb/sql/sql_type_fixedbin.h,1027,1027,0,0,mariadb_target_001069;mariadb_target_002986
mariadb_aflgo_r1,mariadb,1,root/mariadb/sql/sql_type_fixedbin.h:1027:1027:77:71:F,/root/mariadb/sql/sql_type_fixedbin.h,1027,1027,0,0,mariadb_target_001069;mariadb_target_002986
mariadb_aflgo_r1,mariadb,1,root/mariadb/sql/sql_type_fixedbin.h:1071:1071:77:72:T,/root/mariadb/sql/sql_type_fixedbin.h,1071,1071,0,0,mariadb_target_001069;mariadb_target_002986
mariadb_aflgo_r1,mariadb,1,root/mariadb/sql/sql_type_fixedbin.h:1071:1071:77:72:F,/root/mariadb/sql/sql_type_fixedbin.h,1071,1071,0,0,mariadb_target_001069;mariadb_target_002986
mariadb_aflgo_r1,mariadb,1,root/mariadb/sql/sql_type_fixedbin.h:1031:1031:77:73:T,/root/mariadb/sql/sql_type_fixedbin.h,1031,1031,0,0,mariadb_target_001069;mariadb_target_002986
mariadb_aflgo_r1,mariadb,1,root/mariadb/sql/sql_type_fixedbin.h:1031:1031:77:73:F,/root/mariadb/sql/sql_type_fixedbin.h,1031,1031,0,0,mariadb_target_001069;mariadb_target_002986
mariadb_aflgo_r1,mariadb,1,root/mariadb/sql/sql_type_fixedbin.h:1064:1064:77:74:T,/root/mariadb/sql/sql_type_fixedbin.h,1064,1064,0,0,mariadb_target_001069;mariadb_target_002986
mariadb_aflgo_r1,mariadb,1,root/mariadb/sql/sql_type_fixedbin.h:1064:1064:77:74:F,/root/mariadb/sql/sql_type_fixedbin.h,1064,1064,0,0,mariadb_target_001069;mariadb_target_002986
mariadb_aflgo_r1,mariadb,1,root/mariadb/sql/sql_type_fixedbin.h:1051:1051:77:75:T,/root/mariadb/sql/sql_type_fixedbin.h,1051,1051,0,0,mariadb_target_001069;mariadb_target_002986
mariadb_aflgo_r1,mariadb,1,root/mariadb/sql/sql_type_fixedbin.h:1051:1051:77:75:F,/root/mariadb/sql/sql_type_fixedbin.h,1051,1051,0,0,mariadb_target_001069;mariadb_target_002986
mariadb_aflgo_r1,mariadb,1,root/mariadb/sql/sql_type_fixedbin.h:1058:1058:77:76:T,/root/mariadb/sql/sql_type_fixedbin.h,1058,1058,0,0,mariadb_target_001069;mariadb_target_002986
mariadb_aflgo_r1,mariadb,1,root/mariadb/sql/sql_type_fixedbin.h:1058:1058:77:76:F,/root/mariadb/sql/sql_type_fixedbin.h,1058,1058,0,0,mariadb_target_001069;mariadb_target_002986
mariadb_aflgo_r1,mariadb,1,root/mariadb/sql/sql_type_fixedbin.h:1014:1014:77:77:T,/root/mariadb/sql/sql_type_fixedbin.h,1014,1014,0,0,mariadb_target_001069;mariadb_target_002986
mariadb_aflgo_r1,mariadb,1,root/mariadb/sql/sql_type_fixedbin.h:1014:1014:77:77:F,/root/mariadb/sql/sql_type_fixedbin.h,1014,1014,0,0,mariadb_target_001069;mariadb_target_002986
mariadb_aflgo_r1,mariadb,1,root/mariadb/sql/sql_type_fixedbin.h:930:930:77:82:T,/root/mariadb/sql/sql_type_fixedbin.h,930,930,0,0,mariadb_target_001082;mariadb_target_003005;mariadb_target_003006
mariadb_aflgo_r1,mariadb,1,root/mariadb/sql/sql_type_fixedbin.h:930:930:77:82:F,/root/mariadb/sql/sql_type_fixedbin.h,930,930,0,0,mariadb_target_001082;mariadb_target_003005;mariadb_target_003006
mariadb_aflgo_r1,mariadb,1,root/mariadb/sql/sql_type_fixedbin.h:930:930:77:83:T,/root/mariadb/sql/sql_type_fixedbin.h,930,930,0,0,mariadb_target_001082;mariadb_target_003005;mariadb_target_003006
mariadb_aflgo_r1,mariadb,1,root/mariadb/sql/sql_type_fixedbin.h:930:930:77:83:F,/root/mariadb/sql/sql_type_fixedbin.h,930,930,0,0,mariadb_target_001082;mariadb_target_003005;mariadb_target_003006
mariadb_aflgo_r1,mariadb,1,root/mariadb/sql/sql_type_fixedbin.h:930:930:77:84:T,/root/mariadb/sql/sql_type_fixedbin.h,930,930,0,0,mariadb_target_001082;mariadb_target_003005;mariadb_target_003006
mariadb_aflgo_r1,mariadb,1,root/mariadb/sql/sql_type_fixedbin.h:930:930:77:84:F,/root/mariadb/sql/sql_type_fixedbin.h,930,930,0,0,mariadb_target_001082;mariadb_target_003005;mariadb_target_003006
mariadb_aflgo_r1,mariadb,1,root/mariadb/sql/sql_type_fixedbin.h:998:998:77:85:T,/root/mariadb/sql/sql_type_fixedbin.h,998,998,0,0,mariadb_target_001086;mariadb_target_003010;mariadb_target_003011
mariadb_aflgo_r1,mariadb,1,root/mariadb/sql/sql_type_fixedbin.h:998:998:77:85:F,/root/mariadb/sql/sql_type_fixedbin.h,998,998,0,0,mariadb_target_001086;mariadb_target_003010;mariadb_target_003011
mariadb_aflgo_r1,mariadb,1,root/mariadb/sql/sql_type_fixedbin.h:998:998:77:86:T,/root/mariadb/sql/sql_type_fixedbin.h,998,998,0,0,mariadb_target_001086;mariadb_target_003010;mariadb_target_003011
mariadb_aflgo_r1,mariadb,1,root/mariadb/sql/sql_type_fixedbin.h:998:998:77:86:F,/root/mariadb/sql/sql_type_fixedbin.h,998,998,0,0,mariadb_target_001086;mariadb_target_003010;mariadb_target_003011
mariadb_aflgo_r1,mariadb,1,root/mariadb/sql/sql_type_fixedbin.h:990:991:77:87:T,/root/mariadb/sql/sql_type_fixedbin.h,990,991,0,0,mariadb_target_001085;mariadb_target_001086;mariadb_target_003009;mariadb_target_003010
mariadb_aflgo_r1,mariadb,1,root/mariadb/sql/sql_type_fixedbin.h:990:991:77:87:F,/root/mariadb/sql/sql_type_fixedbin.h,990,991,0,0,mariadb_target_001085;mariadb_target_001086;mariadb_target_003009;mariadb_target_003010
mariadb_aflgo_r1,mariadb,1,root/mariadb/sql/sql_type_fixedbin.h:851:851:77:92:T,/root/mariadb/sql/sql_type_fixedbin.h,851,851,0,0,mariadb_target_001077;mariadb_target_001078;mariadb_target_002996;mariadb_target_002997;mariadb_target_002998
mariadb_aflgo_r1,mariadb,1,root/mariadb/sql/sql_type_fixedbin.h:851:851:77:92:F,/root/mariadb/sql/sql_type_fixedbin.h,851,851,0,0,mariadb_target_001077;mariadb_target_001078;mariadb_target_002996;mariadb_target_002997;mariadb_target_002998
mariadb_aflgo_r1,mariadb,1,root/mariadb/sql/sql_type_fixedbin.h:854:854:77:93:T,/root/mariadb/sql/sql_type_fixedbin.h,854,854,0,0,mariadb_target_001077;mariadb_target_001078;mariadb_target_002996;mariadb_target_002997;mariadb_target_002998
mariadb_aflgo_r1,mariadb,1,root/mariadb/sql/sql_type_fixedbin.h:854:854:77:93:F,/root/mariadb/sql/sql_type_fixedbin.h,854,854,0,0,mariadb_target_001077;mariadb_target_001078;mariadb_target_002996;mariadb_target_002997;mariadb_target_002998
mariadb_aflgo_r1,mariadb,1,root/mariadb/sql/sql_type_fixedbin.h:854:854:77:94:T,/root/mariadb/sql/sql_type_fixedbin.h,854,854,0,0,mariadb_target_001077;mariadb_target_001078;mariadb_target_002996;mariadb_target_002997;mariadb_target_002998
mariadb_aflgo_r1,mariadb,1,root/mariadb/sql/sql_type_fixedbin.h:854:854:77:94:F,/root/mariadb/sql/sql_type_fixedbin.h,854,854,0,0,mariadb_target_001077;mariadb_target_001078;mariadb_target_002996;mariadb_target_002997;mariadb_target_002998
mariadb_aflgo_r1,mariadb,1,root/mariadb/sql/sql_type_fixedbin.h:845:845:77:95:T,/root/mariadb/sql/sql_type_fixedbin.h,845,845,0,0,mariadb_target_001076;mariadb_target_001077;mariadb_target_002994;mariadb_target_002995;mariadb_target_002996
mariadb_aflgo_r1,mariadb,1,root/mariadb/sql/sql_type_fixedbin.h:845:845:77:95:F,/root/mariadb/sql/sql_type_fixedbin.h,845,845,0,0,mariadb_target_001076;mariadb_target_001077;mariadb_target_002994;mariadb_target_002995;mariadb_target_002996
mariadb_aflgo_r1,mariadb,1,root/mariadb/sql/sql_type_fixedbin.h:555:555:77:167:T,/root/mariadb/sql/sql_type_fixedbin.h,555,555,0,0,mariadb_target_001075;mariadb_target_002992
mariadb_aflgo_r1,mariadb,1,root/mariadb/sql/sql_type_fixedbin.h:555:555:77:167:F,/root/mariadb/sql/sql_type_fixedbin.h,555,555,0,0,mariadb_target_001075;mariadb_target_002992
mariadb_aflgo_r1,mariadb,1,root/mariadb/sql/sql_type_fixedbin.h:556:557:77:168:T,/root/mariadb/sql/sql_type_fixedbin.h,556,557,0,0,mariadb_target_001075;mariadb_target_002992
mariadb_aflgo_r1,mariadb,1,root/mariadb/sql/sql_type_fixedbin.h:556:557:77:168:F,/root/mariadb/sql/sql_type_fixedbin.h,556,557,0,0,mariadb_target_001075;mariadb_target_002992
mariadb_aflgo_r1,mariadb,1,root/mariadb/sql/sql_type_fixedbin.h:454:454:77:176:T,/root/mariadb/sql/sql_type_fixedbin.h,454,454,0,0,mariadb_target_001073;mariadb_target_001074;mariadb_target_002990;mariadb_target_002991
mariadb_aflgo_r1,mariadb,1,root/mariadb/sql/sql_type_fixedbin.h:454:454:77:176:F,/root/mariadb/sql/sql_type_fixedbin.h,454,454,0,0,mariadb_target_001073;mariadb_target_001074;mariadb_target_002990;mariadb_target_002991
mariadb_aflgo_r1,mariadb,1,root/mariadb/sql/sql_type_fixedbin.h:274:274:77:185:T,/root/mariadb/sql/sql_type_fixedbin.h,274,274,0,0,mariadb_target_001070;mariadb_target_001071;mariadb_target_002987;mariadb_target_002988
mariadb_aflgo_r1,mariadb,1,root/mariadb/sql/sql_type_fixedbin.h:274:274:77:185:F,/root/mariadb/sql/sql_type_fixedbin.h,274,274,0,0,mariadb_target_001070;mariadb_target_001071;mariadb_target_002987;mariadb_target_002988
mariadb_aflgo_r1,mariadb,1,root/mariadb/sql/sql_type_fixedbin.h:1044:1044:77:212:T,/root/mariadb/sql/sql_type_fixedbin.h,1044,1044,0,0,mariadb_target_001069;mariadb_target_002986
mariadb_aflgo_r1,mariadb,1,root/mariadb/sql/sql_type_fixedbin.h:1044:1044:77:212:F,/root/mariadb/sql/sql_type_fixedbin.h,1044,1044,0,0,mariadb_target_001069;mariadb_target_002986
mariadb_aflgo_r1,mariadb,1,root/mariadb/sql/sql_type_fixedbin.h:1038:1038:77:213:T,/root/mariadb/sql/sql_type_fixedbin.h,1038,1038,0,0,mariadb_target_001069;mariadb_target_002986
mariadb_aflgo_r1,mariadb,1,root/mariadb/sql/sql_type_fixedbin.h:1038:1038:77:213:F,/root/mariadb/sql/sql_type_fixedbin.h,1038,1038,0,0,mariadb_target_001069;mariadb_target_002986
mariadb_aflgo_r1,mariadb,1,root/mariadb/sql/sql_type_fixedbin.h:1024:1024:77:214:T,/root/mariadb/sql/sql_type_fixedbin.h,1024,1024,0,0,mariadb_target_001069;mariadb_target_002986
mariadb_aflgo_r1,mariadb,1,root/mariadb/sql/sql_type_fixedbin.h:1024:1024:77:214:F,/root/mariadb/sql/sql_type_fixedbin.h,1024,1024,0,0,mariadb_target_001069;mariadb_target_002986
mariadb_aflgo_r1,mariadb,1,root/mariadb/sql/sql_type_fixedbin.h:1027:1027:77:215:T,/root/mariadb/sql/sql_type_fixedbin.h,1027,1027,0,0,mariadb_target_001069;mariadb_target_002986
mariadb_aflgo_r1,mariadb,1,root/mariadb/sql/sql_type_fixedbin.h:1027:1027:77:215:F,/root/mariadb/sql/sql_type_fixedbin.h,1027,1027,0,0,mariadb_target_001069;mariadb_target_002986
mariadb_aflgo_r1,mariadb,1,root/mariadb/sql/sql_type_fixedbin.h:1027:1027:77:216:T,/root/mariadb/sql/sql_type_fixedbin.h,1027,1027,0,0,mariadb_target_001069;mariadb_target_002986
mariadb_aflgo_r1,mariadb,1,root/mariadb/sql/sql_type_fixedbin.h:1027:1027:77:216:F,/root/mariadb/sql/sql_type_fixedbin.h,1027,1027,0,0,mariadb_target_001069;mariadb_target_002986
mariadb_aflgo_r1,mariadb,1,root/mariadb/sql/sql_type_fixedbin.h:1071:1071:77:217:T,/root/mariadb/sql/sql_type_fixedbin.h,1071,1071,0,0,mariadb_target_001069;mariadb_target_002986
mariadb_aflgo_r1,mariadb,1,root/mariadb/sql/sql_type_fixedbin.h:1071:1071:77:217:F,/root/mariadb/sql/sql_type_fixedbin.h,1071,1071,0,0,mariadb_target_001069;mariadb_target_002986
mariadb_aflgo_r1,mariadb,1,root/mariadb/sql/sql_type_fixedbin.h:1031:1031:77:218:T,/root/mariadb/sql/sql_type_fixedbin.h,1031,1031,0,0,mariadb_target_001069;mariadb_target_002986
mariadb_aflgo_r1,mariadb,1,root/mariadb/sql/sql_type_fixedbin.h:1031:1031:77:218:F,/root/mariadb/sql/sql_type_fixedbin.h,1031,1031,0,0,mariadb_target_001069;mariadb_target_002986
mariadb_aflgo_r1,mariadb,1,root/mariadb/sql/sql_type_fixedbin.h:1064:1064:77:219:T,/root/mariadb/sql/sql_type_fixedbin.h,1064,1064,0,0,mariadb_target_001069;mariadb_target_002986
mariadb_aflgo_r1,mariadb,1,root/mariadb/sql/sql_type_fixedbin.h:1064:1064:77:219:F,/root/mariadb/sql/sql_type_fixedbin.h,1064,1064,0,0,mariadb_target_001069;mariadb_target_002986
mariadb_aflgo_r1,mariadb,1,root/mariadb/sql/sql_type_fixedbin.h:1051:1051:77:220:T,/root/mariadb/sql/sql_type_fixedbin.h,1051,1051,0,0,mariadb_target_001069;mariadb_target_002986
mariadb_aflgo_r1,mariadb,1,root/mariadb/sql/sql_type_fixedbin.h:1051:1051:77:220:F,/root/mariadb/sql/sql_type_fixedbin.h,1051,1051,0,0,mariadb_target_001069;mariadb_target_002986
mariadb_aflgo_r1,mariadb,1,root/mariadb/sql/sql_type_fixedbin.h:1058:1058:77:221:T,/root/mariadb/sql/sql_type_fixedbin.h,1058,1058,0,0,mariadb_target_001069;mariadb_target_002986
mariadb_aflgo_r1,mariadb,1,root/mariadb/sql/sql_type_fixedbin.h:1058:1058:77:221:F,/root/mariadb/sql/sql_type_fixedbin.h,1058,1058,0,0,mariadb_target_001069;mariadb_target_002986
mariadb_aflgo_r1,mariadb,1,root/mariadb/sql/sql_type_fixedbin.h:1014:1014:77:222:T,/root/mariadb/sql/sql_type_fixedbin.h,1014,1014,0,0,mariadb_target_001069;mariadb_target_002986
mariadb_aflgo_r1,mariadb,1,root/mariadb/sql/sql_type_fixedbin.h:1014:1014:77:222:F,/root/mariadb/sql/sql_type_fixedbin.h,1014,1014,0,0,mariadb_target_001069;mariadb_target_002986
mariadb_aflgo_r1,mariadb,1,root/mariadb/sql/sql_type_fixedbin.h:930:930:77:227:T,/root/mariadb/sql/sql_type_fixedbin.h,930,930,0,0,mariadb_target_001082;mariadb_target_003005;mariadb_target_003006
mariadb_aflgo_r1,mariadb,1,root/mariadb/sql/sql_type_fixedbin.h:930:930:77:227:F,/root/mariadb/sql/sql_type_fixedbin.h,930,930,0,0,mariadb_target_001082;mariadb_target_003005;mariadb_target_003006
mariadb_aflgo_r1,mariadb,1,root/mariadb/sql/sql_type_fixedbin.h:930:930:77:228:T,/root/mariadb/sql/sql_type_fixedbin.h,930,930,0,0,mariadb_target_001082;mariadb_target_003005;mariadb_target_003006
mariadb_aflgo_r1,mariadb,1,root/mariadb/sql/sql_type_fixedbin.h:930:930:77:228:F,/root/mariadb/sql/sql_type_fixedbin.h,930,930,0,0,mariadb_target_001082;mariadb_target_003005;mariadb_target_003006
mariadb_aflgo_r1,mariadb,1,root/mariadb/sql/sql_type_fixedbin.h:930:930:77:229:T,/root/mariadb/sql/sql_type_fixedbin.h,930,930,0,0,mariadb_target_001082;mariadb_target_003005;mariadb_target_003006
mariadb_aflgo_r1,mariadb,1,root/mariadb/sql/sql_type_fixedbin.h:930:930:77:229:F,/root/mariadb/sql/sql_type_fixedbin.h,930,930,0,0,mariadb_target_001082;mariadb_target_003005;mariadb_target_003006
mariadb_aflgo_r1,mariadb,1,root/mariadb/sql/sql_type_fixedbin.h:998:998:77:230:T,/root/mariadb/sql/sql_type_fixedbin.h,998,998,0,0,mariadb_target_001086;mariadb_target_003010;mariadb_target_003011
mariadb_aflgo_r1,mariadb,1,root/mariadb/sql/sql_type_fixedbin.h:998:998:77:230:F,/root/mariadb/sql/sql_type_fixedbin.h,998,998,0,0,mariadb_target_001086;mariadb_target_003010;mariadb_target_003011
mariadb_aflgo_r1,mariadb,1,root/mariadb/sql/sql_type_fixedbin.h:998:998:77:231:T,/root/mariadb/sql/sql_type_fixedbin.h,998,998,0,0,mariadb_target_001086;mariadb_target_003010;mariadb_target_003011
mariadb_aflgo_r1,mariadb,1,root/mariadb/sql/sql_type_fixedbin.h:998:998:77:231:F,/root/mariadb/sql/sql_type_fixedbin.h,998,998,0,0,mariadb_target_001086;mariadb_target_003010;mariadb_target_003011
mariadb_aflgo_r1,mariadb,1,root/mariadb/sql/sql_type_fixedbin.h:990:991:77:232:T,/root/mariadb/sql/sql_type_fixedbin.h,990,991,0,0,mariadb_target_001085;mariadb_target_001086;mariadb_target_003009;mariadb_target_003010
mariadb_aflgo_r1,mariadb,1,root/mariadb/sql/sql_type_fixedbin.h:990:991:77:232:F,/root/mariadb/sql/sql_type_fixedbin.h,990,991,0,0,mariadb_target_001085;mariadb_target_001086;mariadb_target_003009;mariadb_target_003010
mariadb_aflgo_r1,mariadb,1,root/mariadb/sql/sql_type_fixedbin.h:851:851:77:237:T,/root/mariadb/sql/sql_type_fixedbin.h,851,851,0,0,mariadb_target_001077;mariadb_target_001078;mariadb_target_002996;mariadb_target_002997;mariadb_target_002998
mariadb_aflgo_r1,mariadb,1,root/mariadb/sql/sql_type_fixedbin.h:851:851:77:237:F,/root/mariadb/sql/sql_type_fixedbin.h,851,851,0,0,mariadb_target_001077;mariadb_target_001078;mariadb_target_002996;mariadb_target_002997;mariadb_target_002998
mariadb_aflgo_r1,mariadb,1,root/mariadb/sql/sql_type_fixedbin.h:854:854:77:238:T,/root/mariadb/sql/sql_type_fixedbin.h,854,854,0,0,mariadb_target_001077;mariadb_target_001078;mariadb_target_002996;mariadb_target_002997;mariadb_target_002998
mariadb_aflgo_r1,mariadb,1,root/mariadb/sql/sql_type_fixedbin.h:854:854:77:238:F,/root/mariadb/sql/sql_type_fixedbin.h,854,854,0,0,mariadb_target_001077;mariadb_target_001078;mariadb_target_002996;mariadb_target_002997;mariadb_target_002998
mariadb_aflgo_r1,mariadb,1,root/mariadb/sql/sql_type_fixedbin.h:854:854:77:239:T,/root/mariadb/sql/sql_type_fixedbin.h,854,854,0,0,mariadb_target_001077;mariadb_target_001078;mariadb_target_002996;mariadb_target_002997;mariadb_target_002998
mariadb_aflgo_r1,mariadb,1,root/mariadb/sql/sql_type_fixedbin.h:854:854:77:239:F,/root/mariadb/sql/sql_type_fixedbin.h,854,854,0,0,mariadb_target_001077;mariadb_target_001078;mariadb_target_002996;mariadb_target_002997;mariadb_target_002998
mariadb_aflgo_r1,mariadb,1,root/mariadb/sql/sql_type_fixedbin.h:845:845:77:240:T,/root/mariadb/sql/sql_type_fixedbin.h,845,845,0,0,mariadb_target_001076;mariadb_target_001077;mariadb_target_002994;mariadb_target_002995;mariadb_target_002996
mariadb_aflgo_r1,mariadb,1,root/mariadb/sql/sql_type_fixedbin.h:845:845:77:240:F,/root/mariadb/sql/sql_type_fixedbin.h,845,845,0,0,mariadb_target_001076;mariadb_target_001077;mariadb_target_002994;mariadb_target_002995;mariadb_target_002996
mariadb_aflgo_r1,mariadb,1,root/mariadb/sql/sql_type_fixedbin.h:555:555:77:293:T,/root/mariadb/sql/sql_type_fixedbin.h,555,555,0,0,mariadb_target_001075;mariadb_target_002992
mariadb_aflgo_r1,mariadb,1,root/mariadb/sql/sql_type_fixedbin.h:555:555:77:293:F,/root/mariadb/sql/sql_type_fixedbin.h,555,555,0,0,mariadb_target_001075;mariadb_target_002992
mariadb_aflgo_r1,mariadb,1,root/mariadb/sql/sql_type_fixedbin.h:556:557:77:294:T,/root/mariadb/sql/sql_type_fixedbin.h,556,557,0,0,mariadb_target_001075;mariadb_target_002992
mariadb_aflgo_r1,mariadb,1,root/mariadb/sql/sql_type_fixedbin.h:556:557:77:294:F,/root/mariadb/sql/sql_type_fixedbin.h,556,557,0,0,mariadb_target_001075;mariadb_target_002992
mariadb_aflgo_r1,mariadb,1,root/mariadb/sql/sql_type_fixedbin.h:454:454:77:303:T,/root/mariadb/sql/sql_type_fixedbin.h,454,454,0,0,mariadb_target_001073;mariadb_target_001074;mariadb_target_002990;mariadb_target_002991
mariadb_aflgo_r1,mariadb,1,root/mariadb/sql/sql_type_fixedbin.h:454:454:77:303:F,/root/mariadb/sql/sql_type_fixedbin.h,454,454,0,0,mariadb_target_001073;mariadb_target_001074;mariadb_target_002990;mariadb_target_002991
mariadb_aflgo_r1,mariadb,1,root/mariadb/sql/sql_type_fixedbin.h:274:274:77:322:T,/root/mariadb/sql/sql_type_fixedbin.h,274,274,0,0,mariadb_target_001070;mariadb_target_001071;mariadb_target_002987;mariadb_target_002988
mariadb_aflgo_r1,mariadb,1,root/mariadb/sql/sql_type_fixedbin.h:274:274:77:322:F,/root/mariadb/sql/sql_type_fixedbin.h,274,274,0,0,mariadb_target_001070;mariadb_target_001071;mariadb_target_002987;mariadb_target_002988
mariadb_aflgo_r1,mariadb,1,root/mariadb/sql/sql_type_fixedbin.h:1044:1044:77:357:T,/root/mariadb/sql/sql_type_fixedbin.h,1044,1044,0,0,mariadb_target_001069;mariadb_target_002986
mariadb_aflgo_r1,mariadb,1,root/mariadb/sql/sql_type_fixedbin.h:1044:1044:77:357:F,/root/mariadb/sql/sql_type_fixedbin.h,1044,1044,0,0,mariadb_target_001069;mariadb_target_002986
mariadb_aflgo_r1,mariadb,1,root/mariadb/sql/sql_type_fixedbin.h:1038:1038:77:358:T,/root/mariadb/sql/sql_type_fixedbin.h,1038,1038,0,0,mariadb_target_001069;mariadb_target_002986
mariadb_aflgo_r1,mariadb,1,root/mariadb/sql/sql_type_fixedbin.h:1038:1038:77:358:F,/root/mariadb/sql/sql_type_fixedbin.h,1038,1038,0,0,mariadb_target_001069;mariadb_target_002986
mariadb_aflgo_r1,mariadb,1,root/mariadb/sql/sql_type_fixedbin.h:1024:1024:77:359:T,/root/mariadb/sql/sql_type_fixedbin.h,1024,1024,0,0,mariadb_target_001069;mariadb_target_002986
mariadb_aflgo_r1,mariadb,1,root/mariadb/sql/sql_type_fixedbin.h:1024:1024:77:359:F,/root/mariadb/sql/sql_type_fixedbin.h,1024,1024,0,0,mariadb_target_001069;mariadb_target_002986
mariadb_aflgo_r1,mariadb,1,root/mariadb/sql/sql_type_fixedbin.h:1027:1027:77:360:T,/root/mariadb/sql/sql_type_fixedbin.h,1027,1027,0,0,mariadb_target_001069;mariadb_target_002986
mariadb_aflgo_r1,mariadb,1,root/mariadb/sql/sql_type_fixedbin.h:1027:1027:77:360:F,/root/mariadb/sql/sql_type_fixedbin.h,1027,1027,0,0,mariadb_target_001069;mariadb_target_002986
mariadb_aflgo_r1,mariadb,1,root/mariadb/sql/sql_type_fixedbin.h:1027:1027:77:361:T,/root/mariadb/sql/sql_type_fixedbin.h,1027,1027,0,0,mariadb_target_001069;mariadb_target_002986
mariadb_aflgo_r1,mariadb,1,root/mariadb/sql/sql_type_fixedbin.h:1027:1027:77:361:F,/root/mariadb/sql/sql_type_fixedbin.h,1027,1027,0,0,mariadb_target_001069;mariadb_target_002986
mariadb_aflgo_r1,mariadb,1,root/mariadb/sql/sql_type_fixedbin.h:1071:1071:77:362:T,/root/mariadb/sql/sql_type_fixedbin.h,1071,1071,0,0,mariadb_target_001069;mariadb_target_002986
mariadb_aflgo_r1,mariadb,1,root/mariadb/sql/sql_type_fixedbin.h:1071:1071:77:362:F,/root/mariadb/sql/sql_type_fixedbin.h,1071,1071,0,0,mariadb_target_001069;mariadb_target_002986
mariadb_aflgo_r1,mariadb,1,root/mariadb/sql/sql_type_fixedbin.h:1031:1031:77:363:T,/root/mariadb/sql/sql_type_fixedbin.h,1031,1031,0,0,mariadb_target_001069;mariadb_target_002986
mariadb_aflgo_r1,mariadb,1,root/mariadb/sql/sql_type_fixedbin.h:1031:1031:77:363:F,/root/mariadb/sql/sql_type_fixedbin.h,1031,1031,0,0,mariadb_target_001069;mariadb_target_002986
mariadb_aflgo_r1,mariadb,1,root/mariadb/sql/sql_type_fixedbin.h:1064:1064:77:364:T,/root/mariadb/sql/sql_type_fixedbin.h,1064,1064,0,0,mariadb_target_001069;mariadb_target_002986
mariadb_aflgo_r1,mariadb,1,root/mariadb/sql/sql_type_fixedbin.h:1064:1064:77:364:F,/root/mariadb/sql/sql_type_fixedbin.h,1064,1064,0,0,mariadb_target_001069;mariadb_target_002986
mariadb_aflgo_r1,mariadb,1,root/mariadb/sql/sql_type_fixedbin.h:1051:1051:77:365:T,/root/mariadb/sql/sql_type_fixedbin.h,1051,1051,0,0,mariadb_target_001069;mariadb_target_002986
mariadb_aflgo_r1,mariadb,1,root/mariadb/sql/sql_type_fixedbin.h:1051:1051:77:365:F,/root/mariadb/sql/sql_type_fixedbin.h,1051,1051,0,0,mariadb_target_001069;mariadb_target_002986
mariadb_aflgo_r1,mariadb,1,root/mariadb/sql/sql_type_fixedbin.h:1058:1058:77:366:T,/root/mariadb/sql/sql_type_fixedbin.h,1058,1058,0,0,mariadb_target_001069;mariadb_target_002986
mariadb_aflgo_r1,mariadb,1,root/mariadb/sql/sql_type_fixedbin.h:1058:1058:77:366:F,/root/mariadb/sql/sql_type_fixedbin.h,1058,1058,0,0,mariadb_target_001069;mariadb_target_002986
mariadb_aflgo_r1,mariadb,1,root/mariadb/sql/sql_type_fixedbin.h:1014:1014:77:367:T,/root/mariadb/sql/sql_type_fixedbin.h,1014,1014,0,0,mariadb_target_001069;mariadb_target_002986
mariadb_aflgo_r1,mariadb,1,root/mariadb/sql/sql_type_fixedbin.h:1014:1014:77:367:F,/root/mariadb/sql/sql_type_fixedbin.h,1014,1014,0,0,mariadb_target_001069;mariadb_target_002986
mariadb_aflgo_r1,mariadb,1,root/mariadb/sql/sql_type_fixedbin.h:930:930:77:372:T,/root/mariadb/sql/sql_type_fixedbin.h,930,930,0,0,mariadb_target_001082;mariadb_target_003005;mariadb_target_003006
mariadb_aflgo_r1,mariadb,1,root/mariadb/sql/sql_type_fixedbin.h:930:930:77:372:F,/root/mariadb/sql/sql_type_fixedbin.h,930,930,0,0,mariadb_target_001082;mariadb_target_003005;mariadb_target_003006
mariadb_aflgo_r1,mariadb,1,root/mariadb/sql/sql_type_fixedbin.h:930:930:77:373:T,/root/mariadb/sql/sql_type_fixedbin.h,930,930,0,0,mariadb_target_001082;mariadb_target_003005;mariadb_target_003006
mariadb_aflgo_r1,mariadb,1,root/mariadb/sql/sql_type_fixedbin.h:930:930:77:373:F,/root/mariadb/sql/sql_type_fixedbin.h,930,930,0,0,mariadb_target_001082;mariadb_target_003005;mariadb_target_003006
mariadb_aflgo_r1,mariadb,1,root/mariadb/sql/sql_type_fixedbin.h:930:930:77:374:T,/root/mariadb/sql/sql_type_fixedbin.h,930,930,0,0,mariadb_target_001082;mariadb_target_003005;mariadb_target_003006
mariadb_aflgo_r1,mariadb,1,root/mariadb/sql/sql_type_fixedbin.h:930:930:77:374:F,/root/mariadb/sql/sql_type_fixedbin.h,930,930,0,0,mariadb_target_001082;mariadb_target_003005;mariadb_target_003006
mariadb_aflgo_r1,mariadb,1,root/mariadb/sql/sql_type_fixedbin.h:998:998:77:375:T,/root/mariadb/sql/sql_type_fixedbin.h,998,998,0,0,mariadb_target_001086;mariadb_target_003010;mariadb_target_003011
mariadb_aflgo_r1,mariadb,1,root/mariadb/sql/sql_type_fixedbin.h:998:998:77:375:F,/root/mariadb/sql/sql_type_fixedbin.h,998,998,0,0,mariadb_target_001086;mariadb_target_003010;mariadb_target_003011
mariadb_aflgo_r1,mariadb,1,root/mariadb/sql/sql_type_fixedbin.h:998:998:77:376:T,/root/mariadb/sql/sql_type_fixedbin.h,998,998,0,0,mariadb_target_001086;mariadb_target_003010;mariadb_target_003011
mariadb_aflgo_r1,mariadb,1,root/mariadb/sql/sql_type_fixedbin.h:998:998:77:376:F,/root/mariadb/sql/sql_type_fixedbin.h,998,998,0,0,mariadb_target_001086;mariadb_target_003010;mariadb_target_003011
mariadb_aflgo_r1,mariadb,1,root/mariadb/sql/sql_type_fixedbin.h:990:991:77:377:T,/root/mariadb/sql/sql_type_fixedbin.h,990,991,0,0,mariadb_target_001085;mariadb_target_001086;mariadb_target_003009;mariadb_target_003010
mariadb_aflgo_r1,mariadb,1,root/mariadb/sql/sql_type_fixedbin.h:990:991:77:377:F,/root/mariadb/sql/sql_type_fixedbin.h,990,991,0,0,mariadb_target_001085;mariadb_target_001086;mariadb_target_003009;mariadb_target_003010
mariadb_aflgo_r1,mariadb,1,root/mariadb/sql/sql_type_fixedbin.h:851:851:77:382:T,/root/mariadb/sql/sql_type_fixedbin.h,851,851,0,0,mariadb_target_001077;mariadb_target_001078;mariadb_target_002996;mariadb_target_002997;mariadb_target_002998
mariadb_aflgo_r1,mariadb,1,root/mariadb/sql/sql_type_fixedbin.h:851:851:77:382:F,/root/mariadb/sql/sql_type_fixedbin.h,851,851,0,0,mariadb_target_001077;mariadb_target_001078;mariadb_target_002996;mariadb_target_002997;mariadb_target_002998
mariadb_aflgo_r1,mariadb,1,root/mariadb/sql/sql_type_fixedbin.h:854:854:77:383:T,/root/mariadb/sql/sql_type_fixedbin.h,854,854,0,0,mariadb_target_001077;mariadb_target_001078;mariadb_target_002996;mariadb_target_002997;mariadb_target_002998
mariadb_aflgo_r1,mariadb,1,root/mariadb/sql/sql_type_fixedbin.h:854:854:77:383:F,/root/mariadb/sql/sql_type_fixedbin.h,854,854,0,0,mariadb_target_001077;mariadb_target_001078;mariadb_target_002996;mariadb_target_002997;mariadb_target_002998
mariadb_aflgo_r1,mariadb,1,root/mariadb/sql/sql_type_fixedbin.h:854:854:77:384:T,/root/mariadb/sql/sql_type_fixedbin.h,854,854,0,0,mariadb_target_001077;mariadb_target_001078;mariadb_target_002996;mariadb_target_002997;mariadb_target_002998
mariadb_aflgo_r1,mariadb,1,root/mariadb/sql/sql_type_fixedbin.h:854:854:77:384:F,/root/mariadb/sql/sql_type_fixedbin.h,854,854,0,0,mariadb_target_001077;mariadb_target_001078;mariadb_target_002996;mariadb_target_002997;mariadb_target_002998
mariadb_aflgo_r1,mariadb,1,root/mariadb/sql/sql_type_fixedbin.h:845:845:77:385:T,/root/mariadb/sql/sql_type_fixedbin.h,845,845,0,0,mariadb_target_001076;mariadb_target_001077;mariadb_target_002994;mariadb_target_002995;mariadb_target_002996
mariadb_aflgo_r1,mariadb,1,root/mariadb/sql/sql_type_fixedbin.h:845:845:77:385:F,/root/mariadb/sql/sql_type_fixedbin.h,845,845,0,0,mariadb_target_001076;mariadb_target_001077;mariadb_target_002994;mariadb_target_002995;mariadb_target_002996
mariadb_aflgo_r1,mariadb,1,root/mariadb/sql/sql_type_fixedbin.h:555:555:77:457:T,/root/mariadb/sql/sql_type_fixedbin.h,555,555,0,0,mariadb_target_001075;mariadb_target_002992
mariadb_aflgo_r1,mariadb,1,root/mariadb/sql/sql_type_fixedbin.h:555:555:77:457:F,/root/mariadb/sql/sql_type_fixedbin.h,555,555,0,0,mariadb_target_001075;mariadb_target_002992
mariadb_aflgo_r1,mariadb,1,root/mariadb/sql/sql_type_fixedbin.h:556:557:77:458:T,/root/mariadb/sql/sql_type_fixedbin.h,556,557,0,0,mariadb_target_001075;mariadb_target_002992
mariadb_aflgo_r1,mariadb,1,root/mariadb/sql/sql_type_fixedbin.h:556:557:77:458:F,/root/mariadb/sql/sql_type_fixedbin.h,556,557,0,0,mariadb_target_001075;mariadb_target_002992
mariadb_aflgo_r1,mariadb,1,root/mariadb/sql/sql_type_fixedbin.h:454:454:77:466:T,/root/mariadb/sql/sql_type_fixedbin.h,454,454,0,0,mariadb_target_001073;mariadb_target_001074;mariadb_target_002990;mariadb_target_002991
mariadb_aflgo_r1,mariadb,1,root/mariadb/sql/sql_type_fixedbin.h:454:454:77:466:F,/root/mariadb/sql/sql_type_fixedbin.h,454,454,0,0,mariadb_target_001073;mariadb_target_001074;mariadb_target_002990;mariadb_target_002991
mariadb_aflgo_r1,mariadb,1,root/mariadb/sql/sql_type_fixedbin.h:274:274:77:475:T,/root/mariadb/sql/sql_type_fixedbin.h,274,274,0,0,mariadb_target_001070;mariadb_target_001071;mariadb_target_002987;mariadb_target_002988
mariadb_aflgo_r1,mariadb,1,root/mariadb/sql/sql_type_fixedbin.h:274:274:77:475:F,/root/mariadb/sql/sql_type_fixedbin.h,274,274,0,0,mariadb_target_001070;mariadb_target_001071;mariadb_target_002987;mariadb_target_002988
mariadb_aflgo_r1,mariadb,1,root/mariadb/sql/sql_type_fixedbin.h:1044:1044:77:502:T,/root/mariadb/sql/sql_type_fixedbin.h,1044,1044,0,0,mariadb_target_001069;mariadb_target_002986
mariadb_aflgo_r1,mariadb,1,root/mariadb/sql/sql_type_fixedbin.h:1044:1044:77:502:F,/root/mariadb/sql/sql_type_fixedbin.h,1044,1044,0,0,mariadb_target_001069;mariadb_target_002986
mariadb_aflgo_r1,mariadb,1,root/mariadb/sql/sql_type_fixedbin.h:1038:1038:77:503:T,/root/mariadb/sql/sql_type_fixedbin.h,1038,1038,0,0,mariadb_target_001069;mariadb_target_002986
mariadb_aflgo_r1,mariadb,1,root/mariadb/sql/sql_type_fixedbin.h:1038:1038:77:503:F,/root/mariadb/sql/sql_type_fixedbin.h,1038,1038,0,0,mariadb_target_001069;mariadb_target_002986
mariadb_aflgo_r1,mariadb,1,root/mariadb/sql/sql_type_fixedbin.h:1024:1024:77:504:T,/root/mariadb/sql/sql_type_fixedbin.h,1024,1024,0,0,mariadb_target_001069;mariadb_target_002986
mariadb_aflgo_r1,mariadb,1,root/mariadb/sql/sql_type_fixedbin.h:1024:1024:77:504:F,/root/mariadb/sql/sql_type_fixedbin.h,1024,1024,0,0,mariadb_target_001069;mariadb_target_002986
mariadb_aflgo_r1,mariadb,1,root/mariadb/sql/sql_type_fixedbin.h:1027:1027:77:505:T,/root/mariadb/sql/sql_type_fixedbin.h,1027,1027,0,0,mariadb_target_001069;mariadb_target_002986
mariadb_aflgo_r1,mariadb,1,root/mariadb/sql/sql_type_fixedbin.h:1027:1027:77:505:F,/root/mariadb/sql/sql_type_fixedbin.h,1027,1027,0,0,mariadb_target_001069;mariadb_target_002986
mariadb_aflgo_r1,mariadb,1,root/mariadb/sql/sql_type_fixedbin.h:1027:1027:77:506:T,/root/mariadb/sql/sql_type_fixedbin.h,1027,1027,0,0,mariadb_target_001069;mariadb_target_002986
mariadb_aflgo_r1,mariadb,1,root/mariadb/sql/sql_type_fixedbin.h:1027:1027:77:506:F,/root/mariadb/sql/sql_type_fixedbin.h,1027,1027,0,0,mariadb_target_001069;mariadb_target_002986
mariadb_aflgo_r1,mariadb,1,root/mariadb/sql/sql_type_fixedbin.h:1071:1071:77:507:T,/root/mariadb/sql/sql_type_fixedbin.h,1071,1071,0,0,mariadb_target_001069;mariadb_target_002986
mariadb_aflgo_r1,mariadb,1,root/mariadb/sql/sql_type_fixedbin.h:1071:1071:77:507:F,/root/mariadb/sql/sql_type_fixedbin.h,1071,1071,0,0,mariadb_target_001069;mariadb_target_002986
mariadb_aflgo_r1,mariadb,1,root/mariadb/sql/sql_type_fixedbin.h:1031:1031:77:508:T,/root/mariadb/sql/sql_type_fixedbin.h,1031,1031,0,0,mariadb_target_001069;mariadb_target_002986
mariadb_aflgo_r1,mariadb,1,root/mariadb/sql/sql_type_fixedbin.h:1031:1031:77:508:F,/root/mariadb/sql/sql_type_fixedbin.h,1031,1031,0,0,mariadb_target_001069;mariadb_target_002986
mariadb_aflgo_r1,mariadb,1,root/mariadb/sql/sql_type_fixedbin.h:1064:1064:77:509:T,/root/mariadb/sql/sql_type_fixedbin.h,1064,1064,0,0,mariadb_target_001069;mariadb_target_002986
mariadb_aflgo_r1,mariadb,1,root/mariadb/sql/sql_type_fixedbin.h:1064:1064:77:509:F,/root/mariadb/sql/sql_type_fixedbin.h,1064,1064,0,0,mariadb_target_001069;mariadb_target_002986
mariadb_aflgo_r1,mariadb,1,root/mariadb/sql/sql_type_fixedbin.h:1051:1051:77:510:T,/root/mariadb/sql/sql_type_fixedbin.h,1051,1051,0,0,mariadb_target_001069;mariadb_target_002986
mariadb_aflgo_r1,mariadb,1,root/mariadb/sql/sql_type_fixedbin.h:1051:1051:77:510:F,/root/mariadb/sql/sql_type_fixedbin.h,1051,1051,0,0,mariadb_target_001069;mariadb_target_002986
mariadb_aflgo_r1,mariadb,1,root/mariadb/sql/sql_type_fixedbin.h:1058:1058:77:511:T,/root/mariadb/sql/sql_type_fixedbin.h,1058,1058,0,0,mariadb_target_001069;mariadb_target_002986
mariadb_aflgo_r1,mariadb,1,root/mariadb/sql/sql_type_fixedbin.h:1058:1058:77:511:F,/root/mariadb/sql/sql_type_fixedbin.h,1058,1058,0,0,mariadb_target_001069;mariadb_target_002986
mariadb_aflgo_r1,mariadb,1,root/mariadb/sql/sql_type_fixedbin.h:1014:1014:77:512:T,/root/mariadb/sql/sql_type_fixedbin.h,1014,1014,0,0,mariadb_target_001069;mariadb_target_002986
mariadb_aflgo_r1,mariadb,1,root/mariadb/sql/sql_type_fixedbin.h:1014:1014:77:512:F,/root/mariadb/sql/sql_type_fixedbin.h,1014,1014,0,0,mariadb_target_001069;mariadb_target_002986
mariadb_aflgo_r1,mariadb,1,root/mariadb/sql/sql_type_fixedbin.h:930:930:77:517:T,/root/mariadb/sql/sql_type_fixedbin.h,930,930,0,0,mariadb_target_001082;mariadb_target_003005;mariadb_target_003006
mariadb_aflgo_r1,mariadb,1,root/mariadb/sql/sql_type_fixedbin.h:930:930:77:517:F,/root/mariadb/sql/sql_type_fixedbin.h,930,930,0,0,mariadb_target_001082;mariadb_target_003005;mariadb_target_003006
mariadb_aflgo_r1,mariadb,1,root/mariadb/sql/sql_type_fixedbin.h:930:930:77:518:T,/root/mariadb/sql/sql_type_fixedbin.h,930,930,0,0,mariadb_target_001082;mariadb_target_003005;mariadb_target_003006
mariadb_aflgo_r1,mariadb,1,root/mariadb/sql/sql_type_fixedbin.h:930:930:77:518:F,/root/mariadb/sql/sql_type_fixedbin.h,930,930,0,0,mariadb_target_001082;mariadb_target_003005;mariadb_target_003006
mariadb_aflgo_r1,mariadb,1,root/mariadb/sql/sql_type_fixedbin.h:930:930:77:519:T,/root/mariadb/sql/sql_type_fixedbin.h,930,930,0,0,mariadb_target_001082;mariadb_target_003005;mariadb_target_003006
mariadb_aflgo_r1,mariadb,1,root/mariadb/sql/sql_type_fixedbin.h:930:930:77:519:F,/root/mariadb/sql/sql_type_fixedbin.h,930,930,0,0,mariadb_target_001082;mariadb_target_003005;mariadb_target_003006
mariadb_aflgo_r1,mariadb,1,root/mariadb/sql/sql_type_fixedbin.h:998:998:77:520:T,/root/mariadb/sql/sql_type_fixedbin.h,998,998,0,0,mariadb_target_001086;mariadb_target_003010;mariadb_target_003011
mariadb_aflgo_r1,mariadb,1,root/mariadb/sql/sql_type_fixedbin.h:998:998:77:520:F,/root/mariadb/sql/sql_type_fixedbin.h,998,998,0,0,mariadb_target_001086;mariadb_target_003010;mariadb_target_003011
mariadb_aflgo_r1,mariadb,1,root/mariadb/sql/sql_type_fixedbin.h:998:998:77:521:T,/root/mariadb/sql/sql_type_fixedbin.h,998,998,0,0,mariadb_target_001086;mariadb_target_003010;mariadb_target_003011
mariadb_aflgo_r1,mariadb,1,root/mariadb/sql/sql_type_fixedbin.h:998:998:77:521:F,/root/mariadb/sql/sql_type_fixedbin.h,998,998,0,0,mariadb_target_001086;mariadb_target_003010;mariadb_target_003011
mariadb_aflgo_r1,mariadb,1,root/mariadb/sql/sql_type_fixedbin.h:990:991:77:522:T,/root/mariadb/sql/sql_type_fixedbin.h,990,991,0,0,mariadb_target_001085;mariadb_target_001086;mariadb_target_003009;mariadb_target_003010
mariadb_aflgo_r1,mariadb,1,root/mariadb/sql/sql_type_fixedbin.h:990:991:77:522:F,/root/mariadb/sql/sql_type_fixedbin.h,990,991,0,0,mariadb_target_001085;mariadb_target_001086;mariadb_target_003009;mariadb_target_003010
mariadb_aflgo_r1,mariadb,1,root/mariadb/sql/sql_type_fixedbin.h:851:851:77:527:T,/root/mariadb/sql/sql_type_fixedbin.h,851,851,0,0,mariadb_target_001077;mariadb_target_001078;mariadb_target_002996;mariadb_target_002997;mariadb_target_002998
mariadb_aflgo_r1,mariadb,1,root/mariadb/sql/sql_type_fixedbin.h:851:851:77:527:F,/root/mariadb/sql/sql_type_fixedbin.h,851,851,0,0,mariadb_target_001077;mariadb_target_001078;mariadb_target_002996;mariadb_target_002997;mariadb_target_002998
mariadb_aflgo_r1,mariadb,1,root/mariadb/sql/sql_type_fixedbin.h:854:854:77:528:T,/root/mariadb/sql/sql_type_fixedbin.h,854,854,0,0,mariadb_target_001077;mariadb_target_001078;mariadb_target_002996;mariadb_target_002997;mariadb_target_002998
mariadb_aflgo_r1,mariadb,1,root/mariadb/sql/sql_type_fixedbin.h:854:854:77:528:F,/root/mariadb/sql/sql_type_fixedbin.h,854,854,0,0,mariadb_target_001077;mariadb_target_001078;mariadb_target_002996;mariadb_target_002997;mariadb_target_002998
mariadb_aflgo_r1,mariadb,1,root/mariadb/sql/sql_type_fixedbin.h:854:854:77:529:T,/root/mariadb/sql/sql_type_fixedbin.h,854,854,0,0,mariadb_target_001077;mariadb_target_001078;mariadb_target_002996;mariadb_target_002997;mariadb_target_002998
mariadb_aflgo_r1,mariadb,1,root/mariadb/sql/sql_type_fixedbin.h:854:854:77:529:F,/root/mariadb/sql/sql_type_fixedbin.h,854,854,0,0,mariadb_target_001077;mariadb_target_001078;mariadb_target_002996;mariadb_target_002997;mariadb_target_002998
mariadb_aflgo_r1,mariadb,1,root/mariadb/sql/sql_type_fixedbin.h:845:845:77:530:T,/root/mariadb/sql/sql_type_fixedbin.h,845,845,0,0,mariadb_target_001076;mariadb_target_001077;mariadb_target_002994;mariadb_target_002995;mariadb_target_002996
mariadb_aflgo_r1,mariadb,1,root/mariadb/sql/sql_type_fixedbin.h:845:845:77:530:F,/root/mariadb/sql/sql_type_fixedbin.h,845,845,0,0,mariadb_target_001076;mariadb_target_001077;mariadb_target_002994;mariadb_target_002995;mariadb_target_002996
mariadb_aflgo_r1,mariadb,1,root/mariadb/sql/sql_type_geom.cc:887:887:78:59:T,/root/mariadb/sql/sql_type_geom.cc,887,887,0,0,mariadb_target_001087;mariadb_target_003012
mariadb_aflgo_r1,mariadb,1,root/mariadb/sql/sql_type_geom.cc:887:887:78:59:F,/root/mariadb/sql/sql_type_geom.cc,887,887,171,1,mariadb_target_001087;mariadb_target_003012
mariadb_aflgo_r1,mariadb,1,root/mariadb/sql/sql_type_geom.cc:891:891:78:60:T,/root/mariadb/sql/sql_type_geom.cc,891,891,0,0,mariadb_target_001087;mariadb_target_003012;mariadb_target_003013
mariadb_aflgo_r1,mariadb,1,root/mariadb/sql/sql_type_geom.cc:891:891:78:60:F,/root/mariadb/sql/sql_type_geom.cc,891,891,171,1,mariadb_target_001087;mariadb_target_003012;mariadb_target_003013
mariadb_aflgo_r1,mariadb,1,root/mariadb/sql/sql_type_geom.cc:891:891:78:61:T,/root/mariadb/sql/sql_type_geom.cc,891,891,0,0,mariadb_target_001087;mariadb_target_003012;mariadb_target_003013
mariadb_aflgo_r1,mariadb,1,root/mariadb/sql/sql_type_geom.cc:891:891:78:61:F,/root/mariadb/sql/sql_type_geom.cc,891,891,171,1,mariadb_target_001087;mariadb_target_003012;mariadb_target_003013
mariadb_aflgo_r1,mariadb,1,root/mariadb/sql/sql_type_geom.cc:894:894:78:62:T,/root/mariadb/sql/sql_type_geom.cc,894,894,0,0,mariadb_target_003013
mariadb_aflgo_r1,mariadb,1,root/mariadb/sql/sql_type_geom.cc:894:894:78:62:F,/root/mariadb/sql/sql_type_geom.cc,894,894,171,1,mariadb_target_003013
mariadb_aflgo_r1,mariadb,1,root/mariadb/sql/sql_type_geom.cc:895:895:78:63:T,/root/mariadb/sql/sql_type_geom.cc,895,895,0,0,mariadb_target_003013
mariadb_aflgo_r1,mariadb,1,root/mariadb/sql/sql_type_geom.cc:895:895:78:63:F,/root/mariadb/sql/sql_type_geom.cc,895,895,0,0,mariadb_target_003013
mariadb_aflgo_r1,mariadb,1,root/mariadb/sql/sql_type_geom.cc:896:896:78:64:T,/root/mariadb/sql/sql_type_geom.cc,896,896,0,0,mariadb_target_003013
mariadb_aflgo_r1,mariadb,1,root/mariadb/sql/sql_type_geom.cc:896:896:78:64:F,/root/mariadb/sql/sql_type_geom.cc,896,896,0,0,mariadb_target_003013
mariadb_aflgo_r1,mariadb,1,root/mariadb/sql/sql_type_geom.cc:901:901:78:65:T,/root/mariadb/sql/sql_type_geom.cc,901,901,0,0,mariadb_target_003013
mariadb_aflgo_r1,mariadb,1,root/mariadb/sql/sql_type_geom.cc:901:901:78:65:F,/root/mariadb/sql/sql_type_geom.cc,901,901,0,0,mariadb_target_003013
mariadb_aflgo_r1,mariadb,1,root/mariadb/sql/sql_type_geom.cc:903:903:78:66:T,/root/mariadb/sql/sql_type_geom.cc,903,903,0,0,mariadb_target_003013
mariadb_aflgo_r1,mariadb,1,root/mariadb/sql/sql_type_geom.cc:903:903:78:66:F,/root/mariadb/sql/sql_type_geom.cc,903,903,0,0,mariadb_target_003013
mariadb_aflgo_r1,mariadb,1,root/mariadb/sql/sql_type_geom.cc:907:907:78:67:T,/root/mariadb/sql/sql_type_geom.cc,907,907,0,0,mariadb_target_003013
mariadb_aflgo_r1,mariadb,1,root/mariadb/sql/sql_type_geom.cc:907:907:78:67:F,/root/mariadb/sql/sql_type_geom.cc,907,907,0,0,mariadb_target_003013
mariadb_aflgo_r1,mariadb,1,root/mariadb/sql/sql_type_geom.cc:918:918:78:68:T,/root/mariadb/sql/sql_type_geom.cc,918,918,0,0,mariadb_target_003013
mariadb_aflgo_r1,mariadb,1,root/mariadb/sql/sql_type_geom.cc:918:918:78:68:F,/root/mariadb/sql/sql_type_geom.cc,918,918,171,1,mariadb_target_003013
mariadb_aflgo_r1,mariadb,1,root/mariadb/sql/sql_type_geom.cc:918:918:78:69:T,/root/mariadb/sql/sql_type_geom.cc,918,918,171,1,mariadb_target_003013
mariadb_aflgo_r1,mariadb,1,root/mariadb/sql/sql_type_geom.cc:918:918:78:69:F,/root/mariadb/sql/sql_type_geom.cc,918,918,0,0,mariadb_target_003013
mariadb_aflgo_r1,mariadb,1,root/mariadb/sql/sql_type_geom.cc:919:919:78:70:T,/root/mariadb/sql/sql_type_geom.cc,919,919,171,1,mariadb_target_003013
mariadb_aflgo_r1,mariadb,1,root/mariadb/sql/sql_type_geom.cc:919:919:78:70:F,/root/mariadb/sql/sql_type_geom.cc,919,919,0,0,mariadb_target_003013
mariadb_aflgo_r1,mariadb,1,root/mariadb/sql/sql_type_geom.cc:944:944:78:71:T,/root/mariadb/sql/sql_type_geom.cc,944,944,0,0,mariadb_target_003014
mariadb_aflgo_r1,mariadb,1,root/mariadb/sql/sql_type_geom.cc:944:944:78:71:F,/root/mariadb/sql/sql_type_geom.cc,944,944,0,0,mariadb_target_003014
mariadb_aflgo_r1,mariadb,1,root/mariadb/sql/sql_type_geom.h:430:430:79:13:T,/root/mariadb/sql/sql_type_geom.h,430,430,0,0,mariadb_target_001088;mariadb_target_003015
mariadb_aflgo_r1,mariadb,1,root/mariadb/sql/sql_type_geom.h:430:430:79:13:F,/root/mariadb/sql/sql_type_geom.h,430,430,0,0,mariadb_target_001088;mariadb_target_003015
mariadb_aflgo_r1,mariadb,1,root/mariadb/sql/sql_udf.h:98:98:80:4:T,/root/mariadb/sql/sql_udf.h,98,98,0,0,mariadb_target_001090;mariadb_target_003018
mariadb_aflgo_r1,mariadb,1,root/mariadb/sql/sql_udf.h:98:98:80:4:F,/root/mariadb/sql/sql_udf.h,98,98,0,0,mariadb_target_001090;mariadb_target_003018
mariadb_aflgo_r1,mariadb,1,root/mariadb/sql/sql_udf.h:122:122:80:7:T,/root/mariadb/sql/sql_udf.h,122,122,0,0,mariadb_target_001089;mariadb_target_003017
mariadb_aflgo_r1,mariadb,1,root/mariadb/sql/sql_udf.h:122:122:80:7:F,/root/mariadb/sql/sql_udf.h,122,122,0,0,mariadb_target_001089;mariadb_target_003017
mariadb_aflgo_r1,mariadb,1,root/mariadb/sql/sql_window.cc:138:138:81:27:T,/root/mariadb/sql/sql_window.cc,138,138,0,0,mariadb_target_001091;mariadb_target_003019
mariadb_aflgo_r1,mariadb,1,root/mariadb/sql/sql_window.cc:138:138:81:27:F,/root/mariadb/sql/sql_window.cc,138,138,0,0,mariadb_target_001091;mariadb_target_003019
mariadb_aflgo_r1,mariadb,1,root/mariadb/sql/sql_window.cc:177:177:81:35:T,/root/mariadb/sql/sql_window.cc,177,177,0,0,mariadb_target_001092;mariadb_target_003020
mariadb_aflgo_r1,mariadb,1,root/mariadb/sql/sql_window.cc:177:177:81:35:F,/root/mariadb/sql/sql_window.cc,177,177,0,0,mariadb_target_001092;mariadb_target_003020
mariadb_aflgo_r1,mariadb,1,root/mariadb/sql/table.cc:6618:6618:83:766:T,/root/mariadb/sql/table.cc,6618,6618,0,0,mariadb_target_001099;mariadb_target_003035
mariadb_aflgo_r1,mariadb,1,root/mariadb/sql/table.cc:6618:6618:83:766:F,/root/mariadb/sql/table.cc,6618,6618,0,0,mariadb_target_001099;mariadb_target_003035
mariadb_aflgo_r1,mariadb,1,root/mariadb/sql/table.cc:9405:9405:83:1087:T,/root/mariadb/sql/table.cc,9405,9405,0,0,mariadb_target_003038
mariadb_aflgo_r1,mariadb,1,root/mariadb/sql/table.cc:9405:9405:83:1087:F,/root/mariadb/sql/table.cc,9405,9405,0,0,mariadb_target_003038
mariadb_aflgo_r1,mariadb,1,root/mariadb/sql/table.cc:9405:9405:83:1088:T,/root/mariadb/sql/table.cc,9405,9405,0,0,mariadb_target_003038
mariadb_aflgo_r1,mariadb,1,root/mariadb/sql/table.cc:9405:9405:83:1088:F,/root/mariadb/sql/table.cc,9405,9405,0,0,mariadb_target_003038
mariadb_aflgo_r1,mariadb,1,root/mariadb/sql/table.cc:9421:9421:83:1089:T,/root/mariadb/sql/table.cc,9421,9421,0,0,mariadb_target_003038
mariadb_aflgo_r1,mariadb,1,root/mariadb/sql/table.cc:9421:9421:83:1089:F,/root/mariadb/sql/table.cc,9421,9421,0,0,mariadb_target_003038
mariadb_aflgo_r1,mariadb,1,root/mariadb/sql/table.cc:10702:10702:83:1265:T,/root/mariadb/sql/table.cc,10702,10702,0,0,mariadb_target_001095;mariadb_target_001096;mariadb_target_003023;mariadb_target_003024;mariadb_target_003025;mariadb_target_003026
mariadb_aflgo_r1,mariadb,1,root/mariadb/sql/table.cc:10702:10702:83:1265:F,/root/mariadb/sql/table.cc,10702,10702,0,0,mariadb_target_001095;mariadb_target_001096;mariadb_target_003023;mariadb_target_003024;mariadb_target_003025;mariadb_target_003026
mariadb_aflgo_r1,mariadb,1,root/mariadb/sql/table.cc:10702:10702:83:1266:T,/root/mariadb/sql/table.cc,10702,10702,0,0,mariadb_target_001095;mariadb_target_001096;mariadb_target_003023;mariadb_target_003024;mariadb_target_003025;mariadb_target_003026
mariadb_aflgo_r1,mariadb,1,root/mariadb/sql/table.cc:10702:10702:83:1266:F,/root/mariadb/sql/table.cc,10702,10702,0,0,mariadb_target_001095;mariadb_target_001096;mariadb_target_003023;mariadb_target_003024;mariadb_target_003025;mariadb_target_003026
mariadb_aflgo_r1,mariadb,1,root/mariadb/sql/table.cc:10724:10724:83:1267:T,/root/mariadb/sql/table.cc,10724,10724,0,0,mariadb_target_001097;mariadb_target_003029;mariadb_target_003030
mariadb_aflgo_r1,mariadb,1,root/mariadb/sql/table.cc:10724:10724:83:1267:F,/root/mariadb/sql/table.cc,10724,10724,0,0,mariadb_target_001097;mariadb_target_003029;mariadb_target_003030
mariadb_aflgo_r1,mariadb,1,root/mariadb/sql/table.cc:10724:10724:83:1268:T,/root/mariadb/sql/table.cc,10724,10724,0,0,mariadb_target_001097;mariadb_target_003029;mariadb_target_003030
mariadb_aflgo_r1,mariadb,1,root/mariadb/sql/table.cc:10724:10724:83:1268:F,/root/mariadb/sql/table.cc,10724,10724,0,0,mariadb_target_001097;mariadb_target_003029;mariadb_target_003030
mariadb_aflgo_r1,mariadb,1,root/mariadb/sql/table.cc:11067:11067:83:1341:T,/root/mariadb/sql/table.cc,11067,11067,175,1,mariadb_target_001098;mariadb_target_003033
mariadb_aflgo_r1,mariadb,1,root/mariadb/sql/table.cc:11067:11067:83:1341:F,/root/mariadb/sql/table.cc,11067,11067,13948,1,mariadb_target_001098;mariadb_target_003033
mariadb_aflgo_r1,mariadb,1,root/mariadb/sql/table.cc:11071:11071:83:1342:T,/root/mariadb/sql/table.cc,11071,11071,175,1,mariadb_target_001098;mariadb_target_003033
mariadb_aflgo_r1,mariadb,1,root/mariadb/sql/table.cc:11071:11071:83:1342:F,/root/mariadb/sql/table.cc,11071,11071,0,0,mariadb_target_001098;mariadb_target_003033
mariadb_aflgo_r1,mariadb,1,root/mariadb/sql/table.cc:11075:11075:83:1343:T,/root/mariadb/sql/table.cc,11075,11075,51328,1,mariadb_target_001098;mariadb_target_003033
mariadb_aflgo_r1,mariadb,1,root/mariadb/sql/table.cc:11075:11075:83:1343:F,/root/mariadb/sql/table.cc,11075,11075,691,1,mariadb_target_001098;mariadb_target_003033
mariadb_aflgo_r1,mariadb,1,root/mariadb/sql/table.cc:11077:11077:83:1344:T,/root/mariadb/sql/table.cc,11077,11077,13257,1,mariadb_target_003034
mariadb_aflgo_r1,mariadb,1,root/mariadb/sql/table.cc:11077:11077:83:1344:F,/root/mariadb/sql/table.cc,11077,11077,38071,1,mariadb_target_003034
mariadb_aflgo_r1,mariadb,1,root/mariadb/sql/wsrep_mysqld.cc:3949:3949:85:277:T,/root/mariadb/sql/wsrep_mysqld.cc,3949,3949,0,0,mariadb_target_003040;mariadb_target_003041
mariadb_aflgo_r1,mariadb,1,root/mariadb/sql/wsrep_mysqld.cc:3949:3949:85:277:F,/root/mariadb/sql/wsrep_mysqld.cc,3949,3949,0,0,mariadb_target_003040;mariadb_target_003041
mariadb_aflgo_r1,mariadb,1,root/mariadb/storage/innobase/handler/ha_innodb.cc:15367:15367:88:1065:T,/root/mariadb/storage/innobase/handler/ha_innodb.cc,15367,15367,0,0,mariadb_target_001246
mariadb_aflgo_r1,mariadb,1,root/mariadb/storage/innobase/handler/ha_innodb.cc:15367:15367:88:1065:F,/root/mariadb/storage/innobase/handler/ha_innodb.cc,15367,15367,0,0,mariadb_target_001246
mariadb_aflgo_r1,mariadb,1,root/mariadb/storage/innobase/handler/ha_innodb.cc:15368:15368:88:1066:T,/root/mariadb/storage/innobase/handler/ha_innodb.cc,15368,15368,0,0,mariadb_target_001246
mariadb_aflgo_r1,mariadb,1,root/mariadb/storage/innobase/handler/ha_innodb.cc:15368:15368:88:1066:F,/root/mariadb/storage/innobase/handler/ha_innodb.cc,15368,15368,0,0,mariadb_target_001246
mariadb_aflgo_r1,mariadb,1,root/mariadb/storage/innobase/handler/ha_innodb.cc:15377:15377:88:1067:T,/root/mariadb/storage/innobase/handler/ha_innodb.cc,15377,15377,0,0,mariadb_target_001246
mariadb_aflgo_r1,mariadb,1,root/mariadb/storage/innobase/handler/ha_innodb.cc:15377:15377:88:1067:F,/root/mariadb/storage/innobase/handler/ha_innodb.cc,15377,15377,0,0,mariadb_target_001246
mariadb_aflgo_r1,mariadb,1,root/mariadb/storage/perfschema/pfs_events_statements.cc:157:157:90:11:T,/root/mariadb/storage/perfschema/pfs_events_statements.cc,157,157,0,0,mariadb_target_002471
mariadb_aflgo_r1,mariadb,1,root/mariadb/storage/perfschema/pfs_events_statements.cc:157:157:90:11:F,/root/mariadb/storage/perfschema/pfs_events_statements.cc,157,157,0,0,mariadb_target_002471
