run_id,dbms,repeat_id,branch_id,file,start_line,end_line,count,hit,region_ids
mysql_aflgo_r1,mysql,1,src/mysql-server/include/my_char_traits.h:79:0:0,/src/mysql-server/include/my_char_traits.h,79,79,0,0,mysql_target_001299
mysql_aflgo_r1,mysql,1,src/mysql-server/include/my_char_traits.h:79:0:1,/src/mysql-server/include/my_char_traits.h,79,79,0,0,mysql_target_001299
mysql_aflgo_r1,mysql,1,src/mysql-server/sql-common/sql_string.cc:237:0:0,/src/mysql-server/sql-common/sql_string.cc,237,237,0,0,mysql_target_001393
mysql_aflgo_r1,mysql,1,src/mysql-server/sql-common/sql_string.cc:237:0:1,/src/mysql-server/sql-common/sql_string.cc,237,237,813,1,mysql_target_001393
mysql_aflgo_r1,mysql,1,src/mysql-server/sql-common/sql_string.cc:239:0:0,/src/mysql-server/sql-common/sql_string.cc,239,239,813,1,mysql_target_001393
mysql_aflgo_r1,mysql,1,src/mysql-server/sql-common/sql_string.cc:239:0:1,/src/mysql-server/sql-common/sql_string.cc,239,239,0,0,mysql_target_001393
mysql_aflgo_r1,mysql,1,src/mysql-server/sql-common/sql_string.cc:246:0:0,/src/mysql-server/sql-common/sql_string.cc,246,246,0,0,mysql_target_001394
mysql_aflgo_r1,mysql,1,src/mysql-server/sql-common/sql_string.cc:246:0:1,/src/mysql-server/sql-common/sql_string.cc,246,246,6771,1,mysql_target_001394
mysql_aflgo_r1,mysql,1,src/mysql-server/sql-common/sql_string.cc:247:0:0,/src/mysql-server/sql-common/sql_string.cc,247,247,6589,1,mysql_target_001394
mysql_aflgo_r1,mysql,1,src/mysql-server/sql-common/sql_string.cc:247:0:1,/src/mysql-server/sql-common/sql_string.cc,247,247,182,1,mysql_target_001394
mysql_aflgo_r1,mysql,1,src/mysql-server/sql/auth/sql_auth_cache.cc:1041:0:0,/src/mysql-server/sql/auth/sql_auth_cache.cc,1041,1041,0,0,mysql_target_001320
mysql_aflgo_r1,mysql,1,src/mysql-server/sql/auth/sql_auth_cache.cc:1041:0:1,/src/mysql-server/sql/auth/sql_auth_cache.cc,1041,1041,20,1,mysql_target_001320
mysql_aflgo_r1,mysql,1,src/mysql-server/sql/auth/sql_auth_cache.cc:1047:0:0,/src/mysql-server/sql/auth/sql_auth_cache.cc,1047,1047,0,0,mysql_target_001320
mysql_aflgo_r1,mysql,1,src/mysql-server/sql/auth/sql_auth_cache.cc:1047:0:1,/src/mysql-server/sql/auth/sql_auth_cache.cc,1047,1047,0,0,mysql_target_001320
mysql_aflgo_r1,mysql,1,src/mysql-server/sql/auth/sql_auth_cache.cc:1061:0:0,/src/mysql-server/sql/auth/sql_auth_cache.cc,1061,1061,0,0,mysql_target_001320
mysql_aflgo_r1,mysql,1,src/mysql-server/sql/auth/sql_auth_cache.cc:1061:0:1,/src/mysql-server/sql/auth/sql_auth_cache.cc,1061,1061,0,0,mysql_target_001320
mysql_aflgo_r1,mysql,1,src/mysql-server/sql/auth/sql_auth_cache.cc:1072:0:0,/src/mysql-server/sql/auth/sql_auth_cache.cc,1072,1072,0,0,mysql_target_001320
mysql_aflgo_r1,mysql,1,src/mysql-server/sql/auth/sql_auth_cache.cc:1072:0:1,/src/mysql-server/sql/auth/sql_auth_cache.cc,1072,1072,0,0,mysql_target_001320
mysql_aflgo_r1,mysql,1,src/mysql-server/sql/auth/sql_auth_cache.cc:1075:0:0,/src/mysql-server/sql/auth/sql_auth_cache.cc,1075,1075,0,0,mysql_target_001320
mysql_aflgo_r1,mysql,1,src/mysql-server/sql/auth/sql_auth_cache.cc:1075:0:1,/src/mysql-server/sql/auth/sql_auth_cache.cc,1075,1075,0,0,mysql_target_001320
mysql_aflgo_r1,mysql,1,src/mysql-server/sql/auth/sql_auth_cache.cc:1075:1:2,/src/mysql-server/sql/auth/sql_auth_cache.cc,1075,1075,0,0,mysql_target_001320
mysql_aflgo_r1,mysql,1,src/mysql-server/sql/auth/sql_auth_cache.cc:1075:1:3,/src/mysql-server/sql/auth/sql_auth_cache.cc,1075,1075,0,0,mysql_target_001320
mysql_aflgo_r1,mysql,1,src/mysql-server/sql/auth/sql_auth_cache.cc:1092:0:0,/src/mysql-server/sql/auth/sql_auth_cache.cc,1092,1092,0,0,mysql_target_001320
mysql_aflgo_r1,mysql,1,src/mysql-server/sql/auth/sql_auth_cache.cc:1092:0:1,/src/mysql-server/sql/auth/sql_auth_cache.cc,1092,1092,0,0,mysql_target_001320
mysql_aflgo_r1,mysql,1,src/mysql-server/sql/auth/sql_auth_cache.cc:1108:0:0,/src/mysql-server/sql/auth/sql_auth_cache.cc,1108,1108,0,0,mysql_target_001320
mysql_aflgo_r1,mysql,1,src/mysql-server/sql/auth/sql_auth_cache.cc:1108:0:1,/src/mysql-server/sql/auth/sql_auth_cache.cc,1108,1108,0,0,mysql_target_001320
mysql_aflgo_r1,mysql,1,src/mysql-server/sql/auth/sql_auth_cache.cc:1108:1:2,/src/mysql-server/sql/auth/sql_auth_cache.cc,1108,1108,0,0,mysql_target_001320
mysql_aflgo_r1,mysql,1,src/mysql-server/sql/auth/sql_auth_cache.cc:1108:1:3,/src/mysql-server/sql/auth/sql_auth_cache.cc,1108,1108,0,0,mysql_target_001320
mysql_aflgo_r1,mysql,1,src/mysql-server/sql/auth/sql_auth_cache.cc:1113:0:0,/src/mysql-server/sql/auth/sql_auth_cache.cc,1113,1113,0,0,mysql_target_001320
mysql_aflgo_r1,mysql,1,src/mysql-server/sql/auth/sql_auth_cache.cc:1113:0:1,/src/mysql-server/sql/auth/sql_auth_cache.cc,1113,1113,0,0,mysql_target_001320
mysql_aflgo_r1,mysql,1,src/mysql-server/sql/auth/sql_auth_cache.cc:1113:1:2,/src/mysql-server/sql/auth/sql_auth_cache.cc,1113,1113,0,0,mysql_target_001320
mysql_aflgo_r1,mysql,1,src/mysql-server/sql/auth/sql_auth_cache.cc:1113:1:3,/src/mysql-server/sql/auth/sql_auth_cache.cc,1113,1113,0,0,mysql_target_001320
mysql_aflgo_r1,mysql,1,src/mysql-server/sql/daemon_proxy_keyring/daemon_proxy_keyring.cc:224:0:0,/src/mysql-server/sql/daemon_proxy_keyring/daemon_proxy_keyring.cc,224,224,0,0,mysql_target_000621
mysql_aflgo_r1,mysql,1,src/mysql-server/sql/daemon_proxy_keyring/daemon_proxy_keyring.cc:224:0:1,/src/mysql-server/sql/daemon_proxy_keyring/daemon_proxy_keyring.cc,224,224,0,0,mysql_target_000621
mysql_aflgo_r1,mysql,1,src/mysql-server/sql/daemon_proxy_keyring/daemon_proxy_keyring.cc:224:1:2,/src/mysql-server/sql/daemon_proxy_keyring/daemon_proxy_keyring.cc,224,224,0,0,mysql_target_000621
mysql_aflgo_r1,mysql,1,src/mysql-server/sql/daemon_proxy_keyring/daemon_proxy_keyring.cc:224:1:3,/src/mysql-server/sql/daemon_proxy_keyring/daemon_proxy_keyring.cc,224,224,0,0,mysql_target_000621
mysql_aflgo_r1,mysql,1,src/mysql-server/sql/daemon_proxy_keyring/daemon_proxy_keyring.cc:249:0:0,/src/mysql-server/sql/daemon_proxy_keyring/daemon_proxy_keyring.cc,249,249,0,0,mysql_target_000621
mysql_aflgo_r1,mysql,1,src/mysql-server/sql/daemon_proxy_keyring/daemon_proxy_keyring.cc:249:0:1,/src/mysql-server/sql/daemon_proxy_keyring/daemon_proxy_keyring.cc,249,249,0,0,mysql_target_000621
mysql_aflgo_r1,mysql,1,src/mysql-server/sql/dd_table_share.cc:898:0:0,/src/mysql-server/sql/dd_table_share.cc,898,898,0,0,mysql_target_000623
mysql_aflgo_r1,mysql,1,src/mysql-server/sql/dd_table_share.cc:898:0:1,/src/mysql-server/sql/dd_table_share.cc,898,898,14164,1,mysql_target_000623
mysql_aflgo_r1,mysql,1,src/mysql-server/sql/dd_table_share.cc:898:1:2,/src/mysql-server/sql/dd_table_share.cc,898,898,225,1,mysql_target_000623
mysql_aflgo_r1,mysql,1,src/mysql-server/sql/dd_table_share.cc:898:1:3,/src/mysql-server/sql/dd_table_share.cc,898,898,13939,1,mysql_target_000623
mysql_aflgo_r1,mysql,1,src/mysql-server/sql/field.cc:2429:0:0,/src/mysql-server/sql/field.cc,2429,2429,0,0,mysql_target_000008;mysql_target_000633
mysql_aflgo_r1,mysql,1,src/mysql-server/sql/field.cc:2429:0:1,/src/mysql-server/sql/field.cc,2429,2429,0,0,mysql_target_000008;mysql_target_000633
mysql_aflgo_r1,mysql,1,src/mysql-server/sql/field.cc:2435:0:0,/src/mysql-server/sql/field.cc,2435,2435,0,0,mysql_target_000008;mysql_target_000633;mysql_target_000634
mysql_aflgo_r1,mysql,1,src/mysql-server/sql/field.cc:2435:0:1,/src/mysql-server/sql/field.cc,2435,2435,0,0,mysql_target_000008;mysql_target_000633;mysql_target_000634
mysql_aflgo_r1,mysql,1,src/mysql-server/sql/field.cc:2440:0:0,/src/mysql-server/sql/field.cc,2440,2440,0,0,mysql_target_000634
mysql_aflgo_r1,mysql,1,src/mysql-server/sql/field.cc:2440:0:1,/src/mysql-server/sql/field.cc,2440,2440,0,0,mysql_target_000634
mysql_aflgo_r1,mysql,1,src/mysql-server/sql/field.cc:2765:0:0,/src/mysql-server/sql/field.cc,2765,2765,0,0,mysql_target_000009;mysql_target_000635
mysql_aflgo_r1,mysql,1,src/mysql-server/sql/field.cc:2765:0:1,/src/mysql-server/sql/field.cc,2765,2765,0,0,mysql_target_000009;mysql_target_000635
mysql_aflgo_r1,mysql,1,src/mysql-server/sql/field.cc:2767:0:0,/src/mysql-server/sql/field.cc,2767,2767,0,0,mysql_target_000009;mysql_target_000635
mysql_aflgo_r1,mysql,1,src/mysql-server/sql/field.cc:2767:0:1,/src/mysql-server/sql/field.cc,2767,2767,0,0,mysql_target_000009;mysql_target_000635
mysql_aflgo_r1,mysql,1,src/mysql-server/sql/field.cc:2781:0:0,/src/mysql-server/sql/field.cc,2781,2781,0,0,mysql_target_000009;mysql_target_000635
mysql_aflgo_r1,mysql,1,src/mysql-server/sql/field.cc:2781:0:1,/src/mysql-server/sql/field.cc,2781,2781,0,0,mysql_target_000009;mysql_target_000635
mysql_aflgo_r1,mysql,1,src/mysql-server/sql/field.cc:2787:0:0,/src/mysql-server/sql/field.cc,2787,2787,0,0,mysql_target_000009;mysql_target_000635;mysql_target_000636
mysql_aflgo_r1,mysql,1,src/mysql-server/sql/field.cc:2787:0:1,/src/mysql-server/sql/field.cc,2787,2787,0,0,mysql_target_000009;mysql_target_000635;mysql_target_000636
mysql_aflgo_r1,mysql,1,src/mysql-server/sql/field.cc:2787:1:2,/src/mysql-server/sql/field.cc,2787,2787,0,0,mysql_target_000009;mysql_target_000635;mysql_target_000636
mysql_aflgo_r1,mysql,1,src/mysql-server/sql/field.cc:2787:1:3,/src/mysql-server/sql/field.cc,2787,2787,0,0,mysql_target_000009;mysql_target_000635;mysql_target_000636
mysql_aflgo_r1,mysql,1,src/mysql-server/sql/field.cc:2792:0:0,/src/mysql-server/sql/field.cc,2792,2792,0,0,mysql_target_000009;mysql_target_000635;mysql_target_000636
mysql_aflgo_r1,mysql,1,src/mysql-server/sql/field.cc:2792:0:1,/src/mysql-server/sql/field.cc,2792,2792,0,0,mysql_target_000009;mysql_target_000635;mysql_target_000636
mysql_aflgo_r1,mysql,1,src/mysql-server/sql/field.cc:2803:0:0,/src/mysql-server/sql/field.cc,2803,2803,0,0,mysql_target_000010;mysql_target_000637
mysql_aflgo_r1,mysql,1,src/mysql-server/sql/field.cc:2803:0:1,/src/mysql-server/sql/field.cc,2803,2803,0,0,mysql_target_000010;mysql_target_000637
mysql_aflgo_r1,mysql,1,src/mysql-server/sql/field.cc:2806:0:0,/src/mysql-server/sql/field.cc,2806,2806,0,0,mysql_target_000010;mysql_target_000637
mysql_aflgo_r1,mysql,1,src/mysql-server/sql/field.cc:2806:0:1,/src/mysql-server/sql/field.cc,2806,2806,0,0,mysql_target_000010;mysql_target_000637
mysql_aflgo_r1,mysql,1,src/mysql-server/sql/field.cc:2811:0:0,/src/mysql-server/sql/field.cc,2811,2811,0,0,mysql_target_000010;mysql_target_000637
mysql_aflgo_r1,mysql,1,src/mysql-server/sql/field.cc:2811:0:1,/src/mysql-server/sql/field.cc,2811,2811,0,0,mysql_target_000010;mysql_target_000637
mysql_aflgo_r1,mysql,1,src/mysql-server/sql/field.cc:2824:0:0,/src/mysql-server/sql/field.cc,2824,2824,0,0,mysql_target_000010;mysql_target_000637;mysql_target_000638;mysql_target_000639
mysql_aflgo_r1,mysql,1,src/mysql-server/sql/field.cc:2824:0:1,/src/mysql-server/sql/field.cc,2824,2824,0,0,mysql_target_000010;mysql_target_000637;mysql_target_000638;mysql_target_000639
mysql_aflgo_r1,mysql,1,src/mysql-server/sql/field.cc:2824:1:2,/src/mysql-server/sql/field.cc,2824,2824,0,0,mysql_target_000010;mysql_target_000637;mysql_target_000638;mysql_target_000639
mysql_aflgo_r1,mysql,1,src/mysql-server/sql/field.cc:2824:1:3,/src/mysql-server/sql/field.cc,2824,2824,0,0,mysql_target_000010;mysql_target_000637;mysql_target_000638;mysql_target_000639
mysql_aflgo_r1,mysql,1,src/mysql-server/sql/field.cc:2824:2:4,/src/mysql-server/sql/field.cc,2824,2824,0,0,mysql_target_000010;mysql_target_000637;mysql_target_000638;mysql_target_000639
mysql_aflgo_r1,mysql,1,src/mysql-server/sql/field.cc:2824:2:5,/src/mysql-server/sql/field.cc,2824,2824,0,0,mysql_target_000010;mysql_target_000637;mysql_target_000638;mysql_target_000639
mysql_aflgo_r1,mysql,1,src/mysql-server/sql/field.cc:2828:0:0,/src/mysql-server/sql/field.cc,2828,2828,0,0,mysql_target_000011;mysql_target_000640
mysql_aflgo_r1,mysql,1,src/mysql-server/sql/field.cc:2828:0:1,/src/mysql-server/sql/field.cc,2828,2828,0,0,mysql_target_000011;mysql_target_000640
mysql_aflgo_r1,mysql,1,src/mysql-server/sql/field.cc:2829:0:0,/src/mysql-server/sql/field.cc,2829,2829,0,0,mysql_target_000011;mysql_target_000640
mysql_aflgo_r1,mysql,1,src/mysql-server/sql/field.cc:2829:0:1,/src/mysql-server/sql/field.cc,2829,2829,0,0,mysql_target_000011;mysql_target_000640
mysql_aflgo_r1,mysql,1,src/mysql-server/sql/field.cc:2831:0:0,/src/mysql-server/sql/field.cc,2831,2831,0,0,mysql_target_000011;mysql_target_000640
mysql_aflgo_r1,mysql,1,src/mysql-server/sql/field.cc:2831:0:1,/src/mysql-server/sql/field.cc,2831,2831,0,0,mysql_target_000011;mysql_target_000640
mysql_aflgo_r1,mysql,1,src/mysql-server/sql/field.cc:2832:0:0,/src/mysql-server/sql/field.cc,2832,2832,0,0,mysql_target_000011;mysql_target_000640
mysql_aflgo_r1,mysql,1,src/mysql-server/sql/field.cc:2832:0:1,/src/mysql-server/sql/field.cc,2832,2832,0,0,mysql_target_000011;mysql_target_000640
mysql_aflgo_r1,mysql,1,src/mysql-server/sql/field.cc:2832:1:2,/src/mysql-server/sql/field.cc,2832,2832,0,0,mysql_target_000011;mysql_target_000640
mysql_aflgo_r1,mysql,1,src/mysql-server/sql/field.cc:2832:1:3,/src/mysql-server/sql/field.cc,2832,2832,0,0,mysql_target_000011;mysql_target_000640
mysql_aflgo_r1,mysql,1,src/mysql-server/sql/field.cc:2836:0:0,/src/mysql-server/sql/field.cc,2836,2836,0,0,mysql_target_000012;mysql_target_000641
mysql_aflgo_r1,mysql,1,src/mysql-server/sql/field.cc:2836:0:1,/src/mysql-server/sql/field.cc,2836,2836,0,0,mysql_target_000012;mysql_target_000641
mysql_aflgo_r1,mysql,1,src/mysql-server/sql/field.cc:2838:0:0,/src/mysql-server/sql/field.cc,2838,2838,0,0,mysql_target_000012;mysql_target_000641
mysql_aflgo_r1,mysql,1,src/mysql-server/sql/field.cc:2838:0:1,/src/mysql-server/sql/field.cc,2838,2838,0,0,mysql_target_000012;mysql_target_000641
mysql_aflgo_r1,mysql,1,src/mysql-server/sql/field.cc:2840:0:0,/src/mysql-server/sql/field.cc,2840,2840,0,0,mysql_target_000012;mysql_target_000641
mysql_aflgo_r1,mysql,1,src/mysql-server/sql/field.cc:2840:0:1,/src/mysql-server/sql/field.cc,2840,2840,0,0,mysql_target_000012;mysql_target_000641
mysql_aflgo_r1,mysql,1,src/mysql-server/sql/field.cc:2858:0:0,/src/mysql-server/sql/field.cc,2858,2858,0,0,mysql_target_000013;mysql_target_000642
mysql_aflgo_r1,mysql,1,src/mysql-server/sql/field.cc:2858:0:1,/src/mysql-server/sql/field.cc,2858,2858,0,0,mysql_target_000013;mysql_target_000642
mysql_aflgo_r1,mysql,1,src/mysql-server/sql/field.cc:2915:0:0,/src/mysql-server/sql/field.cc,2915,2915,0,0,mysql_target_000014;mysql_target_000643
mysql_aflgo_r1,mysql,1,src/mysql-server/sql/field.cc:2915:0:1,/src/mysql-server/sql/field.cc,2915,2915,0,0,mysql_target_000014;mysql_target_000643
mysql_aflgo_r1,mysql,1,src/mysql-server/sql/field.cc:2916:0:0,/src/mysql-server/sql/field.cc,2916,2916,0,0,mysql_target_000014;mysql_target_000643
mysql_aflgo_r1,mysql,1,src/mysql-server/sql/field.cc:2916:0:1,/src/mysql-server/sql/field.cc,2916,2916,0,0,mysql_target_000014;mysql_target_000643
mysql_aflgo_r1,mysql,1,src/mysql-server/sql/field.cc:2916:1:2,/src/mysql-server/sql/field.cc,2916,2916,0,0,mysql_target_000014;mysql_target_000643
mysql_aflgo_r1,mysql,1,src/mysql-server/sql/field.cc:2916:1:3,/src/mysql-server/sql/field.cc,2916,2916,0,0,mysql_target_000014;mysql_target_000643
mysql_aflgo_r1,mysql,1,src/mysql-server/sql/field.cc:2916:2:4,/src/mysql-server/sql/field.cc,2916,2916,0,0,mysql_target_000014;mysql_target_000643
mysql_aflgo_r1,mysql,1,src/mysql-server/sql/field.cc:2916:2:5,/src/mysql-server/sql/field.cc,2916,2916,0,0,mysql_target_000014;mysql_target_000643
mysql_aflgo_r1,mysql,1,src/mysql-server/sql/field.cc:2919:0:0,/src/mysql-server/sql/field.cc,2919,2919,0,0,mysql_target_000014;mysql_target_000643
mysql_aflgo_r1,mysql,1,src/mysql-server/sql/field.cc:2919:0:1,/src/mysql-server/sql/field.cc,2919,2919,0,0,mysql_target_000014;mysql_target_000643
mysql_aflgo_r1,mysql,1,src/mysql-server/sql/field.cc:2921:0:0,/src/mysql-server/sql/field.cc,2921,2921,0,0,mysql_target_000014;mysql_target_000643
mysql_aflgo_r1,mysql,1,src/mysql-server/sql/field.cc:2921:0:1,/src/mysql-server/sql/field.cc,2921,2921,0,0,mysql_target_000014;mysql_target_000643
mysql_aflgo_r1,mysql,1,src/mysql-server/sql/field.cc:3033:0:0,/src/mysql-server/sql/field.cc,3033,3033,0,0,mysql_target_000015;mysql_target_000644;mysql_target_000645
mysql_aflgo_r1,mysql,1,src/mysql-server/sql/field.cc:3033:0:1,/src/mysql-server/sql/field.cc,3033,3033,0,0,mysql_target_000015;mysql_target_000644;mysql_target_000645
mysql_aflgo_r1,mysql,1,src/mysql-server/sql/field.cc:3034:0:0,/src/mysql-server/sql/field.cc,3034,3034,0,0,mysql_target_000015;mysql_target_000644;mysql_target_000645
mysql_aflgo_r1,mysql,1,src/mysql-server/sql/field.cc:3034:0:1,/src/mysql-server/sql/field.cc,3034,3034,0,0,mysql_target_000015;mysql_target_000644;mysql_target_000645
mysql_aflgo_r1,mysql,1,src/mysql-server/sql/field.cc:3147:0:0,/src/mysql-server/sql/field.cc,3147,3147,0,0,mysql_target_000017;mysql_target_000648
mysql_aflgo_r1,mysql,1,src/mysql-server/sql/field.cc:3147:0:1,/src/mysql-server/sql/field.cc,3147,3147,0,0,mysql_target_000017;mysql_target_000648
mysql_aflgo_r1,mysql,1,src/mysql-server/sql/field.cc:3152:0:0,/src/mysql-server/sql/field.cc,3152,3152,0,0,mysql_target_000017;mysql_target_000018;mysql_target_000648;mysql_target_000649
mysql_aflgo_r1,mysql,1,src/mysql-server/sql/field.cc:3152:0:1,/src/mysql-server/sql/field.cc,3152,3152,0,0,mysql_target_000017;mysql_target_000018;mysql_target_000648;mysql_target_000649
mysql_aflgo_r1,mysql,1,src/mysql-server/sql/field.cc:3154:0:0,/src/mysql-server/sql/field.cc,3154,3154,0,0,mysql_target_000017;mysql_target_000018;mysql_target_000648;mysql_target_000649;mysql_target_000650
mysql_aflgo_r1,mysql,1,src/mysql-server/sql/field.cc:3154:0:1,/src/mysql-server/sql/field.cc,3154,3154,0,0,mysql_target_000017;mysql_target_000018;mysql_target_000648;mysql_target_000649;mysql_target_000650
mysql_aflgo_r1,mysql,1,src/mysql-server/sql/field.cc:3154:1:2,/src/mysql-server/sql/field.cc,3154,3154,0,0,mysql_target_000017;mysql_target_000018;mysql_target_000648;mysql_target_000649;mysql_target_000650
mysql_aflgo_r1,mysql,1,src/mysql-server/sql/field.cc:3154:1:3,/src/mysql-server/sql/field.cc,3154,3154,0,0,mysql_target_000017;mysql_target_000018;mysql_target_000648;mysql_target_000649;mysql_target_000650
mysql_aflgo_r1,mysql,1,src/mysql-server/sql/field.cc:3406:0:0,/src/mysql-server/sql/field.cc,3406,3406,0,0,mysql_target_000023;mysql_target_000656
mysql_aflgo_r1,mysql,1,src/mysql-server/sql/field.cc:3406:0:1,/src/mysql-server/sql/field.cc,3406,3406,18,1,mysql_target_000023;mysql_target_000656
mysql_aflgo_r1,mysql,1,src/mysql-server/sql/field.cc:3409:0:0,/src/mysql-server/sql/field.cc,3409,3409,0,0,mysql_target_000023;mysql_target_000656
mysql_aflgo_r1,mysql,1,src/mysql-server/sql/field.cc:3409:0:1,/src/mysql-server/sql/field.cc,3409,3409,18,1,mysql_target_000023;mysql_target_000656
mysql_aflgo_r1,mysql,1,src/mysql-server/sql/field.cc:3423:0:0,/src/mysql-server/sql/field.cc,3423,3423,0,0,mysql_target_000023;mysql_target_000656
mysql_aflgo_r1,mysql,1,src/mysql-server/sql/field.cc:3423:0:1,/src/mysql-server/sql/field.cc,3423,3423,1,1,mysql_target_000023;mysql_target_000656
mysql_aflgo_r1,mysql,1,src/mysql-server/sql/field.cc:3431:0:0,/src/mysql-server/sql/field.cc,3431,3431,0,0,mysql_target_000023;mysql_target_000656
mysql_aflgo_r1,mysql,1,src/mysql-server/sql/field.cc:3431:0:1,/src/mysql-server/sql/field.cc,3431,3431,0,0,mysql_target_000023;mysql_target_000656
mysql_aflgo_r1,mysql,1,src/mysql-server/sql/field.cc:3432:0:0,/src/mysql-server/sql/field.cc,3432,3432,0,0,mysql_target_000023;mysql_target_000656
mysql_aflgo_r1,mysql,1,src/mysql-server/sql/field.cc:3432:0:1,/src/mysql-server/sql/field.cc,3432,3432,0,0,mysql_target_000023;mysql_target_000656
mysql_aflgo_r1,mysql,1,src/mysql-server/sql/field.cc:3436:0:0,/src/mysql-server/sql/field.cc,3436,3436,0,0,mysql_target_000024;mysql_target_000657
mysql_aflgo_r1,mysql,1,src/mysql-server/sql/field.cc:3436:0:1,/src/mysql-server/sql/field.cc,3436,3436,0,0,mysql_target_000024;mysql_target_000657
mysql_aflgo_r1,mysql,1,src/mysql-server/sql/field.cc:3443:0:0,/src/mysql-server/sql/field.cc,3443,3443,0,0,mysql_target_000024;mysql_target_000657
mysql_aflgo_r1,mysql,1,src/mysql-server/sql/field.cc:3443:0:1,/src/mysql-server/sql/field.cc,3443,3443,0,0,mysql_target_000024;mysql_target_000657
mysql_aflgo_r1,mysql,1,src/mysql-server/sql/field.cc:3447:0:0,/src/mysql-server/sql/field.cc,3447,3447,0,0,mysql_target_000024;mysql_target_000657
mysql_aflgo_r1,mysql,1,src/mysql-server/sql/field.cc:3447:0:1,/src/mysql-server/sql/field.cc,3447,3447,0,0,mysql_target_000024;mysql_target_000657
mysql_aflgo_r1,mysql,1,src/mysql-server/sql/field.cc:3461:0:0,/src/mysql-server/sql/field.cc,3461,3461,3,1,mysql_target_000024;mysql_target_000657
mysql_aflgo_r1,mysql,1,src/mysql-server/sql/field.cc:3461:0:1,/src/mysql-server/sql/field.cc,3461,3461,56334,1,mysql_target_000024;mysql_target_000657
mysql_aflgo_r1,mysql,1,src/mysql-server/sql/field.cc:3462:0:0,/src/mysql-server/sql/field.cc,3462,3462,0,0,mysql_target_000024;mysql_target_000657
mysql_aflgo_r1,mysql,1,src/mysql-server/sql/field.cc:3462:0:1,/src/mysql-server/sql/field.cc,3462,3462,3,1,mysql_target_000024;mysql_target_000657
mysql_aflgo_r1,mysql,1,src/mysql-server/sql/field.cc:3462:1:2,/src/mysql-server/sql/field.cc,3462,3462,0,0,mysql_target_000024;mysql_target_000657
mysql_aflgo_r1,mysql,1,src/mysql-server/sql/field.cc:3462:1:3,/src/mysql-server/sql/field.cc,3462,3462,0,0,mysql_target_000024;mysql_target_000657
mysql_aflgo_r1,mysql,1,src/mysql-server/sql/field.cc:3473:0:0,/src/mysql-server/sql/field.cc,3473,3473,0,0,mysql_target_000026;mysql_target_000659
mysql_aflgo_r1,mysql,1,src/mysql-server/sql/field.cc:3473:0:1,/src/mysql-server/sql/field.cc,3473,3473,56334,1,mysql_target_000026;mysql_target_000659
mysql_aflgo_r1,mysql,1,src/mysql-server/sql/field.cc:3473:1:2,/src/mysql-server/sql/field.cc,3473,3473,0,0,mysql_target_000026;mysql_target_000659
mysql_aflgo_r1,mysql,1,src/mysql-server/sql/field.cc:3473:1:3,/src/mysql-server/sql/field.cc,3473,3473,0,0,mysql_target_000026;mysql_target_000659
mysql_aflgo_r1,mysql,1,src/mysql-server/sql/field.cc:3474:0:0,/src/mysql-server/sql/field.cc,3474,3474,0,0,mysql_target_000026;mysql_target_000659
mysql_aflgo_r1,mysql,1,src/mysql-server/sql/field.cc:3474:0:1,/src/mysql-server/sql/field.cc,3474,3474,56334,1,mysql_target_000026;mysql_target_000659
mysql_aflgo_r1,mysql,1,src/mysql-server/sql/field.cc:3490:0:0,/src/mysql-server/sql/field.cc,3490,3490,0,0,mysql_target_000027;mysql_target_000660
mysql_aflgo_r1,mysql,1,src/mysql-server/sql/field.cc:3490:0:1,/src/mysql-server/sql/field.cc,3490,3490,0,0,mysql_target_000027;mysql_target_000660
mysql_aflgo_r1,mysql,1,src/mysql-server/sql/field.cc:3496:0:0,/src/mysql-server/sql/field.cc,3496,3496,0,0,mysql_target_000027;mysql_target_000660
mysql_aflgo_r1,mysql,1,src/mysql-server/sql/field.cc:3496:0:1,/src/mysql-server/sql/field.cc,3496,3496,168671,1,mysql_target_000027;mysql_target_000660
mysql_aflgo_r1,mysql,1,src/mysql-server/sql/field.cc:3530:0:0,/src/mysql-server/sql/field.cc,3530,3530,0,0,mysql_target_000028;mysql_target_000661
mysql_aflgo_r1,mysql,1,src/mysql-server/sql/field.cc:3530:0:1,/src/mysql-server/sql/field.cc,3530,3530,0,0,mysql_target_000028;mysql_target_000661
mysql_aflgo_r1,mysql,1,src/mysql-server/sql/field.cc:3531:0:0,/src/mysql-server/sql/field.cc,3531,3531,0,0,mysql_target_000028;mysql_target_000661
mysql_aflgo_r1,mysql,1,src/mysql-server/sql/field.cc:3531:0:1,/src/mysql-server/sql/field.cc,3531,3531,0,0,mysql_target_000028;mysql_target_000661
mysql_aflgo_r1,mysql,1,src/mysql-server/sql/field.cc:3531:1:2,/src/mysql-server/sql/field.cc,3531,3531,0,0,mysql_target_000028;mysql_target_000661
mysql_aflgo_r1,mysql,1,src/mysql-server/sql/field.cc:3531:1:3,/src/mysql-server/sql/field.cc,3531,3531,0,0,mysql_target_000028;mysql_target_000661
mysql_aflgo_r1,mysql,1,src/mysql-server/sql/field.cc:3532:0:0,/src/mysql-server/sql/field.cc,3532,3532,0,0,mysql_target_000028;mysql_target_000661
mysql_aflgo_r1,mysql,1,src/mysql-server/sql/field.cc:3532:0:1,/src/mysql-server/sql/field.cc,3532,3532,0,0,mysql_target_000028;mysql_target_000661
mysql_aflgo_r1,mysql,1,src/mysql-server/sql/field.cc:3532:1:2,/src/mysql-server/sql/field.cc,3532,3532,0,0,mysql_target_000028;mysql_target_000661
mysql_aflgo_r1,mysql,1,src/mysql-server/sql/field.cc:3532:1:3,/src/mysql-server/sql/field.cc,3532,3532,0,0,mysql_target_000028;mysql_target_000661
mysql_aflgo_r1,mysql,1,src/mysql-server/sql/field.cc:3538:0:0,/src/mysql-server/sql/field.cc,3538,3538,0,0,mysql_target_000029;mysql_target_000662;mysql_target_000663
mysql_aflgo_r1,mysql,1,src/mysql-server/sql/field.cc:3538:0:1,/src/mysql-server/sql/field.cc,3538,3538,0,0,mysql_target_000029;mysql_target_000662;mysql_target_000663
mysql_aflgo_r1,mysql,1,src/mysql-server/sql/field.cc:3546:0:0,/src/mysql-server/sql/field.cc,3546,3546,254,1,mysql_target_000664
mysql_aflgo_r1,mysql,1,src/mysql-server/sql/field.cc:3546:0:1,/src/mysql-server/sql/field.cc,3546,3546,69,1,mysql_target_000664
mysql_aflgo_r1,mysql,1,src/mysql-server/sql/field.cc:3546:1:2,/src/mysql-server/sql/field.cc,3546,3546,254,1,mysql_target_000664
mysql_aflgo_r1,mysql,1,src/mysql-server/sql/field.cc:3546:1:3,/src/mysql-server/sql/field.cc,3546,3546,0,0,mysql_target_000664
mysql_aflgo_r1,mysql,1,src/mysql-server/sql/field.cc:3546:2:4,/src/mysql-server/sql/field.cc,3546,3546,254,1,mysql_target_000664
mysql_aflgo_r1,mysql,1,src/mysql-server/sql/field.cc:3546:2:5,/src/mysql-server/sql/field.cc,3546,3546,0,0,mysql_target_000664
mysql_aflgo_r1,mysql,1,src/mysql-server/sql/field.cc:3567:0:0,/src/mysql-server/sql/field.cc,3567,3567,0,0,mysql_target_000030;mysql_target_000665
mysql_aflgo_r1,mysql,1,src/mysql-server/sql/field.cc:3567:0:1,/src/mysql-server/sql/field.cc,3567,3567,0,0,mysql_target_000030;mysql_target_000665
mysql_aflgo_r1,mysql,1,src/mysql-server/sql/field.cc:3568:0:0,/src/mysql-server/sql/field.cc,3568,3568,0,0,mysql_target_000030;mysql_target_000665
mysql_aflgo_r1,mysql,1,src/mysql-server/sql/field.cc:3568:0:1,/src/mysql-server/sql/field.cc,3568,3568,0,0,mysql_target_000030;mysql_target_000665
mysql_aflgo_r1,mysql,1,src/mysql-server/sql/field.cc:3580:0:0,/src/mysql-server/sql/field.cc,3580,3580,0,0,mysql_target_000030;mysql_target_000665
mysql_aflgo_r1,mysql,1,src/mysql-server/sql/field.cc:3580:0:1,/src/mysql-server/sql/field.cc,3580,3580,0,0,mysql_target_000030;mysql_target_000665
mysql_aflgo_r1,mysql,1,src/mysql-server/sql/field.cc:3581:0:0,/src/mysql-server/sql/field.cc,3581,3581,0,0,mysql_target_000030;mysql_target_000665
mysql_aflgo_r1,mysql,1,src/mysql-server/sql/field.cc:3581:0:1,/src/mysql-server/sql/field.cc,3581,3581,0,0,mysql_target_000030;mysql_target_000665
mysql_aflgo_r1,mysql,1,src/mysql-server/sql/field.cc:3585:0:0,/src/mysql-server/sql/field.cc,3585,3585,0,0,mysql_target_000030;mysql_target_000665
mysql_aflgo_r1,mysql,1,src/mysql-server/sql/field.cc:3585:0:1,/src/mysql-server/sql/field.cc,3585,3585,0,0,mysql_target_000030;mysql_target_000665
mysql_aflgo_r1,mysql,1,src/mysql-server/sql/field.cc:3592:0:0,/src/mysql-server/sql/field.cc,3592,3592,0,0,mysql_target_000031;mysql_target_000666
mysql_aflgo_r1,mysql,1,src/mysql-server/sql/field.cc:3592:0:1,/src/mysql-server/sql/field.cc,3592,3592,0,0,mysql_target_000031;mysql_target_000666
mysql_aflgo_r1,mysql,1,src/mysql-server/sql/field.cc:3596:0:0,/src/mysql-server/sql/field.cc,3596,3596,0,0,mysql_target_000031;mysql_target_000666
mysql_aflgo_r1,mysql,1,src/mysql-server/sql/field.cc:3596:0:1,/src/mysql-server/sql/field.cc,3596,3596,0,0,mysql_target_000031;mysql_target_000666
mysql_aflgo_r1,mysql,1,src/mysql-server/sql/field.cc:3603:0:0,/src/mysql-server/sql/field.cc,3603,3603,0,0,mysql_target_000031;mysql_target_000666
mysql_aflgo_r1,mysql,1,src/mysql-server/sql/field.cc:3603:0:1,/src/mysql-server/sql/field.cc,3603,3603,0,0,mysql_target_000031;mysql_target_000666
mysql_aflgo_r1,mysql,1,src/mysql-server/sql/field.cc:3615:0:0,/src/mysql-server/sql/field.cc,3615,3615,806,1,mysql_target_000031;mysql_target_000666
mysql_aflgo_r1,mysql,1,src/mysql-server/sql/field.cc:3615:0:1,/src/mysql-server/sql/field.cc,3615,3615,0,0,mysql_target_000031;mysql_target_000666
mysql_aflgo_r1,mysql,1,src/mysql-server/sql/field.cc:3616:0:0,/src/mysql-server/sql/field.cc,3616,3616,0,0,mysql_target_000031;mysql_target_000666
mysql_aflgo_r1,mysql,1,src/mysql-server/sql/field.cc:3616:0:1,/src/mysql-server/sql/field.cc,3616,3616,806,1,mysql_target_000031;mysql_target_000666
mysql_aflgo_r1,mysql,1,src/mysql-server/sql/field.cc:3616:1:2,/src/mysql-server/sql/field.cc,3616,3616,0,0,mysql_target_000031;mysql_target_000666
mysql_aflgo_r1,mysql,1,src/mysql-server/sql/field.cc:3616:1:3,/src/mysql-server/sql/field.cc,3616,3616,0,0,mysql_target_000031;mysql_target_000666
mysql_aflgo_r1,mysql,1,src/mysql-server/sql/field.cc:3620:0:0,/src/mysql-server/sql/field.cc,3620,3620,0,0,mysql_target_000031;mysql_target_000666
mysql_aflgo_r1,mysql,1,src/mysql-server/sql/field.cc:3620:0:1,/src/mysql-server/sql/field.cc,3620,3620,806,1,mysql_target_000031;mysql_target_000666
mysql_aflgo_r1,mysql,1,src/mysql-server/sql/field.cc:3627:0:0,/src/mysql-server/sql/field.cc,3627,3627,0,0,mysql_target_000032;mysql_target_000667
mysql_aflgo_r1,mysql,1,src/mysql-server/sql/field.cc:3627:0:1,/src/mysql-server/sql/field.cc,3627,3627,0,0,mysql_target_000032;mysql_target_000667
mysql_aflgo_r1,mysql,1,src/mysql-server/sql/field.cc:3627:1:2,/src/mysql-server/sql/field.cc,3627,3627,0,0,mysql_target_000032;mysql_target_000667
mysql_aflgo_r1,mysql,1,src/mysql-server/sql/field.cc:3627:1:3,/src/mysql-server/sql/field.cc,3627,3627,0,0,mysql_target_000032;mysql_target_000667
mysql_aflgo_r1,mysql,1,src/mysql-server/sql/field.cc:3629:0:0,/src/mysql-server/sql/field.cc,3629,3629,0,0,mysql_target_000032;mysql_target_000667
mysql_aflgo_r1,mysql,1,src/mysql-server/sql/field.cc:3629:0:1,/src/mysql-server/sql/field.cc,3629,3629,0,0,mysql_target_000032;mysql_target_000667
mysql_aflgo_r1,mysql,1,src/mysql-server/sql/field.cc:3633:0:0,/src/mysql-server/sql/field.cc,3633,3633,0,0,mysql_target_000032;mysql_target_000667
mysql_aflgo_r1,mysql,1,src/mysql-server/sql/field.cc:3633:0:1,/src/mysql-server/sql/field.cc,3633,3633,0,0,mysql_target_000032;mysql_target_000667
mysql_aflgo_r1,mysql,1,src/mysql-server/sql/field.cc:3640:0:0,/src/mysql-server/sql/field.cc,3640,3640,806,1,mysql_target_000033;mysql_target_000668
mysql_aflgo_r1,mysql,1,src/mysql-server/sql/field.cc:3640:0:1,/src/mysql-server/sql/field.cc,3640,3640,0,0,mysql_target_000033;mysql_target_000668
mysql_aflgo_r1,mysql,1,src/mysql-server/sql/field.cc:3650:0:0,/src/mysql-server/sql/field.cc,3650,3650,0,0,mysql_target_000034;mysql_target_000669
mysql_aflgo_r1,mysql,1,src/mysql-server/sql/field.cc:3650:0:1,/src/mysql-server/sql/field.cc,3650,3650,0,0,mysql_target_000034;mysql_target_000669
mysql_aflgo_r1,mysql,1,src/mysql-server/sql/field.cc:3654:0:0,/src/mysql-server/sql/field.cc,3654,3654,0,0,mysql_target_000034;mysql_target_000669
mysql_aflgo_r1,mysql,1,src/mysql-server/sql/field.cc:3654:0:1,/src/mysql-server/sql/field.cc,3654,3654,0,0,mysql_target_000034;mysql_target_000669
mysql_aflgo_r1,mysql,1,src/mysql-server/sql/field.cc:3660:0:0,/src/mysql-server/sql/field.cc,3660,3660,0,0,mysql_target_000034;mysql_target_000669
mysql_aflgo_r1,mysql,1,src/mysql-server/sql/field.cc:3660:0:1,/src/mysql-server/sql/field.cc,3660,3660,0,0,mysql_target_000034;mysql_target_000669
mysql_aflgo_r1,mysql,1,src/mysql-server/sql/field.cc:3664:0:0,/src/mysql-server/sql/field.cc,3664,3664,0,0,mysql_target_000034;mysql_target_000669
mysql_aflgo_r1,mysql,1,src/mysql-server/sql/field.cc:3664:0:1,/src/mysql-server/sql/field.cc,3664,3664,0,0,mysql_target_000034;mysql_target_000669
mysql_aflgo_r1,mysql,1,src/mysql-server/sql/field.cc:3727:0:0,/src/mysql-server/sql/field.cc,3727,3727,0,0,mysql_target_000035;mysql_target_000670;mysql_target_000671
mysql_aflgo_r1,mysql,1,src/mysql-server/sql/field.cc:3727:0:1,/src/mysql-server/sql/field.cc,3727,3727,0,0,mysql_target_000035;mysql_target_000670;mysql_target_000671
mysql_aflgo_r1,mysql,1,src/mysql-server/sql/field.cc:3752:0:0,/src/mysql-server/sql/field.cc,3752,3752,0,0,mysql_target_000036;mysql_target_000672
mysql_aflgo_r1,mysql,1,src/mysql-server/sql/field.cc:3752:0:1,/src/mysql-server/sql/field.cc,3752,3752,0,0,mysql_target_000036;mysql_target_000672
mysql_aflgo_r1,mysql,1,src/mysql-server/sql/field.cc:3761:0:0,/src/mysql-server/sql/field.cc,3761,3761,0,0,mysql_target_000036;mysql_target_000672
mysql_aflgo_r1,mysql,1,src/mysql-server/sql/field.cc:3761:0:1,/src/mysql-server/sql/field.cc,3761,3761,0,0,mysql_target_000036;mysql_target_000672
mysql_aflgo_r1,mysql,1,src/mysql-server/sql/field.cc:3762:0:0,/src/mysql-server/sql/field.cc,3762,3762,0,0,mysql_target_000036;mysql_target_000672
mysql_aflgo_r1,mysql,1,src/mysql-server/sql/field.cc:3762:0:1,/src/mysql-server/sql/field.cc,3762,3762,0,0,mysql_target_000036;mysql_target_000672
mysql_aflgo_r1,mysql,1,src/mysql-server/sql/field.cc:3766:0:0,/src/mysql-server/sql/field.cc,3766,3766,0,0,mysql_target_000036;mysql_target_000672
mysql_aflgo_r1,mysql,1,src/mysql-server/sql/field.cc:3766:0:1,/src/mysql-server/sql/field.cc,3766,3766,0,0,mysql_target_000036;mysql_target_000672
mysql_aflgo_r1,mysql,1,src/mysql-server/sql/field.cc:3774:0:0,/src/mysql-server/sql/field.cc,3774,3774,0,0,mysql_target_000037;mysql_target_000673
mysql_aflgo_r1,mysql,1,src/mysql-server/sql/field.cc:3774:0:1,/src/mysql-server/sql/field.cc,3774,3774,0,0,mysql_target_000037;mysql_target_000673
mysql_aflgo_r1,mysql,1,src/mysql-server/sql/field.cc:3779:0:0,/src/mysql-server/sql/field.cc,3779,3779,0,0,mysql_target_000037;mysql_target_000673
mysql_aflgo_r1,mysql,1,src/mysql-server/sql/field.cc:3779:0:1,/src/mysql-server/sql/field.cc,3779,3779,0,0,mysql_target_000037;mysql_target_000673
mysql_aflgo_r1,mysql,1,src/mysql-server/sql/field.cc:3794:0:0,/src/mysql-server/sql/field.cc,3794,3794,0,0,mysql_target_000037;mysql_target_000673
mysql_aflgo_r1,mysql,1,src/mysql-server/sql/field.cc:3794:0:1,/src/mysql-server/sql/field.cc,3794,3794,0,0,mysql_target_000037;mysql_target_000673
mysql_aflgo_r1,mysql,1,src/mysql-server/sql/field.cc:3795:0:0,/src/mysql-server/sql/field.cc,3795,3795,0,0,mysql_target_000037;mysql_target_000673
mysql_aflgo_r1,mysql,1,src/mysql-server/sql/field.cc:3795:0:1,/src/mysql-server/sql/field.cc,3795,3795,0,0,mysql_target_000037;mysql_target_000673
mysql_aflgo_r1,mysql,1,src/mysql-server/sql/field.cc:3795:1:2,/src/mysql-server/sql/field.cc,3795,3795,0,0,mysql_target_000037;mysql_target_000673
mysql_aflgo_r1,mysql,1,src/mysql-server/sql/field.cc:3795:1:3,/src/mysql-server/sql/field.cc,3795,3795,0,0,mysql_target_000037;mysql_target_000673
mysql_aflgo_r1,mysql,1,src/mysql-server/sql/field.cc:3799:0:0,/src/mysql-server/sql/field.cc,3799,3799,0,0,mysql_target_000037;mysql_target_000673
mysql_aflgo_r1,mysql,1,src/mysql-server/sql/field.cc:3799:0:1,/src/mysql-server/sql/field.cc,3799,3799,0,0,mysql_target_000037;mysql_target_000673
mysql_aflgo_r1,mysql,1,src/mysql-server/sql/field.cc:3807:0:0,/src/mysql-server/sql/field.cc,3807,3807,0,0,mysql_target_000038;mysql_target_000674
mysql_aflgo_r1,mysql,1,src/mysql-server/sql/field.cc:3807:0:1,/src/mysql-server/sql/field.cc,3807,3807,0,0,mysql_target_000038;mysql_target_000674
mysql_aflgo_r1,mysql,1,src/mysql-server/sql/field.cc:3807:1:2,/src/mysql-server/sql/field.cc,3807,3807,0,0,mysql_target_000038;mysql_target_000674
mysql_aflgo_r1,mysql,1,src/mysql-server/sql/field.cc:3807:1:3,/src/mysql-server/sql/field.cc,3807,3807,0,0,mysql_target_000038;mysql_target_000674
mysql_aflgo_r1,mysql,1,src/mysql-server/sql/field.cc:3815:0:0,/src/mysql-server/sql/field.cc,3815,3815,0,0,mysql_target_000039;mysql_target_000675
mysql_aflgo_r1,mysql,1,src/mysql-server/sql/field.cc:3815:0:1,/src/mysql-server/sql/field.cc,3815,3815,0,0,mysql_target_000039;mysql_target_000675
mysql_aflgo_r1,mysql,1,src/mysql-server/sql/field.cc:3828:0:0,/src/mysql-server/sql/field.cc,3828,3828,0,0,mysql_target_000040;mysql_target_000676
mysql_aflgo_r1,mysql,1,src/mysql-server/sql/field.cc:3828:0:1,/src/mysql-server/sql/field.cc,3828,3828,0,0,mysql_target_000040;mysql_target_000676
mysql_aflgo_r1,mysql,1,src/mysql-server/sql/field.cc:3870:0:0,/src/mysql-server/sql/field.cc,3870,3870,0,0,mysql_target_000041;mysql_target_000677;mysql_target_000678
mysql_aflgo_r1,mysql,1,src/mysql-server/sql/field.cc:3870:0:1,/src/mysql-server/sql/field.cc,3870,3870,0,0,mysql_target_000041;mysql_target_000677;mysql_target_000678
mysql_aflgo_r1,mysql,1,src/mysql-server/sql/field.cc:3870:1:2,/src/mysql-server/sql/field.cc,3870,3870,0,0,mysql_target_000041;mysql_target_000677;mysql_target_000678
mysql_aflgo_r1,mysql,1,src/mysql-server/sql/field.cc:3870:1:3,/src/mysql-server/sql/field.cc,3870,3870,0,0,mysql_target_000041;mysql_target_000677;mysql_target_000678
mysql_aflgo_r1,mysql,1,src/mysql-server/sql/field.cc:3876:0:0,/src/mysql-server/sql/field.cc,3876,3876,0,0,mysql_target_000041;mysql_target_000677;mysql_target_000678;mysql_target_000679
mysql_aflgo_r1,mysql,1,src/mysql-server/sql/field.cc:3876:0:1,/src/mysql-server/sql/field.cc,3876,3876,0,0,mysql_target_000041;mysql_target_000677;mysql_target_000678;mysql_target_000679
mysql_aflgo_r1,mysql,1,src/mysql-server/sql/field.cc:3901:0:0,/src/mysql-server/sql/field.cc,3901,3901,1,1,mysql_target_000042;mysql_target_000680
mysql_aflgo_r1,mysql,1,src/mysql-server/sql/field.cc:3901:0:1,/src/mysql-server/sql/field.cc,3901,3901,12,1,mysql_target_000042;mysql_target_000680
mysql_aflgo_r1,mysql,1,src/mysql-server/sql/field.cc:3902:0:0,/src/mysql-server/sql/field.cc,3902,3902,13,1,mysql_target_000042;mysql_target_000680
mysql_aflgo_r1,mysql,1,src/mysql-server/sql/field.cc:3902:0:1,/src/mysql-server/sql/field.cc,3902,3902,0,0,mysql_target_000042;mysql_target_000680
mysql_aflgo_r1,mysql,1,src/mysql-server/sql/field.cc:3914:0:0,/src/mysql-server/sql/field.cc,3914,3914,0,0,mysql_target_000042;mysql_target_000680
mysql_aflgo_r1,mysql,1,src/mysql-server/sql/field.cc:3914:0:1,/src/mysql-server/sql/field.cc,3914,3914,0,0,mysql_target_000042;mysql_target_000680
mysql_aflgo_r1,mysql,1,src/mysql-server/sql/field.cc:3915:0:0,/src/mysql-server/sql/field.cc,3915,3915,0,0,mysql_target_000042;mysql_target_000680
mysql_aflgo_r1,mysql,1,src/mysql-server/sql/field.cc:3915:0:1,/src/mysql-server/sql/field.cc,3915,3915,0,0,mysql_target_000042;mysql_target_000680
mysql_aflgo_r1,mysql,1,src/mysql-server/sql/field.cc:3918:0:0,/src/mysql-server/sql/field.cc,3918,3918,0,0,mysql_target_000042;mysql_target_000680
mysql_aflgo_r1,mysql,1,src/mysql-server/sql/field.cc:3918:0:1,/src/mysql-server/sql/field.cc,3918,3918,0,0,mysql_target_000042;mysql_target_000680
mysql_aflgo_r1,mysql,1,src/mysql-server/sql/field.cc:3934:0:0,/src/mysql-server/sql/field.cc,3934,3934,0,0,mysql_target_000043;mysql_target_000681
mysql_aflgo_r1,mysql,1,src/mysql-server/sql/field.cc:3934:0:1,/src/mysql-server/sql/field.cc,3934,3934,0,0,mysql_target_000043;mysql_target_000681
mysql_aflgo_r1,mysql,1,src/mysql-server/sql/field.cc:3937:0:0,/src/mysql-server/sql/field.cc,3937,3937,0,0,mysql_target_000043;mysql_target_000681
mysql_aflgo_r1,mysql,1,src/mysql-server/sql/field.cc:3937:0:1,/src/mysql-server/sql/field.cc,3937,3937,0,0,mysql_target_000043;mysql_target_000681
mysql_aflgo_r1,mysql,1,src/mysql-server/sql/field.cc:3958:0:0,/src/mysql-server/sql/field.cc,3958,3958,52981,1,mysql_target_000043;mysql_target_000681
mysql_aflgo_r1,mysql,1,src/mysql-server/sql/field.cc:3958:0:1,/src/mysql-server/sql/field.cc,3958,3958,773,1,mysql_target_000043;mysql_target_000681
mysql_aflgo_r1,mysql,1,src/mysql-server/sql/field.cc:3959:0:0,/src/mysql-server/sql/field.cc,3959,3959,0,0,mysql_target_000043;mysql_target_000681
mysql_aflgo_r1,mysql,1,src/mysql-server/sql/field.cc:3959:0:1,/src/mysql-server/sql/field.cc,3959,3959,52981,1,mysql_target_000043;mysql_target_000681
mysql_aflgo_r1,mysql,1,src/mysql-server/sql/field.cc:3959:1:2,/src/mysql-server/sql/field.cc,3959,3959,0,0,mysql_target_000043;mysql_target_000681
mysql_aflgo_r1,mysql,1,src/mysql-server/sql/field.cc:3959:1:3,/src/mysql-server/sql/field.cc,3959,3959,0,0,mysql_target_000043;mysql_target_000681
mysql_aflgo_r1,mysql,1,src/mysql-server/sql/field.cc:3962:0:0,/src/mysql-server/sql/field.cc,3962,3962,0,0,mysql_target_000043;mysql_target_000681
mysql_aflgo_r1,mysql,1,src/mysql-server/sql/field.cc:3962:0:1,/src/mysql-server/sql/field.cc,3962,3962,52981,1,mysql_target_000043;mysql_target_000681
mysql_aflgo_r1,mysql,1,src/mysql-server/sql/field.cc:3968:0:0,/src/mysql-server/sql/field.cc,3968,3968,0,0,mysql_target_000043;mysql_target_000681
mysql_aflgo_r1,mysql,1,src/mysql-server/sql/field.cc:3968:0:1,/src/mysql-server/sql/field.cc,3968,3968,773,1,mysql_target_000043;mysql_target_000681
mysql_aflgo_r1,mysql,1,src/mysql-server/sql/field.cc:3968:1:2,/src/mysql-server/sql/field.cc,3968,3968,0,0,mysql_target_000043;mysql_target_000681
mysql_aflgo_r1,mysql,1,src/mysql-server/sql/field.cc:3968:1:3,/src/mysql-server/sql/field.cc,3968,3968,0,0,mysql_target_000043;mysql_target_000681
mysql_aflgo_r1,mysql,1,src/mysql-server/sql/field.cc:3972:0:0,/src/mysql-server/sql/field.cc,3972,3972,0,0,mysql_target_000044;mysql_target_000682
mysql_aflgo_r1,mysql,1,src/mysql-server/sql/field.cc:3972:0:1,/src/mysql-server/sql/field.cc,3972,3972,773,1,mysql_target_000044;mysql_target_000682
mysql_aflgo_r1,mysql,1,src/mysql-server/sql/field.cc:3975:0:0,/src/mysql-server/sql/field.cc,3975,3975,0,0,mysql_target_000044;mysql_target_000682
mysql_aflgo_r1,mysql,1,src/mysql-server/sql/field.cc:3975:0:1,/src/mysql-server/sql/field.cc,3975,3975,773,1,mysql_target_000044;mysql_target_000682
mysql_aflgo_r1,mysql,1,src/mysql-server/sql/field.cc:3981:0:0,/src/mysql-server/sql/field.cc,3981,3981,0,0,mysql_target_000045;mysql_target_000683
mysql_aflgo_r1,mysql,1,src/mysql-server/sql/field.cc:3981:0:1,/src/mysql-server/sql/field.cc,3981,3981,53754,1,mysql_target_000045;mysql_target_000683
mysql_aflgo_r1,mysql,1,src/mysql-server/sql/field.cc:3984:0:0,/src/mysql-server/sql/field.cc,3984,3984,53754,1,mysql_target_000045;mysql_target_000683
mysql_aflgo_r1,mysql,1,src/mysql-server/sql/field.cc:3984:0:1,/src/mysql-server/sql/field.cc,3984,3984,0,0,mysql_target_000045;mysql_target_000683
mysql_aflgo_r1,mysql,1,src/mysql-server/sql/field.cc:3994:0:0,/src/mysql-server/sql/field.cc,3994,3994,0,0,mysql_target_000046;mysql_target_000684
mysql_aflgo_r1,mysql,1,src/mysql-server/sql/field.cc:3994:0:1,/src/mysql-server/sql/field.cc,3994,3994,0,0,mysql_target_000046;mysql_target_000684
mysql_aflgo_r1,mysql,1,src/mysql-server/sql/field.cc:3998:0:0,/src/mysql-server/sql/field.cc,3998,3998,0,0,mysql_target_000046;mysql_target_000684
mysql_aflgo_r1,mysql,1,src/mysql-server/sql/field.cc:3998:0:1,/src/mysql-server/sql/field.cc,3998,3998,0,0,mysql_target_000046;mysql_target_000684
mysql_aflgo_r1,mysql,1,src/mysql-server/sql/field.cc:4004:0:0,/src/mysql-server/sql/field.cc,4004,4004,140179,1,mysql_target_000046;mysql_target_000684
mysql_aflgo_r1,mysql,1,src/mysql-server/sql/field.cc:4004:0:1,/src/mysql-server/sql/field.cc,4004,4004,0,0,mysql_target_000046;mysql_target_000684
mysql_aflgo_r1,mysql,1,src/mysql-server/sql/field.cc:4008:0:0,/src/mysql-server/sql/field.cc,4008,4008,138629,1,mysql_target_000046;mysql_target_000684
mysql_aflgo_r1,mysql,1,src/mysql-server/sql/field.cc:4008:0:1,/src/mysql-server/sql/field.cc,4008,4008,1550,1,mysql_target_000046;mysql_target_000684
mysql_aflgo_r1,mysql,1,src/mysql-server/sql/field.cc:4070:0:0,/src/mysql-server/sql/field.cc,4070,4070,0,0,mysql_target_000047;mysql_target_000685;mysql_target_000686
mysql_aflgo_r1,mysql,1,src/mysql-server/sql/field.cc:4070:0:1,/src/mysql-server/sql/field.cc,4070,4070,0,0,mysql_target_000047;mysql_target_000685;mysql_target_000686
mysql_aflgo_r1,mysql,1,src/mysql-server/sql/field.cc:4098:0:0,/src/mysql-server/sql/field.cc,4098,4098,0,0,mysql_target_000048;mysql_target_000688
mysql_aflgo_r1,mysql,1,src/mysql-server/sql/field.cc:4098:0:1,/src/mysql-server/sql/field.cc,4098,4098,55,1,mysql_target_000048;mysql_target_000688
mysql_aflgo_r1,mysql,1,src/mysql-server/sql/field.cc:4101:0:0,/src/mysql-server/sql/field.cc,4101,4101,55,1,mysql_target_000048;mysql_target_000688
mysql_aflgo_r1,mysql,1,src/mysql-server/sql/field.cc:4101:0:1,/src/mysql-server/sql/field.cc,4101,4101,0,0,mysql_target_000048;mysql_target_000688
mysql_aflgo_r1,mysql,1,src/mysql-server/sql/field.cc:4102:0:0,/src/mysql-server/sql/field.cc,4102,4102,0,0,mysql_target_000048;mysql_target_000688
mysql_aflgo_r1,mysql,1,src/mysql-server/sql/field.cc:4102:0:1,/src/mysql-server/sql/field.cc,4102,4102,55,1,mysql_target_000048;mysql_target_000688
mysql_aflgo_r1,mysql,1,src/mysql-server/sql/field.cc:4107:0:0,/src/mysql-server/sql/field.cc,4107,4107,55,1,mysql_target_000048;mysql_target_000688
mysql_aflgo_r1,mysql,1,src/mysql-server/sql/field.cc:4107:0:1,/src/mysql-server/sql/field.cc,4107,4107,0,0,mysql_target_000048;mysql_target_000688
mysql_aflgo_r1,mysql,1,src/mysql-server/sql/field.cc:4120:0:0,/src/mysql-server/sql/field.cc,4120,4120,0,0,mysql_target_000048;mysql_target_000688
mysql_aflgo_r1,mysql,1,src/mysql-server/sql/field.cc:4120:0:1,/src/mysql-server/sql/field.cc,4120,4120,0,0,mysql_target_000048;mysql_target_000688
mysql_aflgo_r1,mysql,1,src/mysql-server/sql/field.cc:4121:0:0,/src/mysql-server/sql/field.cc,4121,4121,0,0,mysql_target_000048;mysql_target_000688
mysql_aflgo_r1,mysql,1,src/mysql-server/sql/field.cc:4121:0:1,/src/mysql-server/sql/field.cc,4121,4121,0,0,mysql_target_000048;mysql_target_000688
mysql_aflgo_r1,mysql,1,src/mysql-server/sql/field.cc:4124:0:0,/src/mysql-server/sql/field.cc,4124,4124,0,0,mysql_target_000048;mysql_target_000688
mysql_aflgo_r1,mysql,1,src/mysql-server/sql/field.cc:4124:0:1,/src/mysql-server/sql/field.cc,4124,4124,0,0,mysql_target_000048;mysql_target_000688
mysql_aflgo_r1,mysql,1,src/mysql-server/sql/field.cc:4130:0:0,/src/mysql-server/sql/field.cc,4130,4130,0,0,mysql_target_000049;mysql_target_000689
mysql_aflgo_r1,mysql,1,src/mysql-server/sql/field.cc:4130:0:1,/src/mysql-server/sql/field.cc,4130,4130,0,0,mysql_target_000049;mysql_target_000689
mysql_aflgo_r1,mysql,1,src/mysql-server/sql/field.cc:4132:0:0,/src/mysql-server/sql/field.cc,4132,4132,0,0,mysql_target_000049;mysql_target_000689
mysql_aflgo_r1,mysql,1,src/mysql-server/sql/field.cc:4132:0:1,/src/mysql-server/sql/field.cc,4132,4132,0,0,mysql_target_000049;mysql_target_000689
mysql_aflgo_r1,mysql,1,src/mysql-server/sql/field.cc:4133:0:0,/src/mysql-server/sql/field.cc,4133,4133,0,0,mysql_target_000049;mysql_target_000689
mysql_aflgo_r1,mysql,1,src/mysql-server/sql/field.cc:4133:0:1,/src/mysql-server/sql/field.cc,4133,4133,0,0,mysql_target_000049;mysql_target_000689
mysql_aflgo_r1,mysql,1,src/mysql-server/sql/field.cc:4135:0:0,/src/mysql-server/sql/field.cc,4135,4135,0,0,mysql_target_000049;mysql_target_000689
mysql_aflgo_r1,mysql,1,src/mysql-server/sql/field.cc:4135:0:1,/src/mysql-server/sql/field.cc,4135,4135,0,0,mysql_target_000049;mysql_target_000689
mysql_aflgo_r1,mysql,1,src/mysql-server/sql/field.cc:4139:0:0,/src/mysql-server/sql/field.cc,4139,4139,0,0,mysql_target_000049;mysql_target_000689
mysql_aflgo_r1,mysql,1,src/mysql-server/sql/field.cc:4139:0:1,/src/mysql-server/sql/field.cc,4139,4139,0,0,mysql_target_000049;mysql_target_000689
mysql_aflgo_r1,mysql,1,src/mysql-server/sql/field.cc:4142:0:0,/src/mysql-server/sql/field.cc,4142,4142,0,0,mysql_target_000049;mysql_target_000689
mysql_aflgo_r1,mysql,1,src/mysql-server/sql/field.cc:4142:0:1,/src/mysql-server/sql/field.cc,4142,4142,0,0,mysql_target_000049;mysql_target_000689
mysql_aflgo_r1,mysql,1,src/mysql-server/sql/field.cc:4153:0:0,/src/mysql-server/sql/field.cc,4153,4153,115,1,mysql_target_000050;mysql_target_000690
mysql_aflgo_r1,mysql,1,src/mysql-server/sql/field.cc:4153:0:1,/src/mysql-server/sql/field.cc,4153,4153,77280,1,mysql_target_000050;mysql_target_000690
mysql_aflgo_r1,mysql,1,src/mysql-server/sql/field.cc:4159:0:0,/src/mysql-server/sql/field.cc,4159,4159,0,0,mysql_target_000050;mysql_target_000690
mysql_aflgo_r1,mysql,1,src/mysql-server/sql/field.cc:4159:0:1,/src/mysql-server/sql/field.cc,4159,4159,115,1,mysql_target_000050;mysql_target_000690
mysql_aflgo_r1,mysql,1,src/mysql-server/sql/field.cc:4160:0:0,/src/mysql-server/sql/field.cc,4160,4160,0,0,mysql_target_000050;mysql_target_000690
mysql_aflgo_r1,mysql,1,src/mysql-server/sql/field.cc:4160:0:1,/src/mysql-server/sql/field.cc,4160,4160,0,0,mysql_target_000050;mysql_target_000690
mysql_aflgo_r1,mysql,1,src/mysql-server/sql/field.cc:4166:0:0,/src/mysql-server/sql/field.cc,4166,4166,77395,1,mysql_target_000051;mysql_target_000691
mysql_aflgo_r1,mysql,1,src/mysql-server/sql/field.cc:4166:0:1,/src/mysql-server/sql/field.cc,4166,4166,0,0,mysql_target_000051;mysql_target_000691
mysql_aflgo_r1,mysql,1,src/mysql-server/sql/field.cc:4176:0:0,/src/mysql-server/sql/field.cc,4176,4176,0,0,mysql_target_000052;mysql_target_000692
mysql_aflgo_r1,mysql,1,src/mysql-server/sql/field.cc:4176:0:1,/src/mysql-server/sql/field.cc,4176,4176,0,0,mysql_target_000052;mysql_target_000692
mysql_aflgo_r1,mysql,1,src/mysql-server/sql/field.cc:4180:0:0,/src/mysql-server/sql/field.cc,4180,4180,0,0,mysql_target_000052;mysql_target_000692
mysql_aflgo_r1,mysql,1,src/mysql-server/sql/field.cc:4180:0:1,/src/mysql-server/sql/field.cc,4180,4180,0,0,mysql_target_000052;mysql_target_000692
mysql_aflgo_r1,mysql,1,src/mysql-server/sql/field.cc:4188:0:0,/src/mysql-server/sql/field.cc,4188,4188,138726,1,mysql_target_000052;mysql_target_000692
mysql_aflgo_r1,mysql,1,src/mysql-server/sql/field.cc:4188:0:1,/src/mysql-server/sql/field.cc,4188,4188,0,0,mysql_target_000052;mysql_target_000692
mysql_aflgo_r1,mysql,1,src/mysql-server/sql/field.cc:4308:0:0,/src/mysql-server/sql/field.cc,4308,4308,0,0,mysql_target_000053;mysql_target_000693
mysql_aflgo_r1,mysql,1,src/mysql-server/sql/field.cc:4308:0:1,/src/mysql-server/sql/field.cc,4308,4308,0,0,mysql_target_000053;mysql_target_000693
mysql_aflgo_r1,mysql,1,src/mysql-server/sql/field.cc:4308:1:2,/src/mysql-server/sql/field.cc,4308,4308,0,0,mysql_target_000053;mysql_target_000693
mysql_aflgo_r1,mysql,1,src/mysql-server/sql/field.cc:4308:1:3,/src/mysql-server/sql/field.cc,4308,4308,0,0,mysql_target_000053;mysql_target_000693
mysql_aflgo_r1,mysql,1,src/mysql-server/sql/field.cc:4309:0:0,/src/mysql-server/sql/field.cc,4309,4309,0,0,mysql_target_000053;mysql_target_000693
mysql_aflgo_r1,mysql,1,src/mysql-server/sql/field.cc:4309:0:1,/src/mysql-server/sql/field.cc,4309,4309,0,0,mysql_target_000053;mysql_target_000693
mysql_aflgo_r1,mysql,1,src/mysql-server/sql/field.cc:4309:1:2,/src/mysql-server/sql/field.cc,4309,4309,0,0,mysql_target_000053;mysql_target_000693
mysql_aflgo_r1,mysql,1,src/mysql-server/sql/field.cc:4309:1:3,/src/mysql-server/sql/field.cc,4309,4309,0,0,mysql_target_000053;mysql_target_000693
mysql_aflgo_r1,mysql,1,src/mysql-server/sql/field.cc:4310:0:0,/src/mysql-server/sql/field.cc,4310,4310,0,0,mysql_target_000053;mysql_target_000693
mysql_aflgo_r1,mysql,1,src/mysql-server/sql/field.cc:4310:0:1,/src/mysql-server/sql/field.cc,4310,4310,0,0,mysql_target_000053;mysql_target_000693
mysql_aflgo_r1,mysql,1,src/mysql-server/sql/field.cc:4311:0:0,/src/mysql-server/sql/field.cc,4311,4311,0,0,mysql_target_000053;mysql_target_000693
mysql_aflgo_r1,mysql,1,src/mysql-server/sql/field.cc:4311:0:1,/src/mysql-server/sql/field.cc,4311,4311,0,0,mysql_target_000053;mysql_target_000693
mysql_aflgo_r1,mysql,1,src/mysql-server/sql/field.cc:4322:0:0,/src/mysql-server/sql/field.cc,4322,4322,0,0,mysql_target_000054;mysql_target_000694
mysql_aflgo_r1,mysql,1,src/mysql-server/sql/field.cc:4322:0:1,/src/mysql-server/sql/field.cc,4322,4322,0,0,mysql_target_000054;mysql_target_000694
mysql_aflgo_r1,mysql,1,src/mysql-server/sql/field.cc:4331:0:0,/src/mysql-server/sql/field.cc,4331,4331,0,0,mysql_target_000055;mysql_target_000695
mysql_aflgo_r1,mysql,1,src/mysql-server/sql/field.cc:4331:0:1,/src/mysql-server/sql/field.cc,4331,4331,656,1,mysql_target_000055;mysql_target_000695
mysql_aflgo_r1,mysql,1,src/mysql-server/sql/field.cc:4335:0:0,/src/mysql-server/sql/field.cc,4335,4335,656,1,mysql_target_000055;mysql_target_000695
mysql_aflgo_r1,mysql,1,src/mysql-server/sql/field.cc:4335:0:1,/src/mysql-server/sql/field.cc,4335,4335,0,0,mysql_target_000055;mysql_target_000695
mysql_aflgo_r1,mysql,1,src/mysql-server/sql/field.cc:4343:0:0,/src/mysql-server/sql/field.cc,4343,4343,0,0,mysql_target_000056;mysql_target_000696
mysql_aflgo_r1,mysql,1,src/mysql-server/sql/field.cc:4343:0:1,/src/mysql-server/sql/field.cc,4343,4343,0,0,mysql_target_000056;mysql_target_000696
mysql_aflgo_r1,mysql,1,src/mysql-server/sql/field.cc:4349:0:0,/src/mysql-server/sql/field.cc,4349,4349,0,0,mysql_target_000056;mysql_target_000696
mysql_aflgo_r1,mysql,1,src/mysql-server/sql/field.cc:4349:0:1,/src/mysql-server/sql/field.cc,4349,4349,0,0,mysql_target_000056;mysql_target_000696
mysql_aflgo_r1,mysql,1,src/mysql-server/sql/field.cc:4357:0:0,/src/mysql-server/sql/field.cc,4357,4357,0,0,mysql_target_000056;mysql_target_000696
mysql_aflgo_r1,mysql,1,src/mysql-server/sql/field.cc:4357:0:1,/src/mysql-server/sql/field.cc,4357,4357,0,0,mysql_target_000056;mysql_target_000696
mysql_aflgo_r1,mysql,1,src/mysql-server/sql/field.cc:4368:0:0,/src/mysql-server/sql/field.cc,4368,4368,0,0,mysql_target_000056;mysql_target_000696
mysql_aflgo_r1,mysql,1,src/mysql-server/sql/field.cc:4368:0:1,/src/mysql-server/sql/field.cc,4368,4368,0,0,mysql_target_000056;mysql_target_000696
mysql_aflgo_r1,mysql,1,src/mysql-server/sql/field.cc:4368:1:2,/src/mysql-server/sql/field.cc,4368,4368,0,0,mysql_target_000056;mysql_target_000696
mysql_aflgo_r1,mysql,1,src/mysql-server/sql/field.cc:4368:1:3,/src/mysql-server/sql/field.cc,4368,4368,0,0,mysql_target_000056;mysql_target_000696
mysql_aflgo_r1,mysql,1,src/mysql-server/sql/field.cc:4442:0:0,/src/mysql-server/sql/field.cc,4442,4442,0,0,mysql_target_000057;mysql_target_000697
mysql_aflgo_r1,mysql,1,src/mysql-server/sql/field.cc:4442:0:1,/src/mysql-server/sql/field.cc,4442,4442,0,0,mysql_target_000057;mysql_target_000697
mysql_aflgo_r1,mysql,1,src/mysql-server/sql/field.cc:4444:0:0,/src/mysql-server/sql/field.cc,4444,4444,0,0,mysql_target_000057;mysql_target_000697
mysql_aflgo_r1,mysql,1,src/mysql-server/sql/field.cc:4444:0:1,/src/mysql-server/sql/field.cc,4444,4444,0,0,mysql_target_000057;mysql_target_000697
mysql_aflgo_r1,mysql,1,src/mysql-server/sql/field.cc:4484:0:0,/src/mysql-server/sql/field.cc,4484,4484,0,0,mysql_target_000058;mysql_target_000698
mysql_aflgo_r1,mysql,1,src/mysql-server/sql/field.cc:4484:0:1,/src/mysql-server/sql/field.cc,4484,4484,0,0,mysql_target_000058;mysql_target_000698
mysql_aflgo_r1,mysql,1,src/mysql-server/sql/field.cc:4484:1:2,/src/mysql-server/sql/field.cc,4484,4484,0,0,mysql_target_000058;mysql_target_000698
mysql_aflgo_r1,mysql,1,src/mysql-server/sql/field.cc:4484:1:3,/src/mysql-server/sql/field.cc,4484,4484,0,0,mysql_target_000058;mysql_target_000698
mysql_aflgo_r1,mysql,1,src/mysql-server/sql/field.cc:4485:0:0,/src/mysql-server/sql/field.cc,4485,4485,0,0,mysql_target_000058;mysql_target_000698
mysql_aflgo_r1,mysql,1,src/mysql-server/sql/field.cc:4485:0:1,/src/mysql-server/sql/field.cc,4485,4485,0,0,mysql_target_000058;mysql_target_000698
mysql_aflgo_r1,mysql,1,src/mysql-server/sql/field.cc:4485:1:2,/src/mysql-server/sql/field.cc,4485,4485,0,0,mysql_target_000058;mysql_target_000698
mysql_aflgo_r1,mysql,1,src/mysql-server/sql/field.cc:4485:1:3,/src/mysql-server/sql/field.cc,4485,4485,0,0,mysql_target_000058;mysql_target_000698
mysql_aflgo_r1,mysql,1,src/mysql-server/sql/field.cc:4486:0:0,/src/mysql-server/sql/field.cc,4486,4486,0,0,mysql_target_000058;mysql_target_000698
mysql_aflgo_r1,mysql,1,src/mysql-server/sql/field.cc:4486:0:1,/src/mysql-server/sql/field.cc,4486,4486,0,0,mysql_target_000058;mysql_target_000698
mysql_aflgo_r1,mysql,1,src/mysql-server/sql/field.cc:4487:0:0,/src/mysql-server/sql/field.cc,4487,4487,0,0,mysql_target_000058;mysql_target_000698
mysql_aflgo_r1,mysql,1,src/mysql-server/sql/field.cc:4487:0:1,/src/mysql-server/sql/field.cc,4487,4487,0,0,mysql_target_000058;mysql_target_000698
mysql_aflgo_r1,mysql,1,src/mysql-server/sql/field.cc:4609:0:0,/src/mysql-server/sql/field.cc,4609,4609,0,0,mysql_target_000059;mysql_target_000699
mysql_aflgo_r1,mysql,1,src/mysql-server/sql/field.cc:4609:0:1,/src/mysql-server/sql/field.cc,4609,4609,0,0,mysql_target_000059;mysql_target_000699
mysql_aflgo_r1,mysql,1,src/mysql-server/sql/field.cc:4615:0:0,/src/mysql-server/sql/field.cc,4615,4615,0,0,mysql_target_000060;mysql_target_000700
mysql_aflgo_r1,mysql,1,src/mysql-server/sql/field.cc:4615:0:1,/src/mysql-server/sql/field.cc,4615,4615,0,0,mysql_target_000060;mysql_target_000700
mysql_aflgo_r1,mysql,1,src/mysql-server/sql/field.cc:4618:0:0,/src/mysql-server/sql/field.cc,4618,4618,0,0,mysql_target_000060;mysql_target_000700
mysql_aflgo_r1,mysql,1,src/mysql-server/sql/field.cc:4618:0:1,/src/mysql-server/sql/field.cc,4618,4618,0,0,mysql_target_000060;mysql_target_000700
mysql_aflgo_r1,mysql,1,src/mysql-server/sql/field.cc:4634:0:0,/src/mysql-server/sql/field.cc,4634,4634,92,1,mysql_target_000060;mysql_target_000700
mysql_aflgo_r1,mysql,1,src/mysql-server/sql/field.cc:4634:0:1,/src/mysql-server/sql/field.cc,4634,4634,0,0,mysql_target_000060;mysql_target_000700
mysql_aflgo_r1,mysql,1,src/mysql-server/sql/field.cc:4742:0:0,/src/mysql-server/sql/field.cc,4742,4742,0,0,mysql_target_000062;mysql_target_000702
mysql_aflgo_r1,mysql,1,src/mysql-server/sql/field.cc:4742:0:1,/src/mysql-server/sql/field.cc,4742,4742,0,0,mysql_target_000062;mysql_target_000702
mysql_aflgo_r1,mysql,1,src/mysql-server/sql/field.cc:4808:0:0,/src/mysql-server/sql/field.cc,4808,4808,0,0,mysql_target_000063;mysql_target_000703
mysql_aflgo_r1,mysql,1,src/mysql-server/sql/field.cc:4808:0:1,/src/mysql-server/sql/field.cc,4808,4808,0,0,mysql_target_000063;mysql_target_000703
mysql_aflgo_r1,mysql,1,src/mysql-server/sql/field.cc:4810:0:0,/src/mysql-server/sql/field.cc,4810,4810,0,0,mysql_target_000063;mysql_target_000703
mysql_aflgo_r1,mysql,1,src/mysql-server/sql/field.cc:4810:0:1,/src/mysql-server/sql/field.cc,4810,4810,0,0,mysql_target_000063;mysql_target_000703
mysql_aflgo_r1,mysql,1,src/mysql-server/sql/field.cc:4816:0:0,/src/mysql-server/sql/field.cc,4816,4816,0,0,mysql_target_000063;mysql_target_000703
mysql_aflgo_r1,mysql,1,src/mysql-server/sql/field.cc:4816:0:1,/src/mysql-server/sql/field.cc,4816,4816,0,0,mysql_target_000063;mysql_target_000703
mysql_aflgo_r1,mysql,1,src/mysql-server/sql/field.cc:4817:0:0,/src/mysql-server/sql/field.cc,4817,4817,0,0,mysql_target_000063;mysql_target_000703
mysql_aflgo_r1,mysql,1,src/mysql-server/sql/field.cc:4817:0:1,/src/mysql-server/sql/field.cc,4817,4817,0,0,mysql_target_000063;mysql_target_000703
mysql_aflgo_r1,mysql,1,src/mysql-server/sql/field.cc:4823:0:0,/src/mysql-server/sql/field.cc,4823,4823,0,0,mysql_target_000063;mysql_target_000703
mysql_aflgo_r1,mysql,1,src/mysql-server/sql/field.cc:4823:0:1,/src/mysql-server/sql/field.cc,4823,4823,0,0,mysql_target_000063;mysql_target_000703
mysql_aflgo_r1,mysql,1,src/mysql-server/sql/field.cc:4824:0:0,/src/mysql-server/sql/field.cc,4824,4824,0,0,mysql_target_000063;mysql_target_000703
mysql_aflgo_r1,mysql,1,src/mysql-server/sql/field.cc:4824:0:1,/src/mysql-server/sql/field.cc,4824,4824,0,0,mysql_target_000063;mysql_target_000703
mysql_aflgo_r1,mysql,1,src/mysql-server/sql/field.cc:4825:0:0,/src/mysql-server/sql/field.cc,4825,4825,0,0,mysql_target_000063;mysql_target_000703
mysql_aflgo_r1,mysql,1,src/mysql-server/sql/field.cc:4825:0:1,/src/mysql-server/sql/field.cc,4825,4825,0,0,mysql_target_000063;mysql_target_000703
mysql_aflgo_r1,mysql,1,src/mysql-server/sql/field.cc:4862:0:0,/src/mysql-server/sql/field.cc,4862,4862,0,0,mysql_target_000064;mysql_target_000704
mysql_aflgo_r1,mysql,1,src/mysql-server/sql/field.cc:4862:0:1,/src/mysql-server/sql/field.cc,4862,4862,0,0,mysql_target_000064;mysql_target_000704
mysql_aflgo_r1,mysql,1,src/mysql-server/sql/field.cc:4864:0:0,/src/mysql-server/sql/field.cc,4864,4864,0,0,mysql_target_000064;mysql_target_000704
mysql_aflgo_r1,mysql,1,src/mysql-server/sql/field.cc:4864:0:1,/src/mysql-server/sql/field.cc,4864,4864,0,0,mysql_target_000064;mysql_target_000704
mysql_aflgo_r1,mysql,1,src/mysql-server/sql/field.cc:4865:0:0,/src/mysql-server/sql/field.cc,4865,4865,0,0,mysql_target_000064;mysql_target_000704
mysql_aflgo_r1,mysql,1,src/mysql-server/sql/field.cc:4865:0:1,/src/mysql-server/sql/field.cc,4865,4865,0,0,mysql_target_000064;mysql_target_000704
mysql_aflgo_r1,mysql,1,src/mysql-server/sql/field.cc:4866:0:0,/src/mysql-server/sql/field.cc,4866,4866,0,0,mysql_target_000064;mysql_target_000704
mysql_aflgo_r1,mysql,1,src/mysql-server/sql/field.cc:4866:0:1,/src/mysql-server/sql/field.cc,4866,4866,0,0,mysql_target_000064;mysql_target_000704
mysql_aflgo_r1,mysql,1,src/mysql-server/sql/field.cc:4881:0:0,/src/mysql-server/sql/field.cc,4881,4881,0,0,mysql_target_000065;mysql_target_000705;mysql_target_000706
mysql_aflgo_r1,mysql,1,src/mysql-server/sql/field.cc:4881:0:1,/src/mysql-server/sql/field.cc,4881,4881,0,0,mysql_target_000065;mysql_target_000705;mysql_target_000706
mysql_aflgo_r1,mysql,1,src/mysql-server/sql/field.cc:4881:1:2,/src/mysql-server/sql/field.cc,4881,4881,0,0,mysql_target_000065;mysql_target_000705;mysql_target_000706
mysql_aflgo_r1,mysql,1,src/mysql-server/sql/field.cc:4881:1:3,/src/mysql-server/sql/field.cc,4881,4881,0,0,mysql_target_000065;mysql_target_000705;mysql_target_000706
mysql_aflgo_r1,mysql,1,src/mysql-server/sql/field.cc:4881:2:4,/src/mysql-server/sql/field.cc,4881,4881,0,0,mysql_target_000065;mysql_target_000705;mysql_target_000706
mysql_aflgo_r1,mysql,1,src/mysql-server/sql/field.cc:4881:2:5,/src/mysql-server/sql/field.cc,4881,4881,0,0,mysql_target_000065;mysql_target_000705;mysql_target_000706
mysql_aflgo_r1,mysql,1,src/mysql-server/sql/field.cc:4985:0:0,/src/mysql-server/sql/field.cc,4985,4985,0,0,mysql_target_000067;mysql_target_000708
mysql_aflgo_r1,mysql,1,src/mysql-server/sql/field.cc:4985:0:1,/src/mysql-server/sql/field.cc,4985,4985,0,0,mysql_target_000067;mysql_target_000708
mysql_aflgo_r1,mysql,1,src/mysql-server/sql/field.cc:4993:0:0,/src/mysql-server/sql/field.cc,4993,4993,0,0,mysql_target_000068;mysql_target_000709
mysql_aflgo_r1,mysql,1,src/mysql-server/sql/field.cc:4993:0:1,/src/mysql-server/sql/field.cc,4993,4993,0,0,mysql_target_000068;mysql_target_000709
mysql_aflgo_r1,mysql,1,src/mysql-server/sql/field.cc:4994:0:0,/src/mysql-server/sql/field.cc,4994,4994,0,0,mysql_target_000068;mysql_target_000709
mysql_aflgo_r1,mysql,1,src/mysql-server/sql/field.cc:4994:0:1,/src/mysql-server/sql/field.cc,4994,4994,0,0,mysql_target_000068;mysql_target_000709
mysql_aflgo_r1,mysql,1,src/mysql-server/sql/field.cc:5208:0:0,/src/mysql-server/sql/field.cc,5208,5208,306,1,mysql_target_000070;mysql_target_000711
mysql_aflgo_r1,mysql,1,src/mysql-server/sql/field.cc:5208:0:1,/src/mysql-server/sql/field.cc,5208,5208,1268,1,mysql_target_000070;mysql_target_000711
mysql_aflgo_r1,mysql,1,src/mysql-server/sql/field.cc:5208:1:2,/src/mysql-server/sql/field.cc,5208,5208,306,1,mysql_target_000070;mysql_target_000711
mysql_aflgo_r1,mysql,1,src/mysql-server/sql/field.cc:5208:1:3,/src/mysql-server/sql/field.cc,5208,5208,0,0,mysql_target_000070;mysql_target_000711
mysql_aflgo_r1,mysql,1,src/mysql-server/sql/field.cc:5214:0:0,/src/mysql-server/sql/field.cc,5214,5214,255,1,mysql_target_000070;mysql_target_000711
mysql_aflgo_r1,mysql,1,src/mysql-server/sql/field.cc:5214:0:1,/src/mysql-server/sql/field.cc,5214,5214,51,1,mysql_target_000070;mysql_target_000711
mysql_aflgo_r1,mysql,1,src/mysql-server/sql/field.cc:5407:0:0,/src/mysql-server/sql/field.cc,5407,5407,0,0,mysql_target_000071;mysql_target_000712
mysql_aflgo_r1,mysql,1,src/mysql-server/sql/field.cc:5407:0:1,/src/mysql-server/sql/field.cc,5407,5407,0,0,mysql_target_000071;mysql_target_000712
mysql_aflgo_r1,mysql,1,src/mysql-server/sql/field.cc:5407:1:2,/src/mysql-server/sql/field.cc,5407,5407,0,0,mysql_target_000071;mysql_target_000712
mysql_aflgo_r1,mysql,1,src/mysql-server/sql/field.cc:5407:1:3,/src/mysql-server/sql/field.cc,5407,5407,0,0,mysql_target_000071;mysql_target_000712
mysql_aflgo_r1,mysql,1,src/mysql-server/sql/field.cc:5408:0:0,/src/mysql-server/sql/field.cc,5408,5408,0,0,mysql_target_000071;mysql_target_000712
mysql_aflgo_r1,mysql,1,src/mysql-server/sql/field.cc:5408:0:1,/src/mysql-server/sql/field.cc,5408,5408,0,0,mysql_target_000071;mysql_target_000712
mysql_aflgo_r1,mysql,1,src/mysql-server/sql/field.cc:5420:0:0,/src/mysql-server/sql/field.cc,5420,5420,0,0,mysql_target_000072;mysql_target_000713
mysql_aflgo_r1,mysql,1,src/mysql-server/sql/field.cc:5420:0:1,/src/mysql-server/sql/field.cc,5420,5420,0,0,mysql_target_000072;mysql_target_000713
mysql_aflgo_r1,mysql,1,src/mysql-server/sql/field.cc:5432:0:0,/src/mysql-server/sql/field.cc,5432,5432,0,0,mysql_target_000073;mysql_target_000714
mysql_aflgo_r1,mysql,1,src/mysql-server/sql/field.cc:5432:0:1,/src/mysql-server/sql/field.cc,5432,5432,0,0,mysql_target_000073;mysql_target_000714
mysql_aflgo_r1,mysql,1,src/mysql-server/sql/field.cc:5448:0:0,/src/mysql-server/sql/field.cc,5448,5448,0,0,mysql_target_000074;mysql_target_000715
mysql_aflgo_r1,mysql,1,src/mysql-server/sql/field.cc:5448:0:1,/src/mysql-server/sql/field.cc,5448,5448,0,0,mysql_target_000074;mysql_target_000715
mysql_aflgo_r1,mysql,1,src/mysql-server/sql/field.cc:5481:0:0,/src/mysql-server/sql/field.cc,5481,5481,0,0,mysql_target_000075;mysql_target_000716
mysql_aflgo_r1,mysql,1,src/mysql-server/sql/field.cc:5481:0:1,/src/mysql-server/sql/field.cc,5481,5481,0,0,mysql_target_000075;mysql_target_000716
mysql_aflgo_r1,mysql,1,src/mysql-server/sql/field.cc:5483:0:0,/src/mysql-server/sql/field.cc,5483,5483,0,0,mysql_target_000075;mysql_target_000716
mysql_aflgo_r1,mysql,1,src/mysql-server/sql/field.cc:5483:0:1,/src/mysql-server/sql/field.cc,5483,5483,0,0,mysql_target_000075;mysql_target_000716
mysql_aflgo_r1,mysql,1,src/mysql-server/sql/field.cc:5507:0:0,/src/mysql-server/sql/field.cc,5507,5507,0,0,mysql_target_000076;mysql_target_000717
mysql_aflgo_r1,mysql,1,src/mysql-server/sql/field.cc:5507:0:1,/src/mysql-server/sql/field.cc,5507,5507,0,0,mysql_target_000076;mysql_target_000717
mysql_aflgo_r1,mysql,1,src/mysql-server/sql/field.cc:5575:0:0,/src/mysql-server/sql/field.cc,5575,5575,0,0,mysql_target_000078;mysql_target_000719
mysql_aflgo_r1,mysql,1,src/mysql-server/sql/field.cc:5575:0:1,/src/mysql-server/sql/field.cc,5575,5575,16,1,mysql_target_000078;mysql_target_000719
mysql_aflgo_r1,mysql,1,src/mysql-server/sql/field.cc:5576:0:0,/src/mysql-server/sql/field.cc,5576,5576,0,0,mysql_target_000078;mysql_target_000719
mysql_aflgo_r1,mysql,1,src/mysql-server/sql/field.cc:5576:0:1,/src/mysql-server/sql/field.cc,5576,5576,0,0,mysql_target_000078;mysql_target_000719
mysql_aflgo_r1,mysql,1,src/mysql-server/sql/field.cc:5580:0:0,/src/mysql-server/sql/field.cc,5580,5580,0,0,mysql_target_000078;mysql_target_000719;mysql_target_000720
mysql_aflgo_r1,mysql,1,src/mysql-server/sql/field.cc:5580:0:1,/src/mysql-server/sql/field.cc,5580,5580,16,1,mysql_target_000078;mysql_target_000719;mysql_target_000720
mysql_aflgo_r1,mysql,1,src/mysql-server/sql/field.cc:5651:0:0,/src/mysql-server/sql/field.cc,5651,5651,0,0,mysql_target_000079;mysql_target_000721
mysql_aflgo_r1,mysql,1,src/mysql-server/sql/field.cc:5651:0:1,/src/mysql-server/sql/field.cc,5651,5651,0,0,mysql_target_000079;mysql_target_000721
mysql_aflgo_r1,mysql,1,src/mysql-server/sql/field.cc:5651:1:2,/src/mysql-server/sql/field.cc,5651,5651,0,0,mysql_target_000079;mysql_target_000721
mysql_aflgo_r1,mysql,1,src/mysql-server/sql/field.cc:5651:1:3,/src/mysql-server/sql/field.cc,5651,5651,0,0,mysql_target_000079;mysql_target_000721
mysql_aflgo_r1,mysql,1,src/mysql-server/sql/field.cc:5686:0:0,/src/mysql-server/sql/field.cc,5686,5686,0,0,mysql_target_000081;mysql_target_000723
mysql_aflgo_r1,mysql,1,src/mysql-server/sql/field.cc:5686:0:1,/src/mysql-server/sql/field.cc,5686,5686,0,0,mysql_target_000081;mysql_target_000723
mysql_aflgo_r1,mysql,1,src/mysql-server/sql/field.cc:5686:1:2,/src/mysql-server/sql/field.cc,5686,5686,0,0,mysql_target_000081;mysql_target_000723
mysql_aflgo_r1,mysql,1,src/mysql-server/sql/field.cc:5686:1:3,/src/mysql-server/sql/field.cc,5686,5686,0,0,mysql_target_000081;mysql_target_000723
mysql_aflgo_r1,mysql,1,src/mysql-server/sql/field.cc:5686:2:4,/src/mysql-server/sql/field.cc,5686,5686,0,0,mysql_target_000081;mysql_target_000723
mysql_aflgo_r1,mysql,1,src/mysql-server/sql/field.cc:5686:2:5,/src/mysql-server/sql/field.cc,5686,5686,0,0,mysql_target_000081;mysql_target_000723
mysql_aflgo_r1,mysql,1,src/mysql-server/sql/field.cc:5686:3:6,/src/mysql-server/sql/field.cc,5686,5686,0,0,mysql_target_000081;mysql_target_000723
mysql_aflgo_r1,mysql,1,src/mysql-server/sql/field.cc:5686:3:7,/src/mysql-server/sql/field.cc,5686,5686,0,0,mysql_target_000081;mysql_target_000723
mysql_aflgo_r1,mysql,1,src/mysql-server/sql/field.cc:5691:0:0,/src/mysql-server/sql/field.cc,5691,5691,0,0,mysql_target_000081;mysql_target_000723
mysql_aflgo_r1,mysql,1,src/mysql-server/sql/field.cc:5691:0:1,/src/mysql-server/sql/field.cc,5691,5691,0,0,mysql_target_000081;mysql_target_000723
mysql_aflgo_r1,mysql,1,src/mysql-server/sql/field.cc:5693:0:0,/src/mysql-server/sql/field.cc,5693,5693,0,0,mysql_target_000081;mysql_target_000723
mysql_aflgo_r1,mysql,1,src/mysql-server/sql/field.cc:5693:0:1,/src/mysql-server/sql/field.cc,5693,5693,0,0,mysql_target_000081;mysql_target_000723
mysql_aflgo_r1,mysql,1,src/mysql-server/sql/field.cc:5695:0:0,/src/mysql-server/sql/field.cc,5695,5695,0,0,mysql_target_000081;mysql_target_000723
mysql_aflgo_r1,mysql,1,src/mysql-server/sql/field.cc:5695:0:1,/src/mysql-server/sql/field.cc,5695,5695,0,0,mysql_target_000081;mysql_target_000723
mysql_aflgo_r1,mysql,1,src/mysql-server/sql/field.cc:5768:0:0,/src/mysql-server/sql/field.cc,5768,5768,0,0,mysql_target_000082;mysql_target_000724
mysql_aflgo_r1,mysql,1,src/mysql-server/sql/field.cc:5768:0:1,/src/mysql-server/sql/field.cc,5768,5768,0,0,mysql_target_000082;mysql_target_000724
mysql_aflgo_r1,mysql,1,src/mysql-server/sql/field.cc:5769:0:0,/src/mysql-server/sql/field.cc,5769,5769,0,0,mysql_target_000082;mysql_target_000724
mysql_aflgo_r1,mysql,1,src/mysql-server/sql/field.cc:5769:0:1,/src/mysql-server/sql/field.cc,5769,5769,0,0,mysql_target_000082;mysql_target_000724
mysql_aflgo_r1,mysql,1,src/mysql-server/sql/field.cc:5775:0:0,/src/mysql-server/sql/field.cc,5775,5775,0,0,mysql_target_000083;mysql_target_000725
mysql_aflgo_r1,mysql,1,src/mysql-server/sql/field.cc:5775:0:1,/src/mysql-server/sql/field.cc,5775,5775,0,0,mysql_target_000083;mysql_target_000725
mysql_aflgo_r1,mysql,1,src/mysql-server/sql/field.cc:5787:0:0,/src/mysql-server/sql/field.cc,5787,5787,0,0,mysql_target_000084;mysql_target_000726
mysql_aflgo_r1,mysql,1,src/mysql-server/sql/field.cc:5787:0:1,/src/mysql-server/sql/field.cc,5787,5787,0,0,mysql_target_000084;mysql_target_000726
mysql_aflgo_r1,mysql,1,src/mysql-server/sql/field.cc:5788:0:0,/src/mysql-server/sql/field.cc,5788,5788,0,0,mysql_target_000084;mysql_target_000726
mysql_aflgo_r1,mysql,1,src/mysql-server/sql/field.cc:5788:0:1,/src/mysql-server/sql/field.cc,5788,5788,0,0,mysql_target_000084;mysql_target_000726
mysql_aflgo_r1,mysql,1,src/mysql-server/sql/field.cc:5792:0:0,/src/mysql-server/sql/field.cc,5792,5792,0,0,mysql_target_000084;mysql_target_000726
mysql_aflgo_r1,mysql,1,src/mysql-server/sql/field.cc:5792:0:1,/src/mysql-server/sql/field.cc,5792,5792,0,0,mysql_target_000084;mysql_target_000726
mysql_aflgo_r1,mysql,1,src/mysql-server/sql/field.cc:5798:0:0,/src/mysql-server/sql/field.cc,5798,5798,0,0,mysql_target_000084;mysql_target_000726
mysql_aflgo_r1,mysql,1,src/mysql-server/sql/field.cc:5798:0:1,/src/mysql-server/sql/field.cc,5798,5798,0,0,mysql_target_000084;mysql_target_000726
mysql_aflgo_r1,mysql,1,src/mysql-server/sql/field.cc:6014:0:0,/src/mysql-server/sql/field.cc,6014,6014,80448,1,mysql_target_000085;mysql_target_000727
mysql_aflgo_r1,mysql,1,src/mysql-server/sql/field.cc:6014:0:1,/src/mysql-server/sql/field.cc,6014,6014,0,0,mysql_target_000085;mysql_target_000727
mysql_aflgo_r1,mysql,1,src/mysql-server/sql/field.cc:6014:1:2,/src/mysql-server/sql/field.cc,6014,6014,80448,1,mysql_target_000085;mysql_target_000727
mysql_aflgo_r1,mysql,1,src/mysql-server/sql/field.cc:6014:1:3,/src/mysql-server/sql/field.cc,6014,6014,0,0,mysql_target_000085;mysql_target_000727
mysql_aflgo_r1,mysql,1,src/mysql-server/sql/field.cc:6019:0:0,/src/mysql-server/sql/field.cc,6019,6019,0,0,mysql_target_000085;mysql_target_000727;mysql_target_000728
mysql_aflgo_r1,mysql,1,src/mysql-server/sql/field.cc:6019:0:1,/src/mysql-server/sql/field.cc,6019,6019,0,0,mysql_target_000085;mysql_target_000727;mysql_target_000728
mysql_aflgo_r1,mysql,1,src/mysql-server/sql/field.cc:6057:0:0,/src/mysql-server/sql/field.cc,6057,6057,0,0,mysql_target_000086;mysql_target_000729
mysql_aflgo_r1,mysql,1,src/mysql-server/sql/field.cc:6057:0:1,/src/mysql-server/sql/field.cc,6057,6057,80448,1,mysql_target_000086;mysql_target_000729
mysql_aflgo_r1,mysql,1,src/mysql-server/sql/field.cc:6061:0:0,/src/mysql-server/sql/field.cc,6061,6061,0,0,mysql_target_000086;mysql_target_000729
mysql_aflgo_r1,mysql,1,src/mysql-server/sql/field.cc:6061:0:1,/src/mysql-server/sql/field.cc,6061,6061,0,0,mysql_target_000086;mysql_target_000729
mysql_aflgo_r1,mysql,1,src/mysql-server/sql/field.cc:6063:0:0,/src/mysql-server/sql/field.cc,6063,6063,0,0,mysql_target_000086;mysql_target_000729
mysql_aflgo_r1,mysql,1,src/mysql-server/sql/field.cc:6063:0:1,/src/mysql-server/sql/field.cc,6063,6063,0,0,mysql_target_000086;mysql_target_000729
mysql_aflgo_r1,mysql,1,src/mysql-server/sql/field.cc:6064:0:0,/src/mysql-server/sql/field.cc,6064,6064,0,0,mysql_target_000086;mysql_target_000729
mysql_aflgo_r1,mysql,1,src/mysql-server/sql/field.cc:6064:0:1,/src/mysql-server/sql/field.cc,6064,6064,0,0,mysql_target_000086;mysql_target_000729
mysql_aflgo_r1,mysql,1,src/mysql-server/sql/field.cc:6064:1:2,/src/mysql-server/sql/field.cc,6064,6064,0,0,mysql_target_000086;mysql_target_000729
mysql_aflgo_r1,mysql,1,src/mysql-server/sql/field.cc:6064:1:3,/src/mysql-server/sql/field.cc,6064,6064,0,0,mysql_target_000086;mysql_target_000729
mysql_aflgo_r1,mysql,1,src/mysql-server/sql/field.cc:6070:0:0,/src/mysql-server/sql/field.cc,6070,6070,0,0,mysql_target_000086;mysql_target_000729
mysql_aflgo_r1,mysql,1,src/mysql-server/sql/field.cc:6070:0:1,/src/mysql-server/sql/field.cc,6070,6070,0,0,mysql_target_000086;mysql_target_000729
mysql_aflgo_r1,mysql,1,src/mysql-server/sql/field.cc:6072:0:0,/src/mysql-server/sql/field.cc,6072,6072,0,0,mysql_target_000086;mysql_target_000729
mysql_aflgo_r1,mysql,1,src/mysql-server/sql/field.cc:6072:0:1,/src/mysql-server/sql/field.cc,6072,6072,0,0,mysql_target_000086;mysql_target_000729
mysql_aflgo_r1,mysql,1,src/mysql-server/sql/field.cc:6130:0:0,/src/mysql-server/sql/field.cc,6130,6130,0,0,mysql_target_000087;mysql_target_000730
mysql_aflgo_r1,mysql,1,src/mysql-server/sql/field.cc:6130:0:1,/src/mysql-server/sql/field.cc,6130,6130,0,0,mysql_target_000087;mysql_target_000730
mysql_aflgo_r1,mysql,1,src/mysql-server/sql/field.cc:6130:1:2,/src/mysql-server/sql/field.cc,6130,6130,0,0,mysql_target_000087;mysql_target_000730
mysql_aflgo_r1,mysql,1,src/mysql-server/sql/field.cc:6130:1:3,/src/mysql-server/sql/field.cc,6130,6130,0,0,mysql_target_000087;mysql_target_000730
mysql_aflgo_r1,mysql,1,src/mysql-server/sql/field.cc:6154:0:0,/src/mysql-server/sql/field.cc,6154,6154,0,0,mysql_target_000088;mysql_target_000731
mysql_aflgo_r1,mysql,1,src/mysql-server/sql/field.cc:6154:0:1,/src/mysql-server/sql/field.cc,6154,6154,0,0,mysql_target_000088;mysql_target_000731
mysql_aflgo_r1,mysql,1,src/mysql-server/sql/field.cc:6159:0:0,/src/mysql-server/sql/field.cc,6159,6159,0,0,mysql_target_000088;mysql_target_000731
mysql_aflgo_r1,mysql,1,src/mysql-server/sql/field.cc:6159:0:1,/src/mysql-server/sql/field.cc,6159,6159,0,0,mysql_target_000088;mysql_target_000731
mysql_aflgo_r1,mysql,1,src/mysql-server/sql/field.cc:6165:0:0,/src/mysql-server/sql/field.cc,6165,6165,0,0,mysql_target_000088;mysql_target_000731
mysql_aflgo_r1,mysql,1,src/mysql-server/sql/field.cc:6165:0:1,/src/mysql-server/sql/field.cc,6165,6165,0,0,mysql_target_000088;mysql_target_000731
mysql_aflgo_r1,mysql,1,src/mysql-server/sql/field.cc:6179:0:0,/src/mysql-server/sql/field.cc,6179,6179,0,0,mysql_target_000089;mysql_target_000732
mysql_aflgo_r1,mysql,1,src/mysql-server/sql/field.cc:6179:0:1,/src/mysql-server/sql/field.cc,6179,6179,0,0,mysql_target_000089;mysql_target_000732
mysql_aflgo_r1,mysql,1,src/mysql-server/sql/field.cc:6273:0:0,/src/mysql-server/sql/field.cc,6273,6273,0,0,mysql_target_000090;mysql_target_000733
mysql_aflgo_r1,mysql,1,src/mysql-server/sql/field.cc:6273:0:1,/src/mysql-server/sql/field.cc,6273,6273,0,0,mysql_target_000090;mysql_target_000733
mysql_aflgo_r1,mysql,1,src/mysql-server/sql/field.cc:6280:0:0,/src/mysql-server/sql/field.cc,6280,6280,0,0,mysql_target_000090;mysql_target_000733
mysql_aflgo_r1,mysql,1,src/mysql-server/sql/field.cc:6280:0:1,/src/mysql-server/sql/field.cc,6280,6280,0,0,mysql_target_000090;mysql_target_000733
mysql_aflgo_r1,mysql,1,src/mysql-server/sql/field.cc:6483:0:0,/src/mysql-server/sql/field.cc,6483,6483,148,1,mysql_target_000092;mysql_target_000736
mysql_aflgo_r1,mysql,1,src/mysql-server/sql/field.cc:6483:0:1,/src/mysql-server/sql/field.cc,6483,6483,94,1,mysql_target_000092;mysql_target_000736
mysql_aflgo_r1,mysql,1,src/mysql-server/sql/field.cc:6976:0:0,/src/mysql-server/sql/field.cc,6976,6976,18849,1,mysql_target_000744
mysql_aflgo_r1,mysql,1,src/mysql-server/sql/field.cc:6976:0:1,/src/mysql-server/sql/field.cc,6976,6976,5792,1,mysql_target_000744
mysql_aflgo_r1,mysql,1,src/mysql-server/sql/field.cc:6976:1:2,/src/mysql-server/sql/field.cc,6976,6976,189,1,mysql_target_000744
mysql_aflgo_r1,mysql,1,src/mysql-server/sql/field.cc:6976:1:3,/src/mysql-server/sql/field.cc,6976,6976,18660,1,mysql_target_000744
mysql_aflgo_r1,mysql,1,src/mysql-server/sql/field.cc:7001:0:0,/src/mysql-server/sql/field.cc,7001,7001,0,0,mysql_target_000745
mysql_aflgo_r1,mysql,1,src/mysql-server/sql/field.cc:7001:0:1,/src/mysql-server/sql/field.cc,7001,7001,24452,1,mysql_target_000745
mysql_aflgo_r1,mysql,1,src/mysql-server/sql/field.cc:7034:0:0,/src/mysql-server/sql/field.cc,7034,7034,45,1,mysql_target_000098;mysql_target_000746
mysql_aflgo_r1,mysql,1,src/mysql-server/sql/field.cc:7034:0:1,/src/mysql-server/sql/field.cc,7034,7034,24641,1,mysql_target_000098;mysql_target_000746
mysql_aflgo_r1,mysql,1,src/mysql-server/sql/field.cc:7073:0:0,/src/mysql-server/sql/field.cc,7073,7073,0,0,mysql_target_000099;mysql_target_000747
mysql_aflgo_r1,mysql,1,src/mysql-server/sql/field.cc:7073:0:1,/src/mysql-server/sql/field.cc,7073,7073,0,0,mysql_target_000099;mysql_target_000747
mysql_aflgo_r1,mysql,1,src/mysql-server/sql/field.cc:7076:0:0,/src/mysql-server/sql/field.cc,7076,7076,0,0,mysql_target_000099;mysql_target_000747
mysql_aflgo_r1,mysql,1,src/mysql-server/sql/field.cc:7076:0:1,/src/mysql-server/sql/field.cc,7076,7076,0,0,mysql_target_000099;mysql_target_000747
mysql_aflgo_r1,mysql,1,src/mysql-server/sql/field.cc:7076:1:2,/src/mysql-server/sql/field.cc,7076,7076,0,0,mysql_target_000099;mysql_target_000747
mysql_aflgo_r1,mysql,1,src/mysql-server/sql/field.cc:7076:1:3,/src/mysql-server/sql/field.cc,7076,7076,0,0,mysql_target_000099;mysql_target_000747
mysql_aflgo_r1,mysql,1,src/mysql-server/sql/field.cc:7102:0:0,/src/mysql-server/sql/field.cc,7102,7102,0,0,mysql_target_000101;mysql_target_000749
mysql_aflgo_r1,mysql,1,src/mysql-server/sql/field.cc:7102:0:1,/src/mysql-server/sql/field.cc,7102,7102,0,0,mysql_target_000101;mysql_target_000749
mysql_aflgo_r1,mysql,1,src/mysql-server/sql/field.cc:7602:0:0,/src/mysql-server/sql/field.cc,7602,7602,0,0,mysql_target_000103;mysql_target_000751;mysql_target_000752
mysql_aflgo_r1,mysql,1,src/mysql-server/sql/field.cc:7602:0:1,/src/mysql-server/sql/field.cc,7602,7602,0,0,mysql_target_000103;mysql_target_000751;mysql_target_000752
mysql_aflgo_r1,mysql,1,src/mysql-server/sql/field.cc:7602:1:2,/src/mysql-server/sql/field.cc,7602,7602,0,0,mysql_target_000103;mysql_target_000751;mysql_target_000752
mysql_aflgo_r1,mysql,1,src/mysql-server/sql/field.cc:7602:1:3,/src/mysql-server/sql/field.cc,7602,7602,0,0,mysql_target_000103;mysql_target_000751;mysql_target_000752
mysql_aflgo_r1,mysql,1,src/mysql-server/sql/field.cc:7612:0:0,/src/mysql-server/sql/field.cc,7612,7612,0,0,mysql_target_000752
mysql_aflgo_r1,mysql,1,src/mysql-server/sql/field.cc:7612:0:1,/src/mysql-server/sql/field.cc,7612,7612,0,0,mysql_target_000752
mysql_aflgo_r1,mysql,1,src/mysql-server/sql/field.cc:7817:0:0,/src/mysql-server/sql/field.cc,7817,7817,0,0,mysql_target_000108;mysql_target_000757
mysql_aflgo_r1,mysql,1,src/mysql-server/sql/field.cc:7817:0:1,/src/mysql-server/sql/field.cc,7817,7817,88,1,mysql_target_000108;mysql_target_000757
mysql_aflgo_r1,mysql,1,src/mysql-server/sql/field.cc:7820:0:0,/src/mysql-server/sql/field.cc,7820,7820,0,0,mysql_target_000108;mysql_target_000757
mysql_aflgo_r1,mysql,1,src/mysql-server/sql/field.cc:7820:0:1,/src/mysql-server/sql/field.cc,7820,7820,88,1,mysql_target_000108;mysql_target_000757
mysql_aflgo_r1,mysql,1,src/mysql-server/sql/field.cc:7823:0:0,/src/mysql-server/sql/field.cc,7823,7823,0,0,mysql_target_000108;mysql_target_000757
mysql_aflgo_r1,mysql,1,src/mysql-server/sql/field.cc:7823:0:1,/src/mysql-server/sql/field.cc,7823,7823,88,1,mysql_target_000108;mysql_target_000757
mysql_aflgo_r1,mysql,1,src/mysql-server/sql/field.cc:8006:0:0,/src/mysql-server/sql/field.cc,8006,8006,0,0,mysql_target_000109;mysql_target_000758
mysql_aflgo_r1,mysql,1,src/mysql-server/sql/field.cc:8006:0:1,/src/mysql-server/sql/field.cc,8006,8006,0,0,mysql_target_000109;mysql_target_000758
mysql_aflgo_r1,mysql,1,src/mysql-server/sql/field.cc:8015:0:0,/src/mysql-server/sql/field.cc,8015,8015,0,0,mysql_target_000109;mysql_target_000758
mysql_aflgo_r1,mysql,1,src/mysql-server/sql/field.cc:8015:0:1,/src/mysql-server/sql/field.cc,8015,8015,0,0,mysql_target_000109;mysql_target_000758
mysql_aflgo_r1,mysql,1,src/mysql-server/sql/field.cc:8128:0:0,/src/mysql-server/sql/field.cc,8128,8128,0,0,mysql_target_000112;mysql_target_000761;mysql_target_000762
mysql_aflgo_r1,mysql,1,src/mysql-server/sql/field.cc:8128:0:1,/src/mysql-server/sql/field.cc,8128,8128,0,0,mysql_target_000112;mysql_target_000761;mysql_target_000762
mysql_aflgo_r1,mysql,1,src/mysql-server/sql/field.cc:8170:0:0,/src/mysql-server/sql/field.cc,8170,8170,4,1,mysql_target_000113;mysql_target_000763
mysql_aflgo_r1,mysql,1,src/mysql-server/sql/field.cc:8170:0:1,/src/mysql-server/sql/field.cc,8170,8170,32597,1,mysql_target_000113;mysql_target_000763
mysql_aflgo_r1,mysql,1,src/mysql-server/sql/field.cc:8171:0:0,/src/mysql-server/sql/field.cc,8171,8171,4,1,mysql_target_000113;mysql_target_000763
mysql_aflgo_r1,mysql,1,src/mysql-server/sql/field.cc:8171:0:1,/src/mysql-server/sql/field.cc,8171,8171,0,0,mysql_target_000113;mysql_target_000763
mysql_aflgo_r1,mysql,1,src/mysql-server/sql/field.cc:8176:0:0,/src/mysql-server/sql/field.cc,8176,8176,0,0,mysql_target_000113;mysql_target_000763
mysql_aflgo_r1,mysql,1,src/mysql-server/sql/field.cc:8176:0:1,/src/mysql-server/sql/field.cc,8176,8176,32601,1,mysql_target_000113;mysql_target_000763
mysql_aflgo_r1,mysql,1,src/mysql-server/sql/field.cc:8179:0:0,/src/mysql-server/sql/field.cc,8179,8179,0,0,mysql_target_000113;mysql_target_000763
mysql_aflgo_r1,mysql,1,src/mysql-server/sql/field.cc:8179:0:1,/src/mysql-server/sql/field.cc,8179,8179,32601,1,mysql_target_000113;mysql_target_000763
mysql_aflgo_r1,mysql,1,src/mysql-server/sql/field.cc:8180:0:0,/src/mysql-server/sql/field.cc,8180,8180,0,0,mysql_target_000113;mysql_target_000763
mysql_aflgo_r1,mysql,1,src/mysql-server/sql/field.cc:8180:0:1,/src/mysql-server/sql/field.cc,8180,8180,0,0,mysql_target_000113;mysql_target_000763
mysql_aflgo_r1,mysql,1,src/mysql-server/sql/field.cc:8225:0:0,/src/mysql-server/sql/field.cc,8225,8225,0,0,mysql_target_000114;mysql_target_000764
mysql_aflgo_r1,mysql,1,src/mysql-server/sql/field.cc:8225:0:1,/src/mysql-server/sql/field.cc,8225,8225,0,0,mysql_target_000114;mysql_target_000764
mysql_aflgo_r1,mysql,1,src/mysql-server/sql/field.cc:8225:1:2,/src/mysql-server/sql/field.cc,8225,8225,0,0,mysql_target_000114;mysql_target_000764
mysql_aflgo_r1,mysql,1,src/mysql-server/sql/field.cc:8225:1:3,/src/mysql-server/sql/field.cc,8225,8225,0,0,mysql_target_000114;mysql_target_000764
mysql_aflgo_r1,mysql,1,src/mysql-server/sql/field.cc:8225:2:4,/src/mysql-server/sql/field.cc,8225,8225,0,0,mysql_target_000114;mysql_target_000764
mysql_aflgo_r1,mysql,1,src/mysql-server/sql/field.cc:8225:2:5,/src/mysql-server/sql/field.cc,8225,8225,0,0,mysql_target_000114;mysql_target_000764
mysql_aflgo_r1,mysql,1,src/mysql-server/sql/field.cc:8249:0:0,/src/mysql-server/sql/field.cc,8249,8249,0,0,mysql_target_000115;mysql_target_000765
mysql_aflgo_r1,mysql,1,src/mysql-server/sql/field.cc:8249:0:1,/src/mysql-server/sql/field.cc,8249,8249,32259,1,mysql_target_000115;mysql_target_000765
mysql_aflgo_r1,mysql,1,src/mysql-server/sql/field.cc:8249:1:2,/src/mysql-server/sql/field.cc,8249,8249,0,0,mysql_target_000115;mysql_target_000765
mysql_aflgo_r1,mysql,1,src/mysql-server/sql/field.cc:8249:1:3,/src/mysql-server/sql/field.cc,8249,8249,32259,1,mysql_target_000115;mysql_target_000765
mysql_aflgo_r1,mysql,1,src/mysql-server/sql/field.cc:8251:0:0,/src/mysql-server/sql/field.cc,8251,8251,0,0,mysql_target_000115;mysql_target_000765
mysql_aflgo_r1,mysql,1,src/mysql-server/sql/field.cc:8251:0:1,/src/mysql-server/sql/field.cc,8251,8251,0,0,mysql_target_000115;mysql_target_000765
mysql_aflgo_r1,mysql,1,src/mysql-server/sql/field.cc:8251:1:2,/src/mysql-server/sql/field.cc,8251,8251,0,0,mysql_target_000115;mysql_target_000765
mysql_aflgo_r1,mysql,1,src/mysql-server/sql/field.cc:8251:1:3,/src/mysql-server/sql/field.cc,8251,8251,0,0,mysql_target_000115;mysql_target_000765
mysql_aflgo_r1,mysql,1,src/mysql-server/sql/field.cc:8335:0:0,/src/mysql-server/sql/field.cc,8335,8335,0,0,mysql_target_000116;mysql_target_000766;mysql_target_000767
mysql_aflgo_r1,mysql,1,src/mysql-server/sql/field.cc:8335:0:1,/src/mysql-server/sql/field.cc,8335,8335,0,0,mysql_target_000116;mysql_target_000766;mysql_target_000767
mysql_aflgo_r1,mysql,1,src/mysql-server/sql/field.cc:8335:1:2,/src/mysql-server/sql/field.cc,8335,8335,0,0,mysql_target_000116;mysql_target_000766;mysql_target_000767
mysql_aflgo_r1,mysql,1,src/mysql-server/sql/field.cc:8335:1:3,/src/mysql-server/sql/field.cc,8335,8335,0,0,mysql_target_000116;mysql_target_000766;mysql_target_000767
mysql_aflgo_r1,mysql,1,src/mysql-server/sql/field.cc:8372:0:0,/src/mysql-server/sql/field.cc,8372,8372,0,0,mysql_target_000117;mysql_target_000768
mysql_aflgo_r1,mysql,1,src/mysql-server/sql/field.cc:8372:0:1,/src/mysql-server/sql/field.cc,8372,8372,4281,1,mysql_target_000117;mysql_target_000768
mysql_aflgo_r1,mysql,1,src/mysql-server/sql/field.cc:8377:0:0,/src/mysql-server/sql/field.cc,8377,8377,0,0,mysql_target_000117;mysql_target_000768
mysql_aflgo_r1,mysql,1,src/mysql-server/sql/field.cc:8377:0:1,/src/mysql-server/sql/field.cc,8377,8377,0,0,mysql_target_000117;mysql_target_000768
mysql_aflgo_r1,mysql,1,src/mysql-server/sql/field.cc:8393:0:0,/src/mysql-server/sql/field.cc,8393,8393,59,1,mysql_target_000118;mysql_target_000769
mysql_aflgo_r1,mysql,1,src/mysql-server/sql/field.cc:8393:0:1,/src/mysql-server/sql/field.cc,8393,8393,0,0,mysql_target_000118;mysql_target_000769
mysql_aflgo_r1,mysql,1,src/mysql-server/sql/field.cc:8741:0:0,/src/mysql-server/sql/field.cc,8741,8741,0,0,mysql_target_000774;mysql_target_000775;mysql_target_000776
mysql_aflgo_r1,mysql,1,src/mysql-server/sql/field.cc:8741:0:1,/src/mysql-server/sql/field.cc,8741,8741,0,0,mysql_target_000774;mysql_target_000775;mysql_target_000776
mysql_aflgo_r1,mysql,1,src/mysql-server/sql/field.cc:8745:0:0,/src/mysql-server/sql/field.cc,8745,8745,0,0,mysql_target_000776;mysql_target_000777
mysql_aflgo_r1,mysql,1,src/mysql-server/sql/field.cc:8745:0:1,/src/mysql-server/sql/field.cc,8745,8745,0,0,mysql_target_000776;mysql_target_000777
mysql_aflgo_r1,mysql,1,src/mysql-server/sql/field.cc:8779:0:0,/src/mysql-server/sql/field.cc,8779,8779,0,0,mysql_target_000120;mysql_target_000778
mysql_aflgo_r1,mysql,1,src/mysql-server/sql/field.cc:8779:0:1,/src/mysql-server/sql/field.cc,8779,8779,0,0,mysql_target_000120;mysql_target_000778
mysql_aflgo_r1,mysql,1,src/mysql-server/sql/field.cc:8784:0:0,/src/mysql-server/sql/field.cc,8784,8784,0,0,mysql_target_000120;mysql_target_000778
mysql_aflgo_r1,mysql,1,src/mysql-server/sql/field.cc:8784:0:1,/src/mysql-server/sql/field.cc,8784,8784,0,0,mysql_target_000120;mysql_target_000778
mysql_aflgo_r1,mysql,1,src/mysql-server/sql/field.cc:8784:1:2,/src/mysql-server/sql/field.cc,8784,8784,0,0,mysql_target_000120;mysql_target_000778
mysql_aflgo_r1,mysql,1,src/mysql-server/sql/field.cc:8784:1:3,/src/mysql-server/sql/field.cc,8784,8784,0,0,mysql_target_000120;mysql_target_000778
mysql_aflgo_r1,mysql,1,src/mysql-server/sql/field.cc:8785:0:0,/src/mysql-server/sql/field.cc,8785,8785,0,0,mysql_target_000120;mysql_target_000778
mysql_aflgo_r1,mysql,1,src/mysql-server/sql/field.cc:8785:0:1,/src/mysql-server/sql/field.cc,8785,8785,0,0,mysql_target_000120;mysql_target_000778
mysql_aflgo_r1,mysql,1,src/mysql-server/sql/field.cc:8794:0:0,/src/mysql-server/sql/field.cc,8794,8794,0,0,mysql_target_000120;mysql_target_000778
mysql_aflgo_r1,mysql,1,src/mysql-server/sql/field.cc:8794:0:1,/src/mysql-server/sql/field.cc,8794,8794,0,0,mysql_target_000120;mysql_target_000778
mysql_aflgo_r1,mysql,1,src/mysql-server/sql/field.cc:8794:1:2,/src/mysql-server/sql/field.cc,8794,8794,0,0,mysql_target_000120;mysql_target_000778
mysql_aflgo_r1,mysql,1,src/mysql-server/sql/field.cc:8794:1:3,/src/mysql-server/sql/field.cc,8794,8794,0,0,mysql_target_000120;mysql_target_000778
mysql_aflgo_r1,mysql,1,src/mysql-server/sql/field.cc:8801:0:0,/src/mysql-server/sql/field.cc,8801,8801,0,0,mysql_target_000120;mysql_target_000778
mysql_aflgo_r1,mysql,1,src/mysql-server/sql/field.cc:8801:0:1,/src/mysql-server/sql/field.cc,8801,8801,0,0,mysql_target_000120;mysql_target_000778
mysql_aflgo_r1,mysql,1,src/mysql-server/sql/field.cc:8801:1:2,/src/mysql-server/sql/field.cc,8801,8801,0,0,mysql_target_000120;mysql_target_000778
mysql_aflgo_r1,mysql,1,src/mysql-server/sql/field.cc:8801:1:3,/src/mysql-server/sql/field.cc,8801,8801,0,0,mysql_target_000120;mysql_target_000778
mysql_aflgo_r1,mysql,1,src/mysql-server/sql/field.cc:8801:2:4,/src/mysql-server/sql/field.cc,8801,8801,0,0,mysql_target_000120;mysql_target_000778
mysql_aflgo_r1,mysql,1,src/mysql-server/sql/field.cc:8801:2:5,/src/mysql-server/sql/field.cc,8801,8801,0,0,mysql_target_000120;mysql_target_000778
mysql_aflgo_r1,mysql,1,src/mysql-server/sql/field.cc:8802:0:0,/src/mysql-server/sql/field.cc,8802,8802,0,0,mysql_target_000120;mysql_target_000778
mysql_aflgo_r1,mysql,1,src/mysql-server/sql/field.cc:8802:0:1,/src/mysql-server/sql/field.cc,8802,8802,0,0,mysql_target_000120;mysql_target_000778
mysql_aflgo_r1,mysql,1,src/mysql-server/sql/field.cc:8802:1:2,/src/mysql-server/sql/field.cc,8802,8802,0,0,mysql_target_000120;mysql_target_000778
mysql_aflgo_r1,mysql,1,src/mysql-server/sql/field.cc:8802:1:3,/src/mysql-server/sql/field.cc,8802,8802,0,0,mysql_target_000120;mysql_target_000778
mysql_aflgo_r1,mysql,1,src/mysql-server/sql/field.cc:8803:0:0,/src/mysql-server/sql/field.cc,8803,8803,0,0,mysql_target_000120;mysql_target_000778
mysql_aflgo_r1,mysql,1,src/mysql-server/sql/field.cc:8803:0:1,/src/mysql-server/sql/field.cc,8803,8803,0,0,mysql_target_000120;mysql_target_000778
mysql_aflgo_r1,mysql,1,src/mysql-server/sql/field.cc:8805:0:0,/src/mysql-server/sql/field.cc,8805,8805,0,0,mysql_target_000120;mysql_target_000778
mysql_aflgo_r1,mysql,1,src/mysql-server/sql/field.cc:8805:0:1,/src/mysql-server/sql/field.cc,8805,8805,0,0,mysql_target_000120;mysql_target_000778
mysql_aflgo_r1,mysql,1,src/mysql-server/sql/field.cc:8812:0:0,/src/mysql-server/sql/field.cc,8812,8812,0,0,mysql_target_000121;mysql_target_000779;mysql_target_000780
mysql_aflgo_r1,mysql,1,src/mysql-server/sql/field.cc:8812:0:1,/src/mysql-server/sql/field.cc,8812,8812,0,0,mysql_target_000121;mysql_target_000779;mysql_target_000780
mysql_aflgo_r1,mysql,1,src/mysql-server/sql/field.cc:8813:0:0,/src/mysql-server/sql/field.cc,8813,8813,0,0,mysql_target_000121;mysql_target_000779;mysql_target_000780
mysql_aflgo_r1,mysql,1,src/mysql-server/sql/field.cc:8813:0:1,/src/mysql-server/sql/field.cc,8813,8813,0,0,mysql_target_000121;mysql_target_000779;mysql_target_000780
mysql_aflgo_r1,mysql,1,src/mysql-server/sql/field.cc:8813:1:2,/src/mysql-server/sql/field.cc,8813,8813,0,0,mysql_target_000121;mysql_target_000779;mysql_target_000780
mysql_aflgo_r1,mysql,1,src/mysql-server/sql/field.cc:8813:1:3,/src/mysql-server/sql/field.cc,8813,8813,0,0,mysql_target_000121;mysql_target_000779;mysql_target_000780
mysql_aflgo_r1,mysql,1,src/mysql-server/sql/field.cc:8816:0:0,/src/mysql-server/sql/field.cc,8816,8816,0,0,mysql_target_000121;mysql_target_000779;mysql_target_000780
mysql_aflgo_r1,mysql,1,src/mysql-server/sql/field.cc:8816:0:1,/src/mysql-server/sql/field.cc,8816,8816,0,0,mysql_target_000121;mysql_target_000779;mysql_target_000780
mysql_aflgo_r1,mysql,1,src/mysql-server/sql/field.cc:8817:0:0,/src/mysql-server/sql/field.cc,8817,8817,0,0,mysql_target_000121;mysql_target_000779;mysql_target_000780
mysql_aflgo_r1,mysql,1,src/mysql-server/sql/field.cc:8817:0:1,/src/mysql-server/sql/field.cc,8817,8817,0,0,mysql_target_000121;mysql_target_000779;mysql_target_000780
mysql_aflgo_r1,mysql,1,src/mysql-server/sql/field.cc:8817:1:2,/src/mysql-server/sql/field.cc,8817,8817,0,0,mysql_target_000121;mysql_target_000779;mysql_target_000780
mysql_aflgo_r1,mysql,1,src/mysql-server/sql/field.cc:8817:1:3,/src/mysql-server/sql/field.cc,8817,8817,0,0,mysql_target_000121;mysql_target_000779;mysql_target_000780
mysql_aflgo_r1,mysql,1,src/mysql-server/sql/field.cc:8820:0:0,/src/mysql-server/sql/field.cc,8820,8820,0,0,mysql_target_000121;mysql_target_000779;mysql_target_000780
mysql_aflgo_r1,mysql,1,src/mysql-server/sql/field.cc:8820:0:1,/src/mysql-server/sql/field.cc,8820,8820,0,0,mysql_target_000121;mysql_target_000779;mysql_target_000780
mysql_aflgo_r1,mysql,1,src/mysql-server/sql/field.cc:8821:0:0,/src/mysql-server/sql/field.cc,8821,8821,0,0,mysql_target_000121;mysql_target_000779;mysql_target_000780
mysql_aflgo_r1,mysql,1,src/mysql-server/sql/field.cc:8821:0:1,/src/mysql-server/sql/field.cc,8821,8821,0,0,mysql_target_000121;mysql_target_000779;mysql_target_000780
mysql_aflgo_r1,mysql,1,src/mysql-server/sql/field.cc:9111:0:0,/src/mysql-server/sql/field.cc,9111,9111,0,0,mysql_target_000784
mysql_aflgo_r1,mysql,1,src/mysql-server/sql/field.cc:9111:0:1,/src/mysql-server/sql/field.cc,9111,9111,0,0,mysql_target_000784
mysql_aflgo_r1,mysql,1,src/mysql-server/sql/field.cc:9112:0:0,/src/mysql-server/sql/field.cc,9112,9112,0,0,mysql_target_000784
mysql_aflgo_r1,mysql,1,src/mysql-server/sql/field.cc:9112:0:1,/src/mysql-server/sql/field.cc,9112,9112,0,0,mysql_target_000784
mysql_aflgo_r1,mysql,1,src/mysql-server/sql/field.cc:9112:1:2,/src/mysql-server/sql/field.cc,9112,9112,0,0,mysql_target_000784
mysql_aflgo_r1,mysql,1,src/mysql-server/sql/field.cc:9112:1:3,/src/mysql-server/sql/field.cc,9112,9112,0,0,mysql_target_000784
mysql_aflgo_r1,mysql,1,src/mysql-server/sql/field.cc:9113:0:0,/src/mysql-server/sql/field.cc,9113,9113,0,0,mysql_target_000784
mysql_aflgo_r1,mysql,1,src/mysql-server/sql/field.cc:9113:0:1,/src/mysql-server/sql/field.cc,9113,9113,0,0,mysql_target_000784
mysql_aflgo_r1,mysql,1,src/mysql-server/sql/field.cc:9121:0:0,/src/mysql-server/sql/field.cc,9121,9121,0,0,mysql_target_000785;mysql_target_000786
mysql_aflgo_r1,mysql,1,src/mysql-server/sql/field.cc:9121:0:1,/src/mysql-server/sql/field.cc,9121,9121,0,0,mysql_target_000785;mysql_target_000786
mysql_aflgo_r1,mysql,1,src/mysql-server/sql/field.cc:9305:0:0,/src/mysql-server/sql/field.cc,9305,9305,707,1,mysql_target_000125;mysql_target_000788
mysql_aflgo_r1,mysql,1,src/mysql-server/sql/field.cc:9305:0:1,/src/mysql-server/sql/field.cc,9305,9305,70351,1,mysql_target_000125;mysql_target_000788
mysql_aflgo_r1,mysql,1,src/mysql-server/sql/field.cc:9306:0:0,/src/mysql-server/sql/field.cc,9306,9306,0,0,mysql_target_000125;mysql_target_000788
mysql_aflgo_r1,mysql,1,src/mysql-server/sql/field.cc:9306:0:1,/src/mysql-server/sql/field.cc,9306,9306,707,1,mysql_target_000125;mysql_target_000788
mysql_aflgo_r1,mysql,1,src/mysql-server/sql/field.cc:9309:0:0,/src/mysql-server/sql/field.cc,9309,9309,29150,1,mysql_target_000125;mysql_target_000788
mysql_aflgo_r1,mysql,1,src/mysql-server/sql/field.cc:9309:0:1,/src/mysql-server/sql/field.cc,9309,9309,41908,1,mysql_target_000125;mysql_target_000788
mysql_aflgo_r1,mysql,1,src/mysql-server/sql/field.cc:9311:0:0,/src/mysql-server/sql/field.cc,9311,9311,0,0,mysql_target_000125;mysql_target_000788
mysql_aflgo_r1,mysql,1,src/mysql-server/sql/field.cc:9311:0:1,/src/mysql-server/sql/field.cc,9311,9311,71058,1,mysql_target_000125;mysql_target_000788
mysql_aflgo_r1,mysql,1,src/mysql-server/sql/field.cc:9313:0:0,/src/mysql-server/sql/field.cc,9313,9313,0,0,mysql_target_000125;mysql_target_000788
mysql_aflgo_r1,mysql,1,src/mysql-server/sql/field.cc:9313:0:1,/src/mysql-server/sql/field.cc,9313,9313,71058,1,mysql_target_000125;mysql_target_000788
mysql_aflgo_r1,mysql,1,src/mysql-server/sql/field.cc:9315:0:0,/src/mysql-server/sql/field.cc,9315,9315,2514,1,mysql_target_000125;mysql_target_000788
mysql_aflgo_r1,mysql,1,src/mysql-server/sql/field.cc:9315:0:1,/src/mysql-server/sql/field.cc,9315,9315,68544,1,mysql_target_000125;mysql_target_000788
mysql_aflgo_r1,mysql,1,src/mysql-server/sql/field.cc:9535:0:0,/src/mysql-server/sql/field.cc,9535,9535,1155,1,mysql_target_000126;mysql_target_000789
mysql_aflgo_r1,mysql,1,src/mysql-server/sql/field.cc:9535:0:1,/src/mysql-server/sql/field.cc,9535,9535,37760,1,mysql_target_000126;mysql_target_000789
mysql_aflgo_r1,mysql,1,src/mysql-server/sql/field.cc:9539:0:0,/src/mysql-server/sql/field.cc,9539,9539,123,1,mysql_target_000126;mysql_target_000789
mysql_aflgo_r1,mysql,1,src/mysql-server/sql/field.cc:9539:0:1,/src/mysql-server/sql/field.cc,9539,9539,38792,1,mysql_target_000126;mysql_target_000789
mysql_aflgo_r1,mysql,1,src/mysql-server/sql/field.cc:9543:0:0,/src/mysql-server/sql/field.cc,9543,9543,90,1,mysql_target_000126;mysql_target_000789
mysql_aflgo_r1,mysql,1,src/mysql-server/sql/field.cc:9543:0:1,/src/mysql-server/sql/field.cc,9543,9543,38825,1,mysql_target_000126;mysql_target_000789
mysql_aflgo_r1,mysql,1,src/mysql-server/sql/field.cc:9547:0:0,/src/mysql-server/sql/field.cc,9547,9547,1451,1,mysql_target_000127;mysql_target_000790
mysql_aflgo_r1,mysql,1,src/mysql-server/sql/field.cc:9547:0:1,/src/mysql-server/sql/field.cc,9547,9547,37464,1,mysql_target_000127;mysql_target_000790
mysql_aflgo_r1,mysql,1,src/mysql-server/sql/field.cc:9551:0:0,/src/mysql-server/sql/field.cc,9551,9551,199,1,mysql_target_000127;mysql_target_000790
mysql_aflgo_r1,mysql,1,src/mysql-server/sql/field.cc:9551:0:1,/src/mysql-server/sql/field.cc,9551,9551,38716,1,mysql_target_000127;mysql_target_000790
mysql_aflgo_r1,mysql,1,src/mysql-server/sql/field.cc:9555:0:0,/src/mysql-server/sql/field.cc,9555,9555,4,1,mysql_target_000127;mysql_target_000790
mysql_aflgo_r1,mysql,1,src/mysql-server/sql/field.cc:9555:0:1,/src/mysql-server/sql/field.cc,9555,9555,38911,1,mysql_target_000127;mysql_target_000790
mysql_aflgo_r1,mysql,1,src/mysql-server/sql/field.cc:9559:0:0,/src/mysql-server/sql/field.cc,9559,9559,3877,1,mysql_target_000128;mysql_target_000791
mysql_aflgo_r1,mysql,1,src/mysql-server/sql/field.cc:9559:0:1,/src/mysql-server/sql/field.cc,9559,9559,35038,1,mysql_target_000128;mysql_target_000791
mysql_aflgo_r1,mysql,1,src/mysql-server/sql/field.cc:9563:0:0,/src/mysql-server/sql/field.cc,9563,9563,11367,1,mysql_target_000128;mysql_target_000791
mysql_aflgo_r1,mysql,1,src/mysql-server/sql/field.cc:9563:0:1,/src/mysql-server/sql/field.cc,9563,9563,27548,1,mysql_target_000128;mysql_target_000791
mysql_aflgo_r1,mysql,1,src/mysql-server/sql/field.cc:9828:0:0,/src/mysql-server/sql/field.cc,9828,9828,0,0,mysql_target_000131;mysql_target_000795;mysql_target_000796
mysql_aflgo_r1,mysql,1,src/mysql-server/sql/field.cc:9828:0:1,/src/mysql-server/sql/field.cc,9828,9828,0,0,mysql_target_000131;mysql_target_000795;mysql_target_000796
mysql_aflgo_r1,mysql,1,src/mysql-server/sql/field.cc:9829:0:0,/src/mysql-server/sql/field.cc,9829,9829,0,0,mysql_target_000131;mysql_target_000795;mysql_target_000796
mysql_aflgo_r1,mysql,1,src/mysql-server/sql/field.cc:9829:0:1,/src/mysql-server/sql/field.cc,9829,9829,0,0,mysql_target_000131;mysql_target_000795;mysql_target_000796
mysql_aflgo_r1,mysql,1,src/mysql-server/sql/field.cc:9830:0:0,/src/mysql-server/sql/field.cc,9830,9830,0,0,mysql_target_000131;mysql_target_000795;mysql_target_000796
mysql_aflgo_r1,mysql,1,src/mysql-server/sql/field.cc:9830:0:1,/src/mysql-server/sql/field.cc,9830,9830,0,0,mysql_target_000131;mysql_target_000795;mysql_target_000796
mysql_aflgo_r1,mysql,1,src/mysql-server/sql/field.cc:9831:0:0,/src/mysql-server/sql/field.cc,9831,9831,0,0,mysql_target_000796
mysql_aflgo_r1,mysql,1,src/mysql-server/sql/field.cc:9831:0:1,/src/mysql-server/sql/field.cc,9831,9831,0,0,mysql_target_000796
mysql_aflgo_r1,mysql,1,src/mysql-server/sql/field.cc:10020:0:0,/src/mysql-server/sql/field.cc,10020,10020,0,0,mysql_target_000001;mysql_target_000626
mysql_aflgo_r1,mysql,1,src/mysql-server/sql/field.cc:10020:0:1,/src/mysql-server/sql/field.cc,10020,10020,0,0,mysql_target_000001;mysql_target_000626
mysql_aflgo_r1,mysql,1,src/mysql-server/sql/field.cc:10025:0:0,/src/mysql-server/sql/field.cc,10025,10025,0,0,mysql_target_000001;mysql_target_000626
mysql_aflgo_r1,mysql,1,src/mysql-server/sql/field.cc:10025:0:1,/src/mysql-server/sql/field.cc,10025,10025,0,0,mysql_target_000001;mysql_target_000626
mysql_aflgo_r1,mysql,1,src/mysql-server/sql/field.cc:10030:0:0,/src/mysql-server/sql/field.cc,10030,10030,0,0,mysql_target_000001;mysql_target_000626
mysql_aflgo_r1,mysql,1,src/mysql-server/sql/field.cc:10030:0:1,/src/mysql-server/sql/field.cc,10030,10030,0,0,mysql_target_000001;mysql_target_000626
mysql_aflgo_r1,mysql,1,src/mysql-server/sql/field.cc:10052:0:0,/src/mysql-server/sql/field.cc,10052,10052,0,0,mysql_target_000001;mysql_target_000626
mysql_aflgo_r1,mysql,1,src/mysql-server/sql/field.cc:10052:0:1,/src/mysql-server/sql/field.cc,10052,10052,0,0,mysql_target_000001;mysql_target_000626
mysql_aflgo_r1,mysql,1,src/mysql-server/sql/field.cc:10076:0:0,/src/mysql-server/sql/field.cc,10076,10076,0,0,mysql_target_000001;mysql_target_000626
mysql_aflgo_r1,mysql,1,src/mysql-server/sql/field.cc:10076:0:1,/src/mysql-server/sql/field.cc,10076,10076,0,0,mysql_target_000001;mysql_target_000626
mysql_aflgo_r1,mysql,1,src/mysql-server/sql/field.cc:10082:0:0,/src/mysql-server/sql/field.cc,10082,10082,0,0,mysql_target_000001;mysql_target_000626
mysql_aflgo_r1,mysql,1,src/mysql-server/sql/field.cc:10082:0:1,/src/mysql-server/sql/field.cc,10082,10082,0,0,mysql_target_000001;mysql_target_000626
mysql_aflgo_r1,mysql,1,src/mysql-server/sql/field.cc:10086:0:0,/src/mysql-server/sql/field.cc,10086,10086,0,0,mysql_target_000001;mysql_target_000626
mysql_aflgo_r1,mysql,1,src/mysql-server/sql/field.cc:10086:0:1,/src/mysql-server/sql/field.cc,10086,10086,0,0,mysql_target_000001;mysql_target_000626
mysql_aflgo_r1,mysql,1,src/mysql-server/sql/field.cc:10205:0:0,/src/mysql-server/sql/field.cc,10205,10205,0,0,mysql_target_000003;mysql_target_000628
mysql_aflgo_r1,mysql,1,src/mysql-server/sql/field.cc:10205:0:1,/src/mysql-server/sql/field.cc,10205,10205,0,0,mysql_target_000003;mysql_target_000628
mysql_aflgo_r1,mysql,1,src/mysql-server/sql/item.cc:125:0:0,/src/mysql-server/sql/item.cc,125,125,0,0,mysql_target_000190;mysql_target_000857
mysql_aflgo_r1,mysql,1,src/mysql-server/sql/item.cc:125:0:1,/src/mysql-server/sql/item.cc,125,125,0,0,mysql_target_000190;mysql_target_000857
mysql_aflgo_r1,mysql,1,src/mysql-server/sql/item.cc:125:1:2,/src/mysql-server/sql/item.cc,125,125,0,0,mysql_target_000190;mysql_target_000857
mysql_aflgo_r1,mysql,1,src/mysql-server/sql/item.cc:125:1:3,/src/mysql-server/sql/item.cc,125,125,0,0,mysql_target_000190;mysql_target_000857
mysql_aflgo_r1,mysql,1,src/mysql-server/sql/item.cc:125:2:4,/src/mysql-server/sql/item.cc,125,125,0,0,mysql_target_000190;mysql_target_000857
mysql_aflgo_r1,mysql,1,src/mysql-server/sql/item.cc:125:2:5,/src/mysql-server/sql/item.cc,125,125,0,0,mysql_target_000190;mysql_target_000857
mysql_aflgo_r1,mysql,1,src/mysql-server/sql/item.cc:249:0:0,/src/mysql-server/sql/item.cc,249,249,234,1,mysql_target_000211;mysql_target_000879
mysql_aflgo_r1,mysql,1,src/mysql-server/sql/item.cc:249:0:1,/src/mysql-server/sql/item.cc,249,249,0,0,mysql_target_000211;mysql_target_000879
mysql_aflgo_r1,mysql,1,src/mysql-server/sql/item.cc:251:0:0,/src/mysql-server/sql/item.cc,251,251,0,0,mysql_target_000211;mysql_target_000879
mysql_aflgo_r1,mysql,1,src/mysql-server/sql/item.cc:251:0:1,/src/mysql-server/sql/item.cc,251,251,234,1,mysql_target_000211;mysql_target_000879
mysql_aflgo_r1,mysql,1,src/mysql-server/sql/item.cc:254:0:0,/src/mysql-server/sql/item.cc,254,254,0,0,mysql_target_000211;mysql_target_000879
mysql_aflgo_r1,mysql,1,src/mysql-server/sql/item.cc:254:0:1,/src/mysql-server/sql/item.cc,254,254,0,0,mysql_target_000211;mysql_target_000879
mysql_aflgo_r1,mysql,1,src/mysql-server/sql/item.cc:257:0:0,/src/mysql-server/sql/item.cc,257,257,0,0,mysql_target_000211;mysql_target_000879
mysql_aflgo_r1,mysql,1,src/mysql-server/sql/item.cc:257:0:1,/src/mysql-server/sql/item.cc,257,257,234,1,mysql_target_000211;mysql_target_000879
mysql_aflgo_r1,mysql,1,src/mysql-server/sql/item.cc:258:0:0,/src/mysql-server/sql/item.cc,258,258,0,0,mysql_target_000211;mysql_target_000879
mysql_aflgo_r1,mysql,1,src/mysql-server/sql/item.cc:258:0:1,/src/mysql-server/sql/item.cc,258,258,234,1,mysql_target_000211;mysql_target_000879
mysql_aflgo_r1,mysql,1,src/mysql-server/sql/item.cc:260:0:0,/src/mysql-server/sql/item.cc,260,260,0,0,mysql_target_000211;mysql_target_000879
mysql_aflgo_r1,mysql,1,src/mysql-server/sql/item.cc:260:0:1,/src/mysql-server/sql/item.cc,260,260,234,1,mysql_target_000211;mysql_target_000879
mysql_aflgo_r1,mysql,1,src/mysql-server/sql/item.cc:261:0:0,/src/mysql-server/sql/item.cc,261,261,0,0,mysql_target_000211;mysql_target_000879
mysql_aflgo_r1,mysql,1,src/mysql-server/sql/item.cc:261:0:1,/src/mysql-server/sql/item.cc,261,261,234,1,mysql_target_000211;mysql_target_000879
mysql_aflgo_r1,mysql,1,src/mysql-server/sql/item.cc:530:0:0,/src/mysql-server/sql/item.cc,530,530,0,0,mysql_target_000247;mysql_target_000919
mysql_aflgo_r1,mysql,1,src/mysql-server/sql/item.cc:530:0:1,/src/mysql-server/sql/item.cc,530,530,0,0,mysql_target_000247;mysql_target_000919
mysql_aflgo_r1,mysql,1,src/mysql-server/sql/item.cc:532:0:0,/src/mysql-server/sql/item.cc,532,532,0,0,mysql_target_000247;mysql_target_000919
mysql_aflgo_r1,mysql,1,src/mysql-server/sql/item.cc:532:0:1,/src/mysql-server/sql/item.cc,532,532,0,0,mysql_target_000247;mysql_target_000919
mysql_aflgo_r1,mysql,1,src/mysql-server/sql/item.cc:545:0:0,/src/mysql-server/sql/item.cc,545,545,0,0,mysql_target_000252;mysql_target_000924
mysql_aflgo_r1,mysql,1,src/mysql-server/sql/item.cc:545:0:1,/src/mysql-server/sql/item.cc,545,545,0,0,mysql_target_000252;mysql_target_000924
mysql_aflgo_r1,mysql,1,src/mysql-server/sql/item.cc:642:0:0,/src/mysql-server/sql/item.cc,642,642,1108,1,mysql_target_000259;mysql_target_000931
mysql_aflgo_r1,mysql,1,src/mysql-server/sql/item.cc:642:0:1,/src/mysql-server/sql/item.cc,642,642,0,0,mysql_target_000259;mysql_target_000931
mysql_aflgo_r1,mysql,1,src/mysql-server/sql/item.cc:642:1:2,/src/mysql-server/sql/item.cc,642,642,178,1,mysql_target_000259;mysql_target_000931
mysql_aflgo_r1,mysql,1,src/mysql-server/sql/item.cc:642:1:3,/src/mysql-server/sql/item.cc,642,642,930,1,mysql_target_000259;mysql_target_000931
mysql_aflgo_r1,mysql,1,src/mysql-server/sql/item.cc:645:0:0,/src/mysql-server/sql/item.cc,645,645,0,0,mysql_target_000259;mysql_target_000931
mysql_aflgo_r1,mysql,1,src/mysql-server/sql/item.cc:645:0:1,/src/mysql-server/sql/item.cc,645,645,930,1,mysql_target_000259;mysql_target_000931
mysql_aflgo_r1,mysql,1,src/mysql-server/sql/item.cc:658:0:0,/src/mysql-server/sql/item.cc,658,658,1046,1,mysql_target_000259;mysql_target_000931
mysql_aflgo_r1,mysql,1,src/mysql-server/sql/item.cc:658:0:1,/src/mysql-server/sql/item.cc,658,658,930,1,mysql_target_000259;mysql_target_000931
mysql_aflgo_r1,mysql,1,src/mysql-server/sql/item.cc:660:0:0,/src/mysql-server/sql/item.cc,660,660,125,1,mysql_target_000259;mysql_target_000931
mysql_aflgo_r1,mysql,1,src/mysql-server/sql/item.cc:660:0:1,/src/mysql-server/sql/item.cc,660,660,921,1,mysql_target_000259;mysql_target_000931
mysql_aflgo_r1,mysql,1,src/mysql-server/sql/item.cc:665:0:0,/src/mysql-server/sql/item.cc,665,665,0,0,mysql_target_000259;mysql_target_000931
mysql_aflgo_r1,mysql,1,src/mysql-server/sql/item.cc:665:0:1,/src/mysql-server/sql/item.cc,665,665,921,1,mysql_target_000259;mysql_target_000931
mysql_aflgo_r1,mysql,1,src/mysql-server/sql/item.cc:673:0:0,/src/mysql-server/sql/item.cc,673,673,112,1,mysql_target_000259;mysql_target_000931
mysql_aflgo_r1,mysql,1,src/mysql-server/sql/item.cc:673:0:1,/src/mysql-server/sql/item.cc,673,673,818,1,mysql_target_000259;mysql_target_000931
mysql_aflgo_r1,mysql,1,src/mysql-server/sql/item.cc:673:1:2,/src/mysql-server/sql/item.cc,673,673,86,1,mysql_target_000259;mysql_target_000931
mysql_aflgo_r1,mysql,1,src/mysql-server/sql/item.cc:673:1:3,/src/mysql-server/sql/item.cc,673,673,26,1,mysql_target_000259;mysql_target_000931
mysql_aflgo_r1,mysql,1,src/mysql-server/sql/item.cc:676:0:0,/src/mysql-server/sql/item.cc,676,676,178,1,mysql_target_000259;mysql_target_000931
mysql_aflgo_r1,mysql,1,src/mysql-server/sql/item.cc:676:0:1,/src/mysql-server/sql/item.cc,676,676,86,1,mysql_target_000259;mysql_target_000931
mysql_aflgo_r1,mysql,1,src/mysql-server/sql/item.cc:677:0:0,/src/mysql-server/sql/item.cc,677,677,86,1,mysql_target_000259;mysql_target_000931
mysql_aflgo_r1,mysql,1,src/mysql-server/sql/item.cc:677:0:1,/src/mysql-server/sql/item.cc,677,677,92,1,mysql_target_000259;mysql_target_000931
mysql_aflgo_r1,mysql,1,src/mysql-server/sql/item.cc:678:0:0,/src/mysql-server/sql/item.cc,678,678,85,1,mysql_target_000259;mysql_target_000931
mysql_aflgo_r1,mysql,1,src/mysql-server/sql/item.cc:678:0:1,/src/mysql-server/sql/item.cc,678,678,1,1,mysql_target_000259;mysql_target_000931
mysql_aflgo_r1,mysql,1,src/mysql-server/sql/item.cc:679:0:0,/src/mysql-server/sql/item.cc,679,679,0,0,mysql_target_000259;mysql_target_000931
mysql_aflgo_r1,mysql,1,src/mysql-server/sql/item.cc:679:0:1,/src/mysql-server/sql/item.cc,679,679,1,1,mysql_target_000259;mysql_target_000931
mysql_aflgo_r1,mysql,1,src/mysql-server/sql/item.cc:680:0:0,/src/mysql-server/sql/item.cc,680,680,85,1,mysql_target_000259;mysql_target_000931
mysql_aflgo_r1,mysql,1,src/mysql-server/sql/item.cc:680:0:1,/src/mysql-server/sql/item.cc,680,680,1,1,mysql_target_000259;mysql_target_000931
mysql_aflgo_r1,mysql,1,src/mysql-server/sql/item.cc:682:0:0,/src/mysql-server/sql/item.cc,682,682,0,0,mysql_target_000259;mysql_target_000931
mysql_aflgo_r1,mysql,1,src/mysql-server/sql/item.cc:682:0:1,/src/mysql-server/sql/item.cc,682,682,85,1,mysql_target_000259;mysql_target_000931
mysql_aflgo_r1,mysql,1,src/mysql-server/sql/item.cc:685:0:0,/src/mysql-server/sql/item.cc,685,685,0,0,mysql_target_000259;mysql_target_000931
mysql_aflgo_r1,mysql,1,src/mysql-server/sql/item.cc:685:0:1,/src/mysql-server/sql/item.cc,685,685,85,1,mysql_target_000259;mysql_target_000931
mysql_aflgo_r1,mysql,1,src/mysql-server/sql/item.cc:688:0:0,/src/mysql-server/sql/item.cc,688,688,0,0,mysql_target_000259;mysql_target_000931
mysql_aflgo_r1,mysql,1,src/mysql-server/sql/item.cc:688:0:1,/src/mysql-server/sql/item.cc,688,688,85,1,mysql_target_000259;mysql_target_000931
mysql_aflgo_r1,mysql,1,src/mysql-server/sql/item.cc:691:0:0,/src/mysql-server/sql/item.cc,691,691,0,0,mysql_target_000259;mysql_target_000931
mysql_aflgo_r1,mysql,1,src/mysql-server/sql/item.cc:691:0:1,/src/mysql-server/sql/item.cc,691,691,85,1,mysql_target_000259;mysql_target_000931
mysql_aflgo_r1,mysql,1,src/mysql-server/sql/item.cc:694:0:0,/src/mysql-server/sql/item.cc,694,694,85,1,mysql_target_000259;mysql_target_000931
mysql_aflgo_r1,mysql,1,src/mysql-server/sql/item.cc:694:0:1,/src/mysql-server/sql/item.cc,694,694,0,0,mysql_target_000259;mysql_target_000931
mysql_aflgo_r1,mysql,1,src/mysql-server/sql/item.cc:697:0:0,/src/mysql-server/sql/item.cc,697,697,0,0,mysql_target_000259;mysql_target_000931
mysql_aflgo_r1,mysql,1,src/mysql-server/sql/item.cc:697:0:1,/src/mysql-server/sql/item.cc,697,697,85,1,mysql_target_000259;mysql_target_000931
mysql_aflgo_r1,mysql,1,src/mysql-server/sql/item.cc:708:0:0,/src/mysql-server/sql/item.cc,708,708,0,0,mysql_target_000259;mysql_target_000931
mysql_aflgo_r1,mysql,1,src/mysql-server/sql/item.cc:708:0:1,/src/mysql-server/sql/item.cc,708,708,930,1,mysql_target_000259;mysql_target_000931
mysql_aflgo_r1,mysql,1,src/mysql-server/sql/item.cc:712:0:0,/src/mysql-server/sql/item.cc,712,712,0,0,mysql_target_000259;mysql_target_000931
mysql_aflgo_r1,mysql,1,src/mysql-server/sql/item.cc:712:0:1,/src/mysql-server/sql/item.cc,712,712,930,1,mysql_target_000259;mysql_target_000931
mysql_aflgo_r1,mysql,1,src/mysql-server/sql/item.cc:716:0:0,/src/mysql-server/sql/item.cc,716,716,0,0,mysql_target_000259;mysql_target_000931
mysql_aflgo_r1,mysql,1,src/mysql-server/sql/item.cc:716:0:1,/src/mysql-server/sql/item.cc,716,716,930,1,mysql_target_000259;mysql_target_000931
mysql_aflgo_r1,mysql,1,src/mysql-server/sql/item.cc:717:0:0,/src/mysql-server/sql/item.cc,717,717,0,0,mysql_target_000259;mysql_target_000931
mysql_aflgo_r1,mysql,1,src/mysql-server/sql/item.cc:717:0:1,/src/mysql-server/sql/item.cc,717,717,930,1,mysql_target_000259;mysql_target_000931
mysql_aflgo_r1,mysql,1,src/mysql-server/sql/item.cc:718:0:0,/src/mysql-server/sql/item.cc,718,718,0,0,mysql_target_000259;mysql_target_000931
mysql_aflgo_r1,mysql,1,src/mysql-server/sql/item.cc:718:0:1,/src/mysql-server/sql/item.cc,718,718,930,1,mysql_target_000259;mysql_target_000931
mysql_aflgo_r1,mysql,1,src/mysql-server/sql/item.cc:719:0:0,/src/mysql-server/sql/item.cc,719,719,8,1,mysql_target_000259;mysql_target_000931
mysql_aflgo_r1,mysql,1,src/mysql-server/sql/item.cc:719:0:1,/src/mysql-server/sql/item.cc,719,719,922,1,mysql_target_000259;mysql_target_000931
mysql_aflgo_r1,mysql,1,src/mysql-server/sql/item.cc:720:0:0,/src/mysql-server/sql/item.cc,720,720,116,1,mysql_target_000259;mysql_target_000931
mysql_aflgo_r1,mysql,1,src/mysql-server/sql/item.cc:720:0:1,/src/mysql-server/sql/item.cc,720,720,814,1,mysql_target_000259;mysql_target_000931
mysql_aflgo_r1,mysql,1,src/mysql-server/sql/item.cc:724:0:0,/src/mysql-server/sql/item.cc,724,724,212,1,mysql_target_000259;mysql_target_000931
mysql_aflgo_r1,mysql,1,src/mysql-server/sql/item.cc:724:0:1,/src/mysql-server/sql/item.cc,724,724,718,1,mysql_target_000259;mysql_target_000931
mysql_aflgo_r1,mysql,1,src/mysql-server/sql/item.cc:728:0:0,/src/mysql-server/sql/item.cc,728,728,0,0,mysql_target_000259;mysql_target_000931
mysql_aflgo_r1,mysql,1,src/mysql-server/sql/item.cc:728:0:1,/src/mysql-server/sql/item.cc,728,728,930,1,mysql_target_000259;mysql_target_000931
mysql_aflgo_r1,mysql,1,src/mysql-server/sql/item.cc:729:0:0,/src/mysql-server/sql/item.cc,729,729,0,0,mysql_target_000259;mysql_target_000931
mysql_aflgo_r1,mysql,1,src/mysql-server/sql/item.cc:729:0:1,/src/mysql-server/sql/item.cc,729,729,930,1,mysql_target_000259;mysql_target_000931
mysql_aflgo_r1,mysql,1,src/mysql-server/sql/item.cc:733:0:0,/src/mysql-server/sql/item.cc,733,733,0,0,mysql_target_000259;mysql_target_000931
mysql_aflgo_r1,mysql,1,src/mysql-server/sql/item.cc:733:0:1,/src/mysql-server/sql/item.cc,733,733,930,1,mysql_target_000259;mysql_target_000931
mysql_aflgo_r1,mysql,1,src/mysql-server/sql/item.cc:737:0:0,/src/mysql-server/sql/item.cc,737,737,0,0,mysql_target_000259;mysql_target_000931
mysql_aflgo_r1,mysql,1,src/mysql-server/sql/item.cc:737:0:1,/src/mysql-server/sql/item.cc,737,737,930,1,mysql_target_000259;mysql_target_000931
mysql_aflgo_r1,mysql,1,src/mysql-server/sql/item.cc:739:0:0,/src/mysql-server/sql/item.cc,739,739,0,0,mysql_target_000259;mysql_target_000931
mysql_aflgo_r1,mysql,1,src/mysql-server/sql/item.cc:739:0:1,/src/mysql-server/sql/item.cc,739,739,0,0,mysql_target_000259;mysql_target_000931
mysql_aflgo_r1,mysql,1,src/mysql-server/sql/item.cc:740:0:0,/src/mysql-server/sql/item.cc,740,740,0,0,mysql_target_000259;mysql_target_000931
mysql_aflgo_r1,mysql,1,src/mysql-server/sql/item.cc:740:0:1,/src/mysql-server/sql/item.cc,740,740,0,0,mysql_target_000259;mysql_target_000931
mysql_aflgo_r1,mysql,1,src/mysql-server/sql/item.cc:747:0:0,/src/mysql-server/sql/item.cc,747,747,6,1,mysql_target_000259;mysql_target_000931
mysql_aflgo_r1,mysql,1,src/mysql-server/sql/item.cc:747:0:1,/src/mysql-server/sql/item.cc,747,747,924,1,mysql_target_000259;mysql_target_000931
mysql_aflgo_r1,mysql,1,src/mysql-server/sql/item.cc:749:0:0,/src/mysql-server/sql/item.cc,749,749,12,1,mysql_target_000259;mysql_target_000931
mysql_aflgo_r1,mysql,1,src/mysql-server/sql/item.cc:749:0:1,/src/mysql-server/sql/item.cc,749,749,6,1,mysql_target_000259;mysql_target_000931
mysql_aflgo_r1,mysql,1,src/mysql-server/sql/item.cc:750:0:0,/src/mysql-server/sql/item.cc,750,750,6,1,mysql_target_000259;mysql_target_000931
mysql_aflgo_r1,mysql,1,src/mysql-server/sql/item.cc:750:0:1,/src/mysql-server/sql/item.cc,750,750,6,1,mysql_target_000259;mysql_target_000931
mysql_aflgo_r1,mysql,1,src/mysql-server/sql/item.cc:757:0:0,/src/mysql-server/sql/item.cc,757,757,0,0,mysql_target_000259;mysql_target_000931
mysql_aflgo_r1,mysql,1,src/mysql-server/sql/item.cc:757:0:1,/src/mysql-server/sql/item.cc,757,757,930,1,mysql_target_000259;mysql_target_000931
mysql_aflgo_r1,mysql,1,src/mysql-server/sql/item.cc:759:0:0,/src/mysql-server/sql/item.cc,759,759,0,0,mysql_target_000259;mysql_target_000931
mysql_aflgo_r1,mysql,1,src/mysql-server/sql/item.cc:759:0:1,/src/mysql-server/sql/item.cc,759,759,0,0,mysql_target_000259;mysql_target_000931
mysql_aflgo_r1,mysql,1,src/mysql-server/sql/item.cc:760:0:0,/src/mysql-server/sql/item.cc,760,760,0,0,mysql_target_000259;mysql_target_000931
mysql_aflgo_r1,mysql,1,src/mysql-server/sql/item.cc:760:0:1,/src/mysql-server/sql/item.cc,760,760,0,0,mysql_target_000259;mysql_target_000931
mysql_aflgo_r1,mysql,1,src/mysql-server/sql/item.cc:767:0:0,/src/mysql-server/sql/item.cc,767,767,0,0,mysql_target_000259;mysql_target_000931
mysql_aflgo_r1,mysql,1,src/mysql-server/sql/item.cc:767:0:1,/src/mysql-server/sql/item.cc,767,767,930,1,mysql_target_000259;mysql_target_000931
mysql_aflgo_r1,mysql,1,src/mysql-server/sql/item.cc:771:0:0,/src/mysql-server/sql/item.cc,771,771,0,0,mysql_target_000259;mysql_target_000931
mysql_aflgo_r1,mysql,1,src/mysql-server/sql/item.cc:771:0:1,/src/mysql-server/sql/item.cc,771,771,930,1,mysql_target_000259;mysql_target_000931
mysql_aflgo_r1,mysql,1,src/mysql-server/sql/item.cc:775:0:0,/src/mysql-server/sql/item.cc,775,775,0,0,mysql_target_000259;mysql_target_000931
mysql_aflgo_r1,mysql,1,src/mysql-server/sql/item.cc:775:0:1,/src/mysql-server/sql/item.cc,775,775,930,1,mysql_target_000259;mysql_target_000931
mysql_aflgo_r1,mysql,1,src/mysql-server/sql/item.cc:780:0:0,/src/mysql-server/sql/item.cc,780,780,0,0,mysql_target_000286;mysql_target_000982
mysql_aflgo_r1,mysql,1,src/mysql-server/sql/item.cc:780:0:1,/src/mysql-server/sql/item.cc,780,780,930,1,mysql_target_000286;mysql_target_000982
mysql_aflgo_r1,mysql,1,src/mysql-server/sql/item.cc:784:0:0,/src/mysql-server/sql/item.cc,784,784,0,0,mysql_target_000286;mysql_target_000982
mysql_aflgo_r1,mysql,1,src/mysql-server/sql/item.cc:784:0:1,/src/mysql-server/sql/item.cc,784,784,930,1,mysql_target_000286;mysql_target_000982
mysql_aflgo_r1,mysql,1,src/mysql-server/sql/item.cc:785:0:0,/src/mysql-server/sql/item.cc,785,785,0,0,mysql_target_000286;mysql_target_000982
mysql_aflgo_r1,mysql,1,src/mysql-server/sql/item.cc:785:0:1,/src/mysql-server/sql/item.cc,785,785,930,1,mysql_target_000286;mysql_target_000982
mysql_aflgo_r1,mysql,1,src/mysql-server/sql/item.cc:786:0:0,/src/mysql-server/sql/item.cc,786,786,525,1,mysql_target_000286;mysql_target_000982
mysql_aflgo_r1,mysql,1,src/mysql-server/sql/item.cc:786:0:1,/src/mysql-server/sql/item.cc,786,786,405,1,mysql_target_000286;mysql_target_000982
mysql_aflgo_r1,mysql,1,src/mysql-server/sql/item.cc:787:0:0,/src/mysql-server/sql/item.cc,787,787,0,0,mysql_target_000286;mysql_target_000982
mysql_aflgo_r1,mysql,1,src/mysql-server/sql/item.cc:787:0:1,/src/mysql-server/sql/item.cc,787,787,930,1,mysql_target_000286;mysql_target_000982
mysql_aflgo_r1,mysql,1,src/mysql-server/sql/item.cc:788:0:0,/src/mysql-server/sql/item.cc,788,788,39,1,mysql_target_000286;mysql_target_000982
mysql_aflgo_r1,mysql,1,src/mysql-server/sql/item.cc:788:0:1,/src/mysql-server/sql/item.cc,788,788,891,1,mysql_target_000286;mysql_target_000982
mysql_aflgo_r1,mysql,1,src/mysql-server/sql/item.cc:789:0:0,/src/mysql-server/sql/item.cc,789,789,7,1,mysql_target_000286;mysql_target_000982
mysql_aflgo_r1,mysql,1,src/mysql-server/sql/item.cc:789:0:1,/src/mysql-server/sql/item.cc,789,789,923,1,mysql_target_000286;mysql_target_000982
mysql_aflgo_r1,mysql,1,src/mysql-server/sql/item.cc:790:0:0,/src/mysql-server/sql/item.cc,790,790,16,1,mysql_target_000286;mysql_target_000982
mysql_aflgo_r1,mysql,1,src/mysql-server/sql/item.cc:790:0:1,/src/mysql-server/sql/item.cc,790,790,914,1,mysql_target_000286;mysql_target_000982
mysql_aflgo_r1,mysql,1,src/mysql-server/sql/item.cc:791:0:0,/src/mysql-server/sql/item.cc,791,791,0,0,mysql_target_000286;mysql_target_000982
mysql_aflgo_r1,mysql,1,src/mysql-server/sql/item.cc:791:0:1,/src/mysql-server/sql/item.cc,791,791,930,1,mysql_target_000286;mysql_target_000982
mysql_aflgo_r1,mysql,1,src/mysql-server/sql/item.cc:792:0:0,/src/mysql-server/sql/item.cc,792,792,1,1,mysql_target_000286;mysql_target_000982
mysql_aflgo_r1,mysql,1,src/mysql-server/sql/item.cc:792:0:1,/src/mysql-server/sql/item.cc,792,792,929,1,mysql_target_000286;mysql_target_000982
mysql_aflgo_r1,mysql,1,src/mysql-server/sql/item.cc:793:0:0,/src/mysql-server/sql/item.cc,793,793,0,0,mysql_target_000286;mysql_target_000982
mysql_aflgo_r1,mysql,1,src/mysql-server/sql/item.cc:793:0:1,/src/mysql-server/sql/item.cc,793,793,588,1,mysql_target_000286;mysql_target_000982
mysql_aflgo_r1,mysql,1,src/mysql-server/sql/item.cc:979:0:0,/src/mysql-server/sql/item.cc,979,979,0,0,mysql_target_000313;mysql_target_001024
mysql_aflgo_r1,mysql,1,src/mysql-server/sql/item.cc:979:0:1,/src/mysql-server/sql/item.cc,979,979,0,0,mysql_target_000313;mysql_target_001024
mysql_aflgo_r1,mysql,1,src/mysql-server/sql/item.cc:1018:0:0,/src/mysql-server/sql/item.cc,1018,1018,0,0,mysql_target_000145;mysql_target_000812
mysql_aflgo_r1,mysql,1,src/mysql-server/sql/item.cc:1018:0:1,/src/mysql-server/sql/item.cc,1018,1018,0,0,mysql_target_000145;mysql_target_000812
mysql_aflgo_r1,mysql,1,src/mysql-server/sql/item.cc:1023:0:0,/src/mysql-server/sql/item.cc,1023,1023,0,0,mysql_target_000145;mysql_target_000812
mysql_aflgo_r1,mysql,1,src/mysql-server/sql/item.cc:1023:0:1,/src/mysql-server/sql/item.cc,1023,1023,0,0,mysql_target_000145;mysql_target_000812
mysql_aflgo_r1,mysql,1,src/mysql-server/sql/item.cc:1024:0:0,/src/mysql-server/sql/item.cc,1024,1024,0,0,mysql_target_000145;mysql_target_000812
mysql_aflgo_r1,mysql,1,src/mysql-server/sql/item.cc:1024:0:1,/src/mysql-server/sql/item.cc,1024,1024,0,0,mysql_target_000145;mysql_target_000812
mysql_aflgo_r1,mysql,1,src/mysql-server/sql/item.cc:1027:0:0,/src/mysql-server/sql/item.cc,1027,1027,0,0,mysql_target_000145;mysql_target_000812
mysql_aflgo_r1,mysql,1,src/mysql-server/sql/item.cc:1027:0:1,/src/mysql-server/sql/item.cc,1027,1027,0,0,mysql_target_000145;mysql_target_000812
mysql_aflgo_r1,mysql,1,src/mysql-server/sql/item.cc:1048:0:0,/src/mysql-server/sql/item.cc,1048,1048,0,0,mysql_target_000152;mysql_target_000819
mysql_aflgo_r1,mysql,1,src/mysql-server/sql/item.cc:1048:0:1,/src/mysql-server/sql/item.cc,1048,1048,0,0,mysql_target_000152;mysql_target_000819
mysql_aflgo_r1,mysql,1,src/mysql-server/sql/item.cc:1052:0:0,/src/mysql-server/sql/item.cc,1052,1052,0,0,mysql_target_000152;mysql_target_000819
mysql_aflgo_r1,mysql,1,src/mysql-server/sql/item.cc:1052:0:1,/src/mysql-server/sql/item.cc,1052,1052,0,0,mysql_target_000152;mysql_target_000819
mysql_aflgo_r1,mysql,1,src/mysql-server/sql/item.cc:1053:0:0,/src/mysql-server/sql/item.cc,1053,1053,0,0,mysql_target_000152;mysql_target_000819
mysql_aflgo_r1,mysql,1,src/mysql-server/sql/item.cc:1053:0:1,/src/mysql-server/sql/item.cc,1053,1053,0,0,mysql_target_000152;mysql_target_000819
mysql_aflgo_r1,mysql,1,src/mysql-server/sql/item.cc:1056:0:0,/src/mysql-server/sql/item.cc,1056,1056,0,0,mysql_target_000158;mysql_target_000825
mysql_aflgo_r1,mysql,1,src/mysql-server/sql/item.cc:1056:0:1,/src/mysql-server/sql/item.cc,1056,1056,0,0,mysql_target_000158;mysql_target_000825
mysql_aflgo_r1,mysql,1,src/mysql-server/sql/item.cc:1064:0:0,/src/mysql-server/sql/item.cc,1064,1064,0,0,mysql_target_000161;mysql_target_000828
mysql_aflgo_r1,mysql,1,src/mysql-server/sql/item.cc:1064:0:1,/src/mysql-server/sql/item.cc,1064,1064,0,0,mysql_target_000161;mysql_target_000828
mysql_aflgo_r1,mysql,1,src/mysql-server/sql/item.cc:1068:0:0,/src/mysql-server/sql/item.cc,1068,1068,0,0,mysql_target_000161;mysql_target_000828
mysql_aflgo_r1,mysql,1,src/mysql-server/sql/item.cc:1068:0:1,/src/mysql-server/sql/item.cc,1068,1068,0,0,mysql_target_000161;mysql_target_000828
mysql_aflgo_r1,mysql,1,src/mysql-server/sql/item.cc:1069:0:0,/src/mysql-server/sql/item.cc,1069,1069,0,0,mysql_target_000161;mysql_target_000828
mysql_aflgo_r1,mysql,1,src/mysql-server/sql/item.cc:1069:0:1,/src/mysql-server/sql/item.cc,1069,1069,0,0,mysql_target_000161;mysql_target_000828
mysql_aflgo_r1,mysql,1,src/mysql-server/sql/item.cc:1397:0:0,/src/mysql-server/sql/item.cc,1397,1397,0,0,mysql_target_000191;mysql_target_000858;mysql_target_000859
mysql_aflgo_r1,mysql,1,src/mysql-server/sql/item.cc:1397:0:1,/src/mysql-server/sql/item.cc,1397,1397,244,1,mysql_target_000191;mysql_target_000858;mysql_target_000859
mysql_aflgo_r1,mysql,1,src/mysql-server/sql/item.cc:1399:0:0,/src/mysql-server/sql/item.cc,1399,1399,0,0,mysql_target_000191;mysql_target_000858;mysql_target_000859
mysql_aflgo_r1,mysql,1,src/mysql-server/sql/item.cc:1399:0:1,/src/mysql-server/sql/item.cc,1399,1399,0,0,mysql_target_000191;mysql_target_000858;mysql_target_000859
mysql_aflgo_r1,mysql,1,src/mysql-server/sql/item.cc:1401:0:0,/src/mysql-server/sql/item.cc,1401,1401,0,0,mysql_target_000191;mysql_target_000858
mysql_aflgo_r1,mysql,1,src/mysql-server/sql/item.cc:1401:0:1,/src/mysql-server/sql/item.cc,1401,1401,0,0,mysql_target_000191;mysql_target_000858
mysql_aflgo_r1,mysql,1,src/mysql-server/sql/item.cc:1478:0:0,/src/mysql-server/sql/item.cc,1478,1478,30745,1,mysql_target_000192;mysql_target_000860
mysql_aflgo_r1,mysql,1,src/mysql-server/sql/item.cc:1478:0:1,/src/mysql-server/sql/item.cc,1478,1478,0,0,mysql_target_000192;mysql_target_000860
mysql_aflgo_r1,mysql,1,src/mysql-server/sql/item.cc:1483:0:0,/src/mysql-server/sql/item.cc,1483,1483,31093,1,mysql_target_000192;mysql_target_000860
mysql_aflgo_r1,mysql,1,src/mysql-server/sql/item.cc:1483:0:1,/src/mysql-server/sql/item.cc,1483,1483,106,1,mysql_target_000192;mysql_target_000860
mysql_aflgo_r1,mysql,1,src/mysql-server/sql/item.cc:1483:1:2,/src/mysql-server/sql/item.cc,1483,1483,454,1,mysql_target_000192;mysql_target_000860
mysql_aflgo_r1,mysql,1,src/mysql-server/sql/item.cc:1483:1:3,/src/mysql-server/sql/item.cc,1483,1483,30639,1,mysql_target_000192;mysql_target_000860
mysql_aflgo_r1,mysql,1,src/mysql-server/sql/item.cc:1549:0:0,/src/mysql-server/sql/item.cc,1549,1549,0,0,mysql_target_000193;mysql_target_000861
mysql_aflgo_r1,mysql,1,src/mysql-server/sql/item.cc:1549:0:1,/src/mysql-server/sql/item.cc,1549,1549,682,1,mysql_target_000193;mysql_target_000861
mysql_aflgo_r1,mysql,1,src/mysql-server/sql/item.cc:1553:0:0,/src/mysql-server/sql/item.cc,1553,1553,0,0,mysql_target_000193;mysql_target_000861
mysql_aflgo_r1,mysql,1,src/mysql-server/sql/item.cc:1553:0:1,/src/mysql-server/sql/item.cc,1553,1553,682,1,mysql_target_000193;mysql_target_000861
mysql_aflgo_r1,mysql,1,src/mysql-server/sql/item.cc:1912:0:0,/src/mysql-server/sql/item.cc,1912,1912,0,0,mysql_target_000198;mysql_target_000866
mysql_aflgo_r1,mysql,1,src/mysql-server/sql/item.cc:1912:0:1,/src/mysql-server/sql/item.cc,1912,1912,20,1,mysql_target_000198;mysql_target_000866
mysql_aflgo_r1,mysql,1,src/mysql-server/sql/item.cc:1912:1:2,/src/mysql-server/sql/item.cc,1912,1912,0,0,mysql_target_000198;mysql_target_000866
mysql_aflgo_r1,mysql,1,src/mysql-server/sql/item.cc:1912:1:3,/src/mysql-server/sql/item.cc,1912,1912,20,1,mysql_target_000198;mysql_target_000866
mysql_aflgo_r1,mysql,1,src/mysql-server/sql/item.cc:1913:0:0,/src/mysql-server/sql/item.cc,1913,1913,0,0,mysql_target_000198;mysql_target_000866
mysql_aflgo_r1,mysql,1,src/mysql-server/sql/item.cc:1913:0:1,/src/mysql-server/sql/item.cc,1913,1913,20,1,mysql_target_000198;mysql_target_000866
mysql_aflgo_r1,mysql,1,src/mysql-server/sql/item.cc:1915:0:0,/src/mysql-server/sql/item.cc,1915,1915,0,0,mysql_target_000198;mysql_target_000866
mysql_aflgo_r1,mysql,1,src/mysql-server/sql/item.cc:1915:0:1,/src/mysql-server/sql/item.cc,1915,1915,20,1,mysql_target_000198;mysql_target_000866
mysql_aflgo_r1,mysql,1,src/mysql-server/sql/item.cc:1927:0:0,/src/mysql-server/sql/item.cc,1927,1927,0,0,mysql_target_000198;mysql_target_000866
mysql_aflgo_r1,mysql,1,src/mysql-server/sql/item.cc:1927:0:1,/src/mysql-server/sql/item.cc,1927,1927,0,0,mysql_target_000198;mysql_target_000866
mysql_aflgo_r1,mysql,1,src/mysql-server/sql/item.cc:2082:0:0,/src/mysql-server/sql/item.cc,2082,2082,0,0,mysql_target_000204;mysql_target_000872
mysql_aflgo_r1,mysql,1,src/mysql-server/sql/item.cc:2082:0:1,/src/mysql-server/sql/item.cc,2082,2082,0,0,mysql_target_000204;mysql_target_000872
mysql_aflgo_r1,mysql,1,src/mysql-server/sql/item.cc:2124:0:0,/src/mysql-server/sql/item.cc,2124,2124,0,0,mysql_target_000208;mysql_target_000876
mysql_aflgo_r1,mysql,1,src/mysql-server/sql/item.cc:2124:0:1,/src/mysql-server/sql/item.cc,2124,2124,0,0,mysql_target_000208;mysql_target_000876
mysql_aflgo_r1,mysql,1,src/mysql-server/sql/item.cc:2190:0:0,/src/mysql-server/sql/item.cc,2190,2190,0,0,mysql_target_000209;mysql_target_000877
mysql_aflgo_r1,mysql,1,src/mysql-server/sql/item.cc:2190:0:1,/src/mysql-server/sql/item.cc,2190,2190,0,0,mysql_target_000209;mysql_target_000877
mysql_aflgo_r1,mysql,1,src/mysql-server/sql/item.cc:2191:0:0,/src/mysql-server/sql/item.cc,2191,2191,0,0,mysql_target_000209;mysql_target_000877
mysql_aflgo_r1,mysql,1,src/mysql-server/sql/item.cc:2191:0:1,/src/mysql-server/sql/item.cc,2191,2191,0,0,mysql_target_000209;mysql_target_000877
mysql_aflgo_r1,mysql,1,src/mysql-server/sql/item.cc:2191:1:2,/src/mysql-server/sql/item.cc,2191,2191,0,0,mysql_target_000209;mysql_target_000877
mysql_aflgo_r1,mysql,1,src/mysql-server/sql/item.cc:2191:1:3,/src/mysql-server/sql/item.cc,2191,2191,0,0,mysql_target_000209;mysql_target_000877
mysql_aflgo_r1,mysql,1,src/mysql-server/sql/item.cc:2192:0:0,/src/mysql-server/sql/item.cc,2192,2192,0,0,mysql_target_000209;mysql_target_000877
mysql_aflgo_r1,mysql,1,src/mysql-server/sql/item.cc:2192:0:1,/src/mysql-server/sql/item.cc,2192,2192,0,0,mysql_target_000209;mysql_target_000877
mysql_aflgo_r1,mysql,1,src/mysql-server/sql/item.cc:2208:0:0,/src/mysql-server/sql/item.cc,2208,2208,0,0,mysql_target_000210;mysql_target_000878
mysql_aflgo_r1,mysql,1,src/mysql-server/sql/item.cc:2208:0:1,/src/mysql-server/sql/item.cc,2208,2208,0,0,mysql_target_000210;mysql_target_000878
mysql_aflgo_r1,mysql,1,src/mysql-server/sql/item.cc:2864:0:0,/src/mysql-server/sql/item.cc,2864,2864,4208,1,mysql_target_000212;mysql_target_000880
mysql_aflgo_r1,mysql,1,src/mysql-server/sql/item.cc:2864:0:1,/src/mysql-server/sql/item.cc,2864,2864,1831,1,mysql_target_000212;mysql_target_000880
mysql_aflgo_r1,mysql,1,src/mysql-server/sql/item.cc:2865:0:0,/src/mysql-server/sql/item.cc,2865,2865,2109,1,mysql_target_000212;mysql_target_000880
mysql_aflgo_r1,mysql,1,src/mysql-server/sql/item.cc:2865:0:1,/src/mysql-server/sql/item.cc,2865,2865,2099,1,mysql_target_000212;mysql_target_000880
mysql_aflgo_r1,mysql,1,src/mysql-server/sql/item.cc:2877:0:0,/src/mysql-server/sql/item.cc,2877,2877,4208,1,mysql_target_000212;mysql_target_000880
mysql_aflgo_r1,mysql,1,src/mysql-server/sql/item.cc:2877:0:1,/src/mysql-server/sql/item.cc,2877,2877,1831,1,mysql_target_000212;mysql_target_000880
mysql_aflgo_r1,mysql,1,src/mysql-server/sql/item.cc:2878:0:0,/src/mysql-server/sql/item.cc,2878,2878,1740,1,mysql_target_000212;mysql_target_000880
mysql_aflgo_r1,mysql,1,src/mysql-server/sql/item.cc:2878:0:1,/src/mysql-server/sql/item.cc,2878,2878,2468,1,mysql_target_000212;mysql_target_000880
mysql_aflgo_r1,mysql,1,src/mysql-server/sql/item.cc:2881:0:0,/src/mysql-server/sql/item.cc,2881,2881,1831,1,mysql_target_000212;mysql_target_000880
mysql_aflgo_r1,mysql,1,src/mysql-server/sql/item.cc:2881:0:1,/src/mysql-server/sql/item.cc,2881,2881,637,1,mysql_target_000212;mysql_target_000880
mysql_aflgo_r1,mysql,1,src/mysql-server/sql/item.cc:2885:0:0,/src/mysql-server/sql/item.cc,2885,2885,0,0,mysql_target_000212;mysql_target_000880
mysql_aflgo_r1,mysql,1,src/mysql-server/sql/item.cc:2885:0:1,/src/mysql-server/sql/item.cc,2885,2885,637,1,mysql_target_000212;mysql_target_000880
mysql_aflgo_r1,mysql,1,src/mysql-server/sql/item.cc:2893:0:0,/src/mysql-server/sql/item.cc,2893,2893,1105,1,mysql_target_000212;mysql_target_000880
mysql_aflgo_r1,mysql,1,src/mysql-server/sql/item.cc:2893:0:1,/src/mysql-server/sql/item.cc,2893,2893,726,1,mysql_target_000212;mysql_target_000880
mysql_aflgo_r1,mysql,1,src/mysql-server/sql/item.cc:2893:1:2,/src/mysql-server/sql/item.cc,2893,2893,0,0,mysql_target_000212;mysql_target_000880
mysql_aflgo_r1,mysql,1,src/mysql-server/sql/item.cc:2893:1:3,/src/mysql-server/sql/item.cc,2893,2893,1105,1,mysql_target_000212;mysql_target_000880
mysql_aflgo_r1,mysql,1,src/mysql-server/sql/item.cc:2959:0:0,/src/mysql-server/sql/item.cc,2959,2959,32,1,mysql_target_000213;mysql_target_000881;mysql_target_000882;mysql_target_000883;mysql_target_000884
mysql_aflgo_r1,mysql,1,src/mysql-server/sql/item.cc:2959:0:1,/src/mysql-server/sql/item.cc,2959,2959,744,1,mysql_target_000213;mysql_target_000881;mysql_target_000882;mysql_target_000883;mysql_target_000884
mysql_aflgo_r1,mysql,1,src/mysql-server/sql/item.cc:2960:0:0,/src/mysql-server/sql/item.cc,2960,2960,32,1,mysql_target_000213;mysql_target_000881;mysql_target_000882;mysql_target_000883;mysql_target_000884
mysql_aflgo_r1,mysql,1,src/mysql-server/sql/item.cc:2960:0:1,/src/mysql-server/sql/item.cc,2960,2960,0,0,mysql_target_000213;mysql_target_000881;mysql_target_000882;mysql_target_000883;mysql_target_000884
mysql_aflgo_r1,mysql,1,src/mysql-server/sql/item.cc:2961:0:0,/src/mysql-server/sql/item.cc,2961,2961,32,1,mysql_target_000213;mysql_target_000881;mysql_target_000882;mysql_target_000883;mysql_target_000884
mysql_aflgo_r1,mysql,1,src/mysql-server/sql/item.cc:2961:0:1,/src/mysql-server/sql/item.cc,2961,2961,0,0,mysql_target_000213;mysql_target_000881;mysql_target_000882;mysql_target_000883;mysql_target_000884
mysql_aflgo_r1,mysql,1,src/mysql-server/sql/item.cc:2962:0:0,/src/mysql-server/sql/item.cc,2962,2962,32,1,mysql_target_000213;mysql_target_000881;mysql_target_000882;mysql_target_000883;mysql_target_000884
mysql_aflgo_r1,mysql,1,src/mysql-server/sql/item.cc:2962:0:1,/src/mysql-server/sql/item.cc,2962,2962,0,0,mysql_target_000213;mysql_target_000881;mysql_target_000882;mysql_target_000883;mysql_target_000884
mysql_aflgo_r1,mysql,1,src/mysql-server/sql/item.cc:2966:0:0,/src/mysql-server/sql/item.cc,2966,2966,542,1,mysql_target_000214;mysql_target_000883;mysql_target_000884;mysql_target_000885
mysql_aflgo_r1,mysql,1,src/mysql-server/sql/item.cc:2966:0:1,/src/mysql-server/sql/item.cc,2966,2966,202,1,mysql_target_000214;mysql_target_000883;mysql_target_000884;mysql_target_000885
mysql_aflgo_r1,mysql,1,src/mysql-server/sql/item.cc:2970:0:0,/src/mysql-server/sql/item.cc,2970,2970,0,0,mysql_target_000214;mysql_target_000885
mysql_aflgo_r1,mysql,1,src/mysql-server/sql/item.cc:2970:0:1,/src/mysql-server/sql/item.cc,2970,2970,202,1,mysql_target_000214;mysql_target_000885
mysql_aflgo_r1,mysql,1,src/mysql-server/sql/item.cc:2977:0:0,/src/mysql-server/sql/item.cc,2977,2977,0,0,mysql_target_000214;mysql_target_000885
mysql_aflgo_r1,mysql,1,src/mysql-server/sql/item.cc:2977:0:1,/src/mysql-server/sql/item.cc,2977,2977,202,1,mysql_target_000214;mysql_target_000885
mysql_aflgo_r1,mysql,1,src/mysql-server/sql/item.cc:3151:0:0,/src/mysql-server/sql/item.cc,3151,3151,78,1,mysql_target_000216;mysql_target_000887
mysql_aflgo_r1,mysql,1,src/mysql-server/sql/item.cc:3151:0:1,/src/mysql-server/sql/item.cc,3151,3151,274,1,mysql_target_000216;mysql_target_000887
mysql_aflgo_r1,mysql,1,src/mysql-server/sql/item.cc:3178:0:0,/src/mysql-server/sql/item.cc,3178,3178,24127,1,mysql_target_000216;mysql_target_000887;mysql_target_000888
mysql_aflgo_r1,mysql,1,src/mysql-server/sql/item.cc:3178:0:1,/src/mysql-server/sql/item.cc,3178,3178,30815,1,mysql_target_000216;mysql_target_000887;mysql_target_000888
mysql_aflgo_r1,mysql,1,src/mysql-server/sql/item.cc:3181:0:0,/src/mysql-server/sql/item.cc,3181,3181,0,0,mysql_target_000216;mysql_target_000887;mysql_target_000888
mysql_aflgo_r1,mysql,1,src/mysql-server/sql/item.cc:3181:0:1,/src/mysql-server/sql/item.cc,3181,3181,54942,1,mysql_target_000216;mysql_target_000887;mysql_target_000888
mysql_aflgo_r1,mysql,1,src/mysql-server/sql/item.cc:3272:0:0,/src/mysql-server/sql/item.cc,3272,3272,0,0,mysql_target_000218;mysql_target_000890
mysql_aflgo_r1,mysql,1,src/mysql-server/sql/item.cc:3272:0:1,/src/mysql-server/sql/item.cc,3272,3272,0,0,mysql_target_000218;mysql_target_000890
mysql_aflgo_r1,mysql,1,src/mysql-server/sql/item.cc:3272:1:2,/src/mysql-server/sql/item.cc,3272,3272,0,0,mysql_target_000218;mysql_target_000890
mysql_aflgo_r1,mysql,1,src/mysql-server/sql/item.cc:3272:1:3,/src/mysql-server/sql/item.cc,3272,3272,0,0,mysql_target_000218;mysql_target_000890
mysql_aflgo_r1,mysql,1,src/mysql-server/sql/item.cc:3278:0:0,/src/mysql-server/sql/item.cc,3278,3278,0,0,mysql_target_000218;mysql_target_000890
mysql_aflgo_r1,mysql,1,src/mysql-server/sql/item.cc:3278:0:1,/src/mysql-server/sql/item.cc,3278,3278,0,0,mysql_target_000218;mysql_target_000890
mysql_aflgo_r1,mysql,1,src/mysql-server/sql/item.cc:3295:0:0,/src/mysql-server/sql/item.cc,3295,3295,7235,1,mysql_target_000218;mysql_target_000890
mysql_aflgo_r1,mysql,1,src/mysql-server/sql/item.cc:3295:0:1,/src/mysql-server/sql/item.cc,3295,3295,0,0,mysql_target_000218;mysql_target_000890
mysql_aflgo_r1,mysql,1,src/mysql-server/sql/item.cc:3305:0:0,/src/mysql-server/sql/item.cc,3305,3305,0,0,mysql_target_000219;mysql_target_000891
mysql_aflgo_r1,mysql,1,src/mysql-server/sql/item.cc:3305:0:1,/src/mysql-server/sql/item.cc,3305,3305,0,0,mysql_target_000219;mysql_target_000891
mysql_aflgo_r1,mysql,1,src/mysql-server/sql/item.cc:3305:1:2,/src/mysql-server/sql/item.cc,3305,3305,0,0,mysql_target_000219;mysql_target_000891
mysql_aflgo_r1,mysql,1,src/mysql-server/sql/item.cc:3305:1:3,/src/mysql-server/sql/item.cc,3305,3305,0,0,mysql_target_000219;mysql_target_000891
mysql_aflgo_r1,mysql,1,src/mysql-server/sql/item.cc:3305:2:4,/src/mysql-server/sql/item.cc,3305,3305,0,0,mysql_target_000219;mysql_target_000891
mysql_aflgo_r1,mysql,1,src/mysql-server/sql/item.cc:3305:2:5,/src/mysql-server/sql/item.cc,3305,3305,0,0,mysql_target_000219;mysql_target_000891
mysql_aflgo_r1,mysql,1,src/mysql-server/sql/item.cc:3312:0:0,/src/mysql-server/sql/item.cc,3312,3312,68,1,mysql_target_000220;mysql_target_000892
mysql_aflgo_r1,mysql,1,src/mysql-server/sql/item.cc:3312:0:1,/src/mysql-server/sql/item.cc,3312,3312,7167,1,mysql_target_000220;mysql_target_000892
mysql_aflgo_r1,mysql,1,src/mysql-server/sql/item.cc:3312:1:2,/src/mysql-server/sql/item.cc,3312,3312,0,0,mysql_target_000220;mysql_target_000892
mysql_aflgo_r1,mysql,1,src/mysql-server/sql/item.cc:3312:1:3,/src/mysql-server/sql/item.cc,3312,3312,7167,1,mysql_target_000220;mysql_target_000892
mysql_aflgo_r1,mysql,1,src/mysql-server/sql/item.cc:3312:2:4,/src/mysql-server/sql/item.cc,3312,3312,0,0,mysql_target_000220;mysql_target_000892
mysql_aflgo_r1,mysql,1,src/mysql-server/sql/item.cc:3312:2:5,/src/mysql-server/sql/item.cc,3312,3312,7167,1,mysql_target_000220;mysql_target_000892
mysql_aflgo_r1,mysql,1,src/mysql-server/sql/item.cc:3313:0:0,/src/mysql-server/sql/item.cc,3313,3313,68,1,mysql_target_000220;mysql_target_000892
mysql_aflgo_r1,mysql,1,src/mysql-server/sql/item.cc:3313:0:1,/src/mysql-server/sql/item.cc,3313,3313,0,0,mysql_target_000220;mysql_target_000892
mysql_aflgo_r1,mysql,1,src/mysql-server/sql/item.cc:3313:1:2,/src/mysql-server/sql/item.cc,3313,3313,68,1,mysql_target_000220;mysql_target_000892
mysql_aflgo_r1,mysql,1,src/mysql-server/sql/item.cc:3313:1:3,/src/mysql-server/sql/item.cc,3313,3313,0,0,mysql_target_000220;mysql_target_000892
mysql_aflgo_r1,mysql,1,src/mysql-server/sql/item.cc:3314:0:0,/src/mysql-server/sql/item.cc,3314,3314,0,0,mysql_target_000220;mysql_target_000892
mysql_aflgo_r1,mysql,1,src/mysql-server/sql/item.cc:3314:0:1,/src/mysql-server/sql/item.cc,3314,3314,0,0,mysql_target_000220;mysql_target_000892
mysql_aflgo_r1,mysql,1,src/mysql-server/sql/item.cc:3320:0:0,/src/mysql-server/sql/item.cc,3320,3320,7167,1,mysql_target_000221;mysql_target_000893
mysql_aflgo_r1,mysql,1,src/mysql-server/sql/item.cc:3320:0:1,/src/mysql-server/sql/item.cc,3320,3320,0,0,mysql_target_000221;mysql_target_000893
mysql_aflgo_r1,mysql,1,src/mysql-server/sql/item.cc:3320:1:2,/src/mysql-server/sql/item.cc,3320,3320,7167,1,mysql_target_000221;mysql_target_000893
mysql_aflgo_r1,mysql,1,src/mysql-server/sql/item.cc:3320:1:3,/src/mysql-server/sql/item.cc,3320,3320,0,0,mysql_target_000221;mysql_target_000893
mysql_aflgo_r1,mysql,1,src/mysql-server/sql/item.cc:3320:2:4,/src/mysql-server/sql/item.cc,3320,3320,6805,1,mysql_target_000221;mysql_target_000893
mysql_aflgo_r1,mysql,1,src/mysql-server/sql/item.cc:3320:2:5,/src/mysql-server/sql/item.cc,3320,3320,362,1,mysql_target_000221;mysql_target_000893
mysql_aflgo_r1,mysql,1,src/mysql-server/sql/item.cc:3321:0:0,/src/mysql-server/sql/item.cc,3321,3321,2951,1,mysql_target_000221;mysql_target_000893
mysql_aflgo_r1,mysql,1,src/mysql-server/sql/item.cc:3321:0:1,/src/mysql-server/sql/item.cc,3321,3321,3854,1,mysql_target_000221;mysql_target_000893
mysql_aflgo_r1,mysql,1,src/mysql-server/sql/item.cc:3323:0:0,/src/mysql-server/sql/item.cc,3323,3323,10,1,mysql_target_000222;mysql_target_000894
mysql_aflgo_r1,mysql,1,src/mysql-server/sql/item.cc:3323:0:1,/src/mysql-server/sql/item.cc,3323,3323,2941,1,mysql_target_000222;mysql_target_000894
mysql_aflgo_r1,mysql,1,src/mysql-server/sql/item.cc:3324:0:0,/src/mysql-server/sql/item.cc,3324,3324,10,1,mysql_target_000222;mysql_target_000894
mysql_aflgo_r1,mysql,1,src/mysql-server/sql/item.cc:3324:0:1,/src/mysql-server/sql/item.cc,3324,3324,0,0,mysql_target_000222;mysql_target_000894
mysql_aflgo_r1,mysql,1,src/mysql-server/sql/item.cc:3329:0:0,/src/mysql-server/sql/item.cc,3329,3329,7167,1,mysql_target_000223;mysql_target_000895
mysql_aflgo_r1,mysql,1,src/mysql-server/sql/item.cc:3329:0:1,/src/mysql-server/sql/item.cc,3329,3329,0,0,mysql_target_000223;mysql_target_000895
mysql_aflgo_r1,mysql,1,src/mysql-server/sql/item.cc:3329:1:2,/src/mysql-server/sql/item.cc,3329,3329,7157,1,mysql_target_000223;mysql_target_000895
mysql_aflgo_r1,mysql,1,src/mysql-server/sql/item.cc:3329:1:3,/src/mysql-server/sql/item.cc,3329,3329,10,1,mysql_target_000223;mysql_target_000895
mysql_aflgo_r1,mysql,1,src/mysql-server/sql/item.cc:3337:0:0,/src/mysql-server/sql/item.cc,3337,3337,0,0,mysql_target_000224;mysql_target_000896
mysql_aflgo_r1,mysql,1,src/mysql-server/sql/item.cc:3337:0:1,/src/mysql-server/sql/item.cc,3337,3337,0,0,mysql_target_000224;mysql_target_000896
mysql_aflgo_r1,mysql,1,src/mysql-server/sql/item.cc:3353:0:0,/src/mysql-server/sql/item.cc,3353,3353,0,0,mysql_target_000225;mysql_target_000897
mysql_aflgo_r1,mysql,1,src/mysql-server/sql/item.cc:3353:0:1,/src/mysql-server/sql/item.cc,3353,3353,0,0,mysql_target_000225;mysql_target_000897
mysql_aflgo_r1,mysql,1,src/mysql-server/sql/item.cc:3356:0:0,/src/mysql-server/sql/item.cc,3356,3356,0,0,mysql_target_000225;mysql_target_000897
mysql_aflgo_r1,mysql,1,src/mysql-server/sql/item.cc:3356:0:1,/src/mysql-server/sql/item.cc,3356,3356,0,0,mysql_target_000225;mysql_target_000897
mysql_aflgo_r1,mysql,1,src/mysql-server/sql/item.cc:3369:0:0,/src/mysql-server/sql/item.cc,3369,3369,50,1,mysql_target_000226;mysql_target_000898
mysql_aflgo_r1,mysql,1,src/mysql-server/sql/item.cc:3369:0:1,/src/mysql-server/sql/item.cc,3369,3369,2086,1,mysql_target_000226;mysql_target_000898
mysql_aflgo_r1,mysql,1,src/mysql-server/sql/item.cc:3378:0:0,/src/mysql-server/sql/item.cc,3378,3378,0,0,mysql_target_000227;mysql_target_000899
mysql_aflgo_r1,mysql,1,src/mysql-server/sql/item.cc:3378:0:1,/src/mysql-server/sql/item.cc,3378,3378,161,1,mysql_target_000227;mysql_target_000899
mysql_aflgo_r1,mysql,1,src/mysql-server/sql/item.cc:3384:0:0,/src/mysql-server/sql/item.cc,3384,3384,0,0,mysql_target_000227;mysql_target_000899
mysql_aflgo_r1,mysql,1,src/mysql-server/sql/item.cc:3384:0:1,/src/mysql-server/sql/item.cc,3384,3384,48,1,mysql_target_000227;mysql_target_000899
mysql_aflgo_r1,mysql,1,src/mysql-server/sql/item.cc:3390:0:0,/src/mysql-server/sql/item.cc,3390,3390,2,1,mysql_target_000227;mysql_target_000899
mysql_aflgo_r1,mysql,1,src/mysql-server/sql/item.cc:3390:0:1,/src/mysql-server/sql/item.cc,3390,3390,1780,1,mysql_target_000227;mysql_target_000899
mysql_aflgo_r1,mysql,1,src/mysql-server/sql/item.cc:3396:0:0,/src/mysql-server/sql/item.cc,3396,3396,0,0,mysql_target_000227;mysql_target_000899
mysql_aflgo_r1,mysql,1,src/mysql-server/sql/item.cc:3396:0:1,/src/mysql-server/sql/item.cc,3396,3396,0,0,mysql_target_000227;mysql_target_000899
mysql_aflgo_r1,mysql,1,src/mysql-server/sql/item.cc:3402:0:0,/src/mysql-server/sql/item.cc,3402,3402,0,0,mysql_target_000227;mysql_target_000899
mysql_aflgo_r1,mysql,1,src/mysql-server/sql/item.cc:3402:0:1,/src/mysql-server/sql/item.cc,3402,3402,0,0,mysql_target_000227;mysql_target_000899
mysql_aflgo_r1,mysql,1,src/mysql-server/sql/item.cc:3408:0:0,/src/mysql-server/sql/item.cc,3408,3408,5,1,mysql_target_000227;mysql_target_000899
mysql_aflgo_r1,mysql,1,src/mysql-server/sql/item.cc:3408:0:1,/src/mysql-server/sql/item.cc,3408,3408,219,1,mysql_target_000227;mysql_target_000899
mysql_aflgo_r1,mysql,1,src/mysql-server/sql/item.cc:3413:0:0,/src/mysql-server/sql/item.cc,3413,3413,0,0,mysql_target_000227;mysql_target_000899
mysql_aflgo_r1,mysql,1,src/mysql-server/sql/item.cc:3413:0:1,/src/mysql-server/sql/item.cc,3413,3413,0,0,mysql_target_000227;mysql_target_000899
mysql_aflgo_r1,mysql,1,src/mysql-server/sql/item.cc:3413:1:2,/src/mysql-server/sql/item.cc,3413,3413,0,0,mysql_target_000227;mysql_target_000899
mysql_aflgo_r1,mysql,1,src/mysql-server/sql/item.cc:3413:1:3,/src/mysql-server/sql/item.cc,3413,3413,0,0,mysql_target_000227;mysql_target_000899
mysql_aflgo_r1,mysql,1,src/mysql-server/sql/item.cc:3421:0:0,/src/mysql-server/sql/item.cc,3421,3421,0,0,mysql_target_000229;mysql_target_000901
mysql_aflgo_r1,mysql,1,src/mysql-server/sql/item.cc:3421:0:1,/src/mysql-server/sql/item.cc,3421,3421,0,0,mysql_target_000229;mysql_target_000901
mysql_aflgo_r1,mysql,1,src/mysql-server/sql/item.cc:3422:0:0,/src/mysql-server/sql/item.cc,3422,3422,0,0,mysql_target_000229;mysql_target_000901
mysql_aflgo_r1,mysql,1,src/mysql-server/sql/item.cc:3422:0:1,/src/mysql-server/sql/item.cc,3422,3422,0,0,mysql_target_000229;mysql_target_000901
mysql_aflgo_r1,mysql,1,src/mysql-server/sql/item.cc:3431:0:0,/src/mysql-server/sql/item.cc,3431,3431,0,0,mysql_target_000229;mysql_target_000901
mysql_aflgo_r1,mysql,1,src/mysql-server/sql/item.cc:3431:0:1,/src/mysql-server/sql/item.cc,3431,3431,0,0,mysql_target_000229;mysql_target_000901
mysql_aflgo_r1,mysql,1,src/mysql-server/sql/item.cc:3432:0:0,/src/mysql-server/sql/item.cc,3432,3432,0,0,mysql_target_000229;mysql_target_000901
mysql_aflgo_r1,mysql,1,src/mysql-server/sql/item.cc:3432:0:1,/src/mysql-server/sql/item.cc,3432,3432,0,0,mysql_target_000229;mysql_target_000901
mysql_aflgo_r1,mysql,1,src/mysql-server/sql/item.cc:3541:0:0,/src/mysql-server/sql/item.cc,3541,3541,0,0,mysql_target_000230;mysql_target_000902
mysql_aflgo_r1,mysql,1,src/mysql-server/sql/item.cc:3541:0:1,/src/mysql-server/sql/item.cc,3541,3541,0,0,mysql_target_000230;mysql_target_000902
mysql_aflgo_r1,mysql,1,src/mysql-server/sql/item.cc:3545:0:0,/src/mysql-server/sql/item.cc,3545,3545,0,0,mysql_target_000230;mysql_target_000902
mysql_aflgo_r1,mysql,1,src/mysql-server/sql/item.cc:3545:0:1,/src/mysql-server/sql/item.cc,3545,3545,180,1,mysql_target_000230;mysql_target_000902
mysql_aflgo_r1,mysql,1,src/mysql-server/sql/item.cc:3630:0:0,/src/mysql-server/sql/item.cc,3630,3630,0,0,mysql_target_000232;mysql_target_000904
mysql_aflgo_r1,mysql,1,src/mysql-server/sql/item.cc:3630:0:1,/src/mysql-server/sql/item.cc,3630,3630,1189,1,mysql_target_000232;mysql_target_000904
mysql_aflgo_r1,mysql,1,src/mysql-server/sql/item.cc:4011:0:0,/src/mysql-server/sql/item.cc,4011,4011,0,0,mysql_target_000235;mysql_target_000907
mysql_aflgo_r1,mysql,1,src/mysql-server/sql/item.cc:4011:0:1,/src/mysql-server/sql/item.cc,4011,4011,198,1,mysql_target_000235;mysql_target_000907
mysql_aflgo_r1,mysql,1,src/mysql-server/sql/item.cc:4012:0:0,/src/mysql-server/sql/item.cc,4012,4012,0,0,mysql_target_000235;mysql_target_000907
mysql_aflgo_r1,mysql,1,src/mysql-server/sql/item.cc:4012:0:1,/src/mysql-server/sql/item.cc,4012,4012,198,1,mysql_target_000235;mysql_target_000907
mysql_aflgo_r1,mysql,1,src/mysql-server/sql/item.cc:4020:0:0,/src/mysql-server/sql/item.cc,4020,4020,0,0,mysql_target_000236;mysql_target_000908
mysql_aflgo_r1,mysql,1,src/mysql-server/sql/item.cc:4020:0:1,/src/mysql-server/sql/item.cc,4020,4020,198,1,mysql_target_000236;mysql_target_000908
mysql_aflgo_r1,mysql,1,src/mysql-server/sql/item.cc:4024:0:0,/src/mysql-server/sql/item.cc,4024,4024,0,0,mysql_target_000236;mysql_target_000908
mysql_aflgo_r1,mysql,1,src/mysql-server/sql/item.cc:4024:0:1,/src/mysql-server/sql/item.cc,4024,4024,198,1,mysql_target_000236;mysql_target_000908
mysql_aflgo_r1,mysql,1,src/mysql-server/sql/item.cc:4034:0:0,/src/mysql-server/sql/item.cc,4034,4034,0,0,mysql_target_000236;mysql_target_000908
mysql_aflgo_r1,mysql,1,src/mysql-server/sql/item.cc:4034:0:1,/src/mysql-server/sql/item.cc,4034,4034,0,0,mysql_target_000236;mysql_target_000908
mysql_aflgo_r1,mysql,1,src/mysql-server/sql/item.cc:4035:0:0,/src/mysql-server/sql/item.cc,4035,4035,0,0,mysql_target_000236;mysql_target_000908
mysql_aflgo_r1,mysql,1,src/mysql-server/sql/item.cc:4035:0:1,/src/mysql-server/sql/item.cc,4035,4035,0,0,mysql_target_000236;mysql_target_000908
mysql_aflgo_r1,mysql,1,src/mysql-server/sql/item.cc:4042:0:0,/src/mysql-server/sql/item.cc,4042,4042,0,0,mysql_target_000236;mysql_target_000908
mysql_aflgo_r1,mysql,1,src/mysql-server/sql/item.cc:4042:0:1,/src/mysql-server/sql/item.cc,4042,4042,198,1,mysql_target_000236;mysql_target_000908
mysql_aflgo_r1,mysql,1,src/mysql-server/sql/item.cc:4049:0:0,/src/mysql-server/sql/item.cc,4049,4049,0,0,mysql_target_000236;mysql_target_000908
mysql_aflgo_r1,mysql,1,src/mysql-server/sql/item.cc:4049:0:1,/src/mysql-server/sql/item.cc,4049,4049,0,0,mysql_target_000236;mysql_target_000908
mysql_aflgo_r1,mysql,1,src/mysql-server/sql/item.cc:4050:0:0,/src/mysql-server/sql/item.cc,4050,4050,0,0,mysql_target_000236;mysql_target_000908
mysql_aflgo_r1,mysql,1,src/mysql-server/sql/item.cc:4050:0:1,/src/mysql-server/sql/item.cc,4050,4050,0,0,mysql_target_000236;mysql_target_000908
mysql_aflgo_r1,mysql,1,src/mysql-server/sql/item.cc:4056:0:0,/src/mysql-server/sql/item.cc,4056,4056,0,0,mysql_target_000236;mysql_target_000908
mysql_aflgo_r1,mysql,1,src/mysql-server/sql/item.cc:4056:0:1,/src/mysql-server/sql/item.cc,4056,4056,0,0,mysql_target_000236;mysql_target_000908
mysql_aflgo_r1,mysql,1,src/mysql-server/sql/item.cc:4057:0:0,/src/mysql-server/sql/item.cc,4057,4057,0,0,mysql_target_000236;mysql_target_000908
mysql_aflgo_r1,mysql,1,src/mysql-server/sql/item.cc:4057:0:1,/src/mysql-server/sql/item.cc,4057,4057,0,0,mysql_target_000236;mysql_target_000908
mysql_aflgo_r1,mysql,1,src/mysql-server/sql/item.cc:4058:0:0,/src/mysql-server/sql/item.cc,4058,4058,0,0,mysql_target_000236;mysql_target_000908
mysql_aflgo_r1,mysql,1,src/mysql-server/sql/item.cc:4058:0:1,/src/mysql-server/sql/item.cc,4058,4058,0,0,mysql_target_000236;mysql_target_000908
mysql_aflgo_r1,mysql,1,src/mysql-server/sql/item.cc:4061:0:0,/src/mysql-server/sql/item.cc,4061,4061,0,0,mysql_target_000236;mysql_target_000908
mysql_aflgo_r1,mysql,1,src/mysql-server/sql/item.cc:4061:0:1,/src/mysql-server/sql/item.cc,4061,4061,0,0,mysql_target_000236;mysql_target_000908
mysql_aflgo_r1,mysql,1,src/mysql-server/sql/item.cc:4076:0:0,/src/mysql-server/sql/item.cc,4076,4076,98,1,mysql_target_000237;mysql_target_000909
mysql_aflgo_r1,mysql,1,src/mysql-server/sql/item.cc:4076:0:1,/src/mysql-server/sql/item.cc,4076,4076,100,1,mysql_target_000237;mysql_target_000909
mysql_aflgo_r1,mysql,1,src/mysql-server/sql/item.cc:4084:0:0,/src/mysql-server/sql/item.cc,4084,4084,0,0,mysql_target_000237;mysql_target_000909
mysql_aflgo_r1,mysql,1,src/mysql-server/sql/item.cc:4084:0:1,/src/mysql-server/sql/item.cc,4084,4084,100,1,mysql_target_000237;mysql_target_000909
mysql_aflgo_r1,mysql,1,src/mysql-server/sql/item.cc:4091:0:0,/src/mysql-server/sql/item.cc,4091,4091,80,1,mysql_target_000237;mysql_target_000909
mysql_aflgo_r1,mysql,1,src/mysql-server/sql/item.cc:4091:0:1,/src/mysql-server/sql/item.cc,4091,4091,20,1,mysql_target_000237;mysql_target_000909
mysql_aflgo_r1,mysql,1,src/mysql-server/sql/item.cc:4095:0:0,/src/mysql-server/sql/item.cc,4095,4095,0,0,mysql_target_000237;mysql_target_000909
mysql_aflgo_r1,mysql,1,src/mysql-server/sql/item.cc:4095:0:1,/src/mysql-server/sql/item.cc,4095,4095,100,1,mysql_target_000237;mysql_target_000909
mysql_aflgo_r1,mysql,1,src/mysql-server/sql/item.cc:4098:0:0,/src/mysql-server/sql/item.cc,4098,4098,0,0,mysql_target_000237;mysql_target_000909
mysql_aflgo_r1,mysql,1,src/mysql-server/sql/item.cc:4098:0:1,/src/mysql-server/sql/item.cc,4098,4098,100,1,mysql_target_000237;mysql_target_000909
mysql_aflgo_r1,mysql,1,src/mysql-server/sql/item.cc:4101:0:0,/src/mysql-server/sql/item.cc,4101,4101,20,1,mysql_target_000237;mysql_target_000909
mysql_aflgo_r1,mysql,1,src/mysql-server/sql/item.cc:4101:0:1,/src/mysql-server/sql/item.cc,4101,4101,80,1,mysql_target_000237;mysql_target_000909
mysql_aflgo_r1,mysql,1,src/mysql-server/sql/item.cc:4107:0:0,/src/mysql-server/sql/item.cc,4107,4107,0,0,mysql_target_000237;mysql_target_000909
mysql_aflgo_r1,mysql,1,src/mysql-server/sql/item.cc:4107:0:1,/src/mysql-server/sql/item.cc,4107,4107,100,1,mysql_target_000237;mysql_target_000909
mysql_aflgo_r1,mysql,1,src/mysql-server/sql/item.cc:4110:0:0,/src/mysql-server/sql/item.cc,4110,4110,0,0,mysql_target_000237;mysql_target_000909
mysql_aflgo_r1,mysql,1,src/mysql-server/sql/item.cc:4110:0:1,/src/mysql-server/sql/item.cc,4110,4110,100,1,mysql_target_000237;mysql_target_000909
mysql_aflgo_r1,mysql,1,src/mysql-server/sql/item.cc:4113:0:0,/src/mysql-server/sql/item.cc,4113,4113,0,0,mysql_target_000237;mysql_target_000909
mysql_aflgo_r1,mysql,1,src/mysql-server/sql/item.cc:4113:0:1,/src/mysql-server/sql/item.cc,4113,4113,100,1,mysql_target_000237;mysql_target_000909
mysql_aflgo_r1,mysql,1,src/mysql-server/sql/item.cc:4116:0:0,/src/mysql-server/sql/item.cc,4116,4116,0,0,mysql_target_000237;mysql_target_000909
mysql_aflgo_r1,mysql,1,src/mysql-server/sql/item.cc:4116:0:1,/src/mysql-server/sql/item.cc,4116,4116,100,1,mysql_target_000237;mysql_target_000909
mysql_aflgo_r1,mysql,1,src/mysql-server/sql/item.cc:4120:0:0,/src/mysql-server/sql/item.cc,4120,4120,100,1,mysql_target_000237;mysql_target_000909
mysql_aflgo_r1,mysql,1,src/mysql-server/sql/item.cc:4120:0:1,/src/mysql-server/sql/item.cc,4120,4120,0,0,mysql_target_000237;mysql_target_000909
mysql_aflgo_r1,mysql,1,src/mysql-server/sql/item.cc:4131:0:0,/src/mysql-server/sql/item.cc,4131,4131,0,0,mysql_target_000237;mysql_target_000909
mysql_aflgo_r1,mysql,1,src/mysql-server/sql/item.cc:4131:0:1,/src/mysql-server/sql/item.cc,4131,4131,98,1,mysql_target_000237;mysql_target_000909
mysql_aflgo_r1,mysql,1,src/mysql-server/sql/item.cc:4132:0:0,/src/mysql-server/sql/item.cc,4132,4132,0,0,mysql_target_000237;mysql_target_000909
mysql_aflgo_r1,mysql,1,src/mysql-server/sql/item.cc:4132:0:1,/src/mysql-server/sql/item.cc,4132,4132,98,1,mysql_target_000237;mysql_target_000909
mysql_aflgo_r1,mysql,1,src/mysql-server/sql/item.cc:4133:0:0,/src/mysql-server/sql/item.cc,4133,4133,0,0,mysql_target_000237;mysql_target_000909
mysql_aflgo_r1,mysql,1,src/mysql-server/sql/item.cc:4133:0:1,/src/mysql-server/sql/item.cc,4133,4133,98,1,mysql_target_000237;mysql_target_000909
mysql_aflgo_r1,mysql,1,src/mysql-server/sql/item.cc:4134:0:0,/src/mysql-server/sql/item.cc,4134,4134,0,0,mysql_target_000237;mysql_target_000909
mysql_aflgo_r1,mysql,1,src/mysql-server/sql/item.cc:4134:0:1,/src/mysql-server/sql/item.cc,4134,4134,98,1,mysql_target_000237;mysql_target_000909
mysql_aflgo_r1,mysql,1,src/mysql-server/sql/item.cc:4135:0:0,/src/mysql-server/sql/item.cc,4135,4135,76,1,mysql_target_000237;mysql_target_000909
mysql_aflgo_r1,mysql,1,src/mysql-server/sql/item.cc:4135:0:1,/src/mysql-server/sql/item.cc,4135,4135,22,1,mysql_target_000237;mysql_target_000909
mysql_aflgo_r1,mysql,1,src/mysql-server/sql/item.cc:4139:0:0,/src/mysql-server/sql/item.cc,4139,4139,0,0,mysql_target_000237;mysql_target_000909
mysql_aflgo_r1,mysql,1,src/mysql-server/sql/item.cc:4139:0:1,/src/mysql-server/sql/item.cc,4139,4139,98,1,mysql_target_000237;mysql_target_000909
mysql_aflgo_r1,mysql,1,src/mysql-server/sql/item.cc:4142:0:0,/src/mysql-server/sql/item.cc,4142,4142,0,0,mysql_target_000237;mysql_target_000909
mysql_aflgo_r1,mysql,1,src/mysql-server/sql/item.cc:4142:0:1,/src/mysql-server/sql/item.cc,4142,4142,98,1,mysql_target_000237;mysql_target_000909
mysql_aflgo_r1,mysql,1,src/mysql-server/sql/item.cc:4145:0:0,/src/mysql-server/sql/item.cc,4145,4145,0,0,mysql_target_000237;mysql_target_000909
mysql_aflgo_r1,mysql,1,src/mysql-server/sql/item.cc:4145:0:1,/src/mysql-server/sql/item.cc,4145,4145,98,1,mysql_target_000237;mysql_target_000909
mysql_aflgo_r1,mysql,1,src/mysql-server/sql/item.cc:4146:0:0,/src/mysql-server/sql/item.cc,4146,4146,0,0,mysql_target_000237;mysql_target_000909
mysql_aflgo_r1,mysql,1,src/mysql-server/sql/item.cc:4146:0:1,/src/mysql-server/sql/item.cc,4146,4146,98,1,mysql_target_000237;mysql_target_000909
mysql_aflgo_r1,mysql,1,src/mysql-server/sql/item.cc:4149:0:0,/src/mysql-server/sql/item.cc,4149,4149,0,0,mysql_target_000237;mysql_target_000909
mysql_aflgo_r1,mysql,1,src/mysql-server/sql/item.cc:4149:0:1,/src/mysql-server/sql/item.cc,4149,4149,98,1,mysql_target_000237;mysql_target_000909
mysql_aflgo_r1,mysql,1,src/mysql-server/sql/item.cc:4150:0:0,/src/mysql-server/sql/item.cc,4150,4150,0,0,mysql_target_000237;mysql_target_000909
mysql_aflgo_r1,mysql,1,src/mysql-server/sql/item.cc:4150:0:1,/src/mysql-server/sql/item.cc,4150,4150,98,1,mysql_target_000237;mysql_target_000909
mysql_aflgo_r1,mysql,1,src/mysql-server/sql/item.cc:4462:0:0,/src/mysql-server/sql/item.cc,4462,4462,41,1,mysql_target_000238;mysql_target_000910
mysql_aflgo_r1,mysql,1,src/mysql-server/sql/item.cc:4462:0:1,/src/mysql-server/sql/item.cc,4462,4462,143,1,mysql_target_000238;mysql_target_000910
mysql_aflgo_r1,mysql,1,src/mysql-server/sql/item.cc:4543:0:0,/src/mysql-server/sql/item.cc,4543,4543,0,0,mysql_target_000239;mysql_target_000911
mysql_aflgo_r1,mysql,1,src/mysql-server/sql/item.cc:4543:0:1,/src/mysql-server/sql/item.cc,4543,4543,184,1,mysql_target_000239;mysql_target_000911
mysql_aflgo_r1,mysql,1,src/mysql-server/sql/item.cc:4555:0:0,/src/mysql-server/sql/item.cc,4555,4555,0,0,mysql_target_000239;mysql_target_000911
mysql_aflgo_r1,mysql,1,src/mysql-server/sql/item.cc:4555:0:1,/src/mysql-server/sql/item.cc,4555,4555,102,1,mysql_target_000239;mysql_target_000911
mysql_aflgo_r1,mysql,1,src/mysql-server/sql/item.cc:4561:0:0,/src/mysql-server/sql/item.cc,4561,4561,102,1,mysql_target_000239;mysql_target_000911
mysql_aflgo_r1,mysql,1,src/mysql-server/sql/item.cc:4561:0:1,/src/mysql-server/sql/item.cc,4561,4561,0,0,mysql_target_000239;mysql_target_000911
mysql_aflgo_r1,mysql,1,src/mysql-server/sql/item.cc:4563:0:0,/src/mysql-server/sql/item.cc,4563,4563,0,0,mysql_target_000239;mysql_target_000911
mysql_aflgo_r1,mysql,1,src/mysql-server/sql/item.cc:4563:0:1,/src/mysql-server/sql/item.cc,4563,4563,102,1,mysql_target_000239;mysql_target_000911
mysql_aflgo_r1,mysql,1,src/mysql-server/sql/item.cc:4565:0:0,/src/mysql-server/sql/item.cc,4565,4565,0,0,mysql_target_000239;mysql_target_000911
mysql_aflgo_r1,mysql,1,src/mysql-server/sql/item.cc:4565:0:1,/src/mysql-server/sql/item.cc,4565,4565,102,1,mysql_target_000239;mysql_target_000911
mysql_aflgo_r1,mysql,1,src/mysql-server/sql/item.cc:4567:0:0,/src/mysql-server/sql/item.cc,4567,4567,0,0,mysql_target_000239;mysql_target_000911
mysql_aflgo_r1,mysql,1,src/mysql-server/sql/item.cc:4567:0:1,/src/mysql-server/sql/item.cc,4567,4567,102,1,mysql_target_000239;mysql_target_000911
mysql_aflgo_r1,mysql,1,src/mysql-server/sql/item.cc:4569:0:0,/src/mysql-server/sql/item.cc,4569,4569,0,0,mysql_target_000240;mysql_target_000912
mysql_aflgo_r1,mysql,1,src/mysql-server/sql/item.cc:4569:0:1,/src/mysql-server/sql/item.cc,4569,4569,102,1,mysql_target_000240;mysql_target_000912
mysql_aflgo_r1,mysql,1,src/mysql-server/sql/item.cc:4571:0:0,/src/mysql-server/sql/item.cc,4571,4571,0,0,mysql_target_000240;mysql_target_000912
mysql_aflgo_r1,mysql,1,src/mysql-server/sql/item.cc:4571:0:1,/src/mysql-server/sql/item.cc,4571,4571,102,1,mysql_target_000240;mysql_target_000912
mysql_aflgo_r1,mysql,1,src/mysql-server/sql/item.cc:4574:0:0,/src/mysql-server/sql/item.cc,4574,4574,0,0,mysql_target_000240;mysql_target_000912
mysql_aflgo_r1,mysql,1,src/mysql-server/sql/item.cc:4574:0:1,/src/mysql-server/sql/item.cc,4574,4574,102,1,mysql_target_000240;mysql_target_000912
mysql_aflgo_r1,mysql,1,src/mysql-server/sql/item.cc:4577:0:0,/src/mysql-server/sql/item.cc,4577,4577,0,0,mysql_target_000240;mysql_target_000912
mysql_aflgo_r1,mysql,1,src/mysql-server/sql/item.cc:4577:0:1,/src/mysql-server/sql/item.cc,4577,4577,102,1,mysql_target_000240;mysql_target_000912
mysql_aflgo_r1,mysql,1,src/mysql-server/sql/item.cc:4585:0:0,/src/mysql-server/sql/item.cc,4585,4585,0,0,mysql_target_000240;mysql_target_000912
mysql_aflgo_r1,mysql,1,src/mysql-server/sql/item.cc:4585:0:1,/src/mysql-server/sql/item.cc,4585,4585,0,0,mysql_target_000240;mysql_target_000912
mysql_aflgo_r1,mysql,1,src/mysql-server/sql/item.cc:4588:0:0,/src/mysql-server/sql/item.cc,4588,4588,0,0,mysql_target_000240;mysql_target_000912
mysql_aflgo_r1,mysql,1,src/mysql-server/sql/item.cc:4588:0:1,/src/mysql-server/sql/item.cc,4588,4588,0,0,mysql_target_000240;mysql_target_000912
mysql_aflgo_r1,mysql,1,src/mysql-server/sql/item.cc:4591:0:0,/src/mysql-server/sql/item.cc,4591,4591,0,0,mysql_target_000240;mysql_target_000912
mysql_aflgo_r1,mysql,1,src/mysql-server/sql/item.cc:4591:0:1,/src/mysql-server/sql/item.cc,4591,4591,0,0,mysql_target_000240;mysql_target_000912
mysql_aflgo_r1,mysql,1,src/mysql-server/sql/item.cc:4594:0:0,/src/mysql-server/sql/item.cc,4594,4594,0,0,mysql_target_000240;mysql_target_000912
mysql_aflgo_r1,mysql,1,src/mysql-server/sql/item.cc:4594:0:1,/src/mysql-server/sql/item.cc,4594,4594,0,0,mysql_target_000240;mysql_target_000912
mysql_aflgo_r1,mysql,1,src/mysql-server/sql/item.cc:4596:0:0,/src/mysql-server/sql/item.cc,4596,4596,0,0,mysql_target_000240;mysql_target_000912
mysql_aflgo_r1,mysql,1,src/mysql-server/sql/item.cc:4596:0:1,/src/mysql-server/sql/item.cc,4596,4596,0,0,mysql_target_000240;mysql_target_000912
mysql_aflgo_r1,mysql,1,src/mysql-server/sql/item.cc:4598:0:0,/src/mysql-server/sql/item.cc,4598,4598,0,0,mysql_target_000240;mysql_target_000912
mysql_aflgo_r1,mysql,1,src/mysql-server/sql/item.cc:4598:0:1,/src/mysql-server/sql/item.cc,4598,4598,0,0,mysql_target_000240;mysql_target_000912
mysql_aflgo_r1,mysql,1,src/mysql-server/sql/item.cc:4600:0:0,/src/mysql-server/sql/item.cc,4600,4600,0,0,mysql_target_000240;mysql_target_000912
mysql_aflgo_r1,mysql,1,src/mysql-server/sql/item.cc:4600:0:1,/src/mysql-server/sql/item.cc,4600,4600,0,0,mysql_target_000240;mysql_target_000912
mysql_aflgo_r1,mysql,1,src/mysql-server/sql/item.cc:4633:0:0,/src/mysql-server/sql/item.cc,4633,4633,0,0,mysql_target_000241;mysql_target_000913
mysql_aflgo_r1,mysql,1,src/mysql-server/sql/item.cc:4633:0:1,/src/mysql-server/sql/item.cc,4633,4633,0,0,mysql_target_000241;mysql_target_000913
mysql_aflgo_r1,mysql,1,src/mysql-server/sql/item.cc:4635:0:0,/src/mysql-server/sql/item.cc,4635,4635,0,0,mysql_target_000241;mysql_target_000913
mysql_aflgo_r1,mysql,1,src/mysql-server/sql/item.cc:4635:0:1,/src/mysql-server/sql/item.cc,4635,4635,0,0,mysql_target_000241;mysql_target_000913
mysql_aflgo_r1,mysql,1,src/mysql-server/sql/item.cc:4642:0:0,/src/mysql-server/sql/item.cc,4642,4642,0,0,mysql_target_000241;mysql_target_000913
mysql_aflgo_r1,mysql,1,src/mysql-server/sql/item.cc:4642:0:1,/src/mysql-server/sql/item.cc,4642,4642,0,0,mysql_target_000241;mysql_target_000913
mysql_aflgo_r1,mysql,1,src/mysql-server/sql/item.cc:4645:0:0,/src/mysql-server/sql/item.cc,4645,4645,0,0,mysql_target_000241;mysql_target_000913
mysql_aflgo_r1,mysql,1,src/mysql-server/sql/item.cc:4645:0:1,/src/mysql-server/sql/item.cc,4645,4645,0,0,mysql_target_000241;mysql_target_000913
mysql_aflgo_r1,mysql,1,src/mysql-server/sql/item.cc:4648:0:0,/src/mysql-server/sql/item.cc,4648,4648,0,0,mysql_target_000241;mysql_target_000913
mysql_aflgo_r1,mysql,1,src/mysql-server/sql/item.cc:4648:0:1,/src/mysql-server/sql/item.cc,4648,4648,0,0,mysql_target_000241;mysql_target_000913
mysql_aflgo_r1,mysql,1,src/mysql-server/sql/item.cc:4651:0:0,/src/mysql-server/sql/item.cc,4651,4651,0,0,mysql_target_000241;mysql_target_000913
mysql_aflgo_r1,mysql,1,src/mysql-server/sql/item.cc:4651:0:1,/src/mysql-server/sql/item.cc,4651,4651,0,0,mysql_target_000241;mysql_target_000913
mysql_aflgo_r1,mysql,1,src/mysql-server/sql/item.cc:4653:0:0,/src/mysql-server/sql/item.cc,4653,4653,0,0,mysql_target_000241;mysql_target_000913
mysql_aflgo_r1,mysql,1,src/mysql-server/sql/item.cc:4653:0:1,/src/mysql-server/sql/item.cc,4653,4653,0,0,mysql_target_000241;mysql_target_000913
mysql_aflgo_r1,mysql,1,src/mysql-server/sql/item.cc:4655:0:0,/src/mysql-server/sql/item.cc,4655,4655,0,0,mysql_target_000241;mysql_target_000913
mysql_aflgo_r1,mysql,1,src/mysql-server/sql/item.cc:4655:0:1,/src/mysql-server/sql/item.cc,4655,4655,0,0,mysql_target_000241;mysql_target_000913
mysql_aflgo_r1,mysql,1,src/mysql-server/sql/item.cc:4657:0:0,/src/mysql-server/sql/item.cc,4657,4657,0,0,mysql_target_000241;mysql_target_000913
mysql_aflgo_r1,mysql,1,src/mysql-server/sql/item.cc:4657:0:1,/src/mysql-server/sql/item.cc,4657,4657,0,0,mysql_target_000241;mysql_target_000913
mysql_aflgo_r1,mysql,1,src/mysql-server/sql/item.cc:4666:0:0,/src/mysql-server/sql/item.cc,4666,4666,0,0,mysql_target_000241;mysql_target_000913
mysql_aflgo_r1,mysql,1,src/mysql-server/sql/item.cc:4666:0:1,/src/mysql-server/sql/item.cc,4666,4666,0,0,mysql_target_000241;mysql_target_000913
mysql_aflgo_r1,mysql,1,src/mysql-server/sql/item.cc:4670:0:0,/src/mysql-server/sql/item.cc,4670,4670,0,0,mysql_target_000242;mysql_target_000914
mysql_aflgo_r1,mysql,1,src/mysql-server/sql/item.cc:4670:0:1,/src/mysql-server/sql/item.cc,4670,4670,0,0,mysql_target_000242;mysql_target_000914
mysql_aflgo_r1,mysql,1,src/mysql-server/sql/item.cc:4672:0:0,/src/mysql-server/sql/item.cc,4672,4672,0,0,mysql_target_000242;mysql_target_000914
mysql_aflgo_r1,mysql,1,src/mysql-server/sql/item.cc:4672:0:1,/src/mysql-server/sql/item.cc,4672,4672,0,0,mysql_target_000242;mysql_target_000914
mysql_aflgo_r1,mysql,1,src/mysql-server/sql/item.cc:4673:0:0,/src/mysql-server/sql/item.cc,4673,4673,0,0,mysql_target_000242;mysql_target_000914
mysql_aflgo_r1,mysql,1,src/mysql-server/sql/item.cc:4673:0:1,/src/mysql-server/sql/item.cc,4673,4673,0,0,mysql_target_000242;mysql_target_000914
mysql_aflgo_r1,mysql,1,src/mysql-server/sql/item.cc:4677:0:0,/src/mysql-server/sql/item.cc,4677,4677,0,0,mysql_target_000242;mysql_target_000914
mysql_aflgo_r1,mysql,1,src/mysql-server/sql/item.cc:4677:0:1,/src/mysql-server/sql/item.cc,4677,4677,0,0,mysql_target_000242;mysql_target_000914
mysql_aflgo_r1,mysql,1,src/mysql-server/sql/item.cc:4682:0:0,/src/mysql-server/sql/item.cc,4682,4682,0,0,mysql_target_000243;mysql_target_000915
mysql_aflgo_r1,mysql,1,src/mysql-server/sql/item.cc:4682:0:1,/src/mysql-server/sql/item.cc,4682,4682,0,0,mysql_target_000243;mysql_target_000915
mysql_aflgo_r1,mysql,1,src/mysql-server/sql/item.cc:4687:0:0,/src/mysql-server/sql/item.cc,4687,4687,0,0,mysql_target_000243;mysql_target_000915
mysql_aflgo_r1,mysql,1,src/mysql-server/sql/item.cc:4687:0:1,/src/mysql-server/sql/item.cc,4687,4687,0,0,mysql_target_000243;mysql_target_000915
mysql_aflgo_r1,mysql,1,src/mysql-server/sql/item.cc:4689:0:0,/src/mysql-server/sql/item.cc,4689,4689,0,0,mysql_target_000243;mysql_target_000915
mysql_aflgo_r1,mysql,1,src/mysql-server/sql/item.cc:4689:0:1,/src/mysql-server/sql/item.cc,4689,4689,0,0,mysql_target_000243;mysql_target_000915
mysql_aflgo_r1,mysql,1,src/mysql-server/sql/item.cc:4691:0:0,/src/mysql-server/sql/item.cc,4691,4691,0,0,mysql_target_000243;mysql_target_000915
mysql_aflgo_r1,mysql,1,src/mysql-server/sql/item.cc:4691:0:1,/src/mysql-server/sql/item.cc,4691,4691,0,0,mysql_target_000243;mysql_target_000915
mysql_aflgo_r1,mysql,1,src/mysql-server/sql/item.cc:4697:0:0,/src/mysql-server/sql/item.cc,4697,4697,0,0,mysql_target_000243;mysql_target_000915
mysql_aflgo_r1,mysql,1,src/mysql-server/sql/item.cc:4697:0:1,/src/mysql-server/sql/item.cc,4697,4697,0,0,mysql_target_000243;mysql_target_000915
mysql_aflgo_r1,mysql,1,src/mysql-server/sql/item.cc:4707:0:0,/src/mysql-server/sql/item.cc,4707,4707,0,0,mysql_target_000243;mysql_target_000915
mysql_aflgo_r1,mysql,1,src/mysql-server/sql/item.cc:4707:0:1,/src/mysql-server/sql/item.cc,4707,4707,241,1,mysql_target_000243;mysql_target_000915
mysql_aflgo_r1,mysql,1,src/mysql-server/sql/item.cc:4711:0:0,/src/mysql-server/sql/item.cc,4711,4711,0,0,mysql_target_000243;mysql_target_000915
mysql_aflgo_r1,mysql,1,src/mysql-server/sql/item.cc:4711:0:1,/src/mysql-server/sql/item.cc,4711,4711,241,1,mysql_target_000243;mysql_target_000915
mysql_aflgo_r1,mysql,1,src/mysql-server/sql/item.cc:4713:0:0,/src/mysql-server/sql/item.cc,4713,4713,241,1,mysql_target_000243;mysql_target_000915
mysql_aflgo_r1,mysql,1,src/mysql-server/sql/item.cc:4713:0:1,/src/mysql-server/sql/item.cc,4713,4713,0,0,mysql_target_000243;mysql_target_000915
mysql_aflgo_r1,mysql,1,src/mysql-server/sql/item.cc:4797:0:0,/src/mysql-server/sql/item.cc,4797,4797,0,0,mysql_target_000244;mysql_target_000916
mysql_aflgo_r1,mysql,1,src/mysql-server/sql/item.cc:4797:0:1,/src/mysql-server/sql/item.cc,4797,4797,143,1,mysql_target_000244;mysql_target_000916
mysql_aflgo_r1,mysql,1,src/mysql-server/sql/item.cc:4798:0:0,/src/mysql-server/sql/item.cc,4798,4798,0,0,mysql_target_000244;mysql_target_000916
mysql_aflgo_r1,mysql,1,src/mysql-server/sql/item.cc:4798:0:1,/src/mysql-server/sql/item.cc,4798,4798,0,0,mysql_target_000244;mysql_target_000916
mysql_aflgo_r1,mysql,1,src/mysql-server/sql/item.cc:4802:0:0,/src/mysql-server/sql/item.cc,4802,4802,0,0,mysql_target_000244;mysql_target_000916
mysql_aflgo_r1,mysql,1,src/mysql-server/sql/item.cc:4802:0:1,/src/mysql-server/sql/item.cc,4802,4802,143,1,mysql_target_000244;mysql_target_000916
mysql_aflgo_r1,mysql,1,src/mysql-server/sql/item.cc:4803:0:0,/src/mysql-server/sql/item.cc,4803,4803,0,0,mysql_target_000244;mysql_target_000916
mysql_aflgo_r1,mysql,1,src/mysql-server/sql/item.cc:4803:0:1,/src/mysql-server/sql/item.cc,4803,4803,0,0,mysql_target_000244;mysql_target_000916
mysql_aflgo_r1,mysql,1,src/mysql-server/sql/item.cc:4807:0:0,/src/mysql-server/sql/item.cc,4807,4807,0,0,mysql_target_000244;mysql_target_000916
mysql_aflgo_r1,mysql,1,src/mysql-server/sql/item.cc:4807:0:1,/src/mysql-server/sql/item.cc,4807,4807,143,1,mysql_target_000244;mysql_target_000916
mysql_aflgo_r1,mysql,1,src/mysql-server/sql/item.cc:4846:0:0,/src/mysql-server/sql/item.cc,4846,4846,0,0,mysql_target_000244;mysql_target_000916
mysql_aflgo_r1,mysql,1,src/mysql-server/sql/item.cc:4846:0:1,/src/mysql-server/sql/item.cc,4846,4846,100,1,mysql_target_000244;mysql_target_000916
mysql_aflgo_r1,mysql,1,src/mysql-server/sql/item.cc:4854:0:0,/src/mysql-server/sql/item.cc,4854,4854,100,1,mysql_target_000244;mysql_target_000916
mysql_aflgo_r1,mysql,1,src/mysql-server/sql/item.cc:4854:0:1,/src/mysql-server/sql/item.cc,4854,4854,0,0,mysql_target_000244;mysql_target_000916
mysql_aflgo_r1,mysql,1,src/mysql-server/sql/item.cc:4878:0:0,/src/mysql-server/sql/item.cc,4878,4878,143,1,mysql_target_000244;mysql_target_000916
mysql_aflgo_r1,mysql,1,src/mysql-server/sql/item.cc:4878:0:1,/src/mysql-server/sql/item.cc,4878,4878,41,1,mysql_target_000244;mysql_target_000916
mysql_aflgo_r1,mysql,1,src/mysql-server/sql/item.cc:4881:0:0,/src/mysql-server/sql/item.cc,4881,4881,0,0,mysql_target_000244;mysql_target_000916
mysql_aflgo_r1,mysql,1,src/mysql-server/sql/item.cc:4881:0:1,/src/mysql-server/sql/item.cc,4881,4881,184,1,mysql_target_000244;mysql_target_000916
mysql_aflgo_r1,mysql,1,src/mysql-server/sql/item.cc:4884:0:0,/src/mysql-server/sql/item.cc,4884,4884,0,0,mysql_target_000244;mysql_target_000916
mysql_aflgo_r1,mysql,1,src/mysql-server/sql/item.cc:4884:0:1,/src/mysql-server/sql/item.cc,4884,4884,184,1,mysql_target_000244;mysql_target_000916
mysql_aflgo_r1,mysql,1,src/mysql-server/sql/item.cc:4885:0:0,/src/mysql-server/sql/item.cc,4885,4885,0,0,mysql_target_000244;mysql_target_000916
mysql_aflgo_r1,mysql,1,src/mysql-server/sql/item.cc:4885:0:1,/src/mysql-server/sql/item.cc,4885,4885,0,0,mysql_target_000244;mysql_target_000916
mysql_aflgo_r1,mysql,1,src/mysql-server/sql/item.cc:4888:0:0,/src/mysql-server/sql/item.cc,4888,4888,0,0,mysql_target_000244;mysql_target_000916
mysql_aflgo_r1,mysql,1,src/mysql-server/sql/item.cc:4888:0:1,/src/mysql-server/sql/item.cc,4888,4888,184,1,mysql_target_000244;mysql_target_000916
mysql_aflgo_r1,mysql,1,src/mysql-server/sql/item.cc:4890:0:0,/src/mysql-server/sql/item.cc,4890,4890,0,0,mysql_target_000244;mysql_target_000916
mysql_aflgo_r1,mysql,1,src/mysql-server/sql/item.cc:4890:0:1,/src/mysql-server/sql/item.cc,4890,4890,0,0,mysql_target_000244;mysql_target_000916
mysql_aflgo_r1,mysql,1,src/mysql-server/sql/item.cc:4899:0:0,/src/mysql-server/sql/item.cc,4899,4899,0,0,mysql_target_000244;mysql_target_000916
mysql_aflgo_r1,mysql,1,src/mysql-server/sql/item.cc:4899:0:1,/src/mysql-server/sql/item.cc,4899,4899,184,1,mysql_target_000244;mysql_target_000916
mysql_aflgo_r1,mysql,1,src/mysql-server/sql/item.cc:4901:0:0,/src/mysql-server/sql/item.cc,4901,4901,0,0,mysql_target_000244;mysql_target_000916
mysql_aflgo_r1,mysql,1,src/mysql-server/sql/item.cc:4901:0:1,/src/mysql-server/sql/item.cc,4901,4901,0,0,mysql_target_000244;mysql_target_000916
mysql_aflgo_r1,mysql,1,src/mysql-server/sql/item.cc:4910:0:0,/src/mysql-server/sql/item.cc,4910,4910,0,0,mysql_target_000244;mysql_target_000916
mysql_aflgo_r1,mysql,1,src/mysql-server/sql/item.cc:4910:0:1,/src/mysql-server/sql/item.cc,4910,4910,184,1,mysql_target_000244;mysql_target_000916
mysql_aflgo_r1,mysql,1,src/mysql-server/sql/item.cc:4917:0:0,/src/mysql-server/sql/item.cc,4917,4917,0,0,mysql_target_000244;mysql_target_000916
mysql_aflgo_r1,mysql,1,src/mysql-server/sql/item.cc:4917:0:1,/src/mysql-server/sql/item.cc,4917,4917,0,0,mysql_target_000244;mysql_target_000916
mysql_aflgo_r1,mysql,1,src/mysql-server/sql/item.cc:4928:0:0,/src/mysql-server/sql/item.cc,4928,4928,41,1,mysql_target_000244;mysql_target_000916
mysql_aflgo_r1,mysql,1,src/mysql-server/sql/item.cc:4928:0:1,/src/mysql-server/sql/item.cc,4928,4928,143,1,mysql_target_000244;mysql_target_000916
mysql_aflgo_r1,mysql,1,src/mysql-server/sql/item.cc:4929:0:0,/src/mysql-server/sql/item.cc,4929,4929,0,0,mysql_target_000244;mysql_target_000916
mysql_aflgo_r1,mysql,1,src/mysql-server/sql/item.cc:4929:0:1,/src/mysql-server/sql/item.cc,4929,4929,184,1,mysql_target_000244;mysql_target_000916
mysql_aflgo_r1,mysql,1,src/mysql-server/sql/item.cc:4931:0:0,/src/mysql-server/sql/item.cc,4931,4931,0,0,mysql_target_000244;mysql_target_000916
mysql_aflgo_r1,mysql,1,src/mysql-server/sql/item.cc:4931:0:1,/src/mysql-server/sql/item.cc,4931,4931,41,1,mysql_target_000244;mysql_target_000916
mysql_aflgo_r1,mysql,1,src/mysql-server/sql/item.cc:4936:0:0,/src/mysql-server/sql/item.cc,4936,4936,0,0,mysql_target_000244;mysql_target_000916
mysql_aflgo_r1,mysql,1,src/mysql-server/sql/item.cc:4936:0:1,/src/mysql-server/sql/item.cc,4936,4936,184,1,mysql_target_000244;mysql_target_000916
mysql_aflgo_r1,mysql,1,src/mysql-server/sql/item.cc:4938:0:0,/src/mysql-server/sql/item.cc,4938,4938,0,0,mysql_target_000244;mysql_target_000916
mysql_aflgo_r1,mysql,1,src/mysql-server/sql/item.cc:4938:0:1,/src/mysql-server/sql/item.cc,4938,4938,184,1,mysql_target_000244;mysql_target_000916
mysql_aflgo_r1,mysql,1,src/mysql-server/sql/item.cc:4961:0:0,/src/mysql-server/sql/item.cc,4961,4961,143,1,mysql_target_000244;mysql_target_000916
mysql_aflgo_r1,mysql,1,src/mysql-server/sql/item.cc:4961:0:1,/src/mysql-server/sql/item.cc,4961,4961,41,1,mysql_target_000244;mysql_target_000916
mysql_aflgo_r1,mysql,1,src/mysql-server/sql/item.cc:4966:0:0,/src/mysql-server/sql/item.cc,4966,4966,0,0,mysql_target_000244;mysql_target_000916
mysql_aflgo_r1,mysql,1,src/mysql-server/sql/item.cc:4966:0:1,/src/mysql-server/sql/item.cc,4966,4966,143,1,mysql_target_000244;mysql_target_000916
mysql_aflgo_r1,mysql,1,src/mysql-server/sql/item.cc:4967:0:0,/src/mysql-server/sql/item.cc,4967,4967,0,0,mysql_target_000244;mysql_target_000916
mysql_aflgo_r1,mysql,1,src/mysql-server/sql/item.cc:4967:0:1,/src/mysql-server/sql/item.cc,4967,4967,143,1,mysql_target_000244;mysql_target_000916
mysql_aflgo_r1,mysql,1,src/mysql-server/sql/item.cc:4970:0:0,/src/mysql-server/sql/item.cc,4970,4970,0,0,mysql_target_000244;mysql_target_000916
mysql_aflgo_r1,mysql,1,src/mysql-server/sql/item.cc:4970:0:1,/src/mysql-server/sql/item.cc,4970,4970,0,0,mysql_target_000244;mysql_target_000916
mysql_aflgo_r1,mysql,1,src/mysql-server/sql/item.cc:4971:0:0,/src/mysql-server/sql/item.cc,4971,4971,0,0,mysql_target_000244;mysql_target_000916
mysql_aflgo_r1,mysql,1,src/mysql-server/sql/item.cc:4971:0:1,/src/mysql-server/sql/item.cc,4971,4971,0,0,mysql_target_000244;mysql_target_000916
mysql_aflgo_r1,mysql,1,src/mysql-server/sql/item.cc:4974:0:0,/src/mysql-server/sql/item.cc,4974,4974,0,0,mysql_target_000244;mysql_target_000916
mysql_aflgo_r1,mysql,1,src/mysql-server/sql/item.cc:4974:0:1,/src/mysql-server/sql/item.cc,4974,4974,0,0,mysql_target_000244;mysql_target_000916
mysql_aflgo_r1,mysql,1,src/mysql-server/sql/item.cc:4977:0:0,/src/mysql-server/sql/item.cc,4977,4977,0,0,mysql_target_000244;mysql_target_000916
mysql_aflgo_r1,mysql,1,src/mysql-server/sql/item.cc:4977:0:1,/src/mysql-server/sql/item.cc,4977,4977,0,0,mysql_target_000244;mysql_target_000916
mysql_aflgo_r1,mysql,1,src/mysql-server/sql/item.cc:4985:0:0,/src/mysql-server/sql/item.cc,4985,4985,0,0,mysql_target_000244;mysql_target_000916
mysql_aflgo_r1,mysql,1,src/mysql-server/sql/item.cc:4985:0:1,/src/mysql-server/sql/item.cc,4985,4985,143,1,mysql_target_000244;mysql_target_000916
mysql_aflgo_r1,mysql,1,src/mysql-server/sql/item.cc:4988:0:0,/src/mysql-server/sql/item.cc,4988,4988,0,0,mysql_target_000244;mysql_target_000916
mysql_aflgo_r1,mysql,1,src/mysql-server/sql/item.cc:4988:0:1,/src/mysql-server/sql/item.cc,4988,4988,0,0,mysql_target_000244;mysql_target_000916
mysql_aflgo_r1,mysql,1,src/mysql-server/sql/item.cc:4988:1:2,/src/mysql-server/sql/item.cc,4988,4988,0,0,mysql_target_000244;mysql_target_000916
mysql_aflgo_r1,mysql,1,src/mysql-server/sql/item.cc:4988:1:3,/src/mysql-server/sql/item.cc,4988,4988,0,0,mysql_target_000244;mysql_target_000916
mysql_aflgo_r1,mysql,1,src/mysql-server/sql/item.cc:4991:0:0,/src/mysql-server/sql/item.cc,4991,4991,0,0,mysql_target_000244;mysql_target_000916
mysql_aflgo_r1,mysql,1,src/mysql-server/sql/item.cc:4991:0:1,/src/mysql-server/sql/item.cc,4991,4991,0,0,mysql_target_000244;mysql_target_000916
mysql_aflgo_r1,mysql,1,src/mysql-server/sql/item.cc:4994:0:0,/src/mysql-server/sql/item.cc,4994,4994,0,0,mysql_target_000244;mysql_target_000916
mysql_aflgo_r1,mysql,1,src/mysql-server/sql/item.cc:4994:0:1,/src/mysql-server/sql/item.cc,4994,4994,0,0,mysql_target_000244;mysql_target_000916
mysql_aflgo_r1,mysql,1,src/mysql-server/sql/item.cc:5006:0:0,/src/mysql-server/sql/item.cc,5006,5006,0,0,mysql_target_000244;mysql_target_000916
mysql_aflgo_r1,mysql,1,src/mysql-server/sql/item.cc:5006:0:1,/src/mysql-server/sql/item.cc,5006,5006,184,1,mysql_target_000244;mysql_target_000916
mysql_aflgo_r1,mysql,1,src/mysql-server/sql/item.cc:5011:0:0,/src/mysql-server/sql/item.cc,5011,5011,0,0,mysql_target_000244;mysql_target_000916
mysql_aflgo_r1,mysql,1,src/mysql-server/sql/item.cc:5011:0:1,/src/mysql-server/sql/item.cc,5011,5011,0,0,mysql_target_000244;mysql_target_000916
mysql_aflgo_r1,mysql,1,src/mysql-server/sql/item.cc:5012:0:0,/src/mysql-server/sql/item.cc,5012,5012,0,0,mysql_target_000244;mysql_target_000916
mysql_aflgo_r1,mysql,1,src/mysql-server/sql/item.cc:5012:0:1,/src/mysql-server/sql/item.cc,5012,5012,0,0,mysql_target_000244;mysql_target_000916
mysql_aflgo_r1,mysql,1,src/mysql-server/sql/item.cc:5014:0:0,/src/mysql-server/sql/item.cc,5014,5014,0,0,mysql_target_000244;mysql_target_000916
mysql_aflgo_r1,mysql,1,src/mysql-server/sql/item.cc:5014:0:1,/src/mysql-server/sql/item.cc,5014,5014,0,0,mysql_target_000244;mysql_target_000916
mysql_aflgo_r1,mysql,1,src/mysql-server/sql/item.cc:5017:0:0,/src/mysql-server/sql/item.cc,5017,5017,0,0,mysql_target_000244;mysql_target_000916
mysql_aflgo_r1,mysql,1,src/mysql-server/sql/item.cc:5017:0:1,/src/mysql-server/sql/item.cc,5017,5017,0,0,mysql_target_000244;mysql_target_000916
mysql_aflgo_r1,mysql,1,src/mysql-server/sql/item.cc:5020:0:0,/src/mysql-server/sql/item.cc,5020,5020,0,0,mysql_target_000244;mysql_target_000916
mysql_aflgo_r1,mysql,1,src/mysql-server/sql/item.cc:5020:0:1,/src/mysql-server/sql/item.cc,5020,5020,0,0,mysql_target_000244;mysql_target_000916
mysql_aflgo_r1,mysql,1,src/mysql-server/sql/item.cc:5028:0:0,/src/mysql-server/sql/item.cc,5028,5028,0,0,mysql_target_000244;mysql_target_000916
mysql_aflgo_r1,mysql,1,src/mysql-server/sql/item.cc:5028:0:1,/src/mysql-server/sql/item.cc,5028,5028,0,0,mysql_target_000244;mysql_target_000916
mysql_aflgo_r1,mysql,1,src/mysql-server/sql/item.cc:5029:0:0,/src/mysql-server/sql/item.cc,5029,5029,0,0,mysql_target_000244;mysql_target_000916
mysql_aflgo_r1,mysql,1,src/mysql-server/sql/item.cc:5029:0:1,/src/mysql-server/sql/item.cc,5029,5029,0,0,mysql_target_000244;mysql_target_000916
mysql_aflgo_r1,mysql,1,src/mysql-server/sql/item.cc:5037:0:0,/src/mysql-server/sql/item.cc,5037,5037,0,0,mysql_target_000244;mysql_target_000916
mysql_aflgo_r1,mysql,1,src/mysql-server/sql/item.cc:5037:0:1,/src/mysql-server/sql/item.cc,5037,5037,184,1,mysql_target_000244;mysql_target_000916
mysql_aflgo_r1,mysql,1,src/mysql-server/sql/item.cc:5042:0:0,/src/mysql-server/sql/item.cc,5042,5042,0,0,mysql_target_000244;mysql_target_000916
mysql_aflgo_r1,mysql,1,src/mysql-server/sql/item.cc:5042:0:1,/src/mysql-server/sql/item.cc,5042,5042,0,0,mysql_target_000244;mysql_target_000916
mysql_aflgo_r1,mysql,1,src/mysql-server/sql/item.cc:5043:0:0,/src/mysql-server/sql/item.cc,5043,5043,0,0,mysql_target_000244;mysql_target_000916
mysql_aflgo_r1,mysql,1,src/mysql-server/sql/item.cc:5043:0:1,/src/mysql-server/sql/item.cc,5043,5043,0,0,mysql_target_000244;mysql_target_000916
mysql_aflgo_r1,mysql,1,src/mysql-server/sql/item.cc:5045:0:0,/src/mysql-server/sql/item.cc,5045,5045,0,0,mysql_target_000244;mysql_target_000916
mysql_aflgo_r1,mysql,1,src/mysql-server/sql/item.cc:5045:0:1,/src/mysql-server/sql/item.cc,5045,5045,0,0,mysql_target_000244;mysql_target_000916
mysql_aflgo_r1,mysql,1,src/mysql-server/sql/item.cc:5048:0:0,/src/mysql-server/sql/item.cc,5048,5048,0,0,mysql_target_000244;mysql_target_000916
mysql_aflgo_r1,mysql,1,src/mysql-server/sql/item.cc:5048:0:1,/src/mysql-server/sql/item.cc,5048,5048,0,0,mysql_target_000244;mysql_target_000916
mysql_aflgo_r1,mysql,1,src/mysql-server/sql/item.cc:5051:0:0,/src/mysql-server/sql/item.cc,5051,5051,0,0,mysql_target_000244;mysql_target_000916
mysql_aflgo_r1,mysql,1,src/mysql-server/sql/item.cc:5051:0:1,/src/mysql-server/sql/item.cc,5051,5051,0,0,mysql_target_000244;mysql_target_000916
mysql_aflgo_r1,mysql,1,src/mysql-server/sql/item.cc:5059:0:0,/src/mysql-server/sql/item.cc,5059,5059,0,0,mysql_target_000244;mysql_target_000916
mysql_aflgo_r1,mysql,1,src/mysql-server/sql/item.cc:5059:0:1,/src/mysql-server/sql/item.cc,5059,5059,0,0,mysql_target_000244;mysql_target_000916
mysql_aflgo_r1,mysql,1,src/mysql-server/sql/item.cc:5060:0:0,/src/mysql-server/sql/item.cc,5060,5060,0,0,mysql_target_000244;mysql_target_000916
mysql_aflgo_r1,mysql,1,src/mysql-server/sql/item.cc:5060:0:1,/src/mysql-server/sql/item.cc,5060,5060,0,0,mysql_target_000244;mysql_target_000916
mysql_aflgo_r1,mysql,1,src/mysql-server/sql/item.cc:5176:0:0,/src/mysql-server/sql/item.cc,5176,5176,0,0,mysql_target_000246;mysql_target_000918
mysql_aflgo_r1,mysql,1,src/mysql-server/sql/item.cc:5176:0:1,/src/mysql-server/sql/item.cc,5176,5176,0,0,mysql_target_000246;mysql_target_000918
mysql_aflgo_r1,mysql,1,src/mysql-server/sql/item.cc:5178:0:0,/src/mysql-server/sql/item.cc,5178,5178,0,0,mysql_target_000246;mysql_target_000918
mysql_aflgo_r1,mysql,1,src/mysql-server/sql/item.cc:5178:0:1,/src/mysql-server/sql/item.cc,5178,5178,0,0,mysql_target_000246;mysql_target_000918
mysql_aflgo_r1,mysql,1,src/mysql-server/sql/item.cc:5346:0:0,/src/mysql-server/sql/item.cc,5346,5346,0,0,mysql_target_000251;mysql_target_000923
mysql_aflgo_r1,mysql,1,src/mysql-server/sql/item.cc:5346:0:1,/src/mysql-server/sql/item.cc,5346,5346,0,0,mysql_target_000251;mysql_target_000923
mysql_aflgo_r1,mysql,1,src/mysql-server/sql/item.cc:5359:0:0,/src/mysql-server/sql/item.cc,5359,5359,0,0,mysql_target_000253;mysql_target_000925
mysql_aflgo_r1,mysql,1,src/mysql-server/sql/item.cc:5359:0:1,/src/mysql-server/sql/item.cc,5359,5359,0,0,mysql_target_000253;mysql_target_000925
mysql_aflgo_r1,mysql,1,src/mysql-server/sql/item.cc:5372:0:0,/src/mysql-server/sql/item.cc,5372,5372,0,0,mysql_target_000255;mysql_target_000927
mysql_aflgo_r1,mysql,1,src/mysql-server/sql/item.cc:5372:0:1,/src/mysql-server/sql/item.cc,5372,5372,0,0,mysql_target_000255;mysql_target_000927
mysql_aflgo_r1,mysql,1,src/mysql-server/sql/item.cc:5376:0:0,/src/mysql-server/sql/item.cc,5376,5376,0,0,mysql_target_000256;mysql_target_000257;mysql_target_000928;mysql_target_000929
mysql_aflgo_r1,mysql,1,src/mysql-server/sql/item.cc:5376:0:1,/src/mysql-server/sql/item.cc,5376,5376,0,0,mysql_target_000256;mysql_target_000257;mysql_target_000928;mysql_target_000929
mysql_aflgo_r1,mysql,1,src/mysql-server/sql/item.cc:5379:0:0,/src/mysql-server/sql/item.cc,5379,5379,0,0,mysql_target_000256;mysql_target_000257;mysql_target_000928;mysql_target_000929
mysql_aflgo_r1,mysql,1,src/mysql-server/sql/item.cc:5379:0:1,/src/mysql-server/sql/item.cc,5379,5379,0,0,mysql_target_000256;mysql_target_000257;mysql_target_000928;mysql_target_000929
mysql_aflgo_r1,mysql,1,src/mysql-server/sql/item.cc:5385:0:0,/src/mysql-server/sql/item.cc,5385,5385,0,0,mysql_target_000257;mysql_target_000929
mysql_aflgo_r1,mysql,1,src/mysql-server/sql/item.cc:5385:0:1,/src/mysql-server/sql/item.cc,5385,5385,0,0,mysql_target_000257;mysql_target_000929
mysql_aflgo_r1,mysql,1,src/mysql-server/sql/item.cc:5982:0:0,/src/mysql-server/sql/item.cc,5982,5982,0,0,mysql_target_000258;mysql_target_000930
mysql_aflgo_r1,mysql,1,src/mysql-server/sql/item.cc:5982:0:1,/src/mysql-server/sql/item.cc,5982,5982,0,0,mysql_target_000258;mysql_target_000930
mysql_aflgo_r1,mysql,1,src/mysql-server/sql/item.cc:5985:0:0,/src/mysql-server/sql/item.cc,5985,5985,0,0,mysql_target_000258;mysql_target_000930
mysql_aflgo_r1,mysql,1,src/mysql-server/sql/item.cc:5985:0:1,/src/mysql-server/sql/item.cc,5985,5985,0,0,mysql_target_000258;mysql_target_000930
mysql_aflgo_r1,mysql,1,src/mysql-server/sql/item.cc:5988:0:0,/src/mysql-server/sql/item.cc,5988,5988,0,0,mysql_target_000258;mysql_target_000930
mysql_aflgo_r1,mysql,1,src/mysql-server/sql/item.cc:5988:0:1,/src/mysql-server/sql/item.cc,5988,5988,0,0,mysql_target_000258;mysql_target_000930
mysql_aflgo_r1,mysql,1,src/mysql-server/sql/item.cc:5989:0:0,/src/mysql-server/sql/item.cc,5989,5989,0,0,mysql_target_000258;mysql_target_000930
mysql_aflgo_r1,mysql,1,src/mysql-server/sql/item.cc:5989:0:1,/src/mysql-server/sql/item.cc,5989,5989,0,0,mysql_target_000258;mysql_target_000930
mysql_aflgo_r1,mysql,1,src/mysql-server/sql/item.cc:5994:0:0,/src/mysql-server/sql/item.cc,5994,5994,0,0,mysql_target_000258;mysql_target_000930
mysql_aflgo_r1,mysql,1,src/mysql-server/sql/item.cc:5994:0:1,/src/mysql-server/sql/item.cc,5994,5994,0,0,mysql_target_000258;mysql_target_000930
mysql_aflgo_r1,mysql,1,src/mysql-server/sql/item.cc:6007:0:0,/src/mysql-server/sql/item.cc,6007,6007,0,0,mysql_target_000258;mysql_target_000930
mysql_aflgo_r1,mysql,1,src/mysql-server/sql/item.cc:6007:0:1,/src/mysql-server/sql/item.cc,6007,6007,0,0,mysql_target_000258;mysql_target_000930
mysql_aflgo_r1,mysql,1,src/mysql-server/sql/item.cc:6007:1:2,/src/mysql-server/sql/item.cc,6007,6007,0,0,mysql_target_000258;mysql_target_000930
mysql_aflgo_r1,mysql,1,src/mysql-server/sql/item.cc:6007:1:3,/src/mysql-server/sql/item.cc,6007,6007,0,0,mysql_target_000258;mysql_target_000930
mysql_aflgo_r1,mysql,1,src/mysql-server/sql/item.cc:6008:0:0,/src/mysql-server/sql/item.cc,6008,6008,0,0,mysql_target_000258;mysql_target_000930
mysql_aflgo_r1,mysql,1,src/mysql-server/sql/item.cc:6008:0:1,/src/mysql-server/sql/item.cc,6008,6008,0,0,mysql_target_000258;mysql_target_000930
mysql_aflgo_r1,mysql,1,src/mysql-server/sql/item.cc:6009:0:0,/src/mysql-server/sql/item.cc,6009,6009,0,0,mysql_target_000258;mysql_target_000930
mysql_aflgo_r1,mysql,1,src/mysql-server/sql/item.cc:6009:0:1,/src/mysql-server/sql/item.cc,6009,6009,0,0,mysql_target_000258;mysql_target_000930
mysql_aflgo_r1,mysql,1,src/mysql-server/sql/item.cc:6012:0:0,/src/mysql-server/sql/item.cc,6012,6012,0,0,mysql_target_000258;mysql_target_000930
mysql_aflgo_r1,mysql,1,src/mysql-server/sql/item.cc:6012:0:1,/src/mysql-server/sql/item.cc,6012,6012,0,0,mysql_target_000258;mysql_target_000930
mysql_aflgo_r1,mysql,1,src/mysql-server/sql/item.cc:6031:0:0,/src/mysql-server/sql/item.cc,6031,6031,17,1,mysql_target_000258;mysql_target_000930
mysql_aflgo_r1,mysql,1,src/mysql-server/sql/item.cc:6031:0:1,/src/mysql-server/sql/item.cc,6031,6031,0,0,mysql_target_000258;mysql_target_000930
mysql_aflgo_r1,mysql,1,src/mysql-server/sql/item.cc:6031:1:2,/src/mysql-server/sql/item.cc,6031,6031,0,0,mysql_target_000258;mysql_target_000930
mysql_aflgo_r1,mysql,1,src/mysql-server/sql/item.cc:6031:1:3,/src/mysql-server/sql/item.cc,6031,6031,17,1,mysql_target_000258;mysql_target_000930
mysql_aflgo_r1,mysql,1,src/mysql-server/sql/item.cc:6032:0:0,/src/mysql-server/sql/item.cc,6032,6032,0,0,mysql_target_000258;mysql_target_000930
mysql_aflgo_r1,mysql,1,src/mysql-server/sql/item.cc:6032:0:1,/src/mysql-server/sql/item.cc,6032,6032,0,0,mysql_target_000258;mysql_target_000930
mysql_aflgo_r1,mysql,1,src/mysql-server/sql/item.cc:6037:0:0,/src/mysql-server/sql/item.cc,6037,6037,0,0,mysql_target_000258;mysql_target_000930
mysql_aflgo_r1,mysql,1,src/mysql-server/sql/item.cc:6037:0:1,/src/mysql-server/sql/item.cc,6037,6037,0,0,mysql_target_000258;mysql_target_000930
mysql_aflgo_r1,mysql,1,src/mysql-server/sql/item.cc:6040:0:0,/src/mysql-server/sql/item.cc,6040,6040,0,0,mysql_target_000258;mysql_target_000930
mysql_aflgo_r1,mysql,1,src/mysql-server/sql/item.cc:6040:0:1,/src/mysql-server/sql/item.cc,6040,6040,0,0,mysql_target_000258;mysql_target_000930
mysql_aflgo_r1,mysql,1,src/mysql-server/sql/item.cc:6172:0:0,/src/mysql-server/sql/item.cc,6172,6172,17,1,mysql_target_000260;mysql_target_000932;mysql_target_000938
mysql_aflgo_r1,mysql,1,src/mysql-server/sql/item.cc:6172:0:1,/src/mysql-server/sql/item.cc,6172,6172,54143,1,mysql_target_000260;mysql_target_000932;mysql_target_000938
mysql_aflgo_r1,mysql,1,src/mysql-server/sql/item.cc:6173:0:0,/src/mysql-server/sql/item.cc,6173,6173,11,1,mysql_target_000260;mysql_target_000932;mysql_target_000938
mysql_aflgo_r1,mysql,1,src/mysql-server/sql/item.cc:6173:0:1,/src/mysql-server/sql/item.cc,6173,6173,6,1,mysql_target_000260;mysql_target_000932;mysql_target_000938
mysql_aflgo_r1,mysql,1,src/mysql-server/sql/item.cc:6174:0:0,/src/mysql-server/sql/item.cc,6174,6174,10,1,mysql_target_000260;mysql_target_000932;mysql_target_000938
mysql_aflgo_r1,mysql,1,src/mysql-server/sql/item.cc:6174:0:1,/src/mysql-server/sql/item.cc,6174,6174,1,1,mysql_target_000260;mysql_target_000932;mysql_target_000938
mysql_aflgo_r1,mysql,1,src/mysql-server/sql/item.cc:6174:1:2,/src/mysql-server/sql/item.cc,6174,6174,0,0,mysql_target_000260;mysql_target_000932;mysql_target_000938
mysql_aflgo_r1,mysql,1,src/mysql-server/sql/item.cc:6174:1:3,/src/mysql-server/sql/item.cc,6174,6174,1,1,mysql_target_000260;mysql_target_000932;mysql_target_000938
mysql_aflgo_r1,mysql,1,src/mysql-server/sql/item.cc:6175:0:0,/src/mysql-server/sql/item.cc,6175,6175,10,1,mysql_target_000260;mysql_target_000932;mysql_target_000938
mysql_aflgo_r1,mysql,1,src/mysql-server/sql/item.cc:6175:0:1,/src/mysql-server/sql/item.cc,6175,6175,0,0,mysql_target_000260;mysql_target_000932;mysql_target_000938
mysql_aflgo_r1,mysql,1,src/mysql-server/sql/item.cc:6176:0:0,/src/mysql-server/sql/item.cc,6176,6176,0,0,mysql_target_000260;mysql_target_000932
mysql_aflgo_r1,mysql,1,src/mysql-server/sql/item.cc:6176:0:1,/src/mysql-server/sql/item.cc,6176,6176,1,1,mysql_target_000260;mysql_target_000932
mysql_aflgo_r1,mysql,1,src/mysql-server/sql/item.cc:6178:0:0,/src/mysql-server/sql/item.cc,6178,6178,4339,1,mysql_target_000260;mysql_target_000932
mysql_aflgo_r1,mysql,1,src/mysql-server/sql/item.cc:6178:0:1,/src/mysql-server/sql/item.cc,6178,6178,49804,1,mysql_target_000260;mysql_target_000932
mysql_aflgo_r1,mysql,1,src/mysql-server/sql/item.cc:6179:0:0,/src/mysql-server/sql/item.cc,6179,6179,0,0,mysql_target_000260;mysql_target_000932
mysql_aflgo_r1,mysql,1,src/mysql-server/sql/item.cc:6179:0:1,/src/mysql-server/sql/item.cc,6179,6179,49804,1,mysql_target_000260;mysql_target_000932
mysql_aflgo_r1,mysql,1,src/mysql-server/sql/item.cc:6179:1:2,/src/mysql-server/sql/item.cc,6179,6179,0,0,mysql_target_000260;mysql_target_000932
mysql_aflgo_r1,mysql,1,src/mysql-server/sql/item.cc:6179:1:3,/src/mysql-server/sql/item.cc,6179,6179,0,0,mysql_target_000260;mysql_target_000932
mysql_aflgo_r1,mysql,1,src/mysql-server/sql/item.cc:6180:0:0,/src/mysql-server/sql/item.cc,6180,6180,714,1,mysql_target_000260;mysql_target_000932
mysql_aflgo_r1,mysql,1,src/mysql-server/sql/item.cc:6180:0:1,/src/mysql-server/sql/item.cc,6180,6180,3625,1,mysql_target_000260;mysql_target_000932
mysql_aflgo_r1,mysql,1,src/mysql-server/sql/item.cc:6180:1:2,/src/mysql-server/sql/item.cc,6180,6180,8,1,mysql_target_000260;mysql_target_000932
mysql_aflgo_r1,mysql,1,src/mysql-server/sql/item.cc:6180:1:3,/src/mysql-server/sql/item.cc,6180,6180,706,1,mysql_target_000260;mysql_target_000932
mysql_aflgo_r1,mysql,1,src/mysql-server/sql/item.cc:6181:0:0,/src/mysql-server/sql/item.cc,6181,6181,0,0,mysql_target_000260;mysql_target_000932
mysql_aflgo_r1,mysql,1,src/mysql-server/sql/item.cc:6181:0:1,/src/mysql-server/sql/item.cc,6181,6181,8,1,mysql_target_000260;mysql_target_000932
mysql_aflgo_r1,mysql,1,src/mysql-server/sql/item.cc:6182:0:0,/src/mysql-server/sql/item.cc,6182,6182,0,0,mysql_target_000260;mysql_target_000932
mysql_aflgo_r1,mysql,1,src/mysql-server/sql/item.cc:6182:0:1,/src/mysql-server/sql/item.cc,6182,6182,4339,1,mysql_target_000260;mysql_target_000932
mysql_aflgo_r1,mysql,1,src/mysql-server/sql/item.cc:6243:0:0,/src/mysql-server/sql/item.cc,6243,6243,0,0,mysql_target_000260;mysql_target_000932
mysql_aflgo_r1,mysql,1,src/mysql-server/sql/item.cc:6243:0:1,/src/mysql-server/sql/item.cc,6243,6243,53826,1,mysql_target_000260;mysql_target_000932
mysql_aflgo_r1,mysql,1,src/mysql-server/sql/item.cc:6260:0:0,/src/mysql-server/sql/item.cc,6260,6260,0,0,mysql_target_000260;mysql_target_000932;mysql_target_000939
mysql_aflgo_r1,mysql,1,src/mysql-server/sql/item.cc:6260:0:1,/src/mysql-server/sql/item.cc,6260,6260,53826,1,mysql_target_000260;mysql_target_000932;mysql_target_000939
mysql_aflgo_r1,mysql,1,src/mysql-server/sql/item.cc:6272:0:0,/src/mysql-server/sql/item.cc,6272,6272,0,0,mysql_target_000260;mysql_target_000932
mysql_aflgo_r1,mysql,1,src/mysql-server/sql/item.cc:6272:0:1,/src/mysql-server/sql/item.cc,6272,6272,0,0,mysql_target_000260;mysql_target_000932
mysql_aflgo_r1,mysql,1,src/mysql-server/sql/item.cc:6275:0:0,/src/mysql-server/sql/item.cc,6275,6275,0,0,mysql_target_000260;mysql_target_000932
mysql_aflgo_r1,mysql,1,src/mysql-server/sql/item.cc:6275:0:1,/src/mysql-server/sql/item.cc,6275,6275,0,0,mysql_target_000260;mysql_target_000932
mysql_aflgo_r1,mysql,1,src/mysql-server/sql/item.cc:6275:1:2,/src/mysql-server/sql/item.cc,6275,6275,0,0,mysql_target_000260;mysql_target_000932
mysql_aflgo_r1,mysql,1,src/mysql-server/sql/item.cc:6275:1:3,/src/mysql-server/sql/item.cc,6275,6275,0,0,mysql_target_000260;mysql_target_000932
mysql_aflgo_r1,mysql,1,src/mysql-server/sql/item.cc:6283:0:0,/src/mysql-server/sql/item.cc,6283,6283,244,1,mysql_target_000260;mysql_target_000932;mysql_target_000940;mysql_target_000941;mysql_target_000942;mysql_target_000943
mysql_aflgo_r1,mysql,1,src/mysql-server/sql/item.cc:6283:0:1,/src/mysql-server/sql/item.cc,6283,6283,53582,1,mysql_target_000260;mysql_target_000932;mysql_target_000940;mysql_target_000941;mysql_target_000942;mysql_target_000943
mysql_aflgo_r1,mysql,1,src/mysql-server/sql/item.cc:6284:0:0,/src/mysql-server/sql/item.cc,6284,6284,0,0,mysql_target_000260;mysql_target_000932;mysql_target_000940;mysql_target_000941;mysql_target_000942;mysql_target_000943
mysql_aflgo_r1,mysql,1,src/mysql-server/sql/item.cc:6284:0:1,/src/mysql-server/sql/item.cc,6284,6284,53826,1,mysql_target_000260;mysql_target_000932;mysql_target_000940;mysql_target_000941;mysql_target_000942;mysql_target_000943
mysql_aflgo_r1,mysql,1,src/mysql-server/sql/item.cc:6286:0:0,/src/mysql-server/sql/item.cc,6286,6286,849,1,mysql_target_000260;mysql_target_000932;mysql_target_000940;mysql_target_000941;mysql_target_000942;mysql_target_000943
mysql_aflgo_r1,mysql,1,src/mysql-server/sql/item.cc:6286:0:1,/src/mysql-server/sql/item.cc,6286,6286,52977,1,mysql_target_000260;mysql_target_000932;mysql_target_000940;mysql_target_000941;mysql_target_000942;mysql_target_000943
mysql_aflgo_r1,mysql,1,src/mysql-server/sql/item.cc:6289:0:0,/src/mysql-server/sql/item.cc,6289,6289,17,1,mysql_target_000260;mysql_target_000932;mysql_target_000943
mysql_aflgo_r1,mysql,1,src/mysql-server/sql/item.cc:6289:0:1,/src/mysql-server/sql/item.cc,6289,6289,53809,1,mysql_target_000260;mysql_target_000932;mysql_target_000943
mysql_aflgo_r1,mysql,1,src/mysql-server/sql/item.cc:6291:0:0,/src/mysql-server/sql/item.cc,6291,6291,0,0,mysql_target_000260;mysql_target_000932
mysql_aflgo_r1,mysql,1,src/mysql-server/sql/item.cc:6291:0:1,/src/mysql-server/sql/item.cc,6291,6291,17,1,mysql_target_000260;mysql_target_000932
mysql_aflgo_r1,mysql,1,src/mysql-server/sql/item.cc:6295:0:0,/src/mysql-server/sql/item.cc,6295,6295,0,0,mysql_target_000260;mysql_target_000932
mysql_aflgo_r1,mysql,1,src/mysql-server/sql/item.cc:6295:0:1,/src/mysql-server/sql/item.cc,6295,6295,0,0,mysql_target_000260;mysql_target_000932
mysql_aflgo_r1,mysql,1,src/mysql-server/sql/item.cc:6299:0:0,/src/mysql-server/sql/item.cc,6299,6299,0,0,mysql_target_000260;mysql_target_000932;mysql_target_000944
mysql_aflgo_r1,mysql,1,src/mysql-server/sql/item.cc:6299:0:1,/src/mysql-server/sql/item.cc,6299,6299,0,0,mysql_target_000260;mysql_target_000932;mysql_target_000944
mysql_aflgo_r1,mysql,1,src/mysql-server/sql/item.cc:6300:0:0,/src/mysql-server/sql/item.cc,6300,6300,0,0,mysql_target_000260;mysql_target_000932;mysql_target_000944
mysql_aflgo_r1,mysql,1,src/mysql-server/sql/item.cc:6300:0:1,/src/mysql-server/sql/item.cc,6300,6300,0,0,mysql_target_000260;mysql_target_000932;mysql_target_000944
mysql_aflgo_r1,mysql,1,src/mysql-server/sql/item.cc:6301:0:0,/src/mysql-server/sql/item.cc,6301,6301,0,0,mysql_target_000260;mysql_target_000932;mysql_target_000944
mysql_aflgo_r1,mysql,1,src/mysql-server/sql/item.cc:6301:0:1,/src/mysql-server/sql/item.cc,6301,6301,0,0,mysql_target_000260;mysql_target_000932;mysql_target_000944
mysql_aflgo_r1,mysql,1,src/mysql-server/sql/item.cc:6317:0:0,/src/mysql-server/sql/item.cc,6317,6317,0,0,mysql_target_000261;mysql_target_000945;mysql_target_000946;mysql_target_000947
mysql_aflgo_r1,mysql,1,src/mysql-server/sql/item.cc:6317:0:1,/src/mysql-server/sql/item.cc,6317,6317,0,0,mysql_target_000261;mysql_target_000945;mysql_target_000946;mysql_target_000947
mysql_aflgo_r1,mysql,1,src/mysql-server/sql/item.cc:6333:0:0,/src/mysql-server/sql/item.cc,6333,6333,0,0,mysql_target_000261;mysql_target_000945;mysql_target_000948;mysql_target_000949;mysql_target_000950;mysql_target_000951;mysql_target_000952;mysql_target_000953
mysql_aflgo_r1,mysql,1,src/mysql-server/sql/item.cc:6333:0:1,/src/mysql-server/sql/item.cc,6333,6333,0,0,mysql_target_000261;mysql_target_000945;mysql_target_000948;mysql_target_000949;mysql_target_000950;mysql_target_000951;mysql_target_000952;mysql_target_000953
mysql_aflgo_r1,mysql,1,src/mysql-server/sql/item.cc:6336:0:0,/src/mysql-server/sql/item.cc,6336,6336,0,0,mysql_target_000261;mysql_target_000945;mysql_target_000950;mysql_target_000951;mysql_target_000952;mysql_target_000953
mysql_aflgo_r1,mysql,1,src/mysql-server/sql/item.cc:6336:0:1,/src/mysql-server/sql/item.cc,6336,6336,0,0,mysql_target_000261;mysql_target_000945;mysql_target_000950;mysql_target_000951;mysql_target_000952;mysql_target_000953
mysql_aflgo_r1,mysql,1,src/mysql-server/sql/item.cc:6336:1:2,/src/mysql-server/sql/item.cc,6336,6336,0,0,mysql_target_000261;mysql_target_000945;mysql_target_000950;mysql_target_000951;mysql_target_000952;mysql_target_000953
mysql_aflgo_r1,mysql,1,src/mysql-server/sql/item.cc:6336:1:3,/src/mysql-server/sql/item.cc,6336,6336,0,0,mysql_target_000261;mysql_target_000945;mysql_target_000950;mysql_target_000951;mysql_target_000952;mysql_target_000953
mysql_aflgo_r1,mysql,1,src/mysql-server/sql/item.cc:6347:0:0,/src/mysql-server/sql/item.cc,6347,6347,0,0,mysql_target_000262;mysql_target_000954
mysql_aflgo_r1,mysql,1,src/mysql-server/sql/item.cc:6347:0:1,/src/mysql-server/sql/item.cc,6347,6347,0,0,mysql_target_000262;mysql_target_000954
mysql_aflgo_r1,mysql,1,src/mysql-server/sql/item.cc:6358:0:0,/src/mysql-server/sql/item.cc,6358,6358,0,0,mysql_target_000262;mysql_target_000954
mysql_aflgo_r1,mysql,1,src/mysql-server/sql/item.cc:6358:0:1,/src/mysql-server/sql/item.cc,6358,6358,17,1,mysql_target_000262;mysql_target_000954
mysql_aflgo_r1,mysql,1,src/mysql-server/sql/item.cc:6362:0:0,/src/mysql-server/sql/item.cc,6362,6362,0,0,mysql_target_000262;mysql_target_000954
mysql_aflgo_r1,mysql,1,src/mysql-server/sql/item.cc:6362:0:1,/src/mysql-server/sql/item.cc,6362,6362,17,1,mysql_target_000262;mysql_target_000954
mysql_aflgo_r1,mysql,1,src/mysql-server/sql/item.cc:6950:0:0,/src/mysql-server/sql/item.cc,6950,6950,0,0,mysql_target_000267;mysql_target_000959
mysql_aflgo_r1,mysql,1,src/mysql-server/sql/item.cc:6950:0:1,/src/mysql-server/sql/item.cc,6950,6950,847,1,mysql_target_000267;mysql_target_000959
mysql_aflgo_r1,mysql,1,src/mysql-server/sql/item.cc:6954:0:0,/src/mysql-server/sql/item.cc,6954,6954,120,1,mysql_target_000267;mysql_target_000959
mysql_aflgo_r1,mysql,1,src/mysql-server/sql/item.cc:6954:0:1,/src/mysql-server/sql/item.cc,6954,6954,727,1,mysql_target_000267;mysql_target_000959
mysql_aflgo_r1,mysql,1,src/mysql-server/sql/item.cc:6959:0:0,/src/mysql-server/sql/item.cc,6959,6959,627,1,mysql_target_000267;mysql_target_000959;mysql_target_000960
mysql_aflgo_r1,mysql,1,src/mysql-server/sql/item.cc:6959:0:1,/src/mysql-server/sql/item.cc,6959,6959,100,1,mysql_target_000267;mysql_target_000959;mysql_target_000960
mysql_aflgo_r1,mysql,1,src/mysql-server/sql/item.cc:6959:1:2,/src/mysql-server/sql/item.cc,6959,6959,100,1,mysql_target_000267;mysql_target_000959;mysql_target_000960
mysql_aflgo_r1,mysql,1,src/mysql-server/sql/item.cc:6959:1:3,/src/mysql-server/sql/item.cc,6959,6959,0,0,mysql_target_000267;mysql_target_000959;mysql_target_000960
mysql_aflgo_r1,mysql,1,src/mysql-server/sql/item.cc:6965:0:0,/src/mysql-server/sql/item.cc,6965,6965,847,1,mysql_target_000960
mysql_aflgo_r1,mysql,1,src/mysql-server/sql/item.cc:6965:0:1,/src/mysql-server/sql/item.cc,6965,6965,0,0,mysql_target_000960
mysql_aflgo_r1,mysql,1,src/mysql-server/sql/item.cc:7007:0:0,/src/mysql-server/sql/item.cc,7007,7007,0,0,mysql_target_000268;mysql_target_000961
mysql_aflgo_r1,mysql,1,src/mysql-server/sql/item.cc:7007:0:1,/src/mysql-server/sql/item.cc,7007,7007,913,1,mysql_target_000268;mysql_target_000961
mysql_aflgo_r1,mysql,1,src/mysql-server/sql/item.cc:7011:0:0,/src/mysql-server/sql/item.cc,7011,7011,4,1,mysql_target_000268;mysql_target_000961
mysql_aflgo_r1,mysql,1,src/mysql-server/sql/item.cc:7011:0:1,/src/mysql-server/sql/item.cc,7011,7011,909,1,mysql_target_000268;mysql_target_000961
mysql_aflgo_r1,mysql,1,src/mysql-server/sql/item.cc:7015:0:0,/src/mysql-server/sql/item.cc,7015,7015,0,0,mysql_target_000268;mysql_target_000269;mysql_target_000961;mysql_target_000962
mysql_aflgo_r1,mysql,1,src/mysql-server/sql/item.cc:7015:0:1,/src/mysql-server/sql/item.cc,7015,7015,913,1,mysql_target_000268;mysql_target_000269;mysql_target_000961;mysql_target_000962
mysql_aflgo_r1,mysql,1,src/mysql-server/sql/item.cc:7019:0:0,/src/mysql-server/sql/item.cc,7019,7019,0,0,mysql_target_000269;mysql_target_000962;mysql_target_000963
mysql_aflgo_r1,mysql,1,src/mysql-server/sql/item.cc:7019:0:1,/src/mysql-server/sql/item.cc,7019,7019,913,1,mysql_target_000269;mysql_target_000962;mysql_target_000963
mysql_aflgo_r1,mysql,1,src/mysql-server/sql/item.cc:7020:0:0,/src/mysql-server/sql/item.cc,7020,7020,0,0,mysql_target_000269;mysql_target_000962;mysql_target_000963
mysql_aflgo_r1,mysql,1,src/mysql-server/sql/item.cc:7020:0:1,/src/mysql-server/sql/item.cc,7020,7020,913,1,mysql_target_000269;mysql_target_000962;mysql_target_000963
mysql_aflgo_r1,mysql,1,src/mysql-server/sql/item.cc:7023:0:0,/src/mysql-server/sql/item.cc,7023,7023,12,1,mysql_target_000269;mysql_target_000962;mysql_target_000963
mysql_aflgo_r1,mysql,1,src/mysql-server/sql/item.cc:7023:0:1,/src/mysql-server/sql/item.cc,7023,7023,901,1,mysql_target_000269;mysql_target_000962;mysql_target_000963
mysql_aflgo_r1,mysql,1,src/mysql-server/sql/item.cc:7027:0:0,/src/mysql-server/sql/item.cc,7027,7027,0,0,mysql_target_000963
mysql_aflgo_r1,mysql,1,src/mysql-server/sql/item.cc:7027:0:1,/src/mysql-server/sql/item.cc,7027,7027,913,1,mysql_target_000963
mysql_aflgo_r1,mysql,1,src/mysql-server/sql/item.cc:7031:0:0,/src/mysql-server/sql/item.cc,7031,7031,38,1,mysql_target_000964
mysql_aflgo_r1,mysql,1,src/mysql-server/sql/item.cc:7031:0:1,/src/mysql-server/sql/item.cc,7031,7031,875,1,mysql_target_000964
mysql_aflgo_r1,mysql,1,src/mysql-server/sql/item.cc:7035:0:0,/src/mysql-server/sql/item.cc,7035,7035,0,0,mysql_target_000964;mysql_target_000965
mysql_aflgo_r1,mysql,1,src/mysql-server/sql/item.cc:7035:0:1,/src/mysql-server/sql/item.cc,7035,7035,913,1,mysql_target_000964;mysql_target_000965
mysql_aflgo_r1,mysql,1,src/mysql-server/sql/item.cc:7040:0:0,/src/mysql-server/sql/item.cc,7040,7040,0,0,mysql_target_000964;mysql_target_000965
mysql_aflgo_r1,mysql,1,src/mysql-server/sql/item.cc:7040:0:1,/src/mysql-server/sql/item.cc,7040,7040,913,1,mysql_target_000964;mysql_target_000965
mysql_aflgo_r1,mysql,1,src/mysql-server/sql/item.cc:7060:0:0,/src/mysql-server/sql/item.cc,7060,7060,1,1,mysql_target_000270;mysql_target_000966
mysql_aflgo_r1,mysql,1,src/mysql-server/sql/item.cc:7060:0:1,/src/mysql-server/sql/item.cc,7060,7060,912,1,mysql_target_000270;mysql_target_000966
mysql_aflgo_r1,mysql,1,src/mysql-server/sql/item.cc:7061:0:0,/src/mysql-server/sql/item.cc,7061,7061,0,0,mysql_target_000270;mysql_target_000966
mysql_aflgo_r1,mysql,1,src/mysql-server/sql/item.cc:7061:0:1,/src/mysql-server/sql/item.cc,7061,7061,913,1,mysql_target_000270;mysql_target_000966
mysql_aflgo_r1,mysql,1,src/mysql-server/sql/item.cc:7062:0:0,/src/mysql-server/sql/item.cc,7062,7062,0,0,mysql_target_000270;mysql_target_000966
mysql_aflgo_r1,mysql,1,src/mysql-server/sql/item.cc:7062:0:1,/src/mysql-server/sql/item.cc,7062,7062,913,1,mysql_target_000270;mysql_target_000966
mysql_aflgo_r1,mysql,1,src/mysql-server/sql/item.cc:7063:0:0,/src/mysql-server/sql/item.cc,7063,7063,492,1,mysql_target_000270;mysql_target_000966
mysql_aflgo_r1,mysql,1,src/mysql-server/sql/item.cc:7063:0:1,/src/mysql-server/sql/item.cc,7063,7063,421,1,mysql_target_000270;mysql_target_000966
mysql_aflgo_r1,mysql,1,src/mysql-server/sql/item.cc:7065:0:0,/src/mysql-server/sql/item.cc,7065,7065,0,0,mysql_target_000270;mysql_target_000966
mysql_aflgo_r1,mysql,1,src/mysql-server/sql/item.cc:7065:0:1,/src/mysql-server/sql/item.cc,7065,7065,913,1,mysql_target_000270;mysql_target_000966
mysql_aflgo_r1,mysql,1,src/mysql-server/sql/item.cc:7069:0:0,/src/mysql-server/sql/item.cc,7069,7069,0,0,mysql_target_000271;mysql_target_000967
mysql_aflgo_r1,mysql,1,src/mysql-server/sql/item.cc:7069:0:1,/src/mysql-server/sql/item.cc,7069,7069,913,1,mysql_target_000271;mysql_target_000967
mysql_aflgo_r1,mysql,1,src/mysql-server/sql/item.cc:7070:0:0,/src/mysql-server/sql/item.cc,7070,7070,10,1,mysql_target_000271;mysql_target_000967
mysql_aflgo_r1,mysql,1,src/mysql-server/sql/item.cc:7070:0:1,/src/mysql-server/sql/item.cc,7070,7070,903,1,mysql_target_000271;mysql_target_000967
mysql_aflgo_r1,mysql,1,src/mysql-server/sql/item.cc:7071:0:0,/src/mysql-server/sql/item.cc,7071,7071,0,0,mysql_target_000271;mysql_target_000967
mysql_aflgo_r1,mysql,1,src/mysql-server/sql/item.cc:7071:0:1,/src/mysql-server/sql/item.cc,7071,7071,913,1,mysql_target_000271;mysql_target_000967
mysql_aflgo_r1,mysql,1,src/mysql-server/sql/item.cc:7072:0:0,/src/mysql-server/sql/item.cc,7072,7072,0,0,mysql_target_000271;mysql_target_000967
mysql_aflgo_r1,mysql,1,src/mysql-server/sql/item.cc:7072:0:1,/src/mysql-server/sql/item.cc,7072,7072,913,1,mysql_target_000271;mysql_target_000967
mysql_aflgo_r1,mysql,1,src/mysql-server/sql/item.cc:7073:0:0,/src/mysql-server/sql/item.cc,7073,7073,10,1,mysql_target_000271;mysql_target_000967
mysql_aflgo_r1,mysql,1,src/mysql-server/sql/item.cc:7073:0:1,/src/mysql-server/sql/item.cc,7073,7073,0,0,mysql_target_000271;mysql_target_000967
mysql_aflgo_r1,mysql,1,src/mysql-server/sql/item.cc:7081:0:0,/src/mysql-server/sql/item.cc,7081,7081,0,0,mysql_target_000271;mysql_target_000967
mysql_aflgo_r1,mysql,1,src/mysql-server/sql/item.cc:7081:0:1,/src/mysql-server/sql/item.cc,7081,7081,913,1,mysql_target_000271;mysql_target_000967
mysql_aflgo_r1,mysql,1,src/mysql-server/sql/item.cc:7085:0:0,/src/mysql-server/sql/item.cc,7085,7085,0,0,mysql_target_000271;mysql_target_000967
mysql_aflgo_r1,mysql,1,src/mysql-server/sql/item.cc:7085:0:1,/src/mysql-server/sql/item.cc,7085,7085,913,1,mysql_target_000271;mysql_target_000967
mysql_aflgo_r1,mysql,1,src/mysql-server/sql/item.cc:7099:0:0,/src/mysql-server/sql/item.cc,7099,7099,182,1,mysql_target_000272;mysql_target_000968
mysql_aflgo_r1,mysql,1,src/mysql-server/sql/item.cc:7099:0:1,/src/mysql-server/sql/item.cc,7099,7099,40,1,mysql_target_000272;mysql_target_000968
mysql_aflgo_r1,mysql,1,src/mysql-server/sql/item.cc:7100:0:0,/src/mysql-server/sql/item.cc,7100,7100,142,1,mysql_target_000272;mysql_target_000968
mysql_aflgo_r1,mysql,1,src/mysql-server/sql/item.cc:7100:0:1,/src/mysql-server/sql/item.cc,7100,7100,80,1,mysql_target_000272;mysql_target_000968
mysql_aflgo_r1,mysql,1,src/mysql-server/sql/item.cc:7102:0:0,/src/mysql-server/sql/item.cc,7102,7102,142,1,mysql_target_000272;mysql_target_000968
mysql_aflgo_r1,mysql,1,src/mysql-server/sql/item.cc:7102:0:1,/src/mysql-server/sql/item.cc,7102,7102,80,1,mysql_target_000272;mysql_target_000968
mysql_aflgo_r1,mysql,1,src/mysql-server/sql/item.cc:7227:0:0,/src/mysql-server/sql/item.cc,7227,7227,50382,1,mysql_target_000274;mysql_target_000970
mysql_aflgo_r1,mysql,1,src/mysql-server/sql/item.cc:7227:0:1,/src/mysql-server/sql/item.cc,7227,7227,0,0,mysql_target_000274;mysql_target_000970
mysql_aflgo_r1,mysql,1,src/mysql-server/sql/item.cc:7227:1:2,/src/mysql-server/sql/item.cc,7227,7227,0,0,mysql_target_000274;mysql_target_000970
mysql_aflgo_r1,mysql,1,src/mysql-server/sql/item.cc:7227:1:3,/src/mysql-server/sql/item.cc,7227,7227,50382,1,mysql_target_000274;mysql_target_000970
mysql_aflgo_r1,mysql,1,src/mysql-server/sql/item.cc:7261:0:0,/src/mysql-server/sql/item.cc,7261,7261,0,0,mysql_target_000275;mysql_target_000971
mysql_aflgo_r1,mysql,1,src/mysql-server/sql/item.cc:7261:0:1,/src/mysql-server/sql/item.cc,7261,7261,0,0,mysql_target_000275;mysql_target_000971
mysql_aflgo_r1,mysql,1,src/mysql-server/sql/item.cc:7261:1:2,/src/mysql-server/sql/item.cc,7261,7261,0,0,mysql_target_000275;mysql_target_000971
mysql_aflgo_r1,mysql,1,src/mysql-server/sql/item.cc:7261:1:3,/src/mysql-server/sql/item.cc,7261,7261,0,0,mysql_target_000275;mysql_target_000971
mysql_aflgo_r1,mysql,1,src/mysql-server/sql/item.cc:7264:0:0,/src/mysql-server/sql/item.cc,7264,7264,0,0,mysql_target_000275;mysql_target_000971
mysql_aflgo_r1,mysql,1,src/mysql-server/sql/item.cc:7264:0:1,/src/mysql-server/sql/item.cc,7264,7264,0,0,mysql_target_000275;mysql_target_000971
mysql_aflgo_r1,mysql,1,src/mysql-server/sql/item.cc:7267:0:0,/src/mysql-server/sql/item.cc,7267,7267,0,0,mysql_target_000275;mysql_target_000971
mysql_aflgo_r1,mysql,1,src/mysql-server/sql/item.cc:7267:0:1,/src/mysql-server/sql/item.cc,7267,7267,0,0,mysql_target_000275;mysql_target_000971
mysql_aflgo_r1,mysql,1,src/mysql-server/sql/item.cc:7271:0:0,/src/mysql-server/sql/item.cc,7271,7271,0,0,mysql_target_000275;mysql_target_000971
mysql_aflgo_r1,mysql,1,src/mysql-server/sql/item.cc:7271:0:1,/src/mysql-server/sql/item.cc,7271,7271,0,0,mysql_target_000275;mysql_target_000971
mysql_aflgo_r1,mysql,1,src/mysql-server/sql/item.cc:7272:0:0,/src/mysql-server/sql/item.cc,7272,7272,0,0,mysql_target_000276;mysql_target_000972
mysql_aflgo_r1,mysql,1,src/mysql-server/sql/item.cc:7272:0:1,/src/mysql-server/sql/item.cc,7272,7272,0,0,mysql_target_000276;mysql_target_000972
mysql_aflgo_r1,mysql,1,src/mysql-server/sql/item.cc:7275:0:0,/src/mysql-server/sql/item.cc,7275,7275,0,0,mysql_target_000276;mysql_target_000972
mysql_aflgo_r1,mysql,1,src/mysql-server/sql/item.cc:7275:0:1,/src/mysql-server/sql/item.cc,7275,7275,0,0,mysql_target_000276;mysql_target_000972
mysql_aflgo_r1,mysql,1,src/mysql-server/sql/item.cc:7279:0:0,/src/mysql-server/sql/item.cc,7279,7279,0,0,mysql_target_000276;mysql_target_000972
mysql_aflgo_r1,mysql,1,src/mysql-server/sql/item.cc:7279:0:1,/src/mysql-server/sql/item.cc,7279,7279,0,0,mysql_target_000276;mysql_target_000972
mysql_aflgo_r1,mysql,1,src/mysql-server/sql/item.cc:7280:0:0,/src/mysql-server/sql/item.cc,7280,7280,0,0,mysql_target_000276;mysql_target_000972
mysql_aflgo_r1,mysql,1,src/mysql-server/sql/item.cc:7280:0:1,/src/mysql-server/sql/item.cc,7280,7280,0,0,mysql_target_000276;mysql_target_000972
mysql_aflgo_r1,mysql,1,src/mysql-server/sql/item.cc:7283:0:0,/src/mysql-server/sql/item.cc,7283,7283,0,0,mysql_target_000276;mysql_target_000972
mysql_aflgo_r1,mysql,1,src/mysql-server/sql/item.cc:7283:0:1,/src/mysql-server/sql/item.cc,7283,7283,0,0,mysql_target_000276;mysql_target_000972
mysql_aflgo_r1,mysql,1,src/mysql-server/sql/item.cc:7287:0:0,/src/mysql-server/sql/item.cc,7287,7287,0,0,mysql_target_000276;mysql_target_000972
mysql_aflgo_r1,mysql,1,src/mysql-server/sql/item.cc:7287:0:1,/src/mysql-server/sql/item.cc,7287,7287,0,0,mysql_target_000276;mysql_target_000972
mysql_aflgo_r1,mysql,1,src/mysql-server/sql/item.cc:7289:0:0,/src/mysql-server/sql/item.cc,7289,7289,0,0,mysql_target_000276;mysql_target_000972
mysql_aflgo_r1,mysql,1,src/mysql-server/sql/item.cc:7289:0:1,/src/mysql-server/sql/item.cc,7289,7289,0,0,mysql_target_000276;mysql_target_000972
mysql_aflgo_r1,mysql,1,src/mysql-server/sql/item.cc:7292:0:0,/src/mysql-server/sql/item.cc,7292,7292,0,0,mysql_target_000276;mysql_target_000972
mysql_aflgo_r1,mysql,1,src/mysql-server/sql/item.cc:7292:0:1,/src/mysql-server/sql/item.cc,7292,7292,0,0,mysql_target_000276;mysql_target_000972
mysql_aflgo_r1,mysql,1,src/mysql-server/sql/item.cc:7297:0:0,/src/mysql-server/sql/item.cc,7297,7297,0,0,mysql_target_000276;mysql_target_000972
mysql_aflgo_r1,mysql,1,src/mysql-server/sql/item.cc:7297:0:1,/src/mysql-server/sql/item.cc,7297,7297,0,0,mysql_target_000276;mysql_target_000972
mysql_aflgo_r1,mysql,1,src/mysql-server/sql/item.cc:7300:0:0,/src/mysql-server/sql/item.cc,7300,7300,0,0,mysql_target_000277;mysql_target_000973
mysql_aflgo_r1,mysql,1,src/mysql-server/sql/item.cc:7300:0:1,/src/mysql-server/sql/item.cc,7300,7300,0,0,mysql_target_000277;mysql_target_000973
mysql_aflgo_r1,mysql,1,src/mysql-server/sql/item.cc:7302:0:0,/src/mysql-server/sql/item.cc,7302,7302,0,0,mysql_target_000277;mysql_target_000973
mysql_aflgo_r1,mysql,1,src/mysql-server/sql/item.cc:7302:0:1,/src/mysql-server/sql/item.cc,7302,7302,0,0,mysql_target_000277;mysql_target_000973
mysql_aflgo_r1,mysql,1,src/mysql-server/sql/item.cc:7308:0:0,/src/mysql-server/sql/item.cc,7308,7308,0,0,mysql_target_000278;mysql_target_000974
mysql_aflgo_r1,mysql,1,src/mysql-server/sql/item.cc:7308:0:1,/src/mysql-server/sql/item.cc,7308,7308,0,0,mysql_target_000278;mysql_target_000974
mysql_aflgo_r1,mysql,1,src/mysql-server/sql/item.cc:7308:1:2,/src/mysql-server/sql/item.cc,7308,7308,0,0,mysql_target_000278;mysql_target_000974
mysql_aflgo_r1,mysql,1,src/mysql-server/sql/item.cc:7308:1:3,/src/mysql-server/sql/item.cc,7308,7308,0,0,mysql_target_000278;mysql_target_000974
mysql_aflgo_r1,mysql,1,src/mysql-server/sql/item.cc:7309:0:0,/src/mysql-server/sql/item.cc,7309,7309,0,0,mysql_target_000278;mysql_target_000974
mysql_aflgo_r1,mysql,1,src/mysql-server/sql/item.cc:7309:0:1,/src/mysql-server/sql/item.cc,7309,7309,0,0,mysql_target_000278;mysql_target_000974
mysql_aflgo_r1,mysql,1,src/mysql-server/sql/item.cc:7309:1:2,/src/mysql-server/sql/item.cc,7309,7309,0,0,mysql_target_000278;mysql_target_000974
mysql_aflgo_r1,mysql,1,src/mysql-server/sql/item.cc:7309:1:3,/src/mysql-server/sql/item.cc,7309,7309,0,0,mysql_target_000278;mysql_target_000974
mysql_aflgo_r1,mysql,1,src/mysql-server/sql/item.cc:7310:0:0,/src/mysql-server/sql/item.cc,7310,7310,0,0,mysql_target_000278;mysql_target_000974
mysql_aflgo_r1,mysql,1,src/mysql-server/sql/item.cc:7310:0:1,/src/mysql-server/sql/item.cc,7310,7310,0,0,mysql_target_000278;mysql_target_000974
mysql_aflgo_r1,mysql,1,src/mysql-server/sql/item.cc:7312:0:0,/src/mysql-server/sql/item.cc,7312,7312,0,0,mysql_target_000278;mysql_target_000974
mysql_aflgo_r1,mysql,1,src/mysql-server/sql/item.cc:7312:0:1,/src/mysql-server/sql/item.cc,7312,7312,0,0,mysql_target_000278;mysql_target_000974
mysql_aflgo_r1,mysql,1,src/mysql-server/sql/item.cc:7317:0:0,/src/mysql-server/sql/item.cc,7317,7317,0,0,mysql_target_000278;mysql_target_000974
mysql_aflgo_r1,mysql,1,src/mysql-server/sql/item.cc:7317:0:1,/src/mysql-server/sql/item.cc,7317,7317,0,0,mysql_target_000278;mysql_target_000974
mysql_aflgo_r1,mysql,1,src/mysql-server/sql/item.cc:7317:1:2,/src/mysql-server/sql/item.cc,7317,7317,0,0,mysql_target_000278;mysql_target_000974
mysql_aflgo_r1,mysql,1,src/mysql-server/sql/item.cc:7317:1:3,/src/mysql-server/sql/item.cc,7317,7317,0,0,mysql_target_000278;mysql_target_000974
mysql_aflgo_r1,mysql,1,src/mysql-server/sql/item.cc:7355:0:0,/src/mysql-server/sql/item.cc,7355,7355,829,1,mysql_target_000279;mysql_target_000975
mysql_aflgo_r1,mysql,1,src/mysql-server/sql/item.cc:7355:0:1,/src/mysql-server/sql/item.cc,7355,7355,503,1,mysql_target_000279;mysql_target_000975
mysql_aflgo_r1,mysql,1,src/mysql-server/sql/item.cc:7458:0:0,/src/mysql-server/sql/item.cc,7458,7458,20,1,mysql_target_000282;mysql_target_000978
mysql_aflgo_r1,mysql,1,src/mysql-server/sql/item.cc:7458:0:1,/src/mysql-server/sql/item.cc,7458,7458,11,1,mysql_target_000282;mysql_target_000978
mysql_aflgo_r1,mysql,1,src/mysql-server/sql/item.cc:7458:1:2,/src/mysql-server/sql/item.cc,7458,7458,20,1,mysql_target_000282;mysql_target_000978
mysql_aflgo_r1,mysql,1,src/mysql-server/sql/item.cc:7458:1:3,/src/mysql-server/sql/item.cc,7458,7458,0,0,mysql_target_000282;mysql_target_000978
mysql_aflgo_r1,mysql,1,src/mysql-server/sql/item.cc:7752:0:0,/src/mysql-server/sql/item.cc,7752,7752,0,0,mysql_target_000285;mysql_target_000981
mysql_aflgo_r1,mysql,1,src/mysql-server/sql/item.cc:7752:0:1,/src/mysql-server/sql/item.cc,7752,7752,0,0,mysql_target_000285;mysql_target_000981
mysql_aflgo_r1,mysql,1,src/mysql-server/sql/item.cc:7752:1:2,/src/mysql-server/sql/item.cc,7752,7752,0,0,mysql_target_000285;mysql_target_000981
mysql_aflgo_r1,mysql,1,src/mysql-server/sql/item.cc:7752:1:3,/src/mysql-server/sql/item.cc,7752,7752,0,0,mysql_target_000285;mysql_target_000981
mysql_aflgo_r1,mysql,1,src/mysql-server/sql/item.cc:7752:2:4,/src/mysql-server/sql/item.cc,7752,7752,0,0,mysql_target_000285;mysql_target_000981
mysql_aflgo_r1,mysql,1,src/mysql-server/sql/item.cc:7752:2:5,/src/mysql-server/sql/item.cc,7752,7752,0,0,mysql_target_000285;mysql_target_000981
mysql_aflgo_r1,mysql,1,src/mysql-server/sql/item.cc:7790:0:0,/src/mysql-server/sql/item.cc,7790,7790,0,0,mysql_target_000287;mysql_target_000983
mysql_aflgo_r1,mysql,1,src/mysql-server/sql/item.cc:7790:0:1,/src/mysql-server/sql/item.cc,7790,7790,0,0,mysql_target_000287;mysql_target_000983
mysql_aflgo_r1,mysql,1,src/mysql-server/sql/item.cc:7811:0:0,/src/mysql-server/sql/item.cc,7811,7811,0,0,mysql_target_000287;mysql_target_000983
mysql_aflgo_r1,mysql,1,src/mysql-server/sql/item.cc:7811:0:1,/src/mysql-server/sql/item.cc,7811,7811,0,0,mysql_target_000287;mysql_target_000983
mysql_aflgo_r1,mysql,1,src/mysql-server/sql/item.cc:7815:0:0,/src/mysql-server/sql/item.cc,7815,7815,0,0,mysql_target_000287;mysql_target_000983
mysql_aflgo_r1,mysql,1,src/mysql-server/sql/item.cc:7815:0:1,/src/mysql-server/sql/item.cc,7815,7815,0,0,mysql_target_000287;mysql_target_000983
mysql_aflgo_r1,mysql,1,src/mysql-server/sql/item.cc:7818:0:0,/src/mysql-server/sql/item.cc,7818,7818,0,0,mysql_target_000287;mysql_target_000983
mysql_aflgo_r1,mysql,1,src/mysql-server/sql/item.cc:7818:0:1,/src/mysql-server/sql/item.cc,7818,7818,0,0,mysql_target_000287;mysql_target_000983
mysql_aflgo_r1,mysql,1,src/mysql-server/sql/item.cc:7819:0:0,/src/mysql-server/sql/item.cc,7819,7819,0,0,mysql_target_000287;mysql_target_000983
mysql_aflgo_r1,mysql,1,src/mysql-server/sql/item.cc:7819:0:1,/src/mysql-server/sql/item.cc,7819,7819,0,0,mysql_target_000287;mysql_target_000983
mysql_aflgo_r1,mysql,1,src/mysql-server/sql/item.cc:7824:0:0,/src/mysql-server/sql/item.cc,7824,7824,0,0,mysql_target_000287;mysql_target_000983
mysql_aflgo_r1,mysql,1,src/mysql-server/sql/item.cc:7824:0:1,/src/mysql-server/sql/item.cc,7824,7824,0,0,mysql_target_000287;mysql_target_000983
mysql_aflgo_r1,mysql,1,src/mysql-server/sql/item.cc:7866:0:0,/src/mysql-server/sql/item.cc,7866,7866,0,0,mysql_target_000287;mysql_target_000983
mysql_aflgo_r1,mysql,1,src/mysql-server/sql/item.cc:7866:0:1,/src/mysql-server/sql/item.cc,7866,7866,0,0,mysql_target_000287;mysql_target_000983
mysql_aflgo_r1,mysql,1,src/mysql-server/sql/item.cc:8564:0:0,/src/mysql-server/sql/item.cc,8564,8564,0,0,mysql_target_000288;mysql_target_000984
mysql_aflgo_r1,mysql,1,src/mysql-server/sql/item.cc:8564:0:1,/src/mysql-server/sql/item.cc,8564,8564,0,0,mysql_target_000288;mysql_target_000984
mysql_aflgo_r1,mysql,1,src/mysql-server/sql/item.cc:8565:0:0,/src/mysql-server/sql/item.cc,8565,8565,0,0,mysql_target_000288;mysql_target_000984
mysql_aflgo_r1,mysql,1,src/mysql-server/sql/item.cc:8565:0:1,/src/mysql-server/sql/item.cc,8565,8565,0,0,mysql_target_000288;mysql_target_000984
mysql_aflgo_r1,mysql,1,src/mysql-server/sql/item.cc:8578:0:0,/src/mysql-server/sql/item.cc,8578,8578,0,0,mysql_target_000288;mysql_target_000984
mysql_aflgo_r1,mysql,1,src/mysql-server/sql/item.cc:8578:0:1,/src/mysql-server/sql/item.cc,8578,8578,350,1,mysql_target_000288;mysql_target_000984
mysql_aflgo_r1,mysql,1,src/mysql-server/sql/item.cc:8585:0:0,/src/mysql-server/sql/item.cc,8585,8585,0,0,mysql_target_000288;mysql_target_000984
mysql_aflgo_r1,mysql,1,src/mysql-server/sql/item.cc:8585:0:1,/src/mysql-server/sql/item.cc,8585,8585,350,1,mysql_target_000288;mysql_target_000984
mysql_aflgo_r1,mysql,1,src/mysql-server/sql/item.cc:8592:0:0,/src/mysql-server/sql/item.cc,8592,8592,350,1,mysql_target_000288;mysql_target_000984
mysql_aflgo_r1,mysql,1,src/mysql-server/sql/item.cc:8592:0:1,/src/mysql-server/sql/item.cc,8592,8592,0,0,mysql_target_000288;mysql_target_000984
mysql_aflgo_r1,mysql,1,src/mysql-server/sql/item.cc:8607:0:0,/src/mysql-server/sql/item.cc,8607,8607,461,1,mysql_target_000288;mysql_target_000984
mysql_aflgo_r1,mysql,1,src/mysql-server/sql/item.cc:8607:0:1,/src/mysql-server/sql/item.cc,8607,8607,0,0,mysql_target_000288;mysql_target_000984
mysql_aflgo_r1,mysql,1,src/mysql-server/sql/item.cc:8607:1:2,/src/mysql-server/sql/item.cc,8607,8607,461,1,mysql_target_000288;mysql_target_000984
mysql_aflgo_r1,mysql,1,src/mysql-server/sql/item.cc:8607:1:3,/src/mysql-server/sql/item.cc,8607,8607,0,0,mysql_target_000288;mysql_target_000984
mysql_aflgo_r1,mysql,1,src/mysql-server/sql/item.cc:8609:0:0,/src/mysql-server/sql/item.cc,8609,8609,461,1,mysql_target_000288;mysql_target_000984
mysql_aflgo_r1,mysql,1,src/mysql-server/sql/item.cc:8609:0:1,/src/mysql-server/sql/item.cc,8609,8609,0,0,mysql_target_000288;mysql_target_000984
mysql_aflgo_r1,mysql,1,src/mysql-server/sql/item.cc:8620:0:0,/src/mysql-server/sql/item.cc,8620,8620,170,1,mysql_target_000288;mysql_target_000984
mysql_aflgo_r1,mysql,1,src/mysql-server/sql/item.cc:8620:0:1,/src/mysql-server/sql/item.cc,8620,8620,0,0,mysql_target_000288;mysql_target_000984
mysql_aflgo_r1,mysql,1,src/mysql-server/sql/item.cc:8627:0:0,/src/mysql-server/sql/item.cc,8627,8627,0,0,mysql_target_000288;mysql_target_000984
mysql_aflgo_r1,mysql,1,src/mysql-server/sql/item.cc:8627:0:1,/src/mysql-server/sql/item.cc,8627,8627,0,0,mysql_target_000288;mysql_target_000984
mysql_aflgo_r1,mysql,1,src/mysql-server/sql/item.cc:8631:0:0,/src/mysql-server/sql/item.cc,8631,8631,0,0,mysql_target_000288;mysql_target_000984
mysql_aflgo_r1,mysql,1,src/mysql-server/sql/item.cc:8631:0:1,/src/mysql-server/sql/item.cc,8631,8631,0,0,mysql_target_000288;mysql_target_000984
mysql_aflgo_r1,mysql,1,src/mysql-server/sql/item.cc:8636:0:0,/src/mysql-server/sql/item.cc,8636,8636,0,0,mysql_target_000288;mysql_target_000984
mysql_aflgo_r1,mysql,1,src/mysql-server/sql/item.cc:8636:0:1,/src/mysql-server/sql/item.cc,8636,8636,0,0,mysql_target_000288;mysql_target_000984
mysql_aflgo_r1,mysql,1,src/mysql-server/sql/item.cc:8638:0:0,/src/mysql-server/sql/item.cc,8638,8638,0,0,mysql_target_000288;mysql_target_000984
mysql_aflgo_r1,mysql,1,src/mysql-server/sql/item.cc:8638:0:1,/src/mysql-server/sql/item.cc,8638,8638,0,0,mysql_target_000288;mysql_target_000984
mysql_aflgo_r1,mysql,1,src/mysql-server/sql/item.cc:8713:0:0,/src/mysql-server/sql/item.cc,8713,8713,10,1,mysql_target_000288;mysql_target_000984
mysql_aflgo_r1,mysql,1,src/mysql-server/sql/item.cc:8713:0:1,/src/mysql-server/sql/item.cc,8713,8713,0,0,mysql_target_000288;mysql_target_000984
mysql_aflgo_r1,mysql,1,src/mysql-server/sql/item.cc:8716:0:0,/src/mysql-server/sql/item.cc,8716,8716,0,0,mysql_target_000288;mysql_target_000984
mysql_aflgo_r1,mysql,1,src/mysql-server/sql/item.cc:8716:0:1,/src/mysql-server/sql/item.cc,8716,8716,10,1,mysql_target_000288;mysql_target_000984
mysql_aflgo_r1,mysql,1,src/mysql-server/sql/item.cc:8719:0:0,/src/mysql-server/sql/item.cc,8719,8719,0,0,mysql_target_000288;mysql_target_000984
mysql_aflgo_r1,mysql,1,src/mysql-server/sql/item.cc:8719:0:1,/src/mysql-server/sql/item.cc,8719,8719,10,1,mysql_target_000288;mysql_target_000984
mysql_aflgo_r1,mysql,1,src/mysql-server/sql/item.cc:8720:0:0,/src/mysql-server/sql/item.cc,8720,8720,0,0,mysql_target_000288;mysql_target_000984
mysql_aflgo_r1,mysql,1,src/mysql-server/sql/item.cc:8720:0:1,/src/mysql-server/sql/item.cc,8720,8720,0,0,mysql_target_000288;mysql_target_000984
mysql_aflgo_r1,mysql,1,src/mysql-server/sql/item.cc:8724:0:0,/src/mysql-server/sql/item.cc,8724,8724,0,0,mysql_target_000288;mysql_target_000984
mysql_aflgo_r1,mysql,1,src/mysql-server/sql/item.cc:8724:0:1,/src/mysql-server/sql/item.cc,8724,8724,0,0,mysql_target_000288;mysql_target_000984
mysql_aflgo_r1,mysql,1,src/mysql-server/sql/item.cc:8728:0:0,/src/mysql-server/sql/item.cc,8728,8728,0,0,mysql_target_000288;mysql_target_000984
mysql_aflgo_r1,mysql,1,src/mysql-server/sql/item.cc:8728:0:1,/src/mysql-server/sql/item.cc,8728,8728,0,0,mysql_target_000288;mysql_target_000984
mysql_aflgo_r1,mysql,1,src/mysql-server/sql/item.cc:8739:0:0,/src/mysql-server/sql/item.cc,8739,8739,0,0,mysql_target_000288;mysql_target_000984
mysql_aflgo_r1,mysql,1,src/mysql-server/sql/item.cc:8739:0:1,/src/mysql-server/sql/item.cc,8739,8739,0,0,mysql_target_000288;mysql_target_000984
mysql_aflgo_r1,mysql,1,src/mysql-server/sql/item.cc:8749:0:0,/src/mysql-server/sql/item.cc,8749,8749,0,0,mysql_target_000288;mysql_target_000984
mysql_aflgo_r1,mysql,1,src/mysql-server/sql/item.cc:8749:0:1,/src/mysql-server/sql/item.cc,8749,8749,0,0,mysql_target_000288;mysql_target_000984
mysql_aflgo_r1,mysql,1,src/mysql-server/sql/item.cc:8751:0:0,/src/mysql-server/sql/item.cc,8751,8751,0,0,mysql_target_000288;mysql_target_000984
mysql_aflgo_r1,mysql,1,src/mysql-server/sql/item.cc:8751:0:1,/src/mysql-server/sql/item.cc,8751,8751,0,0,mysql_target_000288;mysql_target_000984
mysql_aflgo_r1,mysql,1,src/mysql-server/sql/item.cc:8757:0:0,/src/mysql-server/sql/item.cc,8757,8757,0,0,mysql_target_000288;mysql_target_000984
mysql_aflgo_r1,mysql,1,src/mysql-server/sql/item.cc:8757:0:1,/src/mysql-server/sql/item.cc,8757,8757,10,1,mysql_target_000288;mysql_target_000984
mysql_aflgo_r1,mysql,1,src/mysql-server/sql/item.cc:8760:0:0,/src/mysql-server/sql/item.cc,8760,8760,0,0,mysql_target_000288;mysql_target_000984
mysql_aflgo_r1,mysql,1,src/mysql-server/sql/item.cc:8760:0:1,/src/mysql-server/sql/item.cc,8760,8760,0,0,mysql_target_000288;mysql_target_000984
mysql_aflgo_r1,mysql,1,src/mysql-server/sql/item.cc:8786:0:0,/src/mysql-server/sql/item.cc,8786,8786,0,0,mysql_target_000288;mysql_target_000984
mysql_aflgo_r1,mysql,1,src/mysql-server/sql/item.cc:8786:0:1,/src/mysql-server/sql/item.cc,8786,8786,0,0,mysql_target_000288;mysql_target_000984
mysql_aflgo_r1,mysql,1,src/mysql-server/sql/item.cc:8789:0:0,/src/mysql-server/sql/item.cc,8789,8789,0,0,mysql_target_000288;mysql_target_000984
mysql_aflgo_r1,mysql,1,src/mysql-server/sql/item.cc:8789:0:1,/src/mysql-server/sql/item.cc,8789,8789,0,0,mysql_target_000288;mysql_target_000984
mysql_aflgo_r1,mysql,1,src/mysql-server/sql/item.cc:8796:0:0,/src/mysql-server/sql/item.cc,8796,8796,0,0,mysql_target_000288;mysql_target_000984
mysql_aflgo_r1,mysql,1,src/mysql-server/sql/item.cc:8796:0:1,/src/mysql-server/sql/item.cc,8796,8796,0,0,mysql_target_000288;mysql_target_000984
mysql_aflgo_r1,mysql,1,src/mysql-server/sql/item.cc:8796:1:2,/src/mysql-server/sql/item.cc,8796,8796,0,0,mysql_target_000288;mysql_target_000984
mysql_aflgo_r1,mysql,1,src/mysql-server/sql/item.cc:8796:1:3,/src/mysql-server/sql/item.cc,8796,8796,0,0,mysql_target_000288;mysql_target_000984
mysql_aflgo_r1,mysql,1,src/mysql-server/sql/item.cc:8800:0:0,/src/mysql-server/sql/item.cc,8800,8800,0,0,mysql_target_000288;mysql_target_000984
mysql_aflgo_r1,mysql,1,src/mysql-server/sql/item.cc:8800:0:1,/src/mysql-server/sql/item.cc,8800,8800,0,0,mysql_target_000288;mysql_target_000984
mysql_aflgo_r1,mysql,1,src/mysql-server/sql/item.cc:8800:1:2,/src/mysql-server/sql/item.cc,8800,8800,0,0,mysql_target_000288;mysql_target_000984
mysql_aflgo_r1,mysql,1,src/mysql-server/sql/item.cc:8800:1:3,/src/mysql-server/sql/item.cc,8800,8800,0,0,mysql_target_000288;mysql_target_000984
mysql_aflgo_r1,mysql,1,src/mysql-server/sql/item.cc:8903:0:0,/src/mysql-server/sql/item.cc,8903,8903,0,0,mysql_target_000290;mysql_target_000986
mysql_aflgo_r1,mysql,1,src/mysql-server/sql/item.cc:8903:0:1,/src/mysql-server/sql/item.cc,8903,8903,0,0,mysql_target_000290;mysql_target_000986
mysql_aflgo_r1,mysql,1,src/mysql-server/sql/item.cc:8904:0:0,/src/mysql-server/sql/item.cc,8904,8904,0,0,mysql_target_000290;mysql_target_000986
mysql_aflgo_r1,mysql,1,src/mysql-server/sql/item.cc:8904:0:1,/src/mysql-server/sql/item.cc,8904,8904,0,0,mysql_target_000290;mysql_target_000986
mysql_aflgo_r1,mysql,1,src/mysql-server/sql/item.cc:8989:0:0,/src/mysql-server/sql/item.cc,8989,8989,0,0,mysql_target_000291;mysql_target_000987
mysql_aflgo_r1,mysql,1,src/mysql-server/sql/item.cc:8989:0:1,/src/mysql-server/sql/item.cc,8989,8989,0,0,mysql_target_000291;mysql_target_000987
mysql_aflgo_r1,mysql,1,src/mysql-server/sql/item.cc:8995:0:0,/src/mysql-server/sql/item.cc,8995,8995,0,0,mysql_target_000291;mysql_target_000987
mysql_aflgo_r1,mysql,1,src/mysql-server/sql/item.cc:8995:0:1,/src/mysql-server/sql/item.cc,8995,8995,0,0,mysql_target_000291;mysql_target_000987
mysql_aflgo_r1,mysql,1,src/mysql-server/sql/item.cc:9048:0:0,/src/mysql-server/sql/item.cc,9048,9048,0,0,mysql_target_000293;mysql_target_000989
mysql_aflgo_r1,mysql,1,src/mysql-server/sql/item.cc:9048:0:1,/src/mysql-server/sql/item.cc,9048,9048,0,0,mysql_target_000293;mysql_target_000989
mysql_aflgo_r1,mysql,1,src/mysql-server/sql/item.cc:9149:0:0,/src/mysql-server/sql/item.cc,9149,9149,0,0,mysql_target_000295;mysql_target_000991
mysql_aflgo_r1,mysql,1,src/mysql-server/sql/item.cc:9149:0:1,/src/mysql-server/sql/item.cc,9149,9149,0,0,mysql_target_000295;mysql_target_000991
mysql_aflgo_r1,mysql,1,src/mysql-server/sql/item.cc:9150:0:0,/src/mysql-server/sql/item.cc,9150,9150,0,0,mysql_target_000295;mysql_target_000991
mysql_aflgo_r1,mysql,1,src/mysql-server/sql/item.cc:9150:0:1,/src/mysql-server/sql/item.cc,9150,9150,0,0,mysql_target_000295;mysql_target_000991
mysql_aflgo_r1,mysql,1,src/mysql-server/sql/item.cc:9151:0:0,/src/mysql-server/sql/item.cc,9151,9151,0,0,mysql_target_000295;mysql_target_000991
mysql_aflgo_r1,mysql,1,src/mysql-server/sql/item.cc:9151:0:1,/src/mysql-server/sql/item.cc,9151,9151,0,0,mysql_target_000295;mysql_target_000991
mysql_aflgo_r1,mysql,1,src/mysql-server/sql/item.cc:9152:0:0,/src/mysql-server/sql/item.cc,9152,9152,0,0,mysql_target_000295;mysql_target_000991
mysql_aflgo_r1,mysql,1,src/mysql-server/sql/item.cc:9152:0:1,/src/mysql-server/sql/item.cc,9152,9152,0,0,mysql_target_000295;mysql_target_000991
mysql_aflgo_r1,mysql,1,src/mysql-server/sql/item.cc:9153:0:0,/src/mysql-server/sql/item.cc,9153,9153,0,0,mysql_target_000295;mysql_target_000991
mysql_aflgo_r1,mysql,1,src/mysql-server/sql/item.cc:9153:0:1,/src/mysql-server/sql/item.cc,9153,9153,0,0,mysql_target_000295;mysql_target_000991
mysql_aflgo_r1,mysql,1,src/mysql-server/sql/item.cc:9159:0:0,/src/mysql-server/sql/item.cc,9159,9159,0,0,mysql_target_000295;mysql_target_000991
mysql_aflgo_r1,mysql,1,src/mysql-server/sql/item.cc:9159:0:1,/src/mysql-server/sql/item.cc,9159,9159,0,0,mysql_target_000295;mysql_target_000991
mysql_aflgo_r1,mysql,1,src/mysql-server/sql/item.cc:9164:0:0,/src/mysql-server/sql/item.cc,9164,9164,0,0,mysql_target_000295;mysql_target_000991
mysql_aflgo_r1,mysql,1,src/mysql-server/sql/item.cc:9164:0:1,/src/mysql-server/sql/item.cc,9164,9164,0,0,mysql_target_000295;mysql_target_000991
mysql_aflgo_r1,mysql,1,src/mysql-server/sql/item.cc:9264:0:0,/src/mysql-server/sql/item.cc,9264,9264,0,0,mysql_target_000297;mysql_target_000993
mysql_aflgo_r1,mysql,1,src/mysql-server/sql/item.cc:9264:0:1,/src/mysql-server/sql/item.cc,9264,9264,0,0,mysql_target_000297;mysql_target_000993
mysql_aflgo_r1,mysql,1,src/mysql-server/sql/item.cc:9267:0:0,/src/mysql-server/sql/item.cc,9267,9267,0,0,mysql_target_000297;mysql_target_000993
mysql_aflgo_r1,mysql,1,src/mysql-server/sql/item.cc:9267:0:1,/src/mysql-server/sql/item.cc,9267,9267,0,0,mysql_target_000297;mysql_target_000993
mysql_aflgo_r1,mysql,1,src/mysql-server/sql/item.cc:9268:0:0,/src/mysql-server/sql/item.cc,9268,9268,0,0,mysql_target_000297;mysql_target_000993
mysql_aflgo_r1,mysql,1,src/mysql-server/sql/item.cc:9268:0:1,/src/mysql-server/sql/item.cc,9268,9268,0,0,mysql_target_000297;mysql_target_000993
mysql_aflgo_r1,mysql,1,src/mysql-server/sql/item.cc:9269:0:0,/src/mysql-server/sql/item.cc,9269,9269,0,0,mysql_target_000297;mysql_target_000993
mysql_aflgo_r1,mysql,1,src/mysql-server/sql/item.cc:9269:0:1,/src/mysql-server/sql/item.cc,9269,9269,0,0,mysql_target_000297;mysql_target_000993
mysql_aflgo_r1,mysql,1,src/mysql-server/sql/item.cc:9282:0:0,/src/mysql-server/sql/item.cc,9282,9282,0,0,mysql_target_000298;mysql_target_000994
mysql_aflgo_r1,mysql,1,src/mysql-server/sql/item.cc:9282:0:1,/src/mysql-server/sql/item.cc,9282,9282,0,0,mysql_target_000298;mysql_target_000994
mysql_aflgo_r1,mysql,1,src/mysql-server/sql/item.cc:9294:0:0,/src/mysql-server/sql/item.cc,9294,9294,0,0,mysql_target_000298;mysql_target_000994
mysql_aflgo_r1,mysql,1,src/mysql-server/sql/item.cc:9294:0:1,/src/mysql-server/sql/item.cc,9294,9294,0,0,mysql_target_000298;mysql_target_000994
mysql_aflgo_r1,mysql,1,src/mysql-server/sql/item.cc:9357:0:0,/src/mysql-server/sql/item.cc,9357,9357,0,0,mysql_target_000300;mysql_target_000996
mysql_aflgo_r1,mysql,1,src/mysql-server/sql/item.cc:9357:0:1,/src/mysql-server/sql/item.cc,9357,9357,0,0,mysql_target_000300;mysql_target_000996
mysql_aflgo_r1,mysql,1,src/mysql-server/sql/item.cc:9365:0:0,/src/mysql-server/sql/item.cc,9365,9365,0,0,mysql_target_000300;mysql_target_000996
mysql_aflgo_r1,mysql,1,src/mysql-server/sql/item.cc:9365:0:1,/src/mysql-server/sql/item.cc,9365,9365,0,0,mysql_target_000300;mysql_target_000996
mysql_aflgo_r1,mysql,1,src/mysql-server/sql/item.cc:9373:0:0,/src/mysql-server/sql/item.cc,9373,9373,0,0,mysql_target_000301;mysql_target_000997
mysql_aflgo_r1,mysql,1,src/mysql-server/sql/item.cc:9373:0:1,/src/mysql-server/sql/item.cc,9373,9373,0,0,mysql_target_000301;mysql_target_000997
mysql_aflgo_r1,mysql,1,src/mysql-server/sql/item.cc:9381:0:0,/src/mysql-server/sql/item.cc,9381,9381,0,0,mysql_target_000302;mysql_target_000998
mysql_aflgo_r1,mysql,1,src/mysql-server/sql/item.cc:9381:0:1,/src/mysql-server/sql/item.cc,9381,9381,0,0,mysql_target_000302;mysql_target_000998
mysql_aflgo_r1,mysql,1,src/mysql-server/sql/item.cc:9389:0:0,/src/mysql-server/sql/item.cc,9389,9389,0,0,mysql_target_000302;mysql_target_000998
mysql_aflgo_r1,mysql,1,src/mysql-server/sql/item.cc:9389:0:1,/src/mysql-server/sql/item.cc,9389,9389,0,0,mysql_target_000302;mysql_target_000998
mysql_aflgo_r1,mysql,1,src/mysql-server/sql/item.cc:9397:0:0,/src/mysql-server/sql/item.cc,9397,9397,0,0,mysql_target_000302;mysql_target_000998;mysql_target_000999;mysql_target_001000;mysql_target_001001
mysql_aflgo_r1,mysql,1,src/mysql-server/sql/item.cc:9397:0:1,/src/mysql-server/sql/item.cc,9397,9397,0,0,mysql_target_000302;mysql_target_000998;mysql_target_000999;mysql_target_001000;mysql_target_001001
mysql_aflgo_r1,mysql,1,src/mysql-server/sql/item.cc:9405:0:0,/src/mysql-server/sql/item.cc,9405,9405,0,0,mysql_target_000302;mysql_target_000998;mysql_target_001002;mysql_target_001003
mysql_aflgo_r1,mysql,1,src/mysql-server/sql/item.cc:9405:0:1,/src/mysql-server/sql/item.cc,9405,9405,0,0,mysql_target_000302;mysql_target_000998;mysql_target_001002;mysql_target_001003
mysql_aflgo_r1,mysql,1,src/mysql-server/sql/item.cc:9413:0:0,/src/mysql-server/sql/item.cc,9413,9413,0,0,mysql_target_000302;mysql_target_000998;mysql_target_001003;mysql_target_001004;mysql_target_001005
mysql_aflgo_r1,mysql,1,src/mysql-server/sql/item.cc:9413:0:1,/src/mysql-server/sql/item.cc,9413,9413,0,0,mysql_target_000302;mysql_target_000998;mysql_target_001003;mysql_target_001004;mysql_target_001005
mysql_aflgo_r1,mysql,1,src/mysql-server/sql/item.cc:9421:0:0,/src/mysql-server/sql/item.cc,9421,9421,0,0,mysql_target_000302;mysql_target_000998;mysql_target_001006
mysql_aflgo_r1,mysql,1,src/mysql-server/sql/item.cc:9421:0:1,/src/mysql-server/sql/item.cc,9421,9421,0,0,mysql_target_000302;mysql_target_000998;mysql_target_001006
mysql_aflgo_r1,mysql,1,src/mysql-server/sql/item.cc:9429:0:0,/src/mysql-server/sql/item.cc,9429,9429,0,0,mysql_target_000303;mysql_target_001007
mysql_aflgo_r1,mysql,1,src/mysql-server/sql/item.cc:9429:0:1,/src/mysql-server/sql/item.cc,9429,9429,0,0,mysql_target_000303;mysql_target_001007
mysql_aflgo_r1,mysql,1,src/mysql-server/sql/item.cc:9435:0:0,/src/mysql-server/sql/item.cc,9435,9435,0,0,mysql_target_000303;mysql_target_001007
mysql_aflgo_r1,mysql,1,src/mysql-server/sql/item.cc:9435:0:1,/src/mysql-server/sql/item.cc,9435,9435,0,0,mysql_target_000303;mysql_target_001007
mysql_aflgo_r1,mysql,1,src/mysql-server/sql/item.cc:9449:0:0,/src/mysql-server/sql/item.cc,9449,9449,0,0,mysql_target_000304;mysql_target_000305;mysql_target_001008;mysql_target_001009
mysql_aflgo_r1,mysql,1,src/mysql-server/sql/item.cc:9449:0:1,/src/mysql-server/sql/item.cc,9449,9449,0,0,mysql_target_000304;mysql_target_000305;mysql_target_001008;mysql_target_001009
mysql_aflgo_r1,mysql,1,src/mysql-server/sql/item.cc:9455:0:0,/src/mysql-server/sql/item.cc,9455,9455,0,0,mysql_target_000305;mysql_target_001009
mysql_aflgo_r1,mysql,1,src/mysql-server/sql/item.cc:9455:0:1,/src/mysql-server/sql/item.cc,9455,9455,0,0,mysql_target_000305;mysql_target_001009
mysql_aflgo_r1,mysql,1,src/mysql-server/sql/item.cc:9457:0:0,/src/mysql-server/sql/item.cc,9457,9457,0,0,mysql_target_000305;mysql_target_001009
mysql_aflgo_r1,mysql,1,src/mysql-server/sql/item.cc:9457:0:1,/src/mysql-server/sql/item.cc,9457,9457,0,0,mysql_target_000305;mysql_target_001009
mysql_aflgo_r1,mysql,1,src/mysql-server/sql/item.cc:9461:0:0,/src/mysql-server/sql/item.cc,9461,9461,0,0,mysql_target_001010
mysql_aflgo_r1,mysql,1,src/mysql-server/sql/item.cc:9461:0:1,/src/mysql-server/sql/item.cc,9461,9461,0,0,mysql_target_001010
mysql_aflgo_r1,mysql,1,src/mysql-server/sql/item.cc:9464:0:0,/src/mysql-server/sql/item.cc,9464,9464,0,0,mysql_target_001010
mysql_aflgo_r1,mysql,1,src/mysql-server/sql/item.cc:9464:0:1,/src/mysql-server/sql/item.cc,9464,9464,0,0,mysql_target_001010
mysql_aflgo_r1,mysql,1,src/mysql-server/sql/item.cc:9486:0:0,/src/mysql-server/sql/item.cc,9486,9486,0,0,mysql_target_001011;mysql_target_001012
mysql_aflgo_r1,mysql,1,src/mysql-server/sql/item.cc:9486:0:1,/src/mysql-server/sql/item.cc,9486,9486,0,0,mysql_target_001011;mysql_target_001012
mysql_aflgo_r1,mysql,1,src/mysql-server/sql/item.cc:9527:0:0,/src/mysql-server/sql/item.cc,9527,9527,0,0,mysql_target_000307;mysql_target_001014
mysql_aflgo_r1,mysql,1,src/mysql-server/sql/item.cc:9527:0:1,/src/mysql-server/sql/item.cc,9527,9527,0,0,mysql_target_000307;mysql_target_001014
mysql_aflgo_r1,mysql,1,src/mysql-server/sql/item.cc:9528:0:0,/src/mysql-server/sql/item.cc,9528,9528,0,0,mysql_target_000307;mysql_target_001014
mysql_aflgo_r1,mysql,1,src/mysql-server/sql/item.cc:9528:0:1,/src/mysql-server/sql/item.cc,9528,9528,0,0,mysql_target_000307;mysql_target_001014
mysql_aflgo_r1,mysql,1,src/mysql-server/sql/item.cc:9530:0:0,/src/mysql-server/sql/item.cc,9530,9530,0,0,mysql_target_000307;mysql_target_001014
mysql_aflgo_r1,mysql,1,src/mysql-server/sql/item.cc:9530:0:1,/src/mysql-server/sql/item.cc,9530,9530,0,0,mysql_target_000307;mysql_target_001014
mysql_aflgo_r1,mysql,1,src/mysql-server/sql/item.cc:9531:0:0,/src/mysql-server/sql/item.cc,9531,9531,0,0,mysql_target_000307;mysql_target_001014
mysql_aflgo_r1,mysql,1,src/mysql-server/sql/item.cc:9531:0:1,/src/mysql-server/sql/item.cc,9531,9531,0,0,mysql_target_000307;mysql_target_001014
mysql_aflgo_r1,mysql,1,src/mysql-server/sql/item.cc:9532:0:0,/src/mysql-server/sql/item.cc,9532,9532,0,0,mysql_target_000307;mysql_target_001014
mysql_aflgo_r1,mysql,1,src/mysql-server/sql/item.cc:9532:0:1,/src/mysql-server/sql/item.cc,9532,9532,0,0,mysql_target_000307;mysql_target_001014
mysql_aflgo_r1,mysql,1,src/mysql-server/sql/item.cc:9543:0:0,/src/mysql-server/sql/item.cc,9543,9543,0,0,mysql_target_000307;mysql_target_001014
mysql_aflgo_r1,mysql,1,src/mysql-server/sql/item.cc:9543:0:1,/src/mysql-server/sql/item.cc,9543,9543,0,0,mysql_target_000307;mysql_target_001014
mysql_aflgo_r1,mysql,1,src/mysql-server/sql/item.cc:9544:0:0,/src/mysql-server/sql/item.cc,9544,9544,0,0,mysql_target_000307;mysql_target_001014
mysql_aflgo_r1,mysql,1,src/mysql-server/sql/item.cc:9544:0:1,/src/mysql-server/sql/item.cc,9544,9544,0,0,mysql_target_000307;mysql_target_001014
mysql_aflgo_r1,mysql,1,src/mysql-server/sql/item.cc:9552:0:0,/src/mysql-server/sql/item.cc,9552,9552,0,0,mysql_target_000307;mysql_target_001014
mysql_aflgo_r1,mysql,1,src/mysql-server/sql/item.cc:9552:0:1,/src/mysql-server/sql/item.cc,9552,9552,0,0,mysql_target_000307;mysql_target_001014
mysql_aflgo_r1,mysql,1,src/mysql-server/sql/item.cc:9556:0:0,/src/mysql-server/sql/item.cc,9556,9556,0,0,mysql_target_000307;mysql_target_001014
mysql_aflgo_r1,mysql,1,src/mysql-server/sql/item.cc:9556:0:1,/src/mysql-server/sql/item.cc,9556,9556,0,0,mysql_target_000307;mysql_target_001014
mysql_aflgo_r1,mysql,1,src/mysql-server/sql/item.cc:9556:1:2,/src/mysql-server/sql/item.cc,9556,9556,0,0,mysql_target_000307;mysql_target_001014
mysql_aflgo_r1,mysql,1,src/mysql-server/sql/item.cc:9556:1:3,/src/mysql-server/sql/item.cc,9556,9556,0,0,mysql_target_000307;mysql_target_001014
mysql_aflgo_r1,mysql,1,src/mysql-server/sql/item.cc:9559:0:0,/src/mysql-server/sql/item.cc,9559,9559,0,0,mysql_target_000307;mysql_target_001014
mysql_aflgo_r1,mysql,1,src/mysql-server/sql/item.cc:9559:0:1,/src/mysql-server/sql/item.cc,9559,9559,0,0,mysql_target_000307;mysql_target_001014
mysql_aflgo_r1,mysql,1,src/mysql-server/sql/item.cc:9567:0:0,/src/mysql-server/sql/item.cc,9567,9567,0,0,mysql_target_000307;mysql_target_001014
mysql_aflgo_r1,mysql,1,src/mysql-server/sql/item.cc:9567:0:1,/src/mysql-server/sql/item.cc,9567,9567,0,0,mysql_target_000307;mysql_target_001014
mysql_aflgo_r1,mysql,1,src/mysql-server/sql/item.cc:9568:0:0,/src/mysql-server/sql/item.cc,9568,9568,0,0,mysql_target_000307;mysql_target_001014
mysql_aflgo_r1,mysql,1,src/mysql-server/sql/item.cc:9568:0:1,/src/mysql-server/sql/item.cc,9568,9568,0,0,mysql_target_000307;mysql_target_001014
mysql_aflgo_r1,mysql,1,src/mysql-server/sql/item.cc:9573:0:0,/src/mysql-server/sql/item.cc,9573,9573,0,0,mysql_target_000307;mysql_target_001014
mysql_aflgo_r1,mysql,1,src/mysql-server/sql/item.cc:9573:0:1,/src/mysql-server/sql/item.cc,9573,9573,0,0,mysql_target_000307;mysql_target_001014
mysql_aflgo_r1,mysql,1,src/mysql-server/sql/item.cc:9579:0:0,/src/mysql-server/sql/item.cc,9579,9579,0,0,mysql_target_000307;mysql_target_001014
mysql_aflgo_r1,mysql,1,src/mysql-server/sql/item.cc:9579:0:1,/src/mysql-server/sql/item.cc,9579,9579,0,0,mysql_target_000307;mysql_target_001014
mysql_aflgo_r1,mysql,1,src/mysql-server/sql/item.cc:9600:0:0,/src/mysql-server/sql/item.cc,9600,9600,0,0,mysql_target_000308;mysql_target_001015
mysql_aflgo_r1,mysql,1,src/mysql-server/sql/item.cc:9600:0:1,/src/mysql-server/sql/item.cc,9600,9600,0,0,mysql_target_000308;mysql_target_001015
mysql_aflgo_r1,mysql,1,src/mysql-server/sql/item.cc:9600:1:2,/src/mysql-server/sql/item.cc,9600,9600,0,0,mysql_target_000308;mysql_target_001015
mysql_aflgo_r1,mysql,1,src/mysql-server/sql/item.cc:9600:1:3,/src/mysql-server/sql/item.cc,9600,9600,0,0,mysql_target_000308;mysql_target_001015
mysql_aflgo_r1,mysql,1,src/mysql-server/sql/item.cc:9602:0:0,/src/mysql-server/sql/item.cc,9602,9602,0,0,mysql_target_000308;mysql_target_001015;mysql_target_001016
mysql_aflgo_r1,mysql,1,src/mysql-server/sql/item.cc:9602:0:1,/src/mysql-server/sql/item.cc,9602,9602,0,0,mysql_target_000308;mysql_target_001015;mysql_target_001016
mysql_aflgo_r1,mysql,1,src/mysql-server/sql/item.cc:9608:0:0,/src/mysql-server/sql/item.cc,9608,9608,0,0,mysql_target_000308;mysql_target_001015;mysql_target_001016;mysql_target_001017;mysql_target_001018
mysql_aflgo_r1,mysql,1,src/mysql-server/sql/item.cc:9608:0:1,/src/mysql-server/sql/item.cc,9608,9608,0,0,mysql_target_000308;mysql_target_001015;mysql_target_001016;mysql_target_001017;mysql_target_001018
mysql_aflgo_r1,mysql,1,src/mysql-server/sql/item.cc:9608:1:2,/src/mysql-server/sql/item.cc,9608,9608,0,0,mysql_target_000308;mysql_target_001015;mysql_target_001016;mysql_target_001017;mysql_target_001018
mysql_aflgo_r1,mysql,1,src/mysql-server/sql/item.cc:9608:1:3,/src/mysql-server/sql/item.cc,9608,9608,0,0,mysql_target_000308;mysql_target_001015;mysql_target_001016;mysql_target_001017;mysql_target_001018
mysql_aflgo_r1,mysql,1,src/mysql-server/sql/item.cc:9611:0:0,/src/mysql-server/sql/item.cc,9611,9611,0,0,mysql_target_000308;mysql_target_001015;mysql_target_001016;mysql_target_001017;mysql_target_001018
mysql_aflgo_r1,mysql,1,src/mysql-server/sql/item.cc:9611:0:1,/src/mysql-server/sql/item.cc,9611,9611,0,0,mysql_target_000308;mysql_target_001015;mysql_target_001016;mysql_target_001017;mysql_target_001018
mysql_aflgo_r1,mysql,1,src/mysql-server/sql/item.cc:9623:0:0,/src/mysql-server/sql/item.cc,9623,9623,0,0,mysql_target_000309;mysql_target_001020
mysql_aflgo_r1,mysql,1,src/mysql-server/sql/item.cc:9623:0:1,/src/mysql-server/sql/item.cc,9623,9623,0,0,mysql_target_000309;mysql_target_001020
mysql_aflgo_r1,mysql,1,src/mysql-server/sql/item.cc:9634:0:0,/src/mysql-server/sql/item.cc,9634,9634,0,0,mysql_target_000310;mysql_target_001021
mysql_aflgo_r1,mysql,1,src/mysql-server/sql/item.cc:9634:0:1,/src/mysql-server/sql/item.cc,9634,9634,0,0,mysql_target_000310;mysql_target_001021
mysql_aflgo_r1,mysql,1,src/mysql-server/sql/item.cc:9711:0:0,/src/mysql-server/sql/item.cc,9711,9711,0,0,mysql_target_000312;mysql_target_001023
mysql_aflgo_r1,mysql,1,src/mysql-server/sql/item.cc:9711:0:1,/src/mysql-server/sql/item.cc,9711,9711,0,0,mysql_target_000312;mysql_target_001023
mysql_aflgo_r1,mysql,1,src/mysql-server/sql/item.cc:9718:0:0,/src/mysql-server/sql/item.cc,9718,9718,0,0,mysql_target_000312;mysql_target_001023
mysql_aflgo_r1,mysql,1,src/mysql-server/sql/item.cc:9718:0:1,/src/mysql-server/sql/item.cc,9718,9718,0,0,mysql_target_000312;mysql_target_001023
mysql_aflgo_r1,mysql,1,src/mysql-server/sql/item.cc:9719:0:0,/src/mysql-server/sql/item.cc,9719,9719,0,0,mysql_target_000312;mysql_target_001023
mysql_aflgo_r1,mysql,1,src/mysql-server/sql/item.cc:9719:0:1,/src/mysql-server/sql/item.cc,9719,9719,0,0,mysql_target_000312;mysql_target_001023
mysql_aflgo_r1,mysql,1,src/mysql-server/sql/item.cc:9721:0:0,/src/mysql-server/sql/item.cc,9721,9721,0,0,mysql_target_000312;mysql_target_001023
mysql_aflgo_r1,mysql,1,src/mysql-server/sql/item.cc:9721:0:1,/src/mysql-server/sql/item.cc,9721,9721,0,0,mysql_target_000312;mysql_target_001023
mysql_aflgo_r1,mysql,1,src/mysql-server/sql/item.cc:9735:0:0,/src/mysql-server/sql/item.cc,9735,9735,0,0,mysql_target_000312;mysql_target_001023
mysql_aflgo_r1,mysql,1,src/mysql-server/sql/item.cc:9735:0:1,/src/mysql-server/sql/item.cc,9735,9735,0,0,mysql_target_000312;mysql_target_001023
mysql_aflgo_r1,mysql,1,src/mysql-server/sql/item.cc:9736:0:0,/src/mysql-server/sql/item.cc,9736,9736,0,0,mysql_target_000312;mysql_target_001023
mysql_aflgo_r1,mysql,1,src/mysql-server/sql/item.cc:9736:0:1,/src/mysql-server/sql/item.cc,9736,9736,0,0,mysql_target_000312;mysql_target_001023
mysql_aflgo_r1,mysql,1,src/mysql-server/sql/item.cc:9737:0:0,/src/mysql-server/sql/item.cc,9737,9737,0,0,mysql_target_000312;mysql_target_001023
mysql_aflgo_r1,mysql,1,src/mysql-server/sql/item.cc:9737:0:1,/src/mysql-server/sql/item.cc,9737,9737,0,0,mysql_target_000312;mysql_target_001023
mysql_aflgo_r1,mysql,1,src/mysql-server/sql/item.cc:9753:0:0,/src/mysql-server/sql/item.cc,9753,9753,0,0,mysql_target_000314;mysql_target_001025
mysql_aflgo_r1,mysql,1,src/mysql-server/sql/item.cc:9753:0:1,/src/mysql-server/sql/item.cc,9753,9753,0,0,mysql_target_000314;mysql_target_001025
mysql_aflgo_r1,mysql,1,src/mysql-server/sql/item.cc:9761:0:0,/src/mysql-server/sql/item.cc,9761,9761,0,0,mysql_target_000314;mysql_target_001025
mysql_aflgo_r1,mysql,1,src/mysql-server/sql/item.cc:9761:0:1,/src/mysql-server/sql/item.cc,9761,9761,0,0,mysql_target_000314;mysql_target_001025
mysql_aflgo_r1,mysql,1,src/mysql-server/sql/item.cc:9783:0:0,/src/mysql-server/sql/item.cc,9783,9783,0,0,mysql_target_000315;mysql_target_001026
mysql_aflgo_r1,mysql,1,src/mysql-server/sql/item.cc:9783:0:1,/src/mysql-server/sql/item.cc,9783,9783,0,0,mysql_target_000315;mysql_target_001026
mysql_aflgo_r1,mysql,1,src/mysql-server/sql/item.cc:9784:0:0,/src/mysql-server/sql/item.cc,9784,9784,0,0,mysql_target_000315;mysql_target_001026
mysql_aflgo_r1,mysql,1,src/mysql-server/sql/item.cc:9784:0:1,/src/mysql-server/sql/item.cc,9784,9784,0,0,mysql_target_000315;mysql_target_001026
mysql_aflgo_r1,mysql,1,src/mysql-server/sql/item.cc:9796:0:0,/src/mysql-server/sql/item.cc,9796,9796,0,0,mysql_target_000316;mysql_target_001027
mysql_aflgo_r1,mysql,1,src/mysql-server/sql/item.cc:9796:0:1,/src/mysql-server/sql/item.cc,9796,9796,0,0,mysql_target_000316;mysql_target_001027
mysql_aflgo_r1,mysql,1,src/mysql-server/sql/item.cc:9796:1:2,/src/mysql-server/sql/item.cc,9796,9796,0,0,mysql_target_000316;mysql_target_001027
mysql_aflgo_r1,mysql,1,src/mysql-server/sql/item.cc:9796:1:3,/src/mysql-server/sql/item.cc,9796,9796,0,0,mysql_target_000316;mysql_target_001027
mysql_aflgo_r1,mysql,1,src/mysql-server/sql/item.cc:9797:0:0,/src/mysql-server/sql/item.cc,9797,9797,0,0,mysql_target_000316;mysql_target_001027
mysql_aflgo_r1,mysql,1,src/mysql-server/sql/item.cc:9797:0:1,/src/mysql-server/sql/item.cc,9797,9797,0,0,mysql_target_000316;mysql_target_001027
mysql_aflgo_r1,mysql,1,src/mysql-server/sql/item.cc:9819:0:0,/src/mysql-server/sql/item.cc,9819,9819,0,0,mysql_target_000317;mysql_target_001028
mysql_aflgo_r1,mysql,1,src/mysql-server/sql/item.cc:9819:0:1,/src/mysql-server/sql/item.cc,9819,9819,0,0,mysql_target_000317;mysql_target_001028
mysql_aflgo_r1,mysql,1,src/mysql-server/sql/item.cc:9857:0:0,/src/mysql-server/sql/item.cc,9857,9857,0,0,mysql_target_000317;mysql_target_001028
mysql_aflgo_r1,mysql,1,src/mysql-server/sql/item.cc:9857:0:1,/src/mysql-server/sql/item.cc,9857,9857,0,0,mysql_target_000317;mysql_target_001028
mysql_aflgo_r1,mysql,1,src/mysql-server/sql/item.cc:9858:0:0,/src/mysql-server/sql/item.cc,9858,9858,0,0,mysql_target_000317;mysql_target_001028
mysql_aflgo_r1,mysql,1,src/mysql-server/sql/item.cc:9858:0:1,/src/mysql-server/sql/item.cc,9858,9858,0,0,mysql_target_000317;mysql_target_001028
mysql_aflgo_r1,mysql,1,src/mysql-server/sql/item.cc:9860:0:0,/src/mysql-server/sql/item.cc,9860,9860,0,0,mysql_target_000317;mysql_target_001028
mysql_aflgo_r1,mysql,1,src/mysql-server/sql/item.cc:9860:0:1,/src/mysql-server/sql/item.cc,9860,9860,0,0,mysql_target_000317;mysql_target_001028
mysql_aflgo_r1,mysql,1,src/mysql-server/sql/item.cc:9867:0:0,/src/mysql-server/sql/item.cc,9867,9867,0,0,mysql_target_000317;mysql_target_001028
mysql_aflgo_r1,mysql,1,src/mysql-server/sql/item.cc:9867:0:1,/src/mysql-server/sql/item.cc,9867,9867,0,0,mysql_target_000317;mysql_target_001028
mysql_aflgo_r1,mysql,1,src/mysql-server/sql/item.cc:9869:0:0,/src/mysql-server/sql/item.cc,9869,9869,0,0,mysql_target_000317;mysql_target_001028
mysql_aflgo_r1,mysql,1,src/mysql-server/sql/item.cc:9869:0:1,/src/mysql-server/sql/item.cc,9869,9869,0,0,mysql_target_000317;mysql_target_001028
mysql_aflgo_r1,mysql,1,src/mysql-server/sql/item.cc:9872:0:0,/src/mysql-server/sql/item.cc,9872,9872,0,0,mysql_target_000317;mysql_target_001028
mysql_aflgo_r1,mysql,1,src/mysql-server/sql/item.cc:9872:0:1,/src/mysql-server/sql/item.cc,9872,9872,0,0,mysql_target_000317;mysql_target_001028
mysql_aflgo_r1,mysql,1,src/mysql-server/sql/item.cc:9874:0:0,/src/mysql-server/sql/item.cc,9874,9874,0,0,mysql_target_000317;mysql_target_001028
mysql_aflgo_r1,mysql,1,src/mysql-server/sql/item.cc:9874:0:1,/src/mysql-server/sql/item.cc,9874,9874,0,0,mysql_target_000317;mysql_target_001028
mysql_aflgo_r1,mysql,1,src/mysql-server/sql/item.cc:9903:0:0,/src/mysql-server/sql/item.cc,9903,9903,4,1,mysql_target_000317;mysql_target_001028
mysql_aflgo_r1,mysql,1,src/mysql-server/sql/item.cc:9903:0:1,/src/mysql-server/sql/item.cc,9903,9903,0,0,mysql_target_000317;mysql_target_001028
mysql_aflgo_r1,mysql,1,src/mysql-server/sql/item.cc:9909:0:0,/src/mysql-server/sql/item.cc,9909,9909,0,0,mysql_target_000317;mysql_target_001028
mysql_aflgo_r1,mysql,1,src/mysql-server/sql/item.cc:9909:0:1,/src/mysql-server/sql/item.cc,9909,9909,4,1,mysql_target_000317;mysql_target_001028
mysql_aflgo_r1,mysql,1,src/mysql-server/sql/item.cc:9910:0:0,/src/mysql-server/sql/item.cc,9910,9910,0,0,mysql_target_000317;mysql_target_001028
mysql_aflgo_r1,mysql,1,src/mysql-server/sql/item.cc:9910:0:1,/src/mysql-server/sql/item.cc,9910,9910,0,0,mysql_target_000317;mysql_target_001028
mysql_aflgo_r1,mysql,1,src/mysql-server/sql/item.cc:9924:0:0,/src/mysql-server/sql/item.cc,9924,9924,0,0,mysql_target_000317;mysql_target_001028
mysql_aflgo_r1,mysql,1,src/mysql-server/sql/item.cc:9924:0:1,/src/mysql-server/sql/item.cc,9924,9924,0,0,mysql_target_000317;mysql_target_001028
mysql_aflgo_r1,mysql,1,src/mysql-server/sql/item.cc:9952:0:0,/src/mysql-server/sql/item.cc,9952,9952,0,0,mysql_target_000319;mysql_target_001030
mysql_aflgo_r1,mysql,1,src/mysql-server/sql/item.cc:9952:0:1,/src/mysql-server/sql/item.cc,9952,9952,0,0,mysql_target_000319;mysql_target_001030
mysql_aflgo_r1,mysql,1,src/mysql-server/sql/item.cc:9962:0:0,/src/mysql-server/sql/item.cc,9962,9962,0,0,mysql_target_000319;mysql_target_001030
mysql_aflgo_r1,mysql,1,src/mysql-server/sql/item.cc:9962:0:1,/src/mysql-server/sql/item.cc,9962,9962,0,0,mysql_target_000319;mysql_target_001030
mysql_aflgo_r1,mysql,1,src/mysql-server/sql/item.cc:9978:0:0,/src/mysql-server/sql/item.cc,9978,9978,6092,1,mysql_target_000319;mysql_target_001030
mysql_aflgo_r1,mysql,1,src/mysql-server/sql/item.cc:9978:0:1,/src/mysql-server/sql/item.cc,9978,9978,94,1,mysql_target_000319;mysql_target_001030
mysql_aflgo_r1,mysql,1,src/mysql-server/sql/item.cc:9981:0:0,/src/mysql-server/sql/item.cc,9981,9981,0,0,mysql_target_000319;mysql_target_001030
mysql_aflgo_r1,mysql,1,src/mysql-server/sql/item.cc:9981:0:1,/src/mysql-server/sql/item.cc,9981,9981,94,1,mysql_target_000319;mysql_target_001030
mysql_aflgo_r1,mysql,1,src/mysql-server/sql/item.cc:9981:1:2,/src/mysql-server/sql/item.cc,9981,9981,0,0,mysql_target_000319;mysql_target_001030
mysql_aflgo_r1,mysql,1,src/mysql-server/sql/item.cc:9981:1:3,/src/mysql-server/sql/item.cc,9981,9981,94,1,mysql_target_000319;mysql_target_001030
mysql_aflgo_r1,mysql,1,src/mysql-server/sql/item.cc:9984:0:0,/src/mysql-server/sql/item.cc,9984,9984,16,1,mysql_target_000319;mysql_target_001030
mysql_aflgo_r1,mysql,1,src/mysql-server/sql/item.cc:9984:0:1,/src/mysql-server/sql/item.cc,9984,9984,78,1,mysql_target_000319;mysql_target_001030
mysql_aflgo_r1,mysql,1,src/mysql-server/sql/item.cc:9984:1:2,/src/mysql-server/sql/item.cc,9984,9984,66,1,mysql_target_000319;mysql_target_001030
mysql_aflgo_r1,mysql,1,src/mysql-server/sql/item.cc:9984:1:3,/src/mysql-server/sql/item.cc,9984,9984,12,1,mysql_target_000319;mysql_target_001030
mysql_aflgo_r1,mysql,1,src/mysql-server/sql/item.cc:9985:0:0,/src/mysql-server/sql/item.cc,9985,9985,66,1,mysql_target_000319;mysql_target_001030
mysql_aflgo_r1,mysql,1,src/mysql-server/sql/item.cc:9985:0:1,/src/mysql-server/sql/item.cc,9985,9985,16,1,mysql_target_000319;mysql_target_001030
mysql_aflgo_r1,mysql,1,src/mysql-server/sql/item.cc:9985:1:2,/src/mysql-server/sql/item.cc,9985,9985,0,0,mysql_target_000319;mysql_target_001030
mysql_aflgo_r1,mysql,1,src/mysql-server/sql/item.cc:9985:1:3,/src/mysql-server/sql/item.cc,9985,9985,16,1,mysql_target_000319;mysql_target_001030
mysql_aflgo_r1,mysql,1,src/mysql-server/sql/item.cc:10007:0:0,/src/mysql-server/sql/item.cc,10007,10007,1,1,mysql_target_000319;mysql_target_001030
mysql_aflgo_r1,mysql,1,src/mysql-server/sql/item.cc:10007:0:1,/src/mysql-server/sql/item.cc,10007,10007,0,0,mysql_target_000319;mysql_target_001030
mysql_aflgo_r1,mysql,1,src/mysql-server/sql/item.cc:10011:0:0,/src/mysql-server/sql/item.cc,10011,10011,0,0,mysql_target_000319;mysql_target_001030
mysql_aflgo_r1,mysql,1,src/mysql-server/sql/item.cc:10011:0:1,/src/mysql-server/sql/item.cc,10011,10011,0,0,mysql_target_000319;mysql_target_001030
mysql_aflgo_r1,mysql,1,src/mysql-server/sql/item.cc:10012:0:0,/src/mysql-server/sql/item.cc,10012,10012,0,0,mysql_target_000319;mysql_target_001030
mysql_aflgo_r1,mysql,1,src/mysql-server/sql/item.cc:10012:0:1,/src/mysql-server/sql/item.cc,10012,10012,0,0,mysql_target_000319;mysql_target_001030
mysql_aflgo_r1,mysql,1,src/mysql-server/sql/item.cc:10014:0:0,/src/mysql-server/sql/item.cc,10014,10014,0,0,mysql_target_000319;mysql_target_001030
mysql_aflgo_r1,mysql,1,src/mysql-server/sql/item.cc:10014:0:1,/src/mysql-server/sql/item.cc,10014,10014,0,0,mysql_target_000319;mysql_target_001030
mysql_aflgo_r1,mysql,1,src/mysql-server/sql/item.cc:10015:0:0,/src/mysql-server/sql/item.cc,10015,10015,0,0,mysql_target_000319;mysql_target_001030
mysql_aflgo_r1,mysql,1,src/mysql-server/sql/item.cc:10015:0:1,/src/mysql-server/sql/item.cc,10015,10015,0,0,mysql_target_000319;mysql_target_001030
mysql_aflgo_r1,mysql,1,src/mysql-server/sql/item.cc:10016:0:0,/src/mysql-server/sql/item.cc,10016,10016,0,0,mysql_target_000319;mysql_target_001030
mysql_aflgo_r1,mysql,1,src/mysql-server/sql/item.cc:10016:0:1,/src/mysql-server/sql/item.cc,10016,10016,0,0,mysql_target_000319;mysql_target_001030
mysql_aflgo_r1,mysql,1,src/mysql-server/sql/item.cc:10025:0:0,/src/mysql-server/sql/item.cc,10025,10025,0,0,mysql_target_000319;mysql_target_001030
mysql_aflgo_r1,mysql,1,src/mysql-server/sql/item.cc:10025:0:1,/src/mysql-server/sql/item.cc,10025,10025,0,0,mysql_target_000319;mysql_target_001030
mysql_aflgo_r1,mysql,1,src/mysql-server/sql/item.cc:10078:0:0,/src/mysql-server/sql/item.cc,10078,10078,0,0,mysql_target_000141;mysql_target_000808
mysql_aflgo_r1,mysql,1,src/mysql-server/sql/item.cc:10078:0:1,/src/mysql-server/sql/item.cc,10078,10078,0,0,mysql_target_000141;mysql_target_000808
mysql_aflgo_r1,mysql,1,src/mysql-server/sql/item.cc:10079:0:0,/src/mysql-server/sql/item.cc,10079,10079,0,0,mysql_target_000141;mysql_target_000808
mysql_aflgo_r1,mysql,1,src/mysql-server/sql/item.cc:10079:0:1,/src/mysql-server/sql/item.cc,10079,10079,0,0,mysql_target_000141;mysql_target_000808
mysql_aflgo_r1,mysql,1,src/mysql-server/sql/item.cc:10097:0:0,/src/mysql-server/sql/item.cc,10097,10097,0,0,mysql_target_000142;mysql_target_000809
mysql_aflgo_r1,mysql,1,src/mysql-server/sql/item.cc:10097:0:1,/src/mysql-server/sql/item.cc,10097,10097,0,0,mysql_target_000142;mysql_target_000809
mysql_aflgo_r1,mysql,1,src/mysql-server/sql/item.cc:10097:1:2,/src/mysql-server/sql/item.cc,10097,10097,0,0,mysql_target_000142;mysql_target_000809
mysql_aflgo_r1,mysql,1,src/mysql-server/sql/item.cc:10097:1:3,/src/mysql-server/sql/item.cc,10097,10097,0,0,mysql_target_000142;mysql_target_000809
mysql_aflgo_r1,mysql,1,src/mysql-server/sql/item.cc:10101:0:0,/src/mysql-server/sql/item.cc,10101,10101,0,0,mysql_target_000142;mysql_target_000809
mysql_aflgo_r1,mysql,1,src/mysql-server/sql/item.cc:10101:0:1,/src/mysql-server/sql/item.cc,10101,10101,0,0,mysql_target_000142;mysql_target_000809
mysql_aflgo_r1,mysql,1,src/mysql-server/sql/item.cc:10142:0:0,/src/mysql-server/sql/item.cc,10142,10142,0,0,mysql_target_000144;mysql_target_000811
mysql_aflgo_r1,mysql,1,src/mysql-server/sql/item.cc:10142:0:1,/src/mysql-server/sql/item.cc,10142,10142,0,0,mysql_target_000144;mysql_target_000811
mysql_aflgo_r1,mysql,1,src/mysql-server/sql/item.cc:10144:0:0,/src/mysql-server/sql/item.cc,10144,10144,0,0,mysql_target_000144;mysql_target_000811
mysql_aflgo_r1,mysql,1,src/mysql-server/sql/item.cc:10144:0:1,/src/mysql-server/sql/item.cc,10144,10144,0,0,mysql_target_000144;mysql_target_000811
mysql_aflgo_r1,mysql,1,src/mysql-server/sql/item.cc:10145:0:0,/src/mysql-server/sql/item.cc,10145,10145,0,0,mysql_target_000144;mysql_target_000811
mysql_aflgo_r1,mysql,1,src/mysql-server/sql/item.cc:10145:0:1,/src/mysql-server/sql/item.cc,10145,10145,0,0,mysql_target_000144;mysql_target_000811
mysql_aflgo_r1,mysql,1,src/mysql-server/sql/item.cc:10148:0:0,/src/mysql-server/sql/item.cc,10148,10148,0,0,mysql_target_000144;mysql_target_000811
mysql_aflgo_r1,mysql,1,src/mysql-server/sql/item.cc:10148:0:1,/src/mysql-server/sql/item.cc,10148,10148,226,1,mysql_target_000144;mysql_target_000811
mysql_aflgo_r1,mysql,1,src/mysql-server/sql/item.cc:10148:1:2,/src/mysql-server/sql/item.cc,10148,10148,0,0,mysql_target_000144;mysql_target_000811
mysql_aflgo_r1,mysql,1,src/mysql-server/sql/item.cc:10148:1:3,/src/mysql-server/sql/item.cc,10148,10148,0,0,mysql_target_000144;mysql_target_000811
mysql_aflgo_r1,mysql,1,src/mysql-server/sql/item.cc:10202:0:0,/src/mysql-server/sql/item.cc,10202,10202,0,0,mysql_target_000146;mysql_target_000813
mysql_aflgo_r1,mysql,1,src/mysql-server/sql/item.cc:10202:0:1,/src/mysql-server/sql/item.cc,10202,10202,0,0,mysql_target_000146;mysql_target_000813
mysql_aflgo_r1,mysql,1,src/mysql-server/sql/item.cc:10209:0:0,/src/mysql-server/sql/item.cc,10209,10209,0,0,mysql_target_000147;mysql_target_000814
mysql_aflgo_r1,mysql,1,src/mysql-server/sql/item.cc:10209:0:1,/src/mysql-server/sql/item.cc,10209,10209,0,0,mysql_target_000147;mysql_target_000814
mysql_aflgo_r1,mysql,1,src/mysql-server/sql/item.cc:10211:0:0,/src/mysql-server/sql/item.cc,10211,10211,0,0,mysql_target_000147;mysql_target_000814
mysql_aflgo_r1,mysql,1,src/mysql-server/sql/item.cc:10211:0:1,/src/mysql-server/sql/item.cc,10211,10211,0,0,mysql_target_000147;mysql_target_000814
mysql_aflgo_r1,mysql,1,src/mysql-server/sql/item.cc:10213:0:0,/src/mysql-server/sql/item.cc,10213,10213,0,0,mysql_target_000147;mysql_target_000814
mysql_aflgo_r1,mysql,1,src/mysql-server/sql/item.cc:10213:0:1,/src/mysql-server/sql/item.cc,10213,10213,0,0,mysql_target_000147;mysql_target_000814
mysql_aflgo_r1,mysql,1,src/mysql-server/sql/item.cc:10301:0:0,/src/mysql-server/sql/item.cc,10301,10301,40,1,mysql_target_000149;mysql_target_000816
mysql_aflgo_r1,mysql,1,src/mysql-server/sql/item.cc:10301:0:1,/src/mysql-server/sql/item.cc,10301,10301,20,1,mysql_target_000149;mysql_target_000816
mysql_aflgo_r1,mysql,1,src/mysql-server/sql/item.cc:10301:1:2,/src/mysql-server/sql/item.cc,10301,10301,0,0,mysql_target_000149;mysql_target_000816
mysql_aflgo_r1,mysql,1,src/mysql-server/sql/item.cc:10301:1:3,/src/mysql-server/sql/item.cc,10301,10301,40,1,mysql_target_000149;mysql_target_000816
mysql_aflgo_r1,mysql,1,src/mysql-server/sql/item.cc:10305:0:0,/src/mysql-server/sql/item.cc,10305,10305,232,1,mysql_target_000149;mysql_target_000816
mysql_aflgo_r1,mysql,1,src/mysql-server/sql/item.cc:10305:0:1,/src/mysql-server/sql/item.cc,10305,10305,9,1,mysql_target_000149;mysql_target_000816
mysql_aflgo_r1,mysql,1,src/mysql-server/sql/item.cc:10305:1:2,/src/mysql-server/sql/item.cc,10305,10305,9,1,mysql_target_000149;mysql_target_000816
mysql_aflgo_r1,mysql,1,src/mysql-server/sql/item.cc:10305:1:3,/src/mysql-server/sql/item.cc,10305,10305,0,0,mysql_target_000149;mysql_target_000816
mysql_aflgo_r1,mysql,1,src/mysql-server/sql/item.cc:10323:0:0,/src/mysql-server/sql/item.cc,10323,10323,502,1,mysql_target_000151;mysql_target_000818
mysql_aflgo_r1,mysql,1,src/mysql-server/sql/item.cc:10323:0:1,/src/mysql-server/sql/item.cc,10323,10323,56,1,mysql_target_000151;mysql_target_000818
mysql_aflgo_r1,mysql,1,src/mysql-server/sql/item.cc:10328:0:0,/src/mysql-server/sql/item.cc,10328,10328,0,0,mysql_target_000151;mysql_target_000818
mysql_aflgo_r1,mysql,1,src/mysql-server/sql/item.cc:10328:0:1,/src/mysql-server/sql/item.cc,10328,10328,242,1,mysql_target_000151;mysql_target_000818
mysql_aflgo_r1,mysql,1,src/mysql-server/sql/item.cc:10367:0:0,/src/mysql-server/sql/item.cc,10367,10367,0,0,mysql_target_000153;mysql_target_000820
mysql_aflgo_r1,mysql,1,src/mysql-server/sql/item.cc:10367:0:1,/src/mysql-server/sql/item.cc,10367,10367,202,1,mysql_target_000153;mysql_target_000820
mysql_aflgo_r1,mysql,1,src/mysql-server/sql/item.cc:10406:0:0,/src/mysql-server/sql/item.cc,10406,10406,0,0,mysql_target_000154;mysql_target_000821
mysql_aflgo_r1,mysql,1,src/mysql-server/sql/item.cc:10406:0:1,/src/mysql-server/sql/item.cc,10406,10406,0,0,mysql_target_000154;mysql_target_000821
mysql_aflgo_r1,mysql,1,src/mysql-server/sql/item.cc:10412:0:0,/src/mysql-server/sql/item.cc,10412,10412,0,0,mysql_target_000154;mysql_target_000821
mysql_aflgo_r1,mysql,1,src/mysql-server/sql/item.cc:10412:0:1,/src/mysql-server/sql/item.cc,10412,10412,0,0,mysql_target_000154;mysql_target_000821
mysql_aflgo_r1,mysql,1,src/mysql-server/sql/item.cc:10422:0:0,/src/mysql-server/sql/item.cc,10422,10422,0,0,mysql_target_000154;mysql_target_000821
mysql_aflgo_r1,mysql,1,src/mysql-server/sql/item.cc:10422:0:1,/src/mysql-server/sql/item.cc,10422,10422,0,0,mysql_target_000154;mysql_target_000821
mysql_aflgo_r1,mysql,1,src/mysql-server/sql/item.cc:10422:1:2,/src/mysql-server/sql/item.cc,10422,10422,0,0,mysql_target_000154;mysql_target_000821
mysql_aflgo_r1,mysql,1,src/mysql-server/sql/item.cc:10422:1:3,/src/mysql-server/sql/item.cc,10422,10422,0,0,mysql_target_000154;mysql_target_000821
mysql_aflgo_r1,mysql,1,src/mysql-server/sql/item.cc:10422:2:4,/src/mysql-server/sql/item.cc,10422,10422,0,0,mysql_target_000154;mysql_target_000821
mysql_aflgo_r1,mysql,1,src/mysql-server/sql/item.cc:10422:2:5,/src/mysql-server/sql/item.cc,10422,10422,0,0,mysql_target_000154;mysql_target_000821
mysql_aflgo_r1,mysql,1,src/mysql-server/sql/item.cc:10429:0:0,/src/mysql-server/sql/item.cc,10429,10429,0,0,mysql_target_000155;mysql_target_000822
mysql_aflgo_r1,mysql,1,src/mysql-server/sql/item.cc:10429:0:1,/src/mysql-server/sql/item.cc,10429,10429,0,0,mysql_target_000155;mysql_target_000822
mysql_aflgo_r1,mysql,1,src/mysql-server/sql/item.cc:10429:1:2,/src/mysql-server/sql/item.cc,10429,10429,0,0,mysql_target_000155;mysql_target_000822
mysql_aflgo_r1,mysql,1,src/mysql-server/sql/item.cc:10429:1:3,/src/mysql-server/sql/item.cc,10429,10429,0,0,mysql_target_000155;mysql_target_000822
mysql_aflgo_r1,mysql,1,src/mysql-server/sql/item.cc:10429:2:4,/src/mysql-server/sql/item.cc,10429,10429,0,0,mysql_target_000155;mysql_target_000822
mysql_aflgo_r1,mysql,1,src/mysql-server/sql/item.cc:10429:2:5,/src/mysql-server/sql/item.cc,10429,10429,0,0,mysql_target_000155;mysql_target_000822
mysql_aflgo_r1,mysql,1,src/mysql-server/sql/item.cc:10469:0:0,/src/mysql-server/sql/item.cc,10469,10469,0,0,mysql_target_000156;mysql_target_000823
mysql_aflgo_r1,mysql,1,src/mysql-server/sql/item.cc:10469:0:1,/src/mysql-server/sql/item.cc,10469,10469,0,0,mysql_target_000156;mysql_target_000823
mysql_aflgo_r1,mysql,1,src/mysql-server/sql/item.cc:10472:0:0,/src/mysql-server/sql/item.cc,10472,10472,0,0,mysql_target_000156;mysql_target_000823
mysql_aflgo_r1,mysql,1,src/mysql-server/sql/item.cc:10472:0:1,/src/mysql-server/sql/item.cc,10472,10472,0,0,mysql_target_000156;mysql_target_000823
mysql_aflgo_r1,mysql,1,src/mysql-server/sql/item.cc:10472:1:2,/src/mysql-server/sql/item.cc,10472,10472,0,0,mysql_target_000156;mysql_target_000823
mysql_aflgo_r1,mysql,1,src/mysql-server/sql/item.cc:10472:1:3,/src/mysql-server/sql/item.cc,10472,10472,0,0,mysql_target_000156;mysql_target_000823
mysql_aflgo_r1,mysql,1,src/mysql-server/sql/item.cc:10491:0:0,/src/mysql-server/sql/item.cc,10491,10491,0,0,mysql_target_000157;mysql_target_000824
mysql_aflgo_r1,mysql,1,src/mysql-server/sql/item.cc:10491:0:1,/src/mysql-server/sql/item.cc,10491,10491,0,0,mysql_target_000157;mysql_target_000824
mysql_aflgo_r1,mysql,1,src/mysql-server/sql/item.cc:10573:0:0,/src/mysql-server/sql/item.cc,10573,10573,0,0,mysql_target_000159;mysql_target_000826
mysql_aflgo_r1,mysql,1,src/mysql-server/sql/item.cc:10573:0:1,/src/mysql-server/sql/item.cc,10573,10573,0,0,mysql_target_000159;mysql_target_000826
mysql_aflgo_r1,mysql,1,src/mysql-server/sql/item.cc:10575:0:0,/src/mysql-server/sql/item.cc,10575,10575,0,0,mysql_target_000159;mysql_target_000826
mysql_aflgo_r1,mysql,1,src/mysql-server/sql/item.cc:10575:0:1,/src/mysql-server/sql/item.cc,10575,10575,0,0,mysql_target_000159;mysql_target_000826
mysql_aflgo_r1,mysql,1,src/mysql-server/sql/item.cc:10617:0:0,/src/mysql-server/sql/item.cc,10617,10617,0,0,mysql_target_000160;mysql_target_000827
mysql_aflgo_r1,mysql,1,src/mysql-server/sql/item.cc:10617:0:1,/src/mysql-server/sql/item.cc,10617,10617,0,0,mysql_target_000160;mysql_target_000827
mysql_aflgo_r1,mysql,1,src/mysql-server/sql/item.cc:10676:0:0,/src/mysql-server/sql/item.cc,10676,10676,0,0,mysql_target_000162;mysql_target_000829
mysql_aflgo_r1,mysql,1,src/mysql-server/sql/item.cc:10676:0:1,/src/mysql-server/sql/item.cc,10676,10676,0,0,mysql_target_000162;mysql_target_000829
mysql_aflgo_r1,mysql,1,src/mysql-server/sql/item.cc:10677:0:0,/src/mysql-server/sql/item.cc,10677,10677,0,0,mysql_target_000162;mysql_target_000829
mysql_aflgo_r1,mysql,1,src/mysql-server/sql/item.cc:10677:0:1,/src/mysql-server/sql/item.cc,10677,10677,0,0,mysql_target_000162;mysql_target_000829
mysql_aflgo_r1,mysql,1,src/mysql-server/sql/item.cc:10682:0:0,/src/mysql-server/sql/item.cc,10682,10682,0,0,mysql_target_000162;mysql_target_000829
mysql_aflgo_r1,mysql,1,src/mysql-server/sql/item.cc:10682:0:1,/src/mysql-server/sql/item.cc,10682,10682,0,0,mysql_target_000162;mysql_target_000829
mysql_aflgo_r1,mysql,1,src/mysql-server/sql/item.cc:10719:0:0,/src/mysql-server/sql/item.cc,10719,10719,0,0,mysql_target_000163;mysql_target_000830
mysql_aflgo_r1,mysql,1,src/mysql-server/sql/item.cc:10719:0:1,/src/mysql-server/sql/item.cc,10719,10719,0,0,mysql_target_000163;mysql_target_000830
mysql_aflgo_r1,mysql,1,src/mysql-server/sql/item.cc:10719:1:2,/src/mysql-server/sql/item.cc,10719,10719,0,0,mysql_target_000163;mysql_target_000830
mysql_aflgo_r1,mysql,1,src/mysql-server/sql/item.cc:10719:1:3,/src/mysql-server/sql/item.cc,10719,10719,0,0,mysql_target_000163;mysql_target_000830
mysql_aflgo_r1,mysql,1,src/mysql-server/sql/item.cc:10719:2:4,/src/mysql-server/sql/item.cc,10719,10719,0,0,mysql_target_000163;mysql_target_000830
mysql_aflgo_r1,mysql,1,src/mysql-server/sql/item.cc:10719:2:5,/src/mysql-server/sql/item.cc,10719,10719,0,0,mysql_target_000163;mysql_target_000830
mysql_aflgo_r1,mysql,1,src/mysql-server/sql/item.cc:10758:0:0,/src/mysql-server/sql/item.cc,10758,10758,0,0,mysql_target_000164;mysql_target_000831
mysql_aflgo_r1,mysql,1,src/mysql-server/sql/item.cc:10758:0:1,/src/mysql-server/sql/item.cc,10758,10758,0,0,mysql_target_000164;mysql_target_000831
mysql_aflgo_r1,mysql,1,src/mysql-server/sql/item.cc:10844:0:0,/src/mysql-server/sql/item.cc,10844,10844,0,0,mysql_target_000165;mysql_target_000832
mysql_aflgo_r1,mysql,1,src/mysql-server/sql/item.cc:10844:0:1,/src/mysql-server/sql/item.cc,10844,10844,0,0,mysql_target_000165;mysql_target_000832
mysql_aflgo_r1,mysql,1,src/mysql-server/sql/item.cc:10846:0:0,/src/mysql-server/sql/item.cc,10846,10846,0,0,mysql_target_000165;mysql_target_000832
mysql_aflgo_r1,mysql,1,src/mysql-server/sql/item.cc:10846:0:1,/src/mysql-server/sql/item.cc,10846,10846,0,0,mysql_target_000165;mysql_target_000832
mysql_aflgo_r1,mysql,1,src/mysql-server/sql/item.cc:10860:0:0,/src/mysql-server/sql/item.cc,10860,10860,0,0,mysql_target_000166;mysql_target_000833
mysql_aflgo_r1,mysql,1,src/mysql-server/sql/item.cc:10860:0:1,/src/mysql-server/sql/item.cc,10860,10860,0,0,mysql_target_000166;mysql_target_000833
mysql_aflgo_r1,mysql,1,src/mysql-server/sql/item.cc:10875:0:0,/src/mysql-server/sql/item.cc,10875,10875,0,0,mysql_target_000166;mysql_target_000833
mysql_aflgo_r1,mysql,1,src/mysql-server/sql/item.cc:10875:0:1,/src/mysql-server/sql/item.cc,10875,10875,0,0,mysql_target_000166;mysql_target_000833
mysql_aflgo_r1,mysql,1,src/mysql-server/sql/item.cc:10881:0:0,/src/mysql-server/sql/item.cc,10881,10881,0,0,mysql_target_000166;mysql_target_000833
mysql_aflgo_r1,mysql,1,src/mysql-server/sql/item.cc:10881:0:1,/src/mysql-server/sql/item.cc,10881,10881,0,0,mysql_target_000166;mysql_target_000833
mysql_aflgo_r1,mysql,1,src/mysql-server/sql/item.cc:10887:0:0,/src/mysql-server/sql/item.cc,10887,10887,0,0,mysql_target_000166;mysql_target_000833
mysql_aflgo_r1,mysql,1,src/mysql-server/sql/item.cc:10887:0:1,/src/mysql-server/sql/item.cc,10887,10887,0,0,mysql_target_000166;mysql_target_000833
mysql_aflgo_r1,mysql,1,src/mysql-server/sql/item.cc:10894:0:0,/src/mysql-server/sql/item.cc,10894,10894,0,0,mysql_target_000166;mysql_target_000833
mysql_aflgo_r1,mysql,1,src/mysql-server/sql/item.cc:10894:0:1,/src/mysql-server/sql/item.cc,10894,10894,0,0,mysql_target_000166;mysql_target_000833
mysql_aflgo_r1,mysql,1,src/mysql-server/sql/item.cc:10900:0:0,/src/mysql-server/sql/item.cc,10900,10900,0,0,mysql_target_000166;mysql_target_000833
mysql_aflgo_r1,mysql,1,src/mysql-server/sql/item.cc:10900:0:1,/src/mysql-server/sql/item.cc,10900,10900,9,1,mysql_target_000166;mysql_target_000833
mysql_aflgo_r1,mysql,1,src/mysql-server/sql/item.cc:10902:0:0,/src/mysql-server/sql/item.cc,10902,10902,0,0,mysql_target_000166;mysql_target_000833
mysql_aflgo_r1,mysql,1,src/mysql-server/sql/item.cc:10902:0:1,/src/mysql-server/sql/item.cc,10902,10902,9,1,mysql_target_000166;mysql_target_000833
mysql_aflgo_r1,mysql,1,src/mysql-server/sql/item.cc:10903:0:0,/src/mysql-server/sql/item.cc,10903,10903,0,0,mysql_target_000166;mysql_target_000833
mysql_aflgo_r1,mysql,1,src/mysql-server/sql/item.cc:10903:0:1,/src/mysql-server/sql/item.cc,10903,10903,0,0,mysql_target_000166;mysql_target_000833
mysql_aflgo_r1,mysql,1,src/mysql-server/sql/item.cc:10908:0:0,/src/mysql-server/sql/item.cc,10908,10908,0,0,mysql_target_000166;mysql_target_000833
mysql_aflgo_r1,mysql,1,src/mysql-server/sql/item.cc:10908:0:1,/src/mysql-server/sql/item.cc,10908,10908,9,1,mysql_target_000166;mysql_target_000833
mysql_aflgo_r1,mysql,1,src/mysql-server/sql/item.cc:10926:0:0,/src/mysql-server/sql/item.cc,10926,10926,0,0,mysql_target_000167;mysql_target_000834
mysql_aflgo_r1,mysql,1,src/mysql-server/sql/item.cc:10926:0:1,/src/mysql-server/sql/item.cc,10926,10926,0,0,mysql_target_000167;mysql_target_000834
mysql_aflgo_r1,mysql,1,src/mysql-server/sql/item.cc:10959:0:0,/src/mysql-server/sql/item.cc,10959,10959,0,0,mysql_target_000169;mysql_target_000836
mysql_aflgo_r1,mysql,1,src/mysql-server/sql/item.cc:10959:0:1,/src/mysql-server/sql/item.cc,10959,10959,21,1,mysql_target_000169;mysql_target_000836
mysql_aflgo_r1,mysql,1,src/mysql-server/sql/item.cc:10961:0:0,/src/mysql-server/sql/item.cc,10961,10961,21,1,mysql_target_000169;mysql_target_000836
mysql_aflgo_r1,mysql,1,src/mysql-server/sql/item.cc:10961:0:1,/src/mysql-server/sql/item.cc,10961,10961,0,0,mysql_target_000169;mysql_target_000836
mysql_aflgo_r1,mysql,1,src/mysql-server/sql/item.cc:10961:1:2,/src/mysql-server/sql/item.cc,10961,10961,21,1,mysql_target_000169;mysql_target_000836
mysql_aflgo_r1,mysql,1,src/mysql-server/sql/item.cc:10961:1:3,/src/mysql-server/sql/item.cc,10961,10961,0,0,mysql_target_000169;mysql_target_000836
mysql_aflgo_r1,mysql,1,src/mysql-server/sql/item.cc:10978:0:0,/src/mysql-server/sql/item.cc,10978,10978,0,0,mysql_target_000169;mysql_target_000836
mysql_aflgo_r1,mysql,1,src/mysql-server/sql/item.cc:10978:0:1,/src/mysql-server/sql/item.cc,10978,10978,0,0,mysql_target_000169;mysql_target_000836
mysql_aflgo_r1,mysql,1,src/mysql-server/sql/item.cc:11120:0:0,/src/mysql-server/sql/item.cc,11120,11120,0,0,mysql_target_000170;mysql_target_000837
mysql_aflgo_r1,mysql,1,src/mysql-server/sql/item.cc:11120:0:1,/src/mysql-server/sql/item.cc,11120,11120,0,0,mysql_target_000170;mysql_target_000837
mysql_aflgo_r1,mysql,1,src/mysql-server/sql/item.cc:11123:0:0,/src/mysql-server/sql/item.cc,11123,11123,0,0,mysql_target_000170;mysql_target_000837
mysql_aflgo_r1,mysql,1,src/mysql-server/sql/item.cc:11123:0:1,/src/mysql-server/sql/item.cc,11123,11123,0,0,mysql_target_000170;mysql_target_000837
mysql_aflgo_r1,mysql,1,src/mysql-server/sql/item.cc:11167:0:0,/src/mysql-server/sql/item.cc,11167,11167,0,0,mysql_target_000171;mysql_target_000838
mysql_aflgo_r1,mysql,1,src/mysql-server/sql/item.cc:11167:0:1,/src/mysql-server/sql/item.cc,11167,11167,470,1,mysql_target_000171;mysql_target_000838
mysql_aflgo_r1,mysql,1,src/mysql-server/sql/item.cc:11169:0:0,/src/mysql-server/sql/item.cc,11169,11169,84,1,mysql_target_000171;mysql_target_000838
mysql_aflgo_r1,mysql,1,src/mysql-server/sql/item.cc:11169:0:1,/src/mysql-server/sql/item.cc,11169,11169,386,1,mysql_target_000171;mysql_target_000838
mysql_aflgo_r1,mysql,1,src/mysql-server/sql/item.cc:11169:1:2,/src/mysql-server/sql/item.cc,11169,11169,0,0,mysql_target_000171;mysql_target_000838
mysql_aflgo_r1,mysql,1,src/mysql-server/sql/item.cc:11169:1:3,/src/mysql-server/sql/item.cc,11169,11169,84,1,mysql_target_000171;mysql_target_000838
mysql_aflgo_r1,mysql,1,src/mysql-server/sql/item.cc:11179:0:0,/src/mysql-server/sql/item.cc,11179,11179,0,0,mysql_target_000173;mysql_target_000840
mysql_aflgo_r1,mysql,1,src/mysql-server/sql/item.cc:11179:0:1,/src/mysql-server/sql/item.cc,11179,11179,10,1,mysql_target_000173;mysql_target_000840
mysql_aflgo_r1,mysql,1,src/mysql-server/sql/item.cc:11183:0:0,/src/mysql-server/sql/item.cc,11183,11183,617,1,mysql_target_000174;mysql_target_000841
mysql_aflgo_r1,mysql,1,src/mysql-server/sql/item.cc:11183:0:1,/src/mysql-server/sql/item.cc,11183,11183,1313,1,mysql_target_000174;mysql_target_000841
mysql_aflgo_r1,mysql,1,src/mysql-server/sql/item.cc:11184:0:0,/src/mysql-server/sql/item.cc,11184,11184,1,1,mysql_target_000174;mysql_target_000841
mysql_aflgo_r1,mysql,1,src/mysql-server/sql/item.cc:11184:0:1,/src/mysql-server/sql/item.cc,11184,11184,616,1,mysql_target_000174;mysql_target_000841
mysql_aflgo_r1,mysql,1,src/mysql-server/sql/item.cc:11192:0:0,/src/mysql-server/sql/item.cc,11192,11192,1,1,mysql_target_000175;mysql_target_000842
mysql_aflgo_r1,mysql,1,src/mysql-server/sql/item.cc:11192:0:1,/src/mysql-server/sql/item.cc,11192,11192,0,0,mysql_target_000175;mysql_target_000842
mysql_aflgo_r1,mysql,1,src/mysql-server/sql/item.cc:11194:0:0,/src/mysql-server/sql/item.cc,11194,11194,0,0,mysql_target_000175;mysql_target_000842
mysql_aflgo_r1,mysql,1,src/mysql-server/sql/item.cc:11194:0:1,/src/mysql-server/sql/item.cc,11194,11194,1,1,mysql_target_000175;mysql_target_000842
mysql_aflgo_r1,mysql,1,src/mysql-server/sql/item.cc:11207:0:0,/src/mysql-server/sql/item.cc,11207,11207,833,1,mysql_target_000176;mysql_target_000843
mysql_aflgo_r1,mysql,1,src/mysql-server/sql/item.cc:11207:0:1,/src/mysql-server/sql/item.cc,11207,11207,1097,1,mysql_target_000176;mysql_target_000843
mysql_aflgo_r1,mysql,1,src/mysql-server/sql/item.cc:11225:0:0,/src/mysql-server/sql/item.cc,11225,11225,0,0,mysql_target_000178;mysql_target_000845
mysql_aflgo_r1,mysql,1,src/mysql-server/sql/item.cc:11225:0:1,/src/mysql-server/sql/item.cc,11225,11225,67,1,mysql_target_000178;mysql_target_000845
mysql_aflgo_r1,mysql,1,src/mysql-server/sql/item.cc:11268:0:0,/src/mysql-server/sql/item.cc,11268,11268,0,0,mysql_target_000181;mysql_target_000848
mysql_aflgo_r1,mysql,1,src/mysql-server/sql/item.cc:11268:0:1,/src/mysql-server/sql/item.cc,11268,11268,0,0,mysql_target_000181;mysql_target_000848
mysql_aflgo_r1,mysql,1,src/mysql-server/sql/item.cc:11273:0:0,/src/mysql-server/sql/item.cc,11273,11273,0,0,mysql_target_000181;mysql_target_000848
mysql_aflgo_r1,mysql,1,src/mysql-server/sql/item.cc:11273:0:1,/src/mysql-server/sql/item.cc,11273,11273,0,0,mysql_target_000181;mysql_target_000848
mysql_aflgo_r1,mysql,1,src/mysql-server/sql/item.cc:11275:0:0,/src/mysql-server/sql/item.cc,11275,11275,0,0,mysql_target_000182;mysql_target_000849
mysql_aflgo_r1,mysql,1,src/mysql-server/sql/item.cc:11275:0:1,/src/mysql-server/sql/item.cc,11275,11275,0,0,mysql_target_000182;mysql_target_000849
mysql_aflgo_r1,mysql,1,src/mysql-server/sql/item.cc:11283:0:0,/src/mysql-server/sql/item.cc,11283,11283,0,0,mysql_target_000183;mysql_target_000850
mysql_aflgo_r1,mysql,1,src/mysql-server/sql/item.cc:11283:0:1,/src/mysql-server/sql/item.cc,11283,11283,0,0,mysql_target_000183;mysql_target_000850
mysql_aflgo_r1,mysql,1,src/mysql-server/sql/item.cc:11283:1:2,/src/mysql-server/sql/item.cc,11283,11283,0,0,mysql_target_000183;mysql_target_000850
mysql_aflgo_r1,mysql,1,src/mysql-server/sql/item.cc:11283:1:3,/src/mysql-server/sql/item.cc,11283,11283,0,0,mysql_target_000183;mysql_target_000850
mysql_aflgo_r1,mysql,1,src/mysql-server/sql/item.cc:11480:0:0,/src/mysql-server/sql/item.cc,11480,11480,0,0,mysql_target_000186;mysql_target_000853
mysql_aflgo_r1,mysql,1,src/mysql-server/sql/item.cc:11480:0:1,/src/mysql-server/sql/item.cc,11480,11480,0,0,mysql_target_000186;mysql_target_000853
mysql_aflgo_r1,mysql,1,src/mysql-server/sql/item.cc:11480:1:2,/src/mysql-server/sql/item.cc,11480,11480,0,0,mysql_target_000186;mysql_target_000853
mysql_aflgo_r1,mysql,1,src/mysql-server/sql/item.cc:11480:1:3,/src/mysql-server/sql/item.cc,11480,11480,0,0,mysql_target_000186;mysql_target_000853
mysql_aflgo_r1,mysql,1,src/mysql-server/sql/item.h:6075:0:0,/src/mysql-server/sql/item.h,6075,6075,0,0,mysql_target_000341;mysql_target_001052
mysql_aflgo_r1,mysql,1,src/mysql-server/sql/item.h:6075:0:1,/src/mysql-server/sql/item.h,6075,6075,0,0,mysql_target_000341;mysql_target_001052
mysql_aflgo_r1,mysql,1,src/mysql-server/sql/item_cmpfunc.cc:490:0:0,/src/mysql-server/sql/item_cmpfunc.cc,490,490,0,0,mysql_target_000400;mysql_target_001111
mysql_aflgo_r1,mysql,1,src/mysql-server/sql/item_cmpfunc.cc:490:0:1,/src/mysql-server/sql/item_cmpfunc.cc,490,490,0,0,mysql_target_000400;mysql_target_001111
mysql_aflgo_r1,mysql,1,src/mysql-server/sql/item_cmpfunc.cc:490:1:2,/src/mysql-server/sql/item_cmpfunc.cc,490,490,0,0,mysql_target_000400;mysql_target_001111
mysql_aflgo_r1,mysql,1,src/mysql-server/sql/item_cmpfunc.cc:490:1:3,/src/mysql-server/sql/item_cmpfunc.cc,490,490,0,0,mysql_target_000400;mysql_target_001111
mysql_aflgo_r1,mysql,1,src/mysql-server/sql/item_cmpfunc.cc:525:0:0,/src/mysql-server/sql/item_cmpfunc.cc,525,525,0,0,mysql_target_000402;mysql_target_001113
mysql_aflgo_r1,mysql,1,src/mysql-server/sql/item_cmpfunc.cc:525:0:1,/src/mysql-server/sql/item_cmpfunc.cc,525,525,0,0,mysql_target_000402;mysql_target_001113
mysql_aflgo_r1,mysql,1,src/mysql-server/sql/item_cmpfunc.cc:528:0:0,/src/mysql-server/sql/item_cmpfunc.cc,528,528,0,0,mysql_target_000402;mysql_target_001113
mysql_aflgo_r1,mysql,1,src/mysql-server/sql/item_cmpfunc.cc:528:0:1,/src/mysql-server/sql/item_cmpfunc.cc,528,528,0,0,mysql_target_000402;mysql_target_001113
mysql_aflgo_r1,mysql,1,src/mysql-server/sql/item_cmpfunc.cc:528:1:2,/src/mysql-server/sql/item_cmpfunc.cc,528,528,0,0,mysql_target_000402;mysql_target_001113
mysql_aflgo_r1,mysql,1,src/mysql-server/sql/item_cmpfunc.cc:528:1:3,/src/mysql-server/sql/item_cmpfunc.cc,528,528,0,0,mysql_target_000402;mysql_target_001113
mysql_aflgo_r1,mysql,1,src/mysql-server/sql/item_cmpfunc.cc:577:0:0,/src/mysql-server/sql/item_cmpfunc.cc,577,577,0,0,mysql_target_000408;mysql_target_001119
mysql_aflgo_r1,mysql,1,src/mysql-server/sql/item_cmpfunc.cc:577:0:1,/src/mysql-server/sql/item_cmpfunc.cc,577,577,0,0,mysql_target_000408;mysql_target_001119
mysql_aflgo_r1,mysql,1,src/mysql-server/sql/item_cmpfunc.cc:580:0:0,/src/mysql-server/sql/item_cmpfunc.cc,580,580,0,0,mysql_target_000408;mysql_target_001119
mysql_aflgo_r1,mysql,1,src/mysql-server/sql/item_cmpfunc.cc:580:0:1,/src/mysql-server/sql/item_cmpfunc.cc,580,580,0,0,mysql_target_000408;mysql_target_001119
mysql_aflgo_r1,mysql,1,src/mysql-server/sql/item_cmpfunc.cc:580:1:2,/src/mysql-server/sql/item_cmpfunc.cc,580,580,0,0,mysql_target_000408;mysql_target_001119
mysql_aflgo_r1,mysql,1,src/mysql-server/sql/item_cmpfunc.cc:580:1:3,/src/mysql-server/sql/item_cmpfunc.cc,580,580,0,0,mysql_target_000408;mysql_target_001119
mysql_aflgo_r1,mysql,1,src/mysql-server/sql/item_cmpfunc.cc:751:0:0,/src/mysql-server/sql/item_cmpfunc.cc,751,751,0,0,mysql_target_000433;mysql_target_001145
mysql_aflgo_r1,mysql,1,src/mysql-server/sql/item_cmpfunc.cc:751:0:1,/src/mysql-server/sql/item_cmpfunc.cc,751,751,1396,1,mysql_target_000433;mysql_target_001145
mysql_aflgo_r1,mysql,1,src/mysql-server/sql/item_cmpfunc.cc:761:0:0,/src/mysql-server/sql/item_cmpfunc.cc,761,761,1396,1,mysql_target_000433;mysql_target_001145
mysql_aflgo_r1,mysql,1,src/mysql-server/sql/item_cmpfunc.cc:761:0:1,/src/mysql-server/sql/item_cmpfunc.cc,761,761,0,0,mysql_target_000433;mysql_target_001145
mysql_aflgo_r1,mysql,1,src/mysql-server/sql/item_cmpfunc.cc:762:0:0,/src/mysql-server/sql/item_cmpfunc.cc,762,762,576,1,mysql_target_000433;mysql_target_001145
mysql_aflgo_r1,mysql,1,src/mysql-server/sql/item_cmpfunc.cc:762:0:1,/src/mysql-server/sql/item_cmpfunc.cc,762,762,820,1,mysql_target_000433;mysql_target_001145
mysql_aflgo_r1,mysql,1,src/mysql-server/sql/item_cmpfunc.cc:763:0:0,/src/mysql-server/sql/item_cmpfunc.cc,763,763,570,1,mysql_target_000433;mysql_target_001145
mysql_aflgo_r1,mysql,1,src/mysql-server/sql/item_cmpfunc.cc:763:0:1,/src/mysql-server/sql/item_cmpfunc.cc,763,763,6,1,mysql_target_000433;mysql_target_001145
mysql_aflgo_r1,mysql,1,src/mysql-server/sql/item_cmpfunc.cc:764:0:0,/src/mysql-server/sql/item_cmpfunc.cc,764,764,0,0,mysql_target_000433;mysql_target_001145
mysql_aflgo_r1,mysql,1,src/mysql-server/sql/item_cmpfunc.cc:764:0:1,/src/mysql-server/sql/item_cmpfunc.cc,764,764,570,1,mysql_target_000433;mysql_target_001145
mysql_aflgo_r1,mysql,1,src/mysql-server/sql/item_cmpfunc.cc:780:0:0,/src/mysql-server/sql/item_cmpfunc.cc,780,780,931,1,mysql_target_000433;mysql_target_001145
mysql_aflgo_r1,mysql,1,src/mysql-server/sql/item_cmpfunc.cc:780:0:1,/src/mysql-server/sql/item_cmpfunc.cc,780,780,465,1,mysql_target_000433;mysql_target_001145
mysql_aflgo_r1,mysql,1,src/mysql-server/sql/item_cmpfunc.cc:780:1:2,/src/mysql-server/sql/item_cmpfunc.cc,780,780,0,0,mysql_target_000433;mysql_target_001145
mysql_aflgo_r1,mysql,1,src/mysql-server/sql/item_cmpfunc.cc:780:1:3,/src/mysql-server/sql/item_cmpfunc.cc,780,780,931,1,mysql_target_000433;mysql_target_001145
mysql_aflgo_r1,mysql,1,src/mysql-server/sql/item_cmpfunc.cc:780:2:4,/src/mysql-server/sql/item_cmpfunc.cc,780,780,0,0,mysql_target_000433;mysql_target_001145
mysql_aflgo_r1,mysql,1,src/mysql-server/sql/item_cmpfunc.cc:780:2:5,/src/mysql-server/sql/item_cmpfunc.cc,780,780,0,0,mysql_target_000433;mysql_target_001145
mysql_aflgo_r1,mysql,1,src/mysql-server/sql/item_cmpfunc.cc:785:0:0,/src/mysql-server/sql/item_cmpfunc.cc,785,785,0,0,mysql_target_000433;mysql_target_001145
mysql_aflgo_r1,mysql,1,src/mysql-server/sql/item_cmpfunc.cc:785:0:1,/src/mysql-server/sql/item_cmpfunc.cc,785,785,1396,1,mysql_target_000433;mysql_target_001145
mysql_aflgo_r1,mysql,1,src/mysql-server/sql/item_cmpfunc.cc:785:1:2,/src/mysql-server/sql/item_cmpfunc.cc,785,785,43,1,mysql_target_000433;mysql_target_001145
mysql_aflgo_r1,mysql,1,src/mysql-server/sql/item_cmpfunc.cc:785:1:3,/src/mysql-server/sql/item_cmpfunc.cc,785,785,1353,1,mysql_target_000433;mysql_target_001145
mysql_aflgo_r1,mysql,1,src/mysql-server/sql/item_cmpfunc.cc:785:2:4,/src/mysql-server/sql/item_cmpfunc.cc,785,785,42,1,mysql_target_000433;mysql_target_001145
mysql_aflgo_r1,mysql,1,src/mysql-server/sql/item_cmpfunc.cc:785:2:5,/src/mysql-server/sql/item_cmpfunc.cc,785,785,1311,1,mysql_target_000433;mysql_target_001145
mysql_aflgo_r1,mysql,1,src/mysql-server/sql/item_cmpfunc.cc:786:0:0,/src/mysql-server/sql/item_cmpfunc.cc,786,786,69,1,mysql_target_000433;mysql_target_001145
mysql_aflgo_r1,mysql,1,src/mysql-server/sql/item_cmpfunc.cc:786:0:1,/src/mysql-server/sql/item_cmpfunc.cc,786,786,1242,1,mysql_target_000433;mysql_target_001145
mysql_aflgo_r1,mysql,1,src/mysql-server/sql/item_cmpfunc.cc:786:1:2,/src/mysql-server/sql/item_cmpfunc.cc,786,786,0,0,mysql_target_000433;mysql_target_001145
mysql_aflgo_r1,mysql,1,src/mysql-server/sql/item_cmpfunc.cc:786:1:3,/src/mysql-server/sql/item_cmpfunc.cc,786,786,1242,1,mysql_target_000433;mysql_target_001145
mysql_aflgo_r1,mysql,1,src/mysql-server/sql/item_cmpfunc.cc:787:0:0,/src/mysql-server/sql/item_cmpfunc.cc,787,787,0,0,mysql_target_000433;mysql_target_001145
mysql_aflgo_r1,mysql,1,src/mysql-server/sql/item_cmpfunc.cc:787:0:1,/src/mysql-server/sql/item_cmpfunc.cc,787,787,154,1,mysql_target_000433;mysql_target_001145
mysql_aflgo_r1,mysql,1,src/mysql-server/sql/item_cmpfunc.cc:787:1:2,/src/mysql-server/sql/item_cmpfunc.cc,787,787,0,0,mysql_target_000433;mysql_target_001145
mysql_aflgo_r1,mysql,1,src/mysql-server/sql/item_cmpfunc.cc:787:1:3,/src/mysql-server/sql/item_cmpfunc.cc,787,787,154,1,mysql_target_000433;mysql_target_001145
mysql_aflgo_r1,mysql,1,src/mysql-server/sql/item_cmpfunc.cc:791:0:0,/src/mysql-server/sql/item_cmpfunc.cc,791,791,197,1,mysql_target_000433;mysql_target_001145
mysql_aflgo_r1,mysql,1,src/mysql-server/sql/item_cmpfunc.cc:791:0:1,/src/mysql-server/sql/item_cmpfunc.cc,791,791,1199,1,mysql_target_000433;mysql_target_001145
mysql_aflgo_r1,mysql,1,src/mysql-server/sql/item_cmpfunc.cc:793:0:0,/src/mysql-server/sql/item_cmpfunc.cc,793,793,0,0,mysql_target_000433;mysql_target_001145
mysql_aflgo_r1,mysql,1,src/mysql-server/sql/item_cmpfunc.cc:793:0:1,/src/mysql-server/sql/item_cmpfunc.cc,793,793,197,1,mysql_target_000433;mysql_target_001145
mysql_aflgo_r1,mysql,1,src/mysql-server/sql/item_cmpfunc.cc:794:0:0,/src/mysql-server/sql/item_cmpfunc.cc,794,794,0,0,mysql_target_000433;mysql_target_001145
mysql_aflgo_r1,mysql,1,src/mysql-server/sql/item_cmpfunc.cc:794:0:1,/src/mysql-server/sql/item_cmpfunc.cc,794,794,197,1,mysql_target_000433;mysql_target_001145
mysql_aflgo_r1,mysql,1,src/mysql-server/sql/item_cmpfunc.cc:796:0:0,/src/mysql-server/sql/item_cmpfunc.cc,796,796,0,0,mysql_target_000433;mysql_target_001145
mysql_aflgo_r1,mysql,1,src/mysql-server/sql/item_cmpfunc.cc:796:0:1,/src/mysql-server/sql/item_cmpfunc.cc,796,796,197,1,mysql_target_000433;mysql_target_001145
mysql_aflgo_r1,mysql,1,src/mysql-server/sql/item_cmpfunc.cc:796:1:2,/src/mysql-server/sql/item_cmpfunc.cc,796,796,0,0,mysql_target_000433;mysql_target_001145
mysql_aflgo_r1,mysql,1,src/mysql-server/sql/item_cmpfunc.cc:796:1:3,/src/mysql-server/sql/item_cmpfunc.cc,796,796,197,1,mysql_target_000433;mysql_target_001145
mysql_aflgo_r1,mysql,1,src/mysql-server/sql/item_cmpfunc.cc:799:0:0,/src/mysql-server/sql/item_cmpfunc.cc,799,799,90,1,mysql_target_000433;mysql_target_001145
mysql_aflgo_r1,mysql,1,src/mysql-server/sql/item_cmpfunc.cc:799:0:1,/src/mysql-server/sql/item_cmpfunc.cc,799,799,1306,1,mysql_target_000433;mysql_target_001145
mysql_aflgo_r1,mysql,1,src/mysql-server/sql/item_cmpfunc.cc:800:0:0,/src/mysql-server/sql/item_cmpfunc.cc,800,800,0,0,mysql_target_000433;mysql_target_001145
mysql_aflgo_r1,mysql,1,src/mysql-server/sql/item_cmpfunc.cc:800:0:1,/src/mysql-server/sql/item_cmpfunc.cc,800,800,90,1,mysql_target_000433;mysql_target_001145
mysql_aflgo_r1,mysql,1,src/mysql-server/sql/item_cmpfunc.cc:801:0:0,/src/mysql-server/sql/item_cmpfunc.cc,801,801,0,0,mysql_target_000433;mysql_target_001145
mysql_aflgo_r1,mysql,1,src/mysql-server/sql/item_cmpfunc.cc:801:0:1,/src/mysql-server/sql/item_cmpfunc.cc,801,801,0,0,mysql_target_000433;mysql_target_001145
mysql_aflgo_r1,mysql,1,src/mysql-server/sql/item_cmpfunc.cc:807:0:0,/src/mysql-server/sql/item_cmpfunc.cc,807,807,1396,1,mysql_target_000433;mysql_target_001145
mysql_aflgo_r1,mysql,1,src/mysql-server/sql/item_cmpfunc.cc:807:0:1,/src/mysql-server/sql/item_cmpfunc.cc,807,807,0,0,mysql_target_000433;mysql_target_001145
mysql_aflgo_r1,mysql,1,src/mysql-server/sql/item_cmpfunc.cc:815:0:0,/src/mysql-server/sql/item_cmpfunc.cc,815,815,0,0,mysql_target_000442;mysql_target_001156
mysql_aflgo_r1,mysql,1,src/mysql-server/sql/item_cmpfunc.cc:815:0:1,/src/mysql-server/sql/item_cmpfunc.cc,815,815,73,1,mysql_target_000442;mysql_target_001156
mysql_aflgo_r1,mysql,1,src/mysql-server/sql/item_cmpfunc.cc:818:0:0,/src/mysql-server/sql/item_cmpfunc.cc,818,818,146,1,mysql_target_000442;mysql_target_001156
mysql_aflgo_r1,mysql,1,src/mysql-server/sql/item_cmpfunc.cc:818:0:1,/src/mysql-server/sql/item_cmpfunc.cc,818,818,73,1,mysql_target_000442;mysql_target_001156
mysql_aflgo_r1,mysql,1,src/mysql-server/sql/item_cmpfunc.cc:819:0:0,/src/mysql-server/sql/item_cmpfunc.cc,819,819,22,1,mysql_target_000442;mysql_target_001156
mysql_aflgo_r1,mysql,1,src/mysql-server/sql/item_cmpfunc.cc:819:0:1,/src/mysql-server/sql/item_cmpfunc.cc,819,819,124,1,mysql_target_000442;mysql_target_001156
mysql_aflgo_r1,mysql,1,src/mysql-server/sql/item_cmpfunc.cc:819:1:2,/src/mysql-server/sql/item_cmpfunc.cc,819,819,0,0,mysql_target_000442;mysql_target_001156
mysql_aflgo_r1,mysql,1,src/mysql-server/sql/item_cmpfunc.cc:819:1:3,/src/mysql-server/sql/item_cmpfunc.cc,819,819,146,1,mysql_target_000442;mysql_target_001156
mysql_aflgo_r1,mysql,1,src/mysql-server/sql/item_cmpfunc.cc:820:0:0,/src/mysql-server/sql/item_cmpfunc.cc,820,820,0,0,mysql_target_000442;mysql_target_001156
mysql_aflgo_r1,mysql,1,src/mysql-server/sql/item_cmpfunc.cc:820:0:1,/src/mysql-server/sql/item_cmpfunc.cc,820,820,22,1,mysql_target_000442;mysql_target_001156
mysql_aflgo_r1,mysql,1,src/mysql-server/sql/item_cmpfunc.cc:827:0:0,/src/mysql-server/sql/item_cmpfunc.cc,827,827,0,0,mysql_target_000442;mysql_target_001156
mysql_aflgo_r1,mysql,1,src/mysql-server/sql/item_cmpfunc.cc:827:0:1,/src/mysql-server/sql/item_cmpfunc.cc,827,827,73,1,mysql_target_000442;mysql_target_001156
mysql_aflgo_r1,mysql,1,src/mysql-server/sql/item_cmpfunc.cc:828:0:0,/src/mysql-server/sql/item_cmpfunc.cc,828,828,0,0,mysql_target_000442;mysql_target_001156
mysql_aflgo_r1,mysql,1,src/mysql-server/sql/item_cmpfunc.cc:828:0:1,/src/mysql-server/sql/item_cmpfunc.cc,828,828,73,1,mysql_target_000442;mysql_target_001156
mysql_aflgo_r1,mysql,1,src/mysql-server/sql/item_cmpfunc.cc:834:0:0,/src/mysql-server/sql/item_cmpfunc.cc,834,834,0,0,mysql_target_000442;mysql_target_001156
mysql_aflgo_r1,mysql,1,src/mysql-server/sql/item_cmpfunc.cc:834:0:1,/src/mysql-server/sql/item_cmpfunc.cc,834,834,73,1,mysql_target_000442;mysql_target_001156
mysql_aflgo_r1,mysql,1,src/mysql-server/sql/item_cmpfunc.cc:838:0:0,/src/mysql-server/sql/item_cmpfunc.cc,838,838,0,0,mysql_target_000442;mysql_target_001156
mysql_aflgo_r1,mysql,1,src/mysql-server/sql/item_cmpfunc.cc:838:0:1,/src/mysql-server/sql/item_cmpfunc.cc,838,838,0,0,mysql_target_000442;mysql_target_001156
mysql_aflgo_r1,mysql,1,src/mysql-server/sql/item_cmpfunc.cc:850:0:0,/src/mysql-server/sql/item_cmpfunc.cc,850,850,73,1,mysql_target_000442;mysql_target_001156
mysql_aflgo_r1,mysql,1,src/mysql-server/sql/item_cmpfunc.cc:850:0:1,/src/mysql-server/sql/item_cmpfunc.cc,850,850,0,0,mysql_target_000442;mysql_target_001156
mysql_aflgo_r1,mysql,1,src/mysql-server/sql/item_cmpfunc.cc:850:1:2,/src/mysql-server/sql/item_cmpfunc.cc,850,850,0,0,mysql_target_000442;mysql_target_001156
mysql_aflgo_r1,mysql,1,src/mysql-server/sql/item_cmpfunc.cc:850:1:3,/src/mysql-server/sql/item_cmpfunc.cc,850,850,0,0,mysql_target_000442;mysql_target_001156
mysql_aflgo_r1,mysql,1,src/mysql-server/sql/item_cmpfunc.cc:852:0:0,/src/mysql-server/sql/item_cmpfunc.cc,852,852,42,1,mysql_target_000442;mysql_target_001156
mysql_aflgo_r1,mysql,1,src/mysql-server/sql/item_cmpfunc.cc:852:0:1,/src/mysql-server/sql/item_cmpfunc.cc,852,852,31,1,mysql_target_000442;mysql_target_001156
mysql_aflgo_r1,mysql,1,src/mysql-server/sql/item_cmpfunc.cc:853:0:0,/src/mysql-server/sql/item_cmpfunc.cc,853,853,0,0,mysql_target_000442;mysql_target_001156
mysql_aflgo_r1,mysql,1,src/mysql-server/sql/item_cmpfunc.cc:853:0:1,/src/mysql-server/sql/item_cmpfunc.cc,853,853,42,1,mysql_target_000442;mysql_target_001156
mysql_aflgo_r1,mysql,1,src/mysql-server/sql/item_cmpfunc.cc:854:0:0,/src/mysql-server/sql/item_cmpfunc.cc,854,854,0,0,mysql_target_000442;mysql_target_001156
mysql_aflgo_r1,mysql,1,src/mysql-server/sql/item_cmpfunc.cc:854:0:1,/src/mysql-server/sql/item_cmpfunc.cc,854,854,42,1,mysql_target_000442;mysql_target_001156
mysql_aflgo_r1,mysql,1,src/mysql-server/sql/item_cmpfunc.cc:2431:0:0,/src/mysql-server/sql/item_cmpfunc.cc,2431,2431,0,0,mysql_target_000354;mysql_target_001065
mysql_aflgo_r1,mysql,1,src/mysql-server/sql/item_cmpfunc.cc:2431:0:1,/src/mysql-server/sql/item_cmpfunc.cc,2431,2431,20,1,mysql_target_000354;mysql_target_001065
mysql_aflgo_r1,mysql,1,src/mysql-server/sql/item_cmpfunc.cc:2442:0:0,/src/mysql-server/sql/item_cmpfunc.cc,2442,2442,20,1,mysql_target_000354;mysql_target_001065
mysql_aflgo_r1,mysql,1,src/mysql-server/sql/item_cmpfunc.cc:2442:0:1,/src/mysql-server/sql/item_cmpfunc.cc,2442,2442,0,0,mysql_target_000354;mysql_target_001065
mysql_aflgo_r1,mysql,1,src/mysql-server/sql/item_cmpfunc.cc:2447:0:0,/src/mysql-server/sql/item_cmpfunc.cc,2447,2447,0,0,mysql_target_000354;mysql_target_001065
mysql_aflgo_r1,mysql,1,src/mysql-server/sql/item_cmpfunc.cc:2447:0:1,/src/mysql-server/sql/item_cmpfunc.cc,2447,2447,0,0,mysql_target_000354;mysql_target_001065
mysql_aflgo_r1,mysql,1,src/mysql-server/sql/item_cmpfunc.cc:2456:0:0,/src/mysql-server/sql/item_cmpfunc.cc,2456,2456,0,0,mysql_target_000354;mysql_target_001065
mysql_aflgo_r1,mysql,1,src/mysql-server/sql/item_cmpfunc.cc:2456:0:1,/src/mysql-server/sql/item_cmpfunc.cc,2456,2456,20,1,mysql_target_000354;mysql_target_001065
mysql_aflgo_r1,mysql,1,src/mysql-server/sql/item_cmpfunc.cc:2618:0:0,/src/mysql-server/sql/item_cmpfunc.cc,2618,2618,0,0,mysql_target_000356;mysql_target_001067
mysql_aflgo_r1,mysql,1,src/mysql-server/sql/item_cmpfunc.cc:2618:0:1,/src/mysql-server/sql/item_cmpfunc.cc,2618,2618,60,1,mysql_target_000356;mysql_target_001067
mysql_aflgo_r1,mysql,1,src/mysql-server/sql/item_cmpfunc.cc:2624:0:0,/src/mysql-server/sql/item_cmpfunc.cc,2624,2624,0,0,mysql_target_000356;mysql_target_001067
mysql_aflgo_r1,mysql,1,src/mysql-server/sql/item_cmpfunc.cc:2624:0:1,/src/mysql-server/sql/item_cmpfunc.cc,2624,2624,0,0,mysql_target_000356;mysql_target_001067
mysql_aflgo_r1,mysql,1,src/mysql-server/sql/item_cmpfunc.cc:2652:0:0,/src/mysql-server/sql/item_cmpfunc.cc,2652,2652,0,0,mysql_target_000356;mysql_target_001067
mysql_aflgo_r1,mysql,1,src/mysql-server/sql/item_cmpfunc.cc:2652:0:1,/src/mysql-server/sql/item_cmpfunc.cc,2652,2652,0,0,mysql_target_000356;mysql_target_001067
mysql_aflgo_r1,mysql,1,src/mysql-server/sql/item_cmpfunc.cc:2653:0:0,/src/mysql-server/sql/item_cmpfunc.cc,2653,2653,0,0,mysql_target_000356;mysql_target_001067
mysql_aflgo_r1,mysql,1,src/mysql-server/sql/item_cmpfunc.cc:2653:0:1,/src/mysql-server/sql/item_cmpfunc.cc,2653,2653,0,0,mysql_target_000356;mysql_target_001067
mysql_aflgo_r1,mysql,1,src/mysql-server/sql/item_cmpfunc.cc:2659:0:0,/src/mysql-server/sql/item_cmpfunc.cc,2659,2659,0,0,mysql_target_000356;mysql_target_001067
mysql_aflgo_r1,mysql,1,src/mysql-server/sql/item_cmpfunc.cc:2659:0:1,/src/mysql-server/sql/item_cmpfunc.cc,2659,2659,0,0,mysql_target_000356;mysql_target_001067
mysql_aflgo_r1,mysql,1,src/mysql-server/sql/item_cmpfunc.cc:2659:1:2,/src/mysql-server/sql/item_cmpfunc.cc,2659,2659,0,0,mysql_target_000356;mysql_target_001067
mysql_aflgo_r1,mysql,1,src/mysql-server/sql/item_cmpfunc.cc:2659:1:3,/src/mysql-server/sql/item_cmpfunc.cc,2659,2659,0,0,mysql_target_000356;mysql_target_001067
mysql_aflgo_r1,mysql,1,src/mysql-server/sql/item_cmpfunc.cc:2660:0:0,/src/mysql-server/sql/item_cmpfunc.cc,2660,2660,0,0,mysql_target_000356;mysql_target_001067
mysql_aflgo_r1,mysql,1,src/mysql-server/sql/item_cmpfunc.cc:2660:0:1,/src/mysql-server/sql/item_cmpfunc.cc,2660,2660,0,0,mysql_target_000356;mysql_target_001067
mysql_aflgo_r1,mysql,1,src/mysql-server/sql/item_cmpfunc.cc:2672:0:0,/src/mysql-server/sql/item_cmpfunc.cc,2672,2672,0,0,mysql_target_000357;mysql_target_001068
mysql_aflgo_r1,mysql,1,src/mysql-server/sql/item_cmpfunc.cc:2672:0:1,/src/mysql-server/sql/item_cmpfunc.cc,2672,2672,0,0,mysql_target_000357;mysql_target_001068
mysql_aflgo_r1,mysql,1,src/mysql-server/sql/item_cmpfunc.cc:2681:0:0,/src/mysql-server/sql/item_cmpfunc.cc,2681,2681,0,0,mysql_target_000358;mysql_target_001069
mysql_aflgo_r1,mysql,1,src/mysql-server/sql/item_cmpfunc.cc:2681:0:1,/src/mysql-server/sql/item_cmpfunc.cc,2681,2681,0,0,mysql_target_000358;mysql_target_001069
mysql_aflgo_r1,mysql,1,src/mysql-server/sql/item_cmpfunc.cc:3037:0:0,/src/mysql-server/sql/item_cmpfunc.cc,3037,3037,0,0,mysql_target_000360;mysql_target_001071
mysql_aflgo_r1,mysql,1,src/mysql-server/sql/item_cmpfunc.cc:3037:0:1,/src/mysql-server/sql/item_cmpfunc.cc,3037,3037,0,0,mysql_target_000360;mysql_target_001071
mysql_aflgo_r1,mysql,1,src/mysql-server/sql/item_cmpfunc.cc:3043:0:0,/src/mysql-server/sql/item_cmpfunc.cc,3043,3043,90,1,mysql_target_000360;mysql_target_001071
mysql_aflgo_r1,mysql,1,src/mysql-server/sql/item_cmpfunc.cc:3043:0:1,/src/mysql-server/sql/item_cmpfunc.cc,3043,3043,0,0,mysql_target_000360;mysql_target_001071
mysql_aflgo_r1,mysql,1,src/mysql-server/sql/item_cmpfunc.cc:3043:1:2,/src/mysql-server/sql/item_cmpfunc.cc,3043,3043,90,1,mysql_target_000360;mysql_target_001071
mysql_aflgo_r1,mysql,1,src/mysql-server/sql/item_cmpfunc.cc:3043:1:3,/src/mysql-server/sql/item_cmpfunc.cc,3043,3043,0,0,mysql_target_000360;mysql_target_001071
mysql_aflgo_r1,mysql,1,src/mysql-server/sql/item_cmpfunc.cc:3048:0:0,/src/mysql-server/sql/item_cmpfunc.cc,3048,3048,0,0,mysql_target_000360;mysql_target_001071
mysql_aflgo_r1,mysql,1,src/mysql-server/sql/item_cmpfunc.cc:3048:0:1,/src/mysql-server/sql/item_cmpfunc.cc,3048,3048,0,0,mysql_target_000360;mysql_target_001071
mysql_aflgo_r1,mysql,1,src/mysql-server/sql/item_cmpfunc.cc:3063:0:0,/src/mysql-server/sql/item_cmpfunc.cc,3063,3063,0,0,mysql_target_000362;mysql_target_001073
mysql_aflgo_r1,mysql,1,src/mysql-server/sql/item_cmpfunc.cc:3063:0:1,/src/mysql-server/sql/item_cmpfunc.cc,3063,3063,0,0,mysql_target_000362;mysql_target_001073
mysql_aflgo_r1,mysql,1,src/mysql-server/sql/item_cmpfunc.cc:3063:1:2,/src/mysql-server/sql/item_cmpfunc.cc,3063,3063,0,0,mysql_target_000362;mysql_target_001073
mysql_aflgo_r1,mysql,1,src/mysql-server/sql/item_cmpfunc.cc:3063:1:3,/src/mysql-server/sql/item_cmpfunc.cc,3063,3063,0,0,mysql_target_000362;mysql_target_001073
mysql_aflgo_r1,mysql,1,src/mysql-server/sql/item_cmpfunc.cc:3084:0:0,/src/mysql-server/sql/item_cmpfunc.cc,3084,3084,0,0,mysql_target_000363;mysql_target_001074
mysql_aflgo_r1,mysql,1,src/mysql-server/sql/item_cmpfunc.cc:3084:0:1,/src/mysql-server/sql/item_cmpfunc.cc,3084,3084,0,0,mysql_target_000363;mysql_target_001074
mysql_aflgo_r1,mysql,1,src/mysql-server/sql/item_cmpfunc.cc:3084:1:2,/src/mysql-server/sql/item_cmpfunc.cc,3084,3084,0,0,mysql_target_000363;mysql_target_001074
mysql_aflgo_r1,mysql,1,src/mysql-server/sql/item_cmpfunc.cc:3084:1:3,/src/mysql-server/sql/item_cmpfunc.cc,3084,3084,0,0,mysql_target_000363;mysql_target_001074
mysql_aflgo_r1,mysql,1,src/mysql-server/sql/item_cmpfunc.cc:3088:0:0,/src/mysql-server/sql/item_cmpfunc.cc,3088,3088,0,0,mysql_target_000363;mysql_target_001074
mysql_aflgo_r1,mysql,1,src/mysql-server/sql/item_cmpfunc.cc:3088:0:1,/src/mysql-server/sql/item_cmpfunc.cc,3088,3088,0,0,mysql_target_000363;mysql_target_001074
mysql_aflgo_r1,mysql,1,src/mysql-server/sql/item_cmpfunc.cc:3094:0:0,/src/mysql-server/sql/item_cmpfunc.cc,3094,3094,0,0,mysql_target_000363;mysql_target_001074
mysql_aflgo_r1,mysql,1,src/mysql-server/sql/item_cmpfunc.cc:3094:0:1,/src/mysql-server/sql/item_cmpfunc.cc,3094,3094,0,0,mysql_target_000363;mysql_target_001074
mysql_aflgo_r1,mysql,1,src/mysql-server/sql/item_cmpfunc.cc:3095:0:0,/src/mysql-server/sql/item_cmpfunc.cc,3095,3095,0,0,mysql_target_000363;mysql_target_001074
mysql_aflgo_r1,mysql,1,src/mysql-server/sql/item_cmpfunc.cc:3095:0:1,/src/mysql-server/sql/item_cmpfunc.cc,3095,3095,0,0,mysql_target_000363;mysql_target_001074
mysql_aflgo_r1,mysql,1,src/mysql-server/sql/item_cmpfunc.cc:3096:0:0,/src/mysql-server/sql/item_cmpfunc.cc,3096,3096,0,0,mysql_target_000363;mysql_target_001074
mysql_aflgo_r1,mysql,1,src/mysql-server/sql/item_cmpfunc.cc:3096:0:1,/src/mysql-server/sql/item_cmpfunc.cc,3096,3096,0,0,mysql_target_000363;mysql_target_001074
mysql_aflgo_r1,mysql,1,src/mysql-server/sql/item_cmpfunc.cc:3106:0:0,/src/mysql-server/sql/item_cmpfunc.cc,3106,3106,0,0,mysql_target_000363;mysql_target_001074
mysql_aflgo_r1,mysql,1,src/mysql-server/sql/item_cmpfunc.cc:3106:0:1,/src/mysql-server/sql/item_cmpfunc.cc,3106,3106,0,0,mysql_target_000363;mysql_target_001074
mysql_aflgo_r1,mysql,1,src/mysql-server/sql/item_cmpfunc.cc:3108:0:0,/src/mysql-server/sql/item_cmpfunc.cc,3108,3108,0,0,mysql_target_000363;mysql_target_001074
mysql_aflgo_r1,mysql,1,src/mysql-server/sql/item_cmpfunc.cc:3108:0:1,/src/mysql-server/sql/item_cmpfunc.cc,3108,3108,0,0,mysql_target_000363;mysql_target_001074
mysql_aflgo_r1,mysql,1,src/mysql-server/sql/item_cmpfunc.cc:3118:0:0,/src/mysql-server/sql/item_cmpfunc.cc,3118,3118,0,0,mysql_target_000363;mysql_target_001074
mysql_aflgo_r1,mysql,1,src/mysql-server/sql/item_cmpfunc.cc:3118:0:1,/src/mysql-server/sql/item_cmpfunc.cc,3118,3118,0,0,mysql_target_000363;mysql_target_001074
mysql_aflgo_r1,mysql,1,src/mysql-server/sql/item_cmpfunc.cc:3119:0:0,/src/mysql-server/sql/item_cmpfunc.cc,3119,3119,0,0,mysql_target_000363;mysql_target_001074
mysql_aflgo_r1,mysql,1,src/mysql-server/sql/item_cmpfunc.cc:3119:0:1,/src/mysql-server/sql/item_cmpfunc.cc,3119,3119,0,0,mysql_target_000363;mysql_target_001074
mysql_aflgo_r1,mysql,1,src/mysql-server/sql/item_cmpfunc.cc:3120:0:0,/src/mysql-server/sql/item_cmpfunc.cc,3120,3120,0,0,mysql_target_000363;mysql_target_001074
mysql_aflgo_r1,mysql,1,src/mysql-server/sql/item_cmpfunc.cc:3120:0:1,/src/mysql-server/sql/item_cmpfunc.cc,3120,3120,0,0,mysql_target_000363;mysql_target_001074
mysql_aflgo_r1,mysql,1,src/mysql-server/sql/item_cmpfunc.cc:3125:0:0,/src/mysql-server/sql/item_cmpfunc.cc,3125,3125,0,0,mysql_target_000363;mysql_target_001074
mysql_aflgo_r1,mysql,1,src/mysql-server/sql/item_cmpfunc.cc:3125:0:1,/src/mysql-server/sql/item_cmpfunc.cc,3125,3125,0,0,mysql_target_000363;mysql_target_001074
mysql_aflgo_r1,mysql,1,src/mysql-server/sql/item_cmpfunc.cc:3126:0:0,/src/mysql-server/sql/item_cmpfunc.cc,3126,3126,0,0,mysql_target_000363;mysql_target_001074
mysql_aflgo_r1,mysql,1,src/mysql-server/sql/item_cmpfunc.cc:3126:0:1,/src/mysql-server/sql/item_cmpfunc.cc,3126,3126,0,0,mysql_target_000363;mysql_target_001074
mysql_aflgo_r1,mysql,1,src/mysql-server/sql/item_cmpfunc.cc:3127:0:0,/src/mysql-server/sql/item_cmpfunc.cc,3127,3127,0,0,mysql_target_000363;mysql_target_001074
mysql_aflgo_r1,mysql,1,src/mysql-server/sql/item_cmpfunc.cc:3127:0:1,/src/mysql-server/sql/item_cmpfunc.cc,3127,3127,0,0,mysql_target_000363;mysql_target_001074
mysql_aflgo_r1,mysql,1,src/mysql-server/sql/item_cmpfunc.cc:3130:0:0,/src/mysql-server/sql/item_cmpfunc.cc,3130,3130,0,0,mysql_target_000363;mysql_target_001074
mysql_aflgo_r1,mysql,1,src/mysql-server/sql/item_cmpfunc.cc:3130:0:1,/src/mysql-server/sql/item_cmpfunc.cc,3130,3130,0,0,mysql_target_000363;mysql_target_001074
mysql_aflgo_r1,mysql,1,src/mysql-server/sql/item_cmpfunc.cc:3130:1:2,/src/mysql-server/sql/item_cmpfunc.cc,3130,3130,0,0,mysql_target_000363;mysql_target_001074
mysql_aflgo_r1,mysql,1,src/mysql-server/sql/item_cmpfunc.cc:3130:1:3,/src/mysql-server/sql/item_cmpfunc.cc,3130,3130,0,0,mysql_target_000363;mysql_target_001074
mysql_aflgo_r1,mysql,1,src/mysql-server/sql/item_cmpfunc.cc:3132:0:0,/src/mysql-server/sql/item_cmpfunc.cc,3132,3132,0,0,mysql_target_000363;mysql_target_001074
mysql_aflgo_r1,mysql,1,src/mysql-server/sql/item_cmpfunc.cc:3132:0:1,/src/mysql-server/sql/item_cmpfunc.cc,3132,3132,0,0,mysql_target_000363;mysql_target_001074
mysql_aflgo_r1,mysql,1,src/mysql-server/sql/item_cmpfunc.cc:3132:1:2,/src/mysql-server/sql/item_cmpfunc.cc,3132,3132,0,0,mysql_target_000363;mysql_target_001074
mysql_aflgo_r1,mysql,1,src/mysql-server/sql/item_cmpfunc.cc:3132:1:3,/src/mysql-server/sql/item_cmpfunc.cc,3132,3132,0,0,mysql_target_000363;mysql_target_001074
mysql_aflgo_r1,mysql,1,src/mysql-server/sql/item_cmpfunc.cc:3135:0:0,/src/mysql-server/sql/item_cmpfunc.cc,3135,3135,0,0,mysql_target_000363;mysql_target_001074
mysql_aflgo_r1,mysql,1,src/mysql-server/sql/item_cmpfunc.cc:3135:0:1,/src/mysql-server/sql/item_cmpfunc.cc,3135,3135,0,0,mysql_target_000363;mysql_target_001074
mysql_aflgo_r1,mysql,1,src/mysql-server/sql/item_cmpfunc.cc:3138:0:0,/src/mysql-server/sql/item_cmpfunc.cc,3138,3138,0,0,mysql_target_000363;mysql_target_001074
mysql_aflgo_r1,mysql,1,src/mysql-server/sql/item_cmpfunc.cc:3138:0:1,/src/mysql-server/sql/item_cmpfunc.cc,3138,3138,0,0,mysql_target_000363;mysql_target_001074
mysql_aflgo_r1,mysql,1,src/mysql-server/sql/item_cmpfunc.cc:3140:0:0,/src/mysql-server/sql/item_cmpfunc.cc,3140,3140,0,0,mysql_target_000364;mysql_target_001075
mysql_aflgo_r1,mysql,1,src/mysql-server/sql/item_cmpfunc.cc:3140:0:1,/src/mysql-server/sql/item_cmpfunc.cc,3140,3140,0,0,mysql_target_000364;mysql_target_001075
mysql_aflgo_r1,mysql,1,src/mysql-server/sql/item_cmpfunc.cc:3143:0:0,/src/mysql-server/sql/item_cmpfunc.cc,3143,3143,0,0,mysql_target_000364;mysql_target_001075
mysql_aflgo_r1,mysql,1,src/mysql-server/sql/item_cmpfunc.cc:3143:0:1,/src/mysql-server/sql/item_cmpfunc.cc,3143,3143,0,0,mysql_target_000364;mysql_target_001075
mysql_aflgo_r1,mysql,1,src/mysql-server/sql/item_cmpfunc.cc:3217:0:0,/src/mysql-server/sql/item_cmpfunc.cc,3217,3217,0,0,mysql_target_000365;mysql_target_001076
mysql_aflgo_r1,mysql,1,src/mysql-server/sql/item_cmpfunc.cc:3217:0:1,/src/mysql-server/sql/item_cmpfunc.cc,3217,3217,0,0,mysql_target_000365;mysql_target_001076
mysql_aflgo_r1,mysql,1,src/mysql-server/sql/item_cmpfunc.cc:3219:0:0,/src/mysql-server/sql/item_cmpfunc.cc,3219,3219,0,0,mysql_target_000365;mysql_target_001076
mysql_aflgo_r1,mysql,1,src/mysql-server/sql/item_cmpfunc.cc:3219:0:1,/src/mysql-server/sql/item_cmpfunc.cc,3219,3219,0,0,mysql_target_000365;mysql_target_001076
mysql_aflgo_r1,mysql,1,src/mysql-server/sql/item_cmpfunc.cc:3223:0:0,/src/mysql-server/sql/item_cmpfunc.cc,3223,3223,0,0,mysql_target_000365;mysql_target_001076
mysql_aflgo_r1,mysql,1,src/mysql-server/sql/item_cmpfunc.cc:3223:0:1,/src/mysql-server/sql/item_cmpfunc.cc,3223,3223,0,0,mysql_target_000365;mysql_target_001076
mysql_aflgo_r1,mysql,1,src/mysql-server/sql/item_cmpfunc.cc:3226:0:0,/src/mysql-server/sql/item_cmpfunc.cc,3226,3226,0,0,mysql_target_000365;mysql_target_001076
mysql_aflgo_r1,mysql,1,src/mysql-server/sql/item_cmpfunc.cc:3226:0:1,/src/mysql-server/sql/item_cmpfunc.cc,3226,3226,0,0,mysql_target_000365;mysql_target_001076
mysql_aflgo_r1,mysql,1,src/mysql-server/sql/item_cmpfunc.cc:3230:0:0,/src/mysql-server/sql/item_cmpfunc.cc,3230,3230,0,0,mysql_target_000365;mysql_target_001076
mysql_aflgo_r1,mysql,1,src/mysql-server/sql/item_cmpfunc.cc:3230:0:1,/src/mysql-server/sql/item_cmpfunc.cc,3230,3230,0,0,mysql_target_000365;mysql_target_001076
mysql_aflgo_r1,mysql,1,src/mysql-server/sql/item_cmpfunc.cc:3239:0:0,/src/mysql-server/sql/item_cmpfunc.cc,3239,3239,0,0,mysql_target_000365;mysql_target_001076
mysql_aflgo_r1,mysql,1,src/mysql-server/sql/item_cmpfunc.cc:3239:0:1,/src/mysql-server/sql/item_cmpfunc.cc,3239,3239,0,0,mysql_target_000365;mysql_target_001076
mysql_aflgo_r1,mysql,1,src/mysql-server/sql/item_cmpfunc.cc:3239:1:2,/src/mysql-server/sql/item_cmpfunc.cc,3239,3239,0,0,mysql_target_000365;mysql_target_001076
mysql_aflgo_r1,mysql,1,src/mysql-server/sql/item_cmpfunc.cc:3239:1:3,/src/mysql-server/sql/item_cmpfunc.cc,3239,3239,0,0,mysql_target_000365;mysql_target_001076
mysql_aflgo_r1,mysql,1,src/mysql-server/sql/item_cmpfunc.cc:3311:0:0,/src/mysql-server/sql/item_cmpfunc.cc,3311,3311,0,0,mysql_target_000367;mysql_target_001078
mysql_aflgo_r1,mysql,1,src/mysql-server/sql/item_cmpfunc.cc:3311:0:1,/src/mysql-server/sql/item_cmpfunc.cc,3311,3311,53,1,mysql_target_000367;mysql_target_001078
mysql_aflgo_r1,mysql,1,src/mysql-server/sql/item_cmpfunc.cc:3311:1:2,/src/mysql-server/sql/item_cmpfunc.cc,3311,3311,42,1,mysql_target_000367;mysql_target_001078
mysql_aflgo_r1,mysql,1,src/mysql-server/sql/item_cmpfunc.cc:3311:1:3,/src/mysql-server/sql/item_cmpfunc.cc,3311,3311,11,1,mysql_target_000367;mysql_target_001078
mysql_aflgo_r1,mysql,1,src/mysql-server/sql/item_cmpfunc.cc:3311:2:4,/src/mysql-server/sql/item_cmpfunc.cc,3311,3311,0,0,mysql_target_000367;mysql_target_001078
mysql_aflgo_r1,mysql,1,src/mysql-server/sql/item_cmpfunc.cc:3311:2:5,/src/mysql-server/sql/item_cmpfunc.cc,3311,3311,11,1,mysql_target_000367;mysql_target_001078
mysql_aflgo_r1,mysql,1,src/mysql-server/sql/item_cmpfunc.cc:3315:0:0,/src/mysql-server/sql/item_cmpfunc.cc,3315,3315,0,0,mysql_target_000367;mysql_target_001078
mysql_aflgo_r1,mysql,1,src/mysql-server/sql/item_cmpfunc.cc:3315:0:1,/src/mysql-server/sql/item_cmpfunc.cc,3315,3315,11,1,mysql_target_000367;mysql_target_001078
mysql_aflgo_r1,mysql,1,src/mysql-server/sql/item_cmpfunc.cc:3316:0:0,/src/mysql-server/sql/item_cmpfunc.cc,3316,3316,0,0,mysql_target_000367;mysql_target_001078
mysql_aflgo_r1,mysql,1,src/mysql-server/sql/item_cmpfunc.cc:3316:0:1,/src/mysql-server/sql/item_cmpfunc.cc,3316,3316,0,0,mysql_target_000367;mysql_target_001078
mysql_aflgo_r1,mysql,1,src/mysql-server/sql/item_cmpfunc.cc:3318:0:0,/src/mysql-server/sql/item_cmpfunc.cc,3318,3318,0,0,mysql_target_000367;mysql_target_001078
mysql_aflgo_r1,mysql,1,src/mysql-server/sql/item_cmpfunc.cc:3318:0:1,/src/mysql-server/sql/item_cmpfunc.cc,3318,3318,0,0,mysql_target_000367;mysql_target_001078
mysql_aflgo_r1,mysql,1,src/mysql-server/sql/item_cmpfunc.cc:3320:0:0,/src/mysql-server/sql/item_cmpfunc.cc,3320,3320,0,0,mysql_target_000367;mysql_target_001078
mysql_aflgo_r1,mysql,1,src/mysql-server/sql/item_cmpfunc.cc:3320:0:1,/src/mysql-server/sql/item_cmpfunc.cc,3320,3320,0,0,mysql_target_000367;mysql_target_001078
mysql_aflgo_r1,mysql,1,src/mysql-server/sql/item_cmpfunc.cc:3322:0:0,/src/mysql-server/sql/item_cmpfunc.cc,3322,3322,0,0,mysql_target_000367;mysql_target_001078
mysql_aflgo_r1,mysql,1,src/mysql-server/sql/item_cmpfunc.cc:3322:0:1,/src/mysql-server/sql/item_cmpfunc.cc,3322,3322,0,0,mysql_target_000367;mysql_target_001078
mysql_aflgo_r1,mysql,1,src/mysql-server/sql/item_cmpfunc.cc:3324:0:0,/src/mysql-server/sql/item_cmpfunc.cc,3324,3324,0,0,mysql_target_000367;mysql_target_001078
mysql_aflgo_r1,mysql,1,src/mysql-server/sql/item_cmpfunc.cc:3324:0:1,/src/mysql-server/sql/item_cmpfunc.cc,3324,3324,0,0,mysql_target_000367;mysql_target_001078
mysql_aflgo_r1,mysql,1,src/mysql-server/sql/item_cmpfunc.cc:3327:0:0,/src/mysql-server/sql/item_cmpfunc.cc,3327,3327,11,1,mysql_target_000367;mysql_target_001078
mysql_aflgo_r1,mysql,1,src/mysql-server/sql/item_cmpfunc.cc:3327:0:1,/src/mysql-server/sql/item_cmpfunc.cc,3327,3327,0,0,mysql_target_000367;mysql_target_001078
mysql_aflgo_r1,mysql,1,src/mysql-server/sql/item_cmpfunc.cc:3330:0:0,/src/mysql-server/sql/item_cmpfunc.cc,3330,3330,0,0,mysql_target_000367;mysql_target_001078
mysql_aflgo_r1,mysql,1,src/mysql-server/sql/item_cmpfunc.cc:3330:0:1,/src/mysql-server/sql/item_cmpfunc.cc,3330,3330,0,0,mysql_target_000367;mysql_target_001078
mysql_aflgo_r1,mysql,1,src/mysql-server/sql/item_cmpfunc.cc:3332:0:0,/src/mysql-server/sql/item_cmpfunc.cc,3332,3332,0,0,mysql_target_000367;mysql_target_001078
mysql_aflgo_r1,mysql,1,src/mysql-server/sql/item_cmpfunc.cc:3332:0:1,/src/mysql-server/sql/item_cmpfunc.cc,3332,3332,0,0,mysql_target_000367;mysql_target_001078
mysql_aflgo_r1,mysql,1,src/mysql-server/sql/item_cmpfunc.cc:3357:0:0,/src/mysql-server/sql/item_cmpfunc.cc,3357,3357,0,0,mysql_target_000367;mysql_target_001078
mysql_aflgo_r1,mysql,1,src/mysql-server/sql/item_cmpfunc.cc:3357:0:1,/src/mysql-server/sql/item_cmpfunc.cc,3357,3357,53,1,mysql_target_000367;mysql_target_001078
mysql_aflgo_r1,mysql,1,src/mysql-server/sql/item_cmpfunc.cc:3361:0:0,/src/mysql-server/sql/item_cmpfunc.cc,3361,3361,0,0,mysql_target_000367;mysql_target_001078
mysql_aflgo_r1,mysql,1,src/mysql-server/sql/item_cmpfunc.cc:3361:0:1,/src/mysql-server/sql/item_cmpfunc.cc,3361,3361,53,1,mysql_target_000367;mysql_target_001078
mysql_aflgo_r1,mysql,1,src/mysql-server/sql/item_cmpfunc.cc:3362:0:0,/src/mysql-server/sql/item_cmpfunc.cc,3362,3362,0,0,mysql_target_000367;mysql_target_001078
mysql_aflgo_r1,mysql,1,src/mysql-server/sql/item_cmpfunc.cc:3362:0:1,/src/mysql-server/sql/item_cmpfunc.cc,3362,3362,0,0,mysql_target_000367;mysql_target_001078
mysql_aflgo_r1,mysql,1,src/mysql-server/sql/item_cmpfunc.cc:3369:0:0,/src/mysql-server/sql/item_cmpfunc.cc,3369,3369,0,0,mysql_target_000367;mysql_target_001078
mysql_aflgo_r1,mysql,1,src/mysql-server/sql/item_cmpfunc.cc:3369:0:1,/src/mysql-server/sql/item_cmpfunc.cc,3369,3369,53,1,mysql_target_000367;mysql_target_001078
mysql_aflgo_r1,mysql,1,src/mysql-server/sql/item_cmpfunc.cc:3370:0:0,/src/mysql-server/sql/item_cmpfunc.cc,3370,3370,0,0,mysql_target_000367;mysql_target_001078
mysql_aflgo_r1,mysql,1,src/mysql-server/sql/item_cmpfunc.cc:3370:0:1,/src/mysql-server/sql/item_cmpfunc.cc,3370,3370,53,1,mysql_target_000367;mysql_target_001078
mysql_aflgo_r1,mysql,1,src/mysql-server/sql/item_cmpfunc.cc:3385:0:0,/src/mysql-server/sql/item_cmpfunc.cc,3385,3385,0,0,mysql_target_000367;mysql_target_001078
mysql_aflgo_r1,mysql,1,src/mysql-server/sql/item_cmpfunc.cc:3385:0:1,/src/mysql-server/sql/item_cmpfunc.cc,3385,3385,53,1,mysql_target_000367;mysql_target_001078
mysql_aflgo_r1,mysql,1,src/mysql-server/sql/item_cmpfunc.cc:3386:0:0,/src/mysql-server/sql/item_cmpfunc.cc,3386,3386,0,0,mysql_target_000367;mysql_target_001078
mysql_aflgo_r1,mysql,1,src/mysql-server/sql/item_cmpfunc.cc:3386:0:1,/src/mysql-server/sql/item_cmpfunc.cc,3386,3386,0,0,mysql_target_000367;mysql_target_001078
mysql_aflgo_r1,mysql,1,src/mysql-server/sql/item_cmpfunc.cc:3387:0:0,/src/mysql-server/sql/item_cmpfunc.cc,3387,3387,0,0,mysql_target_000367;mysql_target_001078
mysql_aflgo_r1,mysql,1,src/mysql-server/sql/item_cmpfunc.cc:3387:0:1,/src/mysql-server/sql/item_cmpfunc.cc,3387,3387,0,0,mysql_target_000367;mysql_target_001078
mysql_aflgo_r1,mysql,1,src/mysql-server/sql/item_cmpfunc.cc:3388:0:0,/src/mysql-server/sql/item_cmpfunc.cc,3388,3388,0,0,mysql_target_000367;mysql_target_001078
mysql_aflgo_r1,mysql,1,src/mysql-server/sql/item_cmpfunc.cc:3388:0:1,/src/mysql-server/sql/item_cmpfunc.cc,3388,3388,0,0,mysql_target_000367;mysql_target_001078
mysql_aflgo_r1,mysql,1,src/mysql-server/sql/item_cmpfunc.cc:3390:0:0,/src/mysql-server/sql/item_cmpfunc.cc,3390,3390,0,0,mysql_target_000367;mysql_target_001078
mysql_aflgo_r1,mysql,1,src/mysql-server/sql/item_cmpfunc.cc:3390:0:1,/src/mysql-server/sql/item_cmpfunc.cc,3390,3390,0,0,mysql_target_000367;mysql_target_001078
mysql_aflgo_r1,mysql,1,src/mysql-server/sql/item_cmpfunc.cc:3392:0:0,/src/mysql-server/sql/item_cmpfunc.cc,3392,3392,0,0,mysql_target_000367;mysql_target_001078
mysql_aflgo_r1,mysql,1,src/mysql-server/sql/item_cmpfunc.cc:3392:0:1,/src/mysql-server/sql/item_cmpfunc.cc,3392,3392,0,0,mysql_target_000367;mysql_target_001078
mysql_aflgo_r1,mysql,1,src/mysql-server/sql/item_cmpfunc.cc:3398:0:0,/src/mysql-server/sql/item_cmpfunc.cc,3398,3398,0,0,mysql_target_000367;mysql_target_001078
mysql_aflgo_r1,mysql,1,src/mysql-server/sql/item_cmpfunc.cc:3398:0:1,/src/mysql-server/sql/item_cmpfunc.cc,3398,3398,53,1,mysql_target_000367;mysql_target_001078
mysql_aflgo_r1,mysql,1,src/mysql-server/sql/item_cmpfunc.cc:3399:0:0,/src/mysql-server/sql/item_cmpfunc.cc,3399,3399,0,0,mysql_target_000367;mysql_target_001078
mysql_aflgo_r1,mysql,1,src/mysql-server/sql/item_cmpfunc.cc:3399:0:1,/src/mysql-server/sql/item_cmpfunc.cc,3399,3399,0,0,mysql_target_000367;mysql_target_001078
mysql_aflgo_r1,mysql,1,src/mysql-server/sql/item_cmpfunc.cc:3403:0:0,/src/mysql-server/sql/item_cmpfunc.cc,3403,3403,0,0,mysql_target_000367;mysql_target_001078
mysql_aflgo_r1,mysql,1,src/mysql-server/sql/item_cmpfunc.cc:3403:0:1,/src/mysql-server/sql/item_cmpfunc.cc,3403,3403,0,0,mysql_target_000367;mysql_target_001078
mysql_aflgo_r1,mysql,1,src/mysql-server/sql/item_cmpfunc.cc:3415:0:0,/src/mysql-server/sql/item_cmpfunc.cc,3415,3415,0,0,mysql_target_000367;mysql_target_001078
mysql_aflgo_r1,mysql,1,src/mysql-server/sql/item_cmpfunc.cc:3415:0:1,/src/mysql-server/sql/item_cmpfunc.cc,3415,3415,53,1,mysql_target_000367;mysql_target_001078
mysql_aflgo_r1,mysql,1,src/mysql-server/sql/item_cmpfunc.cc:3415:1:2,/src/mysql-server/sql/item_cmpfunc.cc,3415,3415,0,0,mysql_target_000367;mysql_target_001078
mysql_aflgo_r1,mysql,1,src/mysql-server/sql/item_cmpfunc.cc:3415:1:3,/src/mysql-server/sql/item_cmpfunc.cc,3415,3415,53,1,mysql_target_000367;mysql_target_001078
mysql_aflgo_r1,mysql,1,src/mysql-server/sql/item_cmpfunc.cc:3423:0:0,/src/mysql-server/sql/item_cmpfunc.cc,3423,3423,53,1,mysql_target_000367;mysql_target_001078
mysql_aflgo_r1,mysql,1,src/mysql-server/sql/item_cmpfunc.cc:3423:0:1,/src/mysql-server/sql/item_cmpfunc.cc,3423,3423,0,0,mysql_target_000367;mysql_target_001078
mysql_aflgo_r1,mysql,1,src/mysql-server/sql/item_cmpfunc.cc:3424:0:0,/src/mysql-server/sql/item_cmpfunc.cc,3424,3424,53,1,mysql_target_000367;mysql_target_001078
mysql_aflgo_r1,mysql,1,src/mysql-server/sql/item_cmpfunc.cc:3424:0:1,/src/mysql-server/sql/item_cmpfunc.cc,3424,3424,0,0,mysql_target_000367;mysql_target_001078
mysql_aflgo_r1,mysql,1,src/mysql-server/sql/item_cmpfunc.cc:3425:0:0,/src/mysql-server/sql/item_cmpfunc.cc,3425,3425,53,1,mysql_target_000367;mysql_target_001078
mysql_aflgo_r1,mysql,1,src/mysql-server/sql/item_cmpfunc.cc:3425:0:1,/src/mysql-server/sql/item_cmpfunc.cc,3425,3425,0,0,mysql_target_000367;mysql_target_001078
mysql_aflgo_r1,mysql,1,src/mysql-server/sql/item_cmpfunc.cc:3427:0:0,/src/mysql-server/sql/item_cmpfunc.cc,3427,3427,42,1,mysql_target_000367;mysql_target_001078
mysql_aflgo_r1,mysql,1,src/mysql-server/sql/item_cmpfunc.cc:3427:0:1,/src/mysql-server/sql/item_cmpfunc.cc,3427,3427,11,1,mysql_target_000367;mysql_target_001078
mysql_aflgo_r1,mysql,1,src/mysql-server/sql/item_cmpfunc.cc:3584:0:0,/src/mysql-server/sql/item_cmpfunc.cc,3584,3584,0,0,mysql_target_000368;mysql_target_001079
mysql_aflgo_r1,mysql,1,src/mysql-server/sql/item_cmpfunc.cc:3584:0:1,/src/mysql-server/sql/item_cmpfunc.cc,3584,3584,0,0,mysql_target_000368;mysql_target_001079
mysql_aflgo_r1,mysql,1,src/mysql-server/sql/item_cmpfunc.cc:3584:1:2,/src/mysql-server/sql/item_cmpfunc.cc,3584,3584,0,0,mysql_target_000368;mysql_target_001079
mysql_aflgo_r1,mysql,1,src/mysql-server/sql/item_cmpfunc.cc:3584:1:3,/src/mysql-server/sql/item_cmpfunc.cc,3584,3584,0,0,mysql_target_000368;mysql_target_001079
mysql_aflgo_r1,mysql,1,src/mysql-server/sql/item_cmpfunc.cc:3584:2:4,/src/mysql-server/sql/item_cmpfunc.cc,3584,3584,0,0,mysql_target_000368;mysql_target_001079
mysql_aflgo_r1,mysql,1,src/mysql-server/sql/item_cmpfunc.cc:3584:2:5,/src/mysql-server/sql/item_cmpfunc.cc,3584,3584,0,0,mysql_target_000368;mysql_target_001079
mysql_aflgo_r1,mysql,1,src/mysql-server/sql/item_cmpfunc.cc:3584:3:6,/src/mysql-server/sql/item_cmpfunc.cc,3584,3584,0,0,mysql_target_000368;mysql_target_001079
mysql_aflgo_r1,mysql,1,src/mysql-server/sql/item_cmpfunc.cc:3584:3:7,/src/mysql-server/sql/item_cmpfunc.cc,3584,3584,0,0,mysql_target_000368;mysql_target_001079
mysql_aflgo_r1,mysql,1,src/mysql-server/sql/item_cmpfunc.cc:3591:0:0,/src/mysql-server/sql/item_cmpfunc.cc,3591,3591,0,0,mysql_target_000368;mysql_target_001079
mysql_aflgo_r1,mysql,1,src/mysql-server/sql/item_cmpfunc.cc:3591:0:1,/src/mysql-server/sql/item_cmpfunc.cc,3591,3591,0,0,mysql_target_000368;mysql_target_001079
mysql_aflgo_r1,mysql,1,src/mysql-server/sql/item_cmpfunc.cc:3591:1:2,/src/mysql-server/sql/item_cmpfunc.cc,3591,3591,0,0,mysql_target_000368;mysql_target_001079
mysql_aflgo_r1,mysql,1,src/mysql-server/sql/item_cmpfunc.cc:3591:1:3,/src/mysql-server/sql/item_cmpfunc.cc,3591,3591,0,0,mysql_target_000368;mysql_target_001079
mysql_aflgo_r1,mysql,1,src/mysql-server/sql/item_cmpfunc.cc:3591:2:4,/src/mysql-server/sql/item_cmpfunc.cc,3591,3591,0,0,mysql_target_000368;mysql_target_001079
mysql_aflgo_r1,mysql,1,src/mysql-server/sql/item_cmpfunc.cc:3591:2:5,/src/mysql-server/sql/item_cmpfunc.cc,3591,3591,0,0,mysql_target_000368;mysql_target_001079
mysql_aflgo_r1,mysql,1,src/mysql-server/sql/item_cmpfunc.cc:3591:3:6,/src/mysql-server/sql/item_cmpfunc.cc,3591,3591,0,0,mysql_target_000368;mysql_target_001079
mysql_aflgo_r1,mysql,1,src/mysql-server/sql/item_cmpfunc.cc:3591:3:7,/src/mysql-server/sql/item_cmpfunc.cc,3591,3591,0,0,mysql_target_000368;mysql_target_001079
mysql_aflgo_r1,mysql,1,src/mysql-server/sql/item_cmpfunc.cc:3597:0:0,/src/mysql-server/sql/item_cmpfunc.cc,3597,3597,0,0,mysql_target_000368;mysql_target_001079
mysql_aflgo_r1,mysql,1,src/mysql-server/sql/item_cmpfunc.cc:3597:0:1,/src/mysql-server/sql/item_cmpfunc.cc,3597,3597,104,1,mysql_target_000368;mysql_target_001079
mysql_aflgo_r1,mysql,1,src/mysql-server/sql/item_cmpfunc.cc:3597:1:2,/src/mysql-server/sql/item_cmpfunc.cc,3597,3597,0,0,mysql_target_000368;mysql_target_001079
mysql_aflgo_r1,mysql,1,src/mysql-server/sql/item_cmpfunc.cc:3597:1:3,/src/mysql-server/sql/item_cmpfunc.cc,3597,3597,0,0,mysql_target_000368;mysql_target_001079
mysql_aflgo_r1,mysql,1,src/mysql-server/sql/item_cmpfunc.cc:3597:2:4,/src/mysql-server/sql/item_cmpfunc.cc,3597,3597,0,0,mysql_target_000368;mysql_target_001079
mysql_aflgo_r1,mysql,1,src/mysql-server/sql/item_cmpfunc.cc:3597:2:5,/src/mysql-server/sql/item_cmpfunc.cc,3597,3597,0,0,mysql_target_000368;mysql_target_001079
mysql_aflgo_r1,mysql,1,src/mysql-server/sql/item_cmpfunc.cc:3597:3:6,/src/mysql-server/sql/item_cmpfunc.cc,3597,3597,0,0,mysql_target_000368;mysql_target_001079
mysql_aflgo_r1,mysql,1,src/mysql-server/sql/item_cmpfunc.cc:3597:3:7,/src/mysql-server/sql/item_cmpfunc.cc,3597,3597,0,0,mysql_target_000368;mysql_target_001079
mysql_aflgo_r1,mysql,1,src/mysql-server/sql/item_cmpfunc.cc:3598:0:0,/src/mysql-server/sql/item_cmpfunc.cc,3598,3598,0,0,mysql_target_000368;mysql_target_001079
mysql_aflgo_r1,mysql,1,src/mysql-server/sql/item_cmpfunc.cc:3598:0:1,/src/mysql-server/sql/item_cmpfunc.cc,3598,3598,0,0,mysql_target_000368;mysql_target_001079
mysql_aflgo_r1,mysql,1,src/mysql-server/sql/item_cmpfunc.cc:3598:1:2,/src/mysql-server/sql/item_cmpfunc.cc,3598,3598,0,0,mysql_target_000368;mysql_target_001079
mysql_aflgo_r1,mysql,1,src/mysql-server/sql/item_cmpfunc.cc:3598:1:3,/src/mysql-server/sql/item_cmpfunc.cc,3598,3598,0,0,mysql_target_000368;mysql_target_001079
mysql_aflgo_r1,mysql,1,src/mysql-server/sql/item_cmpfunc.cc:3613:0:0,/src/mysql-server/sql/item_cmpfunc.cc,3613,3613,0,0,mysql_target_000368;mysql_target_001079
mysql_aflgo_r1,mysql,1,src/mysql-server/sql/item_cmpfunc.cc:3613:0:1,/src/mysql-server/sql/item_cmpfunc.cc,3613,3613,0,0,mysql_target_000368;mysql_target_001079
mysql_aflgo_r1,mysql,1,src/mysql-server/sql/item_cmpfunc.cc:3613:1:2,/src/mysql-server/sql/item_cmpfunc.cc,3613,3613,0,0,mysql_target_000368;mysql_target_001079
mysql_aflgo_r1,mysql,1,src/mysql-server/sql/item_cmpfunc.cc:3613:1:3,/src/mysql-server/sql/item_cmpfunc.cc,3613,3613,0,0,mysql_target_000368;mysql_target_001079
mysql_aflgo_r1,mysql,1,src/mysql-server/sql/item_cmpfunc.cc:3618:0:0,/src/mysql-server/sql/item_cmpfunc.cc,3618,3618,0,0,mysql_target_000368;mysql_target_001079
mysql_aflgo_r1,mysql,1,src/mysql-server/sql/item_cmpfunc.cc:3618:0:1,/src/mysql-server/sql/item_cmpfunc.cc,3618,3618,0,0,mysql_target_000368;mysql_target_001079
mysql_aflgo_r1,mysql,1,src/mysql-server/sql/item_cmpfunc.cc:3618:1:2,/src/mysql-server/sql/item_cmpfunc.cc,3618,3618,0,0,mysql_target_000368;mysql_target_001079
mysql_aflgo_r1,mysql,1,src/mysql-server/sql/item_cmpfunc.cc:3618:1:3,/src/mysql-server/sql/item_cmpfunc.cc,3618,3618,104,1,mysql_target_000368;mysql_target_001079
mysql_aflgo_r1,mysql,1,src/mysql-server/sql/item_cmpfunc.cc:3618:2:4,/src/mysql-server/sql/item_cmpfunc.cc,3618,3618,0,0,mysql_target_000368;mysql_target_001079
mysql_aflgo_r1,mysql,1,src/mysql-server/sql/item_cmpfunc.cc:3618:2:5,/src/mysql-server/sql/item_cmpfunc.cc,3618,3618,0,0,mysql_target_000368;mysql_target_001079
mysql_aflgo_r1,mysql,1,src/mysql-server/sql/item_cmpfunc.cc:3618:3:6,/src/mysql-server/sql/item_cmpfunc.cc,3618,3618,0,0,mysql_target_000368;mysql_target_001079
mysql_aflgo_r1,mysql,1,src/mysql-server/sql/item_cmpfunc.cc:3618:3:7,/src/mysql-server/sql/item_cmpfunc.cc,3618,3618,0,0,mysql_target_000368;mysql_target_001079
mysql_aflgo_r1,mysql,1,src/mysql-server/sql/item_cmpfunc.cc:3621:0:0,/src/mysql-server/sql/item_cmpfunc.cc,3621,3621,0,0,mysql_target_000368;mysql_target_001079
mysql_aflgo_r1,mysql,1,src/mysql-server/sql/item_cmpfunc.cc:3621:0:1,/src/mysql-server/sql/item_cmpfunc.cc,3621,3621,0,0,mysql_target_000368;mysql_target_001079
mysql_aflgo_r1,mysql,1,src/mysql-server/sql/item_cmpfunc.cc:3621:1:2,/src/mysql-server/sql/item_cmpfunc.cc,3621,3621,104,1,mysql_target_000368;mysql_target_001079
mysql_aflgo_r1,mysql,1,src/mysql-server/sql/item_cmpfunc.cc:3621:1:3,/src/mysql-server/sql/item_cmpfunc.cc,3621,3621,0,0,mysql_target_000368;mysql_target_001079
mysql_aflgo_r1,mysql,1,src/mysql-server/sql/item_cmpfunc.cc:3621:2:4,/src/mysql-server/sql/item_cmpfunc.cc,3621,3621,104,1,mysql_target_000368;mysql_target_001079
mysql_aflgo_r1,mysql,1,src/mysql-server/sql/item_cmpfunc.cc:3621:2:5,/src/mysql-server/sql/item_cmpfunc.cc,3621,3621,0,0,mysql_target_000368;mysql_target_001079
mysql_aflgo_r1,mysql,1,src/mysql-server/sql/item_cmpfunc.cc:3621:3:6,/src/mysql-server/sql/item_cmpfunc.cc,3621,3621,0,0,mysql_target_000368;mysql_target_001079
mysql_aflgo_r1,mysql,1,src/mysql-server/sql/item_cmpfunc.cc:3621:3:7,/src/mysql-server/sql/item_cmpfunc.cc,3621,3621,0,0,mysql_target_000368;mysql_target_001079
mysql_aflgo_r1,mysql,1,src/mysql-server/sql/item_cmpfunc.cc:3622:0:0,/src/mysql-server/sql/item_cmpfunc.cc,3622,3622,100,1,mysql_target_000368;mysql_target_001079
mysql_aflgo_r1,mysql,1,src/mysql-server/sql/item_cmpfunc.cc:3622:0:1,/src/mysql-server/sql/item_cmpfunc.cc,3622,3622,4,1,mysql_target_000368;mysql_target_001079
mysql_aflgo_r1,mysql,1,src/mysql-server/sql/item_cmpfunc.cc:3622:1:2,/src/mysql-server/sql/item_cmpfunc.cc,3622,3622,0,0,mysql_target_000368;mysql_target_001079
mysql_aflgo_r1,mysql,1,src/mysql-server/sql/item_cmpfunc.cc:3622:1:3,/src/mysql-server/sql/item_cmpfunc.cc,3622,3622,0,0,mysql_target_000368;mysql_target_001079
mysql_aflgo_r1,mysql,1,src/mysql-server/sql/item_cmpfunc.cc:3622:2:4,/src/mysql-server/sql/item_cmpfunc.cc,3622,3622,85,1,mysql_target_000368;mysql_target_001079
mysql_aflgo_r1,mysql,1,src/mysql-server/sql/item_cmpfunc.cc:3622:2:5,/src/mysql-server/sql/item_cmpfunc.cc,3622,3622,15,1,mysql_target_000368;mysql_target_001079
mysql_aflgo_r1,mysql,1,src/mysql-server/sql/item_cmpfunc.cc:3622:3:6,/src/mysql-server/sql/item_cmpfunc.cc,3622,3622,0,0,mysql_target_000368;mysql_target_001079
mysql_aflgo_r1,mysql,1,src/mysql-server/sql/item_cmpfunc.cc:3622:3:7,/src/mysql-server/sql/item_cmpfunc.cc,3622,3622,0,0,mysql_target_000368;mysql_target_001079
mysql_aflgo_r1,mysql,1,src/mysql-server/sql/item_cmpfunc.cc:3623:0:0,/src/mysql-server/sql/item_cmpfunc.cc,3623,3623,0,0,mysql_target_000368;mysql_target_001079
mysql_aflgo_r1,mysql,1,src/mysql-server/sql/item_cmpfunc.cc:3623:0:1,/src/mysql-server/sql/item_cmpfunc.cc,3623,3623,0,0,mysql_target_000368;mysql_target_001079
mysql_aflgo_r1,mysql,1,src/mysql-server/sql/item_cmpfunc.cc:3623:1:2,/src/mysql-server/sql/item_cmpfunc.cc,3623,3623,0,0,mysql_target_000368;mysql_target_001079
mysql_aflgo_r1,mysql,1,src/mysql-server/sql/item_cmpfunc.cc:3623:1:3,/src/mysql-server/sql/item_cmpfunc.cc,3623,3623,0,0,mysql_target_000368;mysql_target_001079
mysql_aflgo_r1,mysql,1,src/mysql-server/sql/item_cmpfunc.cc:3623:2:4,/src/mysql-server/sql/item_cmpfunc.cc,3623,3623,0,0,mysql_target_000368;mysql_target_001079
mysql_aflgo_r1,mysql,1,src/mysql-server/sql/item_cmpfunc.cc:3623:2:5,/src/mysql-server/sql/item_cmpfunc.cc,3623,3623,0,0,mysql_target_000368;mysql_target_001079
mysql_aflgo_r1,mysql,1,src/mysql-server/sql/item_cmpfunc.cc:3623:3:6,/src/mysql-server/sql/item_cmpfunc.cc,3623,3623,0,0,mysql_target_000368;mysql_target_001079
mysql_aflgo_r1,mysql,1,src/mysql-server/sql/item_cmpfunc.cc:3623:3:7,/src/mysql-server/sql/item_cmpfunc.cc,3623,3623,0,0,mysql_target_000368;mysql_target_001079
mysql_aflgo_r1,mysql,1,src/mysql-server/sql/item_cmpfunc.cc:3625:0:0,/src/mysql-server/sql/item_cmpfunc.cc,3625,3625,0,0,mysql_target_000368;mysql_target_001079
mysql_aflgo_r1,mysql,1,src/mysql-server/sql/item_cmpfunc.cc:3625:0:1,/src/mysql-server/sql/item_cmpfunc.cc,3625,3625,0,0,mysql_target_000368;mysql_target_001079
mysql_aflgo_r1,mysql,1,src/mysql-server/sql/item_cmpfunc.cc:3625:1:2,/src/mysql-server/sql/item_cmpfunc.cc,3625,3625,0,0,mysql_target_000368;mysql_target_001079
mysql_aflgo_r1,mysql,1,src/mysql-server/sql/item_cmpfunc.cc:3625:1:3,/src/mysql-server/sql/item_cmpfunc.cc,3625,3625,0,0,mysql_target_000368;mysql_target_001079
mysql_aflgo_r1,mysql,1,src/mysql-server/sql/item_cmpfunc.cc:3637:0:0,/src/mysql-server/sql/item_cmpfunc.cc,3637,3637,0,0,mysql_target_000368;mysql_target_001079
mysql_aflgo_r1,mysql,1,src/mysql-server/sql/item_cmpfunc.cc:3637:0:1,/src/mysql-server/sql/item_cmpfunc.cc,3637,3637,106,1,mysql_target_000368;mysql_target_001079
mysql_aflgo_r1,mysql,1,src/mysql-server/sql/item_cmpfunc.cc:3639:0:0,/src/mysql-server/sql/item_cmpfunc.cc,3639,3639,0,0,mysql_target_000368;mysql_target_001079
mysql_aflgo_r1,mysql,1,src/mysql-server/sql/item_cmpfunc.cc:3639:0:1,/src/mysql-server/sql/item_cmpfunc.cc,3639,3639,0,0,mysql_target_000368;mysql_target_001079
mysql_aflgo_r1,mysql,1,src/mysql-server/sql/item_cmpfunc.cc:3642:0:0,/src/mysql-server/sql/item_cmpfunc.cc,3642,3642,0,0,mysql_target_000368;mysql_target_001079
mysql_aflgo_r1,mysql,1,src/mysql-server/sql/item_cmpfunc.cc:3642:0:1,/src/mysql-server/sql/item_cmpfunc.cc,3642,3642,0,0,mysql_target_000368;mysql_target_001079
mysql_aflgo_r1,mysql,1,src/mysql-server/sql/item_cmpfunc.cc:3642:1:2,/src/mysql-server/sql/item_cmpfunc.cc,3642,3642,0,0,mysql_target_000368;mysql_target_001079
mysql_aflgo_r1,mysql,1,src/mysql-server/sql/item_cmpfunc.cc:3642:1:3,/src/mysql-server/sql/item_cmpfunc.cc,3642,3642,0,0,mysql_target_000368;mysql_target_001079
mysql_aflgo_r1,mysql,1,src/mysql-server/sql/item_cmpfunc.cc:3643:0:0,/src/mysql-server/sql/item_cmpfunc.cc,3643,3643,0,0,mysql_target_000368;mysql_target_001079
mysql_aflgo_r1,mysql,1,src/mysql-server/sql/item_cmpfunc.cc:3643:0:1,/src/mysql-server/sql/item_cmpfunc.cc,3643,3643,0,0,mysql_target_000368;mysql_target_001079
mysql_aflgo_r1,mysql,1,src/mysql-server/sql/item_cmpfunc.cc:3643:1:2,/src/mysql-server/sql/item_cmpfunc.cc,3643,3643,0,0,mysql_target_000368;mysql_target_001079
mysql_aflgo_r1,mysql,1,src/mysql-server/sql/item_cmpfunc.cc:3643:1:3,/src/mysql-server/sql/item_cmpfunc.cc,3643,3643,0,0,mysql_target_000368;mysql_target_001079
mysql_aflgo_r1,mysql,1,src/mysql-server/sql/item_cmpfunc.cc:3644:0:0,/src/mysql-server/sql/item_cmpfunc.cc,3644,3644,0,0,mysql_target_000368;mysql_target_001079
mysql_aflgo_r1,mysql,1,src/mysql-server/sql/item_cmpfunc.cc:3644:0:1,/src/mysql-server/sql/item_cmpfunc.cc,3644,3644,0,0,mysql_target_000368;mysql_target_001079
mysql_aflgo_r1,mysql,1,src/mysql-server/sql/item_cmpfunc.cc:3649:0:0,/src/mysql-server/sql/item_cmpfunc.cc,3649,3649,0,0,mysql_target_000368;mysql_target_001079
mysql_aflgo_r1,mysql,1,src/mysql-server/sql/item_cmpfunc.cc:3649:0:1,/src/mysql-server/sql/item_cmpfunc.cc,3649,3649,106,1,mysql_target_000368;mysql_target_001079
mysql_aflgo_r1,mysql,1,src/mysql-server/sql/item_cmpfunc.cc:3654:0:0,/src/mysql-server/sql/item_cmpfunc.cc,3654,3654,0,0,mysql_target_000368;mysql_target_001079
mysql_aflgo_r1,mysql,1,src/mysql-server/sql/item_cmpfunc.cc:3654:0:1,/src/mysql-server/sql/item_cmpfunc.cc,3654,3654,0,0,mysql_target_000368;mysql_target_001079
mysql_aflgo_r1,mysql,1,src/mysql-server/sql/item_cmpfunc.cc:3659:0:0,/src/mysql-server/sql/item_cmpfunc.cc,3659,3659,0,0,mysql_target_000368;mysql_target_001079
mysql_aflgo_r1,mysql,1,src/mysql-server/sql/item_cmpfunc.cc:3659:0:1,/src/mysql-server/sql/item_cmpfunc.cc,3659,3659,0,0,mysql_target_000368;mysql_target_001079
mysql_aflgo_r1,mysql,1,src/mysql-server/sql/item_cmpfunc.cc:3729:0:0,/src/mysql-server/sql/item_cmpfunc.cc,3729,3729,0,0,mysql_target_000369;mysql_target_001080
mysql_aflgo_r1,mysql,1,src/mysql-server/sql/item_cmpfunc.cc:3729:0:1,/src/mysql-server/sql/item_cmpfunc.cc,3729,3729,0,0,mysql_target_000369;mysql_target_001080
mysql_aflgo_r1,mysql,1,src/mysql-server/sql/item_cmpfunc.cc:3735:0:0,/src/mysql-server/sql/item_cmpfunc.cc,3735,3735,0,0,mysql_target_000369;mysql_target_001080
mysql_aflgo_r1,mysql,1,src/mysql-server/sql/item_cmpfunc.cc:3735:0:1,/src/mysql-server/sql/item_cmpfunc.cc,3735,3735,0,0,mysql_target_000369;mysql_target_001080
mysql_aflgo_r1,mysql,1,src/mysql-server/sql/item_cmpfunc.cc:3735:1:2,/src/mysql-server/sql/item_cmpfunc.cc,3735,3735,0,0,mysql_target_000369;mysql_target_001080
mysql_aflgo_r1,mysql,1,src/mysql-server/sql/item_cmpfunc.cc:3735:1:3,/src/mysql-server/sql/item_cmpfunc.cc,3735,3735,0,0,mysql_target_000369;mysql_target_001080
mysql_aflgo_r1,mysql,1,src/mysql-server/sql/item_cmpfunc.cc:3742:0:0,/src/mysql-server/sql/item_cmpfunc.cc,3742,3742,0,0,mysql_target_000369;mysql_target_001080
mysql_aflgo_r1,mysql,1,src/mysql-server/sql/item_cmpfunc.cc:3742:0:1,/src/mysql-server/sql/item_cmpfunc.cc,3742,3742,0,0,mysql_target_000369;mysql_target_001080
mysql_aflgo_r1,mysql,1,src/mysql-server/sql/item_cmpfunc.cc:3810:0:0,/src/mysql-server/sql/item_cmpfunc.cc,3810,3810,0,0,mysql_target_000370;mysql_target_001081
mysql_aflgo_r1,mysql,1,src/mysql-server/sql/item_cmpfunc.cc:3810:0:1,/src/mysql-server/sql/item_cmpfunc.cc,3810,3810,0,0,mysql_target_000370;mysql_target_001081
mysql_aflgo_r1,mysql,1,src/mysql-server/sql/item_cmpfunc.cc:3813:0:0,/src/mysql-server/sql/item_cmpfunc.cc,3813,3813,0,0,mysql_target_000370;mysql_target_001081
mysql_aflgo_r1,mysql,1,src/mysql-server/sql/item_cmpfunc.cc:3813:0:1,/src/mysql-server/sql/item_cmpfunc.cc,3813,3813,0,0,mysql_target_000370;mysql_target_001081
mysql_aflgo_r1,mysql,1,src/mysql-server/sql/item_cmpfunc.cc:3830:0:0,/src/mysql-server/sql/item_cmpfunc.cc,3830,3830,0,0,mysql_target_000371;mysql_target_001082
mysql_aflgo_r1,mysql,1,src/mysql-server/sql/item_cmpfunc.cc:3830:0:1,/src/mysql-server/sql/item_cmpfunc.cc,3830,3830,0,0,mysql_target_000371;mysql_target_001082
mysql_aflgo_r1,mysql,1,src/mysql-server/sql/item_cmpfunc.cc:3836:0:0,/src/mysql-server/sql/item_cmpfunc.cc,3836,3836,0,0,mysql_target_000371;mysql_target_001082
mysql_aflgo_r1,mysql,1,src/mysql-server/sql/item_cmpfunc.cc:3836:0:1,/src/mysql-server/sql/item_cmpfunc.cc,3836,3836,0,0,mysql_target_000371;mysql_target_001082
mysql_aflgo_r1,mysql,1,src/mysql-server/sql/item_cmpfunc.cc:3843:0:0,/src/mysql-server/sql/item_cmpfunc.cc,3843,3843,0,0,mysql_target_000372;mysql_target_001083
mysql_aflgo_r1,mysql,1,src/mysql-server/sql/item_cmpfunc.cc:3843:0:1,/src/mysql-server/sql/item_cmpfunc.cc,3843,3843,0,0,mysql_target_000372;mysql_target_001083
mysql_aflgo_r1,mysql,1,src/mysql-server/sql/item_cmpfunc.cc:3844:0:0,/src/mysql-server/sql/item_cmpfunc.cc,3844,3844,0,0,mysql_target_000372;mysql_target_001083
mysql_aflgo_r1,mysql,1,src/mysql-server/sql/item_cmpfunc.cc:3844:0:1,/src/mysql-server/sql/item_cmpfunc.cc,3844,3844,0,0,mysql_target_000372;mysql_target_001083
mysql_aflgo_r1,mysql,1,src/mysql-server/sql/item_cmpfunc.cc:3849:0:0,/src/mysql-server/sql/item_cmpfunc.cc,3849,3849,0,0,mysql_target_000372;mysql_target_001083
mysql_aflgo_r1,mysql,1,src/mysql-server/sql/item_cmpfunc.cc:3849:0:1,/src/mysql-server/sql/item_cmpfunc.cc,3849,3849,0,0,mysql_target_000372;mysql_target_001083
mysql_aflgo_r1,mysql,1,src/mysql-server/sql/item_cmpfunc.cc:3851:0:0,/src/mysql-server/sql/item_cmpfunc.cc,3851,3851,0,0,mysql_target_000372;mysql_target_001083
mysql_aflgo_r1,mysql,1,src/mysql-server/sql/item_cmpfunc.cc:3851:0:1,/src/mysql-server/sql/item_cmpfunc.cc,3851,3851,0,0,mysql_target_000372;mysql_target_001083
mysql_aflgo_r1,mysql,1,src/mysql-server/sql/item_cmpfunc.cc:3886:0:0,/src/mysql-server/sql/item_cmpfunc.cc,3886,3886,0,0,mysql_target_000375;mysql_target_001086
mysql_aflgo_r1,mysql,1,src/mysql-server/sql/item_cmpfunc.cc:3886:0:1,/src/mysql-server/sql/item_cmpfunc.cc,3886,3886,571,1,mysql_target_000375;mysql_target_001086
mysql_aflgo_r1,mysql,1,src/mysql-server/sql/item_cmpfunc.cc:3906:0:0,/src/mysql-server/sql/item_cmpfunc.cc,3906,3906,0,0,mysql_target_000375;mysql_target_001086
mysql_aflgo_r1,mysql,1,src/mysql-server/sql/item_cmpfunc.cc:3906:0:1,/src/mysql-server/sql/item_cmpfunc.cc,3906,3906,571,1,mysql_target_000375;mysql_target_001086
mysql_aflgo_r1,mysql,1,src/mysql-server/sql/item_cmpfunc.cc:3921:0:0,/src/mysql-server/sql/item_cmpfunc.cc,3921,3921,0,0,mysql_target_000376;mysql_target_001087
mysql_aflgo_r1,mysql,1,src/mysql-server/sql/item_cmpfunc.cc:3921:0:1,/src/mysql-server/sql/item_cmpfunc.cc,3921,3921,571,1,mysql_target_000376;mysql_target_001087
mysql_aflgo_r1,mysql,1,src/mysql-server/sql/item_cmpfunc.cc:3925:0:0,/src/mysql-server/sql/item_cmpfunc.cc,3925,3925,262,1,mysql_target_000376;mysql_target_001087
mysql_aflgo_r1,mysql,1,src/mysql-server/sql/item_cmpfunc.cc:3925:0:1,/src/mysql-server/sql/item_cmpfunc.cc,3925,3925,309,1,mysql_target_000376;mysql_target_001087
mysql_aflgo_r1,mysql,1,src/mysql-server/sql/item_cmpfunc.cc:3925:1:2,/src/mysql-server/sql/item_cmpfunc.cc,3925,3925,136,1,mysql_target_000376;mysql_target_001087
mysql_aflgo_r1,mysql,1,src/mysql-server/sql/item_cmpfunc.cc:3925:1:3,/src/mysql-server/sql/item_cmpfunc.cc,3925,3925,173,1,mysql_target_000376;mysql_target_001087
mysql_aflgo_r1,mysql,1,src/mysql-server/sql/item_cmpfunc.cc:3926:0:0,/src/mysql-server/sql/item_cmpfunc.cc,3926,3926,0,0,mysql_target_000376;mysql_target_001087
mysql_aflgo_r1,mysql,1,src/mysql-server/sql/item_cmpfunc.cc:3926:0:1,/src/mysql-server/sql/item_cmpfunc.cc,3926,3926,571,1,mysql_target_000376;mysql_target_001087
mysql_aflgo_r1,mysql,1,src/mysql-server/sql/item_cmpfunc.cc:3934:0:0,/src/mysql-server/sql/item_cmpfunc.cc,3934,3934,0,0,mysql_target_000377;mysql_target_001088
mysql_aflgo_r1,mysql,1,src/mysql-server/sql/item_cmpfunc.cc:3934:0:1,/src/mysql-server/sql/item_cmpfunc.cc,3934,3934,0,0,mysql_target_000377;mysql_target_001088
mysql_aflgo_r1,mysql,1,src/mysql-server/sql/item_cmpfunc.cc:3934:1:2,/src/mysql-server/sql/item_cmpfunc.cc,3934,3934,0,0,mysql_target_000377;mysql_target_001088
mysql_aflgo_r1,mysql,1,src/mysql-server/sql/item_cmpfunc.cc:3934:1:3,/src/mysql-server/sql/item_cmpfunc.cc,3934,3934,0,0,mysql_target_000377;mysql_target_001088
mysql_aflgo_r1,mysql,1,src/mysql-server/sql/item_cmpfunc.cc:3939:0:0,/src/mysql-server/sql/item_cmpfunc.cc,3939,3939,0,0,mysql_target_000378;mysql_target_001089
mysql_aflgo_r1,mysql,1,src/mysql-server/sql/item_cmpfunc.cc:3939:0:1,/src/mysql-server/sql/item_cmpfunc.cc,3939,3939,0,0,mysql_target_000378;mysql_target_001089
mysql_aflgo_r1,mysql,1,src/mysql-server/sql/item_cmpfunc.cc:3948:0:0,/src/mysql-server/sql/item_cmpfunc.cc,3948,3948,0,0,mysql_target_000379;mysql_target_001090
mysql_aflgo_r1,mysql,1,src/mysql-server/sql/item_cmpfunc.cc:3948:0:1,/src/mysql-server/sql/item_cmpfunc.cc,3948,3948,0,0,mysql_target_000379;mysql_target_001090
mysql_aflgo_r1,mysql,1,src/mysql-server/sql/item_cmpfunc.cc:3949:0:0,/src/mysql-server/sql/item_cmpfunc.cc,3949,3949,0,0,mysql_target_000379;mysql_target_001090
mysql_aflgo_r1,mysql,1,src/mysql-server/sql/item_cmpfunc.cc:3949:0:1,/src/mysql-server/sql/item_cmpfunc.cc,3949,3949,0,0,mysql_target_000379;mysql_target_001090
mysql_aflgo_r1,mysql,1,src/mysql-server/sql/item_cmpfunc.cc:3957:0:0,/src/mysql-server/sql/item_cmpfunc.cc,3957,3957,0,0,mysql_target_000380;mysql_target_001091
mysql_aflgo_r1,mysql,1,src/mysql-server/sql/item_cmpfunc.cc:3957:0:1,/src/mysql-server/sql/item_cmpfunc.cc,3957,3957,0,0,mysql_target_000380;mysql_target_001091
mysql_aflgo_r1,mysql,1,src/mysql-server/sql/item_cmpfunc.cc:3958:0:0,/src/mysql-server/sql/item_cmpfunc.cc,3958,3958,0,0,mysql_target_000380;mysql_target_001091
mysql_aflgo_r1,mysql,1,src/mysql-server/sql/item_cmpfunc.cc:3958:0:1,/src/mysql-server/sql/item_cmpfunc.cc,3958,3958,0,0,mysql_target_000380;mysql_target_001091
mysql_aflgo_r1,mysql,1,src/mysql-server/sql/item_cmpfunc.cc:3968:0:0,/src/mysql-server/sql/item_cmpfunc.cc,3968,3968,0,0,mysql_target_000381;mysql_target_001092
mysql_aflgo_r1,mysql,1,src/mysql-server/sql/item_cmpfunc.cc:3968:0:1,/src/mysql-server/sql/item_cmpfunc.cc,3968,3968,9,1,mysql_target_000381;mysql_target_001092
mysql_aflgo_r1,mysql,1,src/mysql-server/sql/item_cmpfunc.cc:3969:0:0,/src/mysql-server/sql/item_cmpfunc.cc,3969,3969,0,0,mysql_target_000381;mysql_target_001092
mysql_aflgo_r1,mysql,1,src/mysql-server/sql/item_cmpfunc.cc:3969:0:1,/src/mysql-server/sql/item_cmpfunc.cc,3969,3969,9,1,mysql_target_000381;mysql_target_001092
mysql_aflgo_r1,mysql,1,src/mysql-server/sql/item_cmpfunc.cc:3971:0:0,/src/mysql-server/sql/item_cmpfunc.cc,3971,3971,0,0,mysql_target_000381;mysql_target_001092
mysql_aflgo_r1,mysql,1,src/mysql-server/sql/item_cmpfunc.cc:3971:0:1,/src/mysql-server/sql/item_cmpfunc.cc,3971,3971,9,1,mysql_target_000381;mysql_target_001092
mysql_aflgo_r1,mysql,1,src/mysql-server/sql/item_cmpfunc.cc:3973:0:0,/src/mysql-server/sql/item_cmpfunc.cc,3973,3973,0,0,mysql_target_000381;mysql_target_001092
mysql_aflgo_r1,mysql,1,src/mysql-server/sql/item_cmpfunc.cc:3973:0:1,/src/mysql-server/sql/item_cmpfunc.cc,3973,3973,9,1,mysql_target_000381;mysql_target_001092
mysql_aflgo_r1,mysql,1,src/mysql-server/sql/item_cmpfunc.cc:3975:0:0,/src/mysql-server/sql/item_cmpfunc.cc,3975,3975,9,1,mysql_target_000381;mysql_target_001092
mysql_aflgo_r1,mysql,1,src/mysql-server/sql/item_cmpfunc.cc:3975:0:1,/src/mysql-server/sql/item_cmpfunc.cc,3975,3975,0,0,mysql_target_000381;mysql_target_001092
mysql_aflgo_r1,mysql,1,src/mysql-server/sql/item_cmpfunc.cc:3976:0:0,/src/mysql-server/sql/item_cmpfunc.cc,3976,3976,8,1,mysql_target_000381;mysql_target_001092
mysql_aflgo_r1,mysql,1,src/mysql-server/sql/item_cmpfunc.cc:3976:0:1,/src/mysql-server/sql/item_cmpfunc.cc,3976,3976,1,1,mysql_target_000381;mysql_target_001092
mysql_aflgo_r1,mysql,1,src/mysql-server/sql/item_cmpfunc.cc:3977:0:0,/src/mysql-server/sql/item_cmpfunc.cc,3977,3977,0,0,mysql_target_000381;mysql_target_001092
mysql_aflgo_r1,mysql,1,src/mysql-server/sql/item_cmpfunc.cc:3977:0:1,/src/mysql-server/sql/item_cmpfunc.cc,3977,3977,9,1,mysql_target_000381;mysql_target_001092
mysql_aflgo_r1,mysql,1,src/mysql-server/sql/item_cmpfunc.cc:3979:0:0,/src/mysql-server/sql/item_cmpfunc.cc,3979,3979,0,0,mysql_target_000381;mysql_target_001092
mysql_aflgo_r1,mysql,1,src/mysql-server/sql/item_cmpfunc.cc:3979:0:1,/src/mysql-server/sql/item_cmpfunc.cc,3979,3979,9,1,mysql_target_000381;mysql_target_001092
mysql_aflgo_r1,mysql,1,src/mysql-server/sql/item_cmpfunc.cc:3999:0:0,/src/mysql-server/sql/item_cmpfunc.cc,3999,3999,0,0,mysql_target_000382;mysql_target_001093
mysql_aflgo_r1,mysql,1,src/mysql-server/sql/item_cmpfunc.cc:3999:0:1,/src/mysql-server/sql/item_cmpfunc.cc,3999,3999,0,0,mysql_target_000382;mysql_target_001093
mysql_aflgo_r1,mysql,1,src/mysql-server/sql/item_cmpfunc.cc:4000:0:0,/src/mysql-server/sql/item_cmpfunc.cc,4000,4000,0,0,mysql_target_000382;mysql_target_001093
mysql_aflgo_r1,mysql,1,src/mysql-server/sql/item_cmpfunc.cc:4000:0:1,/src/mysql-server/sql/item_cmpfunc.cc,4000,4000,0,0,mysql_target_000382;mysql_target_001093
mysql_aflgo_r1,mysql,1,src/mysql-server/sql/item_cmpfunc.cc:4011:0:0,/src/mysql-server/sql/item_cmpfunc.cc,4011,4011,0,0,mysql_target_000383;mysql_target_001094
mysql_aflgo_r1,mysql,1,src/mysql-server/sql/item_cmpfunc.cc:4011:0:1,/src/mysql-server/sql/item_cmpfunc.cc,4011,4011,0,0,mysql_target_000383;mysql_target_001094
mysql_aflgo_r1,mysql,1,src/mysql-server/sql/item_cmpfunc.cc:4018:0:0,/src/mysql-server/sql/item_cmpfunc.cc,4018,4018,0,0,mysql_target_000383;mysql_target_001094
mysql_aflgo_r1,mysql,1,src/mysql-server/sql/item_cmpfunc.cc:4018:0:1,/src/mysql-server/sql/item_cmpfunc.cc,4018,4018,0,0,mysql_target_000383;mysql_target_001094
mysql_aflgo_r1,mysql,1,src/mysql-server/sql/item_cmpfunc.cc:4019:0:0,/src/mysql-server/sql/item_cmpfunc.cc,4019,4019,0,0,mysql_target_000383;mysql_target_001094
mysql_aflgo_r1,mysql,1,src/mysql-server/sql/item_cmpfunc.cc:4019:0:1,/src/mysql-server/sql/item_cmpfunc.cc,4019,4019,0,0,mysql_target_000383;mysql_target_001094
mysql_aflgo_r1,mysql,1,src/mysql-server/sql/item_cmpfunc.cc:4026:0:0,/src/mysql-server/sql/item_cmpfunc.cc,4026,4026,0,0,mysql_target_000384;mysql_target_001095
mysql_aflgo_r1,mysql,1,src/mysql-server/sql/item_cmpfunc.cc:4026:0:1,/src/mysql-server/sql/item_cmpfunc.cc,4026,4026,0,0,mysql_target_000384;mysql_target_001095
mysql_aflgo_r1,mysql,1,src/mysql-server/sql/item_cmpfunc.cc:4027:0:0,/src/mysql-server/sql/item_cmpfunc.cc,4027,4027,0,0,mysql_target_000384;mysql_target_001095
mysql_aflgo_r1,mysql,1,src/mysql-server/sql/item_cmpfunc.cc:4027:0:1,/src/mysql-server/sql/item_cmpfunc.cc,4027,4027,0,0,mysql_target_000384;mysql_target_001095
mysql_aflgo_r1,mysql,1,src/mysql-server/sql/item_cmpfunc.cc:4034:0:0,/src/mysql-server/sql/item_cmpfunc.cc,4034,4034,0,0,mysql_target_000384;mysql_target_001095
mysql_aflgo_r1,mysql,1,src/mysql-server/sql/item_cmpfunc.cc:4034:0:1,/src/mysql-server/sql/item_cmpfunc.cc,4034,4034,79,1,mysql_target_000384;mysql_target_001095
mysql_aflgo_r1,mysql,1,src/mysql-server/sql/item_cmpfunc.cc:4054:0:0,/src/mysql-server/sql/item_cmpfunc.cc,4054,4054,0,0,mysql_target_000385;mysql_target_001096
mysql_aflgo_r1,mysql,1,src/mysql-server/sql/item_cmpfunc.cc:4054:0:1,/src/mysql-server/sql/item_cmpfunc.cc,4054,4054,79,1,mysql_target_000385;mysql_target_001096
mysql_aflgo_r1,mysql,1,src/mysql-server/sql/item_cmpfunc.cc:4056:0:0,/src/mysql-server/sql/item_cmpfunc.cc,4056,4056,0,0,mysql_target_000385;mysql_target_001096
mysql_aflgo_r1,mysql,1,src/mysql-server/sql/item_cmpfunc.cc:4056:0:1,/src/mysql-server/sql/item_cmpfunc.cc,4056,4056,0,0,mysql_target_000385;mysql_target_001096
mysql_aflgo_r1,mysql,1,src/mysql-server/sql/item_cmpfunc.cc:4129:0:0,/src/mysql-server/sql/item_cmpfunc.cc,4129,4129,0,0,mysql_target_000386;mysql_target_001097
mysql_aflgo_r1,mysql,1,src/mysql-server/sql/item_cmpfunc.cc:4129:0:1,/src/mysql-server/sql/item_cmpfunc.cc,4129,4129,0,0,mysql_target_000386;mysql_target_001097
mysql_aflgo_r1,mysql,1,src/mysql-server/sql/item_cmpfunc.cc:4132:0:0,/src/mysql-server/sql/item_cmpfunc.cc,4132,4132,0,0,mysql_target_000386;mysql_target_001097
mysql_aflgo_r1,mysql,1,src/mysql-server/sql/item_cmpfunc.cc:4132:0:1,/src/mysql-server/sql/item_cmpfunc.cc,4132,4132,0,0,mysql_target_000386;mysql_target_001097
mysql_aflgo_r1,mysql,1,src/mysql-server/sql/item_cmpfunc.cc:4143:0:0,/src/mysql-server/sql/item_cmpfunc.cc,4143,4143,0,0,mysql_target_000386;mysql_target_001097
mysql_aflgo_r1,mysql,1,src/mysql-server/sql/item_cmpfunc.cc:4143:0:1,/src/mysql-server/sql/item_cmpfunc.cc,4143,4143,0,0,mysql_target_000386;mysql_target_001097
mysql_aflgo_r1,mysql,1,src/mysql-server/sql/item_cmpfunc.cc:4147:0:0,/src/mysql-server/sql/item_cmpfunc.cc,4147,4147,0,0,mysql_target_000386;mysql_target_001097
mysql_aflgo_r1,mysql,1,src/mysql-server/sql/item_cmpfunc.cc:4147:0:1,/src/mysql-server/sql/item_cmpfunc.cc,4147,4147,0,0,mysql_target_000386;mysql_target_001097
mysql_aflgo_r1,mysql,1,src/mysql-server/sql/item_cmpfunc.cc:4174:0:0,/src/mysql-server/sql/item_cmpfunc.cc,4174,4174,30,1,mysql_target_000388;mysql_target_001099
mysql_aflgo_r1,mysql,1,src/mysql-server/sql/item_cmpfunc.cc:4174:0:1,/src/mysql-server/sql/item_cmpfunc.cc,4174,4174,656,1,mysql_target_000388;mysql_target_001099
mysql_aflgo_r1,mysql,1,src/mysql-server/sql/item_cmpfunc.cc:4175:0:0,/src/mysql-server/sql/item_cmpfunc.cc,4175,4175,30,1,mysql_target_000388;mysql_target_001099
mysql_aflgo_r1,mysql,1,src/mysql-server/sql/item_cmpfunc.cc:4175:0:1,/src/mysql-server/sql/item_cmpfunc.cc,4175,4175,29,1,mysql_target_000388;mysql_target_001099
mysql_aflgo_r1,mysql,1,src/mysql-server/sql/item_cmpfunc.cc:4177:0:0,/src/mysql-server/sql/item_cmpfunc.cc,4177,4177,1,1,mysql_target_000388;mysql_target_001099
mysql_aflgo_r1,mysql,1,src/mysql-server/sql/item_cmpfunc.cc:4177:0:1,/src/mysql-server/sql/item_cmpfunc.cc,4177,4177,29,1,mysql_target_000388;mysql_target_001099
mysql_aflgo_r1,mysql,1,src/mysql-server/sql/item_cmpfunc.cc:4178:0:0,/src/mysql-server/sql/item_cmpfunc.cc,4178,4178,0,0,mysql_target_000388;mysql_target_001099
mysql_aflgo_r1,mysql,1,src/mysql-server/sql/item_cmpfunc.cc:4178:0:1,/src/mysql-server/sql/item_cmpfunc.cc,4178,4178,29,1,mysql_target_000388;mysql_target_001099
mysql_aflgo_r1,mysql,1,src/mysql-server/sql/item_cmpfunc.cc:4183:0:0,/src/mysql-server/sql/item_cmpfunc.cc,4183,4183,1968,1,mysql_target_000388;mysql_target_001099
mysql_aflgo_r1,mysql,1,src/mysql-server/sql/item_cmpfunc.cc:4183:0:1,/src/mysql-server/sql/item_cmpfunc.cc,4183,4183,0,0,mysql_target_000388;mysql_target_001099
mysql_aflgo_r1,mysql,1,src/mysql-server/sql/item_cmpfunc.cc:4184:0:0,/src/mysql-server/sql/item_cmpfunc.cc,4184,4184,0,0,mysql_target_000388;mysql_target_001099
mysql_aflgo_r1,mysql,1,src/mysql-server/sql/item_cmpfunc.cc:4184:0:1,/src/mysql-server/sql/item_cmpfunc.cc,4184,4184,1968,1,mysql_target_000388;mysql_target_001099
mysql_aflgo_r1,mysql,1,src/mysql-server/sql/item_cmpfunc.cc:4188:0:0,/src/mysql-server/sql/item_cmpfunc.cc,4188,4188,656,1,mysql_target_000388;mysql_target_001099
mysql_aflgo_r1,mysql,1,src/mysql-server/sql/item_cmpfunc.cc:4188:0:1,/src/mysql-server/sql/item_cmpfunc.cc,4188,4188,1312,1,mysql_target_000388;mysql_target_001099
mysql_aflgo_r1,mysql,1,src/mysql-server/sql/item_cmpfunc.cc:4210:0:0,/src/mysql-server/sql/item_cmpfunc.cc,4210,4210,0,0,mysql_target_000389;mysql_target_001100
mysql_aflgo_r1,mysql,1,src/mysql-server/sql/item_cmpfunc.cc:4210:0:1,/src/mysql-server/sql/item_cmpfunc.cc,4210,4210,0,0,mysql_target_000389;mysql_target_001100
mysql_aflgo_r1,mysql,1,src/mysql-server/sql/item_cmpfunc.cc:4212:0:0,/src/mysql-server/sql/item_cmpfunc.cc,4212,4212,0,0,mysql_target_000389;mysql_target_001100
mysql_aflgo_r1,mysql,1,src/mysql-server/sql/item_cmpfunc.cc:4212:0:1,/src/mysql-server/sql/item_cmpfunc.cc,4212,4212,0,0,mysql_target_000389;mysql_target_001100
mysql_aflgo_r1,mysql,1,src/mysql-server/sql/item_cmpfunc.cc:4214:0:0,/src/mysql-server/sql/item_cmpfunc.cc,4214,4214,0,0,mysql_target_000389;mysql_target_001100
mysql_aflgo_r1,mysql,1,src/mysql-server/sql/item_cmpfunc.cc:4214:0:1,/src/mysql-server/sql/item_cmpfunc.cc,4214,4214,0,0,mysql_target_000389;mysql_target_001100
mysql_aflgo_r1,mysql,1,src/mysql-server/sql/item_cmpfunc.cc:4216:0:0,/src/mysql-server/sql/item_cmpfunc.cc,4216,4216,0,0,mysql_target_000389;mysql_target_001100
mysql_aflgo_r1,mysql,1,src/mysql-server/sql/item_cmpfunc.cc:4216:0:1,/src/mysql-server/sql/item_cmpfunc.cc,4216,4216,0,0,mysql_target_000389;mysql_target_001100
mysql_aflgo_r1,mysql,1,src/mysql-server/sql/item_cmpfunc.cc:4218:0:0,/src/mysql-server/sql/item_cmpfunc.cc,4218,4218,0,0,mysql_target_000389;mysql_target_001100
mysql_aflgo_r1,mysql,1,src/mysql-server/sql/item_cmpfunc.cc:4218:0:1,/src/mysql-server/sql/item_cmpfunc.cc,4218,4218,0,0,mysql_target_000389;mysql_target_001100
mysql_aflgo_r1,mysql,1,src/mysql-server/sql/item_cmpfunc.cc:4223:0:0,/src/mysql-server/sql/item_cmpfunc.cc,4223,4223,0,0,mysql_target_000389;mysql_target_001100
mysql_aflgo_r1,mysql,1,src/mysql-server/sql/item_cmpfunc.cc:4223:0:1,/src/mysql-server/sql/item_cmpfunc.cc,4223,4223,0,0,mysql_target_000389;mysql_target_001100
mysql_aflgo_r1,mysql,1,src/mysql-server/sql/item_cmpfunc.cc:4235:0:0,/src/mysql-server/sql/item_cmpfunc.cc,4235,4235,30,1,mysql_target_000390;mysql_target_001101
mysql_aflgo_r1,mysql,1,src/mysql-server/sql/item_cmpfunc.cc:4235:0:1,/src/mysql-server/sql/item_cmpfunc.cc,4235,4235,0,0,mysql_target_000390;mysql_target_001101
mysql_aflgo_r1,mysql,1,src/mysql-server/sql/item_cmpfunc.cc:4241:0:0,/src/mysql-server/sql/item_cmpfunc.cc,4241,4241,0,0,mysql_target_000390;mysql_target_001101
mysql_aflgo_r1,mysql,1,src/mysql-server/sql/item_cmpfunc.cc:4241:0:1,/src/mysql-server/sql/item_cmpfunc.cc,4241,4241,0,0,mysql_target_000390;mysql_target_001101
mysql_aflgo_r1,mysql,1,src/mysql-server/sql/item_cmpfunc.cc:4254:0:0,/src/mysql-server/sql/item_cmpfunc.cc,4254,4254,0,0,mysql_target_000391;mysql_target_001102
mysql_aflgo_r1,mysql,1,src/mysql-server/sql/item_cmpfunc.cc:4254:0:1,/src/mysql-server/sql/item_cmpfunc.cc,4254,4254,0,0,mysql_target_000391;mysql_target_001102
mysql_aflgo_r1,mysql,1,src/mysql-server/sql/item_cmpfunc.cc:4260:0:0,/src/mysql-server/sql/item_cmpfunc.cc,4260,4260,0,0,mysql_target_000392;mysql_target_001103
mysql_aflgo_r1,mysql,1,src/mysql-server/sql/item_cmpfunc.cc:4260:0:1,/src/mysql-server/sql/item_cmpfunc.cc,4260,4260,0,0,mysql_target_000392;mysql_target_001103
mysql_aflgo_r1,mysql,1,src/mysql-server/sql/item_cmpfunc.cc:4273:0:0,/src/mysql-server/sql/item_cmpfunc.cc,4273,4273,656,1,mysql_target_000393;mysql_target_001104
mysql_aflgo_r1,mysql,1,src/mysql-server/sql/item_cmpfunc.cc:4273:0:1,/src/mysql-server/sql/item_cmpfunc.cc,4273,4273,0,0,mysql_target_000393;mysql_target_001104
mysql_aflgo_r1,mysql,1,src/mysql-server/sql/item_cmpfunc.cc:4312:0:0,/src/mysql-server/sql/item_cmpfunc.cc,4312,4312,0,0,mysql_target_000394;mysql_target_001105
mysql_aflgo_r1,mysql,1,src/mysql-server/sql/item_cmpfunc.cc:4312:0:1,/src/mysql-server/sql/item_cmpfunc.cc,4312,4312,0,0,mysql_target_000394;mysql_target_001105
mysql_aflgo_r1,mysql,1,src/mysql-server/sql/item_cmpfunc.cc:4322:0:0,/src/mysql-server/sql/item_cmpfunc.cc,4322,4322,0,0,mysql_target_000394;mysql_target_001105
mysql_aflgo_r1,mysql,1,src/mysql-server/sql/item_cmpfunc.cc:4322:0:1,/src/mysql-server/sql/item_cmpfunc.cc,4322,4322,0,0,mysql_target_000394;mysql_target_001105
mysql_aflgo_r1,mysql,1,src/mysql-server/sql/item_cmpfunc.cc:4326:0:0,/src/mysql-server/sql/item_cmpfunc.cc,4326,4326,0,0,mysql_target_000394;mysql_target_001105
mysql_aflgo_r1,mysql,1,src/mysql-server/sql/item_cmpfunc.cc:4326:0:1,/src/mysql-server/sql/item_cmpfunc.cc,4326,4326,0,0,mysql_target_000394;mysql_target_001105
mysql_aflgo_r1,mysql,1,src/mysql-server/sql/item_cmpfunc.cc:4336:0:0,/src/mysql-server/sql/item_cmpfunc.cc,4336,4336,0,0,mysql_target_000394;mysql_target_001105
mysql_aflgo_r1,mysql,1,src/mysql-server/sql/item_cmpfunc.cc:4336:0:1,/src/mysql-server/sql/item_cmpfunc.cc,4336,4336,0,0,mysql_target_000394;mysql_target_001105
mysql_aflgo_r1,mysql,1,src/mysql-server/sql/item_cmpfunc.cc:4340:0:0,/src/mysql-server/sql/item_cmpfunc.cc,4340,4340,0,0,mysql_target_000394;mysql_target_001105
mysql_aflgo_r1,mysql,1,src/mysql-server/sql/item_cmpfunc.cc:4340:0:1,/src/mysql-server/sql/item_cmpfunc.cc,4340,4340,0,0,mysql_target_000394;mysql_target_001105
mysql_aflgo_r1,mysql,1,src/mysql-server/sql/item_cmpfunc.cc:4357:0:0,/src/mysql-server/sql/item_cmpfunc.cc,4357,4357,0,0,mysql_target_000394;mysql_target_001105
mysql_aflgo_r1,mysql,1,src/mysql-server/sql/item_cmpfunc.cc:4357:0:1,/src/mysql-server/sql/item_cmpfunc.cc,4357,4357,87,1,mysql_target_000394;mysql_target_001105
mysql_aflgo_r1,mysql,1,src/mysql-server/sql/item_cmpfunc.cc:4374:0:0,/src/mysql-server/sql/item_cmpfunc.cc,4374,4374,416,1,mysql_target_000395;mysql_target_001106
mysql_aflgo_r1,mysql,1,src/mysql-server/sql/item_cmpfunc.cc:4374:0:1,/src/mysql-server/sql/item_cmpfunc.cc,4374,4374,176,1,mysql_target_000395;mysql_target_001106
mysql_aflgo_r1,mysql,1,src/mysql-server/sql/item_cmpfunc.cc:4384:0:0,/src/mysql-server/sql/item_cmpfunc.cc,4384,4384,0,0,mysql_target_000395;mysql_target_001106
mysql_aflgo_r1,mysql,1,src/mysql-server/sql/item_cmpfunc.cc:4384:0:1,/src/mysql-server/sql/item_cmpfunc.cc,4384,4384,87,1,mysql_target_000395;mysql_target_001106
mysql_aflgo_r1,mysql,1,src/mysql-server/sql/item_cmpfunc.cc:4401:0:0,/src/mysql-server/sql/item_cmpfunc.cc,4401,4401,369,1,mysql_target_000395;mysql_target_001106
mysql_aflgo_r1,mysql,1,src/mysql-server/sql/item_cmpfunc.cc:4401:0:1,/src/mysql-server/sql/item_cmpfunc.cc,4401,4401,87,1,mysql_target_000395;mysql_target_001106
mysql_aflgo_r1,mysql,1,src/mysql-server/sql/item_cmpfunc.cc:4402:0:0,/src/mysql-server/sql/item_cmpfunc.cc,4402,4402,60,1,mysql_target_000395;mysql_target_001106
mysql_aflgo_r1,mysql,1,src/mysql-server/sql/item_cmpfunc.cc:4402:0:1,/src/mysql-server/sql/item_cmpfunc.cc,4402,4402,27,1,mysql_target_000395;mysql_target_001106
mysql_aflgo_r1,mysql,1,src/mysql-server/sql/item_cmpfunc.cc:4405:0:0,/src/mysql-server/sql/item_cmpfunc.cc,4405,4405,0,0,mysql_target_000395;mysql_target_001106
mysql_aflgo_r1,mysql,1,src/mysql-server/sql/item_cmpfunc.cc:4405:0:1,/src/mysql-server/sql/item_cmpfunc.cc,4405,4405,87,1,mysql_target_000395;mysql_target_001106
mysql_aflgo_r1,mysql,1,src/mysql-server/sql/item_cmpfunc.cc:4414:0:0,/src/mysql-server/sql/item_cmpfunc.cc,4414,4414,369,1,mysql_target_000395;mysql_target_001106
mysql_aflgo_r1,mysql,1,src/mysql-server/sql/item_cmpfunc.cc:4414:0:1,/src/mysql-server/sql/item_cmpfunc.cc,4414,4414,87,1,mysql_target_000395;mysql_target_001106
mysql_aflgo_r1,mysql,1,src/mysql-server/sql/item_cmpfunc.cc:4415:0:0,/src/mysql-server/sql/item_cmpfunc.cc,4415,4415,369,1,mysql_target_000395;mysql_target_001106
mysql_aflgo_r1,mysql,1,src/mysql-server/sql/item_cmpfunc.cc:4415:0:1,/src/mysql-server/sql/item_cmpfunc.cc,4415,4415,0,0,mysql_target_000395;mysql_target_001106
mysql_aflgo_r1,mysql,1,src/mysql-server/sql/item_cmpfunc.cc:4417:0:0,/src/mysql-server/sql/item_cmpfunc.cc,4417,4417,85,1,mysql_target_000395;mysql_target_001106
mysql_aflgo_r1,mysql,1,src/mysql-server/sql/item_cmpfunc.cc:4417:0:1,/src/mysql-server/sql/item_cmpfunc.cc,4417,4417,2,1,mysql_target_000395;mysql_target_001106
mysql_aflgo_r1,mysql,1,src/mysql-server/sql/item_cmpfunc.cc:4418:0:0,/src/mysql-server/sql/item_cmpfunc.cc,4418,4418,85,1,mysql_target_000395;mysql_target_001106
mysql_aflgo_r1,mysql,1,src/mysql-server/sql/item_cmpfunc.cc:4418:0:1,/src/mysql-server/sql/item_cmpfunc.cc,4418,4418,0,0,mysql_target_000395;mysql_target_001106
mysql_aflgo_r1,mysql,1,src/mysql-server/sql/item_cmpfunc.cc:4420:0:0,/src/mysql-server/sql/item_cmpfunc.cc,4420,4420,0,0,mysql_target_000395;mysql_target_001106
mysql_aflgo_r1,mysql,1,src/mysql-server/sql/item_cmpfunc.cc:4420:0:1,/src/mysql-server/sql/item_cmpfunc.cc,4420,4420,87,1,mysql_target_000395;mysql_target_001106
mysql_aflgo_r1,mysql,1,src/mysql-server/sql/item_cmpfunc.cc:4423:0:0,/src/mysql-server/sql/item_cmpfunc.cc,4423,4423,369,1,mysql_target_000395;mysql_target_001106
mysql_aflgo_r1,mysql,1,src/mysql-server/sql/item_cmpfunc.cc:4423:0:1,/src/mysql-server/sql/item_cmpfunc.cc,4423,4423,87,1,mysql_target_000395;mysql_target_001106
mysql_aflgo_r1,mysql,1,src/mysql-server/sql/item_cmpfunc.cc:4424:0:0,/src/mysql-server/sql/item_cmpfunc.cc,4424,4424,85,1,mysql_target_000395;mysql_target_001106
mysql_aflgo_r1,mysql,1,src/mysql-server/sql/item_cmpfunc.cc:4424:0:1,/src/mysql-server/sql/item_cmpfunc.cc,4424,4424,2,1,mysql_target_000395;mysql_target_001106
mysql_aflgo_r1,mysql,1,src/mysql-server/sql/item_cmpfunc.cc:4427:0:0,/src/mysql-server/sql/item_cmpfunc.cc,4427,4427,0,0,mysql_target_000395;mysql_target_001106
mysql_aflgo_r1,mysql,1,src/mysql-server/sql/item_cmpfunc.cc:4427:0:1,/src/mysql-server/sql/item_cmpfunc.cc,4427,4427,87,1,mysql_target_000395;mysql_target_001106
mysql_aflgo_r1,mysql,1,src/mysql-server/sql/item_cmpfunc.cc:4442:0:0,/src/mysql-server/sql/item_cmpfunc.cc,4442,4442,0,0,mysql_target_000395;mysql_target_001106
mysql_aflgo_r1,mysql,1,src/mysql-server/sql/item_cmpfunc.cc:4442:0:1,/src/mysql-server/sql/item_cmpfunc.cc,4442,4442,87,1,mysql_target_000395;mysql_target_001106
mysql_aflgo_r1,mysql,1,src/mysql-server/sql/item_cmpfunc.cc:4445:0:0,/src/mysql-server/sql/item_cmpfunc.cc,4445,4445,2,1,mysql_target_000395;mysql_target_001106
mysql_aflgo_r1,mysql,1,src/mysql-server/sql/item_cmpfunc.cc:4445:0:1,/src/mysql-server/sql/item_cmpfunc.cc,4445,4445,85,1,mysql_target_000395;mysql_target_001106
mysql_aflgo_r1,mysql,1,src/mysql-server/sql/item_cmpfunc.cc:4445:1:2,/src/mysql-server/sql/item_cmpfunc.cc,4445,4445,78,1,mysql_target_000395;mysql_target_001106
mysql_aflgo_r1,mysql,1,src/mysql-server/sql/item_cmpfunc.cc:4445:1:3,/src/mysql-server/sql/item_cmpfunc.cc,4445,4445,7,1,mysql_target_000395;mysql_target_001106
mysql_aflgo_r1,mysql,1,src/mysql-server/sql/item_cmpfunc.cc:4447:0:0,/src/mysql-server/sql/item_cmpfunc.cc,4447,4447,427,1,mysql_target_000395;mysql_target_001106
mysql_aflgo_r1,mysql,1,src/mysql-server/sql/item_cmpfunc.cc:4447:0:1,/src/mysql-server/sql/item_cmpfunc.cc,4447,4447,87,1,mysql_target_000395;mysql_target_001106
mysql_aflgo_r1,mysql,1,src/mysql-server/sql/item_cmpfunc.cc:4456:0:0,/src/mysql-server/sql/item_cmpfunc.cc,4456,4456,369,1,mysql_target_000395;mysql_target_001106
mysql_aflgo_r1,mysql,1,src/mysql-server/sql/item_cmpfunc.cc:4456:0:1,/src/mysql-server/sql/item_cmpfunc.cc,4456,4456,87,1,mysql_target_000395;mysql_target_001106
mysql_aflgo_r1,mysql,1,src/mysql-server/sql/item_cmpfunc.cc:4458:0:0,/src/mysql-server/sql/item_cmpfunc.cc,4458,4458,85,1,mysql_target_000395;mysql_target_001106
mysql_aflgo_r1,mysql,1,src/mysql-server/sql/item_cmpfunc.cc:4458:0:1,/src/mysql-server/sql/item_cmpfunc.cc,4458,4458,2,1,mysql_target_000395;mysql_target_001106
mysql_aflgo_r1,mysql,1,src/mysql-server/sql/item_cmpfunc.cc:4460:0:0,/src/mysql-server/sql/item_cmpfunc.cc,4460,4460,0,0,mysql_target_000395;mysql_target_001106
mysql_aflgo_r1,mysql,1,src/mysql-server/sql/item_cmpfunc.cc:4460:0:1,/src/mysql-server/sql/item_cmpfunc.cc,4460,4460,87,1,mysql_target_000395;mysql_target_001106
mysql_aflgo_r1,mysql,1,src/mysql-server/sql/item_cmpfunc.cc:4463:0:0,/src/mysql-server/sql/item_cmpfunc.cc,4463,4463,31,1,mysql_target_000395;mysql_target_001106
mysql_aflgo_r1,mysql,1,src/mysql-server/sql/item_cmpfunc.cc:4463:0:1,/src/mysql-server/sql/item_cmpfunc.cc,4463,4463,56,1,mysql_target_000395;mysql_target_001106
mysql_aflgo_r1,mysql,1,src/mysql-server/sql/item_cmpfunc.cc:4468:0:0,/src/mysql-server/sql/item_cmpfunc.cc,4468,4468,173,1,mysql_target_000395;mysql_target_001106
mysql_aflgo_r1,mysql,1,src/mysql-server/sql/item_cmpfunc.cc:4468:0:1,/src/mysql-server/sql/item_cmpfunc.cc,4468,4468,31,1,mysql_target_000395;mysql_target_001106
mysql_aflgo_r1,mysql,1,src/mysql-server/sql/item_cmpfunc.cc:4471:0:0,/src/mysql-server/sql/item_cmpfunc.cc,4471,4471,31,1,mysql_target_000395;mysql_target_001106
mysql_aflgo_r1,mysql,1,src/mysql-server/sql/item_cmpfunc.cc:4471:0:1,/src/mysql-server/sql/item_cmpfunc.cc,4471,4471,0,0,mysql_target_000395;mysql_target_001106
mysql_aflgo_r1,mysql,1,src/mysql-server/sql/item_cmpfunc.cc:4478:0:0,/src/mysql-server/sql/item_cmpfunc.cc,4478,4478,60,1,mysql_target_000395;mysql_target_001106
mysql_aflgo_r1,mysql,1,src/mysql-server/sql/item_cmpfunc.cc:4478:0:1,/src/mysql-server/sql/item_cmpfunc.cc,4478,4478,27,1,mysql_target_000395;mysql_target_001106
mysql_aflgo_r1,mysql,1,src/mysql-server/sql/item_cmpfunc.cc:4526:0:0,/src/mysql-server/sql/item_cmpfunc.cc,4526,4526,328,1,mysql_target_000396;mysql_target_001107
mysql_aflgo_r1,mysql,1,src/mysql-server/sql/item_cmpfunc.cc:4526:0:1,/src/mysql-server/sql/item_cmpfunc.cc,4526,4526,60,1,mysql_target_000396;mysql_target_001107
mysql_aflgo_r1,mysql,1,src/mysql-server/sql/item_cmpfunc.cc:4529:0:0,/src/mysql-server/sql/item_cmpfunc.cc,4529,4529,300,1,mysql_target_000396;mysql_target_001107
mysql_aflgo_r1,mysql,1,src/mysql-server/sql/item_cmpfunc.cc:4529:0:1,/src/mysql-server/sql/item_cmpfunc.cc,4529,4529,60,1,mysql_target_000396;mysql_target_001107
mysql_aflgo_r1,mysql,1,src/mysql-server/sql/item_cmpfunc.cc:4531:0:0,/src/mysql-server/sql/item_cmpfunc.cc,4531,4531,60,1,mysql_target_000396;mysql_target_001107
mysql_aflgo_r1,mysql,1,src/mysql-server/sql/item_cmpfunc.cc:4531:0:1,/src/mysql-server/sql/item_cmpfunc.cc,4531,4531,240,1,mysql_target_000396;mysql_target_001107
mysql_aflgo_r1,mysql,1,src/mysql-server/sql/item_cmpfunc.cc:4531:1:2,/src/mysql-server/sql/item_cmpfunc.cc,4531,4531,60,1,mysql_target_000396;mysql_target_001107
mysql_aflgo_r1,mysql,1,src/mysql-server/sql/item_cmpfunc.cc:4531:1:3,/src/mysql-server/sql/item_cmpfunc.cc,4531,4531,0,0,mysql_target_000396;mysql_target_001107
mysql_aflgo_r1,mysql,1,src/mysql-server/sql/item_cmpfunc.cc:4536:0:0,/src/mysql-server/sql/item_cmpfunc.cc,4536,4536,0,0,mysql_target_000396;mysql_target_001107
mysql_aflgo_r1,mysql,1,src/mysql-server/sql/item_cmpfunc.cc:4536:0:1,/src/mysql-server/sql/item_cmpfunc.cc,4536,4536,60,1,mysql_target_000396;mysql_target_001107
mysql_aflgo_r1,mysql,1,src/mysql-server/sql/item_cmpfunc.cc:4578:0:0,/src/mysql-server/sql/item_cmpfunc.cc,4578,4578,0,0,mysql_target_000397;mysql_target_001108
mysql_aflgo_r1,mysql,1,src/mysql-server/sql/item_cmpfunc.cc:4578:0:1,/src/mysql-server/sql/item_cmpfunc.cc,4578,4578,40,1,mysql_target_000397;mysql_target_001108
mysql_aflgo_r1,mysql,1,src/mysql-server/sql/item_cmpfunc.cc:4640:0:0,/src/mysql-server/sql/item_cmpfunc.cc,4640,4640,0,0,mysql_target_000398;mysql_target_001109
mysql_aflgo_r1,mysql,1,src/mysql-server/sql/item_cmpfunc.cc:4640:0:1,/src/mysql-server/sql/item_cmpfunc.cc,4640,4640,0,0,mysql_target_000398;mysql_target_001109
mysql_aflgo_r1,mysql,1,src/mysql-server/sql/item_cmpfunc.cc:4649:0:0,/src/mysql-server/sql/item_cmpfunc.cc,4649,4649,0,0,mysql_target_000399;mysql_target_001110
mysql_aflgo_r1,mysql,1,src/mysql-server/sql/item_cmpfunc.cc:4649:0:1,/src/mysql-server/sql/item_cmpfunc.cc,4649,4649,0,0,mysql_target_000399;mysql_target_001110
mysql_aflgo_r1,mysql,1,src/mysql-server/sql/item_cmpfunc.cc:4651:0:0,/src/mysql-server/sql/item_cmpfunc.cc,4651,4651,0,0,mysql_target_000399;mysql_target_001110
mysql_aflgo_r1,mysql,1,src/mysql-server/sql/item_cmpfunc.cc:4651:0:1,/src/mysql-server/sql/item_cmpfunc.cc,4651,4651,0,0,mysql_target_000399;mysql_target_001110
mysql_aflgo_r1,mysql,1,src/mysql-server/sql/item_cmpfunc.cc:4653:0:0,/src/mysql-server/sql/item_cmpfunc.cc,4653,4653,0,0,mysql_target_000399;mysql_target_001110
mysql_aflgo_r1,mysql,1,src/mysql-server/sql/item_cmpfunc.cc:4653:0:1,/src/mysql-server/sql/item_cmpfunc.cc,4653,4653,0,0,mysql_target_000399;mysql_target_001110
mysql_aflgo_r1,mysql,1,src/mysql-server/sql/item_cmpfunc.cc:5110:0:0,/src/mysql-server/sql/item_cmpfunc.cc,5110,5110,0,0,mysql_target_000401;mysql_target_001112
mysql_aflgo_r1,mysql,1,src/mysql-server/sql/item_cmpfunc.cc:5110:0:1,/src/mysql-server/sql/item_cmpfunc.cc,5110,5110,0,0,mysql_target_000401;mysql_target_001112
mysql_aflgo_r1,mysql,1,src/mysql-server/sql/item_cmpfunc.cc:5167:0:0,/src/mysql-server/sql/item_cmpfunc.cc,5167,5167,0,0,mysql_target_000403;mysql_target_001114
mysql_aflgo_r1,mysql,1,src/mysql-server/sql/item_cmpfunc.cc:5167:0:1,/src/mysql-server/sql/item_cmpfunc.cc,5167,5167,1968,1,mysql_target_000403;mysql_target_001114
mysql_aflgo_r1,mysql,1,src/mysql-server/sql/item_cmpfunc.cc:5170:0:0,/src/mysql-server/sql/item_cmpfunc.cc,5170,5170,0,0,mysql_target_000403;mysql_target_001114
mysql_aflgo_r1,mysql,1,src/mysql-server/sql/item_cmpfunc.cc:5170:0:1,/src/mysql-server/sql/item_cmpfunc.cc,5170,5170,1968,1,mysql_target_000403;mysql_target_001114
mysql_aflgo_r1,mysql,1,src/mysql-server/sql/item_cmpfunc.cc:5250:0:0,/src/mysql-server/sql/item_cmpfunc.cc,5250,5250,0,0,mysql_target_000404;mysql_target_001115
mysql_aflgo_r1,mysql,1,src/mysql-server/sql/item_cmpfunc.cc:5250:0:1,/src/mysql-server/sql/item_cmpfunc.cc,5250,5250,0,0,mysql_target_000404;mysql_target_001115
mysql_aflgo_r1,mysql,1,src/mysql-server/sql/item_cmpfunc.cc:5255:0:0,/src/mysql-server/sql/item_cmpfunc.cc,5255,5255,0,0,mysql_target_000404;mysql_target_001115
mysql_aflgo_r1,mysql,1,src/mysql-server/sql/item_cmpfunc.cc:5255:0:1,/src/mysql-server/sql/item_cmpfunc.cc,5255,5255,0,0,mysql_target_000404;mysql_target_001115
mysql_aflgo_r1,mysql,1,src/mysql-server/sql/item_cmpfunc.cc:5283:0:0,/src/mysql-server/sql/item_cmpfunc.cc,5283,5283,0,0,mysql_target_000405;mysql_target_001116
mysql_aflgo_r1,mysql,1,src/mysql-server/sql/item_cmpfunc.cc:5283:0:1,/src/mysql-server/sql/item_cmpfunc.cc,5283,5283,0,0,mysql_target_000405;mysql_target_001116
mysql_aflgo_r1,mysql,1,src/mysql-server/sql/item_cmpfunc.cc:5510:0:0,/src/mysql-server/sql/item_cmpfunc.cc,5510,5510,0,0,mysql_target_000407;mysql_target_001118
mysql_aflgo_r1,mysql,1,src/mysql-server/sql/item_cmpfunc.cc:5510:0:1,/src/mysql-server/sql/item_cmpfunc.cc,5510,5510,0,0,mysql_target_000407;mysql_target_001118
mysql_aflgo_r1,mysql,1,src/mysql-server/sql/item_cmpfunc.cc:5516:0:0,/src/mysql-server/sql/item_cmpfunc.cc,5516,5516,0,0,mysql_target_000407;mysql_target_001118
mysql_aflgo_r1,mysql,1,src/mysql-server/sql/item_cmpfunc.cc:5516:0:1,/src/mysql-server/sql/item_cmpfunc.cc,5516,5516,0,0,mysql_target_000407;mysql_target_001118
mysql_aflgo_r1,mysql,1,src/mysql-server/sql/item_cmpfunc.cc:5532:0:0,/src/mysql-server/sql/item_cmpfunc.cc,5532,5532,0,0,mysql_target_000407;mysql_target_001118
mysql_aflgo_r1,mysql,1,src/mysql-server/sql/item_cmpfunc.cc:5532:0:1,/src/mysql-server/sql/item_cmpfunc.cc,5532,5532,0,0,mysql_target_000407;mysql_target_001118
mysql_aflgo_r1,mysql,1,src/mysql-server/sql/item_cmpfunc.cc:5536:0:0,/src/mysql-server/sql/item_cmpfunc.cc,5536,5536,0,0,mysql_target_000407;mysql_target_001118
mysql_aflgo_r1,mysql,1,src/mysql-server/sql/item_cmpfunc.cc:5536:0:1,/src/mysql-server/sql/item_cmpfunc.cc,5536,5536,0,0,mysql_target_000407;mysql_target_001118
mysql_aflgo_r1,mysql,1,src/mysql-server/sql/item_cmpfunc.cc:5536:1:2,/src/mysql-server/sql/item_cmpfunc.cc,5536,5536,0,0,mysql_target_000407;mysql_target_001118
mysql_aflgo_r1,mysql,1,src/mysql-server/sql/item_cmpfunc.cc:5536:1:3,/src/mysql-server/sql/item_cmpfunc.cc,5536,5536,0,0,mysql_target_000407;mysql_target_001118
mysql_aflgo_r1,mysql,1,src/mysql-server/sql/item_cmpfunc.cc:5544:0:0,/src/mysql-server/sql/item_cmpfunc.cc,5544,5544,0,0,mysql_target_000407;mysql_target_001118
mysql_aflgo_r1,mysql,1,src/mysql-server/sql/item_cmpfunc.cc:5544:0:1,/src/mysql-server/sql/item_cmpfunc.cc,5544,5544,0,0,mysql_target_000407;mysql_target_001118
mysql_aflgo_r1,mysql,1,src/mysql-server/sql/item_cmpfunc.cc:5545:0:0,/src/mysql-server/sql/item_cmpfunc.cc,5545,5545,0,0,mysql_target_000407;mysql_target_001118
mysql_aflgo_r1,mysql,1,src/mysql-server/sql/item_cmpfunc.cc:5545:0:1,/src/mysql-server/sql/item_cmpfunc.cc,5545,5545,0,0,mysql_target_000407;mysql_target_001118
mysql_aflgo_r1,mysql,1,src/mysql-server/sql/item_cmpfunc.cc:5553:0:0,/src/mysql-server/sql/item_cmpfunc.cc,5553,5553,10,1,mysql_target_000407;mysql_target_001118
mysql_aflgo_r1,mysql,1,src/mysql-server/sql/item_cmpfunc.cc:5553:0:1,/src/mysql-server/sql/item_cmpfunc.cc,5553,5553,0,0,mysql_target_000407;mysql_target_001118
mysql_aflgo_r1,mysql,1,src/mysql-server/sql/item_cmpfunc.cc:5557:0:0,/src/mysql-server/sql/item_cmpfunc.cc,5557,5557,0,0,mysql_target_000407;mysql_target_001118
mysql_aflgo_r1,mysql,1,src/mysql-server/sql/item_cmpfunc.cc:5557:0:1,/src/mysql-server/sql/item_cmpfunc.cc,5557,5557,0,0,mysql_target_000407;mysql_target_001118
mysql_aflgo_r1,mysql,1,src/mysql-server/sql/item_cmpfunc.cc:5559:0:0,/src/mysql-server/sql/item_cmpfunc.cc,5559,5559,0,0,mysql_target_000407;mysql_target_001118
mysql_aflgo_r1,mysql,1,src/mysql-server/sql/item_cmpfunc.cc:5559:0:1,/src/mysql-server/sql/item_cmpfunc.cc,5559,5559,0,0,mysql_target_000407;mysql_target_001118
mysql_aflgo_r1,mysql,1,src/mysql-server/sql/item_cmpfunc.cc:5594:0:0,/src/mysql-server/sql/item_cmpfunc.cc,5594,5594,0,0,mysql_target_000407;mysql_target_001118
mysql_aflgo_r1,mysql,1,src/mysql-server/sql/item_cmpfunc.cc:5594:0:1,/src/mysql-server/sql/item_cmpfunc.cc,5594,5594,30,1,mysql_target_000407;mysql_target_001118
mysql_aflgo_r1,mysql,1,src/mysql-server/sql/item_cmpfunc.cc:5606:0:0,/src/mysql-server/sql/item_cmpfunc.cc,5606,5606,0,0,mysql_target_000407;mysql_target_001118
mysql_aflgo_r1,mysql,1,src/mysql-server/sql/item_cmpfunc.cc:5606:0:1,/src/mysql-server/sql/item_cmpfunc.cc,5606,5606,30,1,mysql_target_000407;mysql_target_001118
mysql_aflgo_r1,mysql,1,src/mysql-server/sql/item_cmpfunc.cc:5617:0:0,/src/mysql-server/sql/item_cmpfunc.cc,5617,5617,0,0,mysql_target_000407;mysql_target_001118
mysql_aflgo_r1,mysql,1,src/mysql-server/sql/item_cmpfunc.cc:5617:0:1,/src/mysql-server/sql/item_cmpfunc.cc,5617,5617,30,1,mysql_target_000407;mysql_target_001118
mysql_aflgo_r1,mysql,1,src/mysql-server/sql/item_cmpfunc.cc:5622:0:0,/src/mysql-server/sql/item_cmpfunc.cc,5622,5622,146,1,mysql_target_000407;mysql_target_001118
mysql_aflgo_r1,mysql,1,src/mysql-server/sql/item_cmpfunc.cc:5622:0:1,/src/mysql-server/sql/item_cmpfunc.cc,5622,5622,30,1,mysql_target_000407;mysql_target_001118
mysql_aflgo_r1,mysql,1,src/mysql-server/sql/item_cmpfunc.cc:5624:0:0,/src/mysql-server/sql/item_cmpfunc.cc,5624,5624,0,0,mysql_target_000407;mysql_target_001118
mysql_aflgo_r1,mysql,1,src/mysql-server/sql/item_cmpfunc.cc:5624:0:1,/src/mysql-server/sql/item_cmpfunc.cc,5624,5624,146,1,mysql_target_000407;mysql_target_001118
mysql_aflgo_r1,mysql,1,src/mysql-server/sql/item_cmpfunc.cc:5627:0:0,/src/mysql-server/sql/item_cmpfunc.cc,5627,5627,0,0,mysql_target_000407;mysql_target_001118
mysql_aflgo_r1,mysql,1,src/mysql-server/sql/item_cmpfunc.cc:5627:0:1,/src/mysql-server/sql/item_cmpfunc.cc,5627,5627,0,0,mysql_target_000407;mysql_target_001118
mysql_aflgo_r1,mysql,1,src/mysql-server/sql/item_cmpfunc.cc:5632:0:0,/src/mysql-server/sql/item_cmpfunc.cc,5632,5632,0,0,mysql_target_000407;mysql_target_001118
mysql_aflgo_r1,mysql,1,src/mysql-server/sql/item_cmpfunc.cc:5632:0:1,/src/mysql-server/sql/item_cmpfunc.cc,5632,5632,146,1,mysql_target_000407;mysql_target_001118
mysql_aflgo_r1,mysql,1,src/mysql-server/sql/item_cmpfunc.cc:5637:0:0,/src/mysql-server/sql/item_cmpfunc.cc,5637,5637,0,0,mysql_target_000407;mysql_target_001118
mysql_aflgo_r1,mysql,1,src/mysql-server/sql/item_cmpfunc.cc:5637:0:1,/src/mysql-server/sql/item_cmpfunc.cc,5637,5637,30,1,mysql_target_000407;mysql_target_001118
mysql_aflgo_r1,mysql,1,src/mysql-server/sql/item_cmpfunc.cc:5638:0:0,/src/mysql-server/sql/item_cmpfunc.cc,5638,5638,0,0,mysql_target_000407;mysql_target_001118
mysql_aflgo_r1,mysql,1,src/mysql-server/sql/item_cmpfunc.cc:5638:0:1,/src/mysql-server/sql/item_cmpfunc.cc,5638,5638,0,0,mysql_target_000407;mysql_target_001118
mysql_aflgo_r1,mysql,1,src/mysql-server/sql/item_cmpfunc.cc:5643:0:0,/src/mysql-server/sql/item_cmpfunc.cc,5643,5643,150,1,mysql_target_000407;mysql_target_001118
mysql_aflgo_r1,mysql,1,src/mysql-server/sql/item_cmpfunc.cc:5643:0:1,/src/mysql-server/sql/item_cmpfunc.cc,5643,5643,30,1,mysql_target_000407;mysql_target_001118
mysql_aflgo_r1,mysql,1,src/mysql-server/sql/item_cmpfunc.cc:5644:0:0,/src/mysql-server/sql/item_cmpfunc.cc,5644,5644,30,1,mysql_target_000407;mysql_target_001118
mysql_aflgo_r1,mysql,1,src/mysql-server/sql/item_cmpfunc.cc:5644:0:1,/src/mysql-server/sql/item_cmpfunc.cc,5644,5644,120,1,mysql_target_000407;mysql_target_001118
mysql_aflgo_r1,mysql,1,src/mysql-server/sql/item_cmpfunc.cc:5656:0:0,/src/mysql-server/sql/item_cmpfunc.cc,5656,5656,146,1,mysql_target_000407;mysql_target_001118
mysql_aflgo_r1,mysql,1,src/mysql-server/sql/item_cmpfunc.cc:5656:0:1,/src/mysql-server/sql/item_cmpfunc.cc,5656,5656,30,1,mysql_target_000407;mysql_target_001118
mysql_aflgo_r1,mysql,1,src/mysql-server/sql/item_cmpfunc.cc:5661:0:0,/src/mysql-server/sql/item_cmpfunc.cc,5661,5661,0,0,mysql_target_000407;mysql_target_001118
mysql_aflgo_r1,mysql,1,src/mysql-server/sql/item_cmpfunc.cc:5661:0:1,/src/mysql-server/sql/item_cmpfunc.cc,5661,5661,30,1,mysql_target_000407;mysql_target_001118
mysql_aflgo_r1,mysql,1,src/mysql-server/sql/item_cmpfunc.cc:5672:0:0,/src/mysql-server/sql/item_cmpfunc.cc,5672,5672,180,1,mysql_target_000407;mysql_target_001118
mysql_aflgo_r1,mysql,1,src/mysql-server/sql/item_cmpfunc.cc:5672:0:1,/src/mysql-server/sql/item_cmpfunc.cc,5672,5672,30,1,mysql_target_000407;mysql_target_001118
mysql_aflgo_r1,mysql,1,src/mysql-server/sql/item_cmpfunc.cc:5673:0:0,/src/mysql-server/sql/item_cmpfunc.cc,5673,5673,0,0,mysql_target_000407;mysql_target_001118
mysql_aflgo_r1,mysql,1,src/mysql-server/sql/item_cmpfunc.cc:5673:0:1,/src/mysql-server/sql/item_cmpfunc.cc,5673,5673,180,1,mysql_target_000407;mysql_target_001118
mysql_aflgo_r1,mysql,1,src/mysql-server/sql/item_cmpfunc.cc:5687:0:0,/src/mysql-server/sql/item_cmpfunc.cc,5687,5687,30,1,mysql_target_000407;mysql_target_001118
mysql_aflgo_r1,mysql,1,src/mysql-server/sql/item_cmpfunc.cc:5687:0:1,/src/mysql-server/sql/item_cmpfunc.cc,5687,5687,0,0,mysql_target_000407;mysql_target_001118
mysql_aflgo_r1,mysql,1,src/mysql-server/sql/item_cmpfunc.cc:5688:0:0,/src/mysql-server/sql/item_cmpfunc.cc,5688,5688,30,1,mysql_target_000407;mysql_target_001118
mysql_aflgo_r1,mysql,1,src/mysql-server/sql/item_cmpfunc.cc:5688:0:1,/src/mysql-server/sql/item_cmpfunc.cc,5688,5688,0,0,mysql_target_000407;mysql_target_001118
mysql_aflgo_r1,mysql,1,src/mysql-server/sql/item_cmpfunc.cc:5689:0:0,/src/mysql-server/sql/item_cmpfunc.cc,5689,5689,30,1,mysql_target_000407;mysql_target_001118
mysql_aflgo_r1,mysql,1,src/mysql-server/sql/item_cmpfunc.cc:5689:0:1,/src/mysql-server/sql/item_cmpfunc.cc,5689,5689,0,0,mysql_target_000407;mysql_target_001118
mysql_aflgo_r1,mysql,1,src/mysql-server/sql/item_cmpfunc.cc:5690:0:0,/src/mysql-server/sql/item_cmpfunc.cc,5690,5690,30,1,mysql_target_000407;mysql_target_001118
mysql_aflgo_r1,mysql,1,src/mysql-server/sql/item_cmpfunc.cc:5690:0:1,/src/mysql-server/sql/item_cmpfunc.cc,5690,5690,0,0,mysql_target_000407;mysql_target_001118
mysql_aflgo_r1,mysql,1,src/mysql-server/sql/item_cmpfunc.cc:5701:0:0,/src/mysql-server/sql/item_cmpfunc.cc,5701,5701,0,0,mysql_target_000407;mysql_target_001118
mysql_aflgo_r1,mysql,1,src/mysql-server/sql/item_cmpfunc.cc:5701:0:1,/src/mysql-server/sql/item_cmpfunc.cc,5701,5701,30,1,mysql_target_000407;mysql_target_001118
mysql_aflgo_r1,mysql,1,src/mysql-server/sql/item_cmpfunc.cc:5702:0:0,/src/mysql-server/sql/item_cmpfunc.cc,5702,5702,0,0,mysql_target_000407;mysql_target_001118;mysql_target_001120
mysql_aflgo_r1,mysql,1,src/mysql-server/sql/item_cmpfunc.cc:5702:0:1,/src/mysql-server/sql/item_cmpfunc.cc,5702,5702,0,0,mysql_target_000407;mysql_target_001118;mysql_target_001120
mysql_aflgo_r1,mysql,1,src/mysql-server/sql/item_cmpfunc.cc:5702:1:2,/src/mysql-server/sql/item_cmpfunc.cc,5702,5702,0,0,mysql_target_000407;mysql_target_001118;mysql_target_001120
mysql_aflgo_r1,mysql,1,src/mysql-server/sql/item_cmpfunc.cc:5702:1:3,/src/mysql-server/sql/item_cmpfunc.cc,5702,5702,0,0,mysql_target_000407;mysql_target_001118;mysql_target_001120
mysql_aflgo_r1,mysql,1,src/mysql-server/sql/item_cmpfunc.cc:5703:0:0,/src/mysql-server/sql/item_cmpfunc.cc,5703,5703,0,0,mysql_target_000407;mysql_target_001118;mysql_target_001120
mysql_aflgo_r1,mysql,1,src/mysql-server/sql/item_cmpfunc.cc:5703:0:1,/src/mysql-server/sql/item_cmpfunc.cc,5703,5703,0,0,mysql_target_000407;mysql_target_001118;mysql_target_001120
mysql_aflgo_r1,mysql,1,src/mysql-server/sql/item_cmpfunc.cc:5703:1:2,/src/mysql-server/sql/item_cmpfunc.cc,5703,5703,0,0,mysql_target_000407;mysql_target_001118;mysql_target_001120
mysql_aflgo_r1,mysql,1,src/mysql-server/sql/item_cmpfunc.cc:5703:1:3,/src/mysql-server/sql/item_cmpfunc.cc,5703,5703,0,0,mysql_target_000407;mysql_target_001118;mysql_target_001120
mysql_aflgo_r1,mysql,1,src/mysql-server/sql/item_cmpfunc.cc:5710:0:0,/src/mysql-server/sql/item_cmpfunc.cc,5710,5710,30,1,mysql_target_000407;mysql_target_001118;mysql_target_001120
mysql_aflgo_r1,mysql,1,src/mysql-server/sql/item_cmpfunc.cc:5710:0:1,/src/mysql-server/sql/item_cmpfunc.cc,5710,5710,0,0,mysql_target_000407;mysql_target_001118;mysql_target_001120
mysql_aflgo_r1,mysql,1,src/mysql-server/sql/item_cmpfunc.cc:5710:1:2,/src/mysql-server/sql/item_cmpfunc.cc,5710,5710,30,1,mysql_target_000407;mysql_target_001118;mysql_target_001120
mysql_aflgo_r1,mysql,1,src/mysql-server/sql/item_cmpfunc.cc:5710:1:3,/src/mysql-server/sql/item_cmpfunc.cc,5710,5710,0,0,mysql_target_000407;mysql_target_001118;mysql_target_001120
mysql_aflgo_r1,mysql,1,src/mysql-server/sql/item_cmpfunc.cc:5711:0:0,/src/mysql-server/sql/item_cmpfunc.cc,5711,5711,20,1,mysql_target_000407;mysql_target_001118;mysql_target_001120
mysql_aflgo_r1,mysql,1,src/mysql-server/sql/item_cmpfunc.cc:5711:0:1,/src/mysql-server/sql/item_cmpfunc.cc,5711,5711,10,1,mysql_target_000407;mysql_target_001118;mysql_target_001120
mysql_aflgo_r1,mysql,1,src/mysql-server/sql/item_cmpfunc.cc:5712:0:0,/src/mysql-server/sql/item_cmpfunc.cc,5712,5712,0,0,mysql_target_000407;mysql_target_001118;mysql_target_001120
mysql_aflgo_r1,mysql,1,src/mysql-server/sql/item_cmpfunc.cc:5712:0:1,/src/mysql-server/sql/item_cmpfunc.cc,5712,5712,20,1,mysql_target_000407;mysql_target_001118;mysql_target_001120
mysql_aflgo_r1,mysql,1,src/mysql-server/sql/item_cmpfunc.cc:5714:0:0,/src/mysql-server/sql/item_cmpfunc.cc,5714,5714,0,0,mysql_target_000407;mysql_target_001118
mysql_aflgo_r1,mysql,1,src/mysql-server/sql/item_cmpfunc.cc:5714:0:1,/src/mysql-server/sql/item_cmpfunc.cc,5714,5714,30,1,mysql_target_000407;mysql_target_001118
mysql_aflgo_r1,mysql,1,src/mysql-server/sql/item_cmpfunc.cc:5717:0:0,/src/mysql-server/sql/item_cmpfunc.cc,5717,5717,0,0,mysql_target_000407;mysql_target_001118
mysql_aflgo_r1,mysql,1,src/mysql-server/sql/item_cmpfunc.cc:5717:0:1,/src/mysql-server/sql/item_cmpfunc.cc,5717,5717,0,0,mysql_target_000407;mysql_target_001118
mysql_aflgo_r1,mysql,1,src/mysql-server/sql/item_cmpfunc.cc:5718:0:0,/src/mysql-server/sql/item_cmpfunc.cc,5718,5718,0,0,mysql_target_000407;mysql_target_001118
mysql_aflgo_r1,mysql,1,src/mysql-server/sql/item_cmpfunc.cc:5718:0:1,/src/mysql-server/sql/item_cmpfunc.cc,5718,5718,0,0,mysql_target_000407;mysql_target_001118
mysql_aflgo_r1,mysql,1,src/mysql-server/sql/item_cmpfunc.cc:5721:0:0,/src/mysql-server/sql/item_cmpfunc.cc,5721,5721,0,0,mysql_target_000407;mysql_target_001118
mysql_aflgo_r1,mysql,1,src/mysql-server/sql/item_cmpfunc.cc:5721:0:1,/src/mysql-server/sql/item_cmpfunc.cc,5721,5721,0,0,mysql_target_000407;mysql_target_001118
mysql_aflgo_r1,mysql,1,src/mysql-server/sql/item_cmpfunc.cc:5722:0:0,/src/mysql-server/sql/item_cmpfunc.cc,5722,5722,0,0,mysql_target_000407;mysql_target_001118
mysql_aflgo_r1,mysql,1,src/mysql-server/sql/item_cmpfunc.cc:5722:0:1,/src/mysql-server/sql/item_cmpfunc.cc,5722,5722,0,0,mysql_target_000407;mysql_target_001118
mysql_aflgo_r1,mysql,1,src/mysql-server/sql/item_cmpfunc.cc:5735:0:0,/src/mysql-server/sql/item_cmpfunc.cc,5735,5735,0,0,mysql_target_000407;mysql_target_001118
mysql_aflgo_r1,mysql,1,src/mysql-server/sql/item_cmpfunc.cc:5735:0:1,/src/mysql-server/sql/item_cmpfunc.cc,5735,5735,0,0,mysql_target_000407;mysql_target_001118
mysql_aflgo_r1,mysql,1,src/mysql-server/sql/item_cmpfunc.cc:5736:0:0,/src/mysql-server/sql/item_cmpfunc.cc,5736,5736,0,0,mysql_target_000407;mysql_target_001118
mysql_aflgo_r1,mysql,1,src/mysql-server/sql/item_cmpfunc.cc:5736:0:1,/src/mysql-server/sql/item_cmpfunc.cc,5736,5736,0,0,mysql_target_000407;mysql_target_001118
mysql_aflgo_r1,mysql,1,src/mysql-server/sql/item_cmpfunc.cc:5738:0:0,/src/mysql-server/sql/item_cmpfunc.cc,5738,5738,0,0,mysql_target_000407;mysql_target_001118
mysql_aflgo_r1,mysql,1,src/mysql-server/sql/item_cmpfunc.cc:5738:0:1,/src/mysql-server/sql/item_cmpfunc.cc,5738,5738,0,0,mysql_target_000407;mysql_target_001118
mysql_aflgo_r1,mysql,1,src/mysql-server/sql/item_cmpfunc.cc:5739:0:0,/src/mysql-server/sql/item_cmpfunc.cc,5739,5739,0,0,mysql_target_000407;mysql_target_001118
mysql_aflgo_r1,mysql,1,src/mysql-server/sql/item_cmpfunc.cc:5739:0:1,/src/mysql-server/sql/item_cmpfunc.cc,5739,5739,0,0,mysql_target_000407;mysql_target_001118
mysql_aflgo_r1,mysql,1,src/mysql-server/sql/item_cmpfunc.cc:5746:0:0,/src/mysql-server/sql/item_cmpfunc.cc,5746,5746,0,0,mysql_target_000407;mysql_target_001118
mysql_aflgo_r1,mysql,1,src/mysql-server/sql/item_cmpfunc.cc:5746:0:1,/src/mysql-server/sql/item_cmpfunc.cc,5746,5746,0,0,mysql_target_000407;mysql_target_001118
mysql_aflgo_r1,mysql,1,src/mysql-server/sql/item_cmpfunc.cc:5749:0:0,/src/mysql-server/sql/item_cmpfunc.cc,5749,5749,0,0,mysql_target_000407;mysql_target_001118
mysql_aflgo_r1,mysql,1,src/mysql-server/sql/item_cmpfunc.cc:5749:0:1,/src/mysql-server/sql/item_cmpfunc.cc,5749,5749,0,0,mysql_target_000407;mysql_target_001118
mysql_aflgo_r1,mysql,1,src/mysql-server/sql/item_cmpfunc.cc:5755:0:0,/src/mysql-server/sql/item_cmpfunc.cc,5755,5755,20,1,mysql_target_000407;mysql_target_001118
mysql_aflgo_r1,mysql,1,src/mysql-server/sql/item_cmpfunc.cc:5755:0:1,/src/mysql-server/sql/item_cmpfunc.cc,5755,5755,10,1,mysql_target_000407;mysql_target_001118
mysql_aflgo_r1,mysql,1,src/mysql-server/sql/item_cmpfunc.cc:5762:0:0,/src/mysql-server/sql/item_cmpfunc.cc,5762,5762,136,1,mysql_target_000407;mysql_target_001118
mysql_aflgo_r1,mysql,1,src/mysql-server/sql/item_cmpfunc.cc:5762:0:1,/src/mysql-server/sql/item_cmpfunc.cc,5762,5762,20,1,mysql_target_000407;mysql_target_001118
mysql_aflgo_r1,mysql,1,src/mysql-server/sql/item_cmpfunc.cc:5764:0:0,/src/mysql-server/sql/item_cmpfunc.cc,5764,5764,0,0,mysql_target_000407;mysql_target_001118
mysql_aflgo_r1,mysql,1,src/mysql-server/sql/item_cmpfunc.cc:5764:0:1,/src/mysql-server/sql/item_cmpfunc.cc,5764,5764,136,1,mysql_target_000407;mysql_target_001118
mysql_aflgo_r1,mysql,1,src/mysql-server/sql/item_cmpfunc.cc:5765:0:0,/src/mysql-server/sql/item_cmpfunc.cc,5765,5765,0,0,mysql_target_000407;mysql_target_001118
mysql_aflgo_r1,mysql,1,src/mysql-server/sql/item_cmpfunc.cc:5765:0:1,/src/mysql-server/sql/item_cmpfunc.cc,5765,5765,0,0,mysql_target_000407;mysql_target_001118
mysql_aflgo_r1,mysql,1,src/mysql-server/sql/item_cmpfunc.cc:5768:0:0,/src/mysql-server/sql/item_cmpfunc.cc,5768,5768,0,0,mysql_target_000407;mysql_target_001118
mysql_aflgo_r1,mysql,1,src/mysql-server/sql/item_cmpfunc.cc:5768:0:1,/src/mysql-server/sql/item_cmpfunc.cc,5768,5768,0,0,mysql_target_000407;mysql_target_001118
mysql_aflgo_r1,mysql,1,src/mysql-server/sql/item_cmpfunc.cc:5770:0:0,/src/mysql-server/sql/item_cmpfunc.cc,5770,5770,0,0,mysql_target_000407;mysql_target_001118
mysql_aflgo_r1,mysql,1,src/mysql-server/sql/item_cmpfunc.cc:5770:0:1,/src/mysql-server/sql/item_cmpfunc.cc,5770,5770,0,0,mysql_target_000407;mysql_target_001118
mysql_aflgo_r1,mysql,1,src/mysql-server/sql/item_cmpfunc.cc:5771:0:0,/src/mysql-server/sql/item_cmpfunc.cc,5771,5771,0,0,mysql_target_000407;mysql_target_001118
mysql_aflgo_r1,mysql,1,src/mysql-server/sql/item_cmpfunc.cc:5771:0:1,/src/mysql-server/sql/item_cmpfunc.cc,5771,5771,0,0,mysql_target_000407;mysql_target_001118
mysql_aflgo_r1,mysql,1,src/mysql-server/sql/item_cmpfunc.cc:5777:0:0,/src/mysql-server/sql/item_cmpfunc.cc,5777,5777,0,0,mysql_target_000407;mysql_target_001118
mysql_aflgo_r1,mysql,1,src/mysql-server/sql/item_cmpfunc.cc:5777:0:1,/src/mysql-server/sql/item_cmpfunc.cc,5777,5777,20,1,mysql_target_000407;mysql_target_001118
mysql_aflgo_r1,mysql,1,src/mysql-server/sql/item_cmpfunc.cc:5780:0:0,/src/mysql-server/sql/item_cmpfunc.cc,5780,5780,0,0,mysql_target_000407;mysql_target_001118
mysql_aflgo_r1,mysql,1,src/mysql-server/sql/item_cmpfunc.cc:5780:0:1,/src/mysql-server/sql/item_cmpfunc.cc,5780,5780,10,1,mysql_target_000407;mysql_target_001118
mysql_aflgo_r1,mysql,1,src/mysql-server/sql/item_cmpfunc.cc:5781:0:0,/src/mysql-server/sql/item_cmpfunc.cc,5781,5781,0,0,mysql_target_000407;mysql_target_001118
mysql_aflgo_r1,mysql,1,src/mysql-server/sql/item_cmpfunc.cc:5781:0:1,/src/mysql-server/sql/item_cmpfunc.cc,5781,5781,0,0,mysql_target_000407;mysql_target_001118
mysql_aflgo_r1,mysql,1,src/mysql-server/sql/item_cmpfunc.cc:5790:0:0,/src/mysql-server/sql/item_cmpfunc.cc,5790,5790,0,0,mysql_target_000407;mysql_target_001118
mysql_aflgo_r1,mysql,1,src/mysql-server/sql/item_cmpfunc.cc:5790:0:1,/src/mysql-server/sql/item_cmpfunc.cc,5790,5790,0,0,mysql_target_000407;mysql_target_001118
mysql_aflgo_r1,mysql,1,src/mysql-server/sql/item_cmpfunc.cc:5793:0:0,/src/mysql-server/sql/item_cmpfunc.cc,5793,5793,0,0,mysql_target_000407;mysql_target_001118
mysql_aflgo_r1,mysql,1,src/mysql-server/sql/item_cmpfunc.cc:5793:0:1,/src/mysql-server/sql/item_cmpfunc.cc,5793,5793,10,1,mysql_target_000407;mysql_target_001118
mysql_aflgo_r1,mysql,1,src/mysql-server/sql/item_cmpfunc.cc:5794:0:0,/src/mysql-server/sql/item_cmpfunc.cc,5794,5794,0,0,mysql_target_000407;mysql_target_001118
mysql_aflgo_r1,mysql,1,src/mysql-server/sql/item_cmpfunc.cc:5794:0:1,/src/mysql-server/sql/item_cmpfunc.cc,5794,5794,0,0,mysql_target_000407;mysql_target_001118
mysql_aflgo_r1,mysql,1,src/mysql-server/sql/item_cmpfunc.cc:5852:0:0,/src/mysql-server/sql/item_cmpfunc.cc,5852,5852,0,0,mysql_target_000409;mysql_target_001121
mysql_aflgo_r1,mysql,1,src/mysql-server/sql/item_cmpfunc.cc:5852:0:1,/src/mysql-server/sql/item_cmpfunc.cc,5852,5852,30,1,mysql_target_000409;mysql_target_001121
mysql_aflgo_r1,mysql,1,src/mysql-server/sql/item_cmpfunc.cc:5856:0:0,/src/mysql-server/sql/item_cmpfunc.cc,5856,5856,0,0,mysql_target_000409;mysql_target_001121
mysql_aflgo_r1,mysql,1,src/mysql-server/sql/item_cmpfunc.cc:5856:0:1,/src/mysql-server/sql/item_cmpfunc.cc,5856,5856,30,1,mysql_target_000409;mysql_target_001121
mysql_aflgo_r1,mysql,1,src/mysql-server/sql/item_cmpfunc.cc:5860:0:0,/src/mysql-server/sql/item_cmpfunc.cc,5860,5860,0,0,mysql_target_000409;mysql_target_001121
mysql_aflgo_r1,mysql,1,src/mysql-server/sql/item_cmpfunc.cc:5860:0:1,/src/mysql-server/sql/item_cmpfunc.cc,5860,5860,30,1,mysql_target_000409;mysql_target_001121
mysql_aflgo_r1,mysql,1,src/mysql-server/sql/item_cmpfunc.cc:5863:0:0,/src/mysql-server/sql/item_cmpfunc.cc,5863,5863,0,0,mysql_target_000409;mysql_target_001121
mysql_aflgo_r1,mysql,1,src/mysql-server/sql/item_cmpfunc.cc:5863:0:1,/src/mysql-server/sql/item_cmpfunc.cc,5863,5863,30,1,mysql_target_000409;mysql_target_001121
mysql_aflgo_r1,mysql,1,src/mysql-server/sql/item_cmpfunc.cc:5866:0:0,/src/mysql-server/sql/item_cmpfunc.cc,5866,5866,0,0,mysql_target_000409;mysql_target_001121
mysql_aflgo_r1,mysql,1,src/mysql-server/sql/item_cmpfunc.cc:5866:0:1,/src/mysql-server/sql/item_cmpfunc.cc,5866,5866,30,1,mysql_target_000409;mysql_target_001121
mysql_aflgo_r1,mysql,1,src/mysql-server/sql/item_cmpfunc.cc:5874:0:0,/src/mysql-server/sql/item_cmpfunc.cc,5874,5874,0,0,mysql_target_000409;mysql_target_001121
mysql_aflgo_r1,mysql,1,src/mysql-server/sql/item_cmpfunc.cc:5874:0:1,/src/mysql-server/sql/item_cmpfunc.cc,5874,5874,0,0,mysql_target_000409;mysql_target_001121
mysql_aflgo_r1,mysql,1,src/mysql-server/sql/item_cmpfunc.cc:5876:0:0,/src/mysql-server/sql/item_cmpfunc.cc,5876,5876,0,0,mysql_target_000409;mysql_target_001121
mysql_aflgo_r1,mysql,1,src/mysql-server/sql/item_cmpfunc.cc:5876:0:1,/src/mysql-server/sql/item_cmpfunc.cc,5876,5876,0,0,mysql_target_000409;mysql_target_001121
mysql_aflgo_r1,mysql,1,src/mysql-server/sql/item_cmpfunc.cc:5877:0:0,/src/mysql-server/sql/item_cmpfunc.cc,5877,5877,0,0,mysql_target_000409;mysql_target_001121
mysql_aflgo_r1,mysql,1,src/mysql-server/sql/item_cmpfunc.cc:5877:0:1,/src/mysql-server/sql/item_cmpfunc.cc,5877,5877,0,0,mysql_target_000409;mysql_target_001121
mysql_aflgo_r1,mysql,1,src/mysql-server/sql/item_cmpfunc.cc:5879:0:0,/src/mysql-server/sql/item_cmpfunc.cc,5879,5879,0,0,mysql_target_000409;mysql_target_001121
mysql_aflgo_r1,mysql,1,src/mysql-server/sql/item_cmpfunc.cc:5879:0:1,/src/mysql-server/sql/item_cmpfunc.cc,5879,5879,0,0,mysql_target_000409;mysql_target_001121
mysql_aflgo_r1,mysql,1,src/mysql-server/sql/item_cmpfunc.cc:5883:0:0,/src/mysql-server/sql/item_cmpfunc.cc,5883,5883,0,0,mysql_target_000409;mysql_target_001121
mysql_aflgo_r1,mysql,1,src/mysql-server/sql/item_cmpfunc.cc:5883:0:1,/src/mysql-server/sql/item_cmpfunc.cc,5883,5883,0,0,mysql_target_000409;mysql_target_001121
mysql_aflgo_r1,mysql,1,src/mysql-server/sql/item_cmpfunc.cc:5884:0:0,/src/mysql-server/sql/item_cmpfunc.cc,5884,5884,0,0,mysql_target_000409;mysql_target_001121
mysql_aflgo_r1,mysql,1,src/mysql-server/sql/item_cmpfunc.cc:5884:0:1,/src/mysql-server/sql/item_cmpfunc.cc,5884,5884,0,0,mysql_target_000409;mysql_target_001121
mysql_aflgo_r1,mysql,1,src/mysql-server/sql/item_cmpfunc.cc:5884:1:2,/src/mysql-server/sql/item_cmpfunc.cc,5884,5884,0,0,mysql_target_000409;mysql_target_001121
mysql_aflgo_r1,mysql,1,src/mysql-server/sql/item_cmpfunc.cc:5884:1:3,/src/mysql-server/sql/item_cmpfunc.cc,5884,5884,0,0,mysql_target_000409;mysql_target_001121
mysql_aflgo_r1,mysql,1,src/mysql-server/sql/item_cmpfunc.cc:5885:0:0,/src/mysql-server/sql/item_cmpfunc.cc,5885,5885,0,0,mysql_target_000409;mysql_target_001121
mysql_aflgo_r1,mysql,1,src/mysql-server/sql/item_cmpfunc.cc:5885:0:1,/src/mysql-server/sql/item_cmpfunc.cc,5885,5885,0,0,mysql_target_000409;mysql_target_001121
mysql_aflgo_r1,mysql,1,src/mysql-server/sql/item_cmpfunc.cc:5886:0:0,/src/mysql-server/sql/item_cmpfunc.cc,5886,5886,0,0,mysql_target_000409;mysql_target_001121
mysql_aflgo_r1,mysql,1,src/mysql-server/sql/item_cmpfunc.cc:5886:0:1,/src/mysql-server/sql/item_cmpfunc.cc,5886,5886,0,0,mysql_target_000409;mysql_target_001121
mysql_aflgo_r1,mysql,1,src/mysql-server/sql/item_cmpfunc.cc:5888:0:0,/src/mysql-server/sql/item_cmpfunc.cc,5888,5888,0,0,mysql_target_000409;mysql_target_001121
mysql_aflgo_r1,mysql,1,src/mysql-server/sql/item_cmpfunc.cc:5888:0:1,/src/mysql-server/sql/item_cmpfunc.cc,5888,5888,0,0,mysql_target_000409;mysql_target_001121
mysql_aflgo_r1,mysql,1,src/mysql-server/sql/item_cmpfunc.cc:5889:0:0,/src/mysql-server/sql/item_cmpfunc.cc,5889,5889,0,0,mysql_target_000409;mysql_target_001121
mysql_aflgo_r1,mysql,1,src/mysql-server/sql/item_cmpfunc.cc:5889:0:1,/src/mysql-server/sql/item_cmpfunc.cc,5889,5889,0,0,mysql_target_000409;mysql_target_001121
mysql_aflgo_r1,mysql,1,src/mysql-server/sql/item_cmpfunc.cc:5890:0:0,/src/mysql-server/sql/item_cmpfunc.cc,5890,5890,0,0,mysql_target_000409;mysql_target_001121
mysql_aflgo_r1,mysql,1,src/mysql-server/sql/item_cmpfunc.cc:5890:0:1,/src/mysql-server/sql/item_cmpfunc.cc,5890,5890,0,0,mysql_target_000409;mysql_target_001121
mysql_aflgo_r1,mysql,1,src/mysql-server/sql/item_cmpfunc.cc:5897:0:0,/src/mysql-server/sql/item_cmpfunc.cc,5897,5897,0,0,mysql_target_000409;mysql_target_001121
mysql_aflgo_r1,mysql,1,src/mysql-server/sql/item_cmpfunc.cc:5897:0:1,/src/mysql-server/sql/item_cmpfunc.cc,5897,5897,0,0,mysql_target_000409;mysql_target_001121
mysql_aflgo_r1,mysql,1,src/mysql-server/sql/item_cmpfunc.cc:5990:0:0,/src/mysql-server/sql/item_cmpfunc.cc,5990,5990,0,0,mysql_target_000410;mysql_target_001122
mysql_aflgo_r1,mysql,1,src/mysql-server/sql/item_cmpfunc.cc:5990:0:1,/src/mysql-server/sql/item_cmpfunc.cc,5990,5990,0,0,mysql_target_000410;mysql_target_001122
mysql_aflgo_r1,mysql,1,src/mysql-server/sql/item_cmpfunc.cc:5998:0:0,/src/mysql-server/sql/item_cmpfunc.cc,5998,5998,0,0,mysql_target_000410;mysql_target_001122
mysql_aflgo_r1,mysql,1,src/mysql-server/sql/item_cmpfunc.cc:5998:0:1,/src/mysql-server/sql/item_cmpfunc.cc,5998,5998,0,0,mysql_target_000410;mysql_target_001122
mysql_aflgo_r1,mysql,1,src/mysql-server/sql/item_cmpfunc.cc:6001:0:0,/src/mysql-server/sql/item_cmpfunc.cc,6001,6001,0,0,mysql_target_000410;mysql_target_001122
mysql_aflgo_r1,mysql,1,src/mysql-server/sql/item_cmpfunc.cc:6001:0:1,/src/mysql-server/sql/item_cmpfunc.cc,6001,6001,0,0,mysql_target_000410;mysql_target_001122
mysql_aflgo_r1,mysql,1,src/mysql-server/sql/item_cmpfunc.cc:6004:0:0,/src/mysql-server/sql/item_cmpfunc.cc,6004,6004,0,0,mysql_target_000410;mysql_target_001122
mysql_aflgo_r1,mysql,1,src/mysql-server/sql/item_cmpfunc.cc:6004:0:1,/src/mysql-server/sql/item_cmpfunc.cc,6004,6004,0,0,mysql_target_000410;mysql_target_001122
mysql_aflgo_r1,mysql,1,src/mysql-server/sql/item_cmpfunc.cc:6005:0:0,/src/mysql-server/sql/item_cmpfunc.cc,6005,6005,0,0,mysql_target_000410;mysql_target_001122
mysql_aflgo_r1,mysql,1,src/mysql-server/sql/item_cmpfunc.cc:6005:0:1,/src/mysql-server/sql/item_cmpfunc.cc,6005,6005,0,0,mysql_target_000410;mysql_target_001122
mysql_aflgo_r1,mysql,1,src/mysql-server/sql/item_cmpfunc.cc:6022:0:0,/src/mysql-server/sql/item_cmpfunc.cc,6022,6022,30,1,mysql_target_000411;mysql_target_001123
mysql_aflgo_r1,mysql,1,src/mysql-server/sql/item_cmpfunc.cc:6022:0:1,/src/mysql-server/sql/item_cmpfunc.cc,6022,6022,16,1,mysql_target_000411;mysql_target_001123
mysql_aflgo_r1,mysql,1,src/mysql-server/sql/item_cmpfunc.cc:6024:0:0,/src/mysql-server/sql/item_cmpfunc.cc,6024,6024,276,1,mysql_target_000411;mysql_target_001123
mysql_aflgo_r1,mysql,1,src/mysql-server/sql/item_cmpfunc.cc:6024:0:1,/src/mysql-server/sql/item_cmpfunc.cc,6024,6024,46,1,mysql_target_000411;mysql_target_001123
mysql_aflgo_r1,mysql,1,src/mysql-server/sql/item_cmpfunc.cc:6025:0:0,/src/mysql-server/sql/item_cmpfunc.cc,6025,6025,0,0,mysql_target_000411;mysql_target_001123
mysql_aflgo_r1,mysql,1,src/mysql-server/sql/item_cmpfunc.cc:6025:0:1,/src/mysql-server/sql/item_cmpfunc.cc,6025,6025,276,1,mysql_target_000411;mysql_target_001123
mysql_aflgo_r1,mysql,1,src/mysql-server/sql/item_cmpfunc.cc:6036:0:0,/src/mysql-server/sql/item_cmpfunc.cc,6036,6036,0,0,mysql_target_000411;mysql_target_001123
mysql_aflgo_r1,mysql,1,src/mysql-server/sql/item_cmpfunc.cc:6036:0:1,/src/mysql-server/sql/item_cmpfunc.cc,6036,6036,29,1,mysql_target_000411;mysql_target_001123
mysql_aflgo_r1,mysql,1,src/mysql-server/sql/item_cmpfunc.cc:6037:0:0,/src/mysql-server/sql/item_cmpfunc.cc,6037,6037,0,0,mysql_target_000411;mysql_target_001123
mysql_aflgo_r1,mysql,1,src/mysql-server/sql/item_cmpfunc.cc:6037:0:1,/src/mysql-server/sql/item_cmpfunc.cc,6037,6037,0,0,mysql_target_000411;mysql_target_001123
mysql_aflgo_r1,mysql,1,src/mysql-server/sql/item_cmpfunc.cc:6041:0:0,/src/mysql-server/sql/item_cmpfunc.cc,6041,6041,0,0,mysql_target_000411;mysql_target_001123
mysql_aflgo_r1,mysql,1,src/mysql-server/sql/item_cmpfunc.cc:6041:0:1,/src/mysql-server/sql/item_cmpfunc.cc,6041,6041,29,1,mysql_target_000411;mysql_target_001123
mysql_aflgo_r1,mysql,1,src/mysql-server/sql/item_cmpfunc.cc:6083:0:0,/src/mysql-server/sql/item_cmpfunc.cc,6083,6083,96,1,mysql_target_000411;mysql_target_001123
mysql_aflgo_r1,mysql,1,src/mysql-server/sql/item_cmpfunc.cc:6083:0:1,/src/mysql-server/sql/item_cmpfunc.cc,6083,6083,0,0,mysql_target_000411;mysql_target_001123
mysql_aflgo_r1,mysql,1,src/mysql-server/sql/item_cmpfunc.cc:6085:0:0,/src/mysql-server/sql/item_cmpfunc.cc,6085,6085,0,0,mysql_target_000411;mysql_target_001123
mysql_aflgo_r1,mysql,1,src/mysql-server/sql/item_cmpfunc.cc:6085:0:1,/src/mysql-server/sql/item_cmpfunc.cc,6085,6085,96,1,mysql_target_000411;mysql_target_001123
mysql_aflgo_r1,mysql,1,src/mysql-server/sql/item_cmpfunc.cc:6104:0:0,/src/mysql-server/sql/item_cmpfunc.cc,6104,6104,0,0,mysql_target_000411;mysql_target_001123
mysql_aflgo_r1,mysql,1,src/mysql-server/sql/item_cmpfunc.cc:6104:0:1,/src/mysql-server/sql/item_cmpfunc.cc,6104,6104,366,1,mysql_target_000411;mysql_target_001123
mysql_aflgo_r1,mysql,1,src/mysql-server/sql/item_cmpfunc.cc:6105:0:0,/src/mysql-server/sql/item_cmpfunc.cc,6105,6105,0,0,mysql_target_000411;mysql_target_001123
mysql_aflgo_r1,mysql,1,src/mysql-server/sql/item_cmpfunc.cc:6105:0:1,/src/mysql-server/sql/item_cmpfunc.cc,6105,6105,366,1,mysql_target_000411;mysql_target_001123
mysql_aflgo_r1,mysql,1,src/mysql-server/sql/item_cmpfunc.cc:6109:0:0,/src/mysql-server/sql/item_cmpfunc.cc,6109,6109,829,1,mysql_target_000411;mysql_target_001123
mysql_aflgo_r1,mysql,1,src/mysql-server/sql/item_cmpfunc.cc:6109:0:1,/src/mysql-server/sql/item_cmpfunc.cc,6109,6109,366,1,mysql_target_000411;mysql_target_001123
mysql_aflgo_r1,mysql,1,src/mysql-server/sql/item_cmpfunc.cc:6110:0:0,/src/mysql-server/sql/item_cmpfunc.cc,6110,6110,0,0,mysql_target_000411;mysql_target_001123
mysql_aflgo_r1,mysql,1,src/mysql-server/sql/item_cmpfunc.cc:6110:0:1,/src/mysql-server/sql/item_cmpfunc.cc,6110,6110,829,1,mysql_target_000411;mysql_target_001123
mysql_aflgo_r1,mysql,1,src/mysql-server/sql/item_cmpfunc.cc:6111:0:0,/src/mysql-server/sql/item_cmpfunc.cc,6111,6111,83,1,mysql_target_000411;mysql_target_001123
mysql_aflgo_r1,mysql,1,src/mysql-server/sql/item_cmpfunc.cc:6111:0:1,/src/mysql-server/sql/item_cmpfunc.cc,6111,6111,746,1,mysql_target_000411;mysql_target_001123
mysql_aflgo_r1,mysql,1,src/mysql-server/sql/item_cmpfunc.cc:6113:0:0,/src/mysql-server/sql/item_cmpfunc.cc,6113,6113,0,0,mysql_target_000411;mysql_target_001123
mysql_aflgo_r1,mysql,1,src/mysql-server/sql/item_cmpfunc.cc:6113:0:1,/src/mysql-server/sql/item_cmpfunc.cc,6113,6113,83,1,mysql_target_000411;mysql_target_001123
mysql_aflgo_r1,mysql,1,src/mysql-server/sql/item_cmpfunc.cc:6122:0:0,/src/mysql-server/sql/item_cmpfunc.cc,6122,6122,142,1,mysql_target_000411;mysql_target_001123
mysql_aflgo_r1,mysql,1,src/mysql-server/sql/item_cmpfunc.cc:6122:0:1,/src/mysql-server/sql/item_cmpfunc.cc,6122,6122,61,1,mysql_target_000411;mysql_target_001123
mysql_aflgo_r1,mysql,1,src/mysql-server/sql/item_cmpfunc.cc:6137:0:0,/src/mysql-server/sql/item_cmpfunc.cc,6137,6137,255,1,mysql_target_000411;mysql_target_001123
mysql_aflgo_r1,mysql,1,src/mysql-server/sql/item_cmpfunc.cc:6137:0:1,/src/mysql-server/sql/item_cmpfunc.cc,6137,6137,133,1,mysql_target_000411;mysql_target_001123
mysql_aflgo_r1,mysql,1,src/mysql-server/sql/item_cmpfunc.cc:6144:0:0,/src/mysql-server/sql/item_cmpfunc.cc,6144,6144,255,1,mysql_target_000411;mysql_target_001123
mysql_aflgo_r1,mysql,1,src/mysql-server/sql/item_cmpfunc.cc:6144:0:1,/src/mysql-server/sql/item_cmpfunc.cc,6144,6144,133,1,mysql_target_000411;mysql_target_001123
mysql_aflgo_r1,mysql,1,src/mysql-server/sql/item_cmpfunc.cc:6144:1:2,/src/mysql-server/sql/item_cmpfunc.cc,6144,6144,255,1,mysql_target_000411;mysql_target_001123
mysql_aflgo_r1,mysql,1,src/mysql-server/sql/item_cmpfunc.cc:6144:1:3,/src/mysql-server/sql/item_cmpfunc.cc,6144,6144,0,0,mysql_target_000411;mysql_target_001123
mysql_aflgo_r1,mysql,1,src/mysql-server/sql/item_cmpfunc.cc:6149:0:0,/src/mysql-server/sql/item_cmpfunc.cc,6149,6149,0,0,mysql_target_000411;mysql_target_001123
mysql_aflgo_r1,mysql,1,src/mysql-server/sql/item_cmpfunc.cc:6149:0:1,/src/mysql-server/sql/item_cmpfunc.cc,6149,6149,388,1,mysql_target_000411;mysql_target_001123
mysql_aflgo_r1,mysql,1,src/mysql-server/sql/item_cmpfunc.cc:6259:0:0,/src/mysql-server/sql/item_cmpfunc.cc,6259,6259,0,0,mysql_target_000412;mysql_target_001124
mysql_aflgo_r1,mysql,1,src/mysql-server/sql/item_cmpfunc.cc:6259:0:1,/src/mysql-server/sql/item_cmpfunc.cc,6259,6259,388,1,mysql_target_000412;mysql_target_001124
mysql_aflgo_r1,mysql,1,src/mysql-server/sql/item_cmpfunc.cc:6264:0:0,/src/mysql-server/sql/item_cmpfunc.cc,6264,6264,0,0,mysql_target_000412;mysql_target_001124
mysql_aflgo_r1,mysql,1,src/mysql-server/sql/item_cmpfunc.cc:6264:0:1,/src/mysql-server/sql/item_cmpfunc.cc,6264,6264,0,0,mysql_target_000412;mysql_target_001124
mysql_aflgo_r1,mysql,1,src/mysql-server/sql/item_cmpfunc.cc:6383:0:0,/src/mysql-server/sql/item_cmpfunc.cc,6383,6383,112,1,mysql_target_000413;mysql_target_001125
mysql_aflgo_r1,mysql,1,src/mysql-server/sql/item_cmpfunc.cc:6383:0:1,/src/mysql-server/sql/item_cmpfunc.cc,6383,6383,276,1,mysql_target_000413;mysql_target_001125
mysql_aflgo_r1,mysql,1,src/mysql-server/sql/item_cmpfunc.cc:6383:1:2,/src/mysql-server/sql/item_cmpfunc.cc,6383,6383,0,0,mysql_target_000413;mysql_target_001125
mysql_aflgo_r1,mysql,1,src/mysql-server/sql/item_cmpfunc.cc:6383:1:3,/src/mysql-server/sql/item_cmpfunc.cc,6383,6383,112,1,mysql_target_000413;mysql_target_001125
mysql_aflgo_r1,mysql,1,src/mysql-server/sql/item_cmpfunc.cc:6387:0:0,/src/mysql-server/sql/item_cmpfunc.cc,6387,6387,833,1,mysql_target_000413;mysql_target_001125
mysql_aflgo_r1,mysql,1,src/mysql-server/sql/item_cmpfunc.cc:6387:0:1,/src/mysql-server/sql/item_cmpfunc.cc,6387,6387,388,1,mysql_target_000413;mysql_target_001125
mysql_aflgo_r1,mysql,1,src/mysql-server/sql/item_cmpfunc.cc:6388:0:0,/src/mysql-server/sql/item_cmpfunc.cc,6388,6388,0,0,mysql_target_000413;mysql_target_001125
mysql_aflgo_r1,mysql,1,src/mysql-server/sql/item_cmpfunc.cc:6388:0:1,/src/mysql-server/sql/item_cmpfunc.cc,6388,6388,833,1,mysql_target_000413;mysql_target_001125
mysql_aflgo_r1,mysql,1,src/mysql-server/sql/item_cmpfunc.cc:6390:0:0,/src/mysql-server/sql/item_cmpfunc.cc,6390,6390,276,1,mysql_target_000413;mysql_target_001125
mysql_aflgo_r1,mysql,1,src/mysql-server/sql/item_cmpfunc.cc:6390:0:1,/src/mysql-server/sql/item_cmpfunc.cc,6390,6390,112,1,mysql_target_000413;mysql_target_001125
mysql_aflgo_r1,mysql,1,src/mysql-server/sql/item_cmpfunc.cc:6390:1:2,/src/mysql-server/sql/item_cmpfunc.cc,6390,6390,0,0,mysql_target_000413;mysql_target_001125
mysql_aflgo_r1,mysql,1,src/mysql-server/sql/item_cmpfunc.cc:6390:1:3,/src/mysql-server/sql/item_cmpfunc.cc,6390,6390,276,1,mysql_target_000413;mysql_target_001125
mysql_aflgo_r1,mysql,1,src/mysql-server/sql/item_cmpfunc.cc:6488:0:0,/src/mysql-server/sql/item_cmpfunc.cc,6488,6488,0,0,mysql_target_000415;mysql_target_001127
mysql_aflgo_r1,mysql,1,src/mysql-server/sql/item_cmpfunc.cc:6488:0:1,/src/mysql-server/sql/item_cmpfunc.cc,6488,6488,0,0,mysql_target_000415;mysql_target_001127
mysql_aflgo_r1,mysql,1,src/mysql-server/sql/item_cmpfunc.cc:6489:0:0,/src/mysql-server/sql/item_cmpfunc.cc,6489,6489,0,0,mysql_target_000415;mysql_target_001127
mysql_aflgo_r1,mysql,1,src/mysql-server/sql/item_cmpfunc.cc:6489:0:1,/src/mysql-server/sql/item_cmpfunc.cc,6489,6489,0,0,mysql_target_000415;mysql_target_001127
mysql_aflgo_r1,mysql,1,src/mysql-server/sql/item_cmpfunc.cc:6537:0:0,/src/mysql-server/sql/item_cmpfunc.cc,6537,6537,0,0,mysql_target_000416;mysql_target_001128
mysql_aflgo_r1,mysql,1,src/mysql-server/sql/item_cmpfunc.cc:6537:0:1,/src/mysql-server/sql/item_cmpfunc.cc,6537,6537,0,0,mysql_target_000416;mysql_target_001128
mysql_aflgo_r1,mysql,1,src/mysql-server/sql/item_cmpfunc.cc:6547:0:0,/src/mysql-server/sql/item_cmpfunc.cc,6547,6547,0,0,mysql_target_000417;mysql_target_001129
mysql_aflgo_r1,mysql,1,src/mysql-server/sql/item_cmpfunc.cc:6547:0:1,/src/mysql-server/sql/item_cmpfunc.cc,6547,6547,0,0,mysql_target_000417;mysql_target_001129
mysql_aflgo_r1,mysql,1,src/mysql-server/sql/item_cmpfunc.cc:6550:0:0,/src/mysql-server/sql/item_cmpfunc.cc,6550,6550,0,0,mysql_target_000417;mysql_target_001129
mysql_aflgo_r1,mysql,1,src/mysql-server/sql/item_cmpfunc.cc:6550:0:1,/src/mysql-server/sql/item_cmpfunc.cc,6550,6550,0,0,mysql_target_000417;mysql_target_001129
mysql_aflgo_r1,mysql,1,src/mysql-server/sql/item_cmpfunc.cc:6551:0:0,/src/mysql-server/sql/item_cmpfunc.cc,6551,6551,0,0,mysql_target_000417;mysql_target_001129
mysql_aflgo_r1,mysql,1,src/mysql-server/sql/item_cmpfunc.cc:6551:0:1,/src/mysql-server/sql/item_cmpfunc.cc,6551,6551,0,0,mysql_target_000417;mysql_target_001129
mysql_aflgo_r1,mysql,1,src/mysql-server/sql/item_cmpfunc.cc:6603:0:0,/src/mysql-server/sql/item_cmpfunc.cc,6603,6603,70,1,mysql_target_000418;mysql_target_001130
mysql_aflgo_r1,mysql,1,src/mysql-server/sql/item_cmpfunc.cc:6603:0:1,/src/mysql-server/sql/item_cmpfunc.cc,6603,6603,61,1,mysql_target_000418;mysql_target_001130
mysql_aflgo_r1,mysql,1,src/mysql-server/sql/item_cmpfunc.cc:6604:0:0,/src/mysql-server/sql/item_cmpfunc.cc,6604,6604,8,1,mysql_target_000418;mysql_target_001130
mysql_aflgo_r1,mysql,1,src/mysql-server/sql/item_cmpfunc.cc:6604:0:1,/src/mysql-server/sql/item_cmpfunc.cc,6604,6604,62,1,mysql_target_000418;mysql_target_001130
mysql_aflgo_r1,mysql,1,src/mysql-server/sql/item_cmpfunc.cc:6605:0:0,/src/mysql-server/sql/item_cmpfunc.cc,6605,6605,8,1,mysql_target_000418;mysql_target_001130
mysql_aflgo_r1,mysql,1,src/mysql-server/sql/item_cmpfunc.cc:6605:0:1,/src/mysql-server/sql/item_cmpfunc.cc,6605,6605,0,0,mysql_target_000418;mysql_target_001130
mysql_aflgo_r1,mysql,1,src/mysql-server/sql/item_cmpfunc.cc:6605:1:2,/src/mysql-server/sql/item_cmpfunc.cc,6605,6605,0,0,mysql_target_000418;mysql_target_001130
mysql_aflgo_r1,mysql,1,src/mysql-server/sql/item_cmpfunc.cc:6605:1:3,/src/mysql-server/sql/item_cmpfunc.cc,6605,6605,0,0,mysql_target_000418;mysql_target_001130
mysql_aflgo_r1,mysql,1,src/mysql-server/sql/item_cmpfunc.cc:6608:0:0,/src/mysql-server/sql/item_cmpfunc.cc,6608,6608,0,0,mysql_target_000418;mysql_target_001130
mysql_aflgo_r1,mysql,1,src/mysql-server/sql/item_cmpfunc.cc:6608:0:1,/src/mysql-server/sql/item_cmpfunc.cc,6608,6608,62,1,mysql_target_000418;mysql_target_001130
mysql_aflgo_r1,mysql,1,src/mysql-server/sql/item_cmpfunc.cc:6610:0:0,/src/mysql-server/sql/item_cmpfunc.cc,6610,6610,0,0,mysql_target_000418;mysql_target_001130
mysql_aflgo_r1,mysql,1,src/mysql-server/sql/item_cmpfunc.cc:6610:0:1,/src/mysql-server/sql/item_cmpfunc.cc,6610,6610,61,1,mysql_target_000418;mysql_target_001130
mysql_aflgo_r1,mysql,1,src/mysql-server/sql/item_cmpfunc.cc:6617:0:0,/src/mysql-server/sql/item_cmpfunc.cc,6617,6617,80,1,mysql_target_000418;mysql_target_001130
mysql_aflgo_r1,mysql,1,src/mysql-server/sql/item_cmpfunc.cc:6617:0:1,/src/mysql-server/sql/item_cmpfunc.cc,6617,6617,122,1,mysql_target_000418;mysql_target_001130
mysql_aflgo_r1,mysql,1,src/mysql-server/sql/item_cmpfunc.cc:6623:0:0,/src/mysql-server/sql/item_cmpfunc.cc,6623,6623,244,1,mysql_target_000418;mysql_target_001130
mysql_aflgo_r1,mysql,1,src/mysql-server/sql/item_cmpfunc.cc:6623:0:1,/src/mysql-server/sql/item_cmpfunc.cc,6623,6623,122,1,mysql_target_000418;mysql_target_001130
mysql_aflgo_r1,mysql,1,src/mysql-server/sql/item_cmpfunc.cc:6647:0:0,/src/mysql-server/sql/item_cmpfunc.cc,6647,6647,125,1,mysql_target_000418;mysql_target_001130
mysql_aflgo_r1,mysql,1,src/mysql-server/sql/item_cmpfunc.cc:6647:0:1,/src/mysql-server/sql/item_cmpfunc.cc,6647,6647,2,1,mysql_target_000418;mysql_target_001130
mysql_aflgo_r1,mysql,1,src/mysql-server/sql/item_cmpfunc.cc:6648:0:0,/src/mysql-server/sql/item_cmpfunc.cc,6648,6648,102,1,mysql_target_000418;mysql_target_001130
mysql_aflgo_r1,mysql,1,src/mysql-server/sql/item_cmpfunc.cc:6648:0:1,/src/mysql-server/sql/item_cmpfunc.cc,6648,6648,23,1,mysql_target_000418;mysql_target_001130
mysql_aflgo_r1,mysql,1,src/mysql-server/sql/item_cmpfunc.cc:6652:0:0,/src/mysql-server/sql/item_cmpfunc.cc,6652,6652,4,1,mysql_target_000418;mysql_target_001130
mysql_aflgo_r1,mysql,1,src/mysql-server/sql/item_cmpfunc.cc:6652:0:1,/src/mysql-server/sql/item_cmpfunc.cc,6652,6652,19,1,mysql_target_000418;mysql_target_001130
mysql_aflgo_r1,mysql,1,src/mysql-server/sql/item_cmpfunc.cc:6653:0:0,/src/mysql-server/sql/item_cmpfunc.cc,6653,6653,0,0,mysql_target_000418;mysql_target_001130
mysql_aflgo_r1,mysql,1,src/mysql-server/sql/item_cmpfunc.cc:6653:0:1,/src/mysql-server/sql/item_cmpfunc.cc,6653,6653,23,1,mysql_target_000418;mysql_target_001130
mysql_aflgo_r1,mysql,1,src/mysql-server/sql/item_cmpfunc.cc:6661:0:0,/src/mysql-server/sql/item_cmpfunc.cc,6661,6661,0,0,mysql_target_000418;mysql_target_001130
mysql_aflgo_r1,mysql,1,src/mysql-server/sql/item_cmpfunc.cc:6661:0:1,/src/mysql-server/sql/item_cmpfunc.cc,6661,6661,3,1,mysql_target_000418;mysql_target_001130
mysql_aflgo_r1,mysql,1,src/mysql-server/sql/item_cmpfunc.cc:6665:0:0,/src/mysql-server/sql/item_cmpfunc.cc,6665,6665,3,1,mysql_target_000418;mysql_target_001130
mysql_aflgo_r1,mysql,1,src/mysql-server/sql/item_cmpfunc.cc:6665:0:1,/src/mysql-server/sql/item_cmpfunc.cc,6665,6665,0,0,mysql_target_000418;mysql_target_001130
mysql_aflgo_r1,mysql,1,src/mysql-server/sql/item_cmpfunc.cc:6669:0:0,/src/mysql-server/sql/item_cmpfunc.cc,6669,6669,0,0,mysql_target_000418;mysql_target_001130
mysql_aflgo_r1,mysql,1,src/mysql-server/sql/item_cmpfunc.cc:6669:0:1,/src/mysql-server/sql/item_cmpfunc.cc,6669,6669,3,1,mysql_target_000418;mysql_target_001130
mysql_aflgo_r1,mysql,1,src/mysql-server/sql/item_cmpfunc.cc:6669:1:2,/src/mysql-server/sql/item_cmpfunc.cc,6669,6669,0,0,mysql_target_000418;mysql_target_001130
mysql_aflgo_r1,mysql,1,src/mysql-server/sql/item_cmpfunc.cc:6669:1:3,/src/mysql-server/sql/item_cmpfunc.cc,6669,6669,0,0,mysql_target_000418;mysql_target_001130
mysql_aflgo_r1,mysql,1,src/mysql-server/sql/item_cmpfunc.cc:6678:0:0,/src/mysql-server/sql/item_cmpfunc.cc,6678,6678,0,0,mysql_target_000419;mysql_target_001131
mysql_aflgo_r1,mysql,1,src/mysql-server/sql/item_cmpfunc.cc:6678:0:1,/src/mysql-server/sql/item_cmpfunc.cc,6678,6678,0,0,mysql_target_000419;mysql_target_001131
mysql_aflgo_r1,mysql,1,src/mysql-server/sql/item_cmpfunc.cc:6679:0:0,/src/mysql-server/sql/item_cmpfunc.cc,6679,6679,0,0,mysql_target_000419;mysql_target_001131
mysql_aflgo_r1,mysql,1,src/mysql-server/sql/item_cmpfunc.cc:6679:0:1,/src/mysql-server/sql/item_cmpfunc.cc,6679,6679,0,0,mysql_target_000419;mysql_target_001131
mysql_aflgo_r1,mysql,1,src/mysql-server/sql/item_cmpfunc.cc:6684:0:0,/src/mysql-server/sql/item_cmpfunc.cc,6684,6684,0,0,mysql_target_000419;mysql_target_001131
mysql_aflgo_r1,mysql,1,src/mysql-server/sql/item_cmpfunc.cc:6684:0:1,/src/mysql-server/sql/item_cmpfunc.cc,6684,6684,0,0,mysql_target_000419;mysql_target_001131
mysql_aflgo_r1,mysql,1,src/mysql-server/sql/item_cmpfunc.cc:6689:0:0,/src/mysql-server/sql/item_cmpfunc.cc,6689,6689,0,0,mysql_target_000419;mysql_target_001131
mysql_aflgo_r1,mysql,1,src/mysql-server/sql/item_cmpfunc.cc:6689:0:1,/src/mysql-server/sql/item_cmpfunc.cc,6689,6689,0,0,mysql_target_000419;mysql_target_001131
mysql_aflgo_r1,mysql,1,src/mysql-server/sql/item_cmpfunc.cc:6693:0:0,/src/mysql-server/sql/item_cmpfunc.cc,6693,6693,0,0,mysql_target_000419;mysql_target_001131
mysql_aflgo_r1,mysql,1,src/mysql-server/sql/item_cmpfunc.cc:6693:0:1,/src/mysql-server/sql/item_cmpfunc.cc,6693,6693,0,0,mysql_target_000419;mysql_target_001131
mysql_aflgo_r1,mysql,1,src/mysql-server/sql/item_cmpfunc.cc:6696:0:0,/src/mysql-server/sql/item_cmpfunc.cc,6696,6696,0,0,mysql_target_000419;mysql_target_001131
mysql_aflgo_r1,mysql,1,src/mysql-server/sql/item_cmpfunc.cc:6696:0:1,/src/mysql-server/sql/item_cmpfunc.cc,6696,6696,0,0,mysql_target_000419;mysql_target_001131
mysql_aflgo_r1,mysql,1,src/mysql-server/sql/item_cmpfunc.cc:6706:0:0,/src/mysql-server/sql/item_cmpfunc.cc,6706,6706,0,0,mysql_target_000420;mysql_target_001132
mysql_aflgo_r1,mysql,1,src/mysql-server/sql/item_cmpfunc.cc:6706:0:1,/src/mysql-server/sql/item_cmpfunc.cc,6706,6706,182,1,mysql_target_000420;mysql_target_001132
mysql_aflgo_r1,mysql,1,src/mysql-server/sql/item_cmpfunc.cc:6707:0:0,/src/mysql-server/sql/item_cmpfunc.cc,6707,6707,182,1,mysql_target_000420;mysql_target_001132
mysql_aflgo_r1,mysql,1,src/mysql-server/sql/item_cmpfunc.cc:6707:0:1,/src/mysql-server/sql/item_cmpfunc.cc,6707,6707,0,0,mysql_target_000420;mysql_target_001132
mysql_aflgo_r1,mysql,1,src/mysql-server/sql/item_cmpfunc.cc:6738:0:0,/src/mysql-server/sql/item_cmpfunc.cc,6738,6738,3,1,mysql_target_000423;mysql_target_001135
mysql_aflgo_r1,mysql,1,src/mysql-server/sql/item_cmpfunc.cc:6738:0:1,/src/mysql-server/sql/item_cmpfunc.cc,6738,6738,179,1,mysql_target_000423;mysql_target_001135
mysql_aflgo_r1,mysql,1,src/mysql-server/sql/item_cmpfunc.cc:6740:0:0,/src/mysql-server/sql/item_cmpfunc.cc,6740,6740,3,1,mysql_target_000423;mysql_target_001135
mysql_aflgo_r1,mysql,1,src/mysql-server/sql/item_cmpfunc.cc:6740:0:1,/src/mysql-server/sql/item_cmpfunc.cc,6740,6740,0,0,mysql_target_000423;mysql_target_001135
mysql_aflgo_r1,mysql,1,src/mysql-server/sql/item_cmpfunc.cc:6742:0:0,/src/mysql-server/sql/item_cmpfunc.cc,6742,6742,3,1,mysql_target_000424;mysql_target_001136
mysql_aflgo_r1,mysql,1,src/mysql-server/sql/item_cmpfunc.cc:6742:0:1,/src/mysql-server/sql/item_cmpfunc.cc,6742,6742,0,0,mysql_target_000424;mysql_target_001136
mysql_aflgo_r1,mysql,1,src/mysql-server/sql/item_cmpfunc.cc:6743:0:0,/src/mysql-server/sql/item_cmpfunc.cc,6743,6743,0,0,mysql_target_000424;mysql_target_001136
mysql_aflgo_r1,mysql,1,src/mysql-server/sql/item_cmpfunc.cc:6743:0:1,/src/mysql-server/sql/item_cmpfunc.cc,6743,6743,3,1,mysql_target_000424;mysql_target_001136
mysql_aflgo_r1,mysql,1,src/mysql-server/sql/item_cmpfunc.cc:6744:0:0,/src/mysql-server/sql/item_cmpfunc.cc,6744,6744,0,0,mysql_target_000424;mysql_target_001136
mysql_aflgo_r1,mysql,1,src/mysql-server/sql/item_cmpfunc.cc:6744:0:1,/src/mysql-server/sql/item_cmpfunc.cc,6744,6744,3,1,mysql_target_000424;mysql_target_001136
mysql_aflgo_r1,mysql,1,src/mysql-server/sql/item_cmpfunc.cc:6745:0:0,/src/mysql-server/sql/item_cmpfunc.cc,6745,6745,0,0,mysql_target_000424;mysql_target_001136
mysql_aflgo_r1,mysql,1,src/mysql-server/sql/item_cmpfunc.cc:6745:0:1,/src/mysql-server/sql/item_cmpfunc.cc,6745,6745,0,0,mysql_target_000424;mysql_target_001136
mysql_aflgo_r1,mysql,1,src/mysql-server/sql/item_cmpfunc.cc:6748:0:0,/src/mysql-server/sql/item_cmpfunc.cc,6748,6748,0,0,mysql_target_000424;mysql_target_001136
mysql_aflgo_r1,mysql,1,src/mysql-server/sql/item_cmpfunc.cc:6748:0:1,/src/mysql-server/sql/item_cmpfunc.cc,6748,6748,0,0,mysql_target_000424;mysql_target_001136
mysql_aflgo_r1,mysql,1,src/mysql-server/sql/item_cmpfunc.cc:6750:0:0,/src/mysql-server/sql/item_cmpfunc.cc,6750,6750,0,0,mysql_target_000424;mysql_target_001136
mysql_aflgo_r1,mysql,1,src/mysql-server/sql/item_cmpfunc.cc:6750:0:1,/src/mysql-server/sql/item_cmpfunc.cc,6750,6750,0,0,mysql_target_000424;mysql_target_001136
mysql_aflgo_r1,mysql,1,src/mysql-server/sql/item_cmpfunc.cc:6781:0:0,/src/mysql-server/sql/item_cmpfunc.cc,6781,6781,0,0,mysql_target_000426;mysql_target_001138
mysql_aflgo_r1,mysql,1,src/mysql-server/sql/item_cmpfunc.cc:6781:0:1,/src/mysql-server/sql/item_cmpfunc.cc,6781,6781,0,0,mysql_target_000426;mysql_target_001138
mysql_aflgo_r1,mysql,1,src/mysql-server/sql/item_cmpfunc.cc:6811:0:0,/src/mysql-server/sql/item_cmpfunc.cc,6811,6811,0,0,mysql_target_000427;mysql_target_001139
mysql_aflgo_r1,mysql,1,src/mysql-server/sql/item_cmpfunc.cc:6811:0:1,/src/mysql-server/sql/item_cmpfunc.cc,6811,6811,182,1,mysql_target_000427;mysql_target_001139
mysql_aflgo_r1,mysql,1,src/mysql-server/sql/item_cmpfunc.cc:6811:1:2,/src/mysql-server/sql/item_cmpfunc.cc,6811,6811,0,0,mysql_target_000427;mysql_target_001139
mysql_aflgo_r1,mysql,1,src/mysql-server/sql/item_cmpfunc.cc:6811:1:3,/src/mysql-server/sql/item_cmpfunc.cc,6811,6811,0,0,mysql_target_000427;mysql_target_001139
mysql_aflgo_r1,mysql,1,src/mysql-server/sql/item_cmpfunc.cc:6819:0:0,/src/mysql-server/sql/item_cmpfunc.cc,6819,6819,0,0,mysql_target_000427;mysql_target_001139
mysql_aflgo_r1,mysql,1,src/mysql-server/sql/item_cmpfunc.cc:6819:0:1,/src/mysql-server/sql/item_cmpfunc.cc,6819,6819,0,0,mysql_target_000427;mysql_target_001139
mysql_aflgo_r1,mysql,1,src/mysql-server/sql/item_cmpfunc.cc:6820:0:0,/src/mysql-server/sql/item_cmpfunc.cc,6820,6820,0,0,mysql_target_000427;mysql_target_001139
mysql_aflgo_r1,mysql,1,src/mysql-server/sql/item_cmpfunc.cc:6820:0:1,/src/mysql-server/sql/item_cmpfunc.cc,6820,6820,0,0,mysql_target_000427;mysql_target_001139
mysql_aflgo_r1,mysql,1,src/mysql-server/sql/item_cmpfunc.cc:6903:0:0,/src/mysql-server/sql/item_cmpfunc.cc,6903,6903,61,1,mysql_target_000428;mysql_target_001140
mysql_aflgo_r1,mysql,1,src/mysql-server/sql/item_cmpfunc.cc:6903:0:1,/src/mysql-server/sql/item_cmpfunc.cc,6903,6903,61,1,mysql_target_000428;mysql_target_001140
mysql_aflgo_r1,mysql,1,src/mysql-server/sql/item_cmpfunc.cc:7019:0:0,/src/mysql-server/sql/item_cmpfunc.cc,7019,7019,0,0,mysql_target_000429;mysql_target_001141
mysql_aflgo_r1,mysql,1,src/mysql-server/sql/item_cmpfunc.cc:7019:0:1,/src/mysql-server/sql/item_cmpfunc.cc,7019,7019,150,1,mysql_target_000429;mysql_target_001141
mysql_aflgo_r1,mysql,1,src/mysql-server/sql/item_cmpfunc.cc:7038:0:0,/src/mysql-server/sql/item_cmpfunc.cc,7038,7038,42,1,mysql_target_000430;mysql_target_001142
mysql_aflgo_r1,mysql,1,src/mysql-server/sql/item_cmpfunc.cc:7038:0:1,/src/mysql-server/sql/item_cmpfunc.cc,7038,7038,0,0,mysql_target_000430;mysql_target_001142
mysql_aflgo_r1,mysql,1,src/mysql-server/sql/item_cmpfunc.cc:7039:0:0,/src/mysql-server/sql/item_cmpfunc.cc,7039,7039,0,0,mysql_target_000430;mysql_target_001142
mysql_aflgo_r1,mysql,1,src/mysql-server/sql/item_cmpfunc.cc:7039:0:1,/src/mysql-server/sql/item_cmpfunc.cc,7039,7039,42,1,mysql_target_000430;mysql_target_001142
mysql_aflgo_r1,mysql,1,src/mysql-server/sql/item_cmpfunc.cc:7083:0:0,/src/mysql-server/sql/item_cmpfunc.cc,7083,7083,0,0,mysql_target_000431;mysql_target_001143
mysql_aflgo_r1,mysql,1,src/mysql-server/sql/item_cmpfunc.cc:7083:0:1,/src/mysql-server/sql/item_cmpfunc.cc,7083,7083,0,0,mysql_target_000431;mysql_target_001143
mysql_aflgo_r1,mysql,1,src/mysql-server/sql/item_cmpfunc.cc:7394:0:0,/src/mysql-server/sql/item_cmpfunc.cc,7394,7394,0,0,mysql_target_000432;mysql_target_001144
mysql_aflgo_r1,mysql,1,src/mysql-server/sql/item_cmpfunc.cc:7394:0:1,/src/mysql-server/sql/item_cmpfunc.cc,7394,7394,0,0,mysql_target_000432;mysql_target_001144
mysql_aflgo_r1,mysql,1,src/mysql-server/sql/item_cmpfunc.cc:7395:0:0,/src/mysql-server/sql/item_cmpfunc.cc,7395,7395,0,0,mysql_target_000432;mysql_target_001144
mysql_aflgo_r1,mysql,1,src/mysql-server/sql/item_cmpfunc.cc:7395:0:1,/src/mysql-server/sql/item_cmpfunc.cc,7395,7395,0,0,mysql_target_000432;mysql_target_001144
mysql_aflgo_r1,mysql,1,src/mysql-server/sql/item_cmpfunc.cc:7405:0:0,/src/mysql-server/sql/item_cmpfunc.cc,7405,7405,0,0,mysql_target_000432;mysql_target_001144
mysql_aflgo_r1,mysql,1,src/mysql-server/sql/item_cmpfunc.cc:7405:0:1,/src/mysql-server/sql/item_cmpfunc.cc,7405,7405,0,0,mysql_target_000432;mysql_target_001144
mysql_aflgo_r1,mysql,1,src/mysql-server/sql/item_cmpfunc.cc:7406:0:0,/src/mysql-server/sql/item_cmpfunc.cc,7406,7406,0,0,mysql_target_000432;mysql_target_001144
mysql_aflgo_r1,mysql,1,src/mysql-server/sql/item_cmpfunc.cc:7406:0:1,/src/mysql-server/sql/item_cmpfunc.cc,7406,7406,0,0,mysql_target_000432;mysql_target_001144
mysql_aflgo_r1,mysql,1,src/mysql-server/sql/item_cmpfunc.cc:7544:0:0,/src/mysql-server/sql/item_cmpfunc.cc,7544,7544,0,0,mysql_target_000435;mysql_target_001147
mysql_aflgo_r1,mysql,1,src/mysql-server/sql/item_cmpfunc.cc:7544:0:1,/src/mysql-server/sql/item_cmpfunc.cc,7544,7544,200,1,mysql_target_000435;mysql_target_001147
mysql_aflgo_r1,mysql,1,src/mysql-server/sql/item_cmpfunc.cc:7554:0:0,/src/mysql-server/sql/item_cmpfunc.cc,7554,7554,0,0,mysql_target_000435;mysql_target_001147
mysql_aflgo_r1,mysql,1,src/mysql-server/sql/item_cmpfunc.cc:7554:0:1,/src/mysql-server/sql/item_cmpfunc.cc,7554,7554,200,1,mysql_target_000435;mysql_target_001147
mysql_aflgo_r1,mysql,1,src/mysql-server/sql/item_cmpfunc.cc:7564:0:0,/src/mysql-server/sql/item_cmpfunc.cc,7564,7564,400,1,mysql_target_000436;mysql_target_001148
mysql_aflgo_r1,mysql,1,src/mysql-server/sql/item_cmpfunc.cc:7564:0:1,/src/mysql-server/sql/item_cmpfunc.cc,7564,7564,200,1,mysql_target_000436;mysql_target_001148
mysql_aflgo_r1,mysql,1,src/mysql-server/sql/item_cmpfunc.cc:7565:0:0,/src/mysql-server/sql/item_cmpfunc.cc,7565,7565,40,1,mysql_target_000436;mysql_target_001148
mysql_aflgo_r1,mysql,1,src/mysql-server/sql/item_cmpfunc.cc:7565:0:1,/src/mysql-server/sql/item_cmpfunc.cc,7565,7565,360,1,mysql_target_000436;mysql_target_001148
mysql_aflgo_r1,mysql,1,src/mysql-server/sql/item_cmpfunc.cc:7568:0:0,/src/mysql-server/sql/item_cmpfunc.cc,7568,7568,200,1,mysql_target_000436;mysql_target_001148
mysql_aflgo_r1,mysql,1,src/mysql-server/sql/item_cmpfunc.cc:7568:0:1,/src/mysql-server/sql/item_cmpfunc.cc,7568,7568,160,1,mysql_target_000436;mysql_target_001148
mysql_aflgo_r1,mysql,1,src/mysql-server/sql/item_cmpfunc.cc:7569:0:0,/src/mysql-server/sql/item_cmpfunc.cc,7569,7569,20,1,mysql_target_000436;mysql_target_001148
mysql_aflgo_r1,mysql,1,src/mysql-server/sql/item_cmpfunc.cc:7569:0:1,/src/mysql-server/sql/item_cmpfunc.cc,7569,7569,180,1,mysql_target_000436;mysql_target_001148
mysql_aflgo_r1,mysql,1,src/mysql-server/sql/item_cmpfunc.cc:7614:0:0,/src/mysql-server/sql/item_cmpfunc.cc,7614,7614,0,0,mysql_target_000437;mysql_target_001149
mysql_aflgo_r1,mysql,1,src/mysql-server/sql/item_cmpfunc.cc:7614:0:1,/src/mysql-server/sql/item_cmpfunc.cc,7614,7614,0,0,mysql_target_000437;mysql_target_001149
mysql_aflgo_r1,mysql,1,src/mysql-server/sql/item_cmpfunc.cc:7617:0:0,/src/mysql-server/sql/item_cmpfunc.cc,7617,7617,0,0,mysql_target_000437;mysql_target_001149
mysql_aflgo_r1,mysql,1,src/mysql-server/sql/item_cmpfunc.cc:7617:0:1,/src/mysql-server/sql/item_cmpfunc.cc,7617,7617,0,0,mysql_target_000437;mysql_target_001149
mysql_aflgo_r1,mysql,1,src/mysql-server/sql/item_cmpfunc.cc:7620:0:0,/src/mysql-server/sql/item_cmpfunc.cc,7620,7620,0,0,mysql_target_000438;mysql_target_001150
mysql_aflgo_r1,mysql,1,src/mysql-server/sql/item_cmpfunc.cc:7620:0:1,/src/mysql-server/sql/item_cmpfunc.cc,7620,7620,0,0,mysql_target_000438;mysql_target_001150
mysql_aflgo_r1,mysql,1,src/mysql-server/sql/item_cmpfunc.cc:7634:0:0,/src/mysql-server/sql/item_cmpfunc.cc,7634,7634,40,1,mysql_target_000438;mysql_target_001150
mysql_aflgo_r1,mysql,1,src/mysql-server/sql/item_cmpfunc.cc:7634:0:1,/src/mysql-server/sql/item_cmpfunc.cc,7634,7634,160,1,mysql_target_000438;mysql_target_001150
mysql_aflgo_r1,mysql,1,src/mysql-server/sql/item_cmpfunc.cc:7641:0:0,/src/mysql-server/sql/item_cmpfunc.cc,7641,7641,0,0,mysql_target_000439;mysql_target_001151
mysql_aflgo_r1,mysql,1,src/mysql-server/sql/item_cmpfunc.cc:7641:0:1,/src/mysql-server/sql/item_cmpfunc.cc,7641,7641,130,1,mysql_target_000439;mysql_target_001151
mysql_aflgo_r1,mysql,1,src/mysql-server/sql/item_cmpfunc.cc:7643:0:0,/src/mysql-server/sql/item_cmpfunc.cc,7643,7643,260,1,mysql_target_000439;mysql_target_001151
mysql_aflgo_r1,mysql,1,src/mysql-server/sql/item_cmpfunc.cc:7643:0:1,/src/mysql-server/sql/item_cmpfunc.cc,7643,7643,130,1,mysql_target_000439;mysql_target_001151
mysql_aflgo_r1,mysql,1,src/mysql-server/sql/item_cmpfunc.cc:7649:0:0,/src/mysql-server/sql/item_cmpfunc.cc,7649,7649,0,0,mysql_target_000439;mysql_target_001151
mysql_aflgo_r1,mysql,1,src/mysql-server/sql/item_cmpfunc.cc:7649:0:1,/src/mysql-server/sql/item_cmpfunc.cc,7649,7649,130,1,mysql_target_000439;mysql_target_001151
mysql_aflgo_r1,mysql,1,src/mysql-server/sql/item_cmpfunc.cc:7654:0:0,/src/mysql-server/sql/item_cmpfunc.cc,7654,7654,0,0,mysql_target_000440;mysql_target_001152
mysql_aflgo_r1,mysql,1,src/mysql-server/sql/item_cmpfunc.cc:7654:0:1,/src/mysql-server/sql/item_cmpfunc.cc,7654,7654,0,0,mysql_target_000440;mysql_target_001152
mysql_aflgo_r1,mysql,1,src/mysql-server/sql/item_cmpfunc.cc:7656:0:0,/src/mysql-server/sql/item_cmpfunc.cc,7656,7656,0,0,mysql_target_000440;mysql_target_001152
mysql_aflgo_r1,mysql,1,src/mysql-server/sql/item_cmpfunc.cc:7656:0:1,/src/mysql-server/sql/item_cmpfunc.cc,7656,7656,0,0,mysql_target_000440;mysql_target_001152
mysql_aflgo_r1,mysql,1,src/mysql-server/sql/item_cmpfunc.cc:7658:0:0,/src/mysql-server/sql/item_cmpfunc.cc,7658,7658,0,0,mysql_target_000440;mysql_target_001152
mysql_aflgo_r1,mysql,1,src/mysql-server/sql/item_cmpfunc.cc:7658:0:1,/src/mysql-server/sql/item_cmpfunc.cc,7658,7658,0,0,mysql_target_000440;mysql_target_001152
mysql_aflgo_r1,mysql,1,src/mysql-server/sql/item_cmpfunc.cc:7659:0:0,/src/mysql-server/sql/item_cmpfunc.cc,7659,7659,0,0,mysql_target_000440;mysql_target_001152
mysql_aflgo_r1,mysql,1,src/mysql-server/sql/item_cmpfunc.cc:7659:0:1,/src/mysql-server/sql/item_cmpfunc.cc,7659,7659,0,0,mysql_target_000440;mysql_target_001152
mysql_aflgo_r1,mysql,1,src/mysql-server/sql/item_cmpfunc.cc:7661:0:0,/src/mysql-server/sql/item_cmpfunc.cc,7661,7661,0,0,mysql_target_000440;mysql_target_001152
mysql_aflgo_r1,mysql,1,src/mysql-server/sql/item_cmpfunc.cc:7661:0:1,/src/mysql-server/sql/item_cmpfunc.cc,7661,7661,0,0,mysql_target_000440;mysql_target_001152
mysql_aflgo_r1,mysql,1,src/mysql-server/sql/item_cmpfunc.cc:7663:0:0,/src/mysql-server/sql/item_cmpfunc.cc,7663,7663,0,0,mysql_target_000440;mysql_target_001152
mysql_aflgo_r1,mysql,1,src/mysql-server/sql/item_cmpfunc.cc:7663:0:1,/src/mysql-server/sql/item_cmpfunc.cc,7663,7663,0,0,mysql_target_000440;mysql_target_001152
mysql_aflgo_r1,mysql,1,src/mysql-server/sql/item_cmpfunc.cc:7663:1:2,/src/mysql-server/sql/item_cmpfunc.cc,7663,7663,0,0,mysql_target_000440;mysql_target_001152
mysql_aflgo_r1,mysql,1,src/mysql-server/sql/item_cmpfunc.cc:7663:1:3,/src/mysql-server/sql/item_cmpfunc.cc,7663,7663,0,0,mysql_target_000440;mysql_target_001152
mysql_aflgo_r1,mysql,1,src/mysql-server/sql/item_cmpfunc.cc:7766:0:0,/src/mysql-server/sql/item_cmpfunc.cc,7766,7766,0,0,mysql_target_000441;mysql_target_001153;mysql_target_001154
mysql_aflgo_r1,mysql,1,src/mysql-server/sql/item_cmpfunc.cc:7766:0:1,/src/mysql-server/sql/item_cmpfunc.cc,7766,7766,0,0,mysql_target_000441;mysql_target_001153;mysql_target_001154
mysql_aflgo_r1,mysql,1,src/mysql-server/sql/item_cmpfunc.cc:7776:0:0,/src/mysql-server/sql/item_cmpfunc.cc,7776,7776,0,0,mysql_target_000441;mysql_target_001153;mysql_target_001155
mysql_aflgo_r1,mysql,1,src/mysql-server/sql/item_cmpfunc.cc:7776:0:1,/src/mysql-server/sql/item_cmpfunc.cc,7776,7776,0,0,mysql_target_000441;mysql_target_001153;mysql_target_001155
mysql_aflgo_r1,mysql,1,src/mysql-server/sql/item_cmpfunc.h:937:0:0,/src/mysql-server/sql/item_cmpfunc.h,937,937,0,0,mysql_target_000454;mysql_target_001168
mysql_aflgo_r1,mysql,1,src/mysql-server/sql/item_cmpfunc.h:937:0:1,/src/mysql-server/sql/item_cmpfunc.h,937,937,0,0,mysql_target_000454;mysql_target_001168
mysql_aflgo_r1,mysql,1,src/mysql-server/sql/item_cmpfunc.h:1625:0:0,/src/mysql-server/sql/item_cmpfunc.h,1625,1625,0,0,mysql_target_000445;mysql_target_001159
mysql_aflgo_r1,mysql,1,src/mysql-server/sql/item_cmpfunc.h:1625:0:1,/src/mysql-server/sql/item_cmpfunc.h,1625,1625,0,0,mysql_target_000445;mysql_target_001159
mysql_aflgo_r1,mysql,1,src/mysql-server/sql/item_cmpfunc.h:1627:0:0,/src/mysql-server/sql/item_cmpfunc.h,1627,1627,0,0,mysql_target_000445;mysql_target_001159
mysql_aflgo_r1,mysql,1,src/mysql-server/sql/item_cmpfunc.h:1627:0:1,/src/mysql-server/sql/item_cmpfunc.h,1627,1627,0,0,mysql_target_000445;mysql_target_001159
mysql_aflgo_r1,mysql,1,src/mysql-server/sql/item_func.h:1183:0:0,/src/mysql-server/sql/item_func.h,1183,1183,0,0,mysql_target_000455;mysql_target_001169
mysql_aflgo_r1,mysql,1,src/mysql-server/sql/item_func.h:1183:0:1,/src/mysql-server/sql/item_func.h,1183,1183,21,1,mysql_target_000455;mysql_target_001169
mysql_aflgo_r1,mysql,1,src/mysql-server/sql/item_func.h:1184:0:0,/src/mysql-server/sql/item_func.h,1184,1184,0,0,mysql_target_000455;mysql_target_001169
mysql_aflgo_r1,mysql,1,src/mysql-server/sql/item_func.h:1184:0:1,/src/mysql-server/sql/item_func.h,1184,1184,21,1,mysql_target_000455;mysql_target_001169
mysql_aflgo_r1,mysql,1,src/mysql-server/sql/item_func.h:1223:0:0,/src/mysql-server/sql/item_func.h,1223,1223,0,0,mysql_target_000456;mysql_target_001170
mysql_aflgo_r1,mysql,1,src/mysql-server/sql/item_func.h:1223:0:1,/src/mysql-server/sql/item_func.h,1223,1223,0,0,mysql_target_000456;mysql_target_001170
mysql_aflgo_r1,mysql,1,src/mysql-server/sql/item_func.h:1797:0:0,/src/mysql-server/sql/item_func.h,1797,1797,0,0,mysql_target_000460;mysql_target_001174
mysql_aflgo_r1,mysql,1,src/mysql-server/sql/item_func.h:1797:0:1,/src/mysql-server/sql/item_func.h,1797,1797,0,0,mysql_target_000460;mysql_target_001174
mysql_aflgo_r1,mysql,1,src/mysql-server/sql/item_func.h:1845:0:0,/src/mysql-server/sql/item_func.h,1845,1845,0,0,mysql_target_000461;mysql_target_001175
mysql_aflgo_r1,mysql,1,src/mysql-server/sql/item_func.h:1845:0:1,/src/mysql-server/sql/item_func.h,1845,1845,13,1,mysql_target_000461;mysql_target_001175
mysql_aflgo_r1,mysql,1,src/mysql-server/sql/item_func.h:2038:0:0,/src/mysql-server/sql/item_func.h,2038,2038,0,0,mysql_target_000465;mysql_target_001179
mysql_aflgo_r1,mysql,1,src/mysql-server/sql/item_func.h:2038:0:1,/src/mysql-server/sql/item_func.h,2038,2038,0,0,mysql_target_000465;mysql_target_001179
mysql_aflgo_r1,mysql,1,src/mysql-server/sql/item_geofunc.h:908:0:0,/src/mysql-server/sql/item_geofunc.h,908,908,0,0,mysql_target_000476;mysql_target_001190
mysql_aflgo_r1,mysql,1,src/mysql-server/sql/item_geofunc.h:908:0:1,/src/mysql-server/sql/item_geofunc.h,908,908,0,0,mysql_target_000476;mysql_target_001190
mysql_aflgo_r1,mysql,1,src/mysql-server/sql/item_geofunc.h:909:0:0,/src/mysql-server/sql/item_geofunc.h,909,909,0,0,mysql_target_000476;mysql_target_001190
mysql_aflgo_r1,mysql,1,src/mysql-server/sql/item_geofunc.h:909:0:1,/src/mysql-server/sql/item_geofunc.h,909,909,0,0,mysql_target_000476;mysql_target_001190
mysql_aflgo_r1,mysql,1,src/mysql-server/sql/item_geofunc.h:910:0:0,/src/mysql-server/sql/item_geofunc.h,910,910,0,0,mysql_target_000476;mysql_target_001190
mysql_aflgo_r1,mysql,1,src/mysql-server/sql/item_geofunc.h:910:0:1,/src/mysql-server/sql/item_geofunc.h,910,910,0,0,mysql_target_000476;mysql_target_001190
mysql_aflgo_r1,mysql,1,src/mysql-server/sql/item_geofunc.h:911:0:0,/src/mysql-server/sql/item_geofunc.h,911,911,0,0,mysql_target_000476;mysql_target_001190
mysql_aflgo_r1,mysql,1,src/mysql-server/sql/item_geofunc.h:911:0:1,/src/mysql-server/sql/item_geofunc.h,911,911,0,0,mysql_target_000476;mysql_target_001190
mysql_aflgo_r1,mysql,1,src/mysql-server/sql/item_geofunc.h:911:1:2,/src/mysql-server/sql/item_geofunc.h,911,911,0,0,mysql_target_000476;mysql_target_001190
mysql_aflgo_r1,mysql,1,src/mysql-server/sql/item_geofunc.h:911:1:3,/src/mysql-server/sql/item_geofunc.h,911,911,0,0,mysql_target_000476;mysql_target_001190
mysql_aflgo_r1,mysql,1,src/mysql-server/sql/item_geofunc_relchecks.cc:74:0:0,/src/mysql-server/sql/item_geofunc_relchecks.cc,74,74,0,0,mysql_target_000477;mysql_target_001191
mysql_aflgo_r1,mysql,1,src/mysql-server/sql/item_geofunc_relchecks.cc:74:0:1,/src/mysql-server/sql/item_geofunc_relchecks.cc,74,74,0,0,mysql_target_000477;mysql_target_001191
mysql_aflgo_r1,mysql,1,src/mysql-server/sql/item_geofunc_relchecks.cc:75:0:0,/src/mysql-server/sql/item_geofunc_relchecks.cc,75,75,0,0,mysql_target_000477;mysql_target_001191
mysql_aflgo_r1,mysql,1,src/mysql-server/sql/item_geofunc_relchecks.cc:75:0:1,/src/mysql-server/sql/item_geofunc_relchecks.cc,75,75,0,0,mysql_target_000477;mysql_target_001191
mysql_aflgo_r1,mysql,1,src/mysql-server/sql/item_geofunc_relchecks.cc:75:1:2,/src/mysql-server/sql/item_geofunc_relchecks.cc,75,75,0,0,mysql_target_000477;mysql_target_001191
mysql_aflgo_r1,mysql,1,src/mysql-server/sql/item_geofunc_relchecks.cc:75:1:3,/src/mysql-server/sql/item_geofunc_relchecks.cc,75,75,0,0,mysql_target_000477;mysql_target_001191
mysql_aflgo_r1,mysql,1,src/mysql-server/sql/item_geofunc_relchecks.cc:75:2:4,/src/mysql-server/sql/item_geofunc_relchecks.cc,75,75,0,0,mysql_target_000477;mysql_target_001191
mysql_aflgo_r1,mysql,1,src/mysql-server/sql/item_geofunc_relchecks.cc:75:2:5,/src/mysql-server/sql/item_geofunc_relchecks.cc,75,75,0,0,mysql_target_000477;mysql_target_001191
mysql_aflgo_r1,mysql,1,src/mysql-server/sql/item_geofunc_relchecks.cc:81:0:0,/src/mysql-server/sql/item_geofunc_relchecks.cc,81,81,0,0,mysql_target_000477;mysql_target_001191
mysql_aflgo_r1,mysql,1,src/mysql-server/sql/item_geofunc_relchecks.cc:81:0:1,/src/mysql-server/sql/item_geofunc_relchecks.cc,81,81,0,0,mysql_target_000477;mysql_target_001191
mysql_aflgo_r1,mysql,1,src/mysql-server/sql/item_geofunc_relchecks.cc:82:0:0,/src/mysql-server/sql/item_geofunc_relchecks.cc,82,82,0,0,mysql_target_000477;mysql_target_001191
mysql_aflgo_r1,mysql,1,src/mysql-server/sql/item_geofunc_relchecks.cc:82:0:1,/src/mysql-server/sql/item_geofunc_relchecks.cc,82,82,0,0,mysql_target_000477;mysql_target_001191
mysql_aflgo_r1,mysql,1,src/mysql-server/sql/item_geofunc_relchecks.cc:82:1:2,/src/mysql-server/sql/item_geofunc_relchecks.cc,82,82,0,0,mysql_target_000477;mysql_target_001191
mysql_aflgo_r1,mysql,1,src/mysql-server/sql/item_geofunc_relchecks.cc:82:1:3,/src/mysql-server/sql/item_geofunc_relchecks.cc,82,82,0,0,mysql_target_000477;mysql_target_001191
mysql_aflgo_r1,mysql,1,src/mysql-server/sql/item_geofunc_relchecks.cc:82:2:4,/src/mysql-server/sql/item_geofunc_relchecks.cc,82,82,0,0,mysql_target_000477;mysql_target_001191
mysql_aflgo_r1,mysql,1,src/mysql-server/sql/item_geofunc_relchecks.cc:82:2:5,/src/mysql-server/sql/item_geofunc_relchecks.cc,82,82,0,0,mysql_target_000477;mysql_target_001191
mysql_aflgo_r1,mysql,1,src/mysql-server/sql/item_geofunc_relchecks.cc:87:0:0,/src/mysql-server/sql/item_geofunc_relchecks.cc,87,87,0,0,mysql_target_000477;mysql_target_001191
mysql_aflgo_r1,mysql,1,src/mysql-server/sql/item_geofunc_relchecks.cc:87:0:1,/src/mysql-server/sql/item_geofunc_relchecks.cc,87,87,0,0,mysql_target_000477;mysql_target_001191
mysql_aflgo_r1,mysql,1,src/mysql-server/sql/item_geofunc_relchecks.cc:87:1:2,/src/mysql-server/sql/item_geofunc_relchecks.cc,87,87,0,0,mysql_target_000477;mysql_target_001191
mysql_aflgo_r1,mysql,1,src/mysql-server/sql/item_geofunc_relchecks.cc:87:1:3,/src/mysql-server/sql/item_geofunc_relchecks.cc,87,87,0,0,mysql_target_000477;mysql_target_001191
mysql_aflgo_r1,mysql,1,src/mysql-server/sql/item_geofunc_relchecks.cc:100:0:0,/src/mysql-server/sql/item_geofunc_relchecks.cc,100,100,0,0,mysql_target_000477;mysql_target_001191
mysql_aflgo_r1,mysql,1,src/mysql-server/sql/item_geofunc_relchecks.cc:100:0:1,/src/mysql-server/sql/item_geofunc_relchecks.cc,100,100,0,0,mysql_target_000477;mysql_target_001191
mysql_aflgo_r1,mysql,1,src/mysql-server/sql/item_geofunc_relchecks.cc:101:0:0,/src/mysql-server/sql/item_geofunc_relchecks.cc,101,101,0,0,mysql_target_000477;mysql_target_001191
mysql_aflgo_r1,mysql,1,src/mysql-server/sql/item_geofunc_relchecks.cc:101:0:1,/src/mysql-server/sql/item_geofunc_relchecks.cc,101,101,0,0,mysql_target_000477;mysql_target_001191
mysql_aflgo_r1,mysql,1,src/mysql-server/sql/item_geofunc_relchecks.cc:105:0:0,/src/mysql-server/sql/item_geofunc_relchecks.cc,105,105,0,0,mysql_target_000477;mysql_target_001191
mysql_aflgo_r1,mysql,1,src/mysql-server/sql/item_geofunc_relchecks.cc:105:0:1,/src/mysql-server/sql/item_geofunc_relchecks.cc,105,105,0,0,mysql_target_000477;mysql_target_001191
mysql_aflgo_r1,mysql,1,src/mysql-server/sql/item_geofunc_relchecks.cc:106:0:0,/src/mysql-server/sql/item_geofunc_relchecks.cc,106,106,0,0,mysql_target_000477;mysql_target_001191
mysql_aflgo_r1,mysql,1,src/mysql-server/sql/item_geofunc_relchecks.cc:106:0:1,/src/mysql-server/sql/item_geofunc_relchecks.cc,106,106,0,0,mysql_target_000477;mysql_target_001191
mysql_aflgo_r1,mysql,1,src/mysql-server/sql/item_geofunc_relchecks.cc:107:0:0,/src/mysql-server/sql/item_geofunc_relchecks.cc,107,107,0,0,mysql_target_000477;mysql_target_001191
mysql_aflgo_r1,mysql,1,src/mysql-server/sql/item_geofunc_relchecks.cc:107:0:1,/src/mysql-server/sql/item_geofunc_relchecks.cc,107,107,0,0,mysql_target_000477;mysql_target_001191
mysql_aflgo_r1,mysql,1,src/mysql-server/sql/item_geofunc_relchecks.cc:115:0:0,/src/mysql-server/sql/item_geofunc_relchecks.cc,115,115,0,0,mysql_target_000477;mysql_target_001191
mysql_aflgo_r1,mysql,1,src/mysql-server/sql/item_geofunc_relchecks.cc:115:0:1,/src/mysql-server/sql/item_geofunc_relchecks.cc,115,115,0,0,mysql_target_000477;mysql_target_001191
mysql_aflgo_r1,mysql,1,src/mysql-server/sql/item_geofunc_relchecks.cc:117:0:0,/src/mysql-server/sql/item_geofunc_relchecks.cc,117,117,0,0,mysql_target_000477;mysql_target_001191
mysql_aflgo_r1,mysql,1,src/mysql-server/sql/item_geofunc_relchecks.cc:117:0:1,/src/mysql-server/sql/item_geofunc_relchecks.cc,117,117,0,0,mysql_target_000477;mysql_target_001191
mysql_aflgo_r1,mysql,1,src/mysql-server/sql/item_gtid_func.cc:42:0:0,/src/mysql-server/sql/item_gtid_func.cc,42,42,0,0,mysql_target_000480;mysql_target_001194
mysql_aflgo_r1,mysql,1,src/mysql-server/sql/item_gtid_func.cc:42:0:1,/src/mysql-server/sql/item_gtid_func.cc,42,42,0,0,mysql_target_000480;mysql_target_001194
mysql_aflgo_r1,mysql,1,src/mysql-server/sql/item_gtid_func.cc:43:0:0,/src/mysql-server/sql/item_gtid_func.cc,43,43,0,0,mysql_target_000480;mysql_target_001194
mysql_aflgo_r1,mysql,1,src/mysql-server/sql/item_gtid_func.cc:43:0:1,/src/mysql-server/sql/item_gtid_func.cc,43,43,0,0,mysql_target_000480;mysql_target_001194
mysql_aflgo_r1,mysql,1,src/mysql-server/sql/item_gtid_func.cc:64:0:0,/src/mysql-server/sql/item_gtid_func.cc,64,64,0,0,mysql_target_000481;mysql_target_001195
mysql_aflgo_r1,mysql,1,src/mysql-server/sql/item_gtid_func.cc:64:0:1,/src/mysql-server/sql/item_gtid_func.cc,64,64,0,0,mysql_target_000481;mysql_target_001195
mysql_aflgo_r1,mysql,1,src/mysql-server/sql/item_gtid_func.cc:70:0:0,/src/mysql-server/sql/item_gtid_func.cc,70,70,0,0,mysql_target_000481;mysql_target_001195
mysql_aflgo_r1,mysql,1,src/mysql-server/sql/item_gtid_func.cc:70:0:1,/src/mysql-server/sql/item_gtid_func.cc,70,70,0,0,mysql_target_000481;mysql_target_001195
mysql_aflgo_r1,mysql,1,src/mysql-server/sql/item_gtid_func.cc:77:0:0,/src/mysql-server/sql/item_gtid_func.cc,77,77,0,0,mysql_target_000481;mysql_target_001195
mysql_aflgo_r1,mysql,1,src/mysql-server/sql/item_gtid_func.cc:77:0:1,/src/mysql-server/sql/item_gtid_func.cc,77,77,0,0,mysql_target_000481;mysql_target_001195
mysql_aflgo_r1,mysql,1,src/mysql-server/sql/item_gtid_func.cc:79:0:0,/src/mysql-server/sql/item_gtid_func.cc,79,79,0,0,mysql_target_000481;mysql_target_001195
mysql_aflgo_r1,mysql,1,src/mysql-server/sql/item_gtid_func.cc:79:0:1,/src/mysql-server/sql/item_gtid_func.cc,79,79,0,0,mysql_target_000481;mysql_target_001195
mysql_aflgo_r1,mysql,1,src/mysql-server/sql/item_gtid_func.cc:79:1:2,/src/mysql-server/sql/item_gtid_func.cc,79,79,0,0,mysql_target_000481;mysql_target_001195
mysql_aflgo_r1,mysql,1,src/mysql-server/sql/item_gtid_func.cc:79:1:3,/src/mysql-server/sql/item_gtid_func.cc,79,79,0,0,mysql_target_000481;mysql_target_001195
mysql_aflgo_r1,mysql,1,src/mysql-server/sql/item_gtid_func.cc:80:0:0,/src/mysql-server/sql/item_gtid_func.cc,80,80,0,0,mysql_target_000481;mysql_target_001195
mysql_aflgo_r1,mysql,1,src/mysql-server/sql/item_gtid_func.cc:80:0:1,/src/mysql-server/sql/item_gtid_func.cc,80,80,0,0,mysql_target_000481;mysql_target_001195
mysql_aflgo_r1,mysql,1,src/mysql-server/sql/item_gtid_func.cc:90:0:0,/src/mysql-server/sql/item_gtid_func.cc,90,90,0,0,mysql_target_000481;mysql_target_001195
mysql_aflgo_r1,mysql,1,src/mysql-server/sql/item_gtid_func.cc:90:0:1,/src/mysql-server/sql/item_gtid_func.cc,90,90,0,0,mysql_target_000481;mysql_target_001195
mysql_aflgo_r1,mysql,1,src/mysql-server/sql/item_gtid_func.cc:98:0:0,/src/mysql-server/sql/item_gtid_func.cc,98,98,0,0,mysql_target_000481;mysql_target_001195
mysql_aflgo_r1,mysql,1,src/mysql-server/sql/item_gtid_func.cc:98:0:1,/src/mysql-server/sql/item_gtid_func.cc,98,98,0,0,mysql_target_000481;mysql_target_001195
mysql_aflgo_r1,mysql,1,src/mysql-server/sql/item_gtid_func.cc:104:0:0,/src/mysql-server/sql/item_gtid_func.cc,104,104,0,0,mysql_target_000481;mysql_target_001195
mysql_aflgo_r1,mysql,1,src/mysql-server/sql/item_gtid_func.cc:104:0:1,/src/mysql-server/sql/item_gtid_func.cc,104,104,0,0,mysql_target_000481;mysql_target_001195
mysql_aflgo_r1,mysql,1,src/mysql-server/sql/item_gtid_func.cc:112:0:0,/src/mysql-server/sql/item_gtid_func.cc,112,112,0,0,mysql_target_000481;mysql_target_001195
mysql_aflgo_r1,mysql,1,src/mysql-server/sql/item_gtid_func.cc:112:0:1,/src/mysql-server/sql/item_gtid_func.cc,112,112,0,0,mysql_target_000481;mysql_target_001195
mysql_aflgo_r1,mysql,1,src/mysql-server/sql/item_gtid_func.cc:113:0:0,/src/mysql-server/sql/item_gtid_func.cc,113,113,0,0,mysql_target_000481;mysql_target_001195
mysql_aflgo_r1,mysql,1,src/mysql-server/sql/item_gtid_func.cc:113:0:1,/src/mysql-server/sql/item_gtid_func.cc,113,113,0,0,mysql_target_000481;mysql_target_001195
mysql_aflgo_r1,mysql,1,src/mysql-server/sql/item_gtid_func.cc:139:0:0,/src/mysql-server/sql/item_gtid_func.cc,139,139,0,0,mysql_target_000478;mysql_target_001192
mysql_aflgo_r1,mysql,1,src/mysql-server/sql/item_gtid_func.cc:139:0:1,/src/mysql-server/sql/item_gtid_func.cc,139,139,0,0,mysql_target_000478;mysql_target_001192
mysql_aflgo_r1,mysql,1,src/mysql-server/sql/item_gtid_func.cc:143:0:0,/src/mysql-server/sql/item_gtid_func.cc,143,143,0,0,mysql_target_000478;mysql_target_001192
mysql_aflgo_r1,mysql,1,src/mysql-server/sql/item_gtid_func.cc:143:0:1,/src/mysql-server/sql/item_gtid_func.cc,143,143,0,0,mysql_target_000478;mysql_target_001192
mysql_aflgo_r1,mysql,1,src/mysql-server/sql/item_gtid_func.cc:150:0:0,/src/mysql-server/sql/item_gtid_func.cc,150,150,0,0,mysql_target_000478;mysql_target_001192
mysql_aflgo_r1,mysql,1,src/mysql-server/sql/item_gtid_func.cc:150:0:1,/src/mysql-server/sql/item_gtid_func.cc,150,150,0,0,mysql_target_000478;mysql_target_001192
mysql_aflgo_r1,mysql,1,src/mysql-server/sql/item_gtid_func.cc:153:0:0,/src/mysql-server/sql/item_gtid_func.cc,153,153,0,0,mysql_target_000478;mysql_target_001192
mysql_aflgo_r1,mysql,1,src/mysql-server/sql/item_gtid_func.cc:153:0:1,/src/mysql-server/sql/item_gtid_func.cc,153,153,0,0,mysql_target_000478;mysql_target_001192
mysql_aflgo_r1,mysql,1,src/mysql-server/sql/item_gtid_func.cc:159:0:0,/src/mysql-server/sql/item_gtid_func.cc,159,159,0,0,mysql_target_000478;mysql_target_001192
mysql_aflgo_r1,mysql,1,src/mysql-server/sql/item_gtid_func.cc:159:0:1,/src/mysql-server/sql/item_gtid_func.cc,159,159,0,0,mysql_target_000478;mysql_target_001192
mysql_aflgo_r1,mysql,1,src/mysql-server/sql/item_gtid_func.cc:163:0:0,/src/mysql-server/sql/item_gtid_func.cc,163,163,0,0,mysql_target_000479;mysql_target_001193
mysql_aflgo_r1,mysql,1,src/mysql-server/sql/item_gtid_func.cc:163:0:1,/src/mysql-server/sql/item_gtid_func.cc,163,163,0,0,mysql_target_000479;mysql_target_001193
mysql_aflgo_r1,mysql,1,src/mysql-server/sql/item_inetfunc.cc:74:0:0,/src/mysql-server/sql/item_inetfunc.cc,74,74,0,0,mysql_target_000484;mysql_target_001198
mysql_aflgo_r1,mysql,1,src/mysql-server/sql/item_inetfunc.cc:74:0:1,/src/mysql-server/sql/item_inetfunc.cc,74,74,0,0,mysql_target_000484;mysql_target_001198
mysql_aflgo_r1,mysql,1,src/mysql-server/sql/item_inetfunc.cc:79:0:0,/src/mysql-server/sql/item_inetfunc.cc,79,79,0,0,mysql_target_000484;mysql_target_001198
mysql_aflgo_r1,mysql,1,src/mysql-server/sql/item_inetfunc.cc:79:0:1,/src/mysql-server/sql/item_inetfunc.cc,79,79,0,0,mysql_target_000484;mysql_target_001198
mysql_aflgo_r1,mysql,1,src/mysql-server/sql/item_inetfunc.cc:82:0:0,/src/mysql-server/sql/item_inetfunc.cc,82,82,0,0,mysql_target_000484;mysql_target_001198
mysql_aflgo_r1,mysql,1,src/mysql-server/sql/item_inetfunc.cc:82:0:1,/src/mysql-server/sql/item_inetfunc.cc,82,82,0,0,mysql_target_000484;mysql_target_001198
mysql_aflgo_r1,mysql,1,src/mysql-server/sql/item_inetfunc.cc:82:1:2,/src/mysql-server/sql/item_inetfunc.cc,82,82,0,0,mysql_target_000484;mysql_target_001198
mysql_aflgo_r1,mysql,1,src/mysql-server/sql/item_inetfunc.cc:82:1:3,/src/mysql-server/sql/item_inetfunc.cc,82,82,0,0,mysql_target_000484;mysql_target_001198
mysql_aflgo_r1,mysql,1,src/mysql-server/sql/item_inetfunc.cc:84:0:0,/src/mysql-server/sql/item_inetfunc.cc,84,84,0,0,mysql_target_000484;mysql_target_001198
mysql_aflgo_r1,mysql,1,src/mysql-server/sql/item_inetfunc.cc:84:0:1,/src/mysql-server/sql/item_inetfunc.cc,84,84,0,0,mysql_target_000484;mysql_target_001198
mysql_aflgo_r1,mysql,1,src/mysql-server/sql/item_inetfunc.cc:85:0:0,/src/mysql-server/sql/item_inetfunc.cc,85,85,0,0,mysql_target_000484;mysql_target_001198
mysql_aflgo_r1,mysql,1,src/mysql-server/sql/item_inetfunc.cc:85:0:1,/src/mysql-server/sql/item_inetfunc.cc,85,85,0,0,mysql_target_000484;mysql_target_001198
mysql_aflgo_r1,mysql,1,src/mysql-server/sql/item_inetfunc.cc:92:0:0,/src/mysql-server/sql/item_inetfunc.cc,92,92,0,0,mysql_target_000484;mysql_target_001198
mysql_aflgo_r1,mysql,1,src/mysql-server/sql/item_inetfunc.cc:92:0:1,/src/mysql-server/sql/item_inetfunc.cc,92,92,0,0,mysql_target_000484;mysql_target_001198
mysql_aflgo_r1,mysql,1,src/mysql-server/sql/item_inetfunc.cc:103:0:0,/src/mysql-server/sql/item_inetfunc.cc,103,103,0,0,mysql_target_000484;mysql_target_001198
mysql_aflgo_r1,mysql,1,src/mysql-server/sql/item_inetfunc.cc:103:0:1,/src/mysql-server/sql/item_inetfunc.cc,103,103,0,0,mysql_target_000484;mysql_target_001198
mysql_aflgo_r1,mysql,1,src/mysql-server/sql/item_inetfunc.cc:104:0:0,/src/mysql-server/sql/item_inetfunc.cc,104,104,0,0,mysql_target_000484;mysql_target_001198
mysql_aflgo_r1,mysql,1,src/mysql-server/sql/item_inetfunc.cc:104:0:1,/src/mysql-server/sql/item_inetfunc.cc,104,104,0,0,mysql_target_000484;mysql_target_001198
mysql_aflgo_r1,mysql,1,src/mysql-server/sql/item_inetfunc.cc:107:0:0,/src/mysql-server/sql/item_inetfunc.cc,107,107,0,0,mysql_target_000484;mysql_target_001198
mysql_aflgo_r1,mysql,1,src/mysql-server/sql/item_inetfunc.cc:107:0:1,/src/mysql-server/sql/item_inetfunc.cc,107,107,0,0,mysql_target_000484;mysql_target_001198
mysql_aflgo_r1,mysql,1,src/mysql-server/sql/item_inetfunc.cc:110:0:0,/src/mysql-server/sql/item_inetfunc.cc,110,110,0,0,mysql_target_000484;mysql_target_001198
mysql_aflgo_r1,mysql,1,src/mysql-server/sql/item_inetfunc.cc:110:0:1,/src/mysql-server/sql/item_inetfunc.cc,110,110,0,0,mysql_target_000484;mysql_target_001198
mysql_aflgo_r1,mysql,1,src/mysql-server/sql/item_inetfunc.cc:143:0:0,/src/mysql-server/sql/item_inetfunc.cc,143,143,0,0,mysql_target_000482;mysql_target_001196
mysql_aflgo_r1,mysql,1,src/mysql-server/sql/item_inetfunc.cc:143:0:1,/src/mysql-server/sql/item_inetfunc.cc,143,143,0,0,mysql_target_000482;mysql_target_001196
mysql_aflgo_r1,mysql,1,src/mysql-server/sql/item_inetfunc.cc:144:0:0,/src/mysql-server/sql/item_inetfunc.cc,144,144,0,0,mysql_target_000482;mysql_target_001196
mysql_aflgo_r1,mysql,1,src/mysql-server/sql/item_inetfunc.cc:144:0:1,/src/mysql-server/sql/item_inetfunc.cc,144,144,0,0,mysql_target_000482;mysql_target_001196
mysql_aflgo_r1,mysql,1,src/mysql-server/sql/item_inetfunc.cc:168:0:0,/src/mysql-server/sql/item_inetfunc.cc,168,168,0,0,mysql_target_000482;mysql_target_001196
mysql_aflgo_r1,mysql,1,src/mysql-server/sql/item_inetfunc.cc:168:0:1,/src/mysql-server/sql/item_inetfunc.cc,168,168,0,0,mysql_target_000482;mysql_target_001196
mysql_aflgo_r1,mysql,1,src/mysql-server/sql/item_inetfunc.cc:178:0:0,/src/mysql-server/sql/item_inetfunc.cc,178,178,0,0,mysql_target_000482;mysql_target_001196
mysql_aflgo_r1,mysql,1,src/mysql-server/sql/item_inetfunc.cc:178:0:1,/src/mysql-server/sql/item_inetfunc.cc,178,178,0,0,mysql_target_000482;mysql_target_001196
mysql_aflgo_r1,mysql,1,src/mysql-server/sql/item_inetfunc.cc:178:1:2,/src/mysql-server/sql/item_inetfunc.cc,178,178,0,0,mysql_target_000482;mysql_target_001196
mysql_aflgo_r1,mysql,1,src/mysql-server/sql/item_inetfunc.cc:178:1:3,/src/mysql-server/sql/item_inetfunc.cc,178,178,0,0,mysql_target_000482;mysql_target_001196
mysql_aflgo_r1,mysql,1,src/mysql-server/sql/item_inetfunc.cc:179:0:0,/src/mysql-server/sql/item_inetfunc.cc,179,179,0,0,mysql_target_000482;mysql_target_001196
mysql_aflgo_r1,mysql,1,src/mysql-server/sql/item_inetfunc.cc:179:0:1,/src/mysql-server/sql/item_inetfunc.cc,179,179,0,0,mysql_target_000482;mysql_target_001196
mysql_aflgo_r1,mysql,1,src/mysql-server/sql/item_inetfunc.cc:198:0:0,/src/mysql-server/sql/item_inetfunc.cc,198,198,0,0,mysql_target_000483;mysql_target_001197
mysql_aflgo_r1,mysql,1,src/mysql-server/sql/item_inetfunc.cc:198:0:1,/src/mysql-server/sql/item_inetfunc.cc,198,198,0,0,mysql_target_000483;mysql_target_001197
mysql_aflgo_r1,mysql,1,src/mysql-server/sql/item_inetfunc.cc:206:0:0,/src/mysql-server/sql/item_inetfunc.cc,206,206,0,0,mysql_target_000483;mysql_target_001197
mysql_aflgo_r1,mysql,1,src/mysql-server/sql/item_inetfunc.cc:206:0:1,/src/mysql-server/sql/item_inetfunc.cc,206,206,0,0,mysql_target_000483;mysql_target_001197
mysql_aflgo_r1,mysql,1,src/mysql-server/sql/item_inetfunc.cc:206:1:2,/src/mysql-server/sql/item_inetfunc.cc,206,206,0,0,mysql_target_000483;mysql_target_001197
mysql_aflgo_r1,mysql,1,src/mysql-server/sql/item_inetfunc.cc:206:1:3,/src/mysql-server/sql/item_inetfunc.cc,206,206,0,0,mysql_target_000483;mysql_target_001197
mysql_aflgo_r1,mysql,1,src/mysql-server/sql/item_inetfunc.cc:211:0:0,/src/mysql-server/sql/item_inetfunc.cc,211,211,0,0,mysql_target_000483;mysql_target_001197
mysql_aflgo_r1,mysql,1,src/mysql-server/sql/item_inetfunc.cc:211:0:1,/src/mysql-server/sql/item_inetfunc.cc,211,211,0,0,mysql_target_000483;mysql_target_001197
mysql_aflgo_r1,mysql,1,src/mysql-server/sql/item_json_func.h:505:0:0,/src/mysql-server/sql/item_json_func.h,505,505,0,0,mysql_target_000486;mysql_target_001200
mysql_aflgo_r1,mysql,1,src/mysql-server/sql/item_json_func.h:505:0:1,/src/mysql-server/sql/item_json_func.h,505,505,0,0,mysql_target_000486;mysql_target_001200
mysql_aflgo_r1,mysql,1,src/mysql-server/sql/item_json_func.h:506:0:0,/src/mysql-server/sql/item_json_func.h,506,506,0,0,mysql_target_000486;mysql_target_001200
mysql_aflgo_r1,mysql,1,src/mysql-server/sql/item_json_func.h:506:0:1,/src/mysql-server/sql/item_json_func.h,506,506,0,0,mysql_target_000486;mysql_target_001200
mysql_aflgo_r1,mysql,1,src/mysql-server/sql/item_json_func.h:954:0:0,/src/mysql-server/sql/item_json_func.h,954,954,0,0,mysql_target_000487;mysql_target_001201
mysql_aflgo_r1,mysql,1,src/mysql-server/sql/item_json_func.h:954:0:1,/src/mysql-server/sql/item_json_func.h,954,954,0,0,mysql_target_000487;mysql_target_001201
mysql_aflgo_r1,mysql,1,src/mysql-server/sql/item_json_func.h:955:0:0,/src/mysql-server/sql/item_json_func.h,955,955,0,0,mysql_target_000487;mysql_target_001201
mysql_aflgo_r1,mysql,1,src/mysql-server/sql/item_json_func.h:955:0:1,/src/mysql-server/sql/item_json_func.h,955,955,0,0,mysql_target_000487;mysql_target_001201
mysql_aflgo_r1,mysql,1,src/mysql-server/sql/item_json_func.h:988:0:0,/src/mysql-server/sql/item_json_func.h,988,988,0,0,mysql_target_000488;mysql_target_001202
mysql_aflgo_r1,mysql,1,src/mysql-server/sql/item_json_func.h:988:0:1,/src/mysql-server/sql/item_json_func.h,988,988,62,1,mysql_target_000488;mysql_target_001202
mysql_aflgo_r1,mysql,1,src/mysql-server/sql/item_json_func.h:989:0:0,/src/mysql-server/sql/item_json_func.h,989,989,0,0,mysql_target_000488;mysql_target_001202
mysql_aflgo_r1,mysql,1,src/mysql-server/sql/item_json_func.h:989:0:1,/src/mysql-server/sql/item_json_func.h,989,989,62,1,mysql_target_000488;mysql_target_001202
mysql_aflgo_r1,mysql,1,src/mysql-server/sql/item_json_func.h:1158:0:0,/src/mysql-server/sql/item_json_func.h,1158,1158,0,0,mysql_target_000485;mysql_target_001199
mysql_aflgo_r1,mysql,1,src/mysql-server/sql/item_json_func.h:1158:0:1,/src/mysql-server/sql/item_json_func.h,1158,1158,0,0,mysql_target_000485;mysql_target_001199
mysql_aflgo_r1,mysql,1,src/mysql-server/sql/item_json_func.h:1159:0:0,/src/mysql-server/sql/item_json_func.h,1159,1159,0,0,mysql_target_000485;mysql_target_001199
mysql_aflgo_r1,mysql,1,src/mysql-server/sql/item_json_func.h:1159:0:1,/src/mysql-server/sql/item_json_func.h,1159,1159,0,0,mysql_target_000485;mysql_target_001199
mysql_aflgo_r1,mysql,1,src/mysql-server/sql/item_pfs_func.cc:115:0:0,/src/mysql-server/sql/item_pfs_func.cc,115,115,0,0,mysql_target_000489;mysql_target_001203
mysql_aflgo_r1,mysql,1,src/mysql-server/sql/item_pfs_func.cc:115:0:1,/src/mysql-server/sql/item_pfs_func.cc,115,115,0,0,mysql_target_000489;mysql_target_001203
mysql_aflgo_r1,mysql,1,src/mysql-server/sql/item_pfs_func.cc:126:0:0,/src/mysql-server/sql/item_pfs_func.cc,126,126,0,0,mysql_target_000489;mysql_target_001203
mysql_aflgo_r1,mysql,1,src/mysql-server/sql/item_pfs_func.cc:126:0:1,/src/mysql-server/sql/item_pfs_func.cc,126,126,0,0,mysql_target_000489;mysql_target_001203
mysql_aflgo_r1,mysql,1,src/mysql-server/sql/item_pfs_func.cc:132:0:0,/src/mysql-server/sql/item_pfs_func.cc,132,132,0,0,mysql_target_000489;mysql_target_001203
mysql_aflgo_r1,mysql,1,src/mysql-server/sql/item_pfs_func.cc:132:0:1,/src/mysql-server/sql/item_pfs_func.cc,132,132,0,0,mysql_target_000489;mysql_target_001203
mysql_aflgo_r1,mysql,1,src/mysql-server/sql/item_pfs_func.cc:137:0:0,/src/mysql-server/sql/item_pfs_func.cc,137,137,0,0,mysql_target_000489;mysql_target_001203
mysql_aflgo_r1,mysql,1,src/mysql-server/sql/item_pfs_func.cc:137:0:1,/src/mysql-server/sql/item_pfs_func.cc,137,137,0,0,mysql_target_000489;mysql_target_001203
mysql_aflgo_r1,mysql,1,src/mysql-server/sql/item_pfs_func.cc:144:0:0,/src/mysql-server/sql/item_pfs_func.cc,144,144,0,0,mysql_target_000489;mysql_target_001203
mysql_aflgo_r1,mysql,1,src/mysql-server/sql/item_pfs_func.cc:144:0:1,/src/mysql-server/sql/item_pfs_func.cc,144,144,0,0,mysql_target_000489;mysql_target_001203
mysql_aflgo_r1,mysql,1,src/mysql-server/sql/item_pfs_func.cc:150:0:0,/src/mysql-server/sql/item_pfs_func.cc,150,150,0,0,mysql_target_000489;mysql_target_001203
mysql_aflgo_r1,mysql,1,src/mysql-server/sql/item_pfs_func.cc:150:0:1,/src/mysql-server/sql/item_pfs_func.cc,150,150,0,0,mysql_target_000489;mysql_target_001203
mysql_aflgo_r1,mysql,1,src/mysql-server/sql/item_row.cc:150:0:0,/src/mysql-server/sql/item_row.cc,150,150,0,0,mysql_target_000490;mysql_target_001204
mysql_aflgo_r1,mysql,1,src/mysql-server/sql/item_row.cc:150:0:1,/src/mysql-server/sql/item_row.cc,150,150,0,0,mysql_target_000490;mysql_target_001204
mysql_aflgo_r1,mysql,1,src/mysql-server/sql/item_strfunc.cc:2429:0:0,/src/mysql-server/sql/item_strfunc.cc,2429,2429,0,0,mysql_target_000492;mysql_target_001206
mysql_aflgo_r1,mysql,1,src/mysql-server/sql/item_strfunc.cc:2429:0:1,/src/mysql-server/sql/item_strfunc.cc,2429,2429,0,0,mysql_target_000492;mysql_target_001206
mysql_aflgo_r1,mysql,1,src/mysql-server/sql/item_strfunc.cc:2432:0:0,/src/mysql-server/sql/item_strfunc.cc,2432,2432,0,0,mysql_target_000492;mysql_target_001206
mysql_aflgo_r1,mysql,1,src/mysql-server/sql/item_strfunc.cc:2432:0:1,/src/mysql-server/sql/item_strfunc.cc,2432,2432,0,0,mysql_target_000492;mysql_target_001206
mysql_aflgo_r1,mysql,1,src/mysql-server/sql/item_strfunc.cc:2445:0:0,/src/mysql-server/sql/item_strfunc.cc,2445,2445,0,0,mysql_target_000493;mysql_target_001207
mysql_aflgo_r1,mysql,1,src/mysql-server/sql/item_strfunc.cc:2445:0:1,/src/mysql-server/sql/item_strfunc.cc,2445,2445,0,0,mysql_target_000493;mysql_target_001207
mysql_aflgo_r1,mysql,1,src/mysql-server/sql/item_strfunc.cc:2445:1:2,/src/mysql-server/sql/item_strfunc.cc,2445,2445,0,0,mysql_target_000493;mysql_target_001207
mysql_aflgo_r1,mysql,1,src/mysql-server/sql/item_strfunc.cc:2445:1:3,/src/mysql-server/sql/item_strfunc.cc,2445,2445,0,0,mysql_target_000493;mysql_target_001207
mysql_aflgo_r1,mysql,1,src/mysql-server/sql/item_strfunc.cc:2446:0:0,/src/mysql-server/sql/item_strfunc.cc,2446,2446,0,0,mysql_target_000493;mysql_target_001207
mysql_aflgo_r1,mysql,1,src/mysql-server/sql/item_strfunc.cc:2446:0:1,/src/mysql-server/sql/item_strfunc.cc,2446,2446,0,0,mysql_target_000493;mysql_target_001207
mysql_aflgo_r1,mysql,1,src/mysql-server/sql/item_strfunc.cc:3113:0:0,/src/mysql-server/sql/item_strfunc.cc,3113,3113,0,0,mysql_target_000494;mysql_target_001208
mysql_aflgo_r1,mysql,1,src/mysql-server/sql/item_strfunc.cc:3113:0:1,/src/mysql-server/sql/item_strfunc.cc,3113,3113,0,0,mysql_target_000494;mysql_target_001208
mysql_aflgo_r1,mysql,1,src/mysql-server/sql/item_strfunc.cc:3180:0:0,/src/mysql-server/sql/item_strfunc.cc,3180,3180,0,0,mysql_target_000495;mysql_target_001209
mysql_aflgo_r1,mysql,1,src/mysql-server/sql/item_strfunc.cc:3180:0:1,/src/mysql-server/sql/item_strfunc.cc,3180,3180,39,1,mysql_target_000495;mysql_target_001209
mysql_aflgo_r1,mysql,1,src/mysql-server/sql/item_strfunc.cc:3181:0:0,/src/mysql-server/sql/item_strfunc.cc,3181,3181,0,0,mysql_target_000495;mysql_target_001209
mysql_aflgo_r1,mysql,1,src/mysql-server/sql/item_strfunc.cc:3181:0:1,/src/mysql-server/sql/item_strfunc.cc,3181,3181,0,0,mysql_target_000495;mysql_target_001209
mysql_aflgo_r1,mysql,1,src/mysql-server/sql/item_strfunc.cc:4088:0:0,/src/mysql-server/sql/item_strfunc.cc,4088,4088,0,0,mysql_target_000498;mysql_target_001212
mysql_aflgo_r1,mysql,1,src/mysql-server/sql/item_strfunc.cc:4088:0:1,/src/mysql-server/sql/item_strfunc.cc,4088,4088,0,0,mysql_target_000498;mysql_target_001212
mysql_aflgo_r1,mysql,1,src/mysql-server/sql/item_strfunc.cc:4090:0:0,/src/mysql-server/sql/item_strfunc.cc,4090,4090,0,0,mysql_target_000498;mysql_target_001212
mysql_aflgo_r1,mysql,1,src/mysql-server/sql/item_strfunc.cc:4090:0:1,/src/mysql-server/sql/item_strfunc.cc,4090,4090,0,0,mysql_target_000498;mysql_target_001212
mysql_aflgo_r1,mysql,1,src/mysql-server/sql/item_strfunc.cc:4090:1:2,/src/mysql-server/sql/item_strfunc.cc,4090,4090,0,0,mysql_target_000498;mysql_target_001212
mysql_aflgo_r1,mysql,1,src/mysql-server/sql/item_strfunc.cc:4090:1:3,/src/mysql-server/sql/item_strfunc.cc,4090,4090,0,0,mysql_target_000498;mysql_target_001212
mysql_aflgo_r1,mysql,1,src/mysql-server/sql/item_subselect.cc:360:0:0,/src/mysql-server/sql/item_subselect.cc,360,360,0,0,mysql_target_000515;mysql_target_001229
mysql_aflgo_r1,mysql,1,src/mysql-server/sql/item_subselect.cc:360:0:1,/src/mysql-server/sql/item_subselect.cc,360,360,20,1,mysql_target_000515;mysql_target_001229
mysql_aflgo_r1,mysql,1,src/mysql-server/sql/item_subselect.cc:362:0:0,/src/mysql-server/sql/item_subselect.cc,362,362,0,0,mysql_target_000515;mysql_target_001229
mysql_aflgo_r1,mysql,1,src/mysql-server/sql/item_subselect.cc:362:0:1,/src/mysql-server/sql/item_subselect.cc,362,362,20,1,mysql_target_000515;mysql_target_001229
mysql_aflgo_r1,mysql,1,src/mysql-server/sql/item_subselect.cc:370:0:0,/src/mysql-server/sql/item_subselect.cc,370,370,20,1,mysql_target_000515;mysql_target_001229
mysql_aflgo_r1,mysql,1,src/mysql-server/sql/item_subselect.cc:370:0:1,/src/mysql-server/sql/item_subselect.cc,370,370,0,0,mysql_target_000515;mysql_target_001229
mysql_aflgo_r1,mysql,1,src/mysql-server/sql/item_subselect.cc:371:0:0,/src/mysql-server/sql/item_subselect.cc,371,371,0,0,mysql_target_000515;mysql_target_001229
mysql_aflgo_r1,mysql,1,src/mysql-server/sql/item_subselect.cc:371:0:1,/src/mysql-server/sql/item_subselect.cc,371,371,20,1,mysql_target_000515;mysql_target_001229
mysql_aflgo_r1,mysql,1,src/mysql-server/sql/item_subselect.cc:371:1:2,/src/mysql-server/sql/item_subselect.cc,371,371,0,0,mysql_target_000515;mysql_target_001229
mysql_aflgo_r1,mysql,1,src/mysql-server/sql/item_subselect.cc:371:1:3,/src/mysql-server/sql/item_subselect.cc,371,371,0,0,mysql_target_000515;mysql_target_001229
mysql_aflgo_r1,mysql,1,src/mysql-server/sql/item_subselect.cc:390:0:0,/src/mysql-server/sql/item_subselect.cc,390,390,17,1,mysql_target_000515;mysql_target_001229
mysql_aflgo_r1,mysql,1,src/mysql-server/sql/item_subselect.cc:390:0:1,/src/mysql-server/sql/item_subselect.cc,390,390,3,1,mysql_target_000515;mysql_target_001229
mysql_aflgo_r1,mysql,1,src/mysql-server/sql/item_subselect.cc:393:0:0,/src/mysql-server/sql/item_subselect.cc,393,393,3,1,mysql_target_000515;mysql_target_001229
mysql_aflgo_r1,mysql,1,src/mysql-server/sql/item_subselect.cc:393:0:1,/src/mysql-server/sql/item_subselect.cc,393,393,0,0,mysql_target_000515;mysql_target_001229
mysql_aflgo_r1,mysql,1,src/mysql-server/sql/item_subselect.cc:393:1:2,/src/mysql-server/sql/item_subselect.cc,393,393,0,0,mysql_target_000515;mysql_target_001229
mysql_aflgo_r1,mysql,1,src/mysql-server/sql/item_subselect.cc:393:1:3,/src/mysql-server/sql/item_subselect.cc,393,393,3,1,mysql_target_000515;mysql_target_001229
mysql_aflgo_r1,mysql,1,src/mysql-server/sql/item_subselect.cc:394:0:0,/src/mysql-server/sql/item_subselect.cc,394,394,0,0,mysql_target_000515;mysql_target_001229
mysql_aflgo_r1,mysql,1,src/mysql-server/sql/item_subselect.cc:394:0:1,/src/mysql-server/sql/item_subselect.cc,394,394,0,0,mysql_target_000515;mysql_target_001229
mysql_aflgo_r1,mysql,1,src/mysql-server/sql/item_subselect.cc:394:1:2,/src/mysql-server/sql/item_subselect.cc,394,394,0,0,mysql_target_000515;mysql_target_001229
mysql_aflgo_r1,mysql,1,src/mysql-server/sql/item_subselect.cc:394:1:3,/src/mysql-server/sql/item_subselect.cc,394,394,0,0,mysql_target_000515;mysql_target_001229
mysql_aflgo_r1,mysql,1,src/mysql-server/sql/item_subselect.cc:395:0:0,/src/mysql-server/sql/item_subselect.cc,395,395,0,0,mysql_target_000515;mysql_target_001229
mysql_aflgo_r1,mysql,1,src/mysql-server/sql/item_subselect.cc:395:0:1,/src/mysql-server/sql/item_subselect.cc,395,395,0,0,mysql_target_000515;mysql_target_001229
mysql_aflgo_r1,mysql,1,src/mysql-server/sql/item_subselect.cc:395:1:2,/src/mysql-server/sql/item_subselect.cc,395,395,0,0,mysql_target_000515;mysql_target_001229
mysql_aflgo_r1,mysql,1,src/mysql-server/sql/item_subselect.cc:395:1:3,/src/mysql-server/sql/item_subselect.cc,395,395,0,0,mysql_target_000515;mysql_target_001229
mysql_aflgo_r1,mysql,1,src/mysql-server/sql/item_subselect.cc:396:0:0,/src/mysql-server/sql/item_subselect.cc,396,396,0,0,mysql_target_000515;mysql_target_001229
mysql_aflgo_r1,mysql,1,src/mysql-server/sql/item_subselect.cc:396:0:1,/src/mysql-server/sql/item_subselect.cc,396,396,0,0,mysql_target_000515;mysql_target_001229
mysql_aflgo_r1,mysql,1,src/mysql-server/sql/item_subselect.cc:402:0:0,/src/mysql-server/sql/item_subselect.cc,402,402,0,0,mysql_target_000515;mysql_target_001229
mysql_aflgo_r1,mysql,1,src/mysql-server/sql/item_subselect.cc:402:0:1,/src/mysql-server/sql/item_subselect.cc,402,402,0,0,mysql_target_000515;mysql_target_001229
mysql_aflgo_r1,mysql,1,src/mysql-server/sql/item_subselect.cc:405:0:0,/src/mysql-server/sql/item_subselect.cc,405,405,0,0,mysql_target_000515;mysql_target_001229
mysql_aflgo_r1,mysql,1,src/mysql-server/sql/item_subselect.cc:405:0:1,/src/mysql-server/sql/item_subselect.cc,405,405,0,0,mysql_target_000515;mysql_target_001229
mysql_aflgo_r1,mysql,1,src/mysql-server/sql/item_subselect.cc:628:0:0,/src/mysql-server/sql/item_subselect.cc,628,628,0,0,mysql_target_000517;mysql_target_001231
mysql_aflgo_r1,mysql,1,src/mysql-server/sql/item_subselect.cc:628:0:1,/src/mysql-server/sql/item_subselect.cc,628,628,46,1,mysql_target_000517;mysql_target_001231
mysql_aflgo_r1,mysql,1,src/mysql-server/sql/item_subselect.cc:630:0:0,/src/mysql-server/sql/item_subselect.cc,630,630,46,1,mysql_target_000517;mysql_target_001231
mysql_aflgo_r1,mysql,1,src/mysql-server/sql/item_subselect.cc:630:0:1,/src/mysql-server/sql/item_subselect.cc,630,630,0,0,mysql_target_000517;mysql_target_001231
mysql_aflgo_r1,mysql,1,src/mysql-server/sql/item_subselect.cc:631:0:0,/src/mysql-server/sql/item_subselect.cc,631,631,0,0,mysql_target_000517;mysql_target_001231
mysql_aflgo_r1,mysql,1,src/mysql-server/sql/item_subselect.cc:631:0:1,/src/mysql-server/sql/item_subselect.cc,631,631,46,1,mysql_target_000517;mysql_target_001231
mysql_aflgo_r1,mysql,1,src/mysql-server/sql/item_subselect.cc:638:0:0,/src/mysql-server/sql/item_subselect.cc,638,638,0,0,mysql_target_000517;mysql_target_001231
mysql_aflgo_r1,mysql,1,src/mysql-server/sql/item_subselect.cc:638:0:1,/src/mysql-server/sql/item_subselect.cc,638,638,46,1,mysql_target_000517;mysql_target_001231
mysql_aflgo_r1,mysql,1,src/mysql-server/sql/item_subselect.cc:642:0:0,/src/mysql-server/sql/item_subselect.cc,642,642,0,0,mysql_target_000517;mysql_target_001231
mysql_aflgo_r1,mysql,1,src/mysql-server/sql/item_subselect.cc:642:0:1,/src/mysql-server/sql/item_subselect.cc,642,642,46,1,mysql_target_000517;mysql_target_001231
mysql_aflgo_r1,mysql,1,src/mysql-server/sql/item_subselect.cc:644:0:0,/src/mysql-server/sql/item_subselect.cc,644,644,4,1,mysql_target_000517;mysql_target_001231
mysql_aflgo_r1,mysql,1,src/mysql-server/sql/item_subselect.cc:644:0:1,/src/mysql-server/sql/item_subselect.cc,644,644,42,1,mysql_target_000517;mysql_target_001231
mysql_aflgo_r1,mysql,1,src/mysql-server/sql/item_subselect.cc:645:0:0,/src/mysql-server/sql/item_subselect.cc,645,645,0,0,mysql_target_000517;mysql_target_001231
mysql_aflgo_r1,mysql,1,src/mysql-server/sql/item_subselect.cc:645:0:1,/src/mysql-server/sql/item_subselect.cc,645,645,4,1,mysql_target_000517;mysql_target_001231
mysql_aflgo_r1,mysql,1,src/mysql-server/sql/item_subselect.cc:880:0:0,/src/mysql-server/sql/item_subselect.cc,880,880,0,0,mysql_target_000518;mysql_target_001232
mysql_aflgo_r1,mysql,1,src/mysql-server/sql/item_subselect.cc:880:0:1,/src/mysql-server/sql/item_subselect.cc,880,880,200,1,mysql_target_000518;mysql_target_001232
mysql_aflgo_r1,mysql,1,src/mysql-server/sql/item_subselect.cc:1153:0:0,/src/mysql-server/sql/item_subselect.cc,1153,1153,39,1,mysql_target_000500;mysql_target_001214
mysql_aflgo_r1,mysql,1,src/mysql-server/sql/item_subselect.cc:1153:0:1,/src/mysql-server/sql/item_subselect.cc,1153,1153,0,0,mysql_target_000500;mysql_target_001214
mysql_aflgo_r1,mysql,1,src/mysql-server/sql/item_subselect.cc:1166:0:0,/src/mysql-server/sql/item_subselect.cc,1166,1166,0,0,mysql_target_000502;mysql_target_001216
mysql_aflgo_r1,mysql,1,src/mysql-server/sql/item_subselect.cc:1166:0:1,/src/mysql-server/sql/item_subselect.cc,1166,1166,80,1,mysql_target_000502;mysql_target_001216
mysql_aflgo_r1,mysql,1,src/mysql-server/sql/item_subselect.cc:1172:0:0,/src/mysql-server/sql/item_subselect.cc,1172,1172,20,1,mysql_target_000503;mysql_target_001217
mysql_aflgo_r1,mysql,1,src/mysql-server/sql/item_subselect.cc:1172:0:1,/src/mysql-server/sql/item_subselect.cc,1172,1172,0,0,mysql_target_000503;mysql_target_001217
mysql_aflgo_r1,mysql,1,src/mysql-server/sql/item_subselect.cc:1176:0:0,/src/mysql-server/sql/item_subselect.cc,1176,1176,0,0,mysql_target_000503;mysql_target_001217
mysql_aflgo_r1,mysql,1,src/mysql-server/sql/item_subselect.cc:1176:0:1,/src/mysql-server/sql/item_subselect.cc,1176,1176,0,0,mysql_target_000503;mysql_target_001217
mysql_aflgo_r1,mysql,1,src/mysql-server/sql/item_subselect.cc:1187:0:0,/src/mysql-server/sql/item_subselect.cc,1187,1187,20,1,mysql_target_000503;mysql_target_001217
mysql_aflgo_r1,mysql,1,src/mysql-server/sql/item_subselect.cc:1187:0:1,/src/mysql-server/sql/item_subselect.cc,1187,1187,20,1,mysql_target_000503;mysql_target_001217
mysql_aflgo_r1,mysql,1,src/mysql-server/sql/item_subselect.cc:1189:0:0,/src/mysql-server/sql/item_subselect.cc,1189,1189,0,0,mysql_target_000503;mysql_target_001217
mysql_aflgo_r1,mysql,1,src/mysql-server/sql/item_subselect.cc:1189:0:1,/src/mysql-server/sql/item_subselect.cc,1189,1189,20,1,mysql_target_000503;mysql_target_001217
mysql_aflgo_r1,mysql,1,src/mysql-server/sql/item_subselect.cc:1189:1:2,/src/mysql-server/sql/item_subselect.cc,1189,1189,0,0,mysql_target_000503;mysql_target_001217
mysql_aflgo_r1,mysql,1,src/mysql-server/sql/item_subselect.cc:1189:1:3,/src/mysql-server/sql/item_subselect.cc,1189,1189,0,0,mysql_target_000503;mysql_target_001217
mysql_aflgo_r1,mysql,1,src/mysql-server/sql/item_subselect.cc:1195:0:0,/src/mysql-server/sql/item_subselect.cc,1195,1195,0,0,mysql_target_000503;mysql_target_001217
mysql_aflgo_r1,mysql,1,src/mysql-server/sql/item_subselect.cc:1195:0:1,/src/mysql-server/sql/item_subselect.cc,1195,1195,20,1,mysql_target_000503;mysql_target_001217
mysql_aflgo_r1,mysql,1,src/mysql-server/sql/item_subselect.cc:1235:0:0,/src/mysql-server/sql/item_subselect.cc,1235,1235,0,0,mysql_target_000504;mysql_target_001218
mysql_aflgo_r1,mysql,1,src/mysql-server/sql/item_subselect.cc:1235:0:1,/src/mysql-server/sql/item_subselect.cc,1235,1235,0,0,mysql_target_000504;mysql_target_001218
mysql_aflgo_r1,mysql,1,src/mysql-server/sql/item_subselect.cc:1235:1:2,/src/mysql-server/sql/item_subselect.cc,1235,1235,0,0,mysql_target_000504;mysql_target_001218
mysql_aflgo_r1,mysql,1,src/mysql-server/sql/item_subselect.cc:1235:1:3,/src/mysql-server/sql/item_subselect.cc,1235,1235,0,0,mysql_target_000504;mysql_target_001218
mysql_aflgo_r1,mysql,1,src/mysql-server/sql/item_subselect.cc:1235:2:4,/src/mysql-server/sql/item_subselect.cc,1235,1235,0,0,mysql_target_000504;mysql_target_001218
mysql_aflgo_r1,mysql,1,src/mysql-server/sql/item_subselect.cc:1235:2:5,/src/mysql-server/sql/item_subselect.cc,1235,1235,0,0,mysql_target_000504;mysql_target_001218
mysql_aflgo_r1,mysql,1,src/mysql-server/sql/item_subselect.cc:1246:0:0,/src/mysql-server/sql/item_subselect.cc,1246,1246,2,1,mysql_target_000505;mysql_target_001219
mysql_aflgo_r1,mysql,1,src/mysql-server/sql/item_subselect.cc:1246:0:1,/src/mysql-server/sql/item_subselect.cc,1246,1246,0,0,mysql_target_000505;mysql_target_001219
mysql_aflgo_r1,mysql,1,src/mysql-server/sql/item_subselect.cc:1246:1:2,/src/mysql-server/sql/item_subselect.cc,1246,1246,2,1,mysql_target_000505;mysql_target_001219
mysql_aflgo_r1,mysql,1,src/mysql-server/sql/item_subselect.cc:1246:1:3,/src/mysql-server/sql/item_subselect.cc,1246,1246,0,0,mysql_target_000505;mysql_target_001219
mysql_aflgo_r1,mysql,1,src/mysql-server/sql/item_subselect.cc:1246:2:4,/src/mysql-server/sql/item_subselect.cc,1246,1246,2,1,mysql_target_000505;mysql_target_001219
mysql_aflgo_r1,mysql,1,src/mysql-server/sql/item_subselect.cc:1246:2:5,/src/mysql-server/sql/item_subselect.cc,1246,1246,0,0,mysql_target_000505;mysql_target_001219
mysql_aflgo_r1,mysql,1,src/mysql-server/sql/item_subselect.cc:1257:0:0,/src/mysql-server/sql/item_subselect.cc,1257,1257,1,1,mysql_target_000506;mysql_target_001220
mysql_aflgo_r1,mysql,1,src/mysql-server/sql/item_subselect.cc:1257:0:1,/src/mysql-server/sql/item_subselect.cc,1257,1257,0,0,mysql_target_000506;mysql_target_001220
mysql_aflgo_r1,mysql,1,src/mysql-server/sql/item_subselect.cc:1257:1:2,/src/mysql-server/sql/item_subselect.cc,1257,1257,1,1,mysql_target_000506;mysql_target_001220
mysql_aflgo_r1,mysql,1,src/mysql-server/sql/item_subselect.cc:1257:1:3,/src/mysql-server/sql/item_subselect.cc,1257,1257,0,0,mysql_target_000506;mysql_target_001220
mysql_aflgo_r1,mysql,1,src/mysql-server/sql/item_subselect.cc:1257:2:4,/src/mysql-server/sql/item_subselect.cc,1257,1257,1,1,mysql_target_000506;mysql_target_001220
mysql_aflgo_r1,mysql,1,src/mysql-server/sql/item_subselect.cc:1257:2:5,/src/mysql-server/sql/item_subselect.cc,1257,1257,0,0,mysql_target_000506;mysql_target_001220
mysql_aflgo_r1,mysql,1,src/mysql-server/sql/item_subselect.cc:1280:0:0,/src/mysql-server/sql/item_subselect.cc,1280,1280,0,0,mysql_target_000507;mysql_target_001221
mysql_aflgo_r1,mysql,1,src/mysql-server/sql/item_subselect.cc:1280:0:1,/src/mysql-server/sql/item_subselect.cc,1280,1280,0,0,mysql_target_000507;mysql_target_001221
mysql_aflgo_r1,mysql,1,src/mysql-server/sql/item_subselect.cc:1280:1:2,/src/mysql-server/sql/item_subselect.cc,1280,1280,0,0,mysql_target_000507;mysql_target_001221
mysql_aflgo_r1,mysql,1,src/mysql-server/sql/item_subselect.cc:1280:1:3,/src/mysql-server/sql/item_subselect.cc,1280,1280,0,0,mysql_target_000507;mysql_target_001221
mysql_aflgo_r1,mysql,1,src/mysql-server/sql/item_subselect.cc:1280:2:4,/src/mysql-server/sql/item_subselect.cc,1280,1280,0,0,mysql_target_000507;mysql_target_001221
mysql_aflgo_r1,mysql,1,src/mysql-server/sql/item_subselect.cc:1280:2:5,/src/mysql-server/sql/item_subselect.cc,1280,1280,0,0,mysql_target_000507;mysql_target_001221
mysql_aflgo_r1,mysql,1,src/mysql-server/sql/item_subselect.cc:1291:0:0,/src/mysql-server/sql/item_subselect.cc,1291,1291,0,0,mysql_target_000508;mysql_target_001222
mysql_aflgo_r1,mysql,1,src/mysql-server/sql/item_subselect.cc:1291:0:1,/src/mysql-server/sql/item_subselect.cc,1291,1291,0,0,mysql_target_000508;mysql_target_001222
mysql_aflgo_r1,mysql,1,src/mysql-server/sql/item_subselect.cc:1291:1:2,/src/mysql-server/sql/item_subselect.cc,1291,1291,0,0,mysql_target_000508;mysql_target_001222
mysql_aflgo_r1,mysql,1,src/mysql-server/sql/item_subselect.cc:1291:1:3,/src/mysql-server/sql/item_subselect.cc,1291,1291,0,0,mysql_target_000508;mysql_target_001222
mysql_aflgo_r1,mysql,1,src/mysql-server/sql/item_subselect.cc:1291:2:4,/src/mysql-server/sql/item_subselect.cc,1291,1291,0,0,mysql_target_000508;mysql_target_001222
mysql_aflgo_r1,mysql,1,src/mysql-server/sql/item_subselect.cc:1291:2:5,/src/mysql-server/sql/item_subselect.cc,1291,1291,0,0,mysql_target_000508;mysql_target_001222
mysql_aflgo_r1,mysql,1,src/mysql-server/sql/item_subselect.cc:1302:0:0,/src/mysql-server/sql/item_subselect.cc,1302,1302,0,0,mysql_target_000509;mysql_target_001223
mysql_aflgo_r1,mysql,1,src/mysql-server/sql/item_subselect.cc:1302:0:1,/src/mysql-server/sql/item_subselect.cc,1302,1302,0,0,mysql_target_000509;mysql_target_001223
mysql_aflgo_r1,mysql,1,src/mysql-server/sql/item_subselect.cc:1302:1:2,/src/mysql-server/sql/item_subselect.cc,1302,1302,0,0,mysql_target_000509;mysql_target_001223
mysql_aflgo_r1,mysql,1,src/mysql-server/sql/item_subselect.cc:1302:1:3,/src/mysql-server/sql/item_subselect.cc,1302,1302,0,0,mysql_target_000509;mysql_target_001223
mysql_aflgo_r1,mysql,1,src/mysql-server/sql/item_subselect.cc:1302:2:4,/src/mysql-server/sql/item_subselect.cc,1302,1302,0,0,mysql_target_000509;mysql_target_001223
mysql_aflgo_r1,mysql,1,src/mysql-server/sql/item_subselect.cc:1302:2:5,/src/mysql-server/sql/item_subselect.cc,1302,1302,0,0,mysql_target_000509;mysql_target_001223
mysql_aflgo_r1,mysql,1,src/mysql-server/sql/item_subselect.cc:1314:0:0,/src/mysql-server/sql/item_subselect.cc,1314,1314,0,0,mysql_target_000510;mysql_target_001224
mysql_aflgo_r1,mysql,1,src/mysql-server/sql/item_subselect.cc:1314:0:1,/src/mysql-server/sql/item_subselect.cc,1314,1314,0,0,mysql_target_000510;mysql_target_001224
mysql_aflgo_r1,mysql,1,src/mysql-server/sql/item_subselect.cc:1314:1:2,/src/mysql-server/sql/item_subselect.cc,1314,1314,0,0,mysql_target_000510;mysql_target_001224
mysql_aflgo_r1,mysql,1,src/mysql-server/sql/item_subselect.cc:1314:1:3,/src/mysql-server/sql/item_subselect.cc,1314,1314,0,0,mysql_target_000510;mysql_target_001224
mysql_aflgo_r1,mysql,1,src/mysql-server/sql/item_subselect.cc:1314:2:4,/src/mysql-server/sql/item_subselect.cc,1314,1314,0,0,mysql_target_000510;mysql_target_001224
mysql_aflgo_r1,mysql,1,src/mysql-server/sql/item_subselect.cc:1314:2:5,/src/mysql-server/sql/item_subselect.cc,1314,1314,0,0,mysql_target_000510;mysql_target_001224
mysql_aflgo_r1,mysql,1,src/mysql-server/sql/item_subselect.cc:1325:0:0,/src/mysql-server/sql/item_subselect.cc,1325,1325,0,0,mysql_target_000511;mysql_target_001225
mysql_aflgo_r1,mysql,1,src/mysql-server/sql/item_subselect.cc:1325:0:1,/src/mysql-server/sql/item_subselect.cc,1325,1325,0,0,mysql_target_000511;mysql_target_001225
mysql_aflgo_r1,mysql,1,src/mysql-server/sql/item_subselect.cc:1325:1:2,/src/mysql-server/sql/item_subselect.cc,1325,1325,0,0,mysql_target_000511;mysql_target_001225
mysql_aflgo_r1,mysql,1,src/mysql-server/sql/item_subselect.cc:1325:1:3,/src/mysql-server/sql/item_subselect.cc,1325,1325,0,0,mysql_target_000511;mysql_target_001225
mysql_aflgo_r1,mysql,1,src/mysql-server/sql/item_subselect.cc:1325:2:4,/src/mysql-server/sql/item_subselect.cc,1325,1325,0,0,mysql_target_000511;mysql_target_001225
mysql_aflgo_r1,mysql,1,src/mysql-server/sql/item_subselect.cc:1325:2:5,/src/mysql-server/sql/item_subselect.cc,1325,1325,0,0,mysql_target_000511;mysql_target_001225
mysql_aflgo_r1,mysql,1,src/mysql-server/sql/item_subselect.cc:1519:0:0,/src/mysql-server/sql/item_subselect.cc,1519,1519,0,0,mysql_target_000512;mysql_target_001226
mysql_aflgo_r1,mysql,1,src/mysql-server/sql/item_subselect.cc:1519:0:1,/src/mysql-server/sql/item_subselect.cc,1519,1519,28,1,mysql_target_000512;mysql_target_001226
mysql_aflgo_r1,mysql,1,src/mysql-server/sql/item_subselect.cc:1520:0:0,/src/mysql-server/sql/item_subselect.cc,1520,1520,0,0,mysql_target_000512;mysql_target_001226
mysql_aflgo_r1,mysql,1,src/mysql-server/sql/item_subselect.cc:1520:0:1,/src/mysql-server/sql/item_subselect.cc,1520,1520,28,1,mysql_target_000512;mysql_target_001226
mysql_aflgo_r1,mysql,1,src/mysql-server/sql/item_subselect.cc:1520:1:2,/src/mysql-server/sql/item_subselect.cc,1520,1520,0,0,mysql_target_000512;mysql_target_001226
mysql_aflgo_r1,mysql,1,src/mysql-server/sql/item_subselect.cc:1520:1:3,/src/mysql-server/sql/item_subselect.cc,1520,1520,28,1,mysql_target_000512;mysql_target_001226
mysql_aflgo_r1,mysql,1,src/mysql-server/sql/item_subselect.cc:1521:0:0,/src/mysql-server/sql/item_subselect.cc,1521,1521,0,0,mysql_target_000512;mysql_target_001226
mysql_aflgo_r1,mysql,1,src/mysql-server/sql/item_subselect.cc:1521:0:1,/src/mysql-server/sql/item_subselect.cc,1521,1521,28,1,mysql_target_000512;mysql_target_001226
mysql_aflgo_r1,mysql,1,src/mysql-server/sql/item_subselect.cc:1526:0:0,/src/mysql-server/sql/item_subselect.cc,1526,1526,0,0,mysql_target_000512;mysql_target_001226
mysql_aflgo_r1,mysql,1,src/mysql-server/sql/item_subselect.cc:1526:0:1,/src/mysql-server/sql/item_subselect.cc,1526,1526,28,1,mysql_target_000512;mysql_target_001226
mysql_aflgo_r1,mysql,1,src/mysql-server/sql/item_subselect.cc:2846:0:0,/src/mysql-server/sql/item_subselect.cc,2846,2846,0,0,mysql_target_000513;mysql_target_001227
mysql_aflgo_r1,mysql,1,src/mysql-server/sql/item_subselect.cc:2846:0:1,/src/mysql-server/sql/item_subselect.cc,2846,2846,26,1,mysql_target_000513;mysql_target_001227
mysql_aflgo_r1,mysql,1,src/mysql-server/sql/item_subselect.cc:2851:0:0,/src/mysql-server/sql/item_subselect.cc,2851,2851,1,1,mysql_target_000513;mysql_target_001227
mysql_aflgo_r1,mysql,1,src/mysql-server/sql/item_subselect.cc:2851:0:1,/src/mysql-server/sql/item_subselect.cc,2851,2851,25,1,mysql_target_000513;mysql_target_001227
mysql_aflgo_r1,mysql,1,src/mysql-server/sql/item_subselect.cc:2856:0:0,/src/mysql-server/sql/item_subselect.cc,2856,2856,0,0,mysql_target_000513;mysql_target_001227
mysql_aflgo_r1,mysql,1,src/mysql-server/sql/item_subselect.cc:2856:0:1,/src/mysql-server/sql/item_subselect.cc,2856,2856,26,1,mysql_target_000513;mysql_target_001227
mysql_aflgo_r1,mysql,1,src/mysql-server/sql/item_subselect.cc:2858:0:0,/src/mysql-server/sql/item_subselect.cc,2858,2858,25,1,mysql_target_000513;mysql_target_001227
mysql_aflgo_r1,mysql,1,src/mysql-server/sql/item_subselect.cc:2858:0:1,/src/mysql-server/sql/item_subselect.cc,2858,2858,1,1,mysql_target_000513;mysql_target_001227
mysql_aflgo_r1,mysql,1,src/mysql-server/sql/item_subselect.cc:2860:0:0,/src/mysql-server/sql/item_subselect.cc,2860,2860,25,1,mysql_target_000513;mysql_target_001227
mysql_aflgo_r1,mysql,1,src/mysql-server/sql/item_subselect.cc:2860:0:1,/src/mysql-server/sql/item_subselect.cc,2860,2860,0,0,mysql_target_000513;mysql_target_001227
mysql_aflgo_r1,mysql,1,src/mysql-server/sql/item_subselect.cc:2860:1:2,/src/mysql-server/sql/item_subselect.cc,2860,2860,0,0,mysql_target_000513;mysql_target_001227
mysql_aflgo_r1,mysql,1,src/mysql-server/sql/item_subselect.cc:2860:1:3,/src/mysql-server/sql/item_subselect.cc,2860,2860,25,1,mysql_target_000513;mysql_target_001227
mysql_aflgo_r1,mysql,1,src/mysql-server/sql/item_subselect.cc:2864:0:0,/src/mysql-server/sql/item_subselect.cc,2864,2864,0,0,mysql_target_000513;mysql_target_001227
mysql_aflgo_r1,mysql,1,src/mysql-server/sql/item_subselect.cc:2864:0:1,/src/mysql-server/sql/item_subselect.cc,2864,2864,25,1,mysql_target_000513;mysql_target_001227
mysql_aflgo_r1,mysql,1,src/mysql-server/sql/item_subselect.cc:2871:0:0,/src/mysql-server/sql/item_subselect.cc,2871,2871,25,1,mysql_target_000513;mysql_target_001227
mysql_aflgo_r1,mysql,1,src/mysql-server/sql/item_subselect.cc:2871:0:1,/src/mysql-server/sql/item_subselect.cc,2871,2871,0,0,mysql_target_000513;mysql_target_001227
mysql_aflgo_r1,mysql,1,src/mysql-server/sql/item_subselect.cc:2882:0:0,/src/mysql-server/sql/item_subselect.cc,2882,2882,6,1,mysql_target_000513;mysql_target_001227
mysql_aflgo_r1,mysql,1,src/mysql-server/sql/item_subselect.cc:2882:0:1,/src/mysql-server/sql/item_subselect.cc,2882,2882,20,1,mysql_target_000513;mysql_target_001227
mysql_aflgo_r1,mysql,1,src/mysql-server/sql/item_subselect.cc:2886:0:0,/src/mysql-server/sql/item_subselect.cc,2886,2886,0,0,mysql_target_000513;mysql_target_001227
mysql_aflgo_r1,mysql,1,src/mysql-server/sql/item_subselect.cc:2886:0:1,/src/mysql-server/sql/item_subselect.cc,2886,2886,20,1,mysql_target_000513;mysql_target_001227
mysql_aflgo_r1,mysql,1,src/mysql-server/sql/item_subselect.cc:2893:0:0,/src/mysql-server/sql/item_subselect.cc,2893,2893,0,0,mysql_target_000513;mysql_target_001227
mysql_aflgo_r1,mysql,1,src/mysql-server/sql/item_subselect.cc:2893:0:1,/src/mysql-server/sql/item_subselect.cc,2893,2893,20,1,mysql_target_000513;mysql_target_001227
mysql_aflgo_r1,mysql,1,src/mysql-server/sql/item_subselect.cc:2901:0:0,/src/mysql-server/sql/item_subselect.cc,2901,2901,0,0,mysql_target_000513;mysql_target_001227
mysql_aflgo_r1,mysql,1,src/mysql-server/sql/item_subselect.cc:2901:0:1,/src/mysql-server/sql/item_subselect.cc,2901,2901,20,1,mysql_target_000513;mysql_target_001227
mysql_aflgo_r1,mysql,1,src/mysql-server/sql/item_subselect.cc:2902:0:0,/src/mysql-server/sql/item_subselect.cc,2902,2902,20,1,mysql_target_000513;mysql_target_001227
mysql_aflgo_r1,mysql,1,src/mysql-server/sql/item_subselect.cc:2902:0:1,/src/mysql-server/sql/item_subselect.cc,2902,2902,0,0,mysql_target_000513;mysql_target_001227
mysql_aflgo_r1,mysql,1,src/mysql-server/sql/item_subselect.cc:3849:0:0,/src/mysql-server/sql/item_subselect.cc,3849,3849,20,1,mysql_target_000516;mysql_target_001230
mysql_aflgo_r1,mysql,1,src/mysql-server/sql/item_subselect.cc:3849:0:1,/src/mysql-server/sql/item_subselect.cc,3849,3849,0,0,mysql_target_000516;mysql_target_001230
mysql_aflgo_r1,mysql,1,src/mysql-server/sql/item_subselect.cc:3859:0:0,/src/mysql-server/sql/item_subselect.cc,3859,3859,20,1,mysql_target_000516;mysql_target_001230
mysql_aflgo_r1,mysql,1,src/mysql-server/sql/item_subselect.cc:3859:0:1,/src/mysql-server/sql/item_subselect.cc,3859,3859,0,0,mysql_target_000516;mysql_target_001230
mysql_aflgo_r1,mysql,1,src/mysql-server/sql/item_subselect.cc:3863:0:0,/src/mysql-server/sql/item_subselect.cc,3863,3863,20,1,mysql_target_000516;mysql_target_001230
mysql_aflgo_r1,mysql,1,src/mysql-server/sql/item_subselect.cc:3863:0:1,/src/mysql-server/sql/item_subselect.cc,3863,3863,0,0,mysql_target_000516;mysql_target_001230
mysql_aflgo_r1,mysql,1,src/mysql-server/sql/item_sum.h:588:0:0,/src/mysql-server/sql/item_sum.h,588,588,0,0,mysql_target_000531;mysql_target_001245
mysql_aflgo_r1,mysql,1,src/mysql-server/sql/item_sum.h:588:0:1,/src/mysql-server/sql/item_sum.h,588,588,2970,1,mysql_target_000531;mysql_target_001245
mysql_aflgo_r1,mysql,1,src/mysql-server/sql/item_sum.h:1996:0:0,/src/mysql-server/sql/item_sum.h,1996,1996,0,0,mysql_target_000525;mysql_target_001239
mysql_aflgo_r1,mysql,1,src/mysql-server/sql/item_sum.h:1996:0:1,/src/mysql-server/sql/item_sum.h,1996,1996,0,0,mysql_target_000525;mysql_target_001239
mysql_aflgo_r1,mysql,1,src/mysql-server/sql/item_sum.h:1999:0:0,/src/mysql-server/sql/item_sum.h,1999,1999,0,0,mysql_target_000525;mysql_target_001239
mysql_aflgo_r1,mysql,1,src/mysql-server/sql/item_sum.h:1999:0:1,/src/mysql-server/sql/item_sum.h,1999,1999,0,0,mysql_target_000525;mysql_target_001239
mysql_aflgo_r1,mysql,1,src/mysql-server/sql/item_sum.h:2483:0:0,/src/mysql-server/sql/item_sum.h,2483,2483,0,0,mysql_target_000526;mysql_target_001240
mysql_aflgo_r1,mysql,1,src/mysql-server/sql/item_sum.h:2483:0:1,/src/mysql-server/sql/item_sum.h,2483,2483,0,0,mysql_target_000526;mysql_target_001240
mysql_aflgo_r1,mysql,1,src/mysql-server/sql/item_timefunc.cc:918:0:0,/src/mysql-server/sql/item_timefunc.cc,918,918,0,0,mysql_target_000558;mysql_target_001272
mysql_aflgo_r1,mysql,1,src/mysql-server/sql/item_timefunc.cc:918:0:1,/src/mysql-server/sql/item_timefunc.cc,918,918,0,0,mysql_target_000558;mysql_target_001272
mysql_aflgo_r1,mysql,1,src/mysql-server/sql/item_timefunc.cc:920:0:0,/src/mysql-server/sql/item_timefunc.cc,920,920,0,0,mysql_target_000558;mysql_target_001272
mysql_aflgo_r1,mysql,1,src/mysql-server/sql/item_timefunc.cc:920:0:1,/src/mysql-server/sql/item_timefunc.cc,920,920,0,0,mysql_target_000558;mysql_target_001272
mysql_aflgo_r1,mysql,1,src/mysql-server/sql/item_timefunc.cc:960:0:0,/src/mysql-server/sql/item_timefunc.cc,960,960,0,0,mysql_target_000559;mysql_target_001273
mysql_aflgo_r1,mysql,1,src/mysql-server/sql/item_timefunc.cc:960:0:1,/src/mysql-server/sql/item_timefunc.cc,960,960,0,0,mysql_target_000559;mysql_target_001273
mysql_aflgo_r1,mysql,1,src/mysql-server/sql/item_timefunc.cc:962:0:0,/src/mysql-server/sql/item_timefunc.cc,962,962,0,0,mysql_target_000559;mysql_target_001273
mysql_aflgo_r1,mysql,1,src/mysql-server/sql/item_timefunc.cc:962:0:1,/src/mysql-server/sql/item_timefunc.cc,962,962,0,0,mysql_target_000559;mysql_target_001273
mysql_aflgo_r1,mysql,1,src/mysql-server/sql/item_timefunc.cc:966:0:0,/src/mysql-server/sql/item_timefunc.cc,966,966,0,0,mysql_target_000559;mysql_target_001273
mysql_aflgo_r1,mysql,1,src/mysql-server/sql/item_timefunc.cc:966:0:1,/src/mysql-server/sql/item_timefunc.cc,966,966,0,0,mysql_target_000559;mysql_target_001273
mysql_aflgo_r1,mysql,1,src/mysql-server/sql/item_timefunc.cc:968:0:0,/src/mysql-server/sql/item_timefunc.cc,968,968,0,0,mysql_target_000559;mysql_target_001273
mysql_aflgo_r1,mysql,1,src/mysql-server/sql/item_timefunc.cc:968:0:1,/src/mysql-server/sql/item_timefunc.cc,968,968,0,0,mysql_target_000559;mysql_target_001273
mysql_aflgo_r1,mysql,1,src/mysql-server/sql/item_timefunc.cc:972:0:0,/src/mysql-server/sql/item_timefunc.cc,972,972,0,0,mysql_target_000559;mysql_target_001273
mysql_aflgo_r1,mysql,1,src/mysql-server/sql/item_timefunc.cc:972:0:1,/src/mysql-server/sql/item_timefunc.cc,972,972,0,0,mysql_target_000559;mysql_target_001273
mysql_aflgo_r1,mysql,1,src/mysql-server/sql/item_timefunc.cc:973:0:0,/src/mysql-server/sql/item_timefunc.cc,973,973,0,0,mysql_target_000559;mysql_target_001273
mysql_aflgo_r1,mysql,1,src/mysql-server/sql/item_timefunc.cc:973:0:1,/src/mysql-server/sql/item_timefunc.cc,973,973,0,0,mysql_target_000559;mysql_target_001273
mysql_aflgo_r1,mysql,1,src/mysql-server/sql/item_timefunc.cc:974:0:0,/src/mysql-server/sql/item_timefunc.cc,974,974,0,0,mysql_target_000559;mysql_target_001273
mysql_aflgo_r1,mysql,1,src/mysql-server/sql/item_timefunc.cc:974:0:1,/src/mysql-server/sql/item_timefunc.cc,974,974,0,0,mysql_target_000559;mysql_target_001273
mysql_aflgo_r1,mysql,1,src/mysql-server/sql/item_timefunc.cc:978:0:0,/src/mysql-server/sql/item_timefunc.cc,978,978,0,0,mysql_target_000559;mysql_target_001273
mysql_aflgo_r1,mysql,1,src/mysql-server/sql/item_timefunc.cc:978:0:1,/src/mysql-server/sql/item_timefunc.cc,978,978,0,0,mysql_target_000559;mysql_target_001273
mysql_aflgo_r1,mysql,1,src/mysql-server/sql/item_timefunc.cc:980:0:0,/src/mysql-server/sql/item_timefunc.cc,980,980,0,0,mysql_target_000559;mysql_target_001273
mysql_aflgo_r1,mysql,1,src/mysql-server/sql/item_timefunc.cc:980:0:1,/src/mysql-server/sql/item_timefunc.cc,980,980,0,0,mysql_target_000559;mysql_target_001273
mysql_aflgo_r1,mysql,1,src/mysql-server/sql/item_timefunc.cc:981:0:0,/src/mysql-server/sql/item_timefunc.cc,981,981,0,0,mysql_target_000559;mysql_target_001273
mysql_aflgo_r1,mysql,1,src/mysql-server/sql/item_timefunc.cc:981:0:1,/src/mysql-server/sql/item_timefunc.cc,981,981,0,0,mysql_target_000559;mysql_target_001273
mysql_aflgo_r1,mysql,1,src/mysql-server/sql/item_timefunc.cc:984:0:0,/src/mysql-server/sql/item_timefunc.cc,984,984,0,0,mysql_target_000559;mysql_target_001273
mysql_aflgo_r1,mysql,1,src/mysql-server/sql/item_timefunc.cc:984:0:1,/src/mysql-server/sql/item_timefunc.cc,984,984,0,0,mysql_target_000559;mysql_target_001273
mysql_aflgo_r1,mysql,1,src/mysql-server/sql/item_timefunc.cc:986:0:0,/src/mysql-server/sql/item_timefunc.cc,986,986,0,0,mysql_target_000559;mysql_target_001273
mysql_aflgo_r1,mysql,1,src/mysql-server/sql/item_timefunc.cc:986:0:1,/src/mysql-server/sql/item_timefunc.cc,986,986,0,0,mysql_target_000559;mysql_target_001273
mysql_aflgo_r1,mysql,1,src/mysql-server/sql/item_timefunc.cc:1045:0:0,/src/mysql-server/sql/item_timefunc.cc,1045,1045,0,0,mysql_target_000532;mysql_target_001246
mysql_aflgo_r1,mysql,1,src/mysql-server/sql/item_timefunc.cc:1045:0:1,/src/mysql-server/sql/item_timefunc.cc,1045,1045,0,0,mysql_target_000532;mysql_target_001246
mysql_aflgo_r1,mysql,1,src/mysql-server/sql/item_timefunc.cc:1048:0:0,/src/mysql-server/sql/item_timefunc.cc,1048,1048,0,0,mysql_target_000532;mysql_target_001246
mysql_aflgo_r1,mysql,1,src/mysql-server/sql/item_timefunc.cc:1048:0:1,/src/mysql-server/sql/item_timefunc.cc,1048,1048,0,0,mysql_target_000532;mysql_target_001246
mysql_aflgo_r1,mysql,1,src/mysql-server/sql/item_timefunc.cc:1061:0:0,/src/mysql-server/sql/item_timefunc.cc,1061,1061,0,0,mysql_target_000533;mysql_target_001247
mysql_aflgo_r1,mysql,1,src/mysql-server/sql/item_timefunc.cc:1061:0:1,/src/mysql-server/sql/item_timefunc.cc,1061,1061,0,0,mysql_target_000533;mysql_target_001247
mysql_aflgo_r1,mysql,1,src/mysql-server/sql/item_timefunc.cc:1062:0:0,/src/mysql-server/sql/item_timefunc.cc,1062,1062,0,0,mysql_target_000533;mysql_target_001247
mysql_aflgo_r1,mysql,1,src/mysql-server/sql/item_timefunc.cc:1062:0:1,/src/mysql-server/sql/item_timefunc.cc,1062,1062,0,0,mysql_target_000533;mysql_target_001247
mysql_aflgo_r1,mysql,1,src/mysql-server/sql/item_timefunc.cc:1080:0:0,/src/mysql-server/sql/item_timefunc.cc,1080,1080,0,0,mysql_target_000534;mysql_target_001248
mysql_aflgo_r1,mysql,1,src/mysql-server/sql/item_timefunc.cc:1080:0:1,/src/mysql-server/sql/item_timefunc.cc,1080,1080,0,0,mysql_target_000534;mysql_target_001248
mysql_aflgo_r1,mysql,1,src/mysql-server/sql/item_timefunc.cc:1205:0:0,/src/mysql-server/sql/item_timefunc.cc,1205,1205,0,0,mysql_target_000537;mysql_target_001251
mysql_aflgo_r1,mysql,1,src/mysql-server/sql/item_timefunc.cc:1205:0:1,/src/mysql-server/sql/item_timefunc.cc,1205,1205,0,0,mysql_target_000537;mysql_target_001251
mysql_aflgo_r1,mysql,1,src/mysql-server/sql/item_timefunc.cc:1206:0:0,/src/mysql-server/sql/item_timefunc.cc,1206,1206,0,0,mysql_target_000537;mysql_target_001251
mysql_aflgo_r1,mysql,1,src/mysql-server/sql/item_timefunc.cc:1206:0:1,/src/mysql-server/sql/item_timefunc.cc,1206,1206,0,0,mysql_target_000537;mysql_target_001251
mysql_aflgo_r1,mysql,1,src/mysql-server/sql/item_timefunc.cc:1308:0:0,/src/mysql-server/sql/item_timefunc.cc,1308,1308,0,0,mysql_target_000538;mysql_target_001252
mysql_aflgo_r1,mysql,1,src/mysql-server/sql/item_timefunc.cc:1308:0:1,/src/mysql-server/sql/item_timefunc.cc,1308,1308,0,0,mysql_target_000538;mysql_target_001252
mysql_aflgo_r1,mysql,1,src/mysql-server/sql/item_timefunc.cc:1313:0:0,/src/mysql-server/sql/item_timefunc.cc,1313,1313,0,0,mysql_target_000538;mysql_target_001252
mysql_aflgo_r1,mysql,1,src/mysql-server/sql/item_timefunc.cc:1313:0:1,/src/mysql-server/sql/item_timefunc.cc,1313,1313,0,0,mysql_target_000538;mysql_target_001252
mysql_aflgo_r1,mysql,1,src/mysql-server/sql/item_timefunc.cc:1325:0:0,/src/mysql-server/sql/item_timefunc.cc,1325,1325,0,0,mysql_target_000538;mysql_target_001252
mysql_aflgo_r1,mysql,1,src/mysql-server/sql/item_timefunc.cc:1325:0:1,/src/mysql-server/sql/item_timefunc.cc,1325,1325,0,0,mysql_target_000538;mysql_target_001252
mysql_aflgo_r1,mysql,1,src/mysql-server/sql/item_timefunc.cc:1326:0:0,/src/mysql-server/sql/item_timefunc.cc,1326,1326,0,0,mysql_target_000538;mysql_target_001252
mysql_aflgo_r1,mysql,1,src/mysql-server/sql/item_timefunc.cc:1326:0:1,/src/mysql-server/sql/item_timefunc.cc,1326,1326,0,0,mysql_target_000538;mysql_target_001252
mysql_aflgo_r1,mysql,1,src/mysql-server/sql/item_timefunc.cc:1336:0:0,/src/mysql-server/sql/item_timefunc.cc,1336,1336,0,0,mysql_target_000538;mysql_target_001252
mysql_aflgo_r1,mysql,1,src/mysql-server/sql/item_timefunc.cc:1336:0:1,/src/mysql-server/sql/item_timefunc.cc,1336,1336,0,0,mysql_target_000538;mysql_target_001252
mysql_aflgo_r1,mysql,1,src/mysql-server/sql/item_timefunc.cc:1338:0:0,/src/mysql-server/sql/item_timefunc.cc,1338,1338,0,0,mysql_target_000538;mysql_target_001252
mysql_aflgo_r1,mysql,1,src/mysql-server/sql/item_timefunc.cc:1338:0:1,/src/mysql-server/sql/item_timefunc.cc,1338,1338,0,0,mysql_target_000538;mysql_target_001252
mysql_aflgo_r1,mysql,1,src/mysql-server/sql/item_timefunc.cc:1731:0:0,/src/mysql-server/sql/item_timefunc.cc,1731,1731,0,0,mysql_target_000539;mysql_target_001253
mysql_aflgo_r1,mysql,1,src/mysql-server/sql/item_timefunc.cc:1731:0:1,/src/mysql-server/sql/item_timefunc.cc,1731,1731,0,0,mysql_target_000539;mysql_target_001253
mysql_aflgo_r1,mysql,1,src/mysql-server/sql/item_timefunc.cc:1750:0:0,/src/mysql-server/sql/item_timefunc.cc,1750,1750,0,0,mysql_target_000540;mysql_target_001254
mysql_aflgo_r1,mysql,1,src/mysql-server/sql/item_timefunc.cc:1750:0:1,/src/mysql-server/sql/item_timefunc.cc,1750,1750,0,0,mysql_target_000540;mysql_target_001254
mysql_aflgo_r1,mysql,1,src/mysql-server/sql/item_timefunc.cc:1841:0:0,/src/mysql-server/sql/item_timefunc.cc,1841,1841,0,0,mysql_target_000541;mysql_target_001255
mysql_aflgo_r1,mysql,1,src/mysql-server/sql/item_timefunc.cc:1841:0:1,/src/mysql-server/sql/item_timefunc.cc,1841,1841,0,0,mysql_target_000541;mysql_target_001255
mysql_aflgo_r1,mysql,1,src/mysql-server/sql/item_timefunc.cc:1845:0:0,/src/mysql-server/sql/item_timefunc.cc,1845,1845,0,0,mysql_target_000541;mysql_target_001255
mysql_aflgo_r1,mysql,1,src/mysql-server/sql/item_timefunc.cc:1845:0:1,/src/mysql-server/sql/item_timefunc.cc,1845,1845,0,0,mysql_target_000541;mysql_target_001255
mysql_aflgo_r1,mysql,1,src/mysql-server/sql/item_timefunc.cc:1854:0:0,/src/mysql-server/sql/item_timefunc.cc,1854,1854,0,0,mysql_target_000541;mysql_target_001255
mysql_aflgo_r1,mysql,1,src/mysql-server/sql/item_timefunc.cc:1854:0:1,/src/mysql-server/sql/item_timefunc.cc,1854,1854,0,0,mysql_target_000541;mysql_target_001255
mysql_aflgo_r1,mysql,1,src/mysql-server/sql/item_timefunc.cc:1855:0:0,/src/mysql-server/sql/item_timefunc.cc,1855,1855,0,0,mysql_target_000541;mysql_target_001255
mysql_aflgo_r1,mysql,1,src/mysql-server/sql/item_timefunc.cc:1855:0:1,/src/mysql-server/sql/item_timefunc.cc,1855,1855,0,0,mysql_target_000541;mysql_target_001255
mysql_aflgo_r1,mysql,1,src/mysql-server/sql/item_timefunc.cc:1867:0:0,/src/mysql-server/sql/item_timefunc.cc,1867,1867,0,0,mysql_target_000541;mysql_target_001255
mysql_aflgo_r1,mysql,1,src/mysql-server/sql/item_timefunc.cc:1867:0:1,/src/mysql-server/sql/item_timefunc.cc,1867,1867,0,0,mysql_target_000541;mysql_target_001255
mysql_aflgo_r1,mysql,1,src/mysql-server/sql/item_timefunc.cc:1873:0:0,/src/mysql-server/sql/item_timefunc.cc,1873,1873,0,0,mysql_target_000541;mysql_target_001255
mysql_aflgo_r1,mysql,1,src/mysql-server/sql/item_timefunc.cc:1873:0:1,/src/mysql-server/sql/item_timefunc.cc,1873,1873,0,0,mysql_target_000541;mysql_target_001255
mysql_aflgo_r1,mysql,1,src/mysql-server/sql/item_timefunc.cc:1874:0:0,/src/mysql-server/sql/item_timefunc.cc,1874,1874,0,0,mysql_target_000541;mysql_target_001255
mysql_aflgo_r1,mysql,1,src/mysql-server/sql/item_timefunc.cc:1874:0:1,/src/mysql-server/sql/item_timefunc.cc,1874,1874,0,0,mysql_target_000541;mysql_target_001255
mysql_aflgo_r1,mysql,1,src/mysql-server/sql/item_timefunc.cc:1888:0:0,/src/mysql-server/sql/item_timefunc.cc,1888,1888,0,0,mysql_target_000541;mysql_target_001255
mysql_aflgo_r1,mysql,1,src/mysql-server/sql/item_timefunc.cc:1888:0:1,/src/mysql-server/sql/item_timefunc.cc,1888,1888,0,0,mysql_target_000541;mysql_target_001255
mysql_aflgo_r1,mysql,1,src/mysql-server/sql/item_timefunc.cc:1891:0:0,/src/mysql-server/sql/item_timefunc.cc,1891,1891,0,0,mysql_target_000541;mysql_target_001255
mysql_aflgo_r1,mysql,1,src/mysql-server/sql/item_timefunc.cc:1891:0:1,/src/mysql-server/sql/item_timefunc.cc,1891,1891,0,0,mysql_target_000541;mysql_target_001255
mysql_aflgo_r1,mysql,1,src/mysql-server/sql/item_timefunc.cc:2191:0:0,/src/mysql-server/sql/item_timefunc.cc,2191,2191,0,0,mysql_target_000543;mysql_target_001257
mysql_aflgo_r1,mysql,1,src/mysql-server/sql/item_timefunc.cc:2191:0:1,/src/mysql-server/sql/item_timefunc.cc,2191,2191,0,0,mysql_target_000543;mysql_target_001257
mysql_aflgo_r1,mysql,1,src/mysql-server/sql/item_timefunc.cc:2192:0:0,/src/mysql-server/sql/item_timefunc.cc,2192,2192,0,0,mysql_target_000543;mysql_target_001257
mysql_aflgo_r1,mysql,1,src/mysql-server/sql/item_timefunc.cc:2192:0:1,/src/mysql-server/sql/item_timefunc.cc,2192,2192,0,0,mysql_target_000543;mysql_target_001257
mysql_aflgo_r1,mysql,1,src/mysql-server/sql/item_timefunc.cc:2195:0:0,/src/mysql-server/sql/item_timefunc.cc,2195,2195,0,0,mysql_target_000543;mysql_target_001257
mysql_aflgo_r1,mysql,1,src/mysql-server/sql/item_timefunc.cc:2195:0:1,/src/mysql-server/sql/item_timefunc.cc,2195,2195,0,0,mysql_target_000543;mysql_target_001257
mysql_aflgo_r1,mysql,1,src/mysql-server/sql/item_timefunc.cc:2196:0:0,/src/mysql-server/sql/item_timefunc.cc,2196,2196,0,0,mysql_target_000543;mysql_target_001257
mysql_aflgo_r1,mysql,1,src/mysql-server/sql/item_timefunc.cc:2196:0:1,/src/mysql-server/sql/item_timefunc.cc,2196,2196,0,0,mysql_target_000543;mysql_target_001257
mysql_aflgo_r1,mysql,1,src/mysql-server/sql/item_timefunc.cc:2448:0:0,/src/mysql-server/sql/item_timefunc.cc,2448,2448,0,0,mysql_target_000544;mysql_target_001258
mysql_aflgo_r1,mysql,1,src/mysql-server/sql/item_timefunc.cc:2448:0:1,/src/mysql-server/sql/item_timefunc.cc,2448,2448,37,1,mysql_target_000544;mysql_target_001258
mysql_aflgo_r1,mysql,1,src/mysql-server/sql/item_timefunc.cc:2465:0:0,/src/mysql-server/sql/item_timefunc.cc,2465,2465,0,0,mysql_target_000544;mysql_target_001258
mysql_aflgo_r1,mysql,1,src/mysql-server/sql/item_timefunc.cc:2465:0:1,/src/mysql-server/sql/item_timefunc.cc,2465,2465,2,1,mysql_target_000544;mysql_target_001258
mysql_aflgo_r1,mysql,1,src/mysql-server/sql/item_timefunc.cc:2466:0:0,/src/mysql-server/sql/item_timefunc.cc,2466,2466,0,0,mysql_target_000544;mysql_target_001258
mysql_aflgo_r1,mysql,1,src/mysql-server/sql/item_timefunc.cc:2466:0:1,/src/mysql-server/sql/item_timefunc.cc,2466,2466,2,1,mysql_target_000544;mysql_target_001258
mysql_aflgo_r1,mysql,1,src/mysql-server/sql/item_timefunc.cc:2663:0:0,/src/mysql-server/sql/item_timefunc.cc,2663,2663,0,0,mysql_target_000546;mysql_target_001260
mysql_aflgo_r1,mysql,1,src/mysql-server/sql/item_timefunc.cc:2663:0:1,/src/mysql-server/sql/item_timefunc.cc,2663,2663,0,0,mysql_target_000546;mysql_target_001260
mysql_aflgo_r1,mysql,1,src/mysql-server/sql/item_timefunc.cc:2666:0:0,/src/mysql-server/sql/item_timefunc.cc,2666,2666,0,0,mysql_target_000546;mysql_target_001260
mysql_aflgo_r1,mysql,1,src/mysql-server/sql/item_timefunc.cc:2666:0:1,/src/mysql-server/sql/item_timefunc.cc,2666,2666,0,0,mysql_target_000546;mysql_target_001260
mysql_aflgo_r1,mysql,1,src/mysql-server/sql/item_timefunc.cc:2669:0:0,/src/mysql-server/sql/item_timefunc.cc,2669,2669,0,0,mysql_target_000546;mysql_target_001260
mysql_aflgo_r1,mysql,1,src/mysql-server/sql/item_timefunc.cc:2669:0:1,/src/mysql-server/sql/item_timefunc.cc,2669,2669,0,0,mysql_target_000546;mysql_target_001260
mysql_aflgo_r1,mysql,1,src/mysql-server/sql/item_timefunc.cc:2672:0:0,/src/mysql-server/sql/item_timefunc.cc,2672,2672,0,0,mysql_target_000546;mysql_target_001260
mysql_aflgo_r1,mysql,1,src/mysql-server/sql/item_timefunc.cc:2672:0:1,/src/mysql-server/sql/item_timefunc.cc,2672,2672,0,0,mysql_target_000546;mysql_target_001260
mysql_aflgo_r1,mysql,1,src/mysql-server/sql/item_timefunc.cc:2673:0:0,/src/mysql-server/sql/item_timefunc.cc,2673,2673,0,0,mysql_target_000546;mysql_target_001260
mysql_aflgo_r1,mysql,1,src/mysql-server/sql/item_timefunc.cc:2673:0:1,/src/mysql-server/sql/item_timefunc.cc,2673,2673,0,0,mysql_target_000546;mysql_target_001260
mysql_aflgo_r1,mysql,1,src/mysql-server/sql/item_timefunc.cc:2674:0:0,/src/mysql-server/sql/item_timefunc.cc,2674,2674,0,0,mysql_target_000546;mysql_target_001260
mysql_aflgo_r1,mysql,1,src/mysql-server/sql/item_timefunc.cc:2674:0:1,/src/mysql-server/sql/item_timefunc.cc,2674,2674,0,0,mysql_target_000546;mysql_target_001260
mysql_aflgo_r1,mysql,1,src/mysql-server/sql/item_timefunc.cc:2691:0:0,/src/mysql-server/sql/item_timefunc.cc,2691,2691,0,0,mysql_target_000546;mysql_target_001260
mysql_aflgo_r1,mysql,1,src/mysql-server/sql/item_timefunc.cc:2691:0:1,/src/mysql-server/sql/item_timefunc.cc,2691,2691,0,0,mysql_target_000546;mysql_target_001260
mysql_aflgo_r1,mysql,1,src/mysql-server/sql/item_timefunc.cc:2692:0:0,/src/mysql-server/sql/item_timefunc.cc,2692,2692,0,0,mysql_target_000546;mysql_target_001260
mysql_aflgo_r1,mysql,1,src/mysql-server/sql/item_timefunc.cc:2692:0:1,/src/mysql-server/sql/item_timefunc.cc,2692,2692,0,0,mysql_target_000546;mysql_target_001260
mysql_aflgo_r1,mysql,1,src/mysql-server/sql/item_timefunc.cc:2697:0:0,/src/mysql-server/sql/item_timefunc.cc,2697,2697,0,0,mysql_target_000546;mysql_target_001260
mysql_aflgo_r1,mysql,1,src/mysql-server/sql/item_timefunc.cc:2697:0:1,/src/mysql-server/sql/item_timefunc.cc,2697,2697,0,0,mysql_target_000546;mysql_target_001260
mysql_aflgo_r1,mysql,1,src/mysql-server/sql/item_timefunc.cc:2702:0:0,/src/mysql-server/sql/item_timefunc.cc,2702,2702,0,0,mysql_target_000546;mysql_target_001260
mysql_aflgo_r1,mysql,1,src/mysql-server/sql/item_timefunc.cc:2702:0:1,/src/mysql-server/sql/item_timefunc.cc,2702,2702,0,0,mysql_target_000546;mysql_target_001260
mysql_aflgo_r1,mysql,1,src/mysql-server/sql/item_timefunc.cc:2705:0:0,/src/mysql-server/sql/item_timefunc.cc,2705,2705,0,0,mysql_target_000546;mysql_target_001260
mysql_aflgo_r1,mysql,1,src/mysql-server/sql/item_timefunc.cc:2705:0:1,/src/mysql-server/sql/item_timefunc.cc,2705,2705,0,0,mysql_target_000546;mysql_target_001260
mysql_aflgo_r1,mysql,1,src/mysql-server/sql/item_timefunc.cc:2708:0:0,/src/mysql-server/sql/item_timefunc.cc,2708,2708,0,0,mysql_target_000546;mysql_target_001260
mysql_aflgo_r1,mysql,1,src/mysql-server/sql/item_timefunc.cc:2708:0:1,/src/mysql-server/sql/item_timefunc.cc,2708,2708,0,0,mysql_target_000546;mysql_target_001260
mysql_aflgo_r1,mysql,1,src/mysql-server/sql/item_timefunc.cc:2724:0:0,/src/mysql-server/sql/item_timefunc.cc,2724,2724,0,0,mysql_target_000547;mysql_target_001261
mysql_aflgo_r1,mysql,1,src/mysql-server/sql/item_timefunc.cc:2724:0:1,/src/mysql-server/sql/item_timefunc.cc,2724,2724,0,0,mysql_target_000547;mysql_target_001261
mysql_aflgo_r1,mysql,1,src/mysql-server/sql/item_timefunc.cc:2733:0:0,/src/mysql-server/sql/item_timefunc.cc,2733,2733,0,0,mysql_target_000547;mysql_target_001261
mysql_aflgo_r1,mysql,1,src/mysql-server/sql/item_timefunc.cc:2733:0:1,/src/mysql-server/sql/item_timefunc.cc,2733,2733,0,0,mysql_target_000547;mysql_target_001261
mysql_aflgo_r1,mysql,1,src/mysql-server/sql/item_timefunc.cc:2735:0:0,/src/mysql-server/sql/item_timefunc.cc,2735,2735,0,0,mysql_target_000547;mysql_target_001261
mysql_aflgo_r1,mysql,1,src/mysql-server/sql/item_timefunc.cc:2735:0:1,/src/mysql-server/sql/item_timefunc.cc,2735,2735,0,0,mysql_target_000547;mysql_target_001261
mysql_aflgo_r1,mysql,1,src/mysql-server/sql/item_timefunc.cc:2743:0:0,/src/mysql-server/sql/item_timefunc.cc,2743,2743,0,0,mysql_target_000547;mysql_target_001261
mysql_aflgo_r1,mysql,1,src/mysql-server/sql/item_timefunc.cc:2743:0:1,/src/mysql-server/sql/item_timefunc.cc,2743,2743,0,0,mysql_target_000547;mysql_target_001261
mysql_aflgo_r1,mysql,1,src/mysql-server/sql/item_timefunc.cc:2744:0:0,/src/mysql-server/sql/item_timefunc.cc,2744,2744,0,0,mysql_target_000547;mysql_target_001261
mysql_aflgo_r1,mysql,1,src/mysql-server/sql/item_timefunc.cc:2744:0:1,/src/mysql-server/sql/item_timefunc.cc,2744,2744,0,0,mysql_target_000547;mysql_target_001261
mysql_aflgo_r1,mysql,1,src/mysql-server/sql/item_timefunc.cc:3166:0:0,/src/mysql-server/sql/item_timefunc.cc,3166,3166,0,0,mysql_target_000549;mysql_target_001263
mysql_aflgo_r1,mysql,1,src/mysql-server/sql/item_timefunc.cc:3166:0:1,/src/mysql-server/sql/item_timefunc.cc,3166,3166,0,0,mysql_target_000549;mysql_target_001263
mysql_aflgo_r1,mysql,1,src/mysql-server/sql/item_timefunc.cc:3187:0:0,/src/mysql-server/sql/item_timefunc.cc,3187,3187,0,0,mysql_target_000550;mysql_target_001264
mysql_aflgo_r1,mysql,1,src/mysql-server/sql/item_timefunc.cc:3187:0:1,/src/mysql-server/sql/item_timefunc.cc,3187,3187,0,0,mysql_target_000550;mysql_target_001264
mysql_aflgo_r1,mysql,1,src/mysql-server/sql/item_timefunc.cc:3189:0:0,/src/mysql-server/sql/item_timefunc.cc,3189,3189,0,0,mysql_target_000550;mysql_target_001264
mysql_aflgo_r1,mysql,1,src/mysql-server/sql/item_timefunc.cc:3189:0:1,/src/mysql-server/sql/item_timefunc.cc,3189,3189,0,0,mysql_target_000550;mysql_target_001264
mysql_aflgo_r1,mysql,1,src/mysql-server/sql/item_timefunc.cc:3241:0:0,/src/mysql-server/sql/item_timefunc.cc,3241,3241,0,0,mysql_target_000551;mysql_target_001265
mysql_aflgo_r1,mysql,1,src/mysql-server/sql/item_timefunc.cc:3241:0:1,/src/mysql-server/sql/item_timefunc.cc,3241,3241,0,0,mysql_target_000551;mysql_target_001265
mysql_aflgo_r1,mysql,1,src/mysql-server/sql/item_timefunc.cc:3245:0:0,/src/mysql-server/sql/item_timefunc.cc,3245,3245,0,0,mysql_target_000551;mysql_target_001265
mysql_aflgo_r1,mysql,1,src/mysql-server/sql/item_timefunc.cc:3245:0:1,/src/mysql-server/sql/item_timefunc.cc,3245,3245,0,0,mysql_target_000551;mysql_target_001265
mysql_aflgo_r1,mysql,1,src/mysql-server/sql/item_timefunc.cc:3247:0:0,/src/mysql-server/sql/item_timefunc.cc,3247,3247,0,0,mysql_target_000551;mysql_target_001265
mysql_aflgo_r1,mysql,1,src/mysql-server/sql/item_timefunc.cc:3247:0:1,/src/mysql-server/sql/item_timefunc.cc,3247,3247,0,0,mysql_target_000551;mysql_target_001265
mysql_aflgo_r1,mysql,1,src/mysql-server/sql/item_timefunc.cc:3249:0:0,/src/mysql-server/sql/item_timefunc.cc,3249,3249,0,0,mysql_target_000551;mysql_target_001265
mysql_aflgo_r1,mysql,1,src/mysql-server/sql/item_timefunc.cc:3249:0:1,/src/mysql-server/sql/item_timefunc.cc,3249,3249,0,0,mysql_target_000551;mysql_target_001265
mysql_aflgo_r1,mysql,1,src/mysql-server/sql/item_timefunc.cc:3251:0:0,/src/mysql-server/sql/item_timefunc.cc,3251,3251,0,0,mysql_target_000551;mysql_target_001265
mysql_aflgo_r1,mysql,1,src/mysql-server/sql/item_timefunc.cc:3251:0:1,/src/mysql-server/sql/item_timefunc.cc,3251,3251,0,0,mysql_target_000551;mysql_target_001265
mysql_aflgo_r1,mysql,1,src/mysql-server/sql/item_timefunc.cc:3253:0:0,/src/mysql-server/sql/item_timefunc.cc,3253,3253,0,0,mysql_target_000551;mysql_target_001265
mysql_aflgo_r1,mysql,1,src/mysql-server/sql/item_timefunc.cc:3253:0:1,/src/mysql-server/sql/item_timefunc.cc,3253,3253,0,0,mysql_target_000551;mysql_target_001265
mysql_aflgo_r1,mysql,1,src/mysql-server/sql/item_timefunc.cc:3255:0:0,/src/mysql-server/sql/item_timefunc.cc,3255,3255,0,0,mysql_target_000551;mysql_target_001265
mysql_aflgo_r1,mysql,1,src/mysql-server/sql/item_timefunc.cc:3255:0:1,/src/mysql-server/sql/item_timefunc.cc,3255,3255,0,0,mysql_target_000551;mysql_target_001265
mysql_aflgo_r1,mysql,1,src/mysql-server/sql/item_timefunc.cc:3257:0:0,/src/mysql-server/sql/item_timefunc.cc,3257,3257,0,0,mysql_target_000551;mysql_target_001265
mysql_aflgo_r1,mysql,1,src/mysql-server/sql/item_timefunc.cc:3257:0:1,/src/mysql-server/sql/item_timefunc.cc,3257,3257,0,0,mysql_target_000551;mysql_target_001265
mysql_aflgo_r1,mysql,1,src/mysql-server/sql/item_timefunc.cc:3259:0:0,/src/mysql-server/sql/item_timefunc.cc,3259,3259,0,0,mysql_target_000551;mysql_target_001265
mysql_aflgo_r1,mysql,1,src/mysql-server/sql/item_timefunc.cc:3259:0:1,/src/mysql-server/sql/item_timefunc.cc,3259,3259,0,0,mysql_target_000551;mysql_target_001265
mysql_aflgo_r1,mysql,1,src/mysql-server/sql/item_timefunc.cc:3265:0:0,/src/mysql-server/sql/item_timefunc.cc,3265,3265,0,0,mysql_target_000551;mysql_target_001265
mysql_aflgo_r1,mysql,1,src/mysql-server/sql/item_timefunc.cc:3265:0:1,/src/mysql-server/sql/item_timefunc.cc,3265,3265,0,0,mysql_target_000551;mysql_target_001265
mysql_aflgo_r1,mysql,1,src/mysql-server/sql/item_timefunc.cc:3285:0:0,/src/mysql-server/sql/item_timefunc.cc,3285,3285,0,0,mysql_target_000552;mysql_target_001266
mysql_aflgo_r1,mysql,1,src/mysql-server/sql/item_timefunc.cc:3285:0:1,/src/mysql-server/sql/item_timefunc.cc,3285,3285,0,0,mysql_target_000552;mysql_target_001266
mysql_aflgo_r1,mysql,1,src/mysql-server/sql/item_timefunc.cc:3290:0:0,/src/mysql-server/sql/item_timefunc.cc,3290,3290,0,0,mysql_target_000552;mysql_target_001266
mysql_aflgo_r1,mysql,1,src/mysql-server/sql/item_timefunc.cc:3290:0:1,/src/mysql-server/sql/item_timefunc.cc,3290,3290,10,1,mysql_target_000552;mysql_target_001266
mysql_aflgo_r1,mysql,1,src/mysql-server/sql/item_timefunc.cc:3291:0:0,/src/mysql-server/sql/item_timefunc.cc,3291,3291,0,0,mysql_target_000552;mysql_target_001266
mysql_aflgo_r1,mysql,1,src/mysql-server/sql/item_timefunc.cc:3291:0:1,/src/mysql-server/sql/item_timefunc.cc,3291,3291,10,1,mysql_target_000552;mysql_target_001266
mysql_aflgo_r1,mysql,1,src/mysql-server/sql/item_timefunc.cc:3294:0:0,/src/mysql-server/sql/item_timefunc.cc,3294,3294,10,1,mysql_target_000552;mysql_target_001266
mysql_aflgo_r1,mysql,1,src/mysql-server/sql/item_timefunc.cc:3294:0:1,/src/mysql-server/sql/item_timefunc.cc,3294,3294,0,0,mysql_target_000552;mysql_target_001266
mysql_aflgo_r1,mysql,1,src/mysql-server/sql/item_timefunc.cc:3305:0:0,/src/mysql-server/sql/item_timefunc.cc,3305,3305,0,0,mysql_target_000552;mysql_target_001266
mysql_aflgo_r1,mysql,1,src/mysql-server/sql/item_timefunc.cc:3305:0:1,/src/mysql-server/sql/item_timefunc.cc,3305,3305,0,0,mysql_target_000552;mysql_target_001266
mysql_aflgo_r1,mysql,1,src/mysql-server/sql/item_timefunc.cc:3503:0:0,/src/mysql-server/sql/item_timefunc.cc,3503,3503,0,0,mysql_target_000553;mysql_target_001267
mysql_aflgo_r1,mysql,1,src/mysql-server/sql/item_timefunc.cc:3503:0:1,/src/mysql-server/sql/item_timefunc.cc,3503,3503,0,0,mysql_target_000553;mysql_target_001267
mysql_aflgo_r1,mysql,1,src/mysql-server/sql/item_timefunc.cc:3504:0:0,/src/mysql-server/sql/item_timefunc.cc,3504,3504,0,0,mysql_target_000553;mysql_target_001267
mysql_aflgo_r1,mysql,1,src/mysql-server/sql/item_timefunc.cc:3504:0:1,/src/mysql-server/sql/item_timefunc.cc,3504,3504,0,0,mysql_target_000553;mysql_target_001267
mysql_aflgo_r1,mysql,1,src/mysql-server/sql/item_timefunc.cc:3510:0:0,/src/mysql-server/sql/item_timefunc.cc,3510,3510,0,0,mysql_target_000553;mysql_target_001267
mysql_aflgo_r1,mysql,1,src/mysql-server/sql/item_timefunc.cc:3510:0:1,/src/mysql-server/sql/item_timefunc.cc,3510,3510,0,0,mysql_target_000553;mysql_target_001267
mysql_aflgo_r1,mysql,1,src/mysql-server/sql/item_timefunc.cc:3515:0:0,/src/mysql-server/sql/item_timefunc.cc,3515,3515,0,0,mysql_target_000553;mysql_target_001267
mysql_aflgo_r1,mysql,1,src/mysql-server/sql/item_timefunc.cc:3515:0:1,/src/mysql-server/sql/item_timefunc.cc,3515,3515,0,0,mysql_target_000553;mysql_target_001267
mysql_aflgo_r1,mysql,1,src/mysql-server/sql/item_timefunc.cc:3518:0:0,/src/mysql-server/sql/item_timefunc.cc,3518,3518,0,0,mysql_target_000553;mysql_target_001267
mysql_aflgo_r1,mysql,1,src/mysql-server/sql/item_timefunc.cc:3518:0:1,/src/mysql-server/sql/item_timefunc.cc,3518,3518,0,0,mysql_target_000553;mysql_target_001267
mysql_aflgo_r1,mysql,1,src/mysql-server/sql/item_timefunc.cc:3522:0:0,/src/mysql-server/sql/item_timefunc.cc,3522,3522,0,0,mysql_target_000553;mysql_target_001267
mysql_aflgo_r1,mysql,1,src/mysql-server/sql/item_timefunc.cc:3522:0:1,/src/mysql-server/sql/item_timefunc.cc,3522,3522,0,0,mysql_target_000553;mysql_target_001267
mysql_aflgo_r1,mysql,1,src/mysql-server/sql/item_timefunc.cc:3527:0:0,/src/mysql-server/sql/item_timefunc.cc,3527,3527,0,0,mysql_target_000553;mysql_target_001267
mysql_aflgo_r1,mysql,1,src/mysql-server/sql/item_timefunc.cc:3527:0:1,/src/mysql-server/sql/item_timefunc.cc,3527,3527,0,0,mysql_target_000553;mysql_target_001267
mysql_aflgo_r1,mysql,1,src/mysql-server/sql/item_timefunc.cc:3531:0:0,/src/mysql-server/sql/item_timefunc.cc,3531,3531,0,0,mysql_target_000553;mysql_target_001267
mysql_aflgo_r1,mysql,1,src/mysql-server/sql/item_timefunc.cc:3531:0:1,/src/mysql-server/sql/item_timefunc.cc,3531,3531,0,0,mysql_target_000553;mysql_target_001267
mysql_aflgo_r1,mysql,1,src/mysql-server/sql/item_timefunc.cc:3532:0:0,/src/mysql-server/sql/item_timefunc.cc,3532,3532,0,0,mysql_target_000553;mysql_target_001267
mysql_aflgo_r1,mysql,1,src/mysql-server/sql/item_timefunc.cc:3532:0:1,/src/mysql-server/sql/item_timefunc.cc,3532,3532,0,0,mysql_target_000553;mysql_target_001267
mysql_aflgo_r1,mysql,1,src/mysql-server/sql/item_timefunc.cc:3534:0:0,/src/mysql-server/sql/item_timefunc.cc,3534,3534,0,0,mysql_target_000553;mysql_target_001267
mysql_aflgo_r1,mysql,1,src/mysql-server/sql/item_timefunc.cc:3534:0:1,/src/mysql-server/sql/item_timefunc.cc,3534,3534,0,0,mysql_target_000553;mysql_target_001267
mysql_aflgo_r1,mysql,1,src/mysql-server/sql/item_timefunc.cc:3547:0:0,/src/mysql-server/sql/item_timefunc.cc,3547,3547,0,0,mysql_target_000553;mysql_target_001267
mysql_aflgo_r1,mysql,1,src/mysql-server/sql/item_timefunc.cc:3547:0:1,/src/mysql-server/sql/item_timefunc.cc,3547,3547,0,0,mysql_target_000553;mysql_target_001267
mysql_aflgo_r1,mysql,1,src/mysql-server/sql/item_timefunc.cc:3551:0:0,/src/mysql-server/sql/item_timefunc.cc,3551,3551,0,0,mysql_target_000553;mysql_target_001267
mysql_aflgo_r1,mysql,1,src/mysql-server/sql/item_timefunc.cc:3551:0:1,/src/mysql-server/sql/item_timefunc.cc,3551,3551,0,0,mysql_target_000553;mysql_target_001267
mysql_aflgo_r1,mysql,1,src/mysql-server/sql/item_timefunc.cc:3552:0:0,/src/mysql-server/sql/item_timefunc.cc,3552,3552,0,0,mysql_target_000553;mysql_target_001267
mysql_aflgo_r1,mysql,1,src/mysql-server/sql/item_timefunc.cc:3552:0:1,/src/mysql-server/sql/item_timefunc.cc,3552,3552,0,0,mysql_target_000553;mysql_target_001267
mysql_aflgo_r1,mysql,1,src/mysql-server/sql/item_timefunc.cc:3564:0:0,/src/mysql-server/sql/item_timefunc.cc,3564,3564,0,0,mysql_target_000553;mysql_target_001267
mysql_aflgo_r1,mysql,1,src/mysql-server/sql/item_timefunc.cc:3564:0:1,/src/mysql-server/sql/item_timefunc.cc,3564,3564,0,0,mysql_target_000553;mysql_target_001267
mysql_aflgo_r1,mysql,1,src/mysql-server/sql/item_timefunc.cc:3564:1:2,/src/mysql-server/sql/item_timefunc.cc,3564,3564,0,0,mysql_target_000553;mysql_target_001267
mysql_aflgo_r1,mysql,1,src/mysql-server/sql/item_timefunc.cc:3564:1:3,/src/mysql-server/sql/item_timefunc.cc,3564,3564,0,0,mysql_target_000553;mysql_target_001267
mysql_aflgo_r1,mysql,1,src/mysql-server/sql/item_timefunc.cc:3564:2:4,/src/mysql-server/sql/item_timefunc.cc,3564,3564,0,0,mysql_target_000553;mysql_target_001267
mysql_aflgo_r1,mysql,1,src/mysql-server/sql/item_timefunc.cc:3564:2:5,/src/mysql-server/sql/item_timefunc.cc,3564,3564,0,0,mysql_target_000553;mysql_target_001267
mysql_aflgo_r1,mysql,1,src/mysql-server/sql/item_timefunc.cc:3567:0:0,/src/mysql-server/sql/item_timefunc.cc,3567,3567,0,0,mysql_target_000553;mysql_target_001267
mysql_aflgo_r1,mysql,1,src/mysql-server/sql/item_timefunc.cc:3567:0:1,/src/mysql-server/sql/item_timefunc.cc,3567,3567,0,0,mysql_target_000553;mysql_target_001267
mysql_aflgo_r1,mysql,1,src/mysql-server/sql/item_timefunc.cc:3583:0:0,/src/mysql-server/sql/item_timefunc.cc,3583,3583,0,0,mysql_target_000554;mysql_target_001268
mysql_aflgo_r1,mysql,1,src/mysql-server/sql/item_timefunc.cc:3583:0:1,/src/mysql-server/sql/item_timefunc.cc,3583,3583,0,0,mysql_target_000554;mysql_target_001268
mysql_aflgo_r1,mysql,1,src/mysql-server/sql/item_timefunc.cc:3593:0:0,/src/mysql-server/sql/item_timefunc.cc,3593,3593,0,0,mysql_target_000554;mysql_target_001268
mysql_aflgo_r1,mysql,1,src/mysql-server/sql/item_timefunc.cc:3593:0:1,/src/mysql-server/sql/item_timefunc.cc,3593,3593,0,0,mysql_target_000554;mysql_target_001268
mysql_aflgo_r1,mysql,1,src/mysql-server/sql/item_timefunc.cc:3597:0:0,/src/mysql-server/sql/item_timefunc.cc,3597,3597,0,0,mysql_target_000554;mysql_target_001268
mysql_aflgo_r1,mysql,1,src/mysql-server/sql/item_timefunc.cc:3597:0:1,/src/mysql-server/sql/item_timefunc.cc,3597,3597,0,0,mysql_target_000554;mysql_target_001268
mysql_aflgo_r1,mysql,1,src/mysql-server/sql/item_timefunc.cc:3601:0:0,/src/mysql-server/sql/item_timefunc.cc,3601,3601,0,0,mysql_target_000554;mysql_target_001268
mysql_aflgo_r1,mysql,1,src/mysql-server/sql/item_timefunc.cc:3601:0:1,/src/mysql-server/sql/item_timefunc.cc,3601,3601,0,0,mysql_target_000554;mysql_target_001268
mysql_aflgo_r1,mysql,1,src/mysql-server/sql/item_timefunc.cc:3611:0:0,/src/mysql-server/sql/item_timefunc.cc,3611,3611,0,0,mysql_target_000554;mysql_target_001268
mysql_aflgo_r1,mysql,1,src/mysql-server/sql/item_timefunc.cc:3611:0:1,/src/mysql-server/sql/item_timefunc.cc,3611,3611,0,0,mysql_target_000554;mysql_target_001268
mysql_aflgo_r1,mysql,1,src/mysql-server/sql/item_timefunc.cc:3615:0:0,/src/mysql-server/sql/item_timefunc.cc,3615,3615,0,0,mysql_target_000554;mysql_target_001268
mysql_aflgo_r1,mysql,1,src/mysql-server/sql/item_timefunc.cc:3615:0:1,/src/mysql-server/sql/item_timefunc.cc,3615,3615,0,0,mysql_target_000554;mysql_target_001268
mysql_aflgo_r1,mysql,1,src/mysql-server/sql/item_timefunc.cc:3628:0:0,/src/mysql-server/sql/item_timefunc.cc,3628,3628,0,0,mysql_target_000554;mysql_target_001268
mysql_aflgo_r1,mysql,1,src/mysql-server/sql/item_timefunc.cc:3628:0:1,/src/mysql-server/sql/item_timefunc.cc,3628,3628,12,1,mysql_target_000554;mysql_target_001268
mysql_aflgo_r1,mysql,1,src/mysql-server/sql/item_timefunc.cc:3636:0:0,/src/mysql-server/sql/item_timefunc.cc,3636,3636,0,0,mysql_target_000554;mysql_target_001268
mysql_aflgo_r1,mysql,1,src/mysql-server/sql/item_timefunc.cc:3636:0:1,/src/mysql-server/sql/item_timefunc.cc,3636,3636,12,1,mysql_target_000554;mysql_target_001268
mysql_aflgo_r1,mysql,1,src/mysql-server/sql/item_timefunc.cc:3661:0:0,/src/mysql-server/sql/item_timefunc.cc,3661,3661,0,0,mysql_target_000554;mysql_target_001268
mysql_aflgo_r1,mysql,1,src/mysql-server/sql/item_timefunc.cc:3661:0:1,/src/mysql-server/sql/item_timefunc.cc,3661,3661,0,0,mysql_target_000554;mysql_target_001268
mysql_aflgo_r1,mysql,1,src/mysql-server/sql/item_timefunc.cc:3690:0:0,/src/mysql-server/sql/item_timefunc.cc,3690,3690,0,0,mysql_target_000555;mysql_target_001269
mysql_aflgo_r1,mysql,1,src/mysql-server/sql/item_timefunc.cc:3690:0:1,/src/mysql-server/sql/item_timefunc.cc,3690,3690,0,0,mysql_target_000555;mysql_target_001269
mysql_aflgo_r1,mysql,1,src/mysql-server/sql/item_timefunc.cc:3693:0:0,/src/mysql-server/sql/item_timefunc.cc,3693,3693,0,0,mysql_target_000555;mysql_target_001269
mysql_aflgo_r1,mysql,1,src/mysql-server/sql/item_timefunc.cc:3693:0:1,/src/mysql-server/sql/item_timefunc.cc,3693,3693,0,0,mysql_target_000555;mysql_target_001269
mysql_aflgo_r1,mysql,1,src/mysql-server/sql/item_timefunc.cc:3698:0:0,/src/mysql-server/sql/item_timefunc.cc,3698,3698,0,0,mysql_target_000555;mysql_target_001269
mysql_aflgo_r1,mysql,1,src/mysql-server/sql/item_timefunc.cc:3698:0:1,/src/mysql-server/sql/item_timefunc.cc,3698,3698,0,0,mysql_target_000555;mysql_target_001269
mysql_aflgo_r1,mysql,1,src/mysql-server/sql/item_timefunc.cc:3699:0:0,/src/mysql-server/sql/item_timefunc.cc,3699,3699,0,0,mysql_target_000555;mysql_target_001269
mysql_aflgo_r1,mysql,1,src/mysql-server/sql/item_timefunc.cc:3699:0:1,/src/mysql-server/sql/item_timefunc.cc,3699,3699,0,0,mysql_target_000555;mysql_target_001269
mysql_aflgo_r1,mysql,1,src/mysql-server/sql/item_timefunc.cc:3701:0:0,/src/mysql-server/sql/item_timefunc.cc,3701,3701,0,0,mysql_target_000555;mysql_target_001269
mysql_aflgo_r1,mysql,1,src/mysql-server/sql/item_timefunc.cc:3701:0:1,/src/mysql-server/sql/item_timefunc.cc,3701,3701,0,0,mysql_target_000555;mysql_target_001269
mysql_aflgo_r1,mysql,1,src/mysql-server/sql/item_timefunc.cc:3707:0:0,/src/mysql-server/sql/item_timefunc.cc,3707,3707,0,0,mysql_target_000555;mysql_target_001269
mysql_aflgo_r1,mysql,1,src/mysql-server/sql/item_timefunc.cc:3707:0:1,/src/mysql-server/sql/item_timefunc.cc,3707,3707,0,0,mysql_target_000555;mysql_target_001269
mysql_aflgo_r1,mysql,1,src/mysql-server/sql/item_timefunc.cc:3718:0:0,/src/mysql-server/sql/item_timefunc.cc,3718,3718,0,0,mysql_target_000555;mysql_target_001269
mysql_aflgo_r1,mysql,1,src/mysql-server/sql/item_timefunc.cc:3718:0:1,/src/mysql-server/sql/item_timefunc.cc,3718,3718,0,0,mysql_target_000555;mysql_target_001269
mysql_aflgo_r1,mysql,1,src/mysql-server/sql/item_timefunc.cc:3718:1:2,/src/mysql-server/sql/item_timefunc.cc,3718,3718,0,0,mysql_target_000555;mysql_target_001269
mysql_aflgo_r1,mysql,1,src/mysql-server/sql/item_timefunc.cc:3718:1:3,/src/mysql-server/sql/item_timefunc.cc,3718,3718,0,0,mysql_target_000555;mysql_target_001269
mysql_aflgo_r1,mysql,1,src/mysql-server/sql/item_timefunc.cc:3718:2:4,/src/mysql-server/sql/item_timefunc.cc,3718,3718,0,0,mysql_target_000555;mysql_target_001269
mysql_aflgo_r1,mysql,1,src/mysql-server/sql/item_timefunc.cc:3718:2:5,/src/mysql-server/sql/item_timefunc.cc,3718,3718,0,0,mysql_target_000555;mysql_target_001269
mysql_aflgo_r1,mysql,1,src/mysql-server/sql/item_timefunc.cc:3722:0:0,/src/mysql-server/sql/item_timefunc.cc,3722,3722,0,0,mysql_target_000555;mysql_target_001269
mysql_aflgo_r1,mysql,1,src/mysql-server/sql/item_timefunc.cc:3722:0:1,/src/mysql-server/sql/item_timefunc.cc,3722,3722,0,0,mysql_target_000555;mysql_target_001269
mysql_aflgo_r1,mysql,1,src/mysql-server/sql/item_timefunc.cc:3736:0:0,/src/mysql-server/sql/item_timefunc.cc,3736,3736,0,0,mysql_target_000555;mysql_target_001269
mysql_aflgo_r1,mysql,1,src/mysql-server/sql/item_timefunc.cc:3736:0:1,/src/mysql-server/sql/item_timefunc.cc,3736,3736,0,0,mysql_target_000555;mysql_target_001269
mysql_aflgo_r1,mysql,1,src/mysql-server/sql/item_timefunc.cc:3737:0:0,/src/mysql-server/sql/item_timefunc.cc,3737,3737,0,0,mysql_target_000555;mysql_target_001269
mysql_aflgo_r1,mysql,1,src/mysql-server/sql/item_timefunc.cc:3737:0:1,/src/mysql-server/sql/item_timefunc.cc,3737,3737,0,0,mysql_target_000555;mysql_target_001269
mysql_aflgo_r1,mysql,1,src/mysql-server/sql/item_timefunc.cc:3738:0:0,/src/mysql-server/sql/item_timefunc.cc,3738,3738,0,0,mysql_target_000555;mysql_target_001269
mysql_aflgo_r1,mysql,1,src/mysql-server/sql/item_timefunc.cc:3738:0:1,/src/mysql-server/sql/item_timefunc.cc,3738,3738,0,0,mysql_target_000555;mysql_target_001269
mysql_aflgo_r1,mysql,1,src/mysql-server/sql/item_timefunc.cc:3748:0:0,/src/mysql-server/sql/item_timefunc.cc,3748,3748,0,0,mysql_target_000555;mysql_target_001269
mysql_aflgo_r1,mysql,1,src/mysql-server/sql/item_timefunc.cc:3748:0:1,/src/mysql-server/sql/item_timefunc.cc,3748,3748,0,0,mysql_target_000555;mysql_target_001269
mysql_aflgo_r1,mysql,1,src/mysql-server/sql/item_timefunc.cc:3751:0:0,/src/mysql-server/sql/item_timefunc.cc,3751,3751,0,0,mysql_target_000555;mysql_target_001269
mysql_aflgo_r1,mysql,1,src/mysql-server/sql/item_timefunc.cc:3751:0:1,/src/mysql-server/sql/item_timefunc.cc,3751,3751,0,0,mysql_target_000555;mysql_target_001269
mysql_aflgo_r1,mysql,1,src/mysql-server/sql/item_timefunc.cc:3755:0:0,/src/mysql-server/sql/item_timefunc.cc,3755,3755,0,0,mysql_target_000555;mysql_target_001269
mysql_aflgo_r1,mysql,1,src/mysql-server/sql/item_timefunc.cc:3755:0:1,/src/mysql-server/sql/item_timefunc.cc,3755,3755,0,0,mysql_target_000555;mysql_target_001269
mysql_aflgo_r1,mysql,1,src/mysql-server/sql/item_timefunc.cc:3758:0:0,/src/mysql-server/sql/item_timefunc.cc,3758,3758,0,0,mysql_target_000555;mysql_target_001269
mysql_aflgo_r1,mysql,1,src/mysql-server/sql/item_timefunc.cc:3758:0:1,/src/mysql-server/sql/item_timefunc.cc,3758,3758,0,0,mysql_target_000555;mysql_target_001269
mysql_aflgo_r1,mysql,1,src/mysql-server/sql/item_timefunc.cc:3758:1:2,/src/mysql-server/sql/item_timefunc.cc,3758,3758,0,0,mysql_target_000555;mysql_target_001269
mysql_aflgo_r1,mysql,1,src/mysql-server/sql/item_timefunc.cc:3758:1:3,/src/mysql-server/sql/item_timefunc.cc,3758,3758,0,0,mysql_target_000555;mysql_target_001269
mysql_aflgo_r1,mysql,1,src/mysql-server/sql/item_timefunc.cc:3759:0:0,/src/mysql-server/sql/item_timefunc.cc,3759,3759,0,0,mysql_target_000555;mysql_target_001269
mysql_aflgo_r1,mysql,1,src/mysql-server/sql/item_timefunc.cc:3759:0:1,/src/mysql-server/sql/item_timefunc.cc,3759,3759,0,0,mysql_target_000555;mysql_target_001269
mysql_aflgo_r1,mysql,1,src/mysql-server/sql/item_timefunc.cc:3759:1:2,/src/mysql-server/sql/item_timefunc.cc,3759,3759,0,0,mysql_target_000555;mysql_target_001269
mysql_aflgo_r1,mysql,1,src/mysql-server/sql/item_timefunc.cc:3759:1:3,/src/mysql-server/sql/item_timefunc.cc,3759,3759,0,0,mysql_target_000555;mysql_target_001269
mysql_aflgo_r1,mysql,1,src/mysql-server/sql/item_timefunc.cc:3759:2:4,/src/mysql-server/sql/item_timefunc.cc,3759,3759,0,0,mysql_target_000555;mysql_target_001269
mysql_aflgo_r1,mysql,1,src/mysql-server/sql/item_timefunc.cc:3759:2:5,/src/mysql-server/sql/item_timefunc.cc,3759,3759,0,0,mysql_target_000555;mysql_target_001269
mysql_aflgo_r1,mysql,1,src/mysql-server/sql/item_timefunc.cc:3760:0:0,/src/mysql-server/sql/item_timefunc.cc,3760,3760,0,0,mysql_target_000555;mysql_target_001269
mysql_aflgo_r1,mysql,1,src/mysql-server/sql/item_timefunc.cc:3760:0:1,/src/mysql-server/sql/item_timefunc.cc,3760,3760,0,0,mysql_target_000555;mysql_target_001269
mysql_aflgo_r1,mysql,1,src/mysql-server/sql/item_timefunc.cc:3760:1:2,/src/mysql-server/sql/item_timefunc.cc,3760,3760,0,0,mysql_target_000555;mysql_target_001269
mysql_aflgo_r1,mysql,1,src/mysql-server/sql/item_timefunc.cc:3760:1:3,/src/mysql-server/sql/item_timefunc.cc,3760,3760,0,0,mysql_target_000555;mysql_target_001269
mysql_aflgo_r1,mysql,1,src/mysql-server/sql/item_timefunc.cc:3765:0:0,/src/mysql-server/sql/item_timefunc.cc,3765,3765,0,0,mysql_target_000555;mysql_target_001269
mysql_aflgo_r1,mysql,1,src/mysql-server/sql/item_timefunc.cc:3765:0:1,/src/mysql-server/sql/item_timefunc.cc,3765,3765,0,0,mysql_target_000555;mysql_target_001269
mysql_aflgo_r1,mysql,1,src/mysql-server/sql/item_timefunc.cc:3766:0:0,/src/mysql-server/sql/item_timefunc.cc,3766,3766,0,0,mysql_target_000555;mysql_target_001269
mysql_aflgo_r1,mysql,1,src/mysql-server/sql/item_timefunc.cc:3766:0:1,/src/mysql-server/sql/item_timefunc.cc,3766,3766,0,0,mysql_target_000555;mysql_target_001269
mysql_aflgo_r1,mysql,1,src/mysql-server/sql/item_timefunc.cc:3770:0:0,/src/mysql-server/sql/item_timefunc.cc,3770,3770,0,0,mysql_target_000555;mysql_target_001269
mysql_aflgo_r1,mysql,1,src/mysql-server/sql/item_timefunc.cc:3770:0:1,/src/mysql-server/sql/item_timefunc.cc,3770,3770,0,0,mysql_target_000555;mysql_target_001269
mysql_aflgo_r1,mysql,1,src/mysql-server/sql/item_timefunc.cc:3772:0:0,/src/mysql-server/sql/item_timefunc.cc,3772,3772,0,0,mysql_target_000555;mysql_target_001269
mysql_aflgo_r1,mysql,1,src/mysql-server/sql/item_timefunc.cc:3772:0:1,/src/mysql-server/sql/item_timefunc.cc,3772,3772,0,0,mysql_target_000555;mysql_target_001269
mysql_aflgo_r1,mysql,1,src/mysql-server/sql/item_timefunc.cc:3774:0:0,/src/mysql-server/sql/item_timefunc.cc,3774,3774,0,0,mysql_target_000555;mysql_target_001269
mysql_aflgo_r1,mysql,1,src/mysql-server/sql/item_timefunc.cc:3774:0:1,/src/mysql-server/sql/item_timefunc.cc,3774,3774,0,0,mysql_target_000555;mysql_target_001269
mysql_aflgo_r1,mysql,1,src/mysql-server/sql/item_timefunc.cc:3775:0:0,/src/mysql-server/sql/item_timefunc.cc,3775,3775,0,0,mysql_target_000555;mysql_target_001269
mysql_aflgo_r1,mysql,1,src/mysql-server/sql/item_timefunc.cc:3775:0:1,/src/mysql-server/sql/item_timefunc.cc,3775,3775,0,0,mysql_target_000555;mysql_target_001269
mysql_aflgo_r1,mysql,1,src/mysql-server/sql/item_timefunc.cc:3781:0:0,/src/mysql-server/sql/item_timefunc.cc,3781,3781,0,0,mysql_target_000555;mysql_target_001269
mysql_aflgo_r1,mysql,1,src/mysql-server/sql/item_timefunc.cc:3781:0:1,/src/mysql-server/sql/item_timefunc.cc,3781,3781,0,0,mysql_target_000555;mysql_target_001269
mysql_aflgo_r1,mysql,1,src/mysql-server/sql/item_timefunc.cc:4151:0:0,/src/mysql-server/sql/item_timefunc.cc,4151,4151,0,0,mysql_target_000557;mysql_target_001271
mysql_aflgo_r1,mysql,1,src/mysql-server/sql/item_timefunc.cc:4151:0:1,/src/mysql-server/sql/item_timefunc.cc,4151,4151,0,0,mysql_target_000557;mysql_target_001271
mysql_aflgo_r1,mysql,1,src/mysql-server/sql/item_xmlfunc.cc:187:0:0,/src/mysql-server/sql/item_xmlfunc.cc,187,187,0,0,mysql_target_000570;mysql_target_001284
mysql_aflgo_r1,mysql,1,src/mysql-server/sql/item_xmlfunc.cc:187:0:1,/src/mysql-server/sql/item_xmlfunc.cc,187,187,0,0,mysql_target_000570;mysql_target_001284
mysql_aflgo_r1,mysql,1,src/mysql-server/sql/item_xmlfunc.cc:369:0:0,/src/mysql-server/sql/item_xmlfunc.cc,369,369,0,0,mysql_target_000571;mysql_target_001285
mysql_aflgo_r1,mysql,1,src/mysql-server/sql/item_xmlfunc.cc:369:0:1,/src/mysql-server/sql/item_xmlfunc.cc,369,369,0,0,mysql_target_000571;mysql_target_001285
mysql_aflgo_r1,mysql,1,src/mysql-server/sql/item_xmlfunc.cc:373:0:0,/src/mysql-server/sql/item_xmlfunc.cc,373,373,0,0,mysql_target_000571;mysql_target_001285
mysql_aflgo_r1,mysql,1,src/mysql-server/sql/item_xmlfunc.cc:373:0:1,/src/mysql-server/sql/item_xmlfunc.cc,373,373,0,0,mysql_target_000571;mysql_target_001285
mysql_aflgo_r1,mysql,1,src/mysql-server/sql/item_xmlfunc.cc:375:0:0,/src/mysql-server/sql/item_xmlfunc.cc,375,375,0,0,mysql_target_000571;mysql_target_001285
mysql_aflgo_r1,mysql,1,src/mysql-server/sql/item_xmlfunc.cc:375:0:1,/src/mysql-server/sql/item_xmlfunc.cc,375,375,0,0,mysql_target_000571;mysql_target_001285
mysql_aflgo_r1,mysql,1,src/mysql-server/sql/item_xmlfunc.cc:431:0:0,/src/mysql-server/sql/item_xmlfunc.cc,431,431,0,0,mysql_target_000573;mysql_target_001287
mysql_aflgo_r1,mysql,1,src/mysql-server/sql/item_xmlfunc.cc:431:0:1,/src/mysql-server/sql/item_xmlfunc.cc,431,431,0,0,mysql_target_000573;mysql_target_001287
mysql_aflgo_r1,mysql,1,src/mysql-server/sql/item_xmlfunc.cc:450:0:0,/src/mysql-server/sql/item_xmlfunc.cc,450,450,0,0,mysql_target_000574;mysql_target_001288
mysql_aflgo_r1,mysql,1,src/mysql-server/sql/item_xmlfunc.cc:450:0:1,/src/mysql-server/sql/item_xmlfunc.cc,450,450,0,0,mysql_target_000574;mysql_target_001288
mysql_aflgo_r1,mysql,1,src/mysql-server/sql/item_xmlfunc.cc:450:1:2,/src/mysql-server/sql/item_xmlfunc.cc,450,450,0,0,mysql_target_000574;mysql_target_001288
mysql_aflgo_r1,mysql,1,src/mysql-server/sql/item_xmlfunc.cc:450:1:3,/src/mysql-server/sql/item_xmlfunc.cc,450,450,0,0,mysql_target_000574;mysql_target_001288
mysql_aflgo_r1,mysql,1,src/mysql-server/sql/item_xmlfunc.cc:470:0:0,/src/mysql-server/sql/item_xmlfunc.cc,470,470,0,0,mysql_target_000575;mysql_target_001289
mysql_aflgo_r1,mysql,1,src/mysql-server/sql/item_xmlfunc.cc:470:0:1,/src/mysql-server/sql/item_xmlfunc.cc,470,470,0,0,mysql_target_000575;mysql_target_001289
mysql_aflgo_r1,mysql,1,src/mysql-server/sql/item_xmlfunc.cc:472:0:0,/src/mysql-server/sql/item_xmlfunc.cc,472,472,0,0,mysql_target_000575;mysql_target_001289
mysql_aflgo_r1,mysql,1,src/mysql-server/sql/item_xmlfunc.cc:472:0:1,/src/mysql-server/sql/item_xmlfunc.cc,472,472,0,0,mysql_target_000575;mysql_target_001289
mysql_aflgo_r1,mysql,1,src/mysql-server/sql/item_xmlfunc.cc:474:0:0,/src/mysql-server/sql/item_xmlfunc.cc,474,474,0,0,mysql_target_000575;mysql_target_001289
mysql_aflgo_r1,mysql,1,src/mysql-server/sql/item_xmlfunc.cc:474:0:1,/src/mysql-server/sql/item_xmlfunc.cc,474,474,0,0,mysql_target_000575;mysql_target_001289
mysql_aflgo_r1,mysql,1,src/mysql-server/sql/item_xmlfunc.cc:475:0:0,/src/mysql-server/sql/item_xmlfunc.cc,475,475,0,0,mysql_target_000575;mysql_target_001289
mysql_aflgo_r1,mysql,1,src/mysql-server/sql/item_xmlfunc.cc:475:0:1,/src/mysql-server/sql/item_xmlfunc.cc,475,475,0,0,mysql_target_000575;mysql_target_001289
mysql_aflgo_r1,mysql,1,src/mysql-server/sql/item_xmlfunc.cc:475:1:2,/src/mysql-server/sql/item_xmlfunc.cc,475,475,0,0,mysql_target_000575;mysql_target_001289
mysql_aflgo_r1,mysql,1,src/mysql-server/sql/item_xmlfunc.cc:475:1:3,/src/mysql-server/sql/item_xmlfunc.cc,475,475,0,0,mysql_target_000575;mysql_target_001289
mysql_aflgo_r1,mysql,1,src/mysql-server/sql/item_xmlfunc.cc:480:0:0,/src/mysql-server/sql/item_xmlfunc.cc,480,480,0,0,mysql_target_000575;mysql_target_001289
mysql_aflgo_r1,mysql,1,src/mysql-server/sql/item_xmlfunc.cc:480:0:1,/src/mysql-server/sql/item_xmlfunc.cc,480,480,0,0,mysql_target_000575;mysql_target_001289
mysql_aflgo_r1,mysql,1,src/mysql-server/sql/item_xmlfunc.cc:507:0:0,/src/mysql-server/sql/item_xmlfunc.cc,507,507,0,0,mysql_target_000576;mysql_target_001290
mysql_aflgo_r1,mysql,1,src/mysql-server/sql/item_xmlfunc.cc:507:0:1,/src/mysql-server/sql/item_xmlfunc.cc,507,507,0,0,mysql_target_000576;mysql_target_001290
mysql_aflgo_r1,mysql,1,src/mysql-server/sql/item_xmlfunc.cc:509:0:0,/src/mysql-server/sql/item_xmlfunc.cc,509,509,0,0,mysql_target_000576;mysql_target_001290
mysql_aflgo_r1,mysql,1,src/mysql-server/sql/item_xmlfunc.cc:509:0:1,/src/mysql-server/sql/item_xmlfunc.cc,509,509,0,0,mysql_target_000576;mysql_target_001290
mysql_aflgo_r1,mysql,1,src/mysql-server/sql/item_xmlfunc.cc:511:0:0,/src/mysql-server/sql/item_xmlfunc.cc,511,511,0,0,mysql_target_000576;mysql_target_001290
mysql_aflgo_r1,mysql,1,src/mysql-server/sql/item_xmlfunc.cc:511:0:1,/src/mysql-server/sql/item_xmlfunc.cc,511,511,0,0,mysql_target_000576;mysql_target_001290
mysql_aflgo_r1,mysql,1,src/mysql-server/sql/item_xmlfunc.cc:512:0:0,/src/mysql-server/sql/item_xmlfunc.cc,512,512,0,0,mysql_target_000576;mysql_target_001290
mysql_aflgo_r1,mysql,1,src/mysql-server/sql/item_xmlfunc.cc:512:0:1,/src/mysql-server/sql/item_xmlfunc.cc,512,512,0,0,mysql_target_000576;mysql_target_001290
mysql_aflgo_r1,mysql,1,src/mysql-server/sql/item_xmlfunc.cc:512:1:2,/src/mysql-server/sql/item_xmlfunc.cc,512,512,0,0,mysql_target_000576;mysql_target_001290
mysql_aflgo_r1,mysql,1,src/mysql-server/sql/item_xmlfunc.cc:512:1:3,/src/mysql-server/sql/item_xmlfunc.cc,512,512,0,0,mysql_target_000576;mysql_target_001290
mysql_aflgo_r1,mysql,1,src/mysql-server/sql/item_xmlfunc.cc:515:0:0,/src/mysql-server/sql/item_xmlfunc.cc,515,515,0,0,mysql_target_000576;mysql_target_001290
mysql_aflgo_r1,mysql,1,src/mysql-server/sql/item_xmlfunc.cc:515:0:1,/src/mysql-server/sql/item_xmlfunc.cc,515,515,0,0,mysql_target_000576;mysql_target_001290
mysql_aflgo_r1,mysql,1,src/mysql-server/sql/item_xmlfunc.h:75:0:0,/src/mysql-server/sql/item_xmlfunc.h,75,75,0,0,mysql_target_000577;mysql_target_001291
mysql_aflgo_r1,mysql,1,src/mysql-server/sql/item_xmlfunc.h:75:0:1,/src/mysql-server/sql/item_xmlfunc.h,75,75,0,0,mysql_target_000577;mysql_target_001291
mysql_aflgo_r1,mysql,1,src/mysql-server/sql/parse_tree_items.cc:475:0:0,/src/mysql-server/sql/parse_tree_items.cc,475,475,89,1,mysql_target_001303;mysql_target_001304;mysql_target_001305
mysql_aflgo_r1,mysql,1,src/mysql-server/sql/parse_tree_items.cc:475:0:1,/src/mysql-server/sql/parse_tree_items.cc,475,475,3763,1,mysql_target_001303;mysql_target_001304;mysql_target_001305
mysql_aflgo_r1,mysql,1,src/mysql-server/sql/parse_tree_items.cc:475:1:2,/src/mysql-server/sql/parse_tree_items.cc,475,475,3,1,mysql_target_001303;mysql_target_001304;mysql_target_001305
mysql_aflgo_r1,mysql,1,src/mysql-server/sql/parse_tree_items.cc:475:1:3,/src/mysql-server/sql/parse_tree_items.cc,475,475,86,1,mysql_target_001303;mysql_target_001304;mysql_target_001305
mysql_aflgo_r1,mysql,1,src/mysql-server/sql/parse_tree_items.cc:476:0:0,/src/mysql-server/sql/parse_tree_items.cc,476,476,3,1,mysql_target_001303;mysql_target_001304;mysql_target_001305
mysql_aflgo_r1,mysql,1,src/mysql-server/sql/parse_tree_items.cc:476:0:1,/src/mysql-server/sql/parse_tree_items.cc,476,476,0,0,mysql_target_001303;mysql_target_001304;mysql_target_001305
mysql_aflgo_r1,mysql,1,src/mysql-server/sql/parse_tree_items.cc:477:0:0,/src/mysql-server/sql/parse_tree_items.cc,477,477,0,0,mysql_target_001303;mysql_target_001304;mysql_target_001305
mysql_aflgo_r1,mysql,1,src/mysql-server/sql/parse_tree_items.cc:477:0:1,/src/mysql-server/sql/parse_tree_items.cc,477,477,0,0,mysql_target_001303;mysql_target_001304;mysql_target_001305
mysql_aflgo_r1,mysql,1,src/mysql-server/sql/parse_tree_items.cc:478:0:0,/src/mysql-server/sql/parse_tree_items.cc,478,478,0,0,mysql_target_001303;mysql_target_001304;mysql_target_001305
mysql_aflgo_r1,mysql,1,src/mysql-server/sql/parse_tree_items.cc:478:0:1,/src/mysql-server/sql/parse_tree_items.cc,478,478,3,1,mysql_target_001303;mysql_target_001304;mysql_target_001305
mysql_aflgo_r1,mysql,1,src/mysql-server/sql/parse_tree_items.cc:480:0:0,/src/mysql-server/sql/parse_tree_items.cc,480,480,3,1,mysql_target_001303;mysql_target_001304;mysql_target_001305
mysql_aflgo_r1,mysql,1,src/mysql-server/sql/parse_tree_items.cc:480:0:1,/src/mysql-server/sql/parse_tree_items.cc,480,480,0,0,mysql_target_001303;mysql_target_001304;mysql_target_001305
mysql_aflgo_r1,mysql,1,src/mysql-server/sql/parse_tree_items.cc:480:1:2,/src/mysql-server/sql/parse_tree_items.cc,480,480,0,0,mysql_target_001303;mysql_target_001304;mysql_target_001305
mysql_aflgo_r1,mysql,1,src/mysql-server/sql/parse_tree_items.cc:480:1:3,/src/mysql-server/sql/parse_tree_items.cc,480,480,0,0,mysql_target_001303;mysql_target_001304;mysql_target_001305
mysql_aflgo_r1,mysql,1,src/mysql-server/sql/parse_tree_items.cc:482:0:0,/src/mysql-server/sql/parse_tree_items.cc,482,482,2,1,mysql_target_001304;mysql_target_001305
mysql_aflgo_r1,mysql,1,src/mysql-server/sql/parse_tree_items.cc:482:0:1,/src/mysql-server/sql/parse_tree_items.cc,482,482,1,1,mysql_target_001304;mysql_target_001305
mysql_aflgo_r1,mysql,1,src/mysql-server/sql/parse_tree_items.cc:482:1:2,/src/mysql-server/sql/parse_tree_items.cc,482,482,0,0,mysql_target_001304;mysql_target_001305
mysql_aflgo_r1,mysql,1,src/mysql-server/sql/parse_tree_items.cc:482:1:3,/src/mysql-server/sql/parse_tree_items.cc,482,482,2,1,mysql_target_001304;mysql_target_001305
mysql_aflgo_r1,mysql,1,src/mysql-server/sql/persisted_variable.cc:282:0:0,/src/mysql-server/sql/persisted_variable.cc,282,282,0,0,mysql_target_001307
mysql_aflgo_r1,mysql,1,src/mysql-server/sql/persisted_variable.cc:282:0:1,/src/mysql-server/sql/persisted_variable.cc,282,282,11,1,mysql_target_001307
mysql_aflgo_r1,mysql,1,src/mysql-server/sql/persisted_variable.cc:290:0:0,/src/mysql-server/sql/persisted_variable.cc,290,290,0,0,mysql_target_001307
mysql_aflgo_r1,mysql,1,src/mysql-server/sql/persisted_variable.cc:290:0:1,/src/mysql-server/sql/persisted_variable.cc,290,290,11,1,mysql_target_001307
mysql_aflgo_r1,mysql,1,src/mysql-server/sql/persisted_variable.cc:300:0:0,/src/mysql-server/sql/persisted_variable.cc,300,300,0,0,mysql_target_001307
mysql_aflgo_r1,mysql,1,src/mysql-server/sql/persisted_variable.cc:300:0:1,/src/mysql-server/sql/persisted_variable.cc,300,300,11,1,mysql_target_001307
mysql_aflgo_r1,mysql,1,src/mysql-server/sql/persisted_variable.cc:318:0:0,/src/mysql-server/sql/persisted_variable.cc,318,318,0,0,mysql_target_001307
mysql_aflgo_r1,mysql,1,src/mysql-server/sql/persisted_variable.cc:318:0:1,/src/mysql-server/sql/persisted_variable.cc,318,318,11,1,mysql_target_001307
mysql_aflgo_r1,mysql,1,src/mysql-server/sql/range_optimizer/path_helpers.h:132:0:0,/src/mysql-server/sql/range_optimizer/path_helpers.h,132,132,0,0,mysql_target_000578;mysql_target_001306
mysql_aflgo_r1,mysql,1,src/mysql-server/sql/range_optimizer/path_helpers.h:132:0:1,/src/mysql-server/sql/range_optimizer/path_helpers.h,132,132,41,1,mysql_target_000578;mysql_target_001306
mysql_aflgo_r1,mysql,1,src/mysql-server/sql/range_optimizer/path_helpers.h:135:0:0,/src/mysql-server/sql/range_optimizer/path_helpers.h,135,135,31,1,mysql_target_000578;mysql_target_001306
mysql_aflgo_r1,mysql,1,src/mysql-server/sql/range_optimizer/path_helpers.h:135:0:1,/src/mysql-server/sql/range_optimizer/path_helpers.h,135,135,10,1,mysql_target_000578;mysql_target_001306
mysql_aflgo_r1,mysql,1,src/mysql-server/sql/range_optimizer/path_helpers.h:137:0:0,/src/mysql-server/sql/range_optimizer/path_helpers.h,137,137,0,0,mysql_target_000578;mysql_target_001306
mysql_aflgo_r1,mysql,1,src/mysql-server/sql/range_optimizer/path_helpers.h:137:0:1,/src/mysql-server/sql/range_optimizer/path_helpers.h,137,137,31,1,mysql_target_000578;mysql_target_001306
mysql_aflgo_r1,mysql,1,src/mysql-server/sql/range_optimizer/path_helpers.h:141:0:0,/src/mysql-server/sql/range_optimizer/path_helpers.h,141,141,0,0,mysql_target_000578;mysql_target_001306
mysql_aflgo_r1,mysql,1,src/mysql-server/sql/range_optimizer/path_helpers.h:141:0:1,/src/mysql-server/sql/range_optimizer/path_helpers.h,141,141,0,0,mysql_target_000578;mysql_target_001306
mysql_aflgo_r1,mysql,1,src/mysql-server/sql/range_optimizer/path_helpers.h:141:1:2,/src/mysql-server/sql/range_optimizer/path_helpers.h,141,141,0,0,mysql_target_000578;mysql_target_001306
mysql_aflgo_r1,mysql,1,src/mysql-server/sql/range_optimizer/path_helpers.h:141:1:3,/src/mysql-server/sql/range_optimizer/path_helpers.h,141,141,0,0,mysql_target_000578;mysql_target_001306
mysql_aflgo_r1,mysql,1,src/mysql-server/sql/range_optimizer/range_analysis.cc:975:0:0,/src/mysql-server/sql/range_optimizer/range_analysis.cc,975,975,0,0,mysql_target_000580;mysql_target_001316
mysql_aflgo_r1,mysql,1,src/mysql-server/sql/range_optimizer/range_analysis.cc:975:0:1,/src/mysql-server/sql/range_optimizer/range_analysis.cc,975,975,0,0,mysql_target_000580;mysql_target_001316
mysql_aflgo_r1,mysql,1,src/mysql-server/sql/range_optimizer/range_analysis.cc:978:0:0,/src/mysql-server/sql/range_optimizer/range_analysis.cc,978,978,0,0,mysql_target_000580;mysql_target_001316
mysql_aflgo_r1,mysql,1,src/mysql-server/sql/range_optimizer/range_analysis.cc:978:0:1,/src/mysql-server/sql/range_optimizer/range_analysis.cc,978,978,0,0,mysql_target_000580;mysql_target_001316
mysql_aflgo_r1,mysql,1,src/mysql-server/sql/range_optimizer/range_analysis.cc:982:0:0,/src/mysql-server/sql/range_optimizer/range_analysis.cc,982,982,0,0,mysql_target_000580;mysql_target_001316
mysql_aflgo_r1,mysql,1,src/mysql-server/sql/range_optimizer/range_analysis.cc:982:0:1,/src/mysql-server/sql/range_optimizer/range_analysis.cc,982,982,0,0,mysql_target_000580;mysql_target_001316
mysql_aflgo_r1,mysql,1,src/mysql-server/sql/resourcegroups/resource_group_mgr.cc:372:0:0,/src/mysql-server/sql/resourcegroups/resource_group_mgr.cc,372,372,0,0,mysql_target_001319
mysql_aflgo_r1,mysql,1,src/mysql-server/sql/resourcegroups/resource_group_mgr.cc:372:0:1,/src/mysql-server/sql/resourcegroups/resource_group_mgr.cc,372,372,10,1,mysql_target_001319
mysql_aflgo_r1,mysql,1,src/mysql-server/sql/server_component/mysql_command_services_imp.cc:66:0:0,/src/mysql-server/sql/server_component/mysql_command_services_imp.cc,66,66,0,0,mysql_target_001300
mysql_aflgo_r1,mysql,1,src/mysql-server/sql/server_component/mysql_command_services_imp.cc:66:0:1,/src/mysql-server/sql/server_component/mysql_command_services_imp.cc,66,66,0,0,mysql_target_001300
mysql_aflgo_r1,mysql,1,src/mysql-server/sql/server_component/mysql_command_services_imp.cc:66:1:2,/src/mysql-server/sql/server_component/mysql_command_services_imp.cc,66,66,0,0,mysql_target_001300
mysql_aflgo_r1,mysql,1,src/mysql-server/sql/server_component/mysql_command_services_imp.cc:66:1:3,/src/mysql-server/sql/server_component/mysql_command_services_imp.cc,66,66,0,0,mysql_target_001300
mysql_aflgo_r1,mysql,1,src/mysql-server/sql/server_component/mysql_command_services_imp.cc:73:0:0,/src/mysql-server/sql/server_component/mysql_command_services_imp.cc,73,73,0,0,mysql_target_001300
mysql_aflgo_r1,mysql,1,src/mysql-server/sql/server_component/mysql_command_services_imp.cc:73:0:1,/src/mysql-server/sql/server_component/mysql_command_services_imp.cc,73,73,0,0,mysql_target_001300
mysql_aflgo_r1,mysql,1,src/mysql-server/sql/server_component/mysql_command_services_imp.cc:76:0:0,/src/mysql-server/sql/server_component/mysql_command_services_imp.cc,76,76,0,0,mysql_target_001300
mysql_aflgo_r1,mysql,1,src/mysql-server/sql/server_component/mysql_command_services_imp.cc:76:0:1,/src/mysql-server/sql/server_component/mysql_command_services_imp.cc,76,76,0,0,mysql_target_001300
mysql_aflgo_r1,mysql,1,src/mysql-server/sql/server_component/persistent_dynamic_loader.cc:265:0:0,/src/mysql-server/sql/server_component/persistent_dynamic_loader.cc,265,265,10,1,mysql_target_001308
mysql_aflgo_r1,mysql,1,src/mysql-server/sql/server_component/persistent_dynamic_loader.cc:265:0:1,/src/mysql-server/sql/server_component/persistent_dynamic_loader.cc,265,265,0,0,mysql_target_001308
mysql_aflgo_r1,mysql,1,src/mysql-server/sql/sql_cmd_ddl_table.cc:361:0:0,/src/mysql-server/sql/sql_cmd_ddl_table.cc,361,361,0,0,mysql_target_001325
mysql_aflgo_r1,mysql,1,src/mysql-server/sql/sql_cmd_ddl_table.cc:361:0:1,/src/mysql-server/sql/sql_cmd_ddl_table.cc,361,361,10,1,mysql_target_001325
mysql_aflgo_r1,mysql,1,src/mysql-server/sql/sql_cmd_ddl_table.cc:361:1:2,/src/mysql-server/sql/sql_cmd_ddl_table.cc,361,361,0,0,mysql_target_001325
mysql_aflgo_r1,mysql,1,src/mysql-server/sql/sql_cmd_ddl_table.cc:361:1:3,/src/mysql-server/sql/sql_cmd_ddl_table.cc,361,361,10,1,mysql_target_001325
mysql_aflgo_r1,mysql,1,src/mysql-server/sql/sql_cmd_ddl_table.cc:362:0:0,/src/mysql-server/sql/sql_cmd_ddl_table.cc,362,362,0,0,mysql_target_001325
mysql_aflgo_r1,mysql,1,src/mysql-server/sql/sql_cmd_ddl_table.cc:362:0:1,/src/mysql-server/sql/sql_cmd_ddl_table.cc,362,362,0,0,mysql_target_001325
mysql_aflgo_r1,mysql,1,src/mysql-server/sql/sql_cursor.cc:464:0:0,/src/mysql-server/sql/sql_cursor.cc,464,464,0,0,mysql_target_001326
mysql_aflgo_r1,mysql,1,src/mysql-server/sql/sql_cursor.cc:464:0:1,/src/mysql-server/sql/sql_cursor.cc,464,464,0,0,mysql_target_001326
mysql_aflgo_r1,mysql,1,src/mysql-server/sql/sql_cursor.cc:469:0:0,/src/mysql-server/sql/sql_cursor.cc,469,469,0,0,mysql_target_001326
mysql_aflgo_r1,mysql,1,src/mysql-server/sql/sql_cursor.cc:469:0:1,/src/mysql-server/sql/sql_cursor.cc,469,469,0,0,mysql_target_001326
mysql_aflgo_r1,mysql,1,src/mysql-server/sql/sql_delete.cc:165:0:0,/src/mysql-server/sql/sql_delete.cc,165,165,1,1,mysql_target_000583;mysql_target_001328
mysql_aflgo_r1,mysql,1,src/mysql-server/sql/sql_delete.cc:165:0:1,/src/mysql-server/sql/sql_delete.cc,165,165,0,0,mysql_target_000583;mysql_target_001328
mysql_aflgo_r1,mysql,1,src/mysql-server/sql/sql_delete.cc:166:0:0,/src/mysql-server/sql/sql_delete.cc,166,166,0,0,mysql_target_000583;mysql_target_001328
mysql_aflgo_r1,mysql,1,src/mysql-server/sql/sql_delete.cc:166:0:1,/src/mysql-server/sql/sql_delete.cc,166,166,1,1,mysql_target_000583;mysql_target_001328
mysql_aflgo_r1,mysql,1,src/mysql-server/sql/sql_delete.cc:171:0:0,/src/mysql-server/sql/sql_delete.cc,171,171,0,0,mysql_target_000583;mysql_target_001328
mysql_aflgo_r1,mysql,1,src/mysql-server/sql/sql_delete.cc:171:0:1,/src/mysql-server/sql/sql_delete.cc,171,171,0,0,mysql_target_000583;mysql_target_001328
mysql_aflgo_r1,mysql,1,src/mysql-server/sql/sql_delete.cc:180:0:0,/src/mysql-server/sql/sql_delete.cc,180,180,0,0,mysql_target_000583;mysql_target_001328
mysql_aflgo_r1,mysql,1,src/mysql-server/sql/sql_delete.cc:180:0:1,/src/mysql-server/sql/sql_delete.cc,180,180,0,0,mysql_target_000583;mysql_target_001328
mysql_aflgo_r1,mysql,1,src/mysql-server/sql/sql_delete.cc:753:0:0,/src/mysql-server/sql/sql_delete.cc,753,753,0,0,mysql_target_000584;mysql_target_001329
mysql_aflgo_r1,mysql,1,src/mysql-server/sql/sql_delete.cc:753:0:1,/src/mysql-server/sql/sql_delete.cc,753,753,1,1,mysql_target_000584;mysql_target_001329
mysql_aflgo_r1,mysql,1,src/mysql-server/sql/sql_delete.cc:761:0:0,/src/mysql-server/sql/sql_delete.cc,761,761,0,0,mysql_target_000584;mysql_target_001329
mysql_aflgo_r1,mysql,1,src/mysql-server/sql/sql_delete.cc:761:0:1,/src/mysql-server/sql/sql_delete.cc,761,761,1,1,mysql_target_000584;mysql_target_001329
mysql_aflgo_r1,mysql,1,src/mysql-server/sql/sql_delete.cc:761:1:2,/src/mysql-server/sql/sql_delete.cc,761,761,0,0,mysql_target_000584;mysql_target_001329
mysql_aflgo_r1,mysql,1,src/mysql-server/sql/sql_delete.cc:761:1:3,/src/mysql-server/sql/sql_delete.cc,761,761,1,1,mysql_target_000584;mysql_target_001329
mysql_aflgo_r1,mysql,1,src/mysql-server/sql/sql_delete.cc:762:0:0,/src/mysql-server/sql/sql_delete.cc,762,762,0,0,mysql_target_000584;mysql_target_001329
mysql_aflgo_r1,mysql,1,src/mysql-server/sql/sql_delete.cc:762:0:1,/src/mysql-server/sql/sql_delete.cc,762,762,0,0,mysql_target_000584;mysql_target_001329
mysql_aflgo_r1,mysql,1,src/mysql-server/sql/sql_delete.cc:764:0:0,/src/mysql-server/sql/sql_delete.cc,764,764,0,0,mysql_target_000584;mysql_target_001329
mysql_aflgo_r1,mysql,1,src/mysql-server/sql/sql_delete.cc:764:0:1,/src/mysql-server/sql/sql_delete.cc,764,764,0,0,mysql_target_000584;mysql_target_001329
mysql_aflgo_r1,mysql,1,src/mysql-server/sql/sql_delete.cc:767:0:0,/src/mysql-server/sql/sql_delete.cc,767,767,0,0,mysql_target_000584;mysql_target_001329
mysql_aflgo_r1,mysql,1,src/mysql-server/sql/sql_delete.cc:767:0:1,/src/mysql-server/sql/sql_delete.cc,767,767,1,1,mysql_target_000584;mysql_target_001329
mysql_aflgo_r1,mysql,1,src/mysql-server/sql/sql_delete.cc:768:0:0,/src/mysql-server/sql/sql_delete.cc,768,768,0,0,mysql_target_000584;mysql_target_001329
mysql_aflgo_r1,mysql,1,src/mysql-server/sql/sql_delete.cc:768:0:1,/src/mysql-server/sql/sql_delete.cc,768,768,0,0,mysql_target_000584;mysql_target_001329
mysql_aflgo_r1,mysql,1,src/mysql-server/sql/sql_delete.cc:782:0:0,/src/mysql-server/sql/sql_delete.cc,782,782,1,1,mysql_target_000584;mysql_target_001329
mysql_aflgo_r1,mysql,1,src/mysql-server/sql/sql_delete.cc:782:0:1,/src/mysql-server/sql/sql_delete.cc,782,782,1,1,mysql_target_000584;mysql_target_001329
mysql_aflgo_r1,mysql,1,src/mysql-server/sql/sql_delete.cc:785:0:0,/src/mysql-server/sql/sql_delete.cc,785,785,0,0,mysql_target_000584;mysql_target_001329
mysql_aflgo_r1,mysql,1,src/mysql-server/sql/sql_delete.cc:785:0:1,/src/mysql-server/sql/sql_delete.cc,785,785,1,1,mysql_target_000584;mysql_target_001329
mysql_aflgo_r1,mysql,1,src/mysql-server/sql/sql_delete.cc:788:0:0,/src/mysql-server/sql/sql_delete.cc,788,788,0,0,mysql_target_000584;mysql_target_001329
mysql_aflgo_r1,mysql,1,src/mysql-server/sql/sql_delete.cc:788:0:1,/src/mysql-server/sql/sql_delete.cc,788,788,1,1,mysql_target_000584;mysql_target_001329
mysql_aflgo_r1,mysql,1,src/mysql-server/sql/sql_delete.cc:794:0:0,/src/mysql-server/sql/sql_delete.cc,794,794,0,0,mysql_target_000584;mysql_target_001329
mysql_aflgo_r1,mysql,1,src/mysql-server/sql/sql_delete.cc:794:0:1,/src/mysql-server/sql/sql_delete.cc,794,794,1,1,mysql_target_000584;mysql_target_001329
mysql_aflgo_r1,mysql,1,src/mysql-server/sql/sql_delete.cc:800:0:0,/src/mysql-server/sql/sql_delete.cc,800,800,0,0,mysql_target_000584;mysql_target_001329;mysql_target_001330
mysql_aflgo_r1,mysql,1,src/mysql-server/sql/sql_delete.cc:800:0:1,/src/mysql-server/sql/sql_delete.cc,800,800,1,1,mysql_target_000584;mysql_target_001329;mysql_target_001330
mysql_aflgo_r1,mysql,1,src/mysql-server/sql/sql_delete.cc:810:0:0,/src/mysql-server/sql/sql_delete.cc,810,810,0,0,mysql_target_000584;mysql_target_001329;mysql_target_001331
mysql_aflgo_r1,mysql,1,src/mysql-server/sql/sql_delete.cc:810:0:1,/src/mysql-server/sql/sql_delete.cc,810,810,1,1,mysql_target_000584;mysql_target_001329;mysql_target_001331
mysql_aflgo_r1,mysql,1,src/mysql-server/sql/sql_delete.cc:815:0:0,/src/mysql-server/sql/sql_delete.cc,815,815,1,1,mysql_target_000584;mysql_target_001329
mysql_aflgo_r1,mysql,1,src/mysql-server/sql/sql_delete.cc:815:0:1,/src/mysql-server/sql/sql_delete.cc,815,815,1,1,mysql_target_000584;mysql_target_001329
mysql_aflgo_r1,mysql,1,src/mysql-server/sql/sql_delete.cc:828:0:0,/src/mysql-server/sql/sql_delete.cc,828,828,0,0,mysql_target_000584;mysql_target_001329;mysql_target_001332
mysql_aflgo_r1,mysql,1,src/mysql-server/sql/sql_delete.cc:828:0:1,/src/mysql-server/sql/sql_delete.cc,828,828,1,1,mysql_target_000584;mysql_target_001329;mysql_target_001332
mysql_aflgo_r1,mysql,1,src/mysql-server/sql/sql_delete.cc:829:0:0,/src/mysql-server/sql/sql_delete.cc,829,829,0,0,mysql_target_000584;mysql_target_001329;mysql_target_001332
mysql_aflgo_r1,mysql,1,src/mysql-server/sql/sql_delete.cc:829:0:1,/src/mysql-server/sql/sql_delete.cc,829,829,0,0,mysql_target_000584;mysql_target_001329;mysql_target_001332
mysql_aflgo_r1,mysql,1,src/mysql-server/sql/sql_delete.cc:832:0:0,/src/mysql-server/sql/sql_delete.cc,832,832,0,0,mysql_target_000584;mysql_target_001329;mysql_target_001332
mysql_aflgo_r1,mysql,1,src/mysql-server/sql/sql_delete.cc:832:0:1,/src/mysql-server/sql/sql_delete.cc,832,832,0,0,mysql_target_000584;mysql_target_001329;mysql_target_001332
mysql_aflgo_r1,mysql,1,src/mysql-server/sql/sql_delete.cc:838:0:0,/src/mysql-server/sql/sql_delete.cc,838,838,1,1,mysql_target_000584;mysql_target_001329
mysql_aflgo_r1,mysql,1,src/mysql-server/sql/sql_delete.cc:838:0:1,/src/mysql-server/sql/sql_delete.cc,838,838,0,0,mysql_target_000584;mysql_target_001329
mysql_aflgo_r1,mysql,1,src/mysql-server/sql/sql_delete.cc:838:1:2,/src/mysql-server/sql/sql_delete.cc,838,838,0,0,mysql_target_000584;mysql_target_001329
mysql_aflgo_r1,mysql,1,src/mysql-server/sql/sql_delete.cc:838:1:3,/src/mysql-server/sql/sql_delete.cc,838,838,1,1,mysql_target_000584;mysql_target_001329
mysql_aflgo_r1,mysql,1,src/mysql-server/sql/sql_delete.cc:839:0:0,/src/mysql-server/sql/sql_delete.cc,839,839,0,0,mysql_target_000584;mysql_target_001329
mysql_aflgo_r1,mysql,1,src/mysql-server/sql/sql_delete.cc:839:0:1,/src/mysql-server/sql/sql_delete.cc,839,839,0,0,mysql_target_000584;mysql_target_001329
mysql_aflgo_r1,mysql,1,src/mysql-server/sql/sql_delete.cc:842:0:0,/src/mysql-server/sql/sql_delete.cc,842,842,0,0,mysql_target_000584;mysql_target_001329
mysql_aflgo_r1,mysql,1,src/mysql-server/sql/sql_delete.cc:842:0:1,/src/mysql-server/sql/sql_delete.cc,842,842,1,1,mysql_target_000584;mysql_target_001329
mysql_aflgo_r1,mysql,1,src/mysql-server/sql/sql_delete.cc:843:0:0,/src/mysql-server/sql/sql_delete.cc,843,843,0,0,mysql_target_000584;mysql_target_001329
mysql_aflgo_r1,mysql,1,src/mysql-server/sql/sql_delete.cc:843:0:1,/src/mysql-server/sql/sql_delete.cc,843,843,0,0,mysql_target_000584;mysql_target_001329
mysql_aflgo_r1,mysql,1,src/mysql-server/sql/sql_delete.cc:848:0:0,/src/mysql-server/sql/sql_delete.cc,848,848,0,0,mysql_target_000584;mysql_target_001329
mysql_aflgo_r1,mysql,1,src/mysql-server/sql/sql_delete.cc:848:0:1,/src/mysql-server/sql/sql_delete.cc,848,848,0,0,mysql_target_000584;mysql_target_001329
mysql_aflgo_r1,mysql,1,src/mysql-server/sql/sql_delete.cc:864:0:0,/src/mysql-server/sql/sql_delete.cc,864,864,0,0,mysql_target_000584;mysql_target_001329
mysql_aflgo_r1,mysql,1,src/mysql-server/sql/sql_delete.cc:864:0:1,/src/mysql-server/sql/sql_delete.cc,864,864,1,1,mysql_target_000584;mysql_target_001329
mysql_aflgo_r1,mysql,1,src/mysql-server/sql/sql_delete.cc:865:0:0,/src/mysql-server/sql/sql_delete.cc,865,865,0,0,mysql_target_000584;mysql_target_001329
mysql_aflgo_r1,mysql,1,src/mysql-server/sql/sql_delete.cc:865:0:1,/src/mysql-server/sql/sql_delete.cc,865,865,0,0,mysql_target_000584;mysql_target_001329
mysql_aflgo_r1,mysql,1,src/mysql-server/sql/sql_delete.cc:874:0:0,/src/mysql-server/sql/sql_delete.cc,874,874,0,0,mysql_target_000584;mysql_target_001329
mysql_aflgo_r1,mysql,1,src/mysql-server/sql/sql_delete.cc:874:0:1,/src/mysql-server/sql/sql_delete.cc,874,874,1,1,mysql_target_000584;mysql_target_001329
mysql_aflgo_r1,mysql,1,src/mysql-server/sql/sql_delete.cc:879:0:0,/src/mysql-server/sql/sql_delete.cc,879,879,0,0,mysql_target_000584;mysql_target_001329;mysql_target_001333
mysql_aflgo_r1,mysql,1,src/mysql-server/sql/sql_delete.cc:879:0:1,/src/mysql-server/sql/sql_delete.cc,879,879,1,1,mysql_target_000584;mysql_target_001329;mysql_target_001333
mysql_aflgo_r1,mysql,1,src/mysql-server/sql/sql_delete.cc:882:0:0,/src/mysql-server/sql/sql_delete.cc,882,882,0,0,mysql_target_000584;mysql_target_001329;mysql_target_001333
mysql_aflgo_r1,mysql,1,src/mysql-server/sql/sql_delete.cc:882:0:1,/src/mysql-server/sql/sql_delete.cc,882,882,1,1,mysql_target_000584;mysql_target_001329;mysql_target_001333
mysql_aflgo_r1,mysql,1,src/mysql-server/sql/sql_delete.cc:889:0:0,/src/mysql-server/sql/sql_delete.cc,889,889,0,0,mysql_target_000584;mysql_target_001329
mysql_aflgo_r1,mysql,1,src/mysql-server/sql/sql_delete.cc:889:0:1,/src/mysql-server/sql/sql_delete.cc,889,889,0,0,mysql_target_000584;mysql_target_001329
mysql_aflgo_r1,mysql,1,src/mysql-server/sql/sql_delete.cc:890:0:0,/src/mysql-server/sql/sql_delete.cc,890,890,0,0,mysql_target_000584;mysql_target_001329
mysql_aflgo_r1,mysql,1,src/mysql-server/sql/sql_delete.cc:890:0:1,/src/mysql-server/sql/sql_delete.cc,890,890,0,0,mysql_target_000584;mysql_target_001329
mysql_aflgo_r1,mysql,1,src/mysql-server/sql/sql_delete.cc:898:0:0,/src/mysql-server/sql/sql_delete.cc,898,898,0,0,mysql_target_000584;mysql_target_001329
mysql_aflgo_r1,mysql,1,src/mysql-server/sql/sql_delete.cc:898:0:1,/src/mysql-server/sql/sql_delete.cc,898,898,1,1,mysql_target_000584;mysql_target_001329
mysql_aflgo_r1,mysql,1,src/mysql-server/sql/sql_delete.cc:898:1:2,/src/mysql-server/sql/sql_delete.cc,898,898,0,0,mysql_target_000584;mysql_target_001329
mysql_aflgo_r1,mysql,1,src/mysql-server/sql/sql_delete.cc:898:1:3,/src/mysql-server/sql/sql_delete.cc,898,898,0,0,mysql_target_000584;mysql_target_001329
mysql_aflgo_r1,mysql,1,src/mysql-server/sql/sql_delete.cc:907:0:0,/src/mysql-server/sql/sql_delete.cc,907,907,1,1,mysql_target_000584;mysql_target_001329
mysql_aflgo_r1,mysql,1,src/mysql-server/sql/sql_delete.cc:907:0:1,/src/mysql-server/sql/sql_delete.cc,907,907,1,1,mysql_target_000584;mysql_target_001329
mysql_aflgo_r1,mysql,1,src/mysql-server/sql/sql_delete.cc:909:0:0,/src/mysql-server/sql/sql_delete.cc,909,909,0,0,mysql_target_000584;mysql_target_001329
mysql_aflgo_r1,mysql,1,src/mysql-server/sql/sql_delete.cc:909:0:1,/src/mysql-server/sql/sql_delete.cc,909,909,1,1,mysql_target_000584;mysql_target_001329
mysql_aflgo_r1,mysql,1,src/mysql-server/sql/sql_delete.cc:916:0:0,/src/mysql-server/sql/sql_delete.cc,916,916,0,0,mysql_target_000584;mysql_target_001329
mysql_aflgo_r1,mysql,1,src/mysql-server/sql/sql_delete.cc:916:0:1,/src/mysql-server/sql/sql_delete.cc,916,916,1,1,mysql_target_000584;mysql_target_001329
mysql_aflgo_r1,mysql,1,src/mysql-server/sql/sql_delete.cc:924:0:0,/src/mysql-server/sql/sql_delete.cc,924,924,0,0,mysql_target_000584;mysql_target_001329
mysql_aflgo_r1,mysql,1,src/mysql-server/sql/sql_delete.cc:924:0:1,/src/mysql-server/sql/sql_delete.cc,924,924,1,1,mysql_target_000584;mysql_target_001329
mysql_aflgo_r1,mysql,1,src/mysql-server/sql/sql_delete.cc:925:0:0,/src/mysql-server/sql/sql_delete.cc,925,925,0,0,mysql_target_000584;mysql_target_001329
mysql_aflgo_r1,mysql,1,src/mysql-server/sql/sql_delete.cc:925:0:1,/src/mysql-server/sql/sql_delete.cc,925,925,0,0,mysql_target_000584;mysql_target_001329
mysql_aflgo_r1,mysql,1,src/mysql-server/sql/sql_delete.cc:931:0:0,/src/mysql-server/sql/sql_delete.cc,931,931,0,0,mysql_target_000584;mysql_target_001329
mysql_aflgo_r1,mysql,1,src/mysql-server/sql/sql_delete.cc:931:0:1,/src/mysql-server/sql/sql_delete.cc,931,931,1,1,mysql_target_000584;mysql_target_001329
mysql_aflgo_r1,mysql,1,src/mysql-server/sql/sql_delete.cc:931:1:2,/src/mysql-server/sql/sql_delete.cc,931,931,0,0,mysql_target_000584;mysql_target_001329
mysql_aflgo_r1,mysql,1,src/mysql-server/sql/sql_delete.cc:931:1:3,/src/mysql-server/sql/sql_delete.cc,931,931,0,0,mysql_target_000584;mysql_target_001329
mysql_aflgo_r1,mysql,1,src/mysql-server/sql/sql_delete.cc:936:0:0,/src/mysql-server/sql/sql_delete.cc,936,936,0,0,mysql_target_000584;mysql_target_001329
mysql_aflgo_r1,mysql,1,src/mysql-server/sql/sql_delete.cc:936:0:1,/src/mysql-server/sql/sql_delete.cc,936,936,1,1,mysql_target_000584;mysql_target_001329
mysql_aflgo_r1,mysql,1,src/mysql-server/sql/sql_delete.cc:939:0:0,/src/mysql-server/sql/sql_delete.cc,939,939,0,0,mysql_target_000584;mysql_target_001329
mysql_aflgo_r1,mysql,1,src/mysql-server/sql/sql_delete.cc:939:0:1,/src/mysql-server/sql/sql_delete.cc,939,939,1,1,mysql_target_000584;mysql_target_001329
mysql_aflgo_r1,mysql,1,src/mysql-server/sql/sql_delete.cc:950:0:0,/src/mysql-server/sql/sql_delete.cc,950,950,0,0,mysql_target_000585;mysql_target_001334
mysql_aflgo_r1,mysql,1,src/mysql-server/sql/sql_delete.cc:950:0:1,/src/mysql-server/sql/sql_delete.cc,950,950,1,1,mysql_target_000585;mysql_target_001334
mysql_aflgo_r1,mysql,1,src/mysql-server/sql/sql_delete.cc:951:0:0,/src/mysql-server/sql/sql_delete.cc,951,951,0,0,mysql_target_000585;mysql_target_001334
mysql_aflgo_r1,mysql,1,src/mysql-server/sql/sql_delete.cc:951:0:1,/src/mysql-server/sql/sql_delete.cc,951,951,0,0,mysql_target_000585;mysql_target_001334
mysql_aflgo_r1,mysql,1,src/mysql-server/sql/sql_delete.cc:961:0:0,/src/mysql-server/sql/sql_delete.cc,961,961,0,0,mysql_target_000585;mysql_target_001334
mysql_aflgo_r1,mysql,1,src/mysql-server/sql/sql_delete.cc:961:0:1,/src/mysql-server/sql/sql_delete.cc,961,961,1,1,mysql_target_000585;mysql_target_001334
mysql_aflgo_r1,mysql,1,src/mysql-server/sql/sql_digest.h:147:0:0,/src/mysql-server/sql/sql_digest.h,147,147,2145,1,mysql_target_001336;mysql_target_001337
mysql_aflgo_r1,mysql,1,src/mysql-server/sql/sql_digest.h:147:0:1,/src/mysql-server/sql/sql_digest.h,147,147,418,1,mysql_target_001336;mysql_target_001337
mysql_aflgo_r1,mysql,1,src/mysql-server/sql/sql_handler.cc:436:0:0,/src/mysql-server/sql/sql_handler.cc,436,436,0,0,mysql_target_001343
mysql_aflgo_r1,mysql,1,src/mysql-server/sql/sql_handler.cc:436:0:1,/src/mysql-server/sql/sql_handler.cc,436,436,0,0,mysql_target_001343
mysql_aflgo_r1,mysql,1,src/mysql-server/sql/sql_handler.cc:448:0:0,/src/mysql-server/sql/sql_handler.cc,448,448,0,0,mysql_target_001342;mysql_target_001343
mysql_aflgo_r1,mysql,1,src/mysql-server/sql/sql_handler.cc:448:0:1,/src/mysql-server/sql/sql_handler.cc,448,448,0,0,mysql_target_001342;mysql_target_001343
mysql_aflgo_r1,mysql,1,src/mysql-server/sql/sql_handler.cc:452:0:0,/src/mysql-server/sql/sql_handler.cc,452,452,0,0,mysql_target_001343
mysql_aflgo_r1,mysql,1,src/mysql-server/sql/sql_handler.cc:452:0:1,/src/mysql-server/sql/sql_handler.cc,452,452,0,0,mysql_target_001343
mysql_aflgo_r1,mysql,1,src/mysql-server/sql/sql_handler.cc:480:0:0,/src/mysql-server/sql/sql_handler.cc,480,480,0,0,mysql_target_001344
mysql_aflgo_r1,mysql,1,src/mysql-server/sql/sql_handler.cc:480:0:1,/src/mysql-server/sql/sql_handler.cc,480,480,0,0,mysql_target_001344
mysql_aflgo_r1,mysql,1,src/mysql-server/sql/sql_handler.cc:550:0:0,/src/mysql-server/sql/sql_handler.cc,550,550,0,0,mysql_target_001347;mysql_target_001348
mysql_aflgo_r1,mysql,1,src/mysql-server/sql/sql_handler.cc:550:0:1,/src/mysql-server/sql/sql_handler.cc,550,550,0,0,mysql_target_001347;mysql_target_001348
mysql_aflgo_r1,mysql,1,src/mysql-server/sql/sql_handler.cc:555:0:0,/src/mysql-server/sql/sql_handler.cc,555,555,0,0,mysql_target_001347;mysql_target_001348
mysql_aflgo_r1,mysql,1,src/mysql-server/sql/sql_handler.cc:555:0:1,/src/mysql-server/sql/sql_handler.cc,555,555,0,0,mysql_target_001347;mysql_target_001348
mysql_aflgo_r1,mysql,1,src/mysql-server/sql/sql_handler.cc:675:0:0,/src/mysql-server/sql/sql_handler.cc,675,675,0,0,mysql_target_001349
mysql_aflgo_r1,mysql,1,src/mysql-server/sql/sql_handler.cc:675:0:1,/src/mysql-server/sql/sql_handler.cc,675,675,0,0,mysql_target_001349
mysql_aflgo_r1,mysql,1,src/mysql-server/sql/sql_handler.cc:679:0:0,/src/mysql-server/sql/sql_handler.cc,679,679,0,0,mysql_target_001349
mysql_aflgo_r1,mysql,1,src/mysql-server/sql/sql_handler.cc:679:0:1,/src/mysql-server/sql/sql_handler.cc,679,679,0,0,mysql_target_001349
mysql_aflgo_r1,mysql,1,src/mysql-server/sql/sql_handler.cc:692:0:0,/src/mysql-server/sql/sql_handler.cc,692,692,0,0,mysql_target_001349
mysql_aflgo_r1,mysql,1,src/mysql-server/sql/sql_handler.cc:692:0:1,/src/mysql-server/sql/sql_handler.cc,692,692,0,0,mysql_target_001349
mysql_aflgo_r1,mysql,1,src/mysql-server/sql/sql_handler.cc:697:0:0,/src/mysql-server/sql/sql_handler.cc,697,697,0,0,mysql_target_001349
mysql_aflgo_r1,mysql,1,src/mysql-server/sql/sql_handler.cc:697:0:1,/src/mysql-server/sql/sql_handler.cc,697,697,0,0,mysql_target_001349
mysql_aflgo_r1,mysql,1,src/mysql-server/sql/sql_handler.cc:697:1:2,/src/mysql-server/sql/sql_handler.cc,697,697,0,0,mysql_target_001349
mysql_aflgo_r1,mysql,1,src/mysql-server/sql/sql_handler.cc:697:1:3,/src/mysql-server/sql/sql_handler.cc,697,697,0,0,mysql_target_001349
mysql_aflgo_r1,mysql,1,src/mysql-server/sql/sql_handler.cc:698:0:0,/src/mysql-server/sql/sql_handler.cc,698,698,0,0,mysql_target_001349
mysql_aflgo_r1,mysql,1,src/mysql-server/sql/sql_handler.cc:698:0:1,/src/mysql-server/sql/sql_handler.cc,698,698,0,0,mysql_target_001349
mysql_aflgo_r1,mysql,1,src/mysql-server/sql/sql_handler.cc:700:0:0,/src/mysql-server/sql/sql_handler.cc,700,700,0,0,mysql_target_001349
mysql_aflgo_r1,mysql,1,src/mysql-server/sql/sql_handler.cc:700:0:1,/src/mysql-server/sql/sql_handler.cc,700,700,0,0,mysql_target_001349
mysql_aflgo_r1,mysql,1,src/mysql-server/sql/sql_handler.cc:714:0:0,/src/mysql-server/sql/sql_handler.cc,714,714,0,0,mysql_target_001349
mysql_aflgo_r1,mysql,1,src/mysql-server/sql/sql_handler.cc:714:0:1,/src/mysql-server/sql/sql_handler.cc,714,714,0,0,mysql_target_001349
mysql_aflgo_r1,mysql,1,src/mysql-server/sql/sql_handler.cc:718:0:0,/src/mysql-server/sql/sql_handler.cc,718,718,0,0,mysql_target_001349
mysql_aflgo_r1,mysql,1,src/mysql-server/sql/sql_handler.cc:718:0:1,/src/mysql-server/sql/sql_handler.cc,718,718,0,0,mysql_target_001349
mysql_aflgo_r1,mysql,1,src/mysql-server/sql/sql_handler.cc:727:0:0,/src/mysql-server/sql/sql_handler.cc,727,727,0,0,mysql_target_001349
mysql_aflgo_r1,mysql,1,src/mysql-server/sql/sql_handler.cc:727:0:1,/src/mysql-server/sql/sql_handler.cc,727,727,0,0,mysql_target_001349
mysql_aflgo_r1,mysql,1,src/mysql-server/sql/sql_handler.cc:728:0:0,/src/mysql-server/sql/sql_handler.cc,728,728,0,0,mysql_target_001349
mysql_aflgo_r1,mysql,1,src/mysql-server/sql/sql_handler.cc:728:0:1,/src/mysql-server/sql/sql_handler.cc,728,728,0,0,mysql_target_001349
mysql_aflgo_r1,mysql,1,src/mysql-server/sql/sql_handler.cc:730:0:0,/src/mysql-server/sql/sql_handler.cc,730,730,0,0,mysql_target_001349
mysql_aflgo_r1,mysql,1,src/mysql-server/sql/sql_handler.cc:730:0:1,/src/mysql-server/sql/sql_handler.cc,730,730,0,0,mysql_target_001349
mysql_aflgo_r1,mysql,1,src/mysql-server/sql/sql_handler.cc:786:0:0,/src/mysql-server/sql/sql_handler.cc,786,786,0,0,mysql_target_001352;mysql_target_001353
mysql_aflgo_r1,mysql,1,src/mysql-server/sql/sql_handler.cc:786:0:1,/src/mysql-server/sql/sql_handler.cc,786,786,0,0,mysql_target_001352;mysql_target_001353
mysql_aflgo_r1,mysql,1,src/mysql-server/sql/sql_handler.cc:786:1:2,/src/mysql-server/sql/sql_handler.cc,786,786,0,0,mysql_target_001352;mysql_target_001353
mysql_aflgo_r1,mysql,1,src/mysql-server/sql/sql_handler.cc:786:1:3,/src/mysql-server/sql/sql_handler.cc,786,786,0,0,mysql_target_001352;mysql_target_001353
mysql_aflgo_r1,mysql,1,src/mysql-server/sql/sql_insert.cc:439:0:0,/src/mysql-server/sql/sql_insert.cc,439,439,5237,1,mysql_target_000591;mysql_target_001363
mysql_aflgo_r1,mysql,1,src/mysql-server/sql/sql_insert.cc:439:0:1,/src/mysql-server/sql/sql_insert.cc,439,439,3805,1,mysql_target_000591;mysql_target_001363
mysql_aflgo_r1,mysql,1,src/mysql-server/sql/sql_insert.cc:440:0:0,/src/mysql-server/sql/sql_insert.cc,440,440,9042,1,mysql_target_000591;mysql_target_001363
mysql_aflgo_r1,mysql,1,src/mysql-server/sql/sql_insert.cc:440:0:1,/src/mysql-server/sql/sql_insert.cc,440,440,0,0,mysql_target_000591;mysql_target_001363
mysql_aflgo_r1,mysql,1,src/mysql-server/sql/sql_insert.cc:442:0:0,/src/mysql-server/sql/sql_insert.cc,442,442,0,0,mysql_target_000591;mysql_target_001363
mysql_aflgo_r1,mysql,1,src/mysql-server/sql/sql_insert.cc:442:0:1,/src/mysql-server/sql/sql_insert.cc,442,442,9042,1,mysql_target_000591;mysql_target_001363
mysql_aflgo_r1,mysql,1,src/mysql-server/sql/sql_insert.cc:450:0:0,/src/mysql-server/sql/sql_insert.cc,450,450,0,0,mysql_target_000592;mysql_target_001364
mysql_aflgo_r1,mysql,1,src/mysql-server/sql/sql_insert.cc:450:0:1,/src/mysql-server/sql/sql_insert.cc,450,450,0,0,mysql_target_000592;mysql_target_001364
mysql_aflgo_r1,mysql,1,src/mysql-server/sql/sql_insert.cc:452:0:0,/src/mysql-server/sql/sql_insert.cc,452,452,0,0,mysql_target_000592;mysql_target_001364
mysql_aflgo_r1,mysql,1,src/mysql-server/sql/sql_insert.cc:452:0:1,/src/mysql-server/sql/sql_insert.cc,452,452,0,0,mysql_target_000592;mysql_target_001364
mysql_aflgo_r1,mysql,1,src/mysql-server/sql/sql_insert.cc:455:0:0,/src/mysql-server/sql/sql_insert.cc,455,455,0,0,mysql_target_000592;mysql_target_001364
mysql_aflgo_r1,mysql,1,src/mysql-server/sql/sql_insert.cc:455:0:1,/src/mysql-server/sql/sql_insert.cc,455,455,0,0,mysql_target_000592;mysql_target_001364
mysql_aflgo_r1,mysql,1,src/mysql-server/sql/sql_insert.cc:456:0:0,/src/mysql-server/sql/sql_insert.cc,456,456,0,0,mysql_target_000592;mysql_target_001364
mysql_aflgo_r1,mysql,1,src/mysql-server/sql/sql_insert.cc:456:0:1,/src/mysql-server/sql/sql_insert.cc,456,456,0,0,mysql_target_000592;mysql_target_001364
mysql_aflgo_r1,mysql,1,src/mysql-server/sql/sql_insert.cc:457:0:0,/src/mysql-server/sql/sql_insert.cc,457,457,0,0,mysql_target_000592;mysql_target_001364
mysql_aflgo_r1,mysql,1,src/mysql-server/sql/sql_insert.cc:457:0:1,/src/mysql-server/sql/sql_insert.cc,457,457,0,0,mysql_target_000592;mysql_target_001364
mysql_aflgo_r1,mysql,1,src/mysql-server/sql/sql_insert.cc:460:0:0,/src/mysql-server/sql/sql_insert.cc,460,460,0,0,mysql_target_000592;mysql_target_001364
mysql_aflgo_r1,mysql,1,src/mysql-server/sql/sql_insert.cc:460:0:1,/src/mysql-server/sql/sql_insert.cc,460,460,0,0,mysql_target_000592;mysql_target_001364
mysql_aflgo_r1,mysql,1,src/mysql-server/sql/sql_insert.cc:461:0:0,/src/mysql-server/sql/sql_insert.cc,461,461,0,0,mysql_target_000592;mysql_target_001364
mysql_aflgo_r1,mysql,1,src/mysql-server/sql/sql_insert.cc:461:0:1,/src/mysql-server/sql/sql_insert.cc,461,461,0,0,mysql_target_000592;mysql_target_001364
mysql_aflgo_r1,mysql,1,src/mysql-server/sql/sql_insert.cc:463:0:0,/src/mysql-server/sql/sql_insert.cc,463,463,0,0,mysql_target_000592;mysql_target_001364
mysql_aflgo_r1,mysql,1,src/mysql-server/sql/sql_insert.cc:463:0:1,/src/mysql-server/sql/sql_insert.cc,463,463,0,0,mysql_target_000592;mysql_target_001364
mysql_aflgo_r1,mysql,1,src/mysql-server/sql/sql_insert.cc:467:0:0,/src/mysql-server/sql/sql_insert.cc,467,467,0,0,mysql_target_000592;mysql_target_001364
mysql_aflgo_r1,mysql,1,src/mysql-server/sql/sql_insert.cc:467:0:1,/src/mysql-server/sql/sql_insert.cc,467,467,0,0,mysql_target_000592;mysql_target_001364
mysql_aflgo_r1,mysql,1,src/mysql-server/sql/sql_insert.cc:469:0:0,/src/mysql-server/sql/sql_insert.cc,469,469,0,0,mysql_target_000592;mysql_target_001364
mysql_aflgo_r1,mysql,1,src/mysql-server/sql/sql_insert.cc:469:0:1,/src/mysql-server/sql/sql_insert.cc,469,469,0,0,mysql_target_000592;mysql_target_001364
mysql_aflgo_r1,mysql,1,src/mysql-server/sql/sql_insert.cc:498:0:0,/src/mysql-server/sql/sql_insert.cc,498,498,8980,1,mysql_target_000593;mysql_target_001365
mysql_aflgo_r1,mysql,1,src/mysql-server/sql/sql_insert.cc:498:0:1,/src/mysql-server/sql/sql_insert.cc,498,498,49,1,mysql_target_000593;mysql_target_001365
mysql_aflgo_r1,mysql,1,src/mysql-server/sql/sql_insert.cc:499:0:0,/src/mysql-server/sql/sql_insert.cc,499,499,0,0,mysql_target_000593;mysql_target_001365
mysql_aflgo_r1,mysql,1,src/mysql-server/sql/sql_insert.cc:499:0:1,/src/mysql-server/sql/sql_insert.cc,499,499,49,1,mysql_target_000593;mysql_target_001365
mysql_aflgo_r1,mysql,1,src/mysql-server/sql/sql_insert.cc:509:0:0,/src/mysql-server/sql/sql_insert.cc,509,509,0,0,mysql_target_000593;mysql_target_001365
mysql_aflgo_r1,mysql,1,src/mysql-server/sql/sql_insert.cc:509:0:1,/src/mysql-server/sql/sql_insert.cc,509,509,9029,1,mysql_target_000593;mysql_target_001365
mysql_aflgo_r1,mysql,1,src/mysql-server/sql/sql_insert.cc:510:0:0,/src/mysql-server/sql/sql_insert.cc,510,510,0,0,mysql_target_000593;mysql_target_001365
mysql_aflgo_r1,mysql,1,src/mysql-server/sql/sql_insert.cc:510:0:1,/src/mysql-server/sql/sql_insert.cc,510,510,0,0,mysql_target_000593;mysql_target_001365
mysql_aflgo_r1,mysql,1,src/mysql-server/sql/sql_insert.cc:522:0:0,/src/mysql-server/sql/sql_insert.cc,522,522,0,0,mysql_target_000593;mysql_target_001365;mysql_target_001366
mysql_aflgo_r1,mysql,1,src/mysql-server/sql/sql_insert.cc:522:0:1,/src/mysql-server/sql/sql_insert.cc,522,522,9029,1,mysql_target_000593;mysql_target_001365;mysql_target_001366
mysql_aflgo_r1,mysql,1,src/mysql-server/sql/sql_insert.cc:522:1:2,/src/mysql-server/sql/sql_insert.cc,522,522,5237,1,mysql_target_000593;mysql_target_001365;mysql_target_001366
mysql_aflgo_r1,mysql,1,src/mysql-server/sql/sql_insert.cc:522:1:3,/src/mysql-server/sql/sql_insert.cc,522,522,3792,1,mysql_target_000593;mysql_target_001365;mysql_target_001366
mysql_aflgo_r1,mysql,1,src/mysql-server/sql/sql_insert.cc:526:0:0,/src/mysql-server/sql/sql_insert.cc,526,526,0,0,mysql_target_000593;mysql_target_001365
mysql_aflgo_r1,mysql,1,src/mysql-server/sql/sql_insert.cc:526:0:1,/src/mysql-server/sql/sql_insert.cc,526,526,9029,1,mysql_target_000593;mysql_target_001365
mysql_aflgo_r1,mysql,1,src/mysql-server/sql/sql_insert.cc:528:0:0,/src/mysql-server/sql/sql_insert.cc,528,528,0,0,mysql_target_000593;mysql_target_001365
mysql_aflgo_r1,mysql,1,src/mysql-server/sql/sql_insert.cc:528:0:1,/src/mysql-server/sql/sql_insert.cc,528,528,9029,1,mysql_target_000593;mysql_target_001365
mysql_aflgo_r1,mysql,1,src/mysql-server/sql/sql_insert.cc:528:1:2,/src/mysql-server/sql/sql_insert.cc,528,528,0,0,mysql_target_000593;mysql_target_001365
mysql_aflgo_r1,mysql,1,src/mysql-server/sql/sql_insert.cc:528:1:3,/src/mysql-server/sql/sql_insert.cc,528,528,0,0,mysql_target_000593;mysql_target_001365
mysql_aflgo_r1,mysql,1,src/mysql-server/sql/sql_insert.cc:537:0:0,/src/mysql-server/sql/sql_insert.cc,537,537,9029,1,mysql_target_000593;mysql_target_001365
mysql_aflgo_r1,mysql,1,src/mysql-server/sql/sql_insert.cc:537:0:1,/src/mysql-server/sql/sql_insert.cc,537,537,0,0,mysql_target_000593;mysql_target_001365
mysql_aflgo_r1,mysql,1,src/mysql-server/sql/sql_insert.cc:537:1:2,/src/mysql-server/sql/sql_insert.cc,537,537,0,0,mysql_target_000593;mysql_target_001365
mysql_aflgo_r1,mysql,1,src/mysql-server/sql/sql_insert.cc:537:1:3,/src/mysql-server/sql/sql_insert.cc,537,537,9029,1,mysql_target_000593;mysql_target_001365
mysql_aflgo_r1,mysql,1,src/mysql-server/sql/sql_insert.cc:538:0:0,/src/mysql-server/sql/sql_insert.cc,538,538,0,0,mysql_target_000593;mysql_target_001365
mysql_aflgo_r1,mysql,1,src/mysql-server/sql/sql_insert.cc:538:0:1,/src/mysql-server/sql/sql_insert.cc,538,538,0,0,mysql_target_000593;mysql_target_001365
mysql_aflgo_r1,mysql,1,src/mysql-server/sql/sql_insert.cc:544:0:0,/src/mysql-server/sql/sql_insert.cc,544,544,0,0,mysql_target_000593;mysql_target_001365
mysql_aflgo_r1,mysql,1,src/mysql-server/sql/sql_insert.cc:544:0:1,/src/mysql-server/sql/sql_insert.cc,544,544,0,0,mysql_target_000593;mysql_target_001365
mysql_aflgo_r1,mysql,1,src/mysql-server/sql/sql_insert.cc:550:0:0,/src/mysql-server/sql/sql_insert.cc,550,550,0,0,mysql_target_000593;mysql_target_001365
mysql_aflgo_r1,mysql,1,src/mysql-server/sql/sql_insert.cc:550:0:1,/src/mysql-server/sql/sql_insert.cc,550,550,0,0,mysql_target_000593;mysql_target_001365
mysql_aflgo_r1,mysql,1,src/mysql-server/sql/sql_insert.cc:551:0:0,/src/mysql-server/sql/sql_insert.cc,551,551,0,0,mysql_target_000593;mysql_target_001365
mysql_aflgo_r1,mysql,1,src/mysql-server/sql/sql_insert.cc:551:0:1,/src/mysql-server/sql/sql_insert.cc,551,551,0,0,mysql_target_000593;mysql_target_001365
mysql_aflgo_r1,mysql,1,src/mysql-server/sql/sql_insert.cc:562:0:0,/src/mysql-server/sql/sql_insert.cc,562,562,3792,1,mysql_target_000593;mysql_target_001365
mysql_aflgo_r1,mysql,1,src/mysql-server/sql/sql_insert.cc:562:0:1,/src/mysql-server/sql/sql_insert.cc,562,562,5237,1,mysql_target_000593;mysql_target_001365
mysql_aflgo_r1,mysql,1,src/mysql-server/sql/sql_insert.cc:566:0:0,/src/mysql-server/sql/sql_insert.cc,566,566,0,0,mysql_target_000593;mysql_target_001365
mysql_aflgo_r1,mysql,1,src/mysql-server/sql/sql_insert.cc:566:0:1,/src/mysql-server/sql/sql_insert.cc,566,566,9029,1,mysql_target_000593;mysql_target_001365
mysql_aflgo_r1,mysql,1,src/mysql-server/sql/sql_insert.cc:575:0:0,/src/mysql-server/sql/sql_insert.cc,575,575,5237,1,mysql_target_000593;mysql_target_001365
mysql_aflgo_r1,mysql,1,src/mysql-server/sql/sql_insert.cc:575:0:1,/src/mysql-server/sql/sql_insert.cc,575,575,3792,1,mysql_target_000593;mysql_target_001365
mysql_aflgo_r1,mysql,1,src/mysql-server/sql/sql_insert.cc:576:0:0,/src/mysql-server/sql/sql_insert.cc,576,576,5237,1,mysql_target_000593;mysql_target_001365
mysql_aflgo_r1,mysql,1,src/mysql-server/sql/sql_insert.cc:576:0:1,/src/mysql-server/sql/sql_insert.cc,576,576,0,0,mysql_target_000593;mysql_target_001365
mysql_aflgo_r1,mysql,1,src/mysql-server/sql/sql_insert.cc:577:0:0,/src/mysql-server/sql/sql_insert.cc,577,577,0,0,mysql_target_000593;mysql_target_001365
mysql_aflgo_r1,mysql,1,src/mysql-server/sql/sql_insert.cc:577:0:1,/src/mysql-server/sql/sql_insert.cc,577,577,0,0,mysql_target_000593;mysql_target_001365
mysql_aflgo_r1,mysql,1,src/mysql-server/sql/sql_insert.cc:579:0:0,/src/mysql-server/sql/sql_insert.cc,579,579,0,0,mysql_target_000593;mysql_target_001365
mysql_aflgo_r1,mysql,1,src/mysql-server/sql/sql_insert.cc:579:0:1,/src/mysql-server/sql/sql_insert.cc,579,579,9029,1,mysql_target_000593;mysql_target_001365
mysql_aflgo_r1,mysql,1,src/mysql-server/sql/sql_insert.cc:593:0:0,/src/mysql-server/sql/sql_insert.cc,593,593,5237,1,mysql_target_000593;mysql_target_001365
mysql_aflgo_r1,mysql,1,src/mysql-server/sql/sql_insert.cc:593:0:1,/src/mysql-server/sql/sql_insert.cc,593,593,3792,1,mysql_target_000593;mysql_target_001365
mysql_aflgo_r1,mysql,1,src/mysql-server/sql/sql_insert.cc:593:1:2,/src/mysql-server/sql/sql_insert.cc,593,593,15,1,mysql_target_000593;mysql_target_001365
mysql_aflgo_r1,mysql,1,src/mysql-server/sql/sql_insert.cc:593:1:3,/src/mysql-server/sql/sql_insert.cc,593,593,3777,1,mysql_target_000593;mysql_target_001365
mysql_aflgo_r1,mysql,1,src/mysql-server/sql/sql_insert.cc:602:0:0,/src/mysql-server/sql/sql_insert.cc,602,602,3790,1,mysql_target_000593;mysql_target_001365
mysql_aflgo_r1,mysql,1,src/mysql-server/sql/sql_insert.cc:602:0:1,/src/mysql-server/sql/sql_insert.cc,602,602,5239,1,mysql_target_000593;mysql_target_001365
mysql_aflgo_r1,mysql,1,src/mysql-server/sql/sql_insert.cc:613:0:0,/src/mysql-server/sql/sql_insert.cc,613,613,8964,1,mysql_target_000593;mysql_target_001365
mysql_aflgo_r1,mysql,1,src/mysql-server/sql/sql_insert.cc:613:0:1,/src/mysql-server/sql/sql_insert.cc,613,613,65,1,mysql_target_000593;mysql_target_001365
mysql_aflgo_r1,mysql,1,src/mysql-server/sql/sql_insert.cc:613:1:2,/src/mysql-server/sql/sql_insert.cc,613,613,8952,1,mysql_target_000593;mysql_target_001365
mysql_aflgo_r1,mysql,1,src/mysql-server/sql/sql_insert.cc:613:1:3,/src/mysql-server/sql/sql_insert.cc,613,613,12,1,mysql_target_000593;mysql_target_001365
mysql_aflgo_r1,mysql,1,src/mysql-server/sql/sql_insert.cc:618:0:0,/src/mysql-server/sql/sql_insert.cc,618,618,63144,1,mysql_target_000593;mysql_target_001365
mysql_aflgo_r1,mysql,1,src/mysql-server/sql/sql_insert.cc:618:0:1,/src/mysql-server/sql/sql_insert.cc,618,618,9029,1,mysql_target_000593;mysql_target_001365
mysql_aflgo_r1,mysql,1,src/mysql-server/sql/sql_insert.cc:622:0:0,/src/mysql-server/sql/sql_insert.cc,622,622,9142,1,mysql_target_000593;mysql_target_001365
mysql_aflgo_r1,mysql,1,src/mysql-server/sql/sql_insert.cc:622:0:1,/src/mysql-server/sql/sql_insert.cc,622,622,9029,1,mysql_target_000593;mysql_target_001365
mysql_aflgo_r1,mysql,1,src/mysql-server/sql/sql_insert.cc:631:0:0,/src/mysql-server/sql/sql_insert.cc,631,631,0,0,mysql_target_000593;mysql_target_001365
mysql_aflgo_r1,mysql,1,src/mysql-server/sql/sql_insert.cc:631:0:1,/src/mysql-server/sql/sql_insert.cc,631,631,9142,1,mysql_target_000593;mysql_target_001365
mysql_aflgo_r1,mysql,1,src/mysql-server/sql/sql_insert.cc:635:0:0,/src/mysql-server/sql/sql_insert.cc,635,635,0,0,mysql_target_000593;mysql_target_001365
mysql_aflgo_r1,mysql,1,src/mysql-server/sql/sql_insert.cc:635:0:1,/src/mysql-server/sql/sql_insert.cc,635,635,9142,1,mysql_target_000593;mysql_target_001365
mysql_aflgo_r1,mysql,1,src/mysql-server/sql/sql_insert.cc:648:0:0,/src/mysql-server/sql/sql_insert.cc,648,648,0,0,mysql_target_000593;mysql_target_001365
mysql_aflgo_r1,mysql,1,src/mysql-server/sql/sql_insert.cc:648:0:1,/src/mysql-server/sql/sql_insert.cc,648,648,9142,1,mysql_target_000593;mysql_target_001365
mysql_aflgo_r1,mysql,1,src/mysql-server/sql/sql_insert.cc:656:0:0,/src/mysql-server/sql/sql_insert.cc,656,656,0,0,mysql_target_000593;mysql_target_001365
mysql_aflgo_r1,mysql,1,src/mysql-server/sql/sql_insert.cc:656:0:1,/src/mysql-server/sql/sql_insert.cc,656,656,9142,1,mysql_target_000593;mysql_target_001365
mysql_aflgo_r1,mysql,1,src/mysql-server/sql/sql_insert.cc:658:0:0,/src/mysql-server/sql/sql_insert.cc,658,658,0,0,mysql_target_000593;mysql_target_001365
mysql_aflgo_r1,mysql,1,src/mysql-server/sql/sql_insert.cc:658:0:1,/src/mysql-server/sql/sql_insert.cc,658,658,9142,1,mysql_target_000593;mysql_target_001365
mysql_aflgo_r1,mysql,1,src/mysql-server/sql/sql_insert.cc:663:0:0,/src/mysql-server/sql/sql_insert.cc,663,663,0,0,mysql_target_000593;mysql_target_001365
mysql_aflgo_r1,mysql,1,src/mysql-server/sql/sql_insert.cc:663:0:1,/src/mysql-server/sql/sql_insert.cc,663,663,9142,1,mysql_target_000593;mysql_target_001365
mysql_aflgo_r1,mysql,1,src/mysql-server/sql/sql_insert.cc:664:0:0,/src/mysql-server/sql/sql_insert.cc,664,664,0,0,mysql_target_000593;mysql_target_001365
mysql_aflgo_r1,mysql,1,src/mysql-server/sql/sql_insert.cc:664:0:1,/src/mysql-server/sql/sql_insert.cc,664,664,0,0,mysql_target_000593;mysql_target_001365
mysql_aflgo_r1,mysql,1,src/mysql-server/sql/sql_insert.cc:672:0:0,/src/mysql-server/sql/sql_insert.cc,672,672,9142,1,mysql_target_000593;mysql_target_001365
mysql_aflgo_r1,mysql,1,src/mysql-server/sql/sql_insert.cc:672:0:1,/src/mysql-server/sql/sql_insert.cc,672,672,0,0,mysql_target_000593;mysql_target_001365
mysql_aflgo_r1,mysql,1,src/mysql-server/sql/sql_insert.cc:673:0:0,/src/mysql-server/sql/sql_insert.cc,673,673,0,0,mysql_target_000593;mysql_target_001365
mysql_aflgo_r1,mysql,1,src/mysql-server/sql/sql_insert.cc:673:0:1,/src/mysql-server/sql/sql_insert.cc,673,673,9142,1,mysql_target_000593;mysql_target_001365
mysql_aflgo_r1,mysql,1,src/mysql-server/sql/sql_insert.cc:675:0:0,/src/mysql-server/sql/sql_insert.cc,675,675,0,0,mysql_target_000593;mysql_target_001365
mysql_aflgo_r1,mysql,1,src/mysql-server/sql/sql_insert.cc:675:0:1,/src/mysql-server/sql/sql_insert.cc,675,675,0,0,mysql_target_000593;mysql_target_001365
mysql_aflgo_r1,mysql,1,src/mysql-server/sql/sql_insert.cc:684:0:0,/src/mysql-server/sql/sql_insert.cc,684,684,0,0,mysql_target_000593;mysql_target_001365
mysql_aflgo_r1,mysql,1,src/mysql-server/sql/sql_insert.cc:684:0:1,/src/mysql-server/sql/sql_insert.cc,684,684,9142,1,mysql_target_000593;mysql_target_001365
mysql_aflgo_r1,mysql,1,src/mysql-server/sql/sql_insert.cc:705:0:0,/src/mysql-server/sql/sql_insert.cc,705,705,3790,1,mysql_target_000593;mysql_target_001365
mysql_aflgo_r1,mysql,1,src/mysql-server/sql/sql_insert.cc:705:0:1,/src/mysql-server/sql/sql_insert.cc,705,705,5239,1,mysql_target_000593;mysql_target_001365
mysql_aflgo_r1,mysql,1,src/mysql-server/sql/sql_insert.cc:710:0:0,/src/mysql-server/sql/sql_insert.cc,710,710,0,0,mysql_target_000593;mysql_target_001365
mysql_aflgo_r1,mysql,1,src/mysql-server/sql/sql_insert.cc:710:0:1,/src/mysql-server/sql/sql_insert.cc,710,710,9029,1,mysql_target_000593;mysql_target_001365
mysql_aflgo_r1,mysql,1,src/mysql-server/sql/sql_insert.cc:710:1:2,/src/mysql-server/sql/sql_insert.cc,710,710,0,0,mysql_target_000593;mysql_target_001365
mysql_aflgo_r1,mysql,1,src/mysql-server/sql/sql_insert.cc:710:1:3,/src/mysql-server/sql/sql_insert.cc,710,710,0,0,mysql_target_000593;mysql_target_001365
mysql_aflgo_r1,mysql,1,src/mysql-server/sql/sql_insert.cc:713:0:0,/src/mysql-server/sql/sql_insert.cc,713,713,0,0,mysql_target_000593;mysql_target_001365
mysql_aflgo_r1,mysql,1,src/mysql-server/sql/sql_insert.cc:713:0:1,/src/mysql-server/sql/sql_insert.cc,713,713,0,0,mysql_target_000593;mysql_target_001365
mysql_aflgo_r1,mysql,1,src/mysql-server/sql/sql_insert.cc:724:0:0,/src/mysql-server/sql/sql_insert.cc,724,724,9029,1,mysql_target_000593;mysql_target_001365
mysql_aflgo_r1,mysql,1,src/mysql-server/sql/sql_insert.cc:724:0:1,/src/mysql-server/sql/sql_insert.cc,724,724,0,0,mysql_target_000593;mysql_target_001365
mysql_aflgo_r1,mysql,1,src/mysql-server/sql/sql_insert.cc:724:1:2,/src/mysql-server/sql/sql_insert.cc,724,724,0,0,mysql_target_000593;mysql_target_001365
mysql_aflgo_r1,mysql,1,src/mysql-server/sql/sql_insert.cc:724:1:3,/src/mysql-server/sql/sql_insert.cc,724,724,0,0,mysql_target_000593;mysql_target_001365
mysql_aflgo_r1,mysql,1,src/mysql-server/sql/sql_insert.cc:724:2:4,/src/mysql-server/sql/sql_insert.cc,724,724,0,0,mysql_target_000593;mysql_target_001365
mysql_aflgo_r1,mysql,1,src/mysql-server/sql/sql_insert.cc:724:2:5,/src/mysql-server/sql/sql_insert.cc,724,724,0,0,mysql_target_000593;mysql_target_001365
mysql_aflgo_r1,mysql,1,src/mysql-server/sql/sql_insert.cc:726:0:0,/src/mysql-server/sql/sql_insert.cc,726,726,9029,1,mysql_target_000593;mysql_target_001365
mysql_aflgo_r1,mysql,1,src/mysql-server/sql/sql_insert.cc:726:0:1,/src/mysql-server/sql/sql_insert.cc,726,726,0,0,mysql_target_000593;mysql_target_001365
mysql_aflgo_r1,mysql,1,src/mysql-server/sql/sql_insert.cc:727:0:0,/src/mysql-server/sql/sql_insert.cc,727,727,0,0,mysql_target_000593;mysql_target_001365
mysql_aflgo_r1,mysql,1,src/mysql-server/sql/sql_insert.cc:727:0:1,/src/mysql-server/sql/sql_insert.cc,727,727,0,0,mysql_target_000593;mysql_target_001365
mysql_aflgo_r1,mysql,1,src/mysql-server/sql/sql_insert.cc:728:0:0,/src/mysql-server/sql/sql_insert.cc,728,728,0,0,mysql_target_000593;mysql_target_001365
mysql_aflgo_r1,mysql,1,src/mysql-server/sql/sql_insert.cc:728:0:1,/src/mysql-server/sql/sql_insert.cc,728,728,9029,1,mysql_target_000593;mysql_target_001365
mysql_aflgo_r1,mysql,1,src/mysql-server/sql/sql_insert.cc:730:0:0,/src/mysql-server/sql/sql_insert.cc,730,730,0,0,mysql_target_000593;mysql_target_001365
mysql_aflgo_r1,mysql,1,src/mysql-server/sql/sql_insert.cc:730:0:1,/src/mysql-server/sql/sql_insert.cc,730,730,0,0,mysql_target_000593;mysql_target_001365
mysql_aflgo_r1,mysql,1,src/mysql-server/sql/sql_insert.cc:757:0:0,/src/mysql-server/sql/sql_insert.cc,757,757,0,0,mysql_target_000593;mysql_target_001365
mysql_aflgo_r1,mysql,1,src/mysql-server/sql/sql_insert.cc:757:0:1,/src/mysql-server/sql/sql_insert.cc,757,757,0,0,mysql_target_000593;mysql_target_001365
mysql_aflgo_r1,mysql,1,src/mysql-server/sql/sql_insert.cc:778:0:0,/src/mysql-server/sql/sql_insert.cc,778,778,13,1,mysql_target_000593;mysql_target_001365
mysql_aflgo_r1,mysql,1,src/mysql-server/sql/sql_insert.cc:778:0:1,/src/mysql-server/sql/sql_insert.cc,778,778,9016,1,mysql_target_000593;mysql_target_001365
mysql_aflgo_r1,mysql,1,src/mysql-server/sql/sql_insert.cc:780:0:0,/src/mysql-server/sql/sql_insert.cc,780,780,0,0,mysql_target_000593;mysql_target_001365
mysql_aflgo_r1,mysql,1,src/mysql-server/sql/sql_insert.cc:780:0:1,/src/mysql-server/sql/sql_insert.cc,780,780,9016,1,mysql_target_000593;mysql_target_001365
mysql_aflgo_r1,mysql,1,src/mysql-server/sql/sql_insert.cc:782:0:0,/src/mysql-server/sql/sql_insert.cc,782,782,1,1,mysql_target_000593;mysql_target_001365
mysql_aflgo_r1,mysql,1,src/mysql-server/sql/sql_insert.cc:782:0:1,/src/mysql-server/sql/sql_insert.cc,782,782,9015,1,mysql_target_000593;mysql_target_001365
mysql_aflgo_r1,mysql,1,src/mysql-server/sql/sql_insert.cc:782:1:2,/src/mysql-server/sql/sql_insert.cc,782,782,1,1,mysql_target_000593;mysql_target_001365
mysql_aflgo_r1,mysql,1,src/mysql-server/sql/sql_insert.cc:782:1:3,/src/mysql-server/sql/sql_insert.cc,782,782,0,0,mysql_target_000593;mysql_target_001365
mysql_aflgo_r1,mysql,1,src/mysql-server/sql/sql_insert.cc:791:0:0,/src/mysql-server/sql/sql_insert.cc,791,791,0,0,mysql_target_000593;mysql_target_001365
mysql_aflgo_r1,mysql,1,src/mysql-server/sql/sql_insert.cc:791:0:1,/src/mysql-server/sql/sql_insert.cc,791,791,9029,1,mysql_target_000593;mysql_target_001365
mysql_aflgo_r1,mysql,1,src/mysql-server/sql/sql_insert.cc:793:0:0,/src/mysql-server/sql/sql_insert.cc,793,793,8964,1,mysql_target_000593;mysql_target_001365
mysql_aflgo_r1,mysql,1,src/mysql-server/sql/sql_insert.cc:793:0:1,/src/mysql-server/sql/sql_insert.cc,793,793,65,1,mysql_target_000593;mysql_target_001365
mysql_aflgo_r1,mysql,1,src/mysql-server/sql/sql_insert.cc:794:0:0,/src/mysql-server/sql/sql_insert.cc,794,794,8964,1,mysql_target_000593;mysql_target_001365
mysql_aflgo_r1,mysql,1,src/mysql-server/sql/sql_insert.cc:794:0:1,/src/mysql-server/sql/sql_insert.cc,794,794,0,0,mysql_target_000593;mysql_target_001365
mysql_aflgo_r1,mysql,1,src/mysql-server/sql/sql_insert.cc:795:0:0,/src/mysql-server/sql/sql_insert.cc,795,795,0,0,mysql_target_000593;mysql_target_001365
mysql_aflgo_r1,mysql,1,src/mysql-server/sql/sql_insert.cc:795:0:1,/src/mysql-server/sql/sql_insert.cc,795,795,0,0,mysql_target_000593;mysql_target_001365
mysql_aflgo_r1,mysql,1,src/mysql-server/sql/sql_insert.cc:798:0:0,/src/mysql-server/sql/sql_insert.cc,798,798,0,0,mysql_target_000593;mysql_target_001365
mysql_aflgo_r1,mysql,1,src/mysql-server/sql/sql_insert.cc:798:0:1,/src/mysql-server/sql/sql_insert.cc,798,798,8964,1,mysql_target_000593;mysql_target_001365
mysql_aflgo_r1,mysql,1,src/mysql-server/sql/sql_insert.cc:805:0:0,/src/mysql-server/sql/sql_insert.cc,805,805,0,0,mysql_target_000593;mysql_target_001365
mysql_aflgo_r1,mysql,1,src/mysql-server/sql/sql_insert.cc:805:0:1,/src/mysql-server/sql/sql_insert.cc,805,805,65,1,mysql_target_000593;mysql_target_001365
mysql_aflgo_r1,mysql,1,src/mysql-server/sql/sql_insert.cc:808:0:0,/src/mysql-server/sql/sql_insert.cc,808,808,3,1,mysql_target_000593;mysql_target_001365
mysql_aflgo_r1,mysql,1,src/mysql-server/sql/sql_insert.cc:808:0:1,/src/mysql-server/sql/sql_insert.cc,808,808,62,1,mysql_target_000593;mysql_target_001365
mysql_aflgo_r1,mysql,1,src/mysql-server/sql/sql_insert.cc:826:0:0,/src/mysql-server/sql/sql_insert.cc,826,826,0,0,mysql_target_000593;mysql_target_001365
mysql_aflgo_r1,mysql,1,src/mysql-server/sql/sql_insert.cc:826:0:1,/src/mysql-server/sql/sql_insert.cc,826,826,9029,1,mysql_target_000593;mysql_target_001365
mysql_aflgo_r1,mysql,1,src/mysql-server/sql/sql_insert.cc:826:1:2,/src/mysql-server/sql/sql_insert.cc,826,826,0,0,mysql_target_000593;mysql_target_001365
mysql_aflgo_r1,mysql,1,src/mysql-server/sql/sql_insert.cc:826:1:3,/src/mysql-server/sql/sql_insert.cc,826,826,0,0,mysql_target_000593;mysql_target_001365
mysql_aflgo_r1,mysql,1,src/mysql-server/sql/sql_insert.cc:1095:0:0,/src/mysql-server/sql/sql_insert.cc,1095,1095,0,0,mysql_target_000586;mysql_target_001354
mysql_aflgo_r1,mysql,1,src/mysql-server/sql/sql_insert.cc:1095:0:1,/src/mysql-server/sql/sql_insert.cc,1095,1095,9040,1,mysql_target_000586;mysql_target_001354
mysql_aflgo_r1,mysql,1,src/mysql-server/sql/sql_insert.cc:1098:0:0,/src/mysql-server/sql/sql_insert.cc,1098,1098,0,0,mysql_target_000586;mysql_target_001354
mysql_aflgo_r1,mysql,1,src/mysql-server/sql/sql_insert.cc:1098:0:1,/src/mysql-server/sql/sql_insert.cc,1098,1098,9040,1,mysql_target_000586;mysql_target_001354
mysql_aflgo_r1,mysql,1,src/mysql-server/sql/sql_insert.cc:1100:0:0,/src/mysql-server/sql/sql_insert.cc,1100,1100,0,0,mysql_target_000586;mysql_target_001354
mysql_aflgo_r1,mysql,1,src/mysql-server/sql/sql_insert.cc:1100:0:1,/src/mysql-server/sql/sql_insert.cc,1100,1100,0,0,mysql_target_000586;mysql_target_001354
mysql_aflgo_r1,mysql,1,src/mysql-server/sql/sql_insert.cc:1102:0:0,/src/mysql-server/sql/sql_insert.cc,1102,1102,0,0,mysql_target_000586;mysql_target_001354
mysql_aflgo_r1,mysql,1,src/mysql-server/sql/sql_insert.cc:1102:0:1,/src/mysql-server/sql/sql_insert.cc,1102,1102,0,0,mysql_target_000586;mysql_target_001354
mysql_aflgo_r1,mysql,1,src/mysql-server/sql/sql_insert.cc:1110:0:0,/src/mysql-server/sql/sql_insert.cc,1110,1110,0,0,mysql_target_000586;mysql_target_001354
mysql_aflgo_r1,mysql,1,src/mysql-server/sql/sql_insert.cc:1110:0:1,/src/mysql-server/sql/sql_insert.cc,1110,1110,0,0,mysql_target_000586;mysql_target_001354
mysql_aflgo_r1,mysql,1,src/mysql-server/sql/sql_insert.cc:1111:0:0,/src/mysql-server/sql/sql_insert.cc,1111,1111,0,0,mysql_target_000586;mysql_target_001354
mysql_aflgo_r1,mysql,1,src/mysql-server/sql/sql_insert.cc:1111:0:1,/src/mysql-server/sql/sql_insert.cc,1111,1111,0,0,mysql_target_000586;mysql_target_001354
mysql_aflgo_r1,mysql,1,src/mysql-server/sql/sql_insert.cc:1113:0:0,/src/mysql-server/sql/sql_insert.cc,1113,1113,0,0,mysql_target_000586;mysql_target_001354
mysql_aflgo_r1,mysql,1,src/mysql-server/sql/sql_insert.cc:1113:0:1,/src/mysql-server/sql/sql_insert.cc,1113,1113,0,0,mysql_target_000586;mysql_target_001354
mysql_aflgo_r1,mysql,1,src/mysql-server/sql/sql_insert.cc:1118:0:0,/src/mysql-server/sql/sql_insert.cc,1118,1118,0,0,mysql_target_000586;mysql_target_001354
mysql_aflgo_r1,mysql,1,src/mysql-server/sql/sql_insert.cc:1118:0:1,/src/mysql-server/sql/sql_insert.cc,1118,1118,0,0,mysql_target_000586;mysql_target_001354
mysql_aflgo_r1,mysql,1,src/mysql-server/sql/sql_insert.cc:1118:1:2,/src/mysql-server/sql/sql_insert.cc,1118,1118,0,0,mysql_target_000586;mysql_target_001354
mysql_aflgo_r1,mysql,1,src/mysql-server/sql/sql_insert.cc:1118:1:3,/src/mysql-server/sql/sql_insert.cc,1118,1118,0,0,mysql_target_000586;mysql_target_001354
mysql_aflgo_r1,mysql,1,src/mysql-server/sql/sql_insert.cc:1119:0:0,/src/mysql-server/sql/sql_insert.cc,1119,1119,0,0,mysql_target_000586;mysql_target_001354
mysql_aflgo_r1,mysql,1,src/mysql-server/sql/sql_insert.cc:1119:0:1,/src/mysql-server/sql/sql_insert.cc,1119,1119,0,0,mysql_target_000586;mysql_target_001354
mysql_aflgo_r1,mysql,1,src/mysql-server/sql/sql_insert.cc:1122:0:0,/src/mysql-server/sql/sql_insert.cc,1122,1122,0,0,mysql_target_000586;mysql_target_001354
mysql_aflgo_r1,mysql,1,src/mysql-server/sql/sql_insert.cc:1122:0:1,/src/mysql-server/sql/sql_insert.cc,1122,1122,0,0,mysql_target_000586;mysql_target_001354
mysql_aflgo_r1,mysql,1,src/mysql-server/sql/sql_insert.cc:1124:0:0,/src/mysql-server/sql/sql_insert.cc,1124,1124,0,0,mysql_target_000586;mysql_target_001354
mysql_aflgo_r1,mysql,1,src/mysql-server/sql/sql_insert.cc:1124:0:1,/src/mysql-server/sql/sql_insert.cc,1124,1124,0,0,mysql_target_000586;mysql_target_001354
mysql_aflgo_r1,mysql,1,src/mysql-server/sql/sql_insert.cc:1142:0:0,/src/mysql-server/sql/sql_insert.cc,1142,1142,0,0,mysql_target_000586;mysql_target_001354
mysql_aflgo_r1,mysql,1,src/mysql-server/sql/sql_insert.cc:1142:0:1,/src/mysql-server/sql/sql_insert.cc,1142,1142,9040,1,mysql_target_000586;mysql_target_001354
mysql_aflgo_r1,mysql,1,src/mysql-server/sql/sql_insert.cc:1147:0:0,/src/mysql-server/sql/sql_insert.cc,1147,1147,0,0,mysql_target_000586;mysql_target_001354
mysql_aflgo_r1,mysql,1,src/mysql-server/sql/sql_insert.cc:1147:0:1,/src/mysql-server/sql/sql_insert.cc,1147,1147,9040,1,mysql_target_000586;mysql_target_001354
mysql_aflgo_r1,mysql,1,src/mysql-server/sql/sql_insert.cc:1147:1:2,/src/mysql-server/sql/sql_insert.cc,1147,1147,0,0,mysql_target_000586;mysql_target_001354
mysql_aflgo_r1,mysql,1,src/mysql-server/sql/sql_insert.cc:1147:1:3,/src/mysql-server/sql/sql_insert.cc,1147,1147,0,0,mysql_target_000586;mysql_target_001354
mysql_aflgo_r1,mysql,1,src/mysql-server/sql/sql_insert.cc:1148:0:0,/src/mysql-server/sql/sql_insert.cc,1148,1148,0,0,mysql_target_000586;mysql_target_001354
mysql_aflgo_r1,mysql,1,src/mysql-server/sql/sql_insert.cc:1148:0:1,/src/mysql-server/sql/sql_insert.cc,1148,1148,0,0,mysql_target_000586;mysql_target_001354
mysql_aflgo_r1,mysql,1,src/mysql-server/sql/sql_insert.cc:1149:0:0,/src/mysql-server/sql/sql_insert.cc,1149,1149,0,0,mysql_target_000586;mysql_target_001354
mysql_aflgo_r1,mysql,1,src/mysql-server/sql/sql_insert.cc:1149:0:1,/src/mysql-server/sql/sql_insert.cc,1149,1149,0,0,mysql_target_000586;mysql_target_001354
mysql_aflgo_r1,mysql,1,src/mysql-server/sql/sql_insert.cc:1154:0:0,/src/mysql-server/sql/sql_insert.cc,1154,1154,0,0,mysql_target_000586;mysql_target_001354
mysql_aflgo_r1,mysql,1,src/mysql-server/sql/sql_insert.cc:1154:0:1,/src/mysql-server/sql/sql_insert.cc,1154,1154,0,0,mysql_target_000586;mysql_target_001354
mysql_aflgo_r1,mysql,1,src/mysql-server/sql/sql_insert.cc:1158:0:0,/src/mysql-server/sql/sql_insert.cc,1158,1158,0,0,mysql_target_000586;mysql_target_001354
mysql_aflgo_r1,mysql,1,src/mysql-server/sql/sql_insert.cc:1158:0:1,/src/mysql-server/sql/sql_insert.cc,1158,1158,9040,1,mysql_target_000586;mysql_target_001354
mysql_aflgo_r1,mysql,1,src/mysql-server/sql/sql_insert.cc:1158:1:2,/src/mysql-server/sql/sql_insert.cc,1158,1158,0,0,mysql_target_000586;mysql_target_001354
mysql_aflgo_r1,mysql,1,src/mysql-server/sql/sql_insert.cc:1158:1:3,/src/mysql-server/sql/sql_insert.cc,1158,1158,0,0,mysql_target_000586;mysql_target_001354
mysql_aflgo_r1,mysql,1,src/mysql-server/sql/sql_insert.cc:1164:0:0,/src/mysql-server/sql/sql_insert.cc,1164,1164,0,0,mysql_target_000586;mysql_target_001354
mysql_aflgo_r1,mysql,1,src/mysql-server/sql/sql_insert.cc:1164:0:1,/src/mysql-server/sql/sql_insert.cc,1164,1164,9040,1,mysql_target_000586;mysql_target_001354
mysql_aflgo_r1,mysql,1,src/mysql-server/sql/sql_insert.cc:1166:0:0,/src/mysql-server/sql/sql_insert.cc,1166,1166,0,0,mysql_target_000586;mysql_target_001354
mysql_aflgo_r1,mysql,1,src/mysql-server/sql/sql_insert.cc:1166:0:1,/src/mysql-server/sql/sql_insert.cc,1166,1166,0,0,mysql_target_000586;mysql_target_001354
mysql_aflgo_r1,mysql,1,src/mysql-server/sql/sql_insert.cc:1185:0:0,/src/mysql-server/sql/sql_insert.cc,1185,1185,9040,1,mysql_target_000586;mysql_target_001354
mysql_aflgo_r1,mysql,1,src/mysql-server/sql/sql_insert.cc:1185:0:1,/src/mysql-server/sql/sql_insert.cc,1185,1185,0,0,mysql_target_000586;mysql_target_001354
mysql_aflgo_r1,mysql,1,src/mysql-server/sql/sql_insert.cc:1186:0:0,/src/mysql-server/sql/sql_insert.cc,1186,1186,0,0,mysql_target_000586;mysql_target_001354
mysql_aflgo_r1,mysql,1,src/mysql-server/sql/sql_insert.cc:1186:0:1,/src/mysql-server/sql/sql_insert.cc,1186,1186,9040,1,mysql_target_000586;mysql_target_001354
mysql_aflgo_r1,mysql,1,src/mysql-server/sql/sql_insert.cc:1189:0:0,/src/mysql-server/sql/sql_insert.cc,1189,1189,5237,1,mysql_target_000586;mysql_target_001354;mysql_target_001355
mysql_aflgo_r1,mysql,1,src/mysql-server/sql/sql_insert.cc:1189:0:1,/src/mysql-server/sql/sql_insert.cc,1189,1189,3803,1,mysql_target_000586;mysql_target_001354;mysql_target_001355
mysql_aflgo_r1,mysql,1,src/mysql-server/sql/sql_insert.cc:1190:0:0,/src/mysql-server/sql/sql_insert.cc,1190,1190,0,0,mysql_target_000586;mysql_target_001354;mysql_target_001355
mysql_aflgo_r1,mysql,1,src/mysql-server/sql/sql_insert.cc:1190:0:1,/src/mysql-server/sql/sql_insert.cc,1190,1190,9040,1,mysql_target_000586;mysql_target_001354;mysql_target_001355
mysql_aflgo_r1,mysql,1,src/mysql-server/sql/sql_insert.cc:1199:0:0,/src/mysql-server/sql/sql_insert.cc,1199,1199,9142,1,mysql_target_000586;mysql_target_001354
mysql_aflgo_r1,mysql,1,src/mysql-server/sql/sql_insert.cc:1199:0:1,/src/mysql-server/sql/sql_insert.cc,1199,1199,9040,1,mysql_target_000586;mysql_target_001354
mysql_aflgo_r1,mysql,1,src/mysql-server/sql/sql_insert.cc:1205:0:0,/src/mysql-server/sql/sql_insert.cc,1205,1205,0,0,mysql_target_000586;mysql_target_001354
mysql_aflgo_r1,mysql,1,src/mysql-server/sql/sql_insert.cc:1205:0:1,/src/mysql-server/sql/sql_insert.cc,1205,1205,9142,1,mysql_target_000586;mysql_target_001354
mysql_aflgo_r1,mysql,1,src/mysql-server/sql/sql_insert.cc:1206:0:0,/src/mysql-server/sql/sql_insert.cc,1206,1206,0,0,mysql_target_000586;mysql_target_001354
mysql_aflgo_r1,mysql,1,src/mysql-server/sql/sql_insert.cc:1206:0:1,/src/mysql-server/sql/sql_insert.cc,1206,1206,0,0,mysql_target_000586;mysql_target_001354
mysql_aflgo_r1,mysql,1,src/mysql-server/sql/sql_insert.cc:1206:1:2,/src/mysql-server/sql/sql_insert.cc,1206,1206,0,0,mysql_target_000586;mysql_target_001354
mysql_aflgo_r1,mysql,1,src/mysql-server/sql/sql_insert.cc:1206:1:3,/src/mysql-server/sql/sql_insert.cc,1206,1206,0,0,mysql_target_000586;mysql_target_001354
mysql_aflgo_r1,mysql,1,src/mysql-server/sql/sql_insert.cc:1212:0:0,/src/mysql-server/sql/sql_insert.cc,1212,1212,113,1,mysql_target_000586;mysql_target_001354
mysql_aflgo_r1,mysql,1,src/mysql-server/sql/sql_insert.cc:1212:0:1,/src/mysql-server/sql/sql_insert.cc,1212,1212,9029,1,mysql_target_000586;mysql_target_001354
mysql_aflgo_r1,mysql,1,src/mysql-server/sql/sql_insert.cc:1212:1:2,/src/mysql-server/sql/sql_insert.cc,1212,1212,0,0,mysql_target_000586;mysql_target_001354
mysql_aflgo_r1,mysql,1,src/mysql-server/sql/sql_insert.cc:1212:1:3,/src/mysql-server/sql/sql_insert.cc,1212,1212,113,1,mysql_target_000586;mysql_target_001354
mysql_aflgo_r1,mysql,1,src/mysql-server/sql/sql_insert.cc:1224:0:0,/src/mysql-server/sql/sql_insert.cc,1224,1224,0,0,mysql_target_000586;mysql_target_001354
mysql_aflgo_r1,mysql,1,src/mysql-server/sql/sql_insert.cc:1224:0:1,/src/mysql-server/sql/sql_insert.cc,1224,1224,9142,1,mysql_target_000586;mysql_target_001354
mysql_aflgo_r1,mysql,1,src/mysql-server/sql/sql_insert.cc:1227:0:0,/src/mysql-server/sql/sql_insert.cc,1227,1227,0,0,mysql_target_000586;mysql_target_001354
mysql_aflgo_r1,mysql,1,src/mysql-server/sql/sql_insert.cc:1227:0:1,/src/mysql-server/sql/sql_insert.cc,1227,1227,9142,1,mysql_target_000586;mysql_target_001354
mysql_aflgo_r1,mysql,1,src/mysql-server/sql/sql_insert.cc:1234:0:0,/src/mysql-server/sql/sql_insert.cc,1234,1234,47806,1,mysql_target_000586;mysql_target_001354
mysql_aflgo_r1,mysql,1,src/mysql-server/sql/sql_insert.cc:1234:0:1,/src/mysql-server/sql/sql_insert.cc,1234,1234,9142,1,mysql_target_000586;mysql_target_001354
mysql_aflgo_r1,mysql,1,src/mysql-server/sql/sql_insert.cc:1235:0:0,/src/mysql-server/sql/sql_insert.cc,1235,1235,5,1,mysql_target_000586;mysql_target_001354
mysql_aflgo_r1,mysql,1,src/mysql-server/sql/sql_insert.cc:1235:0:1,/src/mysql-server/sql/sql_insert.cc,1235,1235,47801,1,mysql_target_000586;mysql_target_001354
mysql_aflgo_r1,mysql,1,src/mysql-server/sql/sql_insert.cc:1237:0:0,/src/mysql-server/sql/sql_insert.cc,1237,1237,0,0,mysql_target_000586;mysql_target_001354
mysql_aflgo_r1,mysql,1,src/mysql-server/sql/sql_insert.cc:1237:0:1,/src/mysql-server/sql/sql_insert.cc,1237,1237,9142,1,mysql_target_000586;mysql_target_001354
mysql_aflgo_r1,mysql,1,src/mysql-server/sql/sql_insert.cc:1241:0:0,/src/mysql-server/sql/sql_insert.cc,1241,1241,0,0,mysql_target_000586;mysql_target_001354
mysql_aflgo_r1,mysql,1,src/mysql-server/sql/sql_insert.cc:1241:0:1,/src/mysql-server/sql/sql_insert.cc,1241,1241,9142,1,mysql_target_000586;mysql_target_001354
mysql_aflgo_r1,mysql,1,src/mysql-server/sql/sql_insert.cc:1244:0:0,/src/mysql-server/sql/sql_insert.cc,1244,1244,52,1,mysql_target_000586;mysql_target_001354
mysql_aflgo_r1,mysql,1,src/mysql-server/sql/sql_insert.cc:1244:0:1,/src/mysql-server/sql/sql_insert.cc,1244,1244,9090,1,mysql_target_000586;mysql_target_001354
mysql_aflgo_r1,mysql,1,src/mysql-server/sql/sql_insert.cc:1245:0:0,/src/mysql-server/sql/sql_insert.cc,1245,1245,0,0,mysql_target_000586;mysql_target_001354
mysql_aflgo_r1,mysql,1,src/mysql-server/sql/sql_insert.cc:1245:0:1,/src/mysql-server/sql/sql_insert.cc,1245,1245,9090,1,mysql_target_000586;mysql_target_001354
mysql_aflgo_r1,mysql,1,src/mysql-server/sql/sql_insert.cc:1246:0:0,/src/mysql-server/sql/sql_insert.cc,1246,1246,0,0,mysql_target_000586;mysql_target_001354
mysql_aflgo_r1,mysql,1,src/mysql-server/sql/sql_insert.cc:1246:0:1,/src/mysql-server/sql/sql_insert.cc,1246,1246,52,1,mysql_target_000586;mysql_target_001354
mysql_aflgo_r1,mysql,1,src/mysql-server/sql/sql_insert.cc:1249:0:0,/src/mysql-server/sql/sql_insert.cc,1249,1249,0,0,mysql_target_000586;mysql_target_001354
mysql_aflgo_r1,mysql,1,src/mysql-server/sql/sql_insert.cc:1249:0:1,/src/mysql-server/sql/sql_insert.cc,1249,1249,9040,1,mysql_target_000586;mysql_target_001354
mysql_aflgo_r1,mysql,1,src/mysql-server/sql/sql_insert.cc:1266:0:0,/src/mysql-server/sql/sql_insert.cc,1266,1266,0,0,mysql_target_000586;mysql_target_001354
mysql_aflgo_r1,mysql,1,src/mysql-server/sql/sql_insert.cc:1266:0:1,/src/mysql-server/sql/sql_insert.cc,1266,1266,9040,1,mysql_target_000586;mysql_target_001354
mysql_aflgo_r1,mysql,1,src/mysql-server/sql/sql_insert.cc:1266:1:2,/src/mysql-server/sql/sql_insert.cc,1266,1266,49,1,mysql_target_000586;mysql_target_001354
mysql_aflgo_r1,mysql,1,src/mysql-server/sql/sql_insert.cc:1266:1:3,/src/mysql-server/sql/sql_insert.cc,1266,1266,8991,1,mysql_target_000586;mysql_target_001354
mysql_aflgo_r1,mysql,1,src/mysql-server/sql/sql_insert.cc:1267:0:0,/src/mysql-server/sql/sql_insert.cc,1267,1267,0,0,mysql_target_000586;mysql_target_001354
mysql_aflgo_r1,mysql,1,src/mysql-server/sql/sql_insert.cc:1267:0:1,/src/mysql-server/sql/sql_insert.cc,1267,1267,49,1,mysql_target_000586;mysql_target_001354
mysql_aflgo_r1,mysql,1,src/mysql-server/sql/sql_insert.cc:1267:1:2,/src/mysql-server/sql/sql_insert.cc,1267,1267,49,1,mysql_target_000586;mysql_target_001354
mysql_aflgo_r1,mysql,1,src/mysql-server/sql/sql_insert.cc:1267:1:3,/src/mysql-server/sql/sql_insert.cc,1267,1267,0,0,mysql_target_000586;mysql_target_001354
mysql_aflgo_r1,mysql,1,src/mysql-server/sql/sql_insert.cc:1271:0:0,/src/mysql-server/sql/sql_insert.cc,1271,1271,0,0,mysql_target_000586;mysql_target_001354
mysql_aflgo_r1,mysql,1,src/mysql-server/sql/sql_insert.cc:1271:0:1,/src/mysql-server/sql/sql_insert.cc,1271,1271,9040,1,mysql_target_000586;mysql_target_001354
mysql_aflgo_r1,mysql,1,src/mysql-server/sql/sql_insert.cc:1278:0:0,/src/mysql-server/sql/sql_insert.cc,1278,1278,0,0,mysql_target_000586;mysql_target_001354
mysql_aflgo_r1,mysql,1,src/mysql-server/sql/sql_insert.cc:1278:0:1,/src/mysql-server/sql/sql_insert.cc,1278,1278,9040,1,mysql_target_000586;mysql_target_001354
mysql_aflgo_r1,mysql,1,src/mysql-server/sql/sql_insert.cc:1278:1:2,/src/mysql-server/sql/sql_insert.cc,1278,1278,0,0,mysql_target_000586;mysql_target_001354
mysql_aflgo_r1,mysql,1,src/mysql-server/sql/sql_insert.cc:1278:1:3,/src/mysql-server/sql/sql_insert.cc,1278,1278,0,0,mysql_target_000586;mysql_target_001354
mysql_aflgo_r1,mysql,1,src/mysql-server/sql/sql_insert.cc:1279:0:0,/src/mysql-server/sql/sql_insert.cc,1279,1279,0,0,mysql_target_000586;mysql_target_001354
mysql_aflgo_r1,mysql,1,src/mysql-server/sql/sql_insert.cc:1279:0:1,/src/mysql-server/sql/sql_insert.cc,1279,1279,0,0,mysql_target_000586;mysql_target_001354
mysql_aflgo_r1,mysql,1,src/mysql-server/sql/sql_insert.cc:1282:0:0,/src/mysql-server/sql/sql_insert.cc,1282,1282,0,0,mysql_target_000586;mysql_target_001354
mysql_aflgo_r1,mysql,1,src/mysql-server/sql/sql_insert.cc:1282:0:1,/src/mysql-server/sql/sql_insert.cc,1282,1282,9040,1,mysql_target_000586;mysql_target_001354
mysql_aflgo_r1,mysql,1,src/mysql-server/sql/sql_insert.cc:1284:0:0,/src/mysql-server/sql/sql_insert.cc,1284,1284,0,0,mysql_target_000586;mysql_target_001354
mysql_aflgo_r1,mysql,1,src/mysql-server/sql/sql_insert.cc:1284:0:1,/src/mysql-server/sql/sql_insert.cc,1284,1284,0,0,mysql_target_000586;mysql_target_001354
mysql_aflgo_r1,mysql,1,src/mysql-server/sql/sql_insert.cc:1290:0:0,/src/mysql-server/sql/sql_insert.cc,1290,1290,0,0,mysql_target_000586;mysql_target_001354
mysql_aflgo_r1,mysql,1,src/mysql-server/sql/sql_insert.cc:1290:0:1,/src/mysql-server/sql/sql_insert.cc,1290,1290,0,0,mysql_target_000586;mysql_target_001354
mysql_aflgo_r1,mysql,1,src/mysql-server/sql/sql_insert.cc:1293:0:0,/src/mysql-server/sql/sql_insert.cc,1293,1293,0,0,mysql_target_000586;mysql_target_001354
mysql_aflgo_r1,mysql,1,src/mysql-server/sql/sql_insert.cc:1293:0:1,/src/mysql-server/sql/sql_insert.cc,1293,1293,9040,1,mysql_target_000586;mysql_target_001354
mysql_aflgo_r1,mysql,1,src/mysql-server/sql/sql_insert.cc:1296:0:0,/src/mysql-server/sql/sql_insert.cc,1296,1296,0,0,mysql_target_000586;mysql_target_001354
mysql_aflgo_r1,mysql,1,src/mysql-server/sql/sql_insert.cc:1296:0:1,/src/mysql-server/sql/sql_insert.cc,1296,1296,0,0,mysql_target_000586;mysql_target_001354
mysql_aflgo_r1,mysql,1,src/mysql-server/sql/sql_insert.cc:1299:0:0,/src/mysql-server/sql/sql_insert.cc,1299,1299,0,0,mysql_target_000586;mysql_target_001354
mysql_aflgo_r1,mysql,1,src/mysql-server/sql/sql_insert.cc:1299:0:1,/src/mysql-server/sql/sql_insert.cc,1299,1299,0,0,mysql_target_000586;mysql_target_001354
mysql_aflgo_r1,mysql,1,src/mysql-server/sql/sql_insert.cc:1299:1:2,/src/mysql-server/sql/sql_insert.cc,1299,1299,0,0,mysql_target_000586;mysql_target_001354
mysql_aflgo_r1,mysql,1,src/mysql-server/sql/sql_insert.cc:1299:1:3,/src/mysql-server/sql/sql_insert.cc,1299,1299,0,0,mysql_target_000586;mysql_target_001354
mysql_aflgo_r1,mysql,1,src/mysql-server/sql/sql_insert.cc:1345:0:0,/src/mysql-server/sql/sql_insert.cc,1345,1345,9029,1,mysql_target_000586;mysql_target_001354
mysql_aflgo_r1,mysql,1,src/mysql-server/sql/sql_insert.cc:1345:0:1,/src/mysql-server/sql/sql_insert.cc,1345,1345,11,1,mysql_target_000586;mysql_target_001354
mysql_aflgo_r1,mysql,1,src/mysql-server/sql/sql_insert.cc:1349:0:0,/src/mysql-server/sql/sql_insert.cc,1349,1349,0,0,mysql_target_000586;mysql_target_001354
mysql_aflgo_r1,mysql,1,src/mysql-server/sql/sql_insert.cc:1349:0:1,/src/mysql-server/sql/sql_insert.cc,1349,1349,9029,1,mysql_target_000586;mysql_target_001354
mysql_aflgo_r1,mysql,1,src/mysql-server/sql/sql_insert.cc:1362:0:0,/src/mysql-server/sql/sql_insert.cc,1362,1362,11,1,mysql_target_000586;mysql_target_001354
mysql_aflgo_r1,mysql,1,src/mysql-server/sql/sql_insert.cc:1362:0:1,/src/mysql-server/sql/sql_insert.cc,1362,1362,0,0,mysql_target_000586;mysql_target_001354
mysql_aflgo_r1,mysql,1,src/mysql-server/sql/sql_insert.cc:1363:0:0,/src/mysql-server/sql/sql_insert.cc,1363,1363,11,1,mysql_target_000586;mysql_target_001354
mysql_aflgo_r1,mysql,1,src/mysql-server/sql/sql_insert.cc:1363:0:1,/src/mysql-server/sql/sql_insert.cc,1363,1363,0,0,mysql_target_000586;mysql_target_001354
mysql_aflgo_r1,mysql,1,src/mysql-server/sql/sql_insert.cc:1375:0:0,/src/mysql-server/sql/sql_insert.cc,1375,1375,11,1,mysql_target_000586;mysql_target_001354
mysql_aflgo_r1,mysql,1,src/mysql-server/sql/sql_insert.cc:1375:0:1,/src/mysql-server/sql/sql_insert.cc,1375,1375,0,0,mysql_target_000586;mysql_target_001354
mysql_aflgo_r1,mysql,1,src/mysql-server/sql/sql_insert.cc:1375:1:2,/src/mysql-server/sql/sql_insert.cc,1375,1375,0,0,mysql_target_000586;mysql_target_001354
mysql_aflgo_r1,mysql,1,src/mysql-server/sql/sql_insert.cc:1375:1:3,/src/mysql-server/sql/sql_insert.cc,1375,1375,11,1,mysql_target_000586;mysql_target_001354
mysql_aflgo_r1,mysql,1,src/mysql-server/sql/sql_insert.cc:1378:0:0,/src/mysql-server/sql/sql_insert.cc,1378,1378,11,1,mysql_target_000586;mysql_target_001354
mysql_aflgo_r1,mysql,1,src/mysql-server/sql/sql_insert.cc:1378:0:1,/src/mysql-server/sql/sql_insert.cc,1378,1378,0,0,mysql_target_000586;mysql_target_001354
mysql_aflgo_r1,mysql,1,src/mysql-server/sql/sql_insert.cc:1378:1:2,/src/mysql-server/sql/sql_insert.cc,1378,1378,0,0,mysql_target_000586;mysql_target_001354
mysql_aflgo_r1,mysql,1,src/mysql-server/sql/sql_insert.cc:1378:1:3,/src/mysql-server/sql/sql_insert.cc,1378,1378,11,1,mysql_target_000586;mysql_target_001354
mysql_aflgo_r1,mysql,1,src/mysql-server/sql/sql_insert.cc:1381:0:0,/src/mysql-server/sql/sql_insert.cc,1381,1381,0,0,mysql_target_000586;mysql_target_001354
mysql_aflgo_r1,mysql,1,src/mysql-server/sql/sql_insert.cc:1381:0:1,/src/mysql-server/sql/sql_insert.cc,1381,1381,11,1,mysql_target_000586;mysql_target_001354
mysql_aflgo_r1,mysql,1,src/mysql-server/sql/sql_insert.cc:1387:0:0,/src/mysql-server/sql/sql_insert.cc,1387,1387,0,0,mysql_target_000586;mysql_target_001354
mysql_aflgo_r1,mysql,1,src/mysql-server/sql/sql_insert.cc:1387:0:1,/src/mysql-server/sql/sql_insert.cc,1387,1387,11,1,mysql_target_000586;mysql_target_001354
mysql_aflgo_r1,mysql,1,src/mysql-server/sql/sql_insert.cc:1389:0:0,/src/mysql-server/sql/sql_insert.cc,1389,1389,0,0,mysql_target_000586;mysql_target_001354
mysql_aflgo_r1,mysql,1,src/mysql-server/sql/sql_insert.cc:1389:0:1,/src/mysql-server/sql/sql_insert.cc,1389,1389,11,1,mysql_target_000586;mysql_target_001354
mysql_aflgo_r1,mysql,1,src/mysql-server/sql/sql_insert.cc:1394:0:0,/src/mysql-server/sql/sql_insert.cc,1394,1394,0,0,mysql_target_000586;mysql_target_001354
mysql_aflgo_r1,mysql,1,src/mysql-server/sql/sql_insert.cc:1394:0:1,/src/mysql-server/sql/sql_insert.cc,1394,1394,0,0,mysql_target_000586;mysql_target_001354
mysql_aflgo_r1,mysql,1,src/mysql-server/sql/sql_insert.cc:1394:1:2,/src/mysql-server/sql/sql_insert.cc,1394,1394,0,0,mysql_target_000586;mysql_target_001354
mysql_aflgo_r1,mysql,1,src/mysql-server/sql/sql_insert.cc:1394:1:3,/src/mysql-server/sql/sql_insert.cc,1394,1394,0,0,mysql_target_000586;mysql_target_001354
mysql_aflgo_r1,mysql,1,src/mysql-server/sql/sql_insert.cc:1409:0:0,/src/mysql-server/sql/sql_insert.cc,1409,1409,0,0,mysql_target_000586;mysql_target_001354
mysql_aflgo_r1,mysql,1,src/mysql-server/sql/sql_insert.cc:1409:0:1,/src/mysql-server/sql/sql_insert.cc,1409,1409,11,1,mysql_target_000586;mysql_target_001354
mysql_aflgo_r1,mysql,1,src/mysql-server/sql/sql_insert.cc:1413:0:0,/src/mysql-server/sql/sql_insert.cc,1413,1413,0,0,mysql_target_000586;mysql_target_001354
mysql_aflgo_r1,mysql,1,src/mysql-server/sql/sql_insert.cc:1413:0:1,/src/mysql-server/sql/sql_insert.cc,1413,1413,11,1,mysql_target_000586;mysql_target_001354
mysql_aflgo_r1,mysql,1,src/mysql-server/sql/sql_insert.cc:1423:0:0,/src/mysql-server/sql/sql_insert.cc,1423,1423,0,0,mysql_target_000586;mysql_target_001354
mysql_aflgo_r1,mysql,1,src/mysql-server/sql/sql_insert.cc:1423:0:1,/src/mysql-server/sql/sql_insert.cc,1423,1423,11,1,mysql_target_000586;mysql_target_001354
mysql_aflgo_r1,mysql,1,src/mysql-server/sql/sql_insert.cc:1428:0:0,/src/mysql-server/sql/sql_insert.cc,1428,1428,11,1,mysql_target_000586;mysql_target_001354
mysql_aflgo_r1,mysql,1,src/mysql-server/sql/sql_insert.cc:1428:0:1,/src/mysql-server/sql/sql_insert.cc,1428,1428,0,0,mysql_target_000586;mysql_target_001354
mysql_aflgo_r1,mysql,1,src/mysql-server/sql/sql_insert.cc:1428:1:2,/src/mysql-server/sql/sql_insert.cc,1428,1428,0,0,mysql_target_000586;mysql_target_001354
mysql_aflgo_r1,mysql,1,src/mysql-server/sql/sql_insert.cc:1428:1:3,/src/mysql-server/sql/sql_insert.cc,1428,1428,0,0,mysql_target_000586;mysql_target_001354
mysql_aflgo_r1,mysql,1,src/mysql-server/sql/sql_insert.cc:1429:0:0,/src/mysql-server/sql/sql_insert.cc,1429,1429,0,0,mysql_target_000586;mysql_target_001354
mysql_aflgo_r1,mysql,1,src/mysql-server/sql/sql_insert.cc:1429:0:1,/src/mysql-server/sql/sql_insert.cc,1429,1429,11,1,mysql_target_000586;mysql_target_001354
mysql_aflgo_r1,mysql,1,src/mysql-server/sql/sql_insert.cc:1437:0:0,/src/mysql-server/sql/sql_insert.cc,1437,1437,0,0,mysql_target_000586;mysql_target_001354
mysql_aflgo_r1,mysql,1,src/mysql-server/sql/sql_insert.cc:1437:0:1,/src/mysql-server/sql/sql_insert.cc,1437,1437,9040,1,mysql_target_000586;mysql_target_001354
mysql_aflgo_r1,mysql,1,src/mysql-server/sql/sql_insert.cc:1438:0:0,/src/mysql-server/sql/sql_insert.cc,1438,1438,0,0,mysql_target_000586;mysql_target_001354
mysql_aflgo_r1,mysql,1,src/mysql-server/sql/sql_insert.cc:1438:0:1,/src/mysql-server/sql/sql_insert.cc,1438,1438,0,0,mysql_target_000586;mysql_target_001354
mysql_aflgo_r1,mysql,1,src/mysql-server/sql/sql_insert.cc:1439:0:0,/src/mysql-server/sql/sql_insert.cc,1439,1439,0,0,mysql_target_000586;mysql_target_001354
mysql_aflgo_r1,mysql,1,src/mysql-server/sql/sql_insert.cc:1439:0:1,/src/mysql-server/sql/sql_insert.cc,1439,1439,0,0,mysql_target_000586;mysql_target_001354
mysql_aflgo_r1,mysql,1,src/mysql-server/sql/sql_insert.cc:1439:1:2,/src/mysql-server/sql/sql_insert.cc,1439,1439,0,0,mysql_target_000586;mysql_target_001354
mysql_aflgo_r1,mysql,1,src/mysql-server/sql/sql_insert.cc:1439:1:3,/src/mysql-server/sql/sql_insert.cc,1439,1439,0,0,mysql_target_000586;mysql_target_001354
mysql_aflgo_r1,mysql,1,src/mysql-server/sql/sql_insert.cc:1455:0:0,/src/mysql-server/sql/sql_insert.cc,1455,1455,0,0,mysql_target_000586;mysql_target_001354
mysql_aflgo_r1,mysql,1,src/mysql-server/sql/sql_insert.cc:1455:0:1,/src/mysql-server/sql/sql_insert.cc,1455,1455,0,0,mysql_target_000586;mysql_target_001354
mysql_aflgo_r1,mysql,1,src/mysql-server/sql/sql_insert.cc:1461:0:0,/src/mysql-server/sql/sql_insert.cc,1461,1461,0,0,mysql_target_000586;mysql_target_001354
mysql_aflgo_r1,mysql,1,src/mysql-server/sql/sql_insert.cc:1461:0:1,/src/mysql-server/sql/sql_insert.cc,1461,1461,0,0,mysql_target_000586;mysql_target_001354
mysql_aflgo_r1,mysql,1,src/mysql-server/sql/sql_insert.cc:1461:1:2,/src/mysql-server/sql/sql_insert.cc,1461,1461,0,0,mysql_target_000586;mysql_target_001354
mysql_aflgo_r1,mysql,1,src/mysql-server/sql/sql_insert.cc:1461:1:3,/src/mysql-server/sql/sql_insert.cc,1461,1461,0,0,mysql_target_000586;mysql_target_001354
mysql_aflgo_r1,mysql,1,src/mysql-server/sql/sql_insert.cc:1465:0:0,/src/mysql-server/sql/sql_insert.cc,1465,1465,0,0,mysql_target_000586;mysql_target_001354
mysql_aflgo_r1,mysql,1,src/mysql-server/sql/sql_insert.cc:1465:0:1,/src/mysql-server/sql/sql_insert.cc,1465,1465,9040,1,mysql_target_000586;mysql_target_001354
mysql_aflgo_r1,mysql,1,src/mysql-server/sql/sql_insert.cc:1473:0:0,/src/mysql-server/sql/sql_insert.cc,1473,1473,0,0,mysql_target_000586;mysql_target_001354
mysql_aflgo_r1,mysql,1,src/mysql-server/sql/sql_insert.cc:1473:0:1,/src/mysql-server/sql/sql_insert.cc,1473,1473,0,0,mysql_target_000586;mysql_target_001354
mysql_aflgo_r1,mysql,1,src/mysql-server/sql/sql_insert.cc:1476:0:0,/src/mysql-server/sql/sql_insert.cc,1476,1476,9040,1,mysql_target_000586;mysql_target_001354
mysql_aflgo_r1,mysql,1,src/mysql-server/sql/sql_insert.cc:1476:0:1,/src/mysql-server/sql/sql_insert.cc,1476,1476,0,0,mysql_target_000586;mysql_target_001354
mysql_aflgo_r1,mysql,1,src/mysql-server/sql/sql_insert.cc:1476:1:2,/src/mysql-server/sql/sql_insert.cc,1476,1476,0,0,mysql_target_000586;mysql_target_001354
mysql_aflgo_r1,mysql,1,src/mysql-server/sql/sql_insert.cc:1476:1:3,/src/mysql-server/sql/sql_insert.cc,1476,1476,9040,1,mysql_target_000586;mysql_target_001354
mysql_aflgo_r1,mysql,1,src/mysql-server/sql/sql_insert.cc:1479:0:0,/src/mysql-server/sql/sql_insert.cc,1479,1479,11,1,mysql_target_000586;mysql_target_001354
mysql_aflgo_r1,mysql,1,src/mysql-server/sql/sql_insert.cc:1479:0:1,/src/mysql-server/sql/sql_insert.cc,1479,1479,9029,1,mysql_target_000586;mysql_target_001354
mysql_aflgo_r1,mysql,1,src/mysql-server/sql/sql_insert.cc:1487:0:0,/src/mysql-server/sql/sql_insert.cc,1487,1487,9029,1,mysql_target_000586;mysql_target_001354
mysql_aflgo_r1,mysql,1,src/mysql-server/sql/sql_insert.cc:1487:0:1,/src/mysql-server/sql/sql_insert.cc,1487,1487,11,1,mysql_target_000586;mysql_target_001354
mysql_aflgo_r1,mysql,1,src/mysql-server/sql/sql_insert.cc:1487:1:2,/src/mysql-server/sql/sql_insert.cc,1487,1487,0,0,mysql_target_000586;mysql_target_001354
mysql_aflgo_r1,mysql,1,src/mysql-server/sql/sql_insert.cc:1487:1:3,/src/mysql-server/sql/sql_insert.cc,1487,1487,9029,1,mysql_target_000586;mysql_target_001354
mysql_aflgo_r1,mysql,1,src/mysql-server/sql/sql_insert.cc:1500:0:0,/src/mysql-server/sql/sql_insert.cc,1500,1500,0,0,mysql_target_000586;mysql_target_001354
mysql_aflgo_r1,mysql,1,src/mysql-server/sql/sql_insert.cc:1500:0:1,/src/mysql-server/sql/sql_insert.cc,1500,1500,0,0,mysql_target_000586;mysql_target_001354
mysql_aflgo_r1,mysql,1,src/mysql-server/sql/sql_insert.cc:1501:0:0,/src/mysql-server/sql/sql_insert.cc,1501,1501,0,0,mysql_target_000586;mysql_target_001354
mysql_aflgo_r1,mysql,1,src/mysql-server/sql/sql_insert.cc:1501:0:1,/src/mysql-server/sql/sql_insert.cc,1501,1501,0,0,mysql_target_000586;mysql_target_001354
mysql_aflgo_r1,mysql,1,src/mysql-server/sql/sql_insert.cc:1507:0:0,/src/mysql-server/sql/sql_insert.cc,1507,1507,0,0,mysql_target_000586;mysql_target_001354
mysql_aflgo_r1,mysql,1,src/mysql-server/sql/sql_insert.cc:1507:0:1,/src/mysql-server/sql/sql_insert.cc,1507,1507,0,0,mysql_target_000586;mysql_target_001354
mysql_aflgo_r1,mysql,1,src/mysql-server/sql/sql_insert.cc:1510:0:0,/src/mysql-server/sql/sql_insert.cc,1510,1510,0,0,mysql_target_000586;mysql_target_001354
mysql_aflgo_r1,mysql,1,src/mysql-server/sql/sql_insert.cc:1510:0:1,/src/mysql-server/sql/sql_insert.cc,1510,1510,0,0,mysql_target_000586;mysql_target_001354
mysql_aflgo_r1,mysql,1,src/mysql-server/sql/sql_insert.cc:1510:1:2,/src/mysql-server/sql/sql_insert.cc,1510,1510,0,0,mysql_target_000586;mysql_target_001354
mysql_aflgo_r1,mysql,1,src/mysql-server/sql/sql_insert.cc:1510:1:3,/src/mysql-server/sql/sql_insert.cc,1510,1510,0,0,mysql_target_000586;mysql_target_001354
mysql_aflgo_r1,mysql,1,src/mysql-server/sql/sql_insert.cc:1516:0:0,/src/mysql-server/sql/sql_insert.cc,1516,1516,0,0,mysql_target_000586;mysql_target_001354
mysql_aflgo_r1,mysql,1,src/mysql-server/sql/sql_insert.cc:1516:0:1,/src/mysql-server/sql/sql_insert.cc,1516,1516,0,0,mysql_target_000586;mysql_target_001354
mysql_aflgo_r1,mysql,1,src/mysql-server/sql/sql_insert.cc:1523:0:0,/src/mysql-server/sql/sql_insert.cc,1523,1523,0,0,mysql_target_000586;mysql_target_001354
mysql_aflgo_r1,mysql,1,src/mysql-server/sql/sql_insert.cc:1523:0:1,/src/mysql-server/sql/sql_insert.cc,1523,1523,0,0,mysql_target_000586;mysql_target_001354
mysql_aflgo_r1,mysql,1,src/mysql-server/sql/sql_insert.cc:1524:0:0,/src/mysql-server/sql/sql_insert.cc,1524,1524,0,0,mysql_target_000586;mysql_target_001354
mysql_aflgo_r1,mysql,1,src/mysql-server/sql/sql_insert.cc:1524:0:1,/src/mysql-server/sql/sql_insert.cc,1524,1524,0,0,mysql_target_000586;mysql_target_001354
mysql_aflgo_r1,mysql,1,src/mysql-server/sql/sql_insert.cc:1533:0:0,/src/mysql-server/sql/sql_insert.cc,1533,1533,9029,1,mysql_target_000586;mysql_target_001354
mysql_aflgo_r1,mysql,1,src/mysql-server/sql/sql_insert.cc:1533:0:1,/src/mysql-server/sql/sql_insert.cc,1533,1533,11,1,mysql_target_000586;mysql_target_001354
mysql_aflgo_r1,mysql,1,src/mysql-server/sql/sql_insert.cc:1536:0:0,/src/mysql-server/sql/sql_insert.cc,1536,1536,0,0,mysql_target_000586;mysql_target_001354
mysql_aflgo_r1,mysql,1,src/mysql-server/sql/sql_insert.cc:1536:0:1,/src/mysql-server/sql/sql_insert.cc,1536,1536,11,1,mysql_target_000586;mysql_target_001354
mysql_aflgo_r1,mysql,1,src/mysql-server/sql/sql_insert.cc:1537:0:0,/src/mysql-server/sql/sql_insert.cc,1537,1537,0,0,mysql_target_000586;mysql_target_001354
mysql_aflgo_r1,mysql,1,src/mysql-server/sql/sql_insert.cc:1537:0:1,/src/mysql-server/sql/sql_insert.cc,1537,1537,0,0,mysql_target_000586;mysql_target_001354
mysql_aflgo_r1,mysql,1,src/mysql-server/sql/sql_insert.cc:1539:0:0,/src/mysql-server/sql/sql_insert.cc,1539,1539,0,0,mysql_target_000586;mysql_target_001354
mysql_aflgo_r1,mysql,1,src/mysql-server/sql/sql_insert.cc:1539:0:1,/src/mysql-server/sql/sql_insert.cc,1539,1539,0,0,mysql_target_000586;mysql_target_001354
mysql_aflgo_r1,mysql,1,src/mysql-server/sql/sql_insert.cc:1733:0:0,/src/mysql-server/sql/sql_insert.cc,1733,1733,0,0,mysql_target_000587;mysql_target_001356
mysql_aflgo_r1,mysql,1,src/mysql-server/sql/sql_insert.cc:1733:0:1,/src/mysql-server/sql/sql_insert.cc,1733,1733,0,0,mysql_target_000587;mysql_target_001356
mysql_aflgo_r1,mysql,1,src/mysql-server/sql/sql_insert.cc:1734:0:0,/src/mysql-server/sql/sql_insert.cc,1734,1734,0,0,mysql_target_000587;mysql_target_001356
mysql_aflgo_r1,mysql,1,src/mysql-server/sql/sql_insert.cc:1734:0:1,/src/mysql-server/sql/sql_insert.cc,1734,1734,0,0,mysql_target_000587;mysql_target_001356
mysql_aflgo_r1,mysql,1,src/mysql-server/sql/sql_insert.cc:1736:0:0,/src/mysql-server/sql/sql_insert.cc,1736,1736,0,0,mysql_target_000587;mysql_target_001356
mysql_aflgo_r1,mysql,1,src/mysql-server/sql/sql_insert.cc:1736:0:1,/src/mysql-server/sql/sql_insert.cc,1736,1736,0,0,mysql_target_000587;mysql_target_001356
mysql_aflgo_r1,mysql,1,src/mysql-server/sql/sql_insert.cc:2295:0:0,/src/mysql-server/sql/sql_insert.cc,2295,2295,0,0,mysql_target_001358;mysql_target_001359;mysql_target_001360
mysql_aflgo_r1,mysql,1,src/mysql-server/sql/sql_insert.cc:2295:0:1,/src/mysql-server/sql/sql_insert.cc,2295,2295,11,1,mysql_target_001358;mysql_target_001359;mysql_target_001360
mysql_aflgo_r1,mysql,1,src/mysql-server/sql/sql_insert.cc:2296:0:0,/src/mysql-server/sql/sql_insert.cc,2296,2296,0,0,mysql_target_001358;mysql_target_001359;mysql_target_001360
mysql_aflgo_r1,mysql,1,src/mysql-server/sql/sql_insert.cc:2296:0:1,/src/mysql-server/sql/sql_insert.cc,2296,2296,11,1,mysql_target_001358;mysql_target_001359;mysql_target_001360
mysql_aflgo_r1,mysql,1,src/mysql-server/sql/sql_insert.cc:2297:0:0,/src/mysql-server/sql/sql_insert.cc,2297,2297,0,0,mysql_target_001358;mysql_target_001359;mysql_target_001360
mysql_aflgo_r1,mysql,1,src/mysql-server/sql/sql_insert.cc:2297:0:1,/src/mysql-server/sql/sql_insert.cc,2297,2297,0,0,mysql_target_001358;mysql_target_001359;mysql_target_001360
mysql_aflgo_r1,mysql,1,src/mysql-server/sql/sql_insert.cc:2359:0:0,/src/mysql-server/sql/sql_insert.cc,2359,2359,11,1,mysql_target_000589;mysql_target_001361
mysql_aflgo_r1,mysql,1,src/mysql-server/sql/sql_insert.cc:2359:0:1,/src/mysql-server/sql/sql_insert.cc,2359,2359,10,1,mysql_target_000589;mysql_target_001361
mysql_aflgo_r1,mysql,1,src/mysql-server/sql/sql_insert.cc:2360:0:0,/src/mysql-server/sql/sql_insert.cc,2360,2360,0,0,mysql_target_000589;mysql_target_001361
mysql_aflgo_r1,mysql,1,src/mysql-server/sql/sql_insert.cc:2360:0:1,/src/mysql-server/sql/sql_insert.cc,2360,2360,11,1,mysql_target_000589;mysql_target_001361
mysql_aflgo_r1,mysql,1,src/mysql-server/sql/sql_insert.cc:2362:0:0,/src/mysql-server/sql/sql_insert.cc,2362,2362,21,1,mysql_target_000589;mysql_target_001361
mysql_aflgo_r1,mysql,1,src/mysql-server/sql/sql_insert.cc:2362:0:1,/src/mysql-server/sql/sql_insert.cc,2362,2362,0,0,mysql_target_000589;mysql_target_001361
mysql_aflgo_r1,mysql,1,src/mysql-server/sql/sql_insert.cc:3383:0:0,/src/mysql-server/sql/sql_insert.cc,3383,3383,0,0,mysql_target_000590;mysql_target_001362
mysql_aflgo_r1,mysql,1,src/mysql-server/sql/sql_insert.cc:3383:0:1,/src/mysql-server/sql/sql_insert.cc,3383,3383,0,0,mysql_target_000590;mysql_target_001362
mysql_aflgo_r1,mysql,1,src/mysql-server/sql/sql_insert.cc:3384:0:0,/src/mysql-server/sql/sql_insert.cc,3384,3384,0,0,mysql_target_000590;mysql_target_001362
mysql_aflgo_r1,mysql,1,src/mysql-server/sql/sql_insert.cc:3384:0:1,/src/mysql-server/sql/sql_insert.cc,3384,3384,0,0,mysql_target_000590;mysql_target_001362
mysql_aflgo_r1,mysql,1,src/mysql-server/sql/sql_insert.cc:3387:0:0,/src/mysql-server/sql/sql_insert.cc,3387,3387,0,0,mysql_target_000590;mysql_target_001362
mysql_aflgo_r1,mysql,1,src/mysql-server/sql/sql_insert.cc:3387:0:1,/src/mysql-server/sql/sql_insert.cc,3387,3387,0,0,mysql_target_000590;mysql_target_001362
mysql_aflgo_r1,mysql,1,src/mysql-server/sql/sql_insert.cc:3389:0:0,/src/mysql-server/sql/sql_insert.cc,3389,3389,0,0,mysql_target_000590;mysql_target_001362
mysql_aflgo_r1,mysql,1,src/mysql-server/sql/sql_insert.cc:3389:0:1,/src/mysql-server/sql/sql_insert.cc,3389,3389,0,0,mysql_target_000590;mysql_target_001362
mysql_aflgo_r1,mysql,1,src/mysql-server/sql/sql_insert.cc:3390:0:0,/src/mysql-server/sql/sql_insert.cc,3390,3390,0,0,mysql_target_000590;mysql_target_001362
mysql_aflgo_r1,mysql,1,src/mysql-server/sql/sql_insert.cc:3390:0:1,/src/mysql-server/sql/sql_insert.cc,3390,3390,0,0,mysql_target_000590;mysql_target_001362
mysql_aflgo_r1,mysql,1,src/mysql-server/sql/sql_insert.cc:3391:0:0,/src/mysql-server/sql/sql_insert.cc,3391,3391,0,0,mysql_target_000590;mysql_target_001362
mysql_aflgo_r1,mysql,1,src/mysql-server/sql/sql_insert.cc:3391:0:1,/src/mysql-server/sql/sql_insert.cc,3391,3391,0,0,mysql_target_000590;mysql_target_001362
mysql_aflgo_r1,mysql,1,src/mysql-server/sql/sql_insert.cc:3396:0:0,/src/mysql-server/sql/sql_insert.cc,3396,3396,0,0,mysql_target_000590;mysql_target_001362
mysql_aflgo_r1,mysql,1,src/mysql-server/sql/sql_insert.cc:3396:0:1,/src/mysql-server/sql/sql_insert.cc,3396,3396,0,0,mysql_target_000590;mysql_target_001362
mysql_aflgo_r1,mysql,1,src/mysql-server/sql/sql_insert.cc:3402:0:0,/src/mysql-server/sql/sql_insert.cc,3402,3402,0,0,mysql_target_000590;mysql_target_001362
mysql_aflgo_r1,mysql,1,src/mysql-server/sql/sql_insert.cc:3402:0:1,/src/mysql-server/sql/sql_insert.cc,3402,3402,0,0,mysql_target_000590;mysql_target_001362
mysql_aflgo_r1,mysql,1,src/mysql-server/sql/sql_insert.cc:3402:1:2,/src/mysql-server/sql/sql_insert.cc,3402,3402,0,0,mysql_target_000590;mysql_target_001362
mysql_aflgo_r1,mysql,1,src/mysql-server/sql/sql_insert.cc:3402:1:3,/src/mysql-server/sql/sql_insert.cc,3402,3402,0,0,mysql_target_000590;mysql_target_001362
mysql_aflgo_r1,mysql,1,src/mysql-server/sql/sql_insert.cc:3403:0:0,/src/mysql-server/sql/sql_insert.cc,3403,3403,0,0,mysql_target_000590;mysql_target_001362
mysql_aflgo_r1,mysql,1,src/mysql-server/sql/sql_insert.cc:3403:0:1,/src/mysql-server/sql/sql_insert.cc,3403,3403,0,0,mysql_target_000590;mysql_target_001362
mysql_aflgo_r1,mysql,1,src/mysql-server/sql/sql_insert.cc:3406:0:0,/src/mysql-server/sql/sql_insert.cc,3406,3406,0,0,mysql_target_000590;mysql_target_001362
mysql_aflgo_r1,mysql,1,src/mysql-server/sql/sql_insert.cc:3406:0:1,/src/mysql-server/sql/sql_insert.cc,3406,3406,0,0,mysql_target_000590;mysql_target_001362
mysql_aflgo_r1,mysql,1,src/mysql-server/sql/sql_insert.cc:3406:1:2,/src/mysql-server/sql/sql_insert.cc,3406,3406,0,0,mysql_target_000590;mysql_target_001362
mysql_aflgo_r1,mysql,1,src/mysql-server/sql/sql_insert.cc:3406:1:3,/src/mysql-server/sql/sql_insert.cc,3406,3406,0,0,mysql_target_000590;mysql_target_001362
mysql_aflgo_r1,mysql,1,src/mysql-server/sql/sql_optimizer.cc:410:0:0,/src/mysql-server/sql/sql_optimizer.cc,410,410,185,1,mysql_target_001367
mysql_aflgo_r1,mysql,1,src/mysql-server/sql/sql_optimizer.cc:410:0:1,/src/mysql-server/sql/sql_optimizer.cc,410,410,261,1,mysql_target_001367
mysql_aflgo_r1,mysql,1,src/mysql-server/sql/sql_optimizer.cc:412:0:0,/src/mysql-server/sql/sql_optimizer.cc,412,412,20,1,mysql_target_001367
mysql_aflgo_r1,mysql,1,src/mysql-server/sql/sql_optimizer.cc:412:0:1,/src/mysql-server/sql/sql_optimizer.cc,412,412,165,1,mysql_target_001367
mysql_aflgo_r1,mysql,1,src/mysql-server/sql/sql_optimizer.cc:413:0:0,/src/mysql-server/sql/sql_optimizer.cc,413,413,0,0,mysql_target_001367
mysql_aflgo_r1,mysql,1,src/mysql-server/sql/sql_optimizer.cc:413:0:1,/src/mysql-server/sql/sql_optimizer.cc,413,413,20,1,mysql_target_001367
mysql_aflgo_r1,mysql,1,src/mysql-server/sql/sql_optimizer.cc:414:0:0,/src/mysql-server/sql/sql_optimizer.cc,414,414,0,0,mysql_target_001367
mysql_aflgo_r1,mysql,1,src/mysql-server/sql/sql_optimizer.cc:414:0:1,/src/mysql-server/sql/sql_optimizer.cc,414,414,165,1,mysql_target_001367
mysql_aflgo_r1,mysql,1,src/mysql-server/sql/sql_optimizer.cc:416:0:0,/src/mysql-server/sql/sql_optimizer.cc,416,416,0,0,mysql_target_001367
mysql_aflgo_r1,mysql,1,src/mysql-server/sql/sql_optimizer.cc:416:0:1,/src/mysql-server/sql/sql_optimizer.cc,416,416,0,0,mysql_target_001367
mysql_aflgo_r1,mysql,1,src/mysql-server/sql/sql_optimizer.cc:417:0:0,/src/mysql-server/sql/sql_optimizer.cc,417,417,0,0,mysql_target_001367
mysql_aflgo_r1,mysql,1,src/mysql-server/sql/sql_optimizer.cc:417:0:1,/src/mysql-server/sql/sql_optimizer.cc,417,417,0,0,mysql_target_001367
mysql_aflgo_r1,mysql,1,src/mysql-server/sql/sql_optimizer.cc:875:0:0,/src/mysql-server/sql/sql_optimizer.cc,875,875,50,1,mysql_target_001368
mysql_aflgo_r1,mysql,1,src/mysql-server/sql/sql_optimizer.cc:875:0:1,/src/mysql-server/sql/sql_optimizer.cc,875,875,155,1,mysql_target_001368
mysql_aflgo_r1,mysql,1,src/mysql-server/sql/sql_optimizer.cc:876:0:0,/src/mysql-server/sql/sql_optimizer.cc,876,876,0,0,mysql_target_001368
mysql_aflgo_r1,mysql,1,src/mysql-server/sql/sql_optimizer.cc:876:0:1,/src/mysql-server/sql/sql_optimizer.cc,876,876,50,1,mysql_target_001368
mysql_aflgo_r1,mysql,1,src/mysql-server/sql/sql_optimizer.cc:947:0:0,/src/mysql-server/sql/sql_optimizer.cc,947,947,182,1,mysql_target_001369
mysql_aflgo_r1,mysql,1,src/mysql-server/sql/sql_optimizer.cc:947:0:1,/src/mysql-server/sql/sql_optimizer.cc,947,947,91,1,mysql_target_001369
mysql_aflgo_r1,mysql,1,src/mysql-server/sql/sql_optimizer.cc:950:0:0,/src/mysql-server/sql/sql_optimizer.cc,950,950,0,0,mysql_target_001369
mysql_aflgo_r1,mysql,1,src/mysql-server/sql/sql_optimizer.cc:950:0:1,/src/mysql-server/sql/sql_optimizer.cc,950,950,182,1,mysql_target_001369
mysql_aflgo_r1,mysql,1,src/mysql-server/sql/sql_partition_admin.cc:610:0:0,/src/mysql-server/sql/sql_partition_admin.cc,610,610,0,0,mysql_target_001370
mysql_aflgo_r1,mysql,1,src/mysql-server/sql/sql_partition_admin.cc:610:0:1,/src/mysql-server/sql/sql_partition_admin.cc,610,610,0,0,mysql_target_001370
mysql_aflgo_r1,mysql,1,src/mysql-server/sql/sql_partition_admin.cc:612:0:0,/src/mysql-server/sql/sql_partition_admin.cc,612,612,0,0,mysql_target_001370
mysql_aflgo_r1,mysql,1,src/mysql-server/sql/sql_partition_admin.cc:612:0:1,/src/mysql-server/sql/sql_partition_admin.cc,612,612,0,0,mysql_target_001370
mysql_aflgo_r1,mysql,1,src/mysql-server/sql/sql_partition_admin.cc:614:0:0,/src/mysql-server/sql/sql_partition_admin.cc,614,614,0,0,mysql_target_001370
mysql_aflgo_r1,mysql,1,src/mysql-server/sql/sql_partition_admin.cc:614:0:1,/src/mysql-server/sql/sql_partition_admin.cc,614,614,0,0,mysql_target_001370
mysql_aflgo_r1,mysql,1,src/mysql-server/sql/sql_partition_admin.cc:614:1:2,/src/mysql-server/sql/sql_partition_admin.cc,614,614,0,0,mysql_target_001370
mysql_aflgo_r1,mysql,1,src/mysql-server/sql/sql_partition_admin.cc:614:1:3,/src/mysql-server/sql/sql_partition_admin.cc,614,614,0,0,mysql_target_001370
mysql_aflgo_r1,mysql,1,src/mysql-server/sql/sql_partition_admin.cc:615:0:0,/src/mysql-server/sql/sql_partition_admin.cc,615,615,0,0,mysql_target_001370
mysql_aflgo_r1,mysql,1,src/mysql-server/sql/sql_partition_admin.cc:615:0:1,/src/mysql-server/sql/sql_partition_admin.cc,615,615,0,0,mysql_target_001370
mysql_aflgo_r1,mysql,1,src/mysql-server/sql/sql_partition_admin.cc:616:0:0,/src/mysql-server/sql/sql_partition_admin.cc,616,616,0,0,mysql_target_001370
mysql_aflgo_r1,mysql,1,src/mysql-server/sql/sql_partition_admin.cc:616:0:1,/src/mysql-server/sql/sql_partition_admin.cc,616,616,0,0,mysql_target_001370
mysql_aflgo_r1,mysql,1,src/mysql-server/sql/sql_partition_admin.cc:629:0:0,/src/mysql-server/sql/sql_partition_admin.cc,629,629,0,0,mysql_target_001370
mysql_aflgo_r1,mysql,1,src/mysql-server/sql/sql_partition_admin.cc:629:0:1,/src/mysql-server/sql/sql_partition_admin.cc,629,629,0,0,mysql_target_001370
mysql_aflgo_r1,mysql,1,src/mysql-server/sql/sql_partition_admin.cc:644:0:0,/src/mysql-server/sql/sql_partition_admin.cc,644,644,0,0,mysql_target_001370
mysql_aflgo_r1,mysql,1,src/mysql-server/sql/sql_partition_admin.cc:644:0:1,/src/mysql-server/sql/sql_partition_admin.cc,644,644,0,0,mysql_target_001370
mysql_aflgo_r1,mysql,1,src/mysql-server/sql/sql_partition_admin.cc:646:0:0,/src/mysql-server/sql/sql_partition_admin.cc,646,646,0,0,mysql_target_001370
mysql_aflgo_r1,mysql,1,src/mysql-server/sql/sql_partition_admin.cc:646:0:1,/src/mysql-server/sql/sql_partition_admin.cc,646,646,0,0,mysql_target_001370
mysql_aflgo_r1,mysql,1,src/mysql-server/sql/sql_partition_admin.cc:654:0:0,/src/mysql-server/sql/sql_partition_admin.cc,654,654,0,0,mysql_target_001370
mysql_aflgo_r1,mysql,1,src/mysql-server/sql/sql_partition_admin.cc:654:0:1,/src/mysql-server/sql/sql_partition_admin.cc,654,654,0,0,mysql_target_001370
mysql_aflgo_r1,mysql,1,src/mysql-server/sql/sql_partition_admin.cc:664:0:0,/src/mysql-server/sql/sql_partition_admin.cc,664,664,0,0,mysql_target_001370
mysql_aflgo_r1,mysql,1,src/mysql-server/sql/sql_partition_admin.cc:664:0:1,/src/mysql-server/sql/sql_partition_admin.cc,664,664,0,0,mysql_target_001370
mysql_aflgo_r1,mysql,1,src/mysql-server/sql/sql_partition_admin.cc:666:0:0,/src/mysql-server/sql/sql_partition_admin.cc,666,666,0,0,mysql_target_001370
mysql_aflgo_r1,mysql,1,src/mysql-server/sql/sql_partition_admin.cc:666:0:1,/src/mysql-server/sql/sql_partition_admin.cc,666,666,0,0,mysql_target_001370
mysql_aflgo_r1,mysql,1,src/mysql-server/sql/sql_partition_admin.cc:671:0:0,/src/mysql-server/sql/sql_partition_admin.cc,671,671,0,0,mysql_target_001370
mysql_aflgo_r1,mysql,1,src/mysql-server/sql/sql_partition_admin.cc:671:0:1,/src/mysql-server/sql/sql_partition_admin.cc,671,671,0,0,mysql_target_001370
mysql_aflgo_r1,mysql,1,src/mysql-server/sql/sql_partition_admin.cc:677:0:0,/src/mysql-server/sql/sql_partition_admin.cc,677,677,0,0,mysql_target_001370
mysql_aflgo_r1,mysql,1,src/mysql-server/sql/sql_partition_admin.cc:677:0:1,/src/mysql-server/sql/sql_partition_admin.cc,677,677,0,0,mysql_target_001370
mysql_aflgo_r1,mysql,1,src/mysql-server/sql/sql_partition_admin.cc:692:0:0,/src/mysql-server/sql/sql_partition_admin.cc,692,692,0,0,mysql_target_001370
mysql_aflgo_r1,mysql,1,src/mysql-server/sql/sql_partition_admin.cc:692:0:1,/src/mysql-server/sql/sql_partition_admin.cc,692,692,0,0,mysql_target_001370
mysql_aflgo_r1,mysql,1,src/mysql-server/sql/sql_partition_admin.cc:718:0:0,/src/mysql-server/sql/sql_partition_admin.cc,718,718,0,0,mysql_target_001370
mysql_aflgo_r1,mysql,1,src/mysql-server/sql/sql_partition_admin.cc:718:0:1,/src/mysql-server/sql/sql_partition_admin.cc,718,718,0,0,mysql_target_001370
mysql_aflgo_r1,mysql,1,src/mysql-server/sql/sql_partition_admin.cc:727:0:0,/src/mysql-server/sql/sql_partition_admin.cc,727,727,0,0,mysql_target_001370
mysql_aflgo_r1,mysql,1,src/mysql-server/sql/sql_partition_admin.cc:727:0:1,/src/mysql-server/sql/sql_partition_admin.cc,727,727,0,0,mysql_target_001370
mysql_aflgo_r1,mysql,1,src/mysql-server/sql/sql_partition_admin.cc:738:0:0,/src/mysql-server/sql/sql_partition_admin.cc,738,738,0,0,mysql_target_001370
mysql_aflgo_r1,mysql,1,src/mysql-server/sql/sql_partition_admin.cc:738:0:1,/src/mysql-server/sql/sql_partition_admin.cc,738,738,0,0,mysql_target_001370
mysql_aflgo_r1,mysql,1,src/mysql-server/sql/sql_partition_admin.cc:738:1:2,/src/mysql-server/sql/sql_partition_admin.cc,738,738,0,0,mysql_target_001370
mysql_aflgo_r1,mysql,1,src/mysql-server/sql/sql_partition_admin.cc:738:1:3,/src/mysql-server/sql/sql_partition_admin.cc,738,738,0,0,mysql_target_001370
mysql_aflgo_r1,mysql,1,src/mysql-server/sql/sql_partition_admin.cc:744:0:0,/src/mysql-server/sql/sql_partition_admin.cc,744,744,0,0,mysql_target_001370
mysql_aflgo_r1,mysql,1,src/mysql-server/sql/sql_partition_admin.cc:744:0:1,/src/mysql-server/sql/sql_partition_admin.cc,744,744,0,0,mysql_target_001370
mysql_aflgo_r1,mysql,1,src/mysql-server/sql/sql_partition_admin.cc:750:0:0,/src/mysql-server/sql/sql_partition_admin.cc,750,750,0,0,mysql_target_001370;mysql_target_001371
mysql_aflgo_r1,mysql,1,src/mysql-server/sql/sql_partition_admin.cc:750:0:1,/src/mysql-server/sql/sql_partition_admin.cc,750,750,0,0,mysql_target_001370;mysql_target_001371
mysql_aflgo_r1,mysql,1,src/mysql-server/sql/sql_partition_admin.cc:761:0:0,/src/mysql-server/sql/sql_partition_admin.cc,761,761,0,0,mysql_target_001370;mysql_target_001372
mysql_aflgo_r1,mysql,1,src/mysql-server/sql/sql_partition_admin.cc:761:0:1,/src/mysql-server/sql/sql_partition_admin.cc,761,761,0,0,mysql_target_001370;mysql_target_001372
mysql_aflgo_r1,mysql,1,src/mysql-server/sql/sql_partition_admin.cc:772:0:0,/src/mysql-server/sql/sql_partition_admin.cc,772,772,0,0,mysql_target_001370
mysql_aflgo_r1,mysql,1,src/mysql-server/sql/sql_partition_admin.cc:772:0:1,/src/mysql-server/sql/sql_partition_admin.cc,772,772,0,0,mysql_target_001370
mysql_aflgo_r1,mysql,1,src/mysql-server/sql/sql_partition_admin.cc:773:0:0,/src/mysql-server/sql/sql_partition_admin.cc,773,773,0,0,mysql_target_001370
mysql_aflgo_r1,mysql,1,src/mysql-server/sql/sql_partition_admin.cc:773:0:1,/src/mysql-server/sql/sql_partition_admin.cc,773,773,0,0,mysql_target_001370
mysql_aflgo_r1,mysql,1,src/mysql-server/sql/sql_partition_admin.cc:774:0:0,/src/mysql-server/sql/sql_partition_admin.cc,774,774,0,0,mysql_target_001370
mysql_aflgo_r1,mysql,1,src/mysql-server/sql/sql_partition_admin.cc:774:0:1,/src/mysql-server/sql/sql_partition_admin.cc,774,774,0,0,mysql_target_001370
mysql_aflgo_r1,mysql,1,src/mysql-server/sql/sql_partition_admin.cc:786:0:0,/src/mysql-server/sql/sql_partition_admin.cc,786,786,0,0,mysql_target_001370
mysql_aflgo_r1,mysql,1,src/mysql-server/sql/sql_partition_admin.cc:786:0:1,/src/mysql-server/sql/sql_partition_admin.cc,786,786,0,0,mysql_target_001370
mysql_aflgo_r1,mysql,1,src/mysql-server/sql/sql_partition_admin.cc:792:0:0,/src/mysql-server/sql/sql_partition_admin.cc,792,792,0,0,mysql_target_001370
mysql_aflgo_r1,mysql,1,src/mysql-server/sql/sql_partition_admin.cc:792:0:1,/src/mysql-server/sql/sql_partition_admin.cc,792,792,0,0,mysql_target_001370
mysql_aflgo_r1,mysql,1,src/mysql-server/sql/sql_partition_admin.cc:792:1:2,/src/mysql-server/sql/sql_partition_admin.cc,792,792,0,0,mysql_target_001370
mysql_aflgo_r1,mysql,1,src/mysql-server/sql/sql_partition_admin.cc:792:1:3,/src/mysql-server/sql/sql_partition_admin.cc,792,792,0,0,mysql_target_001370
mysql_aflgo_r1,mysql,1,src/mysql-server/sql/sql_partition_admin.cc:792:2:4,/src/mysql-server/sql/sql_partition_admin.cc,792,792,0,0,mysql_target_001370
mysql_aflgo_r1,mysql,1,src/mysql-server/sql/sql_partition_admin.cc:792:2:5,/src/mysql-server/sql/sql_partition_admin.cc,792,792,0,0,mysql_target_001370
mysql_aflgo_r1,mysql,1,src/mysql-server/sql/sql_partition_admin.cc:794:0:0,/src/mysql-server/sql/sql_partition_admin.cc,794,794,0,0,mysql_target_001370
mysql_aflgo_r1,mysql,1,src/mysql-server/sql/sql_partition_admin.cc:794:0:1,/src/mysql-server/sql/sql_partition_admin.cc,794,794,0,0,mysql_target_001370
mysql_aflgo_r1,mysql,1,src/mysql-server/sql/sql_partition_admin.cc:804:0:0,/src/mysql-server/sql/sql_partition_admin.cc,804,804,0,0,mysql_target_001370
mysql_aflgo_r1,mysql,1,src/mysql-server/sql/sql_partition_admin.cc:804:0:1,/src/mysql-server/sql/sql_partition_admin.cc,804,804,0,0,mysql_target_001370
mysql_aflgo_r1,mysql,1,src/mysql-server/sql/sql_partition_admin.cc:804:1:2,/src/mysql-server/sql/sql_partition_admin.cc,804,804,0,0,mysql_target_001370
mysql_aflgo_r1,mysql,1,src/mysql-server/sql/sql_partition_admin.cc:804:1:3,/src/mysql-server/sql/sql_partition_admin.cc,804,804,0,0,mysql_target_001370
mysql_aflgo_r1,mysql,1,src/mysql-server/sql/sql_partition_admin.cc:809:0:0,/src/mysql-server/sql/sql_partition_admin.cc,809,809,0,0,mysql_target_001370
mysql_aflgo_r1,mysql,1,src/mysql-server/sql/sql_partition_admin.cc:809:0:1,/src/mysql-server/sql/sql_partition_admin.cc,809,809,0,0,mysql_target_001370
mysql_aflgo_r1,mysql,1,src/mysql-server/sql/sql_resolver.cc:953:0:0,/src/mysql-server/sql/sql_resolver.cc,953,953,323,1,mysql_target_001373
mysql_aflgo_r1,mysql,1,src/mysql-server/sql/sql_resolver.cc:953:0:1,/src/mysql-server/sql/sql_resolver.cc,953,953,102,1,mysql_target_001373
mysql_aflgo_r1,mysql,1,src/mysql-server/sql/sql_resolver.cc:956:0:0,/src/mysql-server/sql/sql_resolver.cc,956,956,102,1,mysql_target_001373
mysql_aflgo_r1,mysql,1,src/mysql-server/sql/sql_resolver.cc:956:0:1,/src/mysql-server/sql/sql_resolver.cc,956,956,0,0,mysql_target_001373
mysql_aflgo_r1,mysql,1,src/mysql-server/sql/sql_resolver.cc:958:0:0,/src/mysql-server/sql/sql_resolver.cc,958,958,81,1,mysql_target_001373
mysql_aflgo_r1,mysql,1,src/mysql-server/sql/sql_resolver.cc:958:0:1,/src/mysql-server/sql/sql_resolver.cc,958,958,21,1,mysql_target_001373
mysql_aflgo_r1,mysql,1,src/mysql-server/sql/sql_resolver.cc:959:0:0,/src/mysql-server/sql/sql_resolver.cc,959,959,20,1,mysql_target_001373
mysql_aflgo_r1,mysql,1,src/mysql-server/sql/sql_resolver.cc:959:0:1,/src/mysql-server/sql/sql_resolver.cc,959,959,102,1,mysql_target_001373
mysql_aflgo_r1,mysql,1,src/mysql-server/sql/sql_resolver.cc:961:0:0,/src/mysql-server/sql/sql_resolver.cc,961,961,20,1,mysql_target_001373
mysql_aflgo_r1,mysql,1,src/mysql-server/sql/sql_resolver.cc:961:0:1,/src/mysql-server/sql/sql_resolver.cc,961,961,82,1,mysql_target_001373
mysql_aflgo_r1,mysql,1,src/mysql-server/sql/sql_resolver.cc:962:0:0,/src/mysql-server/sql/sql_resolver.cc,962,962,142,1,mysql_target_001373
mysql_aflgo_r1,mysql,1,src/mysql-server/sql/sql_resolver.cc:962:0:1,/src/mysql-server/sql/sql_resolver.cc,962,962,102,1,mysql_target_001373
mysql_aflgo_r1,mysql,1,src/mysql-server/sql/sql_resolver.cc:966:0:0,/src/mysql-server/sql/sql_resolver.cc,966,966,40,1,mysql_target_001373
mysql_aflgo_r1,mysql,1,src/mysql-server/sql/sql_resolver.cc:966:0:1,/src/mysql-server/sql/sql_resolver.cc,966,966,102,1,mysql_target_001373
mysql_aflgo_r1,mysql,1,src/mysql-server/sql/sql_resolver.cc:967:0:0,/src/mysql-server/sql/sql_resolver.cc,967,967,40,1,mysql_target_001373
mysql_aflgo_r1,mysql,1,src/mysql-server/sql/sql_resolver.cc:967:0:1,/src/mysql-server/sql/sql_resolver.cc,967,967,40,1,mysql_target_001373
mysql_aflgo_r1,mysql,1,src/mysql-server/sql/sql_resolver.cc:969:0:0,/src/mysql-server/sql/sql_resolver.cc,969,969,60,1,mysql_target_001373
mysql_aflgo_r1,mysql,1,src/mysql-server/sql/sql_resolver.cc:969:0:1,/src/mysql-server/sql/sql_resolver.cc,969,969,40,1,mysql_target_001373
mysql_aflgo_r1,mysql,1,src/mysql-server/sql/sql_servers.cc:713:0:0,/src/mysql-server/sql/sql_servers.cc,713,713,0,0,mysql_target_001374;mysql_target_001375;mysql_target_001376
mysql_aflgo_r1,mysql,1,src/mysql-server/sql/sql_servers.cc:713:0:1,/src/mysql-server/sql/sql_servers.cc,713,713,0,0,mysql_target_001374;mysql_target_001375;mysql_target_001376
mysql_aflgo_r1,mysql,1,src/mysql-server/sql/sql_servers.cc:717:0:0,/src/mysql-server/sql/sql_servers.cc,717,717,0,0,mysql_target_001374;mysql_target_001377;mysql_target_001378
mysql_aflgo_r1,mysql,1,src/mysql-server/sql/sql_servers.cc:717:0:1,/src/mysql-server/sql/sql_servers.cc,717,717,0,0,mysql_target_001374;mysql_target_001377;mysql_target_001378
mysql_aflgo_r1,mysql,1,src/mysql-server/sql/sql_servers.cc:717:1:2,/src/mysql-server/sql/sql_servers.cc,717,717,0,0,mysql_target_001374;mysql_target_001377;mysql_target_001378
mysql_aflgo_r1,mysql,1,src/mysql-server/sql/sql_servers.cc:717:1:3,/src/mysql-server/sql/sql_servers.cc,717,717,0,0,mysql_target_001374;mysql_target_001377;mysql_target_001378
mysql_aflgo_r1,mysql,1,src/mysql-server/sql/sql_servers.cc:725:0:0,/src/mysql-server/sql/sql_servers.cc,725,725,0,0,mysql_target_001374;mysql_target_001378;mysql_target_001379;mysql_target_001380
mysql_aflgo_r1,mysql,1,src/mysql-server/sql/sql_servers.cc:725:0:1,/src/mysql-server/sql/sql_servers.cc,725,725,0,0,mysql_target_001374;mysql_target_001378;mysql_target_001379;mysql_target_001380
mysql_aflgo_r1,mysql,1,src/mysql-server/sql/sql_servers.cc:729:0:0,/src/mysql-server/sql/sql_servers.cc,729,729,0,0,mysql_target_001374;mysql_target_001379;mysql_target_001380
mysql_aflgo_r1,mysql,1,src/mysql-server/sql/sql_servers.cc:729:0:1,/src/mysql-server/sql/sql_servers.cc,729,729,0,0,mysql_target_001374;mysql_target_001379;mysql_target_001380
mysql_aflgo_r1,mysql,1,src/mysql-server/sql/sql_servers.cc:780:0:0,/src/mysql-server/sql/sql_servers.cc,780,780,0,0,mysql_target_001381;mysql_target_001382;mysql_target_001383;mysql_target_001384
mysql_aflgo_r1,mysql,1,src/mysql-server/sql/sql_servers.cc:780:0:1,/src/mysql-server/sql/sql_servers.cc,780,780,0,0,mysql_target_001381;mysql_target_001382;mysql_target_001383;mysql_target_001384
mysql_aflgo_r1,mysql,1,src/mysql-server/sql/sql_servers.cc:781:0:0,/src/mysql-server/sql/sql_servers.cc,781,781,0,0,mysql_target_001381;mysql_target_001382;mysql_target_001383;mysql_target_001384
mysql_aflgo_r1,mysql,1,src/mysql-server/sql/sql_servers.cc:781:0:1,/src/mysql-server/sql/sql_servers.cc,781,781,0,0,mysql_target_001381;mysql_target_001382;mysql_target_001383;mysql_target_001384
mysql_aflgo_r1,mysql,1,src/mysql-server/sql/sql_servers.cc:781:1:2,/src/mysql-server/sql/sql_servers.cc,781,781,0,0,mysql_target_001381;mysql_target_001382;mysql_target_001383;mysql_target_001384
mysql_aflgo_r1,mysql,1,src/mysql-server/sql/sql_servers.cc:781:1:3,/src/mysql-server/sql/sql_servers.cc,781,781,0,0,mysql_target_001381;mysql_target_001382;mysql_target_001383;mysql_target_001384
mysql_aflgo_r1,mysql,1,src/mysql-server/sql/sql_servers.cc:790:0:0,/src/mysql-server/sql/sql_servers.cc,790,790,0,0,mysql_target_001381;mysql_target_001385;mysql_target_001386;mysql_target_001387;mysql_target_001388;mysql_target_001389
mysql_aflgo_r1,mysql,1,src/mysql-server/sql/sql_servers.cc:790:0:1,/src/mysql-server/sql/sql_servers.cc,790,790,0,0,mysql_target_001381;mysql_target_001385;mysql_target_001386;mysql_target_001387;mysql_target_001388;mysql_target_001389
mysql_aflgo_r1,mysql,1,src/mysql-server/sql/sql_servers.cc:792:0:0,/src/mysql-server/sql/sql_servers.cc,792,792,0,0,mysql_target_001381;mysql_target_001385;mysql_target_001386;mysql_target_001387;mysql_target_001388;mysql_target_001389
mysql_aflgo_r1,mysql,1,src/mysql-server/sql/sql_servers.cc:792:0:1,/src/mysql-server/sql/sql_servers.cc,792,792,0,0,mysql_target_001381;mysql_target_001385;mysql_target_001386;mysql_target_001387;mysql_target_001388;mysql_target_001389
mysql_aflgo_r1,mysql,1,src/mysql-server/sql/sql_servers.cc:796:0:0,/src/mysql-server/sql/sql_servers.cc,796,796,0,0,mysql_target_001381;mysql_target_001388;mysql_target_001389
mysql_aflgo_r1,mysql,1,src/mysql-server/sql/sql_servers.cc:796:0:1,/src/mysql-server/sql/sql_servers.cc,796,796,0,0,mysql_target_001381;mysql_target_001388;mysql_target_001389
mysql_aflgo_r1,mysql,1,src/mysql-server/sql/sql_servers.cc:808:0:0,/src/mysql-server/sql/sql_servers.cc,808,808,0,0,mysql_target_001390
mysql_aflgo_r1,mysql,1,src/mysql-server/sql/sql_servers.cc:808:0:1,/src/mysql-server/sql/sql_servers.cc,808,808,0,0,mysql_target_001390
mysql_aflgo_r1,mysql,1,src/mysql-server/sql/sql_servers.cc:827:0:0,/src/mysql-server/sql/sql_servers.cc,827,827,0,0,mysql_target_001392
mysql_aflgo_r1,mysql,1,src/mysql-server/sql/sql_servers.cc:827:0:1,/src/mysql-server/sql/sql_servers.cc,827,827,0,0,mysql_target_001392
mysql_aflgo_r1,mysql,1,src/mysql-server/sql/sql_servers.cc:842:0:0,/src/mysql-server/sql/sql_servers.cc,842,842,0,0,mysql_target_001391;mysql_target_001392
mysql_aflgo_r1,mysql,1,src/mysql-server/sql/sql_servers.cc:842:0:1,/src/mysql-server/sql/sql_servers.cc,842,842,0,0,mysql_target_001391;mysql_target_001392
mysql_aflgo_r1,mysql,1,src/mysql-server/sql/sql_servers.cc:843:0:0,/src/mysql-server/sql/sql_servers.cc,843,843,0,0,mysql_target_001391;mysql_target_001392
mysql_aflgo_r1,mysql,1,src/mysql-server/sql/sql_servers.cc:843:0:1,/src/mysql-server/sql/sql_servers.cc,843,843,0,0,mysql_target_001391;mysql_target_001392
mysql_aflgo_r1,mysql,1,src/mysql-server/sql/sql_servers.cc:843:1:2,/src/mysql-server/sql/sql_servers.cc,843,843,0,0,mysql_target_001391;mysql_target_001392
mysql_aflgo_r1,mysql,1,src/mysql-server/sql/sql_servers.cc:843:1:3,/src/mysql-server/sql/sql_servers.cc,843,843,0,0,mysql_target_001391;mysql_target_001392
mysql_aflgo_r1,mysql,1,src/mysql-server/sql/sql_servers.cc:845:0:0,/src/mysql-server/sql/sql_servers.cc,845,845,0,0,mysql_target_001391;mysql_target_001392
mysql_aflgo_r1,mysql,1,src/mysql-server/sql/sql_servers.cc:845:0:1,/src/mysql-server/sql/sql_servers.cc,845,845,0,0,mysql_target_001391;mysql_target_001392
mysql_aflgo_r1,mysql,1,src/mysql-server/sql/sql_servers.cc:851:0:0,/src/mysql-server/sql/sql_servers.cc,851,851,0,0,mysql_target_001391;mysql_target_001392
mysql_aflgo_r1,mysql,1,src/mysql-server/sql/sql_servers.cc:851:0:1,/src/mysql-server/sql/sql_servers.cc,851,851,0,0,mysql_target_001391;mysql_target_001392
mysql_aflgo_r1,mysql,1,src/mysql-server/sql/sql_servers.cc:856:0:0,/src/mysql-server/sql/sql_servers.cc,856,856,0,0,mysql_target_001391;mysql_target_001392
mysql_aflgo_r1,mysql,1,src/mysql-server/sql/sql_servers.cc:856:0:1,/src/mysql-server/sql/sql_servers.cc,856,856,0,0,mysql_target_001391;mysql_target_001392
mysql_aflgo_r1,mysql,1,src/mysql-server/sql/sql_servers.cc:856:1:2,/src/mysql-server/sql/sql_servers.cc,856,856,0,0,mysql_target_001391;mysql_target_001392
mysql_aflgo_r1,mysql,1,src/mysql-server/sql/sql_servers.cc:856:1:3,/src/mysql-server/sql/sql_servers.cc,856,856,0,0,mysql_target_001391;mysql_target_001392
mysql_aflgo_r1,mysql,1,src/mysql-server/sql/sql_servers.cc:866:0:0,/src/mysql-server/sql/sql_servers.cc,866,866,0,0,mysql_target_001392
mysql_aflgo_r1,mysql,1,src/mysql-server/sql/sql_servers.cc:866:0:1,/src/mysql-server/sql/sql_servers.cc,866,866,0,0,mysql_target_001392
mysql_aflgo_r1,mysql,1,src/mysql-server/sql/sql_servers.cc:872:0:0,/src/mysql-server/sql/sql_servers.cc,872,872,0,0,mysql_target_001392
mysql_aflgo_r1,mysql,1,src/mysql-server/sql/sql_servers.cc:872:0:1,/src/mysql-server/sql/sql_servers.cc,872,872,0,0,mysql_target_001392
mysql_aflgo_r1,mysql,1,src/mysql-server/sql/sql_servers.cc:878:0:0,/src/mysql-server/sql/sql_servers.cc,878,878,0,0,mysql_target_001392
mysql_aflgo_r1,mysql,1,src/mysql-server/sql/sql_servers.cc:878:0:1,/src/mysql-server/sql/sql_servers.cc,878,878,0,0,mysql_target_001392
mysql_aflgo_r1,mysql,1,src/mysql-server/sql/sql_servers.cc:878:1:2,/src/mysql-server/sql/sql_servers.cc,878,878,0,0,mysql_target_001392
mysql_aflgo_r1,mysql,1,src/mysql-server/sql/sql_servers.cc:878:1:3,/src/mysql-server/sql/sql_servers.cc,878,878,0,0,mysql_target_001392
mysql_aflgo_r1,mysql,1,src/mysql-server/sql/sql_servers.cc:879:0:0,/src/mysql-server/sql/sql_servers.cc,879,879,0,0,mysql_target_001392
mysql_aflgo_r1,mysql,1,src/mysql-server/sql/sql_servers.cc:879:0:1,/src/mysql-server/sql/sql_servers.cc,879,879,0,0,mysql_target_001392
mysql_aflgo_r1,mysql,1,src/mysql-server/sql/sql_servers.cc:879:1:2,/src/mysql-server/sql/sql_servers.cc,879,879,0,0,mysql_target_001392
mysql_aflgo_r1,mysql,1,src/mysql-server/sql/sql_servers.cc:879:1:3,/src/mysql-server/sql/sql_servers.cc,879,879,0,0,mysql_target_001392
mysql_aflgo_r1,mysql,1,src/mysql-server/sql/sql_union.cc:246:0:0,/src/mysql-server/sql/sql_union.cc,246,246,30,1,mysql_target_001395
mysql_aflgo_r1,mysql,1,src/mysql-server/sql/sql_union.cc:246:0:1,/src/mysql-server/sql/sql_union.cc,246,246,0,0,mysql_target_001395
mysql_aflgo_r1,mysql,1,src/mysql-server/sql/sql_update.cc:133:0:0,/src/mysql-server/sql/sql_update.cc,133,133,42,1,mysql_target_000594;mysql_target_001396
mysql_aflgo_r1,mysql,1,src/mysql-server/sql/sql_update.cc:133:0:1,/src/mysql-server/sql/sql_update.cc,133,133,10,1,mysql_target_000594;mysql_target_001396
mysql_aflgo_r1,mysql,1,src/mysql-server/sql/sql_update.cc:134:0:0,/src/mysql-server/sql/sql_update.cc,134,134,0,0,mysql_target_000594;mysql_target_001396
mysql_aflgo_r1,mysql,1,src/mysql-server/sql/sql_update.cc:134:0:1,/src/mysql-server/sql/sql_update.cc,134,134,42,1,mysql_target_000594;mysql_target_001396
mysql_aflgo_r1,mysql,1,src/mysql-server/sql/sql_update.cc:140:0:0,/src/mysql-server/sql/sql_update.cc,140,140,20,1,mysql_target_000594;mysql_target_001396
mysql_aflgo_r1,mysql,1,src/mysql-server/sql/sql_update.cc:140:0:1,/src/mysql-server/sql/sql_update.cc,140,140,10,1,mysql_target_000594;mysql_target_001396
mysql_aflgo_r1,mysql,1,src/mysql-server/sql/sql_update.cc:147:0:0,/src/mysql-server/sql/sql_update.cc,147,147,0,0,mysql_target_000594;mysql_target_001396
mysql_aflgo_r1,mysql,1,src/mysql-server/sql/sql_update.cc:147:0:1,/src/mysql-server/sql/sql_update.cc,147,147,20,1,mysql_target_000594;mysql_target_001396
mysql_aflgo_r1,mysql,1,src/mysql-server/sql/sql_update.cc:147:1:2,/src/mysql-server/sql/sql_update.cc,147,147,0,0,mysql_target_000594;mysql_target_001396
mysql_aflgo_r1,mysql,1,src/mysql-server/sql/sql_update.cc:147:1:3,/src/mysql-server/sql/sql_update.cc,147,147,20,1,mysql_target_000594;mysql_target_001396
mysql_aflgo_r1,mysql,1,src/mysql-server/sql/sql_update.cc:152:0:0,/src/mysql-server/sql/sql_update.cc,152,152,0,0,mysql_target_000594;mysql_target_001396
mysql_aflgo_r1,mysql,1,src/mysql-server/sql/sql_update.cc:152:0:1,/src/mysql-server/sql/sql_update.cc,152,152,20,1,mysql_target_000594;mysql_target_001396
mysql_aflgo_r1,mysql,1,src/mysql-server/sql/sql_update.cc:154:0:0,/src/mysql-server/sql/sql_update.cc,154,154,0,0,mysql_target_000594;mysql_target_001396
mysql_aflgo_r1,mysql,1,src/mysql-server/sql/sql_update.cc:154:0:1,/src/mysql-server/sql/sql_update.cc,154,154,20,1,mysql_target_000594;mysql_target_001396
mysql_aflgo_r1,mysql,1,src/mysql-server/sql/sql_update.cc:156:0:0,/src/mysql-server/sql/sql_update.cc,156,156,0,0,mysql_target_000594;mysql_target_001396
mysql_aflgo_r1,mysql,1,src/mysql-server/sql/sql_update.cc:156:0:1,/src/mysql-server/sql/sql_update.cc,156,156,20,1,mysql_target_000594;mysql_target_001396
mysql_aflgo_r1,mysql,1,src/mysql-server/sql/sql_update.cc:188:0:0,/src/mysql-server/sql/sql_update.cc,188,188,0,0,mysql_target_000594;mysql_target_001396
mysql_aflgo_r1,mysql,1,src/mysql-server/sql/sql_update.cc:188:0:1,/src/mysql-server/sql/sql_update.cc,188,188,0,0,mysql_target_000594;mysql_target_001396
mysql_aflgo_r1,mysql,1,src/mysql-server/sql/sql_update.cc:201:0:0,/src/mysql-server/sql/sql_update.cc,201,201,0,0,mysql_target_000598;mysql_target_001404
mysql_aflgo_r1,mysql,1,src/mysql-server/sql/sql_update.cc:201:0:1,/src/mysql-server/sql/sql_update.cc,201,201,0,0,mysql_target_000598;mysql_target_001404
mysql_aflgo_r1,mysql,1,src/mysql-server/sql/sql_update.cc:207:0:0,/src/mysql-server/sql/sql_update.cc,207,207,0,0,mysql_target_000598;mysql_target_001404
mysql_aflgo_r1,mysql,1,src/mysql-server/sql/sql_update.cc:207:0:1,/src/mysql-server/sql/sql_update.cc,207,207,0,0,mysql_target_000598;mysql_target_001404
mysql_aflgo_r1,mysql,1,src/mysql-server/sql/sql_update.cc:208:0:0,/src/mysql-server/sql/sql_update.cc,208,208,0,0,mysql_target_000598;mysql_target_001404
mysql_aflgo_r1,mysql,1,src/mysql-server/sql/sql_update.cc:208:0:1,/src/mysql-server/sql/sql_update.cc,208,208,0,0,mysql_target_000598;mysql_target_001404
mysql_aflgo_r1,mysql,1,src/mysql-server/sql/sql_update.cc:212:0:0,/src/mysql-server/sql/sql_update.cc,212,212,0,0,mysql_target_000598;mysql_target_001404
mysql_aflgo_r1,mysql,1,src/mysql-server/sql/sql_update.cc:212:0:1,/src/mysql-server/sql/sql_update.cc,212,212,0,0,mysql_target_000598;mysql_target_001404
mysql_aflgo_r1,mysql,1,src/mysql-server/sql/sql_update.cc:213:0:0,/src/mysql-server/sql/sql_update.cc,213,213,0,0,mysql_target_000598;mysql_target_001404
mysql_aflgo_r1,mysql,1,src/mysql-server/sql/sql_update.cc:213:0:1,/src/mysql-server/sql/sql_update.cc,213,213,0,0,mysql_target_000598;mysql_target_001404
mysql_aflgo_r1,mysql,1,src/mysql-server/sql/sql_update.cc:217:0:0,/src/mysql-server/sql/sql_update.cc,217,217,0,0,mysql_target_000598;mysql_target_001404
mysql_aflgo_r1,mysql,1,src/mysql-server/sql/sql_update.cc:217:0:1,/src/mysql-server/sql/sql_update.cc,217,217,0,0,mysql_target_000598;mysql_target_001404
mysql_aflgo_r1,mysql,1,src/mysql-server/sql/sql_update.cc:219:0:0,/src/mysql-server/sql/sql_update.cc,219,219,0,0,mysql_target_000598;mysql_target_001404;mysql_target_001408
mysql_aflgo_r1,mysql,1,src/mysql-server/sql/sql_update.cc:219:0:1,/src/mysql-server/sql/sql_update.cc,219,219,0,0,mysql_target_000598;mysql_target_001404;mysql_target_001408
mysql_aflgo_r1,mysql,1,src/mysql-server/sql/sql_update.cc:222:0:0,/src/mysql-server/sql/sql_update.cc,222,222,0,0,mysql_target_000598;mysql_target_001404;mysql_target_001408
mysql_aflgo_r1,mysql,1,src/mysql-server/sql/sql_update.cc:222:0:1,/src/mysql-server/sql/sql_update.cc,222,222,0,0,mysql_target_000598;mysql_target_001404;mysql_target_001408
mysql_aflgo_r1,mysql,1,src/mysql-server/sql/sql_update.cc:223:0:0,/src/mysql-server/sql/sql_update.cc,223,223,0,0,mysql_target_000598;mysql_target_001404;mysql_target_001408
mysql_aflgo_r1,mysql,1,src/mysql-server/sql/sql_update.cc:223:0:1,/src/mysql-server/sql/sql_update.cc,223,223,0,0,mysql_target_000598;mysql_target_001404;mysql_target_001408
mysql_aflgo_r1,mysql,1,src/mysql-server/sql/sql_update.cc:230:0:0,/src/mysql-server/sql/sql_update.cc,230,230,0,0,mysql_target_000598;mysql_target_001404
mysql_aflgo_r1,mysql,1,src/mysql-server/sql/sql_update.cc:230:0:1,/src/mysql-server/sql/sql_update.cc,230,230,0,0,mysql_target_000598;mysql_target_001404
mysql_aflgo_r1,mysql,1,src/mysql-server/sql/sql_update.cc:1555:0:0,/src/mysql-server/sql/sql_update.cc,1555,1555,51,1,mysql_target_000595;mysql_target_001397
mysql_aflgo_r1,mysql,1,src/mysql-server/sql/sql_update.cc:1555:0:1,/src/mysql-server/sql/sql_update.cc,1555,1555,0,0,mysql_target_000595;mysql_target_001397
mysql_aflgo_r1,mysql,1,src/mysql-server/sql/sql_update.cc:1558:0:0,/src/mysql-server/sql/sql_update.cc,1558,1558,0,0,mysql_target_000595;mysql_target_001397
mysql_aflgo_r1,mysql,1,src/mysql-server/sql/sql_update.cc:1558:0:1,/src/mysql-server/sql/sql_update.cc,1558,1558,51,1,mysql_target_000595;mysql_target_001397
mysql_aflgo_r1,mysql,1,src/mysql-server/sql/sql_update.cc:1564:0:0,/src/mysql-server/sql/sql_update.cc,1564,1564,0,0,mysql_target_000595;mysql_target_001397
mysql_aflgo_r1,mysql,1,src/mysql-server/sql/sql_update.cc:1564:0:1,/src/mysql-server/sql/sql_update.cc,1564,1564,51,1,mysql_target_000595;mysql_target_001397
mysql_aflgo_r1,mysql,1,src/mysql-server/sql/sql_update.cc:1564:1:2,/src/mysql-server/sql/sql_update.cc,1564,1564,0,0,mysql_target_000595;mysql_target_001397
mysql_aflgo_r1,mysql,1,src/mysql-server/sql/sql_update.cc:1564:1:3,/src/mysql-server/sql/sql_update.cc,1564,1564,51,1,mysql_target_000595;mysql_target_001397
mysql_aflgo_r1,mysql,1,src/mysql-server/sql/sql_update.cc:1576:0:0,/src/mysql-server/sql/sql_update.cc,1576,1576,0,0,mysql_target_000595;mysql_target_001397
mysql_aflgo_r1,mysql,1,src/mysql-server/sql/sql_update.cc:1576:0:1,/src/mysql-server/sql/sql_update.cc,1576,1576,0,0,mysql_target_000595;mysql_target_001397
mysql_aflgo_r1,mysql,1,src/mysql-server/sql/sql_update.cc:1586:0:0,/src/mysql-server/sql/sql_update.cc,1586,1586,0,0,mysql_target_000595;mysql_target_001397
mysql_aflgo_r1,mysql,1,src/mysql-server/sql/sql_update.cc:1586:0:1,/src/mysql-server/sql/sql_update.cc,1586,1586,0,0,mysql_target_000595;mysql_target_001397
mysql_aflgo_r1,mysql,1,src/mysql-server/sql/sql_update.cc:1599:0:0,/src/mysql-server/sql/sql_update.cc,1599,1599,0,0,mysql_target_000595;mysql_target_001397
mysql_aflgo_r1,mysql,1,src/mysql-server/sql/sql_update.cc:1599:0:1,/src/mysql-server/sql/sql_update.cc,1599,1599,51,1,mysql_target_000595;mysql_target_001397
mysql_aflgo_r1,mysql,1,src/mysql-server/sql/sql_update.cc:1600:0:0,/src/mysql-server/sql/sql_update.cc,1600,1600,0,0,mysql_target_000595;mysql_target_001397
mysql_aflgo_r1,mysql,1,src/mysql-server/sql/sql_update.cc:1600:0:1,/src/mysql-server/sql/sql_update.cc,1600,1600,0,0,mysql_target_000595;mysql_target_001397
mysql_aflgo_r1,mysql,1,src/mysql-server/sql/sql_update.cc:1606:0:0,/src/mysql-server/sql/sql_update.cc,1606,1606,51,1,mysql_target_000595;mysql_target_001397
mysql_aflgo_r1,mysql,1,src/mysql-server/sql/sql_update.cc:1606:0:1,/src/mysql-server/sql/sql_update.cc,1606,1606,0,0,mysql_target_000595;mysql_target_001397
mysql_aflgo_r1,mysql,1,src/mysql-server/sql/sql_update.cc:1607:0:0,/src/mysql-server/sql/sql_update.cc,1607,1607,41,1,mysql_target_000595;mysql_target_001397
mysql_aflgo_r1,mysql,1,src/mysql-server/sql/sql_update.cc:1607:0:1,/src/mysql-server/sql/sql_update.cc,1607,1607,10,1,mysql_target_000595;mysql_target_001397
mysql_aflgo_r1,mysql,1,src/mysql-server/sql/sql_update.cc:1609:0:0,/src/mysql-server/sql/sql_update.cc,1609,1609,0,0,mysql_target_000595;mysql_target_001397
mysql_aflgo_r1,mysql,1,src/mysql-server/sql/sql_update.cc:1609:0:1,/src/mysql-server/sql/sql_update.cc,1609,1609,41,1,mysql_target_000595;mysql_target_001397
mysql_aflgo_r1,mysql,1,src/mysql-server/sql/sql_update.cc:1615:0:0,/src/mysql-server/sql/sql_update.cc,1615,1615,0,0,mysql_target_000595;mysql_target_001397
mysql_aflgo_r1,mysql,1,src/mysql-server/sql/sql_update.cc:1615:0:1,/src/mysql-server/sql/sql_update.cc,1615,1615,41,1,mysql_target_000595;mysql_target_001397
mysql_aflgo_r1,mysql,1,src/mysql-server/sql/sql_update.cc:1623:0:0,/src/mysql-server/sql/sql_update.cc,1623,1623,0,0,mysql_target_000595;mysql_target_001397
mysql_aflgo_r1,mysql,1,src/mysql-server/sql/sql_update.cc:1623:0:1,/src/mysql-server/sql/sql_update.cc,1623,1623,51,1,mysql_target_000595;mysql_target_001397
mysql_aflgo_r1,mysql,1,src/mysql-server/sql/sql_update.cc:1627:0:0,/src/mysql-server/sql/sql_update.cc,1627,1627,41,1,mysql_target_000595;mysql_target_001397
mysql_aflgo_r1,mysql,1,src/mysql-server/sql/sql_update.cc:1627:0:1,/src/mysql-server/sql/sql_update.cc,1627,1627,10,1,mysql_target_000595;mysql_target_001397
mysql_aflgo_r1,mysql,1,src/mysql-server/sql/sql_update.cc:1627:1:2,/src/mysql-server/sql/sql_update.cc,1627,1627,0,0,mysql_target_000595;mysql_target_001397
mysql_aflgo_r1,mysql,1,src/mysql-server/sql/sql_update.cc:1627:1:3,/src/mysql-server/sql/sql_update.cc,1627,1627,41,1,mysql_target_000595;mysql_target_001397
mysql_aflgo_r1,mysql,1,src/mysql-server/sql/sql_update.cc:1628:0:0,/src/mysql-server/sql/sql_update.cc,1628,1628,0,0,mysql_target_000595;mysql_target_001397
mysql_aflgo_r1,mysql,1,src/mysql-server/sql/sql_update.cc:1628:0:1,/src/mysql-server/sql/sql_update.cc,1628,1628,0,0,mysql_target_000595;mysql_target_001397
mysql_aflgo_r1,mysql,1,src/mysql-server/sql/sql_update.cc:1631:0:0,/src/mysql-server/sql/sql_update.cc,1631,1631,10,1,mysql_target_000595;mysql_target_001397
mysql_aflgo_r1,mysql,1,src/mysql-server/sql/sql_update.cc:1631:0:1,/src/mysql-server/sql/sql_update.cc,1631,1631,41,1,mysql_target_000595;mysql_target_001397
mysql_aflgo_r1,mysql,1,src/mysql-server/sql/sql_update.cc:1634:0:0,/src/mysql-server/sql/sql_update.cc,1634,1634,10,1,mysql_target_000595;mysql_target_001397
mysql_aflgo_r1,mysql,1,src/mysql-server/sql/sql_update.cc:1634:0:1,/src/mysql-server/sql/sql_update.cc,1634,1634,41,1,mysql_target_000595;mysql_target_001397
mysql_aflgo_r1,mysql,1,src/mysql-server/sql/sql_update.cc:1635:0:0,/src/mysql-server/sql/sql_update.cc,1635,1635,0,0,mysql_target_000595;mysql_target_001397
mysql_aflgo_r1,mysql,1,src/mysql-server/sql/sql_update.cc:1635:0:1,/src/mysql-server/sql/sql_update.cc,1635,1635,10,1,mysql_target_000595;mysql_target_001397
mysql_aflgo_r1,mysql,1,src/mysql-server/sql/sql_update.cc:1639:0:0,/src/mysql-server/sql/sql_update.cc,1639,1639,41,1,mysql_target_000595;mysql_target_001397
mysql_aflgo_r1,mysql,1,src/mysql-server/sql/sql_update.cc:1639:0:1,/src/mysql-server/sql/sql_update.cc,1639,1639,10,1,mysql_target_000595;mysql_target_001397
mysql_aflgo_r1,mysql,1,src/mysql-server/sql/sql_update.cc:1654:0:0,/src/mysql-server/sql/sql_update.cc,1654,1654,0,0,mysql_target_000595;mysql_target_001397
mysql_aflgo_r1,mysql,1,src/mysql-server/sql/sql_update.cc:1654:0:1,/src/mysql-server/sql/sql_update.cc,1654,1654,10,1,mysql_target_000595;mysql_target_001397
mysql_aflgo_r1,mysql,1,src/mysql-server/sql/sql_update.cc:1665:0:0,/src/mysql-server/sql/sql_update.cc,1665,1665,0,0,mysql_target_000595;mysql_target_001397
mysql_aflgo_r1,mysql,1,src/mysql-server/sql/sql_update.cc:1665:0:1,/src/mysql-server/sql/sql_update.cc,1665,1665,51,1,mysql_target_000595;mysql_target_001397
mysql_aflgo_r1,mysql,1,src/mysql-server/sql/sql_update.cc:1667:0:0,/src/mysql-server/sql/sql_update.cc,1667,1667,0,0,mysql_target_000595;mysql_target_001397
mysql_aflgo_r1,mysql,1,src/mysql-server/sql/sql_update.cc:1667:0:1,/src/mysql-server/sql/sql_update.cc,1667,1667,51,1,mysql_target_000595;mysql_target_001397
mysql_aflgo_r1,mysql,1,src/mysql-server/sql/sql_update.cc:1670:0:0,/src/mysql-server/sql/sql_update.cc,1670,1670,0,0,mysql_target_000595;mysql_target_001397
mysql_aflgo_r1,mysql,1,src/mysql-server/sql/sql_update.cc:1670:0:1,/src/mysql-server/sql/sql_update.cc,1670,1670,51,1,mysql_target_000595;mysql_target_001397
mysql_aflgo_r1,mysql,1,src/mysql-server/sql/sql_update.cc:1679:0:0,/src/mysql-server/sql/sql_update.cc,1679,1679,0,0,mysql_target_000595;mysql_target_001397
mysql_aflgo_r1,mysql,1,src/mysql-server/sql/sql_update.cc:1679:0:1,/src/mysql-server/sql/sql_update.cc,1679,1679,51,1,mysql_target_000595;mysql_target_001397
mysql_aflgo_r1,mysql,1,src/mysql-server/sql/sql_update.cc:1685:0:0,/src/mysql-server/sql/sql_update.cc,1685,1685,0,0,mysql_target_000595;mysql_target_001397
mysql_aflgo_r1,mysql,1,src/mysql-server/sql/sql_update.cc:1685:0:1,/src/mysql-server/sql/sql_update.cc,1685,1685,0,0,mysql_target_000595;mysql_target_001397
mysql_aflgo_r1,mysql,1,src/mysql-server/sql/sql_update.cc:1691:0:0,/src/mysql-server/sql/sql_update.cc,1691,1691,0,0,mysql_target_000595;mysql_target_001397
mysql_aflgo_r1,mysql,1,src/mysql-server/sql/sql_update.cc:1691:0:1,/src/mysql-server/sql/sql_update.cc,1691,1691,51,1,mysql_target_000595;mysql_target_001397
mysql_aflgo_r1,mysql,1,src/mysql-server/sql/sql_update.cc:1708:0:0,/src/mysql-server/sql/sql_update.cc,1708,1708,61,1,mysql_target_000595;mysql_target_001397
mysql_aflgo_r1,mysql,1,src/mysql-server/sql/sql_update.cc:1708:0:1,/src/mysql-server/sql/sql_update.cc,1708,1708,51,1,mysql_target_000595;mysql_target_001397
mysql_aflgo_r1,mysql,1,src/mysql-server/sql/sql_update.cc:1709:0:0,/src/mysql-server/sql/sql_update.cc,1709,1709,51,1,mysql_target_000595;mysql_target_001397
mysql_aflgo_r1,mysql,1,src/mysql-server/sql/sql_update.cc:1709:0:1,/src/mysql-server/sql/sql_update.cc,1709,1709,10,1,mysql_target_000595;mysql_target_001397
mysql_aflgo_r1,mysql,1,src/mysql-server/sql/sql_update.cc:1713:0:0,/src/mysql-server/sql/sql_update.cc,1713,1713,0,0,mysql_target_000595;mysql_target_001397
mysql_aflgo_r1,mysql,1,src/mysql-server/sql/sql_update.cc:1713:0:1,/src/mysql-server/sql/sql_update.cc,1713,1713,51,1,mysql_target_000595;mysql_target_001397
mysql_aflgo_r1,mysql,1,src/mysql-server/sql/sql_update.cc:1721:0:0,/src/mysql-server/sql/sql_update.cc,1721,1721,0,0,mysql_target_000595;mysql_target_001397;mysql_target_001398
mysql_aflgo_r1,mysql,1,src/mysql-server/sql/sql_update.cc:1721:0:1,/src/mysql-server/sql/sql_update.cc,1721,1721,51,1,mysql_target_000595;mysql_target_001397;mysql_target_001398
mysql_aflgo_r1,mysql,1,src/mysql-server/sql/sql_update.cc:1723:0:0,/src/mysql-server/sql/sql_update.cc,1723,1723,41,1,mysql_target_000595;mysql_target_001397;mysql_target_001398
mysql_aflgo_r1,mysql,1,src/mysql-server/sql/sql_update.cc:1723:0:1,/src/mysql-server/sql/sql_update.cc,1723,1723,10,1,mysql_target_000595;mysql_target_001397;mysql_target_001398
mysql_aflgo_r1,mysql,1,src/mysql-server/sql/sql_update.cc:1729:0:0,/src/mysql-server/sql/sql_update.cc,1729,1729,0,0,mysql_target_000595;mysql_target_001397;mysql_target_001398
mysql_aflgo_r1,mysql,1,src/mysql-server/sql/sql_update.cc:1729:0:1,/src/mysql-server/sql/sql_update.cc,1729,1729,41,1,mysql_target_000595;mysql_target_001397;mysql_target_001398
mysql_aflgo_r1,mysql,1,src/mysql-server/sql/sql_update.cc:1732:0:0,/src/mysql-server/sql/sql_update.cc,1732,1732,41,1,mysql_target_000595;mysql_target_001397
mysql_aflgo_r1,mysql,1,src/mysql-server/sql/sql_update.cc:1732:0:1,/src/mysql-server/sql/sql_update.cc,1732,1732,0,0,mysql_target_000595;mysql_target_001397
mysql_aflgo_r1,mysql,1,src/mysql-server/sql/sql_update.cc:1733:0:0,/src/mysql-server/sql/sql_update.cc,1733,1733,0,0,mysql_target_000595;mysql_target_001397
mysql_aflgo_r1,mysql,1,src/mysql-server/sql/sql_update.cc:1733:0:1,/src/mysql-server/sql/sql_update.cc,1733,1733,41,1,mysql_target_000595;mysql_target_001397
mysql_aflgo_r1,mysql,1,src/mysql-server/sql/sql_update.cc:1752:0:0,/src/mysql-server/sql/sql_update.cc,1752,1752,0,0,mysql_target_000595;mysql_target_001397;mysql_target_001399
mysql_aflgo_r1,mysql,1,src/mysql-server/sql/sql_update.cc:1752:0:1,/src/mysql-server/sql/sql_update.cc,1752,1752,41,1,mysql_target_000595;mysql_target_001397;mysql_target_001399
mysql_aflgo_r1,mysql,1,src/mysql-server/sql/sql_update.cc:1752:1:2,/src/mysql-server/sql/sql_update.cc,1752,1752,0,0,mysql_target_000595;mysql_target_001397;mysql_target_001399
mysql_aflgo_r1,mysql,1,src/mysql-server/sql/sql_update.cc:1752:1:3,/src/mysql-server/sql/sql_update.cc,1752,1752,0,0,mysql_target_000595;mysql_target_001397;mysql_target_001399
mysql_aflgo_r1,mysql,1,src/mysql-server/sql/sql_update.cc:1756:0:0,/src/mysql-server/sql/sql_update.cc,1756,1756,61,1,mysql_target_000595;mysql_target_001397;mysql_target_001399;mysql_target_001400
mysql_aflgo_r1,mysql,1,src/mysql-server/sql/sql_update.cc:1756:0:1,/src/mysql-server/sql/sql_update.cc,1756,1756,51,1,mysql_target_000595;mysql_target_001397;mysql_target_001399;mysql_target_001400
mysql_aflgo_r1,mysql,1,src/mysql-server/sql/sql_update.cc:1757:0:0,/src/mysql-server/sql/sql_update.cc,1757,1757,51,1,mysql_target_000595;mysql_target_001397;mysql_target_001399;mysql_target_001400;mysql_target_001401
mysql_aflgo_r1,mysql,1,src/mysql-server/sql/sql_update.cc:1757:0:1,/src/mysql-server/sql/sql_update.cc,1757,1757,10,1,mysql_target_000595;mysql_target_001397;mysql_target_001399;mysql_target_001400;mysql_target_001401
mysql_aflgo_r1,mysql,1,src/mysql-server/sql/sql_update.cc:1759:0:0,/src/mysql-server/sql/sql_update.cc,1759,1759,0,0,mysql_target_000595;mysql_target_001397;mysql_target_001399;mysql_target_001400;mysql_target_001401
mysql_aflgo_r1,mysql,1,src/mysql-server/sql/sql_update.cc:1759:0:1,/src/mysql-server/sql/sql_update.cc,1759,1759,51,1,mysql_target_000595;mysql_target_001397;mysql_target_001399;mysql_target_001400;mysql_target_001401
mysql_aflgo_r1,mysql,1,src/mysql-server/sql/sql_update.cc:1764:0:0,/src/mysql-server/sql/sql_update.cc,1764,1764,21,1,mysql_target_000595;mysql_target_001397;mysql_target_001400;mysql_target_001401
mysql_aflgo_r1,mysql,1,src/mysql-server/sql/sql_update.cc:1764:0:1,/src/mysql-server/sql/sql_update.cc,1764,1764,30,1,mysql_target_000595;mysql_target_001397;mysql_target_001400;mysql_target_001401
mysql_aflgo_r1,mysql,1,src/mysql-server/sql/sql_update.cc:1764:1:2,/src/mysql-server/sql/sql_update.cc,1764,1764,0,0,mysql_target_000595;mysql_target_001397;mysql_target_001400;mysql_target_001401
mysql_aflgo_r1,mysql,1,src/mysql-server/sql/sql_update.cc:1764:1:3,/src/mysql-server/sql/sql_update.cc,1764,1764,30,1,mysql_target_000595;mysql_target_001397;mysql_target_001400;mysql_target_001401
mysql_aflgo_r1,mysql,1,src/mysql-server/sql/sql_update.cc:1765:0:0,/src/mysql-server/sql/sql_update.cc,1765,1765,0,0,mysql_target_000595;mysql_target_001397;mysql_target_001400;mysql_target_001401
mysql_aflgo_r1,mysql,1,src/mysql-server/sql/sql_update.cc:1765:0:1,/src/mysql-server/sql/sql_update.cc,1765,1765,21,1,mysql_target_000595;mysql_target_001397;mysql_target_001400;mysql_target_001401
mysql_aflgo_r1,mysql,1,src/mysql-server/sql/sql_update.cc:1769:0:0,/src/mysql-server/sql/sql_update.cc,1769,1769,51,1,mysql_target_000595;mysql_target_001397
mysql_aflgo_r1,mysql,1,src/mysql-server/sql/sql_update.cc:1769:0:1,/src/mysql-server/sql/sql_update.cc,1769,1769,51,1,mysql_target_000595;mysql_target_001397
mysql_aflgo_r1,mysql,1,src/mysql-server/sql/sql_update.cc:1773:0:0,/src/mysql-server/sql/sql_update.cc,1773,1773,51,1,mysql_target_000595;mysql_target_001397
mysql_aflgo_r1,mysql,1,src/mysql-server/sql/sql_update.cc:1773:0:1,/src/mysql-server/sql/sql_update.cc,1773,1773,0,0,mysql_target_000595;mysql_target_001397
mysql_aflgo_r1,mysql,1,src/mysql-server/sql/sql_update.cc:1773:1:2,/src/mysql-server/sql/sql_update.cc,1773,1773,0,0,mysql_target_000595;mysql_target_001397
mysql_aflgo_r1,mysql,1,src/mysql-server/sql/sql_update.cc:1773:1:3,/src/mysql-server/sql/sql_update.cc,1773,1773,51,1,mysql_target_000595;mysql_target_001397
mysql_aflgo_r1,mysql,1,src/mysql-server/sql/sql_update.cc:1797:0:0,/src/mysql-server/sql/sql_update.cc,1797,1797,10,1,mysql_target_000595;mysql_target_001397
mysql_aflgo_r1,mysql,1,src/mysql-server/sql/sql_update.cc:1797:0:1,/src/mysql-server/sql/sql_update.cc,1797,1797,0,0,mysql_target_000595;mysql_target_001397
mysql_aflgo_r1,mysql,1,src/mysql-server/sql/sql_update.cc:1797:1:2,/src/mysql-server/sql/sql_update.cc,1797,1797,10,1,mysql_target_000595;mysql_target_001397
mysql_aflgo_r1,mysql,1,src/mysql-server/sql/sql_update.cc:1797:1:3,/src/mysql-server/sql/sql_update.cc,1797,1797,0,0,mysql_target_000595;mysql_target_001397
mysql_aflgo_r1,mysql,1,src/mysql-server/sql/sql_update.cc:1802:0:0,/src/mysql-server/sql/sql_update.cc,1802,1802,0,0,mysql_target_000595;mysql_target_001397
mysql_aflgo_r1,mysql,1,src/mysql-server/sql/sql_update.cc:1802:0:1,/src/mysql-server/sql/sql_update.cc,1802,1802,51,1,mysql_target_000595;mysql_target_001397
mysql_aflgo_r1,mysql,1,src/mysql-server/sql/sql_update.cc:1803:0:0,/src/mysql-server/sql/sql_update.cc,1803,1803,0,0,mysql_target_000595;mysql_target_001397
mysql_aflgo_r1,mysql,1,src/mysql-server/sql/sql_update.cc:1803:0:1,/src/mysql-server/sql/sql_update.cc,1803,1803,0,0,mysql_target_000595;mysql_target_001397
mysql_aflgo_r1,mysql,1,src/mysql-server/sql/sql_update.cc:1812:0:0,/src/mysql-server/sql/sql_update.cc,1812,1812,61,1,mysql_target_000595;mysql_target_001397
mysql_aflgo_r1,mysql,1,src/mysql-server/sql/sql_update.cc:1812:0:1,/src/mysql-server/sql/sql_update.cc,1812,1812,51,1,mysql_target_000595;mysql_target_001397
mysql_aflgo_r1,mysql,1,src/mysql-server/sql/sql_update.cc:1813:0:0,/src/mysql-server/sql/sql_update.cc,1813,1813,51,1,mysql_target_000595;mysql_target_001397
mysql_aflgo_r1,mysql,1,src/mysql-server/sql/sql_update.cc:1813:0:1,/src/mysql-server/sql/sql_update.cc,1813,1813,10,1,mysql_target_000595;mysql_target_001397
mysql_aflgo_r1,mysql,1,src/mysql-server/sql/sql_update.cc:1815:0:0,/src/mysql-server/sql/sql_update.cc,1815,1815,0,0,mysql_target_000595;mysql_target_001397
mysql_aflgo_r1,mysql,1,src/mysql-server/sql/sql_update.cc:1815:0:1,/src/mysql-server/sql/sql_update.cc,1815,1815,51,1,mysql_target_000595;mysql_target_001397
mysql_aflgo_r1,mysql,1,src/mysql-server/sql/sql_update.cc:1829:0:0,/src/mysql-server/sql/sql_update.cc,1829,1829,61,1,mysql_target_000595;mysql_target_001397
mysql_aflgo_r1,mysql,1,src/mysql-server/sql/sql_update.cc:1829:0:1,/src/mysql-server/sql/sql_update.cc,1829,1829,51,1,mysql_target_000595;mysql_target_001397
mysql_aflgo_r1,mysql,1,src/mysql-server/sql/sql_update.cc:1830:0:0,/src/mysql-server/sql/sql_update.cc,1830,1830,0,0,mysql_target_000595;mysql_target_001397
mysql_aflgo_r1,mysql,1,src/mysql-server/sql/sql_update.cc:1830:0:1,/src/mysql-server/sql/sql_update.cc,1830,1830,61,1,mysql_target_000595;mysql_target_001397
mysql_aflgo_r1,mysql,1,src/mysql-server/sql/sql_update.cc:1833:0:0,/src/mysql-server/sql/sql_update.cc,1833,1833,0,0,mysql_target_000595;mysql_target_001397
mysql_aflgo_r1,mysql,1,src/mysql-server/sql/sql_update.cc:1833:0:1,/src/mysql-server/sql/sql_update.cc,1833,1833,0,0,mysql_target_000595;mysql_target_001397
mysql_aflgo_r1,mysql,1,src/mysql-server/sql/sql_update.cc:1847:0:0,/src/mysql-server/sql/sql_update.cc,1847,1847,10,1,mysql_target_000595;mysql_target_001397
mysql_aflgo_r1,mysql,1,src/mysql-server/sql/sql_update.cc:1847:0:1,/src/mysql-server/sql/sql_update.cc,1847,1847,41,1,mysql_target_000595;mysql_target_001397
mysql_aflgo_r1,mysql,1,src/mysql-server/sql/sql_update.cc:1847:1:2,/src/mysql-server/sql/sql_update.cc,1847,1847,0,0,mysql_target_000595;mysql_target_001397
mysql_aflgo_r1,mysql,1,src/mysql-server/sql/sql_update.cc:1847:1:3,/src/mysql-server/sql/sql_update.cc,1847,1847,41,1,mysql_target_000595;mysql_target_001397
mysql_aflgo_r1,mysql,1,src/mysql-server/sql/sql_update.cc:1848:0:0,/src/mysql-server/sql/sql_update.cc,1848,1848,0,0,mysql_target_000595;mysql_target_001397
mysql_aflgo_r1,mysql,1,src/mysql-server/sql/sql_update.cc:1848:0:1,/src/mysql-server/sql/sql_update.cc,1848,1848,10,1,mysql_target_000595;mysql_target_001397
mysql_aflgo_r1,mysql,1,src/mysql-server/sql/sql_update.cc:1852:0:0,/src/mysql-server/sql/sql_update.cc,1852,1852,0,0,mysql_target_000595;mysql_target_001397
mysql_aflgo_r1,mysql,1,src/mysql-server/sql/sql_update.cc:1852:0:1,/src/mysql-server/sql/sql_update.cc,1852,1852,10,1,mysql_target_000595;mysql_target_001397
mysql_aflgo_r1,mysql,1,src/mysql-server/sql/sql_update.cc:1857:0:0,/src/mysql-server/sql/sql_update.cc,1857,1857,0,0,mysql_target_000595;mysql_target_001397
mysql_aflgo_r1,mysql,1,src/mysql-server/sql/sql_update.cc:1857:0:1,/src/mysql-server/sql/sql_update.cc,1857,1857,51,1,mysql_target_000595;mysql_target_001397
mysql_aflgo_r1,mysql,1,src/mysql-server/sql/sql_update.cc:1859:0:0,/src/mysql-server/sql/sql_update.cc,1859,1859,0,0,mysql_target_000595;mysql_target_001397
mysql_aflgo_r1,mysql,1,src/mysql-server/sql/sql_update.cc:1859:0:1,/src/mysql-server/sql/sql_update.cc,1859,1859,0,0,mysql_target_000595;mysql_target_001397
mysql_aflgo_r1,mysql,1,src/mysql-server/sql/sql_update.cc:1866:0:0,/src/mysql-server/sql/sql_update.cc,1866,1866,0,0,mysql_target_000595;mysql_target_001397
mysql_aflgo_r1,mysql,1,src/mysql-server/sql/sql_update.cc:1866:0:1,/src/mysql-server/sql/sql_update.cc,1866,1866,51,1,mysql_target_000595;mysql_target_001397
mysql_aflgo_r1,mysql,1,src/mysql-server/sql/sql_update.cc:1866:1:2,/src/mysql-server/sql/sql_update.cc,1866,1866,0,0,mysql_target_000595;mysql_target_001397
mysql_aflgo_r1,mysql,1,src/mysql-server/sql/sql_update.cc:1866:1:3,/src/mysql-server/sql/sql_update.cc,1866,1866,0,0,mysql_target_000595;mysql_target_001397
mysql_aflgo_r1,mysql,1,src/mysql-server/sql/sql_update.cc:1869:0:0,/src/mysql-server/sql/sql_update.cc,1869,1869,10,1,mysql_target_000595;mysql_target_001397
mysql_aflgo_r1,mysql,1,src/mysql-server/sql/sql_update.cc:1869:0:1,/src/mysql-server/sql/sql_update.cc,1869,1869,41,1,mysql_target_000595;mysql_target_001397
mysql_aflgo_r1,mysql,1,src/mysql-server/sql/sql_update.cc:1870:0:0,/src/mysql-server/sql/sql_update.cc,1870,1870,0,0,mysql_target_000595;mysql_target_001397
mysql_aflgo_r1,mysql,1,src/mysql-server/sql/sql_update.cc:1870:0:1,/src/mysql-server/sql/sql_update.cc,1870,1870,10,1,mysql_target_000595;mysql_target_001397
mysql_aflgo_r1,mysql,1,src/mysql-server/sql/sql_update.cc:1877:0:0,/src/mysql-server/sql/sql_update.cc,1877,1877,0,0,mysql_target_000595;mysql_target_001397
mysql_aflgo_r1,mysql,1,src/mysql-server/sql/sql_update.cc:1877:0:1,/src/mysql-server/sql/sql_update.cc,1877,1877,51,1,mysql_target_000595;mysql_target_001397
mysql_aflgo_r1,mysql,1,src/mysql-server/sql/sql_update.cc:1877:1:2,/src/mysql-server/sql/sql_update.cc,1877,1877,0,0,mysql_target_000595;mysql_target_001397
mysql_aflgo_r1,mysql,1,src/mysql-server/sql/sql_update.cc:1877:1:3,/src/mysql-server/sql/sql_update.cc,1877,1877,0,0,mysql_target_000595;mysql_target_001397
mysql_aflgo_r1,mysql,1,src/mysql-server/sql/sql_update.cc:1882:0:0,/src/mysql-server/sql/sql_update.cc,1882,1882,0,0,mysql_target_000595;mysql_target_001397
mysql_aflgo_r1,mysql,1,src/mysql-server/sql/sql_update.cc:1882:0:1,/src/mysql-server/sql/sql_update.cc,1882,1882,51,1,mysql_target_000595;mysql_target_001397
mysql_aflgo_r1,mysql,1,src/mysql-server/sql/sql_update.cc:1885:0:0,/src/mysql-server/sql/sql_update.cc,1885,1885,0,0,mysql_target_000595;mysql_target_001397
mysql_aflgo_r1,mysql,1,src/mysql-server/sql/sql_update.cc:1885:0:1,/src/mysql-server/sql/sql_update.cc,1885,1885,51,1,mysql_target_000595;mysql_target_001397
mysql_aflgo_r1,mysql,1,src/mysql-server/sql/sql_update.cc:1898:0:0,/src/mysql-server/sql/sql_update.cc,1898,1898,0,0,mysql_target_000596;mysql_target_001402
mysql_aflgo_r1,mysql,1,src/mysql-server/sql/sql_update.cc:1898:0:1,/src/mysql-server/sql/sql_update.cc,1898,1898,51,1,mysql_target_000596;mysql_target_001402
mysql_aflgo_r1,mysql,1,src/mysql-server/sql/sql_update.cc:1899:0:0,/src/mysql-server/sql/sql_update.cc,1899,1899,0,0,mysql_target_000596;mysql_target_001402
mysql_aflgo_r1,mysql,1,src/mysql-server/sql/sql_update.cc:1899:0:1,/src/mysql-server/sql/sql_update.cc,1899,1899,0,0,mysql_target_000596;mysql_target_001402
mysql_aflgo_r1,mysql,1,src/mysql-server/sql/sql_update.cc:1909:0:0,/src/mysql-server/sql/sql_update.cc,1909,1909,10,1,mysql_target_000597;mysql_target_001403
mysql_aflgo_r1,mysql,1,src/mysql-server/sql/sql_update.cc:1909:0:1,/src/mysql-server/sql/sql_update.cc,1909,1909,41,1,mysql_target_000597;mysql_target_001403
mysql_aflgo_r1,mysql,1,src/mysql-server/sql/sql_update.cc:2005:0:0,/src/mysql-server/sql/sql_update.cc,2005,2005,20,1,mysql_target_001406
mysql_aflgo_r1,mysql,1,src/mysql-server/sql/sql_update.cc:2005:0:1,/src/mysql-server/sql/sql_update.cc,2005,2005,10,1,mysql_target_001406
mysql_aflgo_r1,mysql,1,src/mysql-server/sql/sql_update.cc:2022:0:0,/src/mysql-server/sql/sql_update.cc,2022,2022,20,1,mysql_target_001407
mysql_aflgo_r1,mysql,1,src/mysql-server/sql/sql_update.cc:2022:0:1,/src/mysql-server/sql/sql_update.cc,2022,2022,10,1,mysql_target_001407
mysql_aflgo_r1,mysql,1,src/mysql-server/sql/sql_update.cc:2023:0:0,/src/mysql-server/sql/sql_update.cc,2023,2023,10,1,mysql_target_001407
mysql_aflgo_r1,mysql,1,src/mysql-server/sql/sql_update.cc:2023:0:1,/src/mysql-server/sql/sql_update.cc,2023,2023,10,1,mysql_target_001407
mysql_aflgo_r1,mysql,1,src/mysql-server/sql/sql_update.cc:2286:0:0,/src/mysql-server/sql/sql_update.cc,2286,2286,20,1,mysql_target_000599;mysql_target_001409;mysql_target_001410;mysql_target_001411
mysql_aflgo_r1,mysql,1,src/mysql-server/sql/sql_update.cc:2286:0:1,/src/mysql-server/sql/sql_update.cc,2286,2286,10,1,mysql_target_000599;mysql_target_001409;mysql_target_001410;mysql_target_001411
mysql_aflgo_r1,mysql,1,src/mysql-server/sql/sql_update.cc:2287:0:0,/src/mysql-server/sql/sql_update.cc,2287,2287,10,1,mysql_target_000599;mysql_target_001409;mysql_target_001410;mysql_target_001411
mysql_aflgo_r1,mysql,1,src/mysql-server/sql/sql_update.cc:2287:0:1,/src/mysql-server/sql/sql_update.cc,2287,2287,10,1,mysql_target_000599;mysql_target_001409;mysql_target_001410;mysql_target_001411
mysql_aflgo_r1,mysql,1,src/mysql-server/sql/sql_update.cc:2294:0:0,/src/mysql-server/sql/sql_update.cc,2294,2294,0,0,mysql_target_000599;mysql_target_001409
mysql_aflgo_r1,mysql,1,src/mysql-server/sql/sql_update.cc:2294:0:1,/src/mysql-server/sql/sql_update.cc,2294,2294,10,1,mysql_target_000599;mysql_target_001409
mysql_aflgo_r1,mysql,1,src/mysql-server/sql/sql_update.cc:2295:0:0,/src/mysql-server/sql/sql_update.cc,2295,2295,0,0,mysql_target_000599;mysql_target_001409
mysql_aflgo_r1,mysql,1,src/mysql-server/sql/sql_update.cc:2295:0:1,/src/mysql-server/sql/sql_update.cc,2295,2295,0,0,mysql_target_000599;mysql_target_001409
mysql_aflgo_r1,mysql,1,src/mysql-server/sql/sql_update.cc:2308:0:0,/src/mysql-server/sql/sql_update.cc,2308,2308,0,0,mysql_target_000599;mysql_target_001409
mysql_aflgo_r1,mysql,1,src/mysql-server/sql/sql_update.cc:2308:0:1,/src/mysql-server/sql/sql_update.cc,2308,2308,10,1,mysql_target_000599;mysql_target_001409
mysql_aflgo_r1,mysql,1,src/mysql-server/sql/sql_update.cc:2310:0:0,/src/mysql-server/sql/sql_update.cc,2310,2310,10,1,mysql_target_000599;mysql_target_001409
mysql_aflgo_r1,mysql,1,src/mysql-server/sql/sql_update.cc:2310:0:1,/src/mysql-server/sql/sql_update.cc,2310,2310,0,0,mysql_target_000599;mysql_target_001409
mysql_aflgo_r1,mysql,1,src/mysql-server/sql/sql_update.cc:2310:1:2,/src/mysql-server/sql/sql_update.cc,2310,2310,0,0,mysql_target_000599;mysql_target_001409
mysql_aflgo_r1,mysql,1,src/mysql-server/sql/sql_update.cc:2310:1:3,/src/mysql-server/sql/sql_update.cc,2310,2310,10,1,mysql_target_000599;mysql_target_001409
mysql_aflgo_r1,mysql,1,src/mysql-server/sql/sql_update.cc:2321:0:0,/src/mysql-server/sql/sql_update.cc,2321,2321,10,1,mysql_target_000599;mysql_target_001409
mysql_aflgo_r1,mysql,1,src/mysql-server/sql/sql_update.cc:2321:0:1,/src/mysql-server/sql/sql_update.cc,2321,2321,0,0,mysql_target_000599;mysql_target_001409
mysql_aflgo_r1,mysql,1,src/mysql-server/sql/sql_update.cc:2328:0:0,/src/mysql-server/sql/sql_update.cc,2328,2328,0,0,mysql_target_000599;mysql_target_001409
mysql_aflgo_r1,mysql,1,src/mysql-server/sql/sql_update.cc:2328:0:1,/src/mysql-server/sql/sql_update.cc,2328,2328,10,1,mysql_target_000599;mysql_target_001409
mysql_aflgo_r1,mysql,1,src/mysql-server/sql/sql_update.cc:2336:0:0,/src/mysql-server/sql/sql_update.cc,2336,2336,0,0,mysql_target_000599;mysql_target_001409
mysql_aflgo_r1,mysql,1,src/mysql-server/sql/sql_update.cc:2336:0:1,/src/mysql-server/sql/sql_update.cc,2336,2336,10,1,mysql_target_000599;mysql_target_001409
mysql_aflgo_r1,mysql,1,src/mysql-server/sql/sql_update.cc:2348:0:0,/src/mysql-server/sql/sql_update.cc,2348,2348,10,1,mysql_target_000599;mysql_target_001409;mysql_target_001413
mysql_aflgo_r1,mysql,1,src/mysql-server/sql/sql_update.cc:2348:0:1,/src/mysql-server/sql/sql_update.cc,2348,2348,10,1,mysql_target_000599;mysql_target_001409;mysql_target_001413
mysql_aflgo_r1,mysql,1,src/mysql-server/sql/sql_update.cc:2356:0:0,/src/mysql-server/sql/sql_update.cc,2356,2356,0,0,mysql_target_000599;mysql_target_001409
mysql_aflgo_r1,mysql,1,src/mysql-server/sql/sql_update.cc:2356:0:1,/src/mysql-server/sql/sql_update.cc,2356,2356,10,1,mysql_target_000599;mysql_target_001409
mysql_aflgo_r1,mysql,1,src/mysql-server/sql/sql_update.cc:2357:0:0,/src/mysql-server/sql/sql_update.cc,2357,2357,10,1,mysql_target_000599;mysql_target_001409
mysql_aflgo_r1,mysql,1,src/mysql-server/sql/sql_update.cc:2357:0:1,/src/mysql-server/sql/sql_update.cc,2357,2357,0,0,mysql_target_000599;mysql_target_001409
mysql_aflgo_r1,mysql,1,src/mysql-server/sql/sql_update.cc:2359:0:0,/src/mysql-server/sql/sql_update.cc,2359,2359,10,1,mysql_target_000599;mysql_target_001409
mysql_aflgo_r1,mysql,1,src/mysql-server/sql/sql_update.cc:2359:0:1,/src/mysql-server/sql/sql_update.cc,2359,2359,0,0,mysql_target_000599;mysql_target_001409
mysql_aflgo_r1,mysql,1,src/mysql-server/sql/sql_update.cc:2363:0:0,/src/mysql-server/sql/sql_update.cc,2363,2363,0,0,mysql_target_000599;mysql_target_001409
mysql_aflgo_r1,mysql,1,src/mysql-server/sql/sql_update.cc:2363:0:1,/src/mysql-server/sql/sql_update.cc,2363,2363,10,1,mysql_target_000599;mysql_target_001409
mysql_aflgo_r1,mysql,1,src/mysql-server/sql/sql_update.cc:2371:0:0,/src/mysql-server/sql/sql_update.cc,2371,2371,0,0,mysql_target_000599;mysql_target_001409
mysql_aflgo_r1,mysql,1,src/mysql-server/sql/sql_update.cc:2371:0:1,/src/mysql-server/sql/sql_update.cc,2371,2371,0,0,mysql_target_000599;mysql_target_001409
mysql_aflgo_r1,mysql,1,src/mysql-server/sql/sql_update.cc:2372:0:0,/src/mysql-server/sql/sql_update.cc,2372,2372,0,0,mysql_target_000599;mysql_target_001409
mysql_aflgo_r1,mysql,1,src/mysql-server/sql/sql_update.cc:2372:0:1,/src/mysql-server/sql/sql_update.cc,2372,2372,0,0,mysql_target_000599;mysql_target_001409
mysql_aflgo_r1,mysql,1,src/mysql-server/sql/sql_update.cc:2374:0:0,/src/mysql-server/sql/sql_update.cc,2374,2374,0,0,mysql_target_000599;mysql_target_001409
mysql_aflgo_r1,mysql,1,src/mysql-server/sql/sql_update.cc:2374:0:1,/src/mysql-server/sql/sql_update.cc,2374,2374,0,0,mysql_target_000599;mysql_target_001409
mysql_aflgo_r1,mysql,1,src/mysql-server/sql/sql_update.cc:2389:0:0,/src/mysql-server/sql/sql_update.cc,2389,2389,0,0,mysql_target_000599;mysql_target_001409
mysql_aflgo_r1,mysql,1,src/mysql-server/sql/sql_update.cc:2389:0:1,/src/mysql-server/sql/sql_update.cc,2389,2389,0,0,mysql_target_000599;mysql_target_001409
mysql_aflgo_r1,mysql,1,src/mysql-server/sql/sql_update.cc:2389:1:2,/src/mysql-server/sql/sql_update.cc,2389,2389,0,0,mysql_target_000599;mysql_target_001409
mysql_aflgo_r1,mysql,1,src/mysql-server/sql/sql_update.cc:2389:1:3,/src/mysql-server/sql/sql_update.cc,2389,2389,0,0,mysql_target_000599;mysql_target_001409
mysql_aflgo_r1,mysql,1,src/mysql-server/sql/sql_update.cc:2393:0:0,/src/mysql-server/sql/sql_update.cc,2393,2393,0,0,mysql_target_000599;mysql_target_001409;mysql_target_001414
mysql_aflgo_r1,mysql,1,src/mysql-server/sql/sql_update.cc:2393:0:1,/src/mysql-server/sql/sql_update.cc,2393,2393,0,0,mysql_target_000599;mysql_target_001409;mysql_target_001414
mysql_aflgo_r1,mysql,1,src/mysql-server/sql/sql_update.cc:2396:0:0,/src/mysql-server/sql/sql_update.cc,2396,2396,0,0,mysql_target_000599;mysql_target_001409;mysql_target_001414
mysql_aflgo_r1,mysql,1,src/mysql-server/sql/sql_update.cc:2396:0:1,/src/mysql-server/sql/sql_update.cc,2396,2396,0,0,mysql_target_000599;mysql_target_001409;mysql_target_001414
mysql_aflgo_r1,mysql,1,src/mysql-server/sql/sql_update.cc:2398:0:0,/src/mysql-server/sql/sql_update.cc,2398,2398,0,0,mysql_target_000599;mysql_target_001409;mysql_target_001414
mysql_aflgo_r1,mysql,1,src/mysql-server/sql/sql_update.cc:2398:0:1,/src/mysql-server/sql/sql_update.cc,2398,2398,0,0,mysql_target_000599;mysql_target_001409;mysql_target_001414
mysql_aflgo_r1,mysql,1,src/mysql-server/sql/sql_update.cc:2408:0:0,/src/mysql-server/sql/sql_update.cc,2408,2408,0,0,mysql_target_000599;mysql_target_001409;mysql_target_001415
mysql_aflgo_r1,mysql,1,src/mysql-server/sql/sql_update.cc:2408:0:1,/src/mysql-server/sql/sql_update.cc,2408,2408,0,0,mysql_target_000599;mysql_target_001409;mysql_target_001415
mysql_aflgo_r1,mysql,1,src/mysql-server/sql/sql_update.cc:2409:0:0,/src/mysql-server/sql/sql_update.cc,2409,2409,0,0,mysql_target_000599;mysql_target_001409;mysql_target_001415
mysql_aflgo_r1,mysql,1,src/mysql-server/sql/sql_update.cc:2409:0:1,/src/mysql-server/sql/sql_update.cc,2409,2409,0,0,mysql_target_000599;mysql_target_001409;mysql_target_001415
mysql_aflgo_r1,mysql,1,src/mysql-server/sql/sql_update.cc:2412:0:0,/src/mysql-server/sql/sql_update.cc,2412,2412,0,0,mysql_target_000599;mysql_target_001409;mysql_target_001416
mysql_aflgo_r1,mysql,1,src/mysql-server/sql/sql_update.cc:2412:0:1,/src/mysql-server/sql/sql_update.cc,2412,2412,0,0,mysql_target_000599;mysql_target_001409;mysql_target_001416
mysql_aflgo_r1,mysql,1,src/mysql-server/sql/sql_update.cc:2412:1:2,/src/mysql-server/sql/sql_update.cc,2412,2412,0,0,mysql_target_000599;mysql_target_001409;mysql_target_001416
mysql_aflgo_r1,mysql,1,src/mysql-server/sql/sql_update.cc:2412:1:3,/src/mysql-server/sql/sql_update.cc,2412,2412,0,0,mysql_target_000599;mysql_target_001409;mysql_target_001416
mysql_aflgo_r1,mysql,1,src/mysql-server/sql/sql_update.cc:2414:0:0,/src/mysql-server/sql/sql_update.cc,2414,2414,0,0,mysql_target_000599;mysql_target_001409;mysql_target_001416
mysql_aflgo_r1,mysql,1,src/mysql-server/sql/sql_update.cc:2414:0:1,/src/mysql-server/sql/sql_update.cc,2414,2414,0,0,mysql_target_000599;mysql_target_001409;mysql_target_001416
mysql_aflgo_r1,mysql,1,src/mysql-server/sql/sql_update.cc:2418:0:0,/src/mysql-server/sql/sql_update.cc,2418,2418,0,0,mysql_target_000599;mysql_target_001409;mysql_target_001416
mysql_aflgo_r1,mysql,1,src/mysql-server/sql/sql_update.cc:2418:0:1,/src/mysql-server/sql/sql_update.cc,2418,2418,0,0,mysql_target_000599;mysql_target_001409;mysql_target_001416
mysql_aflgo_r1,mysql,1,src/mysql-server/sql/sql_update.cc:2433:0:0,/src/mysql-server/sql/sql_update.cc,2433,2433,0,0,mysql_target_000599;mysql_target_001409
mysql_aflgo_r1,mysql,1,src/mysql-server/sql/sql_update.cc:2433:0:1,/src/mysql-server/sql/sql_update.cc,2433,2433,0,0,mysql_target_000599;mysql_target_001409
mysql_aflgo_r1,mysql,1,src/mysql-server/sql/sql_update.cc:2434:0:0,/src/mysql-server/sql/sql_update.cc,2434,2434,0,0,mysql_target_000599;mysql_target_001409
mysql_aflgo_r1,mysql,1,src/mysql-server/sql/sql_update.cc:2434:0:1,/src/mysql-server/sql/sql_update.cc,2434,2434,0,0,mysql_target_000599;mysql_target_001409
mysql_aflgo_r1,mysql,1,src/mysql-server/sql/sql_update.cc:2435:0:0,/src/mysql-server/sql/sql_update.cc,2435,2435,0,0,mysql_target_000599;mysql_target_001409
mysql_aflgo_r1,mysql,1,src/mysql-server/sql/sql_update.cc:2435:0:1,/src/mysql-server/sql/sql_update.cc,2435,2435,0,0,mysql_target_000599;mysql_target_001409
mysql_aflgo_r1,mysql,1,src/mysql-server/sql/sql_update.cc:2453:0:0,/src/mysql-server/sql/sql_update.cc,2453,2453,0,0,mysql_target_000599;mysql_target_001409
mysql_aflgo_r1,mysql,1,src/mysql-server/sql/sql_update.cc:2453:0:1,/src/mysql-server/sql/sql_update.cc,2453,2453,0,0,mysql_target_000599;mysql_target_001409
mysql_aflgo_r1,mysql,1,src/mysql-server/sql/sql_update.cc:2476:0:0,/src/mysql-server/sql/sql_update.cc,2476,2476,10,1,mysql_target_000600;mysql_target_001418
mysql_aflgo_r1,mysql,1,src/mysql-server/sql/sql_update.cc:2476:0:1,/src/mysql-server/sql/sql_update.cc,2476,2476,10,1,mysql_target_000600;mysql_target_001418
mysql_aflgo_r1,mysql,1,src/mysql-server/sql/sql_update.cc:2479:0:0,/src/mysql-server/sql/sql_update.cc,2479,2479,10,1,mysql_target_000600;mysql_target_001418
mysql_aflgo_r1,mysql,1,src/mysql-server/sql/sql_update.cc:2479:0:1,/src/mysql-server/sql/sql_update.cc,2479,2479,0,0,mysql_target_000600;mysql_target_001418
mysql_aflgo_r1,mysql,1,src/mysql-server/sql/sql_update.cc:2480:0:0,/src/mysql-server/sql/sql_update.cc,2480,2480,10,1,mysql_target_000600;mysql_target_001418
mysql_aflgo_r1,mysql,1,src/mysql-server/sql/sql_update.cc:2480:0:1,/src/mysql-server/sql/sql_update.cc,2480,2480,10,1,mysql_target_000600;mysql_target_001418
mysql_aflgo_r1,mysql,1,src/mysql-server/sql/sql_update.cc:2481:0:0,/src/mysql-server/sql/sql_update.cc,2481,2481,0,0,mysql_target_000600;mysql_target_001418
mysql_aflgo_r1,mysql,1,src/mysql-server/sql/sql_update.cc:2481:0:1,/src/mysql-server/sql/sql_update.cc,2481,2481,10,1,mysql_target_000600;mysql_target_001418
mysql_aflgo_r1,mysql,1,src/mysql-server/sql/sql_update.cc:3080:0:0,/src/mysql-server/sql/sql_update.cc,3080,3080,0,0,mysql_target_000601;mysql_target_001419
mysql_aflgo_r1,mysql,1,src/mysql-server/sql/sql_update.cc:3080:0:1,/src/mysql-server/sql/sql_update.cc,3080,3080,0,0,mysql_target_000601;mysql_target_001419
mysql_aflgo_r1,mysql,1,src/mysql-server/sql/sql_update.cc:3081:0:0,/src/mysql-server/sql/sql_update.cc,3081,3081,0,0,mysql_target_000601;mysql_target_001419
mysql_aflgo_r1,mysql,1,src/mysql-server/sql/sql_update.cc:3081:0:1,/src/mysql-server/sql/sql_update.cc,3081,3081,0,0,mysql_target_000601;mysql_target_001419
mysql_aflgo_r1,mysql,1,src/mysql-server/sql/sql_update.cc:3087:0:0,/src/mysql-server/sql/sql_update.cc,3087,3087,0,0,mysql_target_000601;mysql_target_001419
mysql_aflgo_r1,mysql,1,src/mysql-server/sql/sql_update.cc:3087:0:1,/src/mysql-server/sql/sql_update.cc,3087,3087,0,0,mysql_target_000601;mysql_target_001419
mysql_aflgo_r1,mysql,1,src/mysql-server/sql/sql_update.cc:3087:1:2,/src/mysql-server/sql/sql_update.cc,3087,3087,0,0,mysql_target_000601;mysql_target_001419
mysql_aflgo_r1,mysql,1,src/mysql-server/sql/sql_update.cc:3087:1:3,/src/mysql-server/sql/sql_update.cc,3087,3087,0,0,mysql_target_000601;mysql_target_001419
mysql_aflgo_r1,mysql,1,src/mysql-server/sql/sql_update.cc:3088:0:0,/src/mysql-server/sql/sql_update.cc,3088,3088,0,0,mysql_target_000601;mysql_target_001419
mysql_aflgo_r1,mysql,1,src/mysql-server/sql/sql_update.cc:3088:0:1,/src/mysql-server/sql/sql_update.cc,3088,3088,0,0,mysql_target_000601;mysql_target_001419
mysql_aflgo_r1,mysql,1,src/mysql-server/sql/sql_update.cc:3091:0:0,/src/mysql-server/sql/sql_update.cc,3091,3091,0,0,mysql_target_000601;mysql_target_001419
mysql_aflgo_r1,mysql,1,src/mysql-server/sql/sql_update.cc:3091:0:1,/src/mysql-server/sql/sql_update.cc,3091,3091,0,0,mysql_target_000601;mysql_target_001419
mysql_aflgo_r1,mysql,1,src/mysql-server/sql/sql_update.cc:3091:1:2,/src/mysql-server/sql/sql_update.cc,3091,3091,0,0,mysql_target_000601;mysql_target_001419
mysql_aflgo_r1,mysql,1,src/mysql-server/sql/sql_update.cc:3091:1:3,/src/mysql-server/sql/sql_update.cc,3091,3091,0,0,mysql_target_000601;mysql_target_001419
mysql_aflgo_r1,mysql,1,src/mysql-server/sql/sql_update.cc:3095:0:0,/src/mysql-server/sql/sql_update.cc,3095,3095,0,0,mysql_target_000601;mysql_target_001419
mysql_aflgo_r1,mysql,1,src/mysql-server/sql/sql_update.cc:3095:0:1,/src/mysql-server/sql/sql_update.cc,3095,3095,0,0,mysql_target_000601;mysql_target_001419
mysql_aflgo_r1,mysql,1,src/mysql-server/sql/sql_update.cc:3096:0:0,/src/mysql-server/sql/sql_update.cc,3096,3096,0,0,mysql_target_000601;mysql_target_001419
mysql_aflgo_r1,mysql,1,src/mysql-server/sql/sql_update.cc:3096:0:1,/src/mysql-server/sql/sql_update.cc,3096,3096,0,0,mysql_target_000601;mysql_target_001419
mysql_aflgo_r1,mysql,1,src/mysql-server/sql/sql_update.cc:3100:0:0,/src/mysql-server/sql/sql_update.cc,3100,3100,0,0,mysql_target_000601;mysql_target_001419
mysql_aflgo_r1,mysql,1,src/mysql-server/sql/sql_update.cc:3100:0:1,/src/mysql-server/sql/sql_update.cc,3100,3100,0,0,mysql_target_000601;mysql_target_001419
mysql_aflgo_r1,mysql,1,src/mysql-server/sql/sql_update.cc:3103:0:0,/src/mysql-server/sql/sql_update.cc,3103,3103,0,0,mysql_target_000601;mysql_target_001419
mysql_aflgo_r1,mysql,1,src/mysql-server/sql/sql_update.cc:3103:0:1,/src/mysql-server/sql/sql_update.cc,3103,3103,0,0,mysql_target_000601;mysql_target_001419
mysql_aflgo_r1,mysql,1,src/mysql-server/sql/sql_update.cc:3104:0:0,/src/mysql-server/sql/sql_update.cc,3104,3104,0,0,mysql_target_000601;mysql_target_001419
mysql_aflgo_r1,mysql,1,src/mysql-server/sql/sql_update.cc:3104:0:1,/src/mysql-server/sql/sql_update.cc,3104,3104,0,0,mysql_target_000601;mysql_target_001419
mysql_aflgo_r1,mysql,1,src/mysql-server/storage/innobase/btr/btr0load.cc:354:0:0,/src/mysql-server/storage/innobase/btr/btr0load.cc,354,354,0,0,mysql_target_000615
mysql_aflgo_r1,mysql,1,src/mysql-server/storage/innobase/btr/btr0load.cc:354:0:1,/src/mysql-server/storage/innobase/btr/btr0load.cc,354,354,19,1,mysql_target_000615
mysql_aflgo_r1,mysql,1,src/mysql-server/storage/innobase/btr/btr0load.cc:384:0:0,/src/mysql-server/storage/innobase/btr/btr0load.cc,384,384,28,1,mysql_target_000617
mysql_aflgo_r1,mysql,1,src/mysql-server/storage/innobase/btr/btr0load.cc:384:0:1,/src/mysql-server/storage/innobase/btr/btr0load.cc,384,384,10,1,mysql_target_000617
mysql_aflgo_r1,mysql,1,src/mysql-server/storage/innobase/btr/btr0load.cc:384:1:2,/src/mysql-server/storage/innobase/btr/btr0load.cc,384,384,28,1,mysql_target_000617
mysql_aflgo_r1,mysql,1,src/mysql-server/storage/innobase/btr/btr0load.cc:384:1:3,/src/mysql-server/storage/innobase/btr/btr0load.cc,384,384,0,0,mysql_target_000617
mysql_aflgo_r1,mysql,1,src/mysql-server/storage/innobase/btr/btr0load.cc:385:0:0,/src/mysql-server/storage/innobase/btr/btr0load.cc,385,385,28,1,mysql_target_000617
mysql_aflgo_r1,mysql,1,src/mysql-server/storage/innobase/btr/btr0load.cc:385:0:1,/src/mysql-server/storage/innobase/btr/btr0load.cc,385,385,0,0,mysql_target_000617
mysql_aflgo_r1,mysql,1,src/mysql-server/storage/innobase/clone/clone0desc.cc:171:0:0,/src/mysql-server/storage/innobase/clone/clone0desc.cc,171,171,0,0,mysql_target_000619
mysql_aflgo_r1,mysql,1,src/mysql-server/storage/innobase/clone/clone0desc.cc:171:0:1,/src/mysql-server/storage/innobase/clone/clone0desc.cc,171,171,0,0,mysql_target_000619
mysql_aflgo_r1,mysql,1,src/mysql-server/storage/innobase/clone/clone0desc.cc:172:0:0,/src/mysql-server/storage/innobase/clone/clone0desc.cc,172,172,0,0,mysql_target_000619
mysql_aflgo_r1,mysql,1,src/mysql-server/storage/innobase/clone/clone0desc.cc:172:0:1,/src/mysql-server/storage/innobase/clone/clone0desc.cc,172,172,0,0,mysql_target_000619
mysql_aflgo_r1,mysql,1,src/mysql-server/storage/innobase/clone/clone0desc.cc:172:1:2,/src/mysql-server/storage/innobase/clone/clone0desc.cc,172,172,0,0,mysql_target_000619
mysql_aflgo_r1,mysql,1,src/mysql-server/storage/innobase/clone/clone0desc.cc:172:1:3,/src/mysql-server/storage/innobase/clone/clone0desc.cc,172,172,0,0,mysql_target_000619
mysql_aflgo_r1,mysql,1,src/mysql-server/storage/innobase/clone/clone0desc.cc:184:0:0,/src/mysql-server/storage/innobase/clone/clone0desc.cc,184,184,0,0,mysql_target_000619
mysql_aflgo_r1,mysql,1,src/mysql-server/storage/innobase/clone/clone0desc.cc:184:0:1,/src/mysql-server/storage/innobase/clone/clone0desc.cc,184,184,0,0,mysql_target_000619
mysql_aflgo_r1,mysql,1,src/mysql-server/storage/innobase/ddl/ddl0bulk.cc:164:0:0,/src/mysql-server/storage/innobase/ddl/ddl0bulk.cc,164,164,0,0,mysql_target_000624
mysql_aflgo_r1,mysql,1,src/mysql-server/storage/innobase/ddl/ddl0bulk.cc:164:0:1,/src/mysql-server/storage/innobase/ddl/ddl0bulk.cc,164,164,0,0,mysql_target_000624
mysql_aflgo_r1,mysql,1,src/mysql-server/storage/innobase/ddl/ddl0bulk.cc:187:0:0,/src/mysql-server/storage/innobase/ddl/ddl0bulk.cc,187,187,0,0,mysql_target_000624
mysql_aflgo_r1,mysql,1,src/mysql-server/storage/innobase/ddl/ddl0bulk.cc:187:0:1,/src/mysql-server/storage/innobase/ddl/ddl0bulk.cc,187,187,0,0,mysql_target_000624
mysql_aflgo_r1,mysql,1,src/mysql-server/storage/innobase/handler/ha_innodb.cc:18414:0:0,/src/mysql-server/storage/innobase/handler/ha_innodb.cc,18414,18414,0,0,mysql_target_000803
mysql_aflgo_r1,mysql,1,src/mysql-server/storage/innobase/handler/ha_innodb.cc:18414:0:1,/src/mysql-server/storage/innobase/handler/ha_innodb.cc,18414,18414,0,0,mysql_target_000803
mysql_aflgo_r1,mysql,1,src/mysql-server/storage/innobase/handler/ha_innodb.cc:18415:0:0,/src/mysql-server/storage/innobase/handler/ha_innodb.cc,18415,18415,0,0,mysql_target_000803
mysql_aflgo_r1,mysql,1,src/mysql-server/storage/innobase/handler/ha_innodb.cc:18415:0:1,/src/mysql-server/storage/innobase/handler/ha_innodb.cc,18415,18415,0,0,mysql_target_000803
mysql_aflgo_r1,mysql,1,src/mysql-server/storage/innobase/handler/ha_innodb.cc:18419:0:0,/src/mysql-server/storage/innobase/handler/ha_innodb.cc,18419,18419,0,0,mysql_target_000803
mysql_aflgo_r1,mysql,1,src/mysql-server/storage/innobase/handler/ha_innodb.cc:18419:0:1,/src/mysql-server/storage/innobase/handler/ha_innodb.cc,18419,18419,0,0,mysql_target_000803
mysql_aflgo_r1,mysql,1,src/mysql-server/storage/innobase/handler/ha_innodb.cc:18426:0:0,/src/mysql-server/storage/innobase/handler/ha_innodb.cc,18426,18426,0,0,mysql_target_000803
mysql_aflgo_r1,mysql,1,src/mysql-server/storage/innobase/handler/ha_innodb.cc:18426:0:1,/src/mysql-server/storage/innobase/handler/ha_innodb.cc,18426,18426,0,0,mysql_target_000803
mysql_aflgo_r1,mysql,1,src/mysql-server/storage/innobase/handler/ha_innodb.cc:18432:0:0,/src/mysql-server/storage/innobase/handler/ha_innodb.cc,18432,18432,0,0,mysql_target_000803
mysql_aflgo_r1,mysql,1,src/mysql-server/storage/innobase/handler/ha_innodb.cc:18432:0:1,/src/mysql-server/storage/innobase/handler/ha_innodb.cc,18432,18432,0,0,mysql_target_000803
