status,tool,dbms,run,bug_id,first_seen_hours,first_seen_hours_rounded,log_path,validation_file,match_strength,reason,stack_top,stack_excerpt,sql_excerpt
counted_feedback_match,SQLeek,MonetDB,r1,MONETDB-015-REL-GET-STATISTICS,0.837500,0.8375,/root/dfuzz-griffin/griffin_output/griffin_monetdb_sqleek_rnd1/logSaved/id_000000_20260612_11h58m55s/griffin.log,BUG-SQLEEK-MONETDB-015-rel-get-statistics-recursive-cte-not-in-crash.md,exact-top-offset,,[force_exit_all] #0 0x7f361ae1b538 (rel_get_statistics_+0x15f8),[force_exit_all] #0 0x7f361ae1b538 (rel_get_statistics_+0x15f8) | [force_exit_all] #1 0x7f361adef3be (rel_visitor_bu+0x64e) | [force_exit_all] #2 0x7f361adeb4b4 (rel_visitor+0x454) | [force_exit_all] #3 0x7f361adebd1e (rel_visitor_bottomup+0x40e) | [force_exit_all] #4 0x7f361ae19dac (rel_get_statistics+0x4c),"SELECT ( 1 , 2 , 3 ) = ( 1 , 2 , 3 ) ;  SELECT ( 1 , 2 , 3 ) < ( 1 , 2 , 3 ) ;  SELECT NOT ( ( 1 , 2 , 3 ) = ( 1 , 2 , 3 ) ) ;  SELECT ( 1 , 2 , 3 ) IN ( ( 1 ) , ( 2 ) , ( 3 ) ) ;  SELECT ( 1 , 2 , 3 ) IN ( SELECT 1 UNION SELECT 2 UNION SELECT 3 ) ;  SELECT NOT ( ( 1 , 2 , 3 ) = "
counted_feedback_match,SQLeek,MonetDB,r1,MONETDB-016-REL-OPTIMIZE-PROJECTIONS,1.569722,1.569722,/root/dfuzz-griffin/griffin_output/griffin_monetdb_sqleek_rnd1/logSaved/id_000002_20260612_12h42m51s/griffin.log,BUG-SQLEEK-MONETDB-016-rel-optimize-projections-double-rollup-crash.md,exact-top-offset,,[force_exit_all] #0 0x715439946c1f (rel_optimize_projections_+0x47ef),[force_exit_all] #0 0x715439946c1f (rel_optimize_projections_+0x47ef) | [force_exit_all] #1 0x7154398ee5ef (rel_visitor_td+0x2bf) | [force_exit_all] #2 0x7154398ee9f6 (rel_visitor_td+0x6c6) | [force_exit_all] #3 0x7154398ee9f6 (rel_visitor_td+0x6c6) | [force_exit_all] #4 0x7154398ee9f6 (rel_visitor_td+0x6c6),"SELECT a , b , c FROM ( SELECT 1 AS a , 2 AS b , 3 AS c UNION ALL SELECT 4 AS a , NULL AS b , 6 AS c UNION ALL SELECT 7 AS a , 1.770000 AS b , 9 AS c ) AS t GROUP BY ROLLUP ( a , b ) , ROLLUP ( a , c ) ORDER BY a , 71 + - AVG ( 0.100000 ) + 12 / - - COUNT ( * ) , c LIMIT 99 ;  ch"
counted_feedback_match,SQLeek,MonetDB,r1,MONETDB-007-EXP-MATCH-CUBE,7.027500,7.0275,/root/dfuzz-griffin/griffin_output/griffin_monetdb_sqleek_rnd1/logSaved/id_000016_20260612_18h10m19s/griffin.log,BUG-SQLEEK-MONETDB-007-exp-match-cube-subquery-crash.md,exact-top-function,,[force_exit_all] #0 0x7f7e26ac895d (exp_match+0x3d),[force_exit_all] #0 0x7f7e26ac895d (exp_match+0x3d) | [force_exit_all] #1 0x7f7e26ac8d5c (exps_find_exp+0x5c) | [force_exit_all] #2 0x7f7e26afc82d (rel_unnest_projects+0x20d) | [force_exit_all] #3 0x7f7e26ae93be (rel_visitor_bu+0x64e) | [force_exit_all] #4 0x7f7e26ae90dc (rel_visitor_bu+0x36c),"SELECT * FROM ( SELECT * FROM ( SELECT 1 AS x ) WHERE x IN ( SELECT DISTINCT - 82 * 26 - 12 * - 27 * CASE WHEN NOT NULL IN ( - 69 , 1 * CASE x * ( CAST( 1 AS REAL ) ) + 1 + 1 + 1 + 1 + 1 + 1 + 1.000000 - ( SELECT CAST( 1 AS CHAR ( 1 ) ) AS x WHERE x LIKE 1.000000 ) + 1 + 1 * x * "
counted_feedback_match,SQLeek,MonetDB,r1,MONETDB-008-EXP-SET-TYPE-NTH-CUBE,8.272778,8.272778,/root/dfuzz-griffin/griffin_output/griffin_monetdb_sqleek_rnd1/logSaved/id_000017_20260612_19h25m02s/griffin.log,BUG-SQLEEK-MONETDB-008-exp-set-type-nth-value-cube-crash.md,exact-top-offset-exp-visitor-chain,,[force_exit_all] #0 0x7aa098cd78a1 (exp_set_type+0x341),[force_exit_all] #0 0x7aa098cd78a1 (exp_set_type+0x341) | [force_exit_all] #1 0x7aa098cbb9ad (exp_visitor+0xd4d) | [force_exit_all] #2 0x7aa098cbcec7 (rel_exp_visitor+0x8f7) | [force_exit_all] #3 0x7aa098cbcbfc (rel_exp_visitor+0x62c) | [force_exit_all] #4 0x7aa098cbca94 (rel_exp_visitor+0x4c4),SELECT 1 FROM x JOIN x ON CASE WHEN TRUE THEN EXISTS ( SELECT 1 FROM x ) END ;  SELECT x FROM x ;  SELECT nth_value ( ( EXISTS ( SELECT 1 WHERE x > 0.100000 + 0.100000 + 0.100000 + 0.100000 + 0.100000 + 0.100000 + 0.100000 + 0.100000 + 0.100000 + 0.100000 + 0.100000 + 0.100000 + 
counted_feedback_match,SQLeek,MonetDB,r1,MONETDB-001-GDK-NTH-RANGE,8.831944,8.831944,/root/dfuzz-griffin/griffin_output/griffin_monetdb_sqleek_rnd1/logSaved/id_000020_20260612_19h58m35s/griffin.log,BUG-SQLEEK-MONETDB-001-gdkanalyticalnthvalue-range-window-crash.md,exact-top-offset-and-sqlnth-value,,[force_exit_all] #0 0x7c171c6c1535 (GDKanalyticalnthvalue+0x1e45),[force_exit_all] #0 0x7c171c6c1535 (GDKanalyticalnthvalue+0x1e45) | [force_exit_all] #1 0x7c171afcdeff (SQLnth_value+0x6af) | [force_exit_all] #2 0x7c171b4764e0 (runMALsequence+0x1070) | [force_exit_all] #3 0x7c171b47c17f (DFLOWworker+0x44f) | [force_exit_all] #4 0x7c171c41c0c8 (thread_starter+0x328),"SELECT x , nth_value ( 'bug' , 1 ) OVER ( RANGE BETWEEN UNBOUNDED PRECEDING AND CURRENT ROW ) , max ( x ) OVER ( ORDER BY x DESC RANGE BETWEEN CURRENT ROW AND 1 FOLLOWING ) FROM ( SELECT sql_div ( 3.400000 , locate ( '5.6' , '0.1.2.3.5.4.5.6.8.5.6.8' , 7 ) ) AS x EXCEPT SELECT 11"
counted_feedback_match,SQLeek,MonetDB,r1,MONETDB-017-TAIL-TYPE,10.036389,10.036389,/root/dfuzz-griffin/griffin_output/griffin_monetdb_sqleek_rnd1/logSaved/id_000022_20260612_21h10m51s/griffin.log,BUG-SQLEEK-MONETDB-017-tail-type-union-order-by-window-aggregate-crash.md,exact-top-offset,,[force_exit_all] #0 0x7f055e34b217 (tail_type+0x67),[force_exit_all] #0 0x7f055e34b217 (tail_type+0x67) | [force_exit_all] #1 0x7f055e35b3c8 (stmt_Nop+0xbf8) | [force_exit_all] #2 0x7f055e35a752 (stmt_unop+0x232) | [force_exit_all] #3 0x7f055e31f00a (subrel_bin+0x9c8a) | [force_exit_all] #4 0x7f055e327a8e (rel2bin_project+0x2ae),"SELECT 1 AS x UNION SELECT 2.200000 ORDER BY x IN ( SELECT - 82 * - 12 * - 27 * CASE WHEN NOT NULL IN ( covar_samp ( 1 , 1 ) OVER ( ) , corr ( 1 , 1 ) OVER ( ) , covar_pop ( 1 , NULL ) OVER ( ) , covar_samp ( 1 , NULL ) OVER ( ORDER BY 2 , 3 , 4 ) , corr ( 1 , NULL ) OVER ( ) ) T"
counted_feedback_match,SQLeek,MonetDB,r1,MONETDB-010-EXPS-BIND-COLUMN,10.063056,10.063056,/root/dfuzz-griffin/griffin_output/griffin_monetdb_sqleek_rnd1/logSaved/id_000024_20260612_21h12m27s/griffin.log,BUG-SQLEEK-MONETDB-010-exps-bind-column-repeated-rollup-crash.md,exact-top-offset,,[force_exit_all] #0 0x727080938e0e (exps_bind_column+0x2ce),[force_exit_all] #0 0x727080938e0e (exps_bind_column+0x2ce) | [force_exit_all] #1 0x727080958650 (name_find_column+0x1d0) | [force_exit_all] #2 0x727080959071 (exp_find_column+0x61) | [force_exit_all] #3 0x7270809863cd (rel_final_optimization_loop_+0xb6d) | [force_exit_all] #4 0x7270809513be (rel_visitor_bu+0x64e),"SELECT 0 , NULL FROM ( SELECT 1 AS x , 2 AS x , 3 AS x UNION SELECT 4 AS x , NULL AS x , 6 AS x UNION SELECT 7 AS x , 8 AS x , 9 AS x ) AS x GROUP BY ROLLUP ( x , x ) , ROLLUP ( x , x ) ORDER BY ROUND ( x , x ) , count ( ( SELECT CASE WHEN EXISTS ( SELECT NULL ) THEN 1 ELSE - 82 "
counted_feedback_match,SQLeek,MonetDB,r1,MONETDB-006-EXP-BIN-RECURSIVE-CTE,10.589167,10.589167,/root/dfuzz-griffin/griffin_output/griffin_monetdb_sqleek_rnd1/logSaved/id_000045_20260612_21h44m01s/griffin.log,BUG-SQLEEK-MONETDB-006-exp-bin-recursive-cte-window-crash.md,exp-bin-rel2bin-stack-match,,[force_exit_all] #0 0x7e866fc4c5f4 (exp_bin+0x5034),[force_exit_all] #0 0x7e866fc4c5f4 (exp_bin+0x5034) | [force_exit_all] #1 0x7e866fc48011 (exp_bin+0xa51) | [force_exit_all] #2 0x7e866fc63be1 (rel2bin_project+0x401) | [force_exit_all] #3 0x7e866fc51cda (subrel_bin+0x95a) | [force_exit_all] #4 0x7e866fc519bb (subrel_bin+0x63b),"CREATE TABLE x ( x INTEGER ) ;  INSERT INTO x VALUES ( 0 ) , ( 1 ) , ( 2 ) , ( 3 ) , ( 4 ) , ( 5 ) , ( 6 ) , ( 7 ) , ( 8 ) , ( 9 ) ;  SELECT * FROM ( SELECT * FROM x ORDER BY x ASC LIMIT 5 ) AS x ;  SELECT * FROM ( SELECT * FROM x ORDER BY x DESC LIMIT 5 ) AS x ;  SELECT * FROM ("
counted_feedback_match,SQLeek,MonetDB,r1,MONETDB-011-LIST-APPEND,17.384167,17.384167,/root/dfuzz-griffin/griffin_output/griffin_monetdb_sqleek_rnd1/logSaved/id_000073_20260613_04h31m43s/griffin.log,BUG-SQLEEK-MONETDB-011-list-append-recursive-cte-groups-window-crash.md,exact-top-offset,,[force_exit_all] #0 0x7928af193a49 (list_append+0x129),[force_exit_all] #0 0x7928af193a49 (list_append+0x129) | [force_exit_all] #1 0x7928af06be32 (rel_unnest_projects+0x812) | [force_exit_all] #2 0x7928af0583be (rel_visitor_bu+0x64e) | [force_exit_all] #3 0x7928af058030 (rel_visitor_bu+0x2c0) | [force_exit_all] #4 0x7928af0580dc (rel_visitor_bu+0x36c),"CREATE TABLE x ( x INTEGER ) ;  INSERT INTO x VALUES ( 0 ) , ( 1 ) , ( 2 ) , ( 3 ) , ( 4 ) , ( 5 ) , ( 6 ) , ( 7 ) , ( 8 ) , ( 9 ) ;  SELECT * FROM ( SELECT * FROM x ORDER BY x ASC LIMIT 5 ) AS x ;  SELECT * FROM ( SELECT * FROM x ORDER BY x DESC LIMIT 5 ) AS x ;  SELECT * FROM ("
counted_feedback_match,SQLeek,MonetDB,r1,MONETDB-005-EXP-BIN-LEAD-NOT-IN,18.823056,18.823056,/root/dfuzz-griffin/griffin_output/griffin_monetdb_sqleek_rnd1/logSaved/id_000077_20260613_05h58m03s/griffin.log,BUG-SQLEEK-MONETDB-005-exp-bin-lead-not-in-crash.md,exact-top-offset-exp-bin-chain,,[force_exit_all] #0 0x7e59292ff1cd (exp_bin+0x3c0d),[force_exit_all] #0 0x7e59292ff1cd (exp_bin+0x3c0d) | [force_exit_all] #1 0x7e59292fc011 (exp_bin+0xa51) | [force_exit_all] #2 0x7e5929300354 (exp_bin+0x4d94) | [force_exit_all] #3 0x7e5929300354 (exp_bin+0x4d94) | [force_exit_all] #4 0x7e5929300354 (exp_bin+0x4d94),"SELECT lead ( x ) OVER ( PARTITION BY ( x % 10 ) ) = 0 AS x FROM ( SELECT 1 AS x UNION SELECT 1.500000 AS x UNION SELECT - endsWith ( 'johndoe' , 'doe' ) - 12 * - 27 * CASE WHEN NOT NULL IN ( - 69 , ( SELECT ( SELECT repeat ( 'a' , 66000 ) ) LIMIT 1 OFFSET 1 ) > ANY ( CASE - ( 0 "
counted_feedback_match,SQLeek,MonetDB,r1,MONETDB-014-REL-EXP-VISITOR,18.825556,18.825556,/root/dfuzz-griffin/griffin_output/griffin_monetdb_sqleek_rnd1/logSaved/id_000079_20260613_05h58m12s/griffin.log,BUG-SQLEEK-MONETDB-014-rel-exp-visitor-rollup-cube-any-crash.md,exact-top-offset,,[force_exit_all] #0 0x755c23314db0 (rel_exp_visitor+0x7e0),[force_exit_all] #0 0x755c23314db0 (rel_exp_visitor+0x7e0) | [force_exit_all] #1 0x755c23314a94 (rel_exp_visitor+0x4c4) | [force_exit_all] #2 0x755c23314bfc (rel_exp_visitor+0x62c) | [force_exit_all] #3 0x755c23314bfc (rel_exp_visitor+0x62c) | [force_exit_all] #4 0x755c23314a94 (rel_exp_visitor+0x4c4),"SELECT ( 1 , 2 , 3 ) = ( 1 , 2 , 3 ) ;  SELECT ( 1 , 2 , 3 ) < ( 1 , 2 , 3 ) ;  SELECT NOT ( ( 1 , 2 , 3 ) = ( 1 , 2 , 3 ) ) ;  SELECT ( 1 , 2 , 3 ) IN ( ( 1 ) , ( 2 ) , ( 3 ) ) ;  SELECT ( 1 , 2 , 3 ) IN ( SELECT 1 UNION SELECT 2 UNION SELECT 3 ) ;  SELECT NOT ( ( 1 , 2 , 3 ) = "
counted_feedback_match,SQLeek,MonetDB,r1,MONETDB-003-GDK-NTH-CASE,22.026111,22.026111,/root/dfuzz-griffin/griffin_output/griffin_monetdb_sqleek_rnd1/logSaved/id_000086_20260613_09h10m14s/griffin.log,BUG-SQLEEK-MONETDB-003-gdkanalyticalnthvalue-case-window-crash.md,exact-top-offset-and-sqlnth-value,,[force_exit_all] #0 0x7fe54e4cb467 (GDKanalyticalnthvalue+0xd77),[force_exit_all] #0 0x7fe54e4cb467 (GDKanalyticalnthvalue+0xd77) | [force_exit_all] #1 0x7fe54cdd8eff (SQLnth_value+0x6af) | [force_exit_all] #2 0x7fe54d2814e0 (runMALsequence+0x1070) | [force_exit_all] #3 0x7fe54d28717f (DFLOWworker+0x44f) | [force_exit_all] #4 0x7fe54e2270c8 (thread_starter+0x328),"SELECT x , CASE WHEN x > 12 THEN 1 WHEN x <= 0.080000 THEN 4 ELSE 0 END AS x FROM ( SELECT 1 , 3 , 3 FROM generate_series ( 42749 , 5 ) ) AS x , ( SELECT 10 AS x UNION SELECT 11 AS x UNION SELECT nth_value ( - 51 * - - 12 * - 27 * CASE WHEN NOT '_b_' IN ( - 69 , ( SUM ( DISTINCT "
not_counted,SQLeek,MonetDB,r1,,12.126111,12.126111,/root/dfuzz-griffin/griffin_output/griffin_monetdb_sqleek_rnd1/logSaved/id_000049_20260612_23h16m14s/griffin.log,,,no feedback signature match,[force_exit_all] #0 0x79ffbcec9d56 (list_empty+0x46),[force_exit_all] #0 0x79ffbcec9d56 (list_empty+0x46) | [force_exit_all] #1 0x79ffbcd88c48 (rel_exp_visitor+0x678) | [force_exit_all] #2 0x79ffbcd88a94 (rel_exp_visitor+0x4c4) | [force_exit_all] #3 0x79ffbcd88bfc (rel_exp_visitor+0x62c) | [force_exit_all] #4 0x79ffbcd88bfc (rel_exp_visitor+0x62c),"SELECT ( 1 , 2 , 3 ) = ( 1 , 2 , 3 ) ;  SELECT ( 1 , 2 , 3 ) < ( 1 , 2 , 3 ) ;  SELECT NOT ( ( 1 , 2 , 3 ) = ( 1 , 2 , 3 ) ) ;  SELECT ( 1 , 2 , 3 ) IN ( ( 1 ) , ( 2 ) , ( 3 ) ) ;  SELECT ( 1 , 2 , 3 ) IN ( SELECT 1 UNION SELECT 2 UNION SELECT 3 ) ;  SELECT NOT ( ( 1 , 2 , 3 ) = "
not_counted,SQLeek,MonetDB,r1,,13.620833,13.620833,/root/dfuzz-griffin/griffin_output/griffin_monetdb_sqleek_rnd1/logSaved/id_000051_20260613_00h45m55s/griffin.log,,,no feedback signature match,[force_exit_all] #0 0x795bec48b5f4 (exp_bin+0x5034),[force_exit_all] #0 0x795bec48b5f4 (exp_bin+0x5034) | [force_exit_all] #1 0x795bec487011 (exp_bin+0xa51) | [force_exit_all] #2 0x795bec48b354 (exp_bin+0x4d94) | [force_exit_all] #3 0x795bec48b354 (exp_bin+0x4d94) | [force_exit_all] #4 0x795bec487011 (exp_bin+0xa51),"SELECT sql_add ( 2 , 3.400000 ) , sql_sub ( 5 , 7 ) ;  SELECT left_shift ( -123456789 , 2 ) , sql_mul ( 1.200000 , 5 ) ;  SELECT sql_max ( 1.200000 , 5 ) , sql_min ( 1.200000 , 5 ) ;  SELECT sql_max ( 1.200000 , sql_max ( 3.300000 , 5 ) ) ;  SELECT sql_min ( ( SELECT min ( 552 ) "
not_counted,SQLeek,MonetDB,r1,,13.621111,13.621111,/root/dfuzz-griffin/griffin_output/griffin_monetdb_sqleek_rnd1/logSaved/id_000052_20260613_00h45m56s/griffin.log,,,no feedback signature match,[force_exit_all] #0 0x7dade45bb5f4 (exp_bin+0x5034),[force_exit_all] #0 0x7dade45bb5f4 (exp_bin+0x5034) | [force_exit_all] #1 0x7dade45b7011 (exp_bin+0xa51) | [force_exit_all] #2 0x7dade45bb354 (exp_bin+0x4d94) | [force_exit_all] #3 0x7dade45bb354 (exp_bin+0x4d94) | [force_exit_all] #4 0x7dade45b7011 (exp_bin+0xa51),"SELECT sql_add ( 2 , 3.400000 ) , sql_sub ( 5 , 7 ) ;  child 3565251 stoped signal number=5 child 3565573 stoped signal number=19 SELECT left_shift ( -123456789 , 2 ) , sql_mul ( 1.200000 , 5 ) ;   SELECT sql_max ( 1.200000 , 5 ) , sql_min ( 1.200000 , 5 ) ;  child 3565573 stoped"
not_counted,SQLeek,MonetDB,r1,,14.925556,14.925556,/root/dfuzz-griffin/griffin_output/griffin_monetdb_sqleek_rnd1/logSaved/id_000057_20260613_02h04m12s/griffin.log,,,no feedback signature match,[force_exit_all] #0 0x79483eda1e87 (GDKanalyticalnthvalue+0x797),[force_exit_all] #0 0x79483eda1e87 (GDKanalyticalnthvalue+0x797) | [force_exit_all] #1 0x79483d6afeff (SQLnth_value+0x6af) | [force_exit_all] #2 0x79483db584e0 (runMALsequence+0x1070) | [force_exit_all] #3 0x79483db5e17f (DFLOWworker+0x44f) | [force_exit_all] #4 0x79483eafe0c8 (thread_starter+0x328),"SELECT x , CASE WHEN x < 12 THEN 1 ELSE 0 END AS x FROM ( SELECT 10 AS x UNION SELECT 11 AS x UNION SELECT 12 AS x UNION SELECT 13 AS x ) ;  SELECT x , CASE WHEN x <= 12 THEN 1 ELSE 0 END AS x FROM ( SELECT 10 AS x UNION SELECT 11 AS x UNION SELECT 12 AS x UNION SELECT 13 AS x ) "
not_counted,SQLeek,MonetDB,r1,,14.925833,14.925833,/root/dfuzz-griffin/griffin_output/griffin_monetdb_sqleek_rnd1/logSaved/id_000058_20260613_02h04m13s/griffin.log,,,no feedback signature match,[force_exit_all] #0 0x74079222fe87 (GDKanalyticalnthvalue+0x797),[force_exit_all] #0 0x74079222fe87 (GDKanalyticalnthvalue+0x797) | [force_exit_all] #1 0x740790b3deff (SQLnth_value+0x6af) | [force_exit_all] #2 0x740790fe64e0 (runMALsequence+0x1070) | [force_exit_all] #3 0x740790fec17f (DFLOWworker+0x44f) | [force_exit_all] #4 0x740791f8c0c8 (thread_starter+0x328),"SELECT x , CASE WHEN x < 12 THEN 1 ELSE 0 END AS x FROM ( SELECT 10 AS x UNION SELECT 11 AS x UNION SELECT 12 AS x UNION SELECT 13 AS x ) ;   SELECT x , CASE WHEN x <= 12 THEN 1 ELSE 0 END AS x FROM ( SELECT 10 AS x UNION SELECT 11 AS x UNION SELECT 12 AS x UNION SELECT 13 AS x )"
not_counted,SQLeek,MonetDB,r1,,21.940833,21.940833,/root/dfuzz-griffin/griffin_output/griffin_monetdb_sqleek_rnd1/logSaved/id_000084_20260613_09h05m07s/griffin.log,,,no feedback signature match,[force_exit_all] #0 0x7ab085d4de87 (GDKanalyticalnthvalue+0x797),[force_exit_all] #0 0x7ab085d4de87 (GDKanalyticalnthvalue+0x797) | [force_exit_all] #1 0x7ab08465beff (SQLnth_value+0x6af) | [force_exit_all] #2 0x7ab084b044e0 (runMALsequence+0x1070) | [force_exit_all] #3 0x7ab084b0a17f (DFLOWworker+0x44f) | [force_exit_all] #4 0x7ab085aaa0c8 (thread_starter+0x328),"SELECT x , CASE WHEN x < 12 THEN 1 ELSE 0 END AS x FROM ( SELECT 10 AS x UNION SELECT 11 AS x UNION SELECT 12 AS x UNION SELECT 13 AS x ) ;  SELECT x , CASE WHEN x <= 12 THEN 1 ELSE 0 END AS x FROM ( SELECT 10 AS x UNION SELECT 11 AS x UNION SELECT 12 AS x UNION SELECT 13 AS x ) "
not_counted,SQLeek,MonetDB,r1,,21.941111,21.941111,/root/dfuzz-griffin/griffin_output/griffin_monetdb_sqleek_rnd1/logSaved/id_000085_20260613_09h05m08s/griffin.log,,,no feedback signature match,[force_exit_all] #0 0x7eeadd23ae87 (GDKanalyticalnthvalue+0x797),[force_exit_all] #0 0x7eeadd23ae87 (GDKanalyticalnthvalue+0x797) | [force_exit_all] #1 0x7eeadbb48eff (SQLnth_value+0x6af) | [force_exit_all] #2 0x7eeadbff14e0 (runMALsequence+0x1070) | [force_exit_all] #3 0x7eeadbff717f (DFLOWworker+0x44f) | [force_exit_all] #4 0x7eeadcf970c8 (thread_starter+0x328),"SELECT x , CASE WHEN x < 12 THEN 1 ELSE 0 END AS x FROM ( SELECT 10 AS x UNION SELECT 11 AS x UNION SELECT 12 AS x UNION SELECT 13 AS x ) ;   SELECT x , CASE WHEN x <= 12 THEN 1 ELSE 0 END AS x FROM ( SELECT 10 AS x UNION SELECT 11 AS x UNION SELECT 12 AS x UNION SELECT 13 AS x )"
not_counted,SQLeek,MonetDB,r1,MONETDB-016-REL-OPTIMIZE-PROJECTIONS,24.484444,24.484444,/root/dfuzz-griffin/griffin_output/griffin_monetdb_sqleek_rnd1/logSaved/id_000088_20260613_11h37m44s/griffin.log,BUG-SQLEEK-MONETDB-016-rel-optimize-projections-double-rollup-crash.md,exact-top-offset,outside 24h budget,[force_exit_all] #0 0x7978d781ac1f (rel_optimize_projections_+0x47ef),[force_exit_all] #0 0x7978d781ac1f (rel_optimize_projections_+0x47ef) | [force_exit_all] #1 0x7978d77c25ef (rel_visitor_td+0x2bf) | [force_exit_all] #2 0x7978d77c29f6 (rel_visitor_td+0x6c6) | [force_exit_all] #3 0x7978d77c29f6 (rel_visitor_td+0x6c6) | [force_exit_all] #4 0x7978d77c29f6 (rel_visitor_td+0x6c6),
not_counted,SQLeek,MonetDB,r1,MONETDB-016-REL-OPTIMIZE-PROJECTIONS,24.485833,24.485833,/root/dfuzz-griffin/griffin_output/griffin_monetdb_sqleek_rnd1/logSaved/id_000089_20260613_11h37m49s/griffin.log,BUG-SQLEEK-MONETDB-016-rel-optimize-projections-double-rollup-crash.md,exact-top-offset,outside 24h budget,[force_exit_all] #0 0x7db3ca841c1f (rel_optimize_projections_+0x47ef),[force_exit_all] #0 0x7db3ca841c1f (rel_optimize_projections_+0x47ef) | [force_exit_all] #1 0x7db3ca7e95ef (rel_visitor_td+0x2bf) | [force_exit_all] #2 0x7db3ca7e99f6 (rel_visitor_td+0x6c6) | [force_exit_all] #3 0x7db3ca7e99f6 (rel_visitor_td+0x6c6) | [force_exit_all] #4 0x7db3ca7e99f6 (rel_visitor_td+0x6c6),
not_counted,SQLeek,MonetDB,r1,MONETDB-016-REL-OPTIMIZE-PROJECTIONS,24.505000,24.505,/root/dfuzz-griffin/griffin_output/griffin_monetdb_sqleek_rnd1/logSaved/id_000090_20260613_11h38m58s/griffin.log,BUG-SQLEEK-MONETDB-016-rel-optimize-projections-double-rollup-crash.md,exact-top-offset,outside 24h budget,[force_exit_all] #0 0x7620f960fc1f (rel_optimize_projections_+0x47ef),[force_exit_all] #0 0x7620f960fc1f (rel_optimize_projections_+0x47ef) | [force_exit_all] #1 0x7620f95b75ef (rel_visitor_td+0x2bf) | [force_exit_all] #2 0x7620f95b79f6 (rel_visitor_td+0x6c6) | [force_exit_all] #3 0x7620f95b79f6 (rel_visitor_td+0x6c6) | [force_exit_all] #4 0x7620f95b79f6 (rel_visitor_td+0x6c6),"SELECT x , ( str_to_timestamp ( 33 * - 49 * CASE 50 WHEN - 21 + stddev_samp ( - AVG ( - ( -95.300003 ) ) ) OVER ( ) + - COUNT ( * ) THEN NULL WHEN 99 * - 43 + - - 35 THEN - 1800000 ELSE NULL END * - - 51 * 0 , '%Y-%m-%d' ) - str_to_timestamp ( '2015-09-30' , '%Y-%m-%d' ) ) / 8640"
not_counted,SQLeek,MonetDB,r1,MONETDB-016-REL-OPTIMIZE-PROJECTIONS,24.506111,24.506111,/root/dfuzz-griffin/griffin_output/griffin_monetdb_sqleek_rnd1/logSaved/id_000091_20260613_11h39m02s/griffin.log,BUG-SQLEEK-MONETDB-016-rel-optimize-projections-double-rollup-crash.md,exact-top-offset,outside 24h budget,[force_exit_all] #0 0x792a1fc52c1f (rel_optimize_projections_+0x47ef),[force_exit_all] #0 0x792a1fc52c1f (rel_optimize_projections_+0x47ef) | [force_exit_all] #1 0x792a1fbfa5ef (rel_visitor_td+0x2bf) | [force_exit_all] #2 0x792a1fbfa9f6 (rel_visitor_td+0x6c6) | [force_exit_all] #3 0x792a1fbfa9f6 (rel_visitor_td+0x6c6) | [force_exit_all] #4 0x792a1fbfa9f6 (rel_visitor_td+0x6c6),"SELECT x , ( str_to_timestamp ( 33 * - 49 * CASE 50 WHEN - 21 + stddev_samp ( - AVG ( - ( -95.300003 ) ) ) OVER ( ) + - COUNT ( * ) THEN NULL WHEN 99 * - 43 + - - 35 THEN - 1800000 ELSE NULL END * - - 51 * 0 , '%Y-%m-%d' ) - str_to_timestamp ( '2015-09-30' , '%Y-%m-%d' ) ) / 8640"
not_counted,SQLeek,MonetDB,r1,,25.760278,25.760278,/root/dfuzz-griffin/griffin_output/griffin_monetdb_sqleek_rnd1/logSaved/id_000092_20260613_12h54m17s/griffin.log,,,no feedback signature match,[force_exit_all] #0 0x7f899bb0d8c0 (__nss_database_lookup+0x28670),[force_exit_all] #0 0x7f899bb0d8c0 (__nss_database_lookup+0x28670) | [force_exit_all] #1 0x7f899cfb7a13 (BATmin_skipnil+0x1673) | [force_exit_all] #2 0x7f899c3b7676 (ALGminany_skipnil+0x146) | [force_exit_all] #3 0x7f899c3b750e (ALGminany+0x3e) | [force_exit_all] #4 0x7f899c1fdf82 (runMALsequence+0x1b12),"CREATE TABLE x ( x INTEGER ) ;  INSERT INTO x VALUES ( 0 ) , ( 1 ) , ( 2 ) , ( 3 ) , ( 4 ) , ( 5 ) , ( 6 ) , ( 7 ) , ( 8 ) , ( 9 ) ;  SELECT * FROM ( SELECT * FROM x ORDER BY x ASC LIMIT 5 ) AS x ;  SELECT * FROM ( SELECT * FROM x ORDER BY x DESC LIMIT 5 ) AS x ;  SELECT * FROM ("
not_counted,SQLeek,MonetDB,r1,,25.767500,25.7675,/root/dfuzz-griffin/griffin_output/griffin_monetdb_sqleek_rnd1/logSaved/id_000093_20260613_12h54m43s/griffin.log,,,no feedback signature match,[force_exit_all] #0 0x74bf193178c0 (__nss_database_lookup+0x28670),[force_exit_all] #0 0x74bf193178c0 (__nss_database_lookup+0x28670) | [force_exit_all] #1 0x74bf1a7c1a13 (BATmin_skipnil+0x1673) | [force_exit_all] #2 0x74bf19bc1676 (ALGminany_skipnil+0x146) | [force_exit_all] #3 0x74bf19bc150e (ALGminany+0x3e) | [force_exit_all] #4 0x74bf19a07f82 (runMALsequence+0x1b12),"CREATE TABLE x ( x INTEGER ) ;  INSERT INTO x VALUES ( 0 ) , ( 1 ) , ( 2 ) , ( 3 ) , ( 4 ) , ( 5 ) , ( 6 ) , ( 7 ) , ( 8 ) , ( 9 ) ;  SELECT * FROM ( SELECT * FROM ( SELECT 5 UNION SELECT 3 ) AS x ORDER BY x ASC LIMIT 5 ) AS x ;  SELECT * FROM ( SELECT * FROM x ORDER BY x DESC LI"
not_counted,SQLeek,MonetDB,r1,MONETDB-016-REL-OPTIMIZE-PROJECTIONS,26.444722,26.444722,/root/dfuzz-griffin/griffin_output/griffin_monetdb_sqleek_rnd1/logSaved/id_000094_20260613_13h35m21s/griffin.log,BUG-SQLEEK-MONETDB-016-rel-optimize-projections-double-rollup-crash.md,exact-top-offset,outside 24h budget,[force_exit_all] #0 0x70249cd17c1f (rel_optimize_projections_+0x47ef),[force_exit_all] #0 0x70249cd17c1f (rel_optimize_projections_+0x47ef) | [force_exit_all] #1 0x70249ccbf5ef (rel_visitor_td+0x2bf) | [force_exit_all] #2 0x70249ccbf9f6 (rel_visitor_td+0x6c6) | [force_exit_all] #3 0x70249ccbf9f6 (rel_visitor_td+0x6c6) | [force_exit_all] #4 0x70249ccbf9f6 (rel_visitor_td+0x6c6),"SELECT x NOT IN ( SELECT right_shift ( 8 , 16 AND CAST( 16 AS REAL ) ) GROUP BY x HAVING avg ( DISTINCT 1.200000 ) < 3 EXCEPT SELECT 2 AS x UNION SELECT 3 AS x ) FROM ( WITH RECURSIVE x ( x ) AS ( SELECT * FROM generate_series ( 1 , 28992 ) UNION SELECT * FROM generate_series ( 1"
not_counted,SQLeek,MonetDB,r1,MONETDB-014-REL-EXP-VISITOR,27.796389,27.796389,/root/dfuzz-griffin/griffin_output/griffin_monetdb_sqleek_rnd1/logSaved/id_000095_20260613_14h56m27s/griffin.log,BUG-SQLEEK-MONETDB-014-rel-exp-visitor-rollup-cube-any-crash.md,exact-top-offset,outside 24h budget,[force_exit_all] #0 0x711bd28ffdb0 (rel_exp_visitor+0x7e0),[force_exit_all] #0 0x711bd28ffdb0 (rel_exp_visitor+0x7e0) | [force_exit_all] #1 0x711bd28ffbfc (rel_exp_visitor+0x62c) | [force_exit_all] #2 0x711bd28ffa94 (rel_exp_visitor+0x4c4) | [force_exit_all] #3 0x711bd28ffbfc (rel_exp_visitor+0x62c) | [force_exit_all] #4 0x711bd28ffbfc (rel_exp_visitor+0x62c),"SELECT ( 1 , 2 , 3 ) = ( 1 , 2 , 3 ) ;   SELECT ( 1 , 2 , 3 ) < ( 1 , 2 , 3 ) ;   SELECT NOT ( ( 1 , 2 , 3 ) = ( 1 , 2 , 3 ) ) ;   SELECT ( 1 , 2 , 3 ) IN ( ( 1 ) , ( 2 ) , ( 3 ) ) ;   SELECT ( 1 , 2 , 3 ) IN ( SELECT 1 UNION SELECT 2 UNION SELECT 3 ) ;   SELECT NOT ( ( 1 , 2 , 3"
not_counted,SQLeek,MonetDB,r1,MONETDB-014-REL-EXP-VISITOR,27.797500,27.7975,/root/dfuzz-griffin/griffin_output/griffin_monetdb_sqleek_rnd1/logSaved/id_000096_20260613_14h56m31s/griffin.log,BUG-SQLEEK-MONETDB-014-rel-exp-visitor-rollup-cube-any-crash.md,exact-top-offset,outside 24h budget,[force_exit_all] #0 0x70fb88abcdb0 (rel_exp_visitor+0x7e0),[force_exit_all] #0 0x70fb88abcdb0 (rel_exp_visitor+0x7e0) | [force_exit_all] #1 0x70fb88abcbfc (rel_exp_visitor+0x62c) | [force_exit_all] #2 0x70fb88abca94 (rel_exp_visitor+0x4c4) | [force_exit_all] #3 0x70fb88abcbfc (rel_exp_visitor+0x62c) | [force_exit_all] #4 0x70fb88abcbfc (rel_exp_visitor+0x62c),"SELECT ( 1 , 2 , 3 ) = ( 1 , 2 , 3 ) ;  SELECT ( 1 , 2 , 3 ) < ( 1 , 2 , 3 ) ;  SELECT NOT ( ( 1 , 2 , 3 ) = ( 1 , 2 , 3 ) ) ;  SELECT ( 1 , 2 , 3 ) IN ( ( 1 ) , ( 2 ) , ( 3 ) ) ;  SELECT ( 1 , 2 , 3 ) IN ( SELECT 1 UNION SELECT 2 UNION SELECT 3 ) ;  SELECT NOT ( ( 1 , 2 , 3 ) = "
not_counted,SQLeek,MonetDB,r1,,27.799167,27.799167,/root/dfuzz-griffin/griffin_output/griffin_monetdb_sqleek_rnd1/logSaved/id_000097_20260613_14h56m37s/griffin.log,,,no feedback signature match,[force_exit_all] #0 0x7bef0d1aba7e (rel_exp_visitor+0x4ae),[force_exit_all] #0 0x7bef0d1aba7e (rel_exp_visitor+0x4ae) | [force_exit_all] #1 0x7bef0d1abbfc (rel_exp_visitor+0x62c) | [force_exit_all] #2 0x7bef0d1abbfc (rel_exp_visitor+0x62c) | [force_exit_all] #3 0x7bef0d1aba94 (rel_exp_visitor+0x4c4) | [force_exit_all] #4 0x7bef0d1abbfc (rel_exp_visitor+0x62c),"SELECT ( 1 , 2 , 3 ) = ( 1 , 2 , 3 ) ;  SELECT ( 1 , 2 , 3 ) < ( 1 , 2 , 3 ) ;  SELECT NOT ( ( 1 , 2 , 3 ) = ( 1 , 2 , 3 ) ) ;  SELECT ( 1 , 2 , 3 ) IN ( ( 1 ) , ( 2 ) , ( 3 ) ) ;  SELECT ( 1 , 2 , 3 ) IN ( SELECT 1 UNION SELECT 2 UNION SELECT 3 ) ;  SELECT NOT ( ( 1 , 2 , 3 ) = "
not_counted,SQLeek,MonetDB,r1,MONETDB-009-EXP-VISITOR-ROLLUP-CUBE,27.799444,27.799444,/root/dfuzz-griffin/griffin_output/griffin_monetdb_sqleek_rnd1/logSaved/id_000098_20260613_14h56m38s/griffin.log,BUG-SQLEEK-MONETDB-009-exp-visitor-rollup-cube-any-crash.md,exact-top-and-neighbor-offset,outside 24h budget,[force_exit_all] #0 0x7b9f2922edbe (exp_visitor+0x15e),[force_exit_all] #0 0x7b9f2922edbe (exp_visitor+0x15e) | [force_exit_all] #1 0x7b9f29230dda (rel_exp_visitor+0x80a) | [force_exit_all] #2 0x7b9f29230bfc (rel_exp_visitor+0x62c) | [force_exit_all] #3 0x7b9f29230a94 (rel_exp_visitor+0x4c4) | [force_exit_all] #4 0x7b9f29230bfc (rel_exp_visitor+0x62c),"SELECT ( 1 , 2 , 3 ) = ( 1 , 2 , 3 ) ;   SELECT ( 1 , 2 , 3 ) < ( 1 , 2 , 3 ) ;   SELECT NOT ( ( 1 , 2 , 3 ) = ( 1 , 2 , 3 ) ) ;   SELECT ( 1 , 2 , 3 ) IN ( ( 1 ) , ( 2 ) , ( 3 ) ) ;   SELECT ( 1 , 2 , 3 ) IN ( SELECT 1 UNION SELECT 2 UNION SELECT 3 ) ;   SELECT NOT ( ( 1 , 2 , 3"
not_counted,SQLeek,MonetDB,r1,,27.800278,27.800278,/root/dfuzz-griffin/griffin_output/griffin_monetdb_sqleek_rnd1/logSaved/id_000099_20260613_14h56m41s/griffin.log,,,no feedback signature match,[force_exit_all] #0 0x7bfaee06cdbe (exp_visitor+0x15e),[force_exit_all] #0 0x7bfaee06cdbe (exp_visitor+0x15e) | [force_exit_all] #1 0x7bfaee06d482 (exp_visitor+0x822) | [force_exit_all] #2 0x7bfaee06eec7 (rel_exp_visitor+0x8f7) | [force_exit_all] #3 0x7bfaee06ebfc (rel_exp_visitor+0x62c) | [force_exit_all] #4 0x7bfaee06ea94 (rel_exp_visitor+0x4c4),"SELECT ( 1 , 2 , 3 ) = ( 1 , 2 , 3 ) ;   SELECT ( 1 , 2 , 3 ) < ( 1 , 2 , 3 ) ;   SELECT NOT ( ( 1 , 2 , 3 ) = ( 1 , 2 , 3 ) ) ;   SELECT ( 1 , 2 , 3 ) IN ( ( 1 ) , ( 2 ) , ( 3 ) ) ;   SELECT ( 1 , 2 , 3 ) IN ( SELECT 1 UNION SELECT 2 UNION SELECT 3 ) ;   SELECT NOT ( ( 1 , 2 , 3"
not_counted,SQLeek,MonetDB,r1,MONETDB-010-EXPS-BIND-COLUMN,27.800833,27.800833,/root/dfuzz-griffin/griffin_output/griffin_monetdb_sqleek_rnd1/logSaved/id_000100_20260613_14h56m43s/griffin.log,BUG-SQLEEK-MONETDB-010-exps-bind-column-repeated-rollup-crash.md,exact-top-offset,outside 24h budget,[force_exit_all] #0 0x7cfce7e46e0e (exps_bind_column+0x2ce),[force_exit_all] #0 0x7cfce7e46e0e (exps_bind_column+0x2ce) | [force_exit_all] #1 0x7cfce7e66650 (name_find_column+0x1d0) | [force_exit_all] #2 0x7cfce7e67071 (exp_find_column+0x61) | [force_exit_all] #3 0x7cfce7e943cd (rel_final_optimization_loop_+0xb6d) | [force_exit_all] #4 0x7cfce7e5f3be (rel_visitor_bu+0x64e),"SELECT ( 1 , 2 , 3 ) = ( 1 , 2 , 3 ) ;  SELECT ( 1 , 2 , 3 ) < ( 1 , 2 , 3 ) ;  SELECT NOT ( ( 1 , 2 , 3 ) = ( 1 , 2 , 3 ) ) ;  SELECT ( 1 , 2 , 3 ) IN ( ( 1 ) , ( 2 ) , ( 3 ) ) ;  SELECT ( 1 , 2 , 3 ) IN ( SELECT 1 UNION SELECT 2 UNION SELECT 3 ) ;  SELECT NOT ( ( 1 , 2 , 3 ) = "
not_counted,SQLeek,MonetDB,r1,,27.801111,27.801111,/root/dfuzz-griffin/griffin_output/griffin_monetdb_sqleek_rnd1/logSaved/id_000101_20260613_14h56m44s/griffin.log,,,no feedback signature match,[force_exit_all] #0 0x7e624efaedbe (exp_visitor+0x15e),[force_exit_all] #0 0x7e624efaedbe (exp_visitor+0x15e) | [force_exit_all] #1 0x7e624efaf482 (exp_visitor+0x822) | [force_exit_all] #2 0x7e624efb0ec7 (rel_exp_visitor+0x8f7) | [force_exit_all] #3 0x7e624efb0bfc (rel_exp_visitor+0x62c) | [force_exit_all] #4 0x7e624efb0a94 (rel_exp_visitor+0x4c4),"SELECT ( 1 , 2 , 3 ) = ( 1 , 2 , 3 ) ;  SELECT ( 1 , 2 , 3 ) < ( 1 , 2 , 3 ) ;  SELECT NOT ( ( 1 , 2 , 3 ) = ( 1 , 2 , 3 ) ) ;  SELECT ( 1 , 2 , 3 ) IN ( ( 1 ) , ( 2 ) , ( 3 ) ) ;  SELECT ( 1 , 2 , 3 ) IN ( SELECT 1 UNION SELECT 2 UNION SELECT 3 ) ;  SELECT NOT ( ( 1 , 2 , 3 ) = "
not_counted,SQLeek,MonetDB,r1,MONETDB-010-EXPS-BIND-COLUMN,27.801667,27.801667,/root/dfuzz-griffin/griffin_output/griffin_monetdb_sqleek_rnd1/logSaved/id_000102_20260613_14h56m46s/griffin.log,BUG-SQLEEK-MONETDB-010-exps-bind-column-repeated-rollup-crash.md,exact-top-offset,outside 24h budget,[force_exit_all] #0 0x7f7c7e271e0e (exps_bind_column+0x2ce),[force_exit_all] #0 0x7f7c7e271e0e (exps_bind_column+0x2ce) | [force_exit_all] #1 0x7f7c7e291650 (name_find_column+0x1d0) | [force_exit_all] #2 0x7f7c7e292071 (exp_find_column+0x61) | [force_exit_all] #3 0x7f7c7e2bf3cd (rel_final_optimization_loop_+0xb6d) | [force_exit_all] #4 0x7f7c7e28a3be (rel_visitor_bu+0x64e),"SELECT ( 1 , 2 , 3 ) = ( 1 , 2 , 3 ) ;   SELECT ( 1 , 2 , 3 ) < ( 1 , 2 , 3 ) ;  child 3164850 stoped signal number=5 SELECT NOT ( ( 1 , 2 , 3 ) = ( 1 , 2 , 3 ) ) ;   SELECT ( 1 , 2 , 3 ) IN ( ( 1 ) , ( 2 ) , ( 3 ) ) ;   SELECT ( 1 , 2 , 3 ) IN ( SELECT 1 UNION SELECT 2 UNION SEL"
not_counted,SQLeek,MonetDB,r1,MONETDB-009-EXP-VISITOR-ROLLUP-CUBE,27.802222,27.802222,/root/dfuzz-griffin/griffin_output/griffin_monetdb_sqleek_rnd1/logSaved/id_000103_20260613_14h56m48s/griffin.log,BUG-SQLEEK-MONETDB-009-exp-visitor-rollup-cube-any-crash.md,exact-top-and-neighbor-offset,outside 24h budget,[force_exit_all] #0 0x7d67eec14dbe (exp_visitor+0x15e),[force_exit_all] #0 0x7d67eec14dbe (exp_visitor+0x15e) | [force_exit_all] #1 0x7d67eec16dda (rel_exp_visitor+0x80a) | [force_exit_all] #2 0x7d67eec16bfc (rel_exp_visitor+0x62c) | [force_exit_all] #3 0x7d67eec16a94 (rel_exp_visitor+0x4c4) | [force_exit_all] #4 0x7d67eec16bfc (rel_exp_visitor+0x62c),"SELECT ( 1 , 2 , 3 ) = ( 1 , 2 , 3 ) ;  SELECT ( 1 , 2 , 3 ) < ( 1 , 2 , 3 ) ;  SELECT NOT ( ( 1 , 2 , 3 ) = ( 1 , 2 , 3 ) ) ;  SELECT ( 1 , 2 , 3 ) IN ( ( 1 ) , ( 2 ) , ( 3 ) ) ;  SELECT ( 1 , 2 , 3 ) IN ( SELECT 1 UNION SELECT 2 UNION SELECT 3 ) ; child 3165279 stoped signal nu"
not_counted,SQLeek,MonetDB,r1,MONETDB-017-TAIL-TYPE,28.228056,28.228056,/root/dfuzz-griffin/griffin_output/griffin_monetdb_sqleek_rnd1/logSaved/id_000104_20260613_15h22m21s/griffin.log,BUG-SQLEEK-MONETDB-017-tail-type-union-order-by-window-aggregate-crash.md,exact-top-offset,outside 24h budget,[force_exit_all] #0 0x7483756f2217 (tail_type+0x67),[force_exit_all] #0 0x7483756f2217 (tail_type+0x67) | [force_exit_all] #1 0x7483757023c8 (stmt_Nop+0xbf8) | [force_exit_all] #2 0x748375701752 (stmt_unop+0x232) | [force_exit_all] #3 0x7483756c600a (subrel_bin+0x9c8a) | [force_exit_all] #4 0x7483756bcb9f (subrel_bin+0x81f),SELECT * FROM ( SELECT 9 AS x UNION SELECT 10 AS x ORDER BY CAST( x AS CHAR ) ) AS x ;  SELECT COUNT ( x ) OVER ( ROWS BETWEEN 4 * ( 10 ^ x ) PRECEDING AND x < 7 AND x > 3 AND x <= 6 AND x >= 4 PRECEDING ) FROM ( SELECT 10 AS x UNION SELECT - 82 * 26 - 12 / - - COUNT ( * ) AS x )
not_counted,SQLeek,MonetDB,r1,MONETDB-017-TAIL-TYPE,28.228611,28.228611,/root/dfuzz-griffin/griffin_output/griffin_monetdb_sqleek_rnd1/logSaved/id_000105_20260613_15h22m23s/griffin.log,BUG-SQLEEK-MONETDB-017-tail-type-union-order-by-window-aggregate-crash.md,exact-top-offset,outside 24h budget,[force_exit_all] #0 0x7a7ec9bb6217 (tail_type+0x67),[force_exit_all] #0 0x7a7ec9bb6217 (tail_type+0x67) | [force_exit_all] #1 0x7a7ec9bc63c8 (stmt_Nop+0xbf8) | [force_exit_all] #2 0x7a7ec9bc5752 (stmt_unop+0x232) | [force_exit_all] #3 0x7a7ec9b8a00a (subrel_bin+0x9c8a) | [force_exit_all] #4 0x7a7ec9b80b9f (subrel_bin+0x81f),SELECT * FROM ( SELECT 9 AS x UNION SELECT 10 AS x ORDER BY CAST( x AS CHAR ) ) AS x ;   SELECT COUNT ( x ) OVER ( ROWS BETWEEN 4 * ( 10 ^ x ) PRECEDING AND x < 7 AND x > 3 AND x <= 6 AND x >= 4 PRECEDING ) FROM ( SELECT 10 AS x UNION SELECT - 82 * 26 - 12 / - - COUNT ( * ) AS x 
counted_feedback_match,SQLeek,MonetDB,r2,MONETDB-016-REL-OPTIMIZE-PROJECTIONS,2.572222,2.572222,/root/dfuzz-griffin/griffin_output/griffin_monetdb_sqleek_rnd2/logSaved/id_000000_20260629_13h53m12s/griffin.log,BUG-SQLEEK-MONETDB-016-rel-optimize-projections-double-rollup-crash.md,exact-top-offset,,[force_exit_all] #0 0x7b38e67cac1f (rel_optimize_projections_+0x47ef),[force_exit_all] #0 0x7b38e67cac1f (rel_optimize_projections_+0x47ef) | [force_exit_all] #1 0x7b38e67725ef (rel_visitor_td+0x2bf) | [force_exit_all] #2 0x7b38e67729f6 (rel_visitor_td+0x6c6) | [force_exit_all] #3 0x7b38e67729f6 (rel_visitor_td+0x6c6) | [force_exit_all] #4 0x7b38e67729f6 (rel_visitor_td+0x6c6),"SELECT COUNT ( * ) AS duplicates , id FROM sys . querylog_calls GROUP BY id HAVING COUNT ( * ) > 1 ;   SELECT COUNT ( * ) AS duplicates , id FROM sys . querylog_history GROUP BY id HAVING COUNT ( * ) > 1 ;   SELECT COUNT ( * ) AS duplicates , tag FROM sys . queue GROUP BY tag HAV"
counted_feedback_match,SQLeek,MonetDB,r2,MONETDB-008-EXP-SET-TYPE-NTH-CUBE,3.525000,3.525,/root/dfuzz-griffin/griffin_output/griffin_monetdb_sqleek_rnd2/logSaved/id_000005_20260629_14h50m22s/griffin.log,BUG-SQLEEK-MONETDB-008-exp-set-type-nth-value-cube-crash.md,exact-top-offset-exp-visitor-chain,,[force_exit_all] #0 0x748e9629d8a1 (exp_set_type+0x341),[force_exit_all] #0 0x748e9629d8a1 (exp_set_type+0x341) | [force_exit_all] #1 0x748e962819ad (exp_visitor+0xd4d) | [force_exit_all] #2 0x748e96282ec7 (rel_exp_visitor+0x8f7) | [force_exit_all] #3 0x748e96282bfc (rel_exp_visitor+0x62c) | [force_exit_all] #4 0x748e96282a94 (rel_exp_visitor+0x4c4),"SELECT x , * FROM ( WITH RECURSIVE x ( x ) AS ( SELECT 1 UNION SELECT CAST( 3.140000 / 3.140000 AS INTEGER ) ) SELECT * FROM x UNION SELECT * FROM x UNION SELECT * FROM x UNION SELECT * FROM x UNION SELECT * FROM x UNION SELECT * FROM x UNION SELECT x * ( CAST( 1 AS REAL ) ) + 1 "
counted_feedback_match,SQLeek,MonetDB,r2,MONETDB-017-TAIL-TYPE,6.035556,6.035556,/root/dfuzz-griffin/griffin_output/griffin_monetdb_sqleek_rnd2/logSaved/id_000010_20260629_17h21m00s/griffin.log,BUG-SQLEEK-MONETDB-017-tail-type-union-order-by-window-aggregate-crash.md,exact-top-offset,,[force_exit_all] #0 0x7444f9f30217 (tail_type+0x67),[force_exit_all] #0 0x7444f9f30217 (tail_type+0x67) | [force_exit_all] #1 0x7444f9f403c8 (stmt_Nop+0xbf8) | [force_exit_all] #2 0x7444f9f3f752 (stmt_unop+0x232) | [force_exit_all] #3 0x7444f9f0400a (subrel_bin+0x9c8a) | [force_exit_all] #4 0x7444f9efcfec (subrel_bin+0x2c6c),"SELECT * FROM ( SELECT 1 AS x ) JOIN ( SELECT 1 AS x ) ON 1 = 1 ;  SELECT * FROM ( SELECT 1 AS x ) JOIN ( SELECT 1 AS x ) ON 1 = 0 ;  SELECT * FROM ( SELECT 1 AS x ) JOIN ( SELECT DISTINCT CAST( 1008 AS BIGINT ) ) ON 1 = ( ( ( x NOT IN ( -10 , 86 + CASE 3 WHEN ( ( SELECT -1.20000"
counted_feedback_match,SQLeek,MonetDB,r2,MONETDB-015-REL-GET-STATISTICS,8.042500,8.0425,/root/dfuzz-griffin/griffin_output/griffin_monetdb_sqleek_rnd2/logSaved/id_000018_20260629_19h21m25s/griffin.log,BUG-SQLEEK-MONETDB-015-rel-get-statistics-recursive-cte-not-in-crash.md,exact-top-offset,,[force_exit_all] #0 0x7185e0cc1538 (rel_get_statistics_+0x15f8),[force_exit_all] #0 0x7185e0cc1538 (rel_get_statistics_+0x15f8) | [force_exit_all] #1 0x7185e0c953be (rel_visitor_bu+0x64e) | [force_exit_all] #2 0x7185e0c950dc (rel_visitor_bu+0x36c) | [force_exit_all] #3 0x7185e0c95030 (rel_visitor_bu+0x2c0) | [force_exit_all] #4 0x7185e0c950dc (rel_visitor_bu+0x36c),"SELECT ( 1 , 2 , 3 ) = ( 1 , 2 , 3 ) ;  SELECT ( 1 , 2 , 3 ) < ( 1 , 2 , 3 ) ;  SELECT NOT ( ( 1 , 2 , 3 ) = ( 1 , 2 , 3 ) ) ;  SELECT ( 1 , 2 , 3 ) IN ( ( 1 ) , ( 2 ) , ( 3 ) ) ;  SELECT ( 1 , 2 , 3 ) IN ( SELECT 1 UNION SELECT 2 UNION SELECT 3 ) ;  SELECT NOT ( ( 1 , 2 , 3 ) = "
counted_feedback_match,SQLeek,MonetDB,r2,MONETDB-006-EXP-BIN-RECURSIVE-CTE,8.904444,8.904444,/root/dfuzz-griffin/griffin_output/griffin_monetdb_sqleek_rnd2/logSaved/id_000019_20260629_20h13m08s/griffin.log,BUG-SQLEEK-MONETDB-006-exp-bin-recursive-cte-window-crash.md,exp-bin-rel2bin-stack-match,,[force_exit_all] #0 0x7216bdaba5f4 (exp_bin+0x5034),[force_exit_all] #0 0x7216bdaba5f4 (exp_bin+0x5034) | [force_exit_all] #1 0x7216bdab6011 (exp_bin+0xa51) | [force_exit_all] #2 0x7216bdad1be1 (rel2bin_project+0x401) | [force_exit_all] #3 0x7216bdabfcda (subrel_bin+0x95a) | [force_exit_all] #4 0x7216bdad1a8e (rel2bin_project+0x2ae),"child 2151261 stoped signal number=5 SELECT 50 , CASE WHEN NOT - ( SELECT NULL ) + 0.100000 + 0.100000 + 0.100000 + 0.100000 + 0.100000 + 0.100000 + 0.100000 + 0.100000 + 0.100000 + 0.100000 + 0.100000 + 0.100000 + 0.100000 IN ( - - 41 * 92 * ( 10 ) + - MAX ( DISTINCT 74 ) , 14 ,"
not_counted,SQLeek,MonetDB,r2,,3.307778,3.307778,/root/dfuzz-griffin/griffin_output/griffin_monetdb_sqleek_rnd2/logSaved/id_000001_20260629_14h37m20s/griffin.log,,,no feedback signature match,[force_exit_all] #0 0x7ef022f28d37 (bin_find_smallest_column+0x47),[force_exit_all] #0 0x7ef022f28d37 (bin_find_smallest_column+0x47) | [force_exit_all] #1 0x7ef022f255fd (exp_bin+0x603d) | [force_exit_all] #2 0x7ef022f3bbe1 (rel2bin_project+0x401) | [force_exit_all] #3 0x7ef022f29cda (subrel_bin+0x95a) | [force_exit_all] #4 0x7ef022f2990a (subrel_bin+0x58a),"SELECT x , * FROM ( WITH RECURSIVE x ( x ) AS ( SELECT 1 UNION SELECT x + 1 FROM x WHERE x < 8 ) SELECT * FROM ( SELECT count ( * ) AS x FROM x GROUP BY x , x HAVING ( SELECT 1 ) > ANY ( CASE WHEN - 77 / - ( 99 ) THEN COUNT ( * ) ELSE COUNT ( * ) * - ( COUNT ( * ) ) END ) OR x = "
not_counted,SQLeek,MonetDB,r2,,3.308056,3.308056,/root/dfuzz-griffin/griffin_output/griffin_monetdb_sqleek_rnd2/logSaved/id_000002_20260629_14h37m21s/griffin.log,,,no feedback signature match,[force_exit_all] #0 0x73df0b181d37 (bin_find_smallest_column+0x47),[force_exit_all] #0 0x73df0b181d37 (bin_find_smallest_column+0x47) | [force_exit_all] #1 0x73df0b17e5fd (exp_bin+0x603d) | [force_exit_all] #2 0x73df0b194be1 (rel2bin_project+0x401) | [force_exit_all] #3 0x73df0b182cda (subrel_bin+0x95a) | [force_exit_all] #4 0x73df0b18290a (subrel_bin+0x58a),"SELECT x , * FROM ( WITH RECURSIVE x ( x ) AS ( SELECT 1 UNION SELECT x + 1 FROM x WHERE x < 8 ) SELECT * FROM ( SELECT count ( * ) AS x FROM x GROUP BY x , x HAVING ( SELECT 1 ) > ANY ( CASE WHEN - 77 / - ( 99 ) THEN COUNT ( * ) ELSE COUNT ( * ) * - ( COUNT ( * ) ) END ) OR x = "
not_counted,SQLeek,MonetDB,r2,,3.521389,3.521389,/root/dfuzz-griffin/griffin_output/griffin_monetdb_sqleek_rnd2/logSaved/id_000003_20260629_14h50m09s/griffin.log,,,no feedback signature match,[force_exit_all] #0 0x769c27737367 (GDKanalyticalnthvalue+0xc77),[force_exit_all] #0 0x769c27737367 (GDKanalyticalnthvalue+0xc77) | [force_exit_all] #1 0x769c26044eff (SQLnth_value+0x6af) | [force_exit_all] #2 0x769c264ed4e0 (runMALsequence+0x1070) | [force_exit_all] #3 0x769c264ebf92 (runMAL+0xf2) | [force_exit_all] #4 0x769c25f4ecea (SQLrun+0x25a),"SELECT nth_value ( x , x + 1 ) OVER ( RANGE BETWEEN UNBOUNDED PRECEDING AND CURRENT ROW ) , * FROM ( WITH RECURSIVE x ( x ) AS ( SELECT 1 UNION SELECT x + 1 FROM x WHERE x < 8 ) SELECT * FROM x UNION SELECT * FROM generate_series ( CAST( 0.100000 AS REAL ) , CAST( 10.000000 AS RE"
not_counted,SQLeek,MonetDB,r2,,3.521667,3.521667,/root/dfuzz-griffin/griffin_output/griffin_monetdb_sqleek_rnd2/logSaved/id_000004_20260629_14h50m10s/griffin.log,,,no feedback signature match,[force_exit_all] #0 0x736191e41367 (GDKanalyticalnthvalue+0xc77),[force_exit_all] #0 0x736191e41367 (GDKanalyticalnthvalue+0xc77) | [force_exit_all] #1 0x73619074eeff (SQLnth_value+0x6af) | [force_exit_all] #2 0x736190bf74e0 (runMALsequence+0x1070) | [force_exit_all] #3 0x736190bf5f92 (runMAL+0xf2) | [force_exit_all] #4 0x736190658cea (SQLrun+0x25a),"SELECT nth_value ( x , x + 1 ) OVER ( RANGE BETWEEN UNBOUNDED PRECEDING AND CURRENT ROW ) , * FROM ( WITH RECURSIVE x ( x ) AS ( SELECT 1 UNION SELECT x + 1 FROM x WHERE x < 8 ) SELECT * FROM x UNION SELECT * FROM generate_series ( CAST( 0.100000 AS REAL ) , CAST( 10.000000 AS RE"
not_counted,SQLeek,MonetDB,r2,,12.993333,12.993333,/root/dfuzz-griffin/griffin_output/griffin_monetdb_sqleek_rnd2/logSaved/id_000025_20260630_00h18m28s/griffin.log,,,no feedback signature match,[force_exit_all] #0 0x72d30050ca40 (exp_visitor+0xde0),[force_exit_all] #0 0x72d30050ca40 (exp_visitor+0xde0) | [force_exit_all] #1 0x72d30050ddda (rel_exp_visitor+0x80a) | [force_exit_all] #2 0x72d30050dbfc (rel_exp_visitor+0x62c) | [force_exit_all] #3 0x72d30050da94 (rel_exp_visitor+0x4c4) | [force_exit_all] #4 0x72d30050dbfc (rel_exp_visitor+0x62c),"SELECT x , * FROM ( WITH RECURSIVE x ( x ) AS ( SELECT 1 UNION SELECT CAST( 3.140000 / 3.140000 AS INTEGER ) ) SELECT * FROM x UNION SELECT * FROM x UNION SELECT * FROM x UNION SELECT * FROM x UNION SELECT * FROM x UNION SELECT * FROM x UNION SELECT x * ( CAST( 1 AS REAL ) ) + 1 "
not_counted,SQLeek,MonetDB,r2,,12.993611,12.993611,/root/dfuzz-griffin/griffin_output/griffin_monetdb_sqleek_rnd2/logSaved/id_000026_20260630_00h18m29s/griffin.log,,,no feedback signature match,[force_exit_all] #0 0x76c12a8b5a40 (exp_visitor+0xde0),[force_exit_all] #0 0x76c12a8b5a40 (exp_visitor+0xde0) | [force_exit_all] #1 0x76c12a8b6dda (rel_exp_visitor+0x80a) | [force_exit_all] #2 0x76c12a8b6bfc (rel_exp_visitor+0x62c) | [force_exit_all] #3 0x76c12a8b6a94 (rel_exp_visitor+0x4c4) | [force_exit_all] #4 0x76c12a8b6bfc (rel_exp_visitor+0x62c),"SELECT x , * FROM ( WITH RECURSIVE x ( x ) AS ( SELECT 1 UNION SELECT CAST( 3.140000 / 3.140000 AS INTEGER ) ) SELECT * FROM x UNION SELECT * FROM x UNION SELECT * FROM x UNION SELECT * FROM x UNION SELECT * FROM x UNION SELECT * FROM x UNION SELECT x * ( CAST( 1 AS REAL ) ) + 1 "
not_counted,SQLeek,MonetDB,r2,,16.586944,16.586944,/root/dfuzz-griffin/griffin_output/griffin_monetdb_sqleek_rnd2/logSaved/id_000033_20260630_03h54m05s/griffin.log,,,no feedback signature match,[force_exit_all] #0 0x7b1d953add37 (bin_find_smallest_column+0x47),[force_exit_all] #0 0x7b1d953add37 (bin_find_smallest_column+0x47) | [force_exit_all] #1 0x7b1d953aa5fd (exp_bin+0x603d) | [force_exit_all] #2 0x7b1d953a5011 (exp_bin+0xa51) | [force_exit_all] #3 0x7b1d953c0be1 (rel2bin_project+0x401) | [force_exit_all] #4 0x7b1d953aecda (subrel_bin+0x95a),"SELECT COUNT ( * ) AS duplicates , name FROM sys . environment GROUP BY name HAVING COUNT ( * ) > CASE - 67 WHEN - 79 * COUNT ( * ) / 30 - 32 * 69 THEN MAX ( DISTINCT 34 ) / 0 WHEN - CASE - 67 WHEN - 79 * COUNT ( * ) / 1.500000 - 32 * 69 THEN VAR_SAMP ( DISTINCT 34 ) / 0 ELSE NUL"
not_counted,SQLeek,MonetDB,r2,,17.776944,17.776944,/root/dfuzz-griffin/griffin_output/griffin_monetdb_sqleek_rnd2/logSaved/id_000034_20260630_05h05m29s/griffin.log,,,no feedback signature match,[force_exit_all] #0 0x77a51fba9131 (GDKanalyticalnthvalue+0x1a41),[force_exit_all] #0 0x77a51fba9131 (GDKanalyticalnthvalue+0x1a41) | [force_exit_all] #1 0x77a51e4b5eff (SQLnth_value+0x6af) | [force_exit_all] #2 0x77a51e95e4e0 (runMALsequence+0x1070) | [force_exit_all] #3 0x77a51e96417f (DFLOWworker+0x44f) | [force_exit_all] #4 0x77a51f9040c8 (thread_starter+0x328),"SELECT x , CASE WHEN x < 12 THEN 1 ELSE 0 END AS x FROM ( SELECT 10 AS x UNION SELECT 11 AS x UNION SELECT 12 AS x UNION SELECT 13 AS x ) ;  SELECT x , CASE WHEN x <= 12 THEN 1 ELSE 0 END AS x FROM ( SELECT 10 AS x UNION SELECT 11 AS x UNION SELECT 12 AS x UNION SELECT 13 AS x ) "
not_counted,SQLeek,MonetDB,r2,,17.777500,17.7775,/root/dfuzz-griffin/griffin_output/griffin_monetdb_sqleek_rnd2/logSaved/id_000035_20260630_05h05m31s/griffin.log,,,no feedback signature match,[force_exit_all] #0 0x7aa07e32b131 (GDKanalyticalnthvalue+0x1a41),[force_exit_all] #0 0x7aa07e32b131 (GDKanalyticalnthvalue+0x1a41) | [force_exit_all] #1 0x7aa07cc37eff (SQLnth_value+0x6af) | [force_exit_all] #2 0x7aa07d0e04e0 (runMALsequence+0x1070) | [force_exit_all] #3 0x7aa07d0e617f (DFLOWworker+0x44f) | [force_exit_all] #4 0x7aa07e0860c8 (thread_starter+0x328),"SELECT x , CASE WHEN x < 12 THEN 1 ELSE 0 END AS x FROM ( SELECT 10 AS x UNION SELECT 11 AS x UNION SELECT 12 AS x UNION SELECT 13 AS x ) ;   SELECT x , CASE WHEN x <= 12 THEN 1 ELSE 0 END AS x FROM ( SELECT 10 AS x UNION SELECT 11 AS x UNION SELECT 12 AS x UNION SELECT 13 AS x )"
not_counted,SQLeek,MonetDB,r2,MONETDB-017-TAIL-TYPE,24.437778,24.437778,/root/dfuzz-griffin/griffin_output/griffin_monetdb_sqleek_rnd2/logSaved/id_000045_20260630_11h45m08s/griffin.log,BUG-SQLEEK-MONETDB-017-tail-type-union-order-by-window-aggregate-crash.md,exact-top-offset,outside 24h budget,[force_exit_all] #0 0x71d8bc115217 (tail_type+0x67),[force_exit_all] #0 0x71d8bc115217 (tail_type+0x67) | [force_exit_all] #1 0x71d8bc1253c8 (stmt_Nop+0xbf8) | [force_exit_all] #2 0x71d8bc124752 (stmt_unop+0x232) | [force_exit_all] #3 0x71d8bc0e900a (subrel_bin+0x9c8a) | [force_exit_all] #4 0x71d8bc0f1a8e (rel2bin_project+0x2ae),SELECT epoch ( '1990-01-01 00:00:00' ) FROM ( SELECT * FROM ( SELECT CAST( - CASE - ( 0 ) WHEN 18 + - 60 THEN NULL WHEN - CASE - 67 WHEN - 79 * COUNT ( * ) / 201 - 32 * 69 THEN MAX ( DISTINCT 34 ) / 0 ELSE NULL END * ( 45 ) + 19 * 17 THEN 20 WHEN SUM ( 78 ) + 69 THEN 29 * 74 ELSE
not_counted,SQLeek,MonetDB,r2,MONETDB-017-TAIL-TYPE,24.438056,24.438056,/root/dfuzz-griffin/griffin_output/griffin_monetdb_sqleek_rnd2/logSaved/id_000046_20260630_11h45m09s/griffin.log,BUG-SQLEEK-MONETDB-017-tail-type-union-order-by-window-aggregate-crash.md,exact-top-offset,outside 24h budget,[force_exit_all] #0 0x7eaa62a10217 (tail_type+0x67),[force_exit_all] #0 0x7eaa62a10217 (tail_type+0x67) | [force_exit_all] #1 0x7eaa62a203c8 (stmt_Nop+0xbf8) | [force_exit_all] #2 0x7eaa62a1f752 (stmt_unop+0x232) | [force_exit_all] #3 0x7eaa629e400a (subrel_bin+0x9c8a) | [force_exit_all] #4 0x7eaa629eca8e (rel2bin_project+0x2ae),SELECT epoch ( '1990-01-01 00:00:00' ) FROM ( SELECT * FROM ( SELECT CAST( - CASE - ( 0 ) WHEN 18 + - 60 THEN NULL WHEN - CASE - 67 WHEN - 79 * COUNT ( * ) / 201 - 32 * 69 THEN MAX ( DISTINCT 34 ) / 0 ELSE NULL END * ( 45 ) + 19 * 17 THEN 20 WHEN SUM ( 78 ) + 69 THEN 29 * 74 ELSE
counted_feedback_match,SQLeek,MonetDB,r3,MONETDB-018-ISLIKEOP,0.889722,0.889722,/root/dfuzz-griffin/griffin_output/griffin_monetdb_sqleek_rnd3/logSaved/id_000000_20260629_12h12m17s/griffin.log,BUG-SQLEEK-MONETDB-018-islikeop-pushselect-like-crash.md,exact-top-offset,,[force_exit_all] #0 0x7bfe536238c9 (isLikeOp+0x29),[force_exit_all] #0 0x7bfe536238c9 (isLikeOp+0x29) | [force_exit_all] #1 0x7bfe5362551a (OPTpushselectImplementation+0x10ba) | [force_exit_all] #2 0x7bfe53629043 (OPTdefaultpipeImplementation+0x5c3) | [force_exit_all] #3 0x7bfe53629c6c (OPTwrapper+0x1cc) | [force_exit_all] #4 0x7bfe5341a2f1 (optimizeMALBlock+0x1a1),"SELECT log , COUNT ( * ) FROM t1 GROUP BY log UNION SELECT log , n FROM t1 WHERE n = 7 ORDER BY COUNT ( * ) , log ;   SELECT NULL UNION ALL SELECT NULL UNION ALL SELECT 1 UNION ALL SELECT 2 AS 'x' ORDER BY x ;   SELECT x LIKE '%51%' FROM ( WITH RECURSIVE x ( x ) AS ( SELECT 1 UNI"
counted_feedback_match,SQLeek,MonetDB,r3,MONETDB-001-GDK-NTH-RANGE,1.081944,1.081944,/root/dfuzz-griffin/griffin_output/griffin_monetdb_sqleek_rnd3/logSaved/id_000001_20260629_12h23m49s/griffin.log,BUG-SQLEEK-MONETDB-001-gdkanalyticalnthvalue-range-window-crash.md,exact-top-offset-and-sqlnth-value,,[force_exit_all] #0 0x7b4ad4805535 (GDKanalyticalnthvalue+0x1e45),[force_exit_all] #0 0x7b4ad4805535 (GDKanalyticalnthvalue+0x1e45) | [force_exit_all] #1 0x7b4ad3111eff (SQLnth_value+0x6af) | [force_exit_all] #2 0x7b4ad35ba4e0 (runMALsequence+0x1070) | [force_exit_all] #3 0x7b4ad35c017f (DFLOWworker+0x44f) | [force_exit_all] #4 0x7b4ad45600c8 (thread_starter+0x328),"SELECT nth_value ( 'bug' , 750 ) OVER ( RANGE BETWEEN UNBOUNDED PRECEDING AND UNBOUNDED FOLLOWING ) x HAVING NOT ( COUNT ( * ) ) = 94 / COUNT ( * ) ;  child 254321 stoped signal number=11"
counted_feedback_match,SQLeek,MonetDB,r3,MONETDB-016-REL-OPTIMIZE-PROJECTIONS,1.241944,1.241944,/root/dfuzz-griffin/griffin_output/griffin_monetdb_sqleek_rnd3/logSaved/id_000002_20260629_12h33m25s/griffin.log,BUG-SQLEEK-MONETDB-016-rel-optimize-projections-double-rollup-crash.md,exact-top-offset,,[force_exit_all] #0 0x7cf2387e4c1f (rel_optimize_projections_+0x47ef),[force_exit_all] #0 0x7cf2387e4c1f (rel_optimize_projections_+0x47ef) | [force_exit_all] #1 0x7cf23878c5ef (rel_visitor_td+0x2bf) | [force_exit_all] #2 0x7cf23878c9f6 (rel_visitor_td+0x6c6) | [force_exit_all] #3 0x7cf23878c9f6 (rel_visitor_td+0x6c6) | [force_exit_all] #4 0x7cf23878c9f6 (rel_visitor_td+0x6c6),"SELECT COUNT ( 'CH' ) AS duplicates , keyword FROM sys . keywords GROUP BY keyword HAVING listagg ( 'sys' , 'testme' ) > 1 ;  child 300032 stoped signal number=11"
counted_feedback_match,SQLeek,MonetDB,r3,MONETDB-019-LIST-EMPTY,1.956944,1.956944,/root/dfuzz-griffin/griffin_output/griffin_monetdb_sqleek_rnd3/logSaved/id_000003_20260629_13h16m19s/griffin.log,BUG-SQLEEK-MONETDB-019-list-empty-row-value-not-in-crash.md,exact-top-and-neighbor-frame,,[force_exit_all] #0 0x7fc913ec0d56 (list_empty+0x46),[force_exit_all] #0 0x7fc913ec0d56 (list_empty+0x46) | [force_exit_all] #1 0x7fc913d85a10 (exp_rel_visitor+0xd0) | [force_exit_all] #2 0x7fc913d8469a (rel_visitor_td+0x36a) | [force_exit_all] #3 0x7fc913d849f6 (rel_visitor_td+0x6c6) | [force_exit_all] #4 0x7fc913d848ee (rel_visitor_td+0x5be),"SELECT ( 1 , 2 , 3 ) = ( 1 , 2 , 3 ) ;  SELECT ( 1 , 2 , 3 ) < ( 1 , 2 , 3 ) ;  SELECT NOT ( ( 1 , 2 , 3 ) = ( 1 , 2 , 3 ) ) ;  SELECT ( 1 , 2 , 3 ) IN ( ( 1 ) , ( 2 ) , ( 3 ) ) ;  SELECT ( 1 , 2 , 3 ) IN ( SELECT 1 UNION SELECT 2 UNION SELECT 3 ) ;  SELECT NOT ( ( 1 , 2 , 3 ) = "
counted_feedback_match,SQLeek,MonetDB,r3,MONETDB-008-EXP-SET-TYPE-NTH-CUBE,3.651389,3.651389,/root/dfuzz-griffin/griffin_output/griffin_monetdb_sqleek_rnd3/logSaved/id_000009_20260629_14h57m59s/griffin.log,BUG-SQLEEK-MONETDB-008-exp-set-type-nth-value-cube-crash.md,exact-top-offset-exp-visitor-chain,,[force_exit_all] #0 0x72368d42e8a1 (exp_set_type+0x341),[force_exit_all] #0 0x72368d42e8a1 (exp_set_type+0x341) | [force_exit_all] #1 0x72368d4129ad (exp_visitor+0xd4d) | [force_exit_all] #2 0x72368d413ec7 (rel_exp_visitor+0x8f7) | [force_exit_all] #3 0x72368d413bfc (rel_exp_visitor+0x62c) | [force_exit_all] #4 0x72368d413a94 (rel_exp_visitor+0x4c4),"SELECT ( 1 , 2 , 3 ) = ( 1 , 2 , 3 ) ;  SELECT ( 1 , 2 , 3 ) < ( 1 , 2 , 3 ) ;  SELECT NOT ( ( 1 , 2 , 3 ) = ( 1 , 2 , 3 ) ) ;  SELECT ( 1 , 2 , 3 ) IN ( ( 1 ) , ( 2 ) , ( 3 ) ) ;  SELECT ( 1 , 2 , 3 ) IN ( SELECT 1 UNION SELECT 2 UNION SELECT 3 ) ;  SELECT NOT ( ( 1 , 2 , 3 ) = "
counted_feedback_match,SQLeek,MonetDB,r3,MONETDB-010-EXPS-BIND-COLUMN,3.900000,3.9,/root/dfuzz-griffin/griffin_output/griffin_monetdb_sqleek_rnd3/logSaved/id_000014_20260629_15h12m54s/griffin.log,BUG-SQLEEK-MONETDB-010-exps-bind-column-repeated-rollup-crash.md,exact-top-offset,,[force_exit_all] #0 0x7773dec29e0e (exps_bind_column+0x2ce),[force_exit_all] #0 0x7773dec29e0e (exps_bind_column+0x2ce) | [force_exit_all] #1 0x7773dec49650 (name_find_column+0x1d0) | [force_exit_all] #2 0x7773dec4a071 (exp_find_column+0x61) | [force_exit_all] #3 0x7773dec773cd (rel_final_optimization_loop_+0xb6d) | [force_exit_all] #4 0x7773dec423be (rel_visitor_bu+0x64e),"child 932762 stoped signal number=5 SELECT x , COUNT ( * ) FROM x GROUP BY x UNION SELECT x , x FROM x WHERE x = 7 ORDER BY COUNT ( * ) , x ;  SELECT NULL UNION SELECT NULL UNION SELECT 1 UNION SELECT 2 AS x ;  SELECT * FROM ( SELECT NULL , 1 UNION SELECT NULL , 1 ) AS x ;  SELEC"
counted_feedback_match,SQLeek,MonetDB,r3,MONETDB-017-TAIL-TYPE,5.703056,5.703056,/root/dfuzz-griffin/griffin_output/griffin_monetdb_sqleek_rnd3/logSaved/id_000017_20260629_17h01m05s/griffin.log,BUG-SQLEEK-MONETDB-017-tail-type-union-order-by-window-aggregate-crash.md,exact-top-offset,,[force_exit_all] #0 0x7a66c3474217 (tail_type+0x67),[force_exit_all] #0 0x7a66c3474217 (tail_type+0x67) | [force_exit_all] #1 0x7a66c34843c8 (stmt_Nop+0xbf8) | [force_exit_all] #2 0x7a66c3483752 (stmt_unop+0x232) | [force_exit_all] #3 0x7a66c344800a (subrel_bin+0x9c8a) | [force_exit_all] #4 0x7a66c3450a8e (rel2bin_project+0x2ae),"SELECT x , CASE WHEN x < 12 THEN 1 ELSE 0 END AS x FROM ( SELECT 10 AS x UNION SELECT locate ( '5.6' , '0.1.2.3.5.4.5.6.8.5.6.8' ) - 2 AS x UNION SELECT 12 AS x UNION SELECT 13 AS x ) ;  SELECT x , CASE WHEN x <= 12 THEN 1 ELSE 0 END AS x FROM ( SELECT 10 AS x UNION SELECT 11 AS "
counted_feedback_match,SQLeek,MonetDB,r3,MONETDB-011-LIST-APPEND,6.697778,6.697778,/root/dfuzz-griffin/griffin_output/griffin_monetdb_sqleek_rnd3/logSaved/id_000027_20260629_18h00m46s/griffin.log,BUG-SQLEEK-MONETDB-011-list-append-recursive-cte-groups-window-crash.md,exact-top-offset,,[force_exit_all] #0 0x70a3a4222a49 (list_append+0x129),[force_exit_all] #0 0x70a3a4222a49 (list_append+0x129) | [force_exit_all] #1 0x70a3a40fa8d8 (rel_unnest_projects+0x2b8) | [force_exit_all] #2 0x70a3a40e73be (rel_visitor_bu+0x64e) | [force_exit_all] #3 0x70a3a40e70dc (rel_visitor_bu+0x36c) | [force_exit_all] #4 0x70a3a40e707f (rel_visitor_bu+0x30f),"SELECT ( 1 , 2 , 3 ) = ( 1 , 2 , 3 ) ;   SELECT ( 1 , 2 , 3 ) < ( 1 , 2 , 3 ) ;   SELECT NOT ( ( 1 , 2 , 3 ) = ( 1 , 2 , 3 ) ) ;   SELECT ( 1 , 2 , 3 ) IN ( ( 1 ) , ( 2 ) , ( 3 ) ) ;   SELECT ( 1 , 2 , 3 ) IN ( SELECT 1 UNION SELECT 2 UNION SELECT 3 ) ;   SELECT NOT ( ( 1 , 2 , 3"
counted_feedback_match,SQLeek,MonetDB,r3,MONETDB-007-EXP-MATCH-CUBE,6.785833,6.785833,/root/dfuzz-griffin/griffin_output/griffin_monetdb_sqleek_rnd3/logSaved/id_000067_20260629_18h06m03s/griffin.log,BUG-SQLEEK-MONETDB-007-exp-match-cube-subquery-crash.md,exact-top-function,,[force_exit_all] #0 0x76131b73295d (exp_match+0x3d),[force_exit_all] #0 0x76131b73295d (exp_match+0x3d) | [force_exit_all] #1 0x76131b732d5c (exps_find_exp+0x5c) | [force_exit_all] #2 0x76131b76682d (rel_unnest_projects+0x20d) | [force_exit_all] #3 0x76131b7533be (rel_visitor_bu+0x64e) | [force_exit_all] #4 0x76131b7530dc (rel_visitor_bu+0x36c),"SELECT ( 1 , 2 , 3 ) = ( 1 , 2 , 3 ) ;  SELECT ( 1 , 2 , 3 ) < ( 1 , 2 , 3 ) ;  SELECT NOT ( ( 1 , 2 , 3 ) = ( 1 , 2 , 3 ) ) ;  SELECT ( 1 , 2 , 3 ) IN ( ( 1 ) , ( 2 ) , ( 3 ) ) ;  SELECT ( 1 , 2 , 3 ) IN ( SELECT 1 UNION SELECT 2 UNION SELECT 3 ) ;  SELECT NOT ( ( 1 , 2 , 3 ) = "
counted_feedback_match,SQLeek,MonetDB,r3,MONETDB-009-EXP-VISITOR-ROLLUP-CUBE,11.532500,11.5325,/root/dfuzz-griffin/griffin_output/griffin_monetdb_sqleek_rnd3/logSaved/id_000097_20260629_22h50m51s/griffin.log,BUG-SQLEEK-MONETDB-009-exp-visitor-rollup-cube-any-crash.md,exact-top-and-neighbor-offset,,[force_exit_all] #0 0x716793427dbe (exp_visitor+0x15e),[force_exit_all] #0 0x716793427dbe (exp_visitor+0x15e) | [force_exit_all] #1 0x716793429dda (rel_exp_visitor+0x80a) | [force_exit_all] #2 0x716793429bfc (rel_exp_visitor+0x62c) | [force_exit_all] #3 0x716793429a94 (rel_exp_visitor+0x4c4) | [force_exit_all] #4 0x716793429bfc (rel_exp_visitor+0x62c),"SELECT ( 1 , 2 , 3 ) = ( 1 , 2 , 3 ) ;   SELECT ( 1 , 2 , 3 ) < ( 1 , 2 , 3 ) ;   SELECT NOT ( ( 1 , 2 , 3 ) = ( 1 , 2 , 3 ) ) ;   SELECT ( 1 , 2 , 3 ) IN ( ( 1 ) , ( 2 ) , ( 3 ) ) ;  child 2852523 stoped signal number=5 SELECT ( 1 , 2 , 3 ) IN ( SELECT 1 UNION SELECT 2 UNION SEL"
counted_feedback_match,SQLeek,MonetDB,r3,MONETDB-014-REL-EXP-VISITOR,11.536667,11.536667,/root/dfuzz-griffin/griffin_output/griffin_monetdb_sqleek_rnd3/logSaved/id_000110_20260629_22h51m06s/griffin.log,BUG-SQLEEK-MONETDB-014-rel-exp-visitor-rollup-cube-any-crash.md,exact-top-offset,,[force_exit_all] #0 0x701ef89e5db0 (rel_exp_visitor+0x7e0),[force_exit_all] #0 0x701ef89e5db0 (rel_exp_visitor+0x7e0) | [force_exit_all] #1 0x701ef89e5bfc (rel_exp_visitor+0x62c) | [force_exit_all] #2 0x701ef89e5a94 (rel_exp_visitor+0x4c4) | [force_exit_all] #3 0x701ef89e5bfc (rel_exp_visitor+0x62c) | [force_exit_all] #4 0x701ef89e5bfc (rel_exp_visitor+0x62c),"SELECT ( 1 , 2 , 3 ) = ( 1 , 2 , 3 ) ;   SELECT ( 1 , 2 , 3 ) < ( 1 , 2 , 3 ) ;   SELECT NOT ( ( 1 , 2 , 3 ) = ( 1 , 2 , 3 ) ) ;   SELECT ( 1 , 2 , 3 ) IN ( ( 1 ) , ( 2 ) , ( 3 ) ) ;  child 2857191 stoped signal number=5 SELECT ( 1 , 2 , 3 ) IN ( SELECT 1 UNION SELECT 2 UNION SEL"
counted_feedback_match,SQLeek,MonetDB,r3,MONETDB-015-REL-GET-STATISTICS,16.756944,16.756944,/root/dfuzz-griffin/griffin_output/griffin_monetdb_sqleek_rnd3/logSaved/id_000264_20260630_04h04m19s/griffin.log,BUG-SQLEEK-MONETDB-015-rel-get-statistics-recursive-cte-not-in-crash.md,exact-top-offset,,[force_exit_all] #0 0x7448f6812538 (rel_get_statistics_+0x15f8),[force_exit_all] #0 0x7448f6812538 (rel_get_statistics_+0x15f8) | [force_exit_all] #1 0x7448f67e63be (rel_visitor_bu+0x64e) | [force_exit_all] #2 0x7448f67e60dc (rel_visitor_bu+0x36c) | [force_exit_all] #3 0x7448f67e607f (rel_visitor_bu+0x30f) | [force_exit_all] #4 0x7448f67e24b4 (rel_visitor+0x454),"SELECT ( 1 , 2 , 3 ) = ( 1 , 2 , 3 ) ;   SELECT ( 1 , 2 , 3 ) < ( 1 , 2 , 3 ) ;   SELECT NOT ( ( 1 , 2 , 3 ) = ( 1 , 2 , 3 ) ) ;   SELECT ( 1 , 2 , 3 ) IN ( ( 1 ) , ( 2 ) , ( 3 ) ) ;  child 4188856 stoped signal number=5 SELECT ( 1 , 2 , 3 ) IN ( SELECT 1 UNION SELECT 2 UNION SEL"
counted_feedback_match,SQLeek,MonetDB,r3,MONETDB-006-EXP-BIN-RECURSIVE-CTE,17.620000,17.62,/root/dfuzz-griffin/griffin_output/griffin_monetdb_sqleek_rnd3/logSaved/id_000265_20260630_04h56m06s/griffin.log,BUG-SQLEEK-MONETDB-006-exp-bin-recursive-cte-window-crash.md,exp-bin-rel2bin-stack-match,,[force_exit_all] #0 0x7ac10fd495f4 (exp_bin+0x5034),[force_exit_all] #0 0x7ac10fd495f4 (exp_bin+0x5034) | [force_exit_all] #1 0x7ac10fd49354 (exp_bin+0x4d94) | [force_exit_all] #2 0x7ac10fd45011 (exp_bin+0xa51) | [force_exit_all] #3 0x7ac10fd60be1 (rel2bin_project+0x401) | [force_exit_all] #4 0x7ac10fd4ecda (subrel_bin+0x95a),"SELECT CAST( - ( - 43 ) - 71 + - 4.400000 * - - 78 + - 78 + - 82 * - 12 * - 27 * CASE WHEN NOT NULL IN ( - FIRST_VALUE ( 0 ) OVER ( ) , ( SUM ( DISTINCT CAST( NULL AS INTEGER ) ) ) + MAX ( - 6 ) + - COUNT ( * ) / - - ( 77 ) + 37 , 44 , - ( SELECT NULL ) , - - 86 , 3 , 12 ) THEN 4"
not_counted,SQLeek,MonetDB,r3,,1.957500,1.9575,/root/dfuzz-griffin/griffin_output/griffin_monetdb_sqleek_rnd3/logSaved/id_000004_20260629_13h16m21s/griffin.log,,,no feedback signature match,[force_exit_all] #0 0x70475aeb6494 (rel_setop_n_ary_set_exps+0x1d4),[force_exit_all] #0 0x70475aeb6494 (rel_setop_n_ary_set_exps+0x1d4) | [force_exit_all] #1 0x70475aeb6293 (rel_inplace_setop_n_ary+0x83) | [force_exit_all] #2 0x70475aed90fd (rel_unnest_projects+0xadd) | [force_exit_all] #3 0x70475aec53be (rel_visitor_bu+0x64e) | [force_exit_all] #4 0x70475aec50dc (rel_visitor_bu+0x36c),"SELECT ( 1 , 2 , 3 ) = ( 1 , 2 , 3 ) ;   SELECT ( 1 , 2 , 3 ) < ( 1 , 2 , 3 ) ;   SELECT NOT ( ( 1 , 2 , 3 ) = ( 1 , 2 , 3 ) ) ;   SELECT ( 1 , 2 , 3 ) IN ( ( 1 ) , ( 2 ) , ( 3 ) ) ;   SELECT ( 1 , 2 , 3 ) IN ( SELECT 1 UNION SELECT 2 UNION SELECT 3 ) ;   SELECT NOT ( ( 1 , 2 , 3"
not_counted,SQLeek,MonetDB,r3,,1.963611,1.963611,/root/dfuzz-griffin/griffin_output/griffin_monetdb_sqleek_rnd3/logSaved/id_000005_20260629_13h16m43s/griffin.log,,,no feedback signature match,[force_exit_all] #0 0x7fdef97bee88 (rel_unnest_projects+0x868),[force_exit_all] #0 0x7fdef97bee88 (rel_unnest_projects+0x868) | [force_exit_all] #1 0x7fdef97ab3be (rel_visitor_bu+0x64e) | [force_exit_all] #2 0x7fdef97ab0dc (rel_visitor_bu+0x36c) | [force_exit_all] #3 0x7fdef97ab0dc (rel_visitor_bu+0x36c) | [force_exit_all] #4 0x7fdef97ab030 (rel_visitor_bu+0x2c0),"SELECT ( 1 , 2 , 3 ) = ( 1 , 2 , 3 ) ;  SELECT ( 1 , 2 , 3 ) < ( 1 , 2 , 3 ) ;  SELECT NOT ( ( 1 , 2 , 3 ) = ( 1 , 2 , 3 ) ) ;  SELECT ( 1 , 2 , 3 ) IN ( ( 1 ) , ( 2 ) , ( 3 ) ) ;  SELECT ( 1 , 2 , 3 ) IN ( SELECT 1 UNION SELECT 2 UNION SELECT 3 ) ;  SELECT NOT ( ( 1 , 2 , 3 ) = "
not_counted,SQLeek,MonetDB,r3,,1.963889,1.963889,/root/dfuzz-griffin/griffin_output/griffin_monetdb_sqleek_rnd3/logSaved/id_000006_20260629_13h16m44s/griffin.log,,,no feedback signature match,[force_exit_all] #0 0x7facddb31e88 (rel_unnest_projects+0x868),[force_exit_all] #0 0x7facddb31e88 (rel_unnest_projects+0x868) | [force_exit_all] #1 0x7facddb1e3be (rel_visitor_bu+0x64e) | [force_exit_all] #2 0x7facddb1e0dc (rel_visitor_bu+0x36c) | [force_exit_all] #3 0x7facddb1e0dc (rel_visitor_bu+0x36c) | [force_exit_all] #4 0x7facddb1e030 (rel_visitor_bu+0x2c0),"SELECT ( 1 , 2 , 3 ) = ( 1 , 2 , 3 ) ;   SELECT ( 1 , 2 , 3 ) < ( 1 , 2 , 3 ) ;   SELECT NOT ( ( 1 , 2 , 3 ) = ( 1 , 2 , 3 ) ) ;   SELECT ( 1 , 2 , 3 ) IN ( ( 1 ) , ( 2 ) , ( 3 ) ) ;   SELECT ( 1 , 2 , 3 ) IN ( SELECT 1 UNION SELECT 2 UNION SELECT 3 ) ;   SELECT NOT ( ( 1 , 2 , 3"
not_counted,SQLeek,MonetDB,r3,,3.251111,3.251111,/root/dfuzz-griffin/griffin_output/griffin_monetdb_sqleek_rnd3/logSaved/id_000008_20260629_14h33m58s/griffin.log,,,no feedback signature match,[force_exit_all] #0 0x784a7f567f02 (GDKanalyticalnthvalue+0x1812),[force_exit_all] #0 0x784a7f567f02 (GDKanalyticalnthvalue+0x1812) | [force_exit_all] #1 0x784a7de74eff (SQLnth_value+0x6af) | [force_exit_all] #2 0x784a7e31d4e0 (runMALsequence+0x1070) | [force_exit_all] #3 0x784a7e32317f (DFLOWworker+0x44f) | [force_exit_all] #4 0x784a7f2c30c8 (thread_starter+0x328),";   SELECT * FROM SYS . ARGS WHERE FUNC_ID NOT IN ( SELECT ID FROM SYS . FUNCTIONS ) OR FUNC_ID NOT IN ( SELECT nth_value ( 0 , 2 ) OVER ( RANGE BETWEEN UNBOUNDED PRECEDING AND CURRENT ROW ) FROM SYS . FUNCTIONS ) ;  child 761061 stoped signal number=11"
not_counted,SQLeek,MonetDB,r3,,3.670000,3.67,/root/dfuzz-griffin/griffin_output/griffin_monetdb_sqleek_rnd3/logSaved/id_000012_20260629_14h59m06s/griffin.log,,,no feedback signature match,[force_exit_all] #0 0x7308f9d62a40 (exp_visitor+0xde0),[force_exit_all] #0 0x7308f9d62a40 (exp_visitor+0xde0) | [force_exit_all] #1 0x7308f9d63dda (rel_exp_visitor+0x80a) | [force_exit_all] #2 0x7308f9d63bfc (rel_exp_visitor+0x62c) | [force_exit_all] #3 0x7308f9d63a94 (rel_exp_visitor+0x4c4) | [force_exit_all] #4 0x7308f9d63bfc (rel_exp_visitor+0x62c),"SELECT ( 1 , 2 , 3 ) = ( 1 , 2 , 3 ) ;  SELECT ( 1 , 2 , 3 ) < ( 1 , 2 , 3 ) ;  SELECT NOT ( ( 1 , 2 , 3 ) = ( 1 , 2 , 3 ) ) ;  SELECT ( 1 , 2 , 3 ) IN ( ( 1 ) , ( 2 ) , ( 3 ) ) ;  SELECT ( 1 , 2 , 3 ) IN ( SELECT 1 UNION SELECT 2 UNION SELECT 3 ) ;  SELECT NOT ( 4 > ( SELECT CAS"
not_counted,SQLeek,MonetDB,r3,,3.670278,3.670278,/root/dfuzz-griffin/griffin_output/griffin_monetdb_sqleek_rnd3/logSaved/id_000013_20260629_14h59m07s/griffin.log,,,no feedback signature match,[force_exit_all] #0 0x72e1f76b7a40 (exp_visitor+0xde0),[force_exit_all] #0 0x72e1f76b7a40 (exp_visitor+0xde0) | [force_exit_all] #1 0x72e1f76b8dda (rel_exp_visitor+0x80a) | [force_exit_all] #2 0x72e1f76b8bfc (rel_exp_visitor+0x62c) | [force_exit_all] #3 0x72e1f76b8a94 (rel_exp_visitor+0x4c4) | [force_exit_all] #4 0x72e1f76b8bfc (rel_exp_visitor+0x62c),"SELECT ( 1 , 2 , 3 ) = ( 1 , 2 , 3 ) ;   SELECT ( 1 , 2 , 3 ) < ( 1 , 2 , 3 ) ;   SELECT NOT ( ( 1 , 2 , 3 ) = ( 1 , 2 , 3 ) ) ;   SELECT ( 1 , 2 , 3 ) IN ( ( 1 ) , ( 2 ) , ( 3 ) ) ;   SELECT ( 1 , 2 , 3 ) IN ( SELECT 1 UNION SELECT 2 UNION SELECT 3 ) ;   SELECT NOT ( 4 > ( SELEC"
not_counted,SQLeek,MonetDB,r3,,6.705000,6.705,/root/dfuzz-griffin/griffin_output/griffin_monetdb_sqleek_rnd3/logSaved/id_000029_20260629_18h01m12s/griffin.log,,,no feedback signature match,[force_exit_all] #0 0x7b0a962d277d (exp_set_type+0x21d),[force_exit_all] #0 0x7b0a962d277d (exp_set_type+0x21d) | [force_exit_all] #1 0x7b0a962b69ad (exp_visitor+0xd4d) | [force_exit_all] #2 0x7b0a962b7dda (rel_exp_visitor+0x80a) | [force_exit_all] #3 0x7b0a962b7bfc (rel_exp_visitor+0x62c) | [force_exit_all] #4 0x7b0a962b7b90 (rel_exp_visitor+0x5c0),"SELECT ( 1 , 2 , 3 ) = ( 1 , lseek ( x ( 2001 , 'w' ) , 131072 , x ) startswith ( 'one two three' , COALESCE ( SUBSTRING ( NULL , 1 IN ( SELECT ( SELECT MAX ( 10 ) ) ) , 1 ) , 'nil' ) , TRUE ) ) ;   SELECT ( 1 , 2 , 3 ) < ( 1 , 2 , 3 ) ;   SELECT NOT ( ( 1 , 2 , 3 ) = ( 1 , 2 , 3"
not_counted,SQLeek,MonetDB,r3,,6.705556,6.705556,/root/dfuzz-griffin/griffin_output/griffin_monetdb_sqleek_rnd3/logSaved/id_000031_20260629_18h01m14s/griffin.log,,,no feedback signature match,[force_exit_all] #0 0x71bea1e5a9cc (exp_rel_visitor+0x8c),[force_exit_all] #0 0x71bea1e5a9cc (exp_rel_visitor+0x8c) | [force_exit_all] #1 0x71bea1e5a1a6 (rel_visitor_bu+0x436) | [force_exit_all] #2 0x71bea1e5a0dc (rel_visitor_bu+0x36c) | [force_exit_all] #3 0x71bea1e5a07f (rel_visitor_bu+0x30f) | [force_exit_all] #4 0x71bea1e5a0dc (rel_visitor_bu+0x36c),"SELECT ( 1 , 2 , 3 ) = ( 1 , 2 , 3 ) ;   SELECT ( 1 , 2 , 3 ) < ( 1 , 2 , 3 ) ;   SELECT NOT ( ( 1 , 2 , 3 ) = ( 1 , 2 , 3 ) ) ;   SELECT ( 1 , 2 , 3 ) IN ( ( 1 ) , ( 2 ) , ( 3 ) ) ;   SELECT ( 1 , 2 , 3 ) IN ( SELECT 1 UNION SELECT 2 UNION SELECT 3 ) ;   SELECT NOT ( ( 1 , 2 , 5"
not_counted,SQLeek,MonetDB,r3,,6.706111,6.706111,/root/dfuzz-griffin/griffin_output/griffin_monetdb_sqleek_rnd3/logSaved/id_000033_20260629_18h01m16s/griffin.log,,,no feedback signature match,[force_exit_all] #0 0x7ecf378fb9cc (exp_rel_visitor+0x8c),[force_exit_all] #0 0x7ecf378fb9cc (exp_rel_visitor+0x8c) | [force_exit_all] #1 0x7ecf378fb1a6 (rel_visitor_bu+0x436) | [force_exit_all] #2 0x7ecf378fb0dc (rel_visitor_bu+0x36c) | [force_exit_all] #3 0x7ecf378fb07f (rel_visitor_bu+0x30f) | [force_exit_all] #4 0x7ecf378fb0dc (rel_visitor_bu+0x36c),"SELECT ( 1 , 2 , 3 ) = ( 1 , 2 , 3 ) ;   SELECT ( 1 , 2 , 3 ) < ( 1 , 2 , 3 ) ;   SUM ( CAST( 'NaN' AS DOUBLE PRECISION ) ) ;   SELECT ( 1 , 2 , 3 ) IN ( ( 1 ) , ( 2 ) , ( 3 ) ) ;   SELECT ( 1 , 2 , 3 ) IN ( SELECT 1 UNION SELECT 2 UNION SELECT 3 ) ;   SELECT NOT ( ( 1 , 2 , 3 ) "
not_counted,SQLeek,MonetDB,r3,,6.706667,6.706667,/root/dfuzz-griffin/griffin_output/griffin_monetdb_sqleek_rnd3/logSaved/id_000034_20260629_18h01m18s/griffin.log,,,no feedback signature match,[force_exit_all] #0 0x78dc3e4599cc (exp_rel_visitor+0x8c),[force_exit_all] #0 0x78dc3e4599cc (exp_rel_visitor+0x8c) | [force_exit_all] #1 0x78dc3e4591a6 (rel_visitor_bu+0x436) | [force_exit_all] #2 0x78dc3e4590dc (rel_visitor_bu+0x36c) | [force_exit_all] #3 0x78dc3e45907f (rel_visitor_bu+0x30f) | [force_exit_all] #4 0x78dc3e4590dc (rel_visitor_bu+0x36c),"SELECT ( 1 , 2 , 3 ) = ( 1 , 2 , 3 ) ;   SELECT ( 1 , 2 , 3 ) < ( 1 , 2 , 3 ) ;   SELECT NOT ( ( 1 , 2 , 3 ) = ( 1 , 2 , 3 ) ) ;   SELECT ( 1 , 2 , 3 ) IN ( ( 1 ) , ( 2 ) , ( 3 ) ) ;   SELECT ( 1 , 2 , 3 ) IN ( SELECT 1 UNION SELECT 2 UNION SELECT 3 ) ;   SELECT NOT ( ( 1 , 2 , 3"
not_counted,SQLeek,MonetDB,r3,,6.706944,6.706944,/root/dfuzz-griffin/griffin_output/griffin_monetdb_sqleek_rnd3/logSaved/id_000035_20260629_18h01m19s/griffin.log,,,no feedback signature match,[force_exit_all] #0 0x770094a0e9cc (exp_rel_visitor+0x8c),[force_exit_all] #0 0x770094a0e9cc (exp_rel_visitor+0x8c) | [force_exit_all] #1 0x770094a0e1a6 (rel_visitor_bu+0x436) | [force_exit_all] #2 0x770094a0e0dc (rel_visitor_bu+0x36c) | [force_exit_all] #3 0x770094a0e07f (rel_visitor_bu+0x30f) | [force_exit_all] #4 0x770094a0e0dc (rel_visitor_bu+0x36c),"SELECT ( 1 , 2 , 3 ) = ( 1 , 2 , 3 ) ;   SELECT ( 1 , 2 , 3 ) < ( 1 , 2 , 3 ) ;   SELECT NOT ( ( 1 , 2 , 3 ) = ( 1 , 2 , 3 ) ) ;   SELECT ( 1 , 2 , 3 ) IN ( ( 1 ) , ( 2 ) , ( 3 ) ) ;   SELECT ( 1 , 2 , 3 ) IN ( SELECT 1 UNION SELECT 2 UNION SELECT 3 ) ;   SELECT NOT ( ( 1 , 2 , 3"
not_counted,SQLeek,MonetDB,r3,,6.707222,6.707222,/root/dfuzz-griffin/griffin_output/griffin_monetdb_sqleek_rnd3/logSaved/id_000036_20260629_18h01m20s/griffin.log,,,no feedback signature match,[force_exit_all] #0 0x7c376496e9cc (exp_rel_visitor+0x8c),[force_exit_all] #0 0x7c376496e9cc (exp_rel_visitor+0x8c) | [force_exit_all] #1 0x7c376496e1a6 (rel_visitor_bu+0x436) | [force_exit_all] #2 0x7c376496e0dc (rel_visitor_bu+0x36c) | [force_exit_all] #3 0x7c376496e07f (rel_visitor_bu+0x30f) | [force_exit_all] #4 0x7c376496e0dc (rel_visitor_bu+0x36c),"SELECT ( 1 , 2 , 3 ) = ( 1 , 2 , 3 ) ;  SELECT ( 1 , 2 , 3 ) < ( 1 , 2 , 3 ) ;  SELECT NOT ( ( 1 , 2 , 3 ) = ( 1 , 2 , 3 ) ) ;  SELECT ( 1 , 2 , 3 ) IN ( ( 1 ) , ( 2 ) , ( 3 ) ) ;  SELECT ( 1 , 2 , 3 ) IN ( SELECT 1 UNION SELECT FIRST_VALUE ( '<foo>bar</foo>' ) OVER ( ORDER BY 1 "
not_counted,SQLeek,MonetDB,r3,,6.707500,6.7075,/root/dfuzz-griffin/griffin_output/griffin_monetdb_sqleek_rnd3/logSaved/id_000037_20260629_18h01m21s/griffin.log,,,no feedback signature match,[force_exit_all] #0 0x7be06168c9cc (exp_rel_visitor+0x8c),[force_exit_all] #0 0x7be06168c9cc (exp_rel_visitor+0x8c) | [force_exit_all] #1 0x7be06168c1a6 (rel_visitor_bu+0x436) | [force_exit_all] #2 0x7be06168c0dc (rel_visitor_bu+0x36c) | [force_exit_all] #3 0x7be06168c07f (rel_visitor_bu+0x30f) | [force_exit_all] #4 0x7be06168c0dc (rel_visitor_bu+0x36c),"SELECT ( 1 , 2 , 3 ) = ( 1 , 2 , 3 ) ;  SELECT ( 1 , 2 , CASE - NULLIF ( 87 , nullif ( NULL , 'dc' ) * 5 ) WHEN 36 THEN NULL WHEN 24 THEN NULL ELSE 66 END ) < ( 1 , 2 , 3 ) ;  SELECT NOT ( ( 1 , 2 , 3 ) = ( 1 , 2 , 3 ) ) ;  SELECT ( 1 , 2 , 3 ) IN ( ( 1 ) , ( 2 ) , ( 3 ) ) ;  SEL"
not_counted,SQLeek,MonetDB,r3,,6.708056,6.708056,/root/dfuzz-griffin/griffin_output/griffin_monetdb_sqleek_rnd3/logSaved/id_000039_20260629_18h01m23s/griffin.log,,,no feedback signature match,[force_exit_all] #0 0x7744449fb9cc (exp_rel_visitor+0x8c),[force_exit_all] #0 0x7744449fb9cc (exp_rel_visitor+0x8c) | [force_exit_all] #1 0x7744449fb1a6 (rel_visitor_bu+0x436) | [force_exit_all] #2 0x7744449fb0dc (rel_visitor_bu+0x36c) | [force_exit_all] #3 0x7744449fb07f (rel_visitor_bu+0x30f) | [force_exit_all] #4 0x7744449fb0dc (rel_visitor_bu+0x36c),"SELECT ( 1 , 2 , 3 ) = ( 1 , 2 , 3 ) ;   SELECT ( 1 , 2 , 3 ) < ( 1 , 2 , 3 ) ;   SELECT NOT ( ( 1 , 2 , 3 ) = ( 1 , 2 , 3 ) ) ;   SELECT ( 1 , 2 , 3 ) IN ( ( 1 ) , ( 2 ) , ( 3 ) ) ;   SELECT * FROM ( SELECT NULL , 'x1' , 0 , 0 UNION SELECT NULL , 'y2' , 1 , 1 UNION SELECT NULL ,"
not_counted,SQLeek,MonetDB,r3,,6.708889,6.708889,/root/dfuzz-griffin/griffin_output/griffin_monetdb_sqleek_rnd3/logSaved/id_000041_20260629_18h01m26s/griffin.log,,,no feedback signature match,[force_exit_all] #0 0x7b3a2d2229cc (exp_rel_visitor+0x8c),[force_exit_all] #0 0x7b3a2d2229cc (exp_rel_visitor+0x8c) | [force_exit_all] #1 0x7b3a2d2221a6 (rel_visitor_bu+0x436) | [force_exit_all] #2 0x7b3a2d2220dc (rel_visitor_bu+0x36c) | [force_exit_all] #3 0x7b3a2d22207f (rel_visitor_bu+0x30f) | [force_exit_all] #4 0x7b3a2d2220dc (rel_visitor_bu+0x36c),"SELECT ( 1 , 2 , 3 ) = ( 1 , 2 , 3 ) ;  SELECT ( 1 , 2 , 3 ) < ( 1 , 2 , 3 ) ;  SELECT NOT ( ( 1 , 2 , 3 ) = ( 1 , 2 , 3 ) ) ;  SELECT ( 1 , 2 , 3 ) IN ( ( 1 ) , ( 2 ) , ( 3 ) ) ;  SELECT ( 1 , 2 , 3 ) IN ( SELECT 1 UNION SELECT 2 UNION SELECT 3 ) ;  SELECT NOT ( ( 1 , 2 , 3 ) = "
not_counted,SQLeek,MonetDB,r3,,6.709167,6.709167,/root/dfuzz-griffin/griffin_output/griffin_monetdb_sqleek_rnd3/logSaved/id_000042_20260629_18h01m27s/griffin.log,,,no feedback signature match,[force_exit_all] #0 0x755b373e19cc (exp_rel_visitor+0x8c),[force_exit_all] #0 0x755b373e19cc (exp_rel_visitor+0x8c) | [force_exit_all] #1 0x755b373e11a6 (rel_visitor_bu+0x436) | [force_exit_all] #2 0x755b373e10dc (rel_visitor_bu+0x36c) | [force_exit_all] #3 0x755b373e107f (rel_visitor_bu+0x30f) | [force_exit_all] #4 0x755b373e10dc (rel_visitor_bu+0x36c),"SELECT ( NULL / 32767 + 1 , 2 , 3 ) = ( 1 , 2 , 3 ) ;   SELECT ( 1 , 2 , 3 ) < ( 1 , 2 , 3 ) ;   SELECT NOT ( ( 1 , 2 , 3 ) = ( 1 , 2 , 3 ) ) ;   SELECT ( 1 , 2 , 3 ) IN ( ( 1 ) , ( 2 ) , ( 3 ) ) ;   SELECT ( 1 , 2 , 3 ) IN ( SELECT 1 UNION SELECT 2 UNION SELECT 3 ) ;   SELECT NO"
not_counted,SQLeek,MonetDB,r3,,6.710278,6.710278,/root/dfuzz-griffin/griffin_output/griffin_monetdb_sqleek_rnd3/logSaved/id_000045_20260629_18h01m31s/griffin.log,,,no feedback signature match,[force_exit_all] #0 0x755c185d79cc (exp_rel_visitor+0x8c),[force_exit_all] #0 0x755c185d79cc (exp_rel_visitor+0x8c) | [force_exit_all] #1 0x755c185d71a6 (rel_visitor_bu+0x436) | [force_exit_all] #2 0x755c185d70dc (rel_visitor_bu+0x36c) | [force_exit_all] #3 0x755c185d707f (rel_visitor_bu+0x30f) | [force_exit_all] #4 0x755c185d70dc (rel_visitor_bu+0x36c),"SELECT ( 1 , 2 , 3 ) = ( 1 , 2 , 3 ) ;  SELECT ( 1 , 2 , 3 ) < ( 1 , 2 , 3 ) ;  SELECT NOT ( ( 1 , 2 , 3 ) = ( 1 , 2 , 3 ) ) ;  SELECT ( 1 , 2 , 3 ) IN ( ( 1 ) , ( 2 ) , ( 3 ) ) ;  SELECT ;  SELECT NOT ( ( 1 , 2 , 3 ) = ( 1 , 2 , 3 ) ) ;  SELECT ( SELECT 1 AS x , 2 AS x , 3 AS x "
not_counted,SQLeek,MonetDB,r3,,6.710833,6.710833,/root/dfuzz-griffin/griffin_output/griffin_monetdb_sqleek_rnd3/logSaved/id_000047_20260629_18h01m33s/griffin.log,,,no feedback signature match,[force_exit_all] #0 0x7515621979cc (exp_rel_visitor+0x8c),[force_exit_all] #0 0x7515621979cc (exp_rel_visitor+0x8c) | [force_exit_all] #1 0x7515621971a6 (rel_visitor_bu+0x436) | [force_exit_all] #2 0x7515621970dc (rel_visitor_bu+0x36c) | [force_exit_all] #3 0x75156219707f (rel_visitor_bu+0x30f) | [force_exit_all] #4 0x7515621970dc (rel_visitor_bu+0x36c),"SELECT ( 1 , 2 , 3 ) = ( 1 , 2 , 3 ) ;  SELECT ( 1 , 2 , 3 ) < ( 1 , 2 , 3 ) ;  SELECT NOT ( ( 1 , 2 , 3 ) = ( 1 , 2 , 3 ) ) ;  SELECT ( 1 , 2 , 3 ) IN ( ( 1 ) , ( 2 ) , ( 3 ) ) ;  SELECT ( 1 , 2 , 3 ) IN ( ( - 21 / - 95 IS NOT NULL ) + 0.100000 + 0.100000 + 0.100000 + 0.100000 +"
not_counted,SQLeek,MonetDB,r3,,6.711944,6.711944,/root/dfuzz-griffin/griffin_output/griffin_monetdb_sqleek_rnd3/logSaved/id_000050_20260629_18h01m37s/griffin.log,,,no feedback signature match,[force_exit_all] #0 0x73ce901689cc (exp_rel_visitor+0x8c),[force_exit_all] #0 0x73ce901689cc (exp_rel_visitor+0x8c) | [force_exit_all] #1 0x73ce901681a6 (rel_visitor_bu+0x436) | [force_exit_all] #2 0x73ce901680dc (rel_visitor_bu+0x36c) | [force_exit_all] #3 0x73ce9016807f (rel_visitor_bu+0x30f) | [force_exit_all] #4 0x73ce901680dc (rel_visitor_bu+0x36c),"SELECT ( 1 , 2 , 3 ) = ( 1 , 2 , 3 ) ;   SELECT ( 1 , 2 , 3 ) < ( 1 , 2 , 3 ) ;   SELECT NOT ( ( 1 , 2 , 3 ) = ( 1 , 2 , 3 ) ) ;   SELECT ( 1 , 2 , 3 ) IN ( ( 1 ) , ( 2 ) , ( 3 ) ) ;   SELECT ( 1 , 2 , 3 ) IN ( SELECT 1 UNION SELECT 2 UNION SELECT 3 ) ;   SELECT NOT ( ( 1 , 2 , 3"
not_counted,SQLeek,MonetDB,r3,,6.712500,6.7125,/root/dfuzz-griffin/griffin_output/griffin_monetdb_sqleek_rnd3/logSaved/id_000051_20260629_18h01m39s/griffin.log,,,no feedback signature match,[force_exit_all] #0 0x720c5646a9cc (exp_rel_visitor+0x8c),[force_exit_all] #0 0x720c5646a9cc (exp_rel_visitor+0x8c) | [force_exit_all] #1 0x720c5646a1a6 (rel_visitor_bu+0x436) | [force_exit_all] #2 0x720c5646a0dc (rel_visitor_bu+0x36c) | [force_exit_all] #3 0x720c5646a07f (rel_visitor_bu+0x30f) | [force_exit_all] #4 0x720c5646a0dc (rel_visitor_bu+0x36c),"SELECT ( 1 , 2 , 3 ) = ( 1 , 2 , 3 ) ;  SELECT ( 1 , 2 , 3 ) < ( 1 , 2 , 3 ) ;  SELECT NOT ( ( 1 , 2 , 3 ) = ( 1 , 2 , 3 ) ) ;  SELECT ( 1 , 2 , 3 ) IN ( ( 1 ) , ( 2 ) , ( 3 ) ) ;  SELECT ( 1 , 2 , 3 ) IN ( SELECT 1 UNION SELECT 2 UNION SELECT 3 ) ;  SELECT NOT ( ( 1 , 2 , 3 ) = "
not_counted,SQLeek,MonetDB,r3,,6.712778,6.712778,/root/dfuzz-griffin/griffin_output/griffin_monetdb_sqleek_rnd3/logSaved/id_000052_20260629_18h01m40s/griffin.log,,,no feedback signature match,[force_exit_all] #0 0x7a9f4e4679cc (exp_rel_visitor+0x8c),[force_exit_all] #0 0x7a9f4e4679cc (exp_rel_visitor+0x8c) | [force_exit_all] #1 0x7a9f4e4671a6 (rel_visitor_bu+0x436) | [force_exit_all] #2 0x7a9f4e4670dc (rel_visitor_bu+0x36c) | [force_exit_all] #3 0x7a9f4e46707f (rel_visitor_bu+0x30f) | [force_exit_all] #4 0x7a9f4e4670dc (rel_visitor_bu+0x36c),"SELECT ( 1 , 2 , 3 ) = ( 1 , 2 , 3 ) ;  SELECT ( 1 , 2 , 3 ) < ( 1 , 2 , 3 ) ;  SELECT NOT ( ( 1 , 2 , 3 ) = ( 1 , 2 , 3 ) ) ;  SELECT ( 1 , 2 , 3 ) IN ( ( 1 ) , ( 2 ) , ( 3 ) ) ;  SELECT ( 1 , 2 , 3 ) IN ( SELECT 1 UNION SELECT 2 UNION SELECT FALSE <= -1 BETWEEN 1 AND 1 AS x ) ;"
not_counted,SQLeek,MonetDB,r3,,6.713056,6.713056,/root/dfuzz-griffin/griffin_output/griffin_monetdb_sqleek_rnd3/logSaved/id_000053_20260629_18h01m41s/griffin.log,,,no feedback signature match,[force_exit_all] #0 0x75fe6161c9cc (exp_rel_visitor+0x8c),[force_exit_all] #0 0x75fe6161c9cc (exp_rel_visitor+0x8c) | [force_exit_all] #1 0x75fe6161c1a6 (rel_visitor_bu+0x436) | [force_exit_all] #2 0x75fe6161c0dc (rel_visitor_bu+0x36c) | [force_exit_all] #3 0x75fe6161c07f (rel_visitor_bu+0x30f) | [force_exit_all] #4 0x75fe6161c0dc (rel_visitor_bu+0x36c),"SELECT ( 1 , 2 , 3 ) = ( 1 , 2 , 3 ) ;   SELECT ( 1 , 2 , 3 ) < ( 1 , 2 , 3 ) ;   SELECT NOT ( ( 1 , 2 , 3 ) = ( 1 , 2 , 3 ) ) ;   SELECT ( 1 , 2 , 3 ) IN ( ( 1 ) , ( 2 ) , ( 3 ) ) ;   SELECT ( 1 , 2 , 3 ) IN ( SELECT 1 UNION SELECT 2 UNION SELECT 3 ) ;   SELECT NOT ( ( 1 , 2 , 3"
not_counted,SQLeek,MonetDB,r3,,6.713333,6.713333,/root/dfuzz-griffin/griffin_output/griffin_monetdb_sqleek_rnd3/logSaved/id_000054_20260629_18h01m42s/griffin.log,,,no feedback signature match,[force_exit_all] #0 0x7ccf6aa129cc (exp_rel_visitor+0x8c),[force_exit_all] #0 0x7ccf6aa129cc (exp_rel_visitor+0x8c) | [force_exit_all] #1 0x7ccf6aa121a6 (rel_visitor_bu+0x436) | [force_exit_all] #2 0x7ccf6aa120dc (rel_visitor_bu+0x36c) | [force_exit_all] #3 0x7ccf6aa1207f (rel_visitor_bu+0x30f) | [force_exit_all] #4 0x7ccf6aa120dc (rel_visitor_bu+0x36c),"SELECT ( 1 , 2 , 3 ) = ( 1 , 2 , 3 ) ;   SELECT ( 1 , 2 , 3 ) < ( 1 , 2 , 3 ) ;   SELECT NOT ( ( 1 , 2 , 3 ) = ( 1 , 2 , 3 ) ) ;   SELECT ( 1 , 2 , 3 ) IN ( ( 1 ) , ( 2 ) , ( 3 ) ) ;   SELECT ( 1 , 2 , 3 ) IN ( SELECT 1 UNION SELECT 2 UNION SELECT 3 ) ;   SELECT NOT ( ( 1 , 2 , 3"
not_counted,SQLeek,MonetDB,r3,,6.714167,6.714167,/root/dfuzz-griffin/griffin_output/griffin_monetdb_sqleek_rnd3/logSaved/id_000057_20260629_18h01m45s/griffin.log,,,no feedback signature match,[force_exit_all] #0 0x78f1a49ea9cc (exp_rel_visitor+0x8c),[force_exit_all] #0 0x78f1a49ea9cc (exp_rel_visitor+0x8c) | [force_exit_all] #1 0x78f1a49ea1a6 (rel_visitor_bu+0x436) | [force_exit_all] #2 0x78f1a49ea0dc (rel_visitor_bu+0x36c) | [force_exit_all] #3 0x78f1a49ea07f (rel_visitor_bu+0x30f) | [force_exit_all] #4 0x78f1a49ea0dc (rel_visitor_bu+0x36c),"SELECT ( 1 , 2 , 3 ) = ( 1 , 2 , 3 ) ;   SELECT ( 1 , 2 , 3 ) < ( 1 , 2 , 3 ) ;   SELECT NOT ( ( 1 , 2 , 3 ) = ( 1 , CASE WHEN FIRST_VALUE ( x ) OVER ( ) <= 12 THEN 1 ELSE 0 END , 3 ) ) ;   SELECT ( 1 , 2 , 3 ) IN ( ( 1 ) , ( 2 ) , ( 3 ) ) ;   SELECT ( 1 , 2 , 3 ) IN ( SELECT 1 U"
not_counted,SQLeek,MonetDB,r3,,6.715000,6.715,/root/dfuzz-griffin/griffin_output/griffin_monetdb_sqleek_rnd3/logSaved/id_000059_20260629_18h01m48s/griffin.log,,,no feedback signature match,[force_exit_all] #0 0x7b1c7c69c9cc (exp_rel_visitor+0x8c),[force_exit_all] #0 0x7b1c7c69c9cc (exp_rel_visitor+0x8c) | [force_exit_all] #1 0x7b1c7c69c1a6 (rel_visitor_bu+0x436) | [force_exit_all] #2 0x7b1c7c69c0dc (rel_visitor_bu+0x36c) | [force_exit_all] #3 0x7b1c7c69c07f (rel_visitor_bu+0x30f) | [force_exit_all] #4 0x7b1c7c69c0dc (rel_visitor_bu+0x36c),"SELECT ( 1 , 2 , 3 ) = ( 1 , 2 , 3 ) ;   SELECT ( 1 , 2 , 3 ) < ( 1 , 2 , 3 ) ;   SELECT NOT ( ( 1 , 2 , 3 ) = ( 1 , 2 , 3 ) ) ;   SELECT ( 1 , 2 , 3 ) IN ( ( 1 ) , ( 2 ) , ( 3 ) ) ;   SELECT ( 1 , 2 , 3 ) IN ( SELECT 1 UNION SELECT 2 UNION SELECT 3 ) ;   SELECT NOT ( ( 1 , 2 , 3"
not_counted,SQLeek,MonetDB,r3,,6.716667,6.716667,/root/dfuzz-griffin/griffin_output/griffin_monetdb_sqleek_rnd3/logSaved/id_000063_20260629_18h01m54s/griffin.log,,,no feedback signature match,[force_exit_all] #0 0x7e0584c539cc (exp_rel_visitor+0x8c),[force_exit_all] #0 0x7e0584c539cc (exp_rel_visitor+0x8c) | [force_exit_all] #1 0x7e0584c531a6 (rel_visitor_bu+0x436) | [force_exit_all] #2 0x7e0584c530dc (rel_visitor_bu+0x36c) | [force_exit_all] #3 0x7e0584c5307f (rel_visitor_bu+0x30f) | [force_exit_all] #4 0x7e0584c530dc (rel_visitor_bu+0x36c),"SELECT ( 1 , 2 , 3 ) = ( 1 , 2 , 3 ) ;   SELECT ( 1 , 2 , 3 ) < ( 1 , 2 , 3 ) ;   SELECT NOT ( ( 1 , 2 , 3 ) = ( 1 , 2 , 3 ) ) ;   SELECT ( 1 , 2 , 3 ) IN ( ( 1 ) , ( 2 ) , ( 3 ) ) ;   SELECT ( 1 , 2 , 3 ) IN ( SELECT 1 UNION SELECT 2 UNION SELECT 3 ) ;   SELECT NOT ( ( 1 , 2 , 3"
not_counted,SQLeek,MonetDB,r3,,6.717500,6.7175,/root/dfuzz-griffin/griffin_output/griffin_monetdb_sqleek_rnd3/logSaved/id_000065_20260629_18h01m57s/griffin.log,,,no feedback signature match,[force_exit_all] #0 0x76995079e9cc (exp_rel_visitor+0x8c),[force_exit_all] #0 0x76995079e9cc (exp_rel_visitor+0x8c) | [force_exit_all] #1 0x76995079e1a6 (rel_visitor_bu+0x436) | [force_exit_all] #2 0x76995079e0dc (rel_visitor_bu+0x36c) | [force_exit_all] #3 0x76995079e07f (rel_visitor_bu+0x30f) | [force_exit_all] #4 0x76995079e0dc (rel_visitor_bu+0x36c),"SELECT ( 1 , 2 , 3 ) = ( 1 , 2 , 3 ) ;  SELECT ( 1 , 2 , 3 ) < ( 1 , 2 , 3 ) ;  SELECT NOT ( ( 1 , 2 , 3 ) = ( 1 , 2 , 3 ) ) ;  SELECT ( 1 , 2 , 3 ) IN ( ( 1 ) , ( 2 ) , ( 3 ) ) ;  SELECT ( 1 , 2 , 3 ) IN ( SELECT 1 UNION SELECT 2 UNION SELECT 3 ) ;  SELECT NOT ( ( 1 , 2 , 3 ) = "
not_counted,SQLeek,MonetDB,r3,,6.717778,6.717778,/root/dfuzz-griffin/griffin_output/griffin_monetdb_sqleek_rnd3/logSaved/id_000066_20260629_18h01m58s/griffin.log,,,no feedback signature match,[force_exit_all] #0 0x7dc034a4f9cc (exp_rel_visitor+0x8c),[force_exit_all] #0 0x7dc034a4f9cc (exp_rel_visitor+0x8c) | [force_exit_all] #1 0x7dc034a4f1a6 (rel_visitor_bu+0x436) | [force_exit_all] #2 0x7dc034a4f0dc (rel_visitor_bu+0x36c) | [force_exit_all] #3 0x7dc034a4f07f (rel_visitor_bu+0x30f) | [force_exit_all] #4 0x7dc034a4f0dc (rel_visitor_bu+0x36c),"SELECT ( 1 , 2 , 3 ) = ( 1 , 2 , 3 ) ;  SELECT ( 1 , 2 , 3 ) < ( 1 , 2 , 3 ) ;  SELECT NOT ( ( 1 , 2 , 3 ) = ( 1 , 2 , 3 ) ) ;  SELECT ( 1 , 2 , 3 ) IN ( ( 1 ) , ( 2 ) , ( 3 ) ) ;  SELECT ( 1 , 2 , 3 ) IN ( SELECT 1 UNION SELECT 2 UNION SELECT 3 ) ;  SELECT NOT ( ( 1 , 2 , 3 ) = "
not_counted,SQLeek,MonetDB,r3,,10.735833,10.735833,/root/dfuzz-griffin/griffin_output/griffin_monetdb_sqleek_rnd3/logSaved/id_000084_20260629_22h03m03s/griffin.log,,,no feedback signature match,[force_exit_all] #0 0x7232613815f4 (exp_bin+0x5034),[force_exit_all] #0 0x7232613815f4 (exp_bin+0x5034) | [force_exit_all] #1 0x72326137d011 (exp_bin+0xa51) | [force_exit_all] #2 0x723261381354 (exp_bin+0x4d94) | [force_exit_all] #3 0x723261381354 (exp_bin+0x4d94) | [force_exit_all] #4 0x723261381354 (exp_bin+0x4d94),"SELECT - 76 AS x , CASE WHEN NOT NULL THEN 4 * - 48 * 51 * - - 54 * - 77 * 46 WHEN NOT ( - 36 * - 33 * - 49 * CASE 50 WHEN - 21 + 0 + - COUNT ( * ) THEN NULL WHEN NOT '<?foo in?>valid' IN ( - ( - - 49 ) * - 1 , - 41 , - 14 - - lower ( '23' ) + 46 - - 87 * 52 ) THEN 56 ELSE NULL E"
not_counted,SQLeek,MonetDB,r3,,10.736389,10.736389,/root/dfuzz-griffin/griffin_output/griffin_monetdb_sqleek_rnd3/logSaved/id_000085_20260629_22h03m05s/griffin.log,,,no feedback signature match,[force_exit_all] #0 0x722949dcd5f4 (exp_bin+0x5034),[force_exit_all] #0 0x722949dcd5f4 (exp_bin+0x5034) | [force_exit_all] #1 0x722949dc9011 (exp_bin+0xa51) | [force_exit_all] #2 0x722949dcd354 (exp_bin+0x4d94) | [force_exit_all] #3 0x722949dcd354 (exp_bin+0x4d94) | [force_exit_all] #4 0x722949dcd354 (exp_bin+0x4d94),"SELECT - 76 AS x , CASE WHEN NOT NULL THEN 4 * - 48 * 51 * - - 54 * - 77 * 46 WHEN NOT ( - 36 * - 33 * - 49 * CASE 50 WHEN - 21 + 0 + - COUNT ( * ) THEN NULL WHEN NOT '<?foo in?>valid' IN ( - ( - - 49 ) * - 1 , - 41 , - 14 - - lower ( '23' ) + 46 - - 87 * 52 ) THEN 56 ELSE NULL E"
not_counted,SQLeek,MonetDB,r3,,11.530556,11.530556,/root/dfuzz-griffin/griffin_output/griffin_monetdb_sqleek_rnd3/logSaved/id_000092_20260629_22h50m44s/griffin.log,,,no feedback signature match,[force_exit_all] #0 0x70c46b64a9e2 (__nss_database_lookup+0x20792),[force_exit_all] #0 0x70c46b64a9e2 (__nss_database_lookup+0x20792) | [force_exit_all] #1 0x70c46b9580b5 (exps_bind_column+0x575) | [force_exit_all] #2 0x70c46b977650 (name_find_column+0x1d0) | [force_exit_all] #3 0x70c46b978071 (exp_find_column+0x61) | [force_exit_all] #4 0x70c46b9a53cd (rel_final_optimization_loop_+0xb6d),"SELECT ( 1 , 2 , 3 ) = ( 1 , 2 , 3 ) ;  SELECT ( 1 , 2 , 3 ) < ( 1 , 2 , 3 ) ;  SELECT NOT ( ( 1 , 2 , 3 ) = ( 1 , 2 , 3 ) ) ;  SELECT ( 1 , 2 , 3 ) IN ( ( 1 ) , ( 2 ) , ( 3 ) ) ;  SELECT ( 1 , 2 , 3 ) IN ( SELECT 1 UNION SELECT 2 UNION SELECT 3 ) ;  SELECT NOT ( ( 1 , 2 , 3 ) = "
not_counted,SQLeek,MonetDB,r3,,11.531111,11.531111,/root/dfuzz-griffin/griffin_output/griffin_monetdb_sqleek_rnd3/logSaved/id_000093_20260629_22h50m46s/griffin.log,,,no feedback signature match,[force_exit_all] #0 0x744084530dbe (exp_visitor+0x15e),[force_exit_all] #0 0x744084530dbe (exp_visitor+0x15e) | [force_exit_all] #1 0x74408453159c (exp_visitor+0x93c) | [force_exit_all] #2 0x744084532ec7 (rel_exp_visitor+0x8f7) | [force_exit_all] #3 0x744084532bfc (rel_exp_visitor+0x62c) | [force_exit_all] #4 0x744084532a94 (rel_exp_visitor+0x4c4),"SELECT ( 1 , 2 , 3 ) = ( 1 , 2 , 3 ) ;  SELECT ( 1 , 2 , 3 ) < ( 1 , 2 , 3 ) ;  SELECT NOT ( ( 1 , 2 , 3 ) = ( 1 , 2 , 3 ) ) ;  SELECT ( 1 , 2 , 3 ) IN ( ( 1 ) , ( 2 ) , ( 3 ) ) ;  SELECT ( 1 , 2 , 3 ) IN ( SELECT 1 UNION SELECT 2 UNION SELECT 3 ) ;  SELECT NOT ( ( 1 , 2 , 3 ) = "
not_counted,SQLeek,MonetDB,r3,,11.531667,11.531667,/root/dfuzz-griffin/griffin_output/griffin_monetdb_sqleek_rnd3/logSaved/id_000095_20260629_22h50m48s/griffin.log,,,no feedback signature match,[force_exit_all] #0 0x7f93267d2e9d (rel_exp_visitor+0x8cd),[force_exit_all] #0 0x7f93267d2e9d (rel_exp_visitor+0x8cd) | [force_exit_all] #1 0x7f93267d2bfc (rel_exp_visitor+0x62c) | [force_exit_all] #2 0x7f93267d2a94 (rel_exp_visitor+0x4c4) | [force_exit_all] #3 0x7f93267d2bfc (rel_exp_visitor+0x62c) | [force_exit_all] #4 0x7f93267d2bfc (rel_exp_visitor+0x62c),"SELECT ( 1 , 2 , 3 ) = ( 1 , 2 , 3 ) ;  SELECT ( 1 , 2 , 3 ) < ( 1 , 2 , 3 ) ;  SELECT NOT ( ( 1 , 2 , 3 ) = ( 1 , 2 , 3 ) ) ;  SELECT ( 1 , 2 , 3 ) IN ( ( 1 ) , ( 2 ) , ( 3 ) ) ;  SELECT ( 1 , 2 , 3 ) IN ( SELECT 1 UNION SELECT 2 UNION SELECT 3 ) ;  SELECT NOT ( ( 1 , 2 , 3 ) = "
not_counted,SQLeek,MonetDB,r3,,11.532778,11.532778,/root/dfuzz-griffin/griffin_output/griffin_monetdb_sqleek_rnd3/logSaved/id_000098_20260629_22h50m52s/griffin.log,,,no feedback signature match,[force_exit_all] #0 0x7873fa86bd3c (__nss_database_lookup+0x20aec),[force_exit_all] #0 0x7873fa86bd3c (__nss_database_lookup+0x20aec) | [force_exit_all] #1 0x7873fab790b5 (exps_bind_column+0x575) | [force_exit_all] #2 0x7873fab98650 (name_find_column+0x1d0) | [force_exit_all] #3 0x7873fab99071 (exp_find_column+0x61) | [force_exit_all] #4 0x7873fabc63cd (rel_final_optimization_loop_+0xb6d),"SELECT ( 1 , 2 , 3 ) = ( 1 , 2 , 3 ) ;  SELECT ( 1 , 2 , 3 ) < ( 1 , 2 , 3 ) ;  SELECT NOT ( ( 1 , 2 , 3 ) = ( 1 , 2 , 3 ) ) ;  SELECT ( 1 , 2 , 3 ) IN ( ( 1 ) , ( 2 ) , ( 3 ) ) ;  SELECT ( 1 , 2 , 3 ) IN ( SELECT 1 UNION SELECT 2 UNION SELECT 3 ) ;  SELECT NOT ( ( 1 , 2 , 3 ) = "
not_counted,SQLeek,MonetDB,r3,,11.534444,11.534444,/root/dfuzz-griffin/griffin_output/griffin_monetdb_sqleek_rnd3/logSaved/id_000103_20260629_22h50m58s/griffin.log,,,no feedback signature match,[force_exit_all] #0 0x7df074d369e2 (__nss_database_lookup+0x20792),[force_exit_all] #0 0x7df074d369e2 (__nss_database_lookup+0x20792) | [force_exit_all] #1 0x7df0750440b5 (exps_bind_column+0x575) | [force_exit_all] #2 0x7df075063650 (name_find_column+0x1d0) | [force_exit_all] #3 0x7df075064071 (exp_find_column+0x61) | [force_exit_all] #4 0x7df0750913cd (rel_final_optimization_loop_+0xb6d),"SELECT ( 1 , 2 , 3 ) = ( 1 , 2 , 3 ) ;   SELECT ( 1 , 2 , 3 ) < ( 1 , 2 , 3 ) ;   SELECT NOT ( ( 1 , 2 , 3 ) = ( 1 , 2 , 3 ) ) ;   SELECT ( 1 , 2 , 3 ) IN ( ( 1 ) , ( 2 ) , ( 3 ) ) ;   SELECT ( 1 , 2 , 3 ) IN ( SELECT 1 UNION SELECT 2 UNION SELECT 3 ) ;   SELECT NOT ( ( 1 , 2 , 3"
not_counted,SQLeek,MonetDB,r3,,11.534722,11.534722,/root/dfuzz-griffin/griffin_output/griffin_monetdb_sqleek_rnd3/logSaved/id_000104_20260629_22h50m59s/griffin.log,,,no feedback signature match,[force_exit_all] #0 0x745d4c1bb9e2 (__nss_database_lookup+0x20792),[force_exit_all] #0 0x745d4c1bb9e2 (__nss_database_lookup+0x20792) | [force_exit_all] #1 0x745d4c4c90b5 (exps_bind_column+0x575) | [force_exit_all] #2 0x745d4c4e8650 (name_find_column+0x1d0) | [force_exit_all] #3 0x745d4c4e9071 (exp_find_column+0x61) | [force_exit_all] #4 0x745d4c5163cd (rel_final_optimization_loop_+0xb6d),"SELECT ( 1 , 2 , 3 ) = ( 1 , 2 , 3 ) ;   SELECT ( 1 , 2 , 3 ) < ( 1 , 2 , 3 ) ;  child 2855031 exited normal exit status=0 SELECT NOT ( ( 1 , 2 , 3 ) = ( 1 , 2 , 3 ) ) ;  child 2854707 stoped signal number=17 SELECT ( 1 , 2 , 3 ) IN ( ( 1 ) , ( 2 ) , ( 3 ) ) ;   SELECT ( 1 , 2 , "
not_counted,SQLeek,MonetDB,r3,,11.536389,11.536389,/root/dfuzz-griffin/griffin_output/griffin_monetdb_sqleek_rnd3/logSaved/id_000109_20260629_22h51m05s/griffin.log,,,no feedback signature match,[force_exit_all] #0 0x763bb369bdbe (exp_visitor+0x15e),[force_exit_all] #0 0x763bb369bdbe (exp_visitor+0x15e) | [force_exit_all] #1 0x763bb369dec7 (rel_exp_visitor+0x8f7) | [force_exit_all] #2 0x763bb369dbfc (rel_exp_visitor+0x62c) | [force_exit_all] #3 0x763bb369da94 (rel_exp_visitor+0x4c4) | [force_exit_all] #4 0x763bb369dbfc (rel_exp_visitor+0x62c),"SELECT ( 1 , 2 , 3 ) = ( 1 , 2 , 3 ) ;  SELECT ( 1 , 2 , 3 ) < ( 1 , 2 , 3 ) ;  SELECT NOT ( ( 1 , 2 , 3 ) = ( 1 , 2 , 3 ) ) ;  SELECT ( 1 , 2 , 3 ) IN ( ( 1 ) , ( 2 ) , ( 3 ) ) ;  SELECT ( 1 , 2 , 3 ) IN ( SELECT 1 UNION SELECT 2 UNION SELECT 3 ) ;  SELECT NOT ( ( 1 , 2 , 3 ) = "
not_counted,SQLeek,MonetDB,r3,,11.538611,11.538611,/root/dfuzz-griffin/griffin_output/griffin_monetdb_sqleek_rnd3/logSaved/id_000116_20260629_22h51m13s/griffin.log,,,no feedback signature match,[force_exit_all] #0 0x734f648489cc (exp_rel_visitor+0x8c),[force_exit_all] #0 0x734f648489cc (exp_rel_visitor+0x8c) | [force_exit_all] #1 0x734f648481a6 (rel_visitor_bu+0x436) | [force_exit_all] #2 0x734f64844441 (rel_visitor+0x3e1) | [force_exit_all] #3 0x734f64844d1e (rel_visitor_bottomup+0x40e) | [force_exit_all] #4 0x734f64854027 (rel_unnest+0x137),"SELECT ( 1 , 2 , 3 ) = ( 1 , 2 , 3 ) ;  SELECT ( 1 , 2 , 3 ) < ( 1 , 2 , 3 ) ;  SELECT NOT ( ( 1 , 2 , 3 ) = ( 1 , 2 , 3 ) ) ;  SELECT ( 1 , 2 , 3 ) IN ( ( 1 ) , ( 2 ) , ( 3 ) ) ;  SELECT ( 1 , 2 , 3 ) IN ( SELECT 1 UNION SELECT 2 UNION SELECT 3 ) ;  SELECT NOT ( ( 1 , 2 , 3 ) = "
not_counted,SQLeek,MonetDB,r3,,11.540556,11.540556,/root/dfuzz-griffin/griffin_output/griffin_monetdb_sqleek_rnd3/logSaved/id_000121_20260629_22h51m20s/griffin.log,,,no feedback signature match,[force_exit_all] #0 0x758fbfe039e2 (__nss_database_lookup+0x20792),[force_exit_all] #0 0x758fbfe039e2 (__nss_database_lookup+0x20792) | [force_exit_all] #1 0x758fc01110b5 (exps_bind_column+0x575) | [force_exit_all] #2 0x758fc0130650 (name_find_column+0x1d0) | [force_exit_all] #3 0x758fc0131071 (exp_find_column+0x61) | [force_exit_all] #4 0x758fc015e3cd (rel_final_optimization_loop_+0xb6d),"SELECT ( 1 , 2 , 3 ) = ( 1 , 2 , 3 ) ;  SELECT ( 1 , 2 , 3 ) < ( 1 , 2 , 3 ) ;  SELECT NOT ( ( 1 , 2 , 3 ) = ( 1 , 2 , 3 ) ) ;  SELECT ( 1 , 2 , 3 ) IN ( ( 1 ) , ( 2 ) , ( 3 ) ) ;  SELECT ( 1 , 2 , 3 ) IN ( SELECT 1 UNION SELECT 2 UNION SELECT 3 ) ;  SELECT NOT ( ( 1 , 2 , 3 ) = "
not_counted,SQLeek,MonetDB,r3,,11.540833,11.540833,/root/dfuzz-griffin/griffin_output/griffin_monetdb_sqleek_rnd3/logSaved/id_000122_20260629_22h51m21s/griffin.log,,,no feedback signature match,[force_exit_all] #0 0x7cfae15ebe9d (rel_exp_visitor+0x8cd),[force_exit_all] #0 0x7cfae15ebe9d (rel_exp_visitor+0x8cd) | [force_exit_all] #1 0x7cfae15ebbfc (rel_exp_visitor+0x62c) | [force_exit_all] #2 0x7cfae15eba94 (rel_exp_visitor+0x4c4) | [force_exit_all] #3 0x7cfae15ebbfc (rel_exp_visitor+0x62c) | [force_exit_all] #4 0x7cfae15ebbfc (rel_exp_visitor+0x62c),"SELECT ( 1 , 2 , 3 ) = ( 1 , 2 , 3 ) ;  SELECT ( 1 , 2 , 3 ) < ( 1 , 2 , 3 ) ;  SELECT NOT ( ( 1 , 2 , 3 ) = ( 1 , 2 , 3 ) ) ;  SELECT ( 1 , 2 , 3 ) IN ( ( 1 ) , ( 2 ) , ( 3 ) ) ;  SELECT ( 1 , 2 , 3 ) IN ( SELECT 1 UNION SELECT 2 UNION SELECT 3 ) ;  SELECT NOT ( ( 1 , 2 , 3 ) = "
not_counted,SQLeek,MonetDB,r3,,11.541111,11.541111,/root/dfuzz-griffin/griffin_output/griffin_monetdb_sqleek_rnd3/logSaved/id_000123_20260629_22h51m22s/griffin.log,,,no feedback signature match,[force_exit_all] #0 0x74cf4686fe9d (rel_exp_visitor+0x8cd),[force_exit_all] #0 0x74cf4686fe9d (rel_exp_visitor+0x8cd) | [force_exit_all] #1 0x74cf4686fbfc (rel_exp_visitor+0x62c) | [force_exit_all] #2 0x74cf4686fa94 (rel_exp_visitor+0x4c4) | [force_exit_all] #3 0x74cf4686fbfc (rel_exp_visitor+0x62c) | [force_exit_all] #4 0x74cf4686fbfc (rel_exp_visitor+0x62c),"SELECT ( 1 , 2 , 3 ) = ( 1 , 2 , 3 ) ;   SELECT ( 1 , 2 , 3 ) < ( 1 , 2 , 3 ) ;   SELECT NOT ( ( 1 , 2 , 3 ) = ( 1 , 2 , 3 ) ) ;   SELECT ( 1 , 2 , 3 ) IN ( ( 1 ) , ( 2 ) , ( 3 ) ) ;   SELECT ( 1 , 2 , 3 ) IN ( SELECT 1 UNION SELECT 2 UNION SELECT 3 ) ;   SELECT NOT ( ( 1 , 2 , 3"
not_counted,SQLeek,MonetDB,r3,,11.541667,11.541667,/root/dfuzz-griffin/griffin_output/griffin_monetdb_sqleek_rnd3/logSaved/id_000125_20260629_22h51m24s/griffin.log,,,no feedback signature match,[force_exit_all] #0 0x72a4694bc9e2 (__nss_database_lookup+0x20792),[force_exit_all] #0 0x72a4694bc9e2 (__nss_database_lookup+0x20792) | [force_exit_all] #1 0x72a4697ca0b5 (exps_bind_column+0x575) | [force_exit_all] #2 0x72a4697e9650 (name_find_column+0x1d0) | [force_exit_all] #3 0x72a4697ea071 (exp_find_column+0x61) | [force_exit_all] #4 0x72a4698173cd (rel_final_optimization_loop_+0xb6d),"child 2862553 stoped signal number=5 SELECT ( 1 , 2 , 3 ) = ( 1 , 2 , 3 ) ;   SELECT ( 1 , 2 , 3 ) < ( 1 , 2 , 3 ) ;   SELECT NOT ( ( 1 , 2 , 3 ) = ( 1 , 2 , 3 ) ) ;  child 2862553 exited normal exit status=0 child 2862230 stoped signal number=17 SELECT ( 1 , 2 , 3 ) IN ( ( 1 ) ,"
not_counted,SQLeek,MonetDB,r3,,11.542222,11.542222,/root/dfuzz-griffin/griffin_output/griffin_monetdb_sqleek_rnd3/logSaved/id_000126_20260629_22h51m26s/griffin.log,,,no feedback signature match,[force_exit_all] #0 0x7a3db7de9dbe (exp_visitor+0x15e),[force_exit_all] #0 0x7a3db7de9dbe (exp_visitor+0x15e) | [force_exit_all] #1 0x7a3db7debec7 (rel_exp_visitor+0x8f7) | [force_exit_all] #2 0x7a3db7debbfc (rel_exp_visitor+0x62c) | [force_exit_all] #3 0x7a3db7deba94 (rel_exp_visitor+0x4c4) | [force_exit_all] #4 0x7a3db7debbfc (rel_exp_visitor+0x62c),"SELECT ( 1 , 2 , 3 ) = ( 1 , 2 , 3 ) ;   SELECT ( 1 , 2 , 3 ) < ( 1 , 2 , 3 ) ;   SELECT NOT ( ( 1 , 2 , 3 ) = ( 1 , 2 , 3 ) ) ;   SELECT ( 1 , 2 , 3 ) IN ( ( 1 ) , ( 2 ) , ( 3 ) ) ;   SELECT ( 1 , 2 , 3 ) IN ( SELECT 1 UNION SELECT 2 UNION SELECT 3 ) ;   SELECT NOT ( ( 1 , 2 , 3"
not_counted,SQLeek,MonetDB,r3,,11.542500,11.5425,/root/dfuzz-griffin/griffin_output/griffin_monetdb_sqleek_rnd3/logSaved/id_000127_20260629_22h51m27s/griffin.log,,,no feedback signature match,[force_exit_all] #0 0x79309f028dbe (exp_visitor+0x15e),[force_exit_all] #0 0x79309f028dbe (exp_visitor+0x15e) | [force_exit_all] #1 0x79309f02aec7 (rel_exp_visitor+0x8f7) | [force_exit_all] #2 0x79309f02abfc (rel_exp_visitor+0x62c) | [force_exit_all] #3 0x79309f02aa94 (rel_exp_visitor+0x4c4) | [force_exit_all] #4 0x79309f02abfc (rel_exp_visitor+0x62c),"SELECT ( 1 , 2 , 3 ) = ( 1 , 2 , 3 ) ;   SELECT ( 1 , 2 , 3 ) < ( 1 , 2 , 3 ) ;   SELECT NOT ( ( 1 , 2 , 3 ) = ( 1 , 2 , 3 ) ) ;   SELECT ( 1 , 2 , 3 ) IN ( ( 1 ) , ( 2 ) , ( 3 ) ) ;   SELECT ( 1 , 2 , 3 ) IN ( SELECT 1 UNION SELECT 2 UNION SELECT 3 ) ;   SELECT NOT ( ( 1 , 2 , 3"
not_counted,SQLeek,MonetDB,r3,,12.001111,12.001111,/root/dfuzz-griffin/griffin_output/griffin_monetdb_sqleek_rnd3/logSaved/id_000135_20260629_23h18m58s/griffin.log,,,no feedback signature match,[force_exit_all] #0 0x7afa302e3d27 (GDKanalyticalnthvalue+0x637),[force_exit_all] #0 0x7afa302e3d27 (GDKanalyticalnthvalue+0x637) | [force_exit_all] #1 0x7afa2ebf1eff (SQLnth_value+0x6af) | [force_exit_all] #2 0x7afa2f09a4e0 (runMALsequence+0x1070) | [force_exit_all] #3 0x7afa2f0a017f (DFLOWworker+0x44f) | [force_exit_all] #4 0x7afa300400c8 (thread_starter+0x328),"SELECT ( 1 , 2 , 3 ) = ( 1 , 2 , 3 ) ;  SELECT ( 1 , 2 , 3 ) < ( 1 , 2 , 3 ) ;  SELECT NOT ( ( 1 , 2 , 3 ) = ( 1 , 2 , 3 ) ) ;  SELECT ( 1 , 2 , 3 ) IN ( ( 1 ) , ( 2 ) , ( 3 ) ) ;  SELECT ( 1 , 2 , 3 ) IN ( SELECT 1 UNION SELECT 2 UNION SELECT 3 ) ;  SELECT NOT ( ( 1 , 2 , 3 ) = "
not_counted,SQLeek,MonetDB,r3,,12.001389,12.001389,/root/dfuzz-griffin/griffin_output/griffin_monetdb_sqleek_rnd3/logSaved/id_000136_20260629_23h18m59s/griffin.log,,,no feedback signature match,[force_exit_all] #0 0x7ceb03ac5d27 (GDKanalyticalnthvalue+0x637),[force_exit_all] #0 0x7ceb03ac5d27 (GDKanalyticalnthvalue+0x637) | [force_exit_all] #1 0x7ceb023d3eff (SQLnth_value+0x6af) | [force_exit_all] #2 0x7ceb0287c4e0 (runMALsequence+0x1070) | [force_exit_all] #3 0x7ceb0288217f (DFLOWworker+0x44f) | [force_exit_all] #4 0x7ceb038220c8 (thread_starter+0x328),"SELECT ( 1 , 2 , 3 ) = ( 1 , 2 , 3 ) ;   SELECT ( 1 , 2 , 3 ) < ( 1 , 2 , 3 ) ;   SELECT NOT ( ( 1 , 2 , 3 ) = ( 1 , 2 , 3 ) ) ;   SELECT ( 1 , 2 , 3 ) IN ( ( 1 ) , ( 2 ) , ( 3 ) ) ;   SELECT ( 1 , 2 , 3 ) IN ( SELECT 1 UNION SELECT 2 UNION SELECT 3 ) ;   SELECT NOT ( ( 1 , 2 , 3"
not_counted,SQLeek,MonetDB,r3,,12.001667,12.001667,/root/dfuzz-griffin/griffin_output/griffin_monetdb_sqleek_rnd3/logSaved/id_000137_20260629_23h19m00s/griffin.log,,,no feedback signature match,[force_exit_all] #0 0x748fc39f5247 (GDKanalyticalnthvalue+0xb57),[force_exit_all] #0 0x748fc39f5247 (GDKanalyticalnthvalue+0xb57) | [force_exit_all] #1 0x748fc2302eff (SQLnth_value+0x6af) | [force_exit_all] #2 0x748fc27ab4e0 (runMALsequence+0x1070) | [force_exit_all] #3 0x748fc27b117f (DFLOWworker+0x44f) | [force_exit_all] #4 0x748fc37510c8 (thread_starter+0x328),"SELECT ( 1 , 2 , 3 ) = ( 1 , 2 , 3 ) ;  SELECT ( 1 , 2 , 3 ) < ( 1 , 2 , 3 ) ;  SELECT NOT ( ( 1 , 2 , 3 ) = ( 1 , 2 , 3 ) ) ;  SELECT ( 1 , 2 , 3 ) IN ( ( 1 ) , ( 2 ) , ( 3 ) ) ;  SELECT ( 1 , 2 , 3 ) IN ( SELECT 1 UNION SELECT 2 UNION SELECT 3 ) ;  SELECT NOT ( ( 1 , 2 , 3 ) = "
not_counted,SQLeek,MonetDB,r3,,12.002222,12.002222,/root/dfuzz-griffin/griffin_output/griffin_monetdb_sqleek_rnd3/logSaved/id_000138_20260629_23h19m02s/griffin.log,,,no feedback signature match,[force_exit_all] #0 0x7f47e496f247 (GDKanalyticalnthvalue+0xb57),[force_exit_all] #0 0x7f47e496f247 (GDKanalyticalnthvalue+0xb57) | [force_exit_all] #1 0x7f47e327ceff (SQLnth_value+0x6af) | [force_exit_all] #2 0x7f47e37254e0 (runMALsequence+0x1070) | [force_exit_all] #3 0x7f47e372b17f (DFLOWworker+0x44f) | [force_exit_all] #4 0x7f47e46cb0c8 (thread_starter+0x328),"SELECT ( 1 , 2 , 3 ) = ( 1 , 2 , 3 ) ;   SELECT ( 1 , 2 , 3 ) < ( 1 , 2 , 3 ) ;   SELECT NOT ( ( 1 , 2 , 3 ) = ( 1 , 2 , 3 ) ) ;   SELECT ( 1 , 2 , 3 ) IN ( ( 1 ) , ( 2 ) , ( 3 ) ) ;   SELECT ( 1 , 2 , 3 ) IN ( SELECT 1 UNION SELECT 2 UNION SELECT 3 ) ;   SELECT NOT ( ( 1 , 2 , 3"
not_counted,SQLeek,MonetDB,r3,,12.557500,12.5575,/root/dfuzz-griffin/griffin_output/griffin_monetdb_sqleek_rnd3/logSaved/id_000141_20260629_23h52m21s/griffin.log,,,no feedback signature match,[force_exit_all] #0 0x720f6bbcfb2b (sql_ref_inc+0x2b),[force_exit_all] #0 0x720f6bbcfb2b (sql_ref_inc+0x2b) | [force_exit_all] #1 0x720f6ba7c3a8 (rel_dup+0x38) | [force_exit_all] #2 0x720f6bab02a0 (rel_unnest_dependent+0x64c0) | [force_exit_all] #3 0x720f6baaa26f (rel_unnest_dependent+0x48f) | [force_exit_all] #4 0x720f6baab1b0 (rel_unnest_dependent+0x13d0),"SELECT * FROM ( SELECT * FROM ( SELECT 1 AS x ) WHERE x IN ( WITH RECURSIVE x AS ( WITH x AS ( SELECT 1 UNION SELECT 1 ) SELECT * FROM x WHERE x NOT IN ( SELECT coalesce ( CASE WHEN NOT - COUNT ( * ) IN ( - - 41 * 92 * ( 10 ) + - MAX ( DISTINCT 74 ) , 14 , - 93 * 32 * SUM ( 90 ) "
not_counted,SQLeek,MonetDB,r3,,12.559722,12.559722,/root/dfuzz-griffin/griffin_output/griffin_monetdb_sqleek_rnd3/logSaved/id_000142_20260629_23h52m29s/griffin.log,,,no feedback signature match,[force_exit_all] #0 0x7bbeffad3b2b (sql_ref_inc+0x2b),[force_exit_all] #0 0x7bbeffad3b2b (sql_ref_inc+0x2b) | [force_exit_all] #1 0x7bbeff9803a8 (rel_dup+0x38) | [force_exit_all] #2 0x7bbeff9b42a0 (rel_unnest_dependent+0x64c0) | [force_exit_all] #3 0x7bbeff9ae26f (rel_unnest_dependent+0x48f) | [force_exit_all] #4 0x7bbeff9af1b0 (rel_unnest_dependent+0x13d0),SELECT * FROM ( SELECT * FROM ( SELECT 1 AS x ) WHERE x IN ( WITH RECURSIVE x AS ( WITH x AS ( SELECT 1 UNION SELECT 1 WHERE x IN ( SELECT ( row_number ( ) OVER ( ) ) FROM ( SELECT ( SELECT x AS x WHERE 1 > x ) AS x FROM ( SELECT SUM ( DISTINCT CAST( -0.999990 AS REAL ) ) AS x UN
not_counted,SQLeek,MonetDB,r3,,12.560278,12.560278,/root/dfuzz-griffin/griffin_output/griffin_monetdb_sqleek_rnd3/logSaved/id_000143_20260629_23h52m31s/griffin.log,,,no feedback signature match,[force_exit_all] #0 0x7c0f954fbb2b (sql_ref_inc+0x2b),[force_exit_all] #0 0x7c0f954fbb2b (sql_ref_inc+0x2b) | [force_exit_all] #1 0x7c0f953a83a8 (rel_dup+0x38) | [force_exit_all] #2 0x7c0f953dc2a0 (rel_unnest_dependent+0x64c0) | [force_exit_all] #3 0x7c0f953d626f (rel_unnest_dependent+0x48f) | [force_exit_all] #4 0x7c0f953d71b0 (rel_unnest_dependent+0x13d0),SELECT * FROM ( SELECT * FROM ( SELECT 1 AS x ) WHERE x IN ( WITH RECURSIVE x AS ( WITH x AS ( SELECT 1 UNION SELECT 1 WHERE x IN ( SELECT ( row_number ( ) OVER ( ) ) FROM ( SELECT ( SELECT x AS x WHERE 1 > x ) AS x FROM ( SELECT SUM ( DISTINCT CAST( -0.999990 AS REAL ) ) AS x UN
not_counted,SQLeek,MonetDB,r3,,12.958333,12.958333,/root/dfuzz-griffin/griffin_output/griffin_monetdb_sqleek_rnd3/logSaved/id_000144_20260630_00h16m24s/griffin.log,,,no feedback signature match,[force_exit_all] #0 0x70d24b82bfc7 (GDKanalyticalnthvalue+0x8d7),[force_exit_all] #0 0x70d24b82bfc7 (GDKanalyticalnthvalue+0x8d7) | [force_exit_all] #1 0x70d24a139eff (SQLnth_value+0x6af) | [force_exit_all] #2 0x70d24a5e24e0 (runMALsequence+0x1070) | [force_exit_all] #3 0x70d24a5e817f (DFLOWworker+0x44f) | [force_exit_all] #4 0x70d24b5880c8 (thread_starter+0x328),"SELECT nth_value ( ( SELECT 256 ) , '1' ) OVER ( RANGE BETWEEN CURRENT ROW AND CURRENT ROW ) ; child 3224837 stoped signal number=11"
not_counted,SQLeek,MonetDB,r3,,12.958889,12.958889,/root/dfuzz-griffin/griffin_output/griffin_monetdb_sqleek_rnd3/logSaved/id_000145_20260630_00h16m26s/griffin.log,,,no feedback signature match,[force_exit_all] #0 0x7855695bffc7 (GDKanalyticalnthvalue+0x8d7),[force_exit_all] #0 0x7855695bffc7 (GDKanalyticalnthvalue+0x8d7) | [force_exit_all] #1 0x785567ecdeff (SQLnth_value+0x6af) | [force_exit_all] #2 0x7855683764e0 (runMALsequence+0x1070) | [force_exit_all] #3 0x78556837c17f (DFLOWworker+0x44f) | [force_exit_all] #4 0x78556931c0c8 (thread_starter+0x328),"SELECT nth_value ( ( SELECT 256 ) , '1' ) OVER ( RANGE BETWEEN CURRENT ROW AND CURRENT ROW ) ;  child 3230143 stoped signal number=11"
not_counted,SQLeek,MonetDB,r3,,13.049167,13.049167,/root/dfuzz-griffin/griffin_output/griffin_monetdb_sqleek_rnd3/logSaved/id_000157_20260630_00h21m51s/griffin.log,,,no feedback signature match,[force_exit_all] #0 0x72422a4c00d9 (rel_propagate_statistics+0xe9),[force_exit_all] #0 0x72422a4c00d9 (rel_propagate_statistics+0xe9) | [force_exit_all] #1 0x72422a4899ad (exp_visitor+0xd4d) | [force_exit_all] #2 0x72422a489a6e (exp_visitor+0xe0e) | [force_exit_all] #3 0x72422a48d74f (exps_exp_visitor_bottomup+0xff) | [force_exit_all] #4 0x72422a4bb57e (rel_get_statistics_+0x63e),"SELECT x - x , x + x * 2 + x * 3 , abs ( x - x ) , x , CASE x + 1 WHEN x THEN 111 WHEN x THEN 222 WHEN x THEN 333 WHEN x THEN 444 ELSE 555 END , x + x * 2 FROM ( SELECT * FROM ( SELECT - CASE - 67 WHEN - 79 * COUNT ( * ) / 30 - 32 * 69 THEN MAX ( DISTINCT 34 ) / 0 ELSE NULL END *"
not_counted,SQLeek,MonetDB,r3,,13.049722,13.049722,/root/dfuzz-griffin/griffin_output/griffin_monetdb_sqleek_rnd3/logSaved/id_000158_20260630_00h21m53s/griffin.log,,,no feedback signature match,[force_exit_all] #0 0x7b03d654f0d9 (rel_propagate_statistics+0xe9),[force_exit_all] #0 0x7b03d654f0d9 (rel_propagate_statistics+0xe9) | [force_exit_all] #1 0x7b03d65189ad (exp_visitor+0xd4d) | [force_exit_all] #2 0x7b03d6518a6e (exp_visitor+0xe0e) | [force_exit_all] #3 0x7b03d651c74f (exps_exp_visitor_bottomup+0xff) | [force_exit_all] #4 0x7b03d654a57e (rel_get_statistics_+0x63e),"SELECT x - x , x + x * 2 + x * 3 , abs ( x - x ) , x , CASE x + 1 WHEN x THEN 111 WHEN x THEN 222 WHEN x THEN 333 WHEN x THEN 444 ELSE 555 END , x + x * 2 FROM ( SELECT * FROM ( SELECT - CASE - 67 WHEN - 79 * COUNT ( * ) / 30 - 32 * 69 THEN MAX ( DISTINCT 34 ) / 0 ELSE NULL END *"
not_counted,SQLeek,MonetDB,r3,,14.191389,14.191389,/root/dfuzz-griffin/griffin_output/griffin_monetdb_sqleek_rnd3/logSaved/id_000163_20260630_01h30m23s/griffin.log,,,no feedback signature match,[force_exit_all] #0 0x7ab5801d69cc (exp_rel_visitor+0x8c),[force_exit_all] #0 0x7ab5801d69cc (exp_rel_visitor+0x8c) | [force_exit_all] #1 0x7ab5801d61a6 (rel_visitor_bu+0x436) | [force_exit_all] #2 0x7ab5801d60dc (rel_visitor_bu+0x36c) | [force_exit_all] #3 0x7ab5801d607f (rel_visitor_bu+0x30f) | [force_exit_all] #4 0x7ab5801d60dc (rel_visitor_bu+0x36c),"SELECT x , CASE WHEN x = 12 THEN 1 ELSE x <= 3 ^ 2 END AS x FROM ( SELECT 'nontemp%' AS x UNION SELECT 11 AS x UNION SELECT COUNT ( * ) = 0 AS x FROM ( SELECT 1 AS x UNION SELECT 40988 AS x UNION SELECT 2000.000000 AS x ) WHERE x NOT IN ( SELECT coalesce ( NULL , 2 , 'b' , ceil ("
not_counted,SQLeek,MonetDB,r3,,15.917778,15.917778,/root/dfuzz-griffin/griffin_output/griffin_monetdb_sqleek_rnd3/logSaved/id_000170_20260630_03h13m58s/griffin.log,,,no feedback signature match,[force_exit_all] #0 0x764f8ff9a9e2 (__nss_database_lookup+0x20792),[force_exit_all] #0 0x764f8ff9a9e2 (__nss_database_lookup+0x20792) | [force_exit_all] #1 0x764f9031624b (rel_optimize_projections_+0x2e1b) | [force_exit_all] #2 0x764f902bf5ef (rel_visitor_td+0x2bf) | [force_exit_all] #3 0x764f902bf9f6 (rel_visitor_td+0x6c6) | [force_exit_all] #4 0x764f902bf9f6 (rel_visitor_td+0x6c6),"SELECT lead ( 'bug' , 1 ) OVER ( ) , lead ( 'bug' , 0 ) OVER ( ) , lead ( 'bug' , 1 , 'oth' ) OVER ( ) , lead ( 'bug' , bit_and ( 91 , ( SELECT MAX ( 1 ) OVER ( ) ) * 3 ) , 'oth' ) OVER ( ) , max ( DISTINCT x ) FROM ( SELECT DISTINCT - 16 + ( 37 ) - - 56 * - - -8.400000 * MAX ( 2"
not_counted,SQLeek,MonetDB,r3,,15.918056,15.918056,/root/dfuzz-griffin/griffin_output/griffin_monetdb_sqleek_rnd3/logSaved/id_000171_20260630_03h13m59s/griffin.log,,,no feedback signature match,[force_exit_all] #0 0x7dd89b0829e2 (__nss_database_lookup+0x20792),[force_exit_all] #0 0x7dd89b0829e2 (__nss_database_lookup+0x20792) | [force_exit_all] #1 0x7dd89b3fe24b (rel_optimize_projections_+0x2e1b) | [force_exit_all] #2 0x7dd89b3a75ef (rel_visitor_td+0x2bf) | [force_exit_all] #3 0x7dd89b3a79f6 (rel_visitor_td+0x6c6) | [force_exit_all] #4 0x7dd89b3a79f6 (rel_visitor_td+0x6c6),"SELECT lead ( 'bug' , 1 ) OVER ( ) , lead ( 'bug' , 0 ) OVER ( ) , lead ( 'bug' , 1 , 'oth' ) OVER ( ) , lead ( 'bug' , bit_and ( 91 , ( SELECT MAX ( 1 ) OVER ( ) ) * 3 ) , 'oth' ) OVER ( ) , max ( DISTINCT x ) FROM ( SELECT DISTINCT - 16 + ( 37 ) - - 56 * - - -8.400000 * MAX ( 2"
not_counted,SQLeek,MonetDB,r3,,16.718056,16.718056,/root/dfuzz-griffin/griffin_output/griffin_monetdb_sqleek_rnd3/logSaved/id_000178_20260630_04h01m59s/griffin.log,,,no feedback signature match,[force_exit_all] #0 0x7dfcdd97ee88 (rel_unnest_projects+0x868),[force_exit_all] #0 0x7dfcdd97ee88 (rel_unnest_projects+0x868) | [force_exit_all] #1 0x7dfcdd96b3be (rel_visitor_bu+0x64e) | [force_exit_all] #2 0x7dfcdd96b0dc (rel_visitor_bu+0x36c) | [force_exit_all] #3 0x7dfcdd96b0dc (rel_visitor_bu+0x36c) | [force_exit_all] #4 0x7dfcdd96b030 (rel_visitor_bu+0x2c0),"SELECT COUNT ( * ) = 0 AS x FROM ( SELECT 1 AS x UNION SELECT 0 AS x UNION SELECT 3 AS x ) WHERE x NOT IN ( SELECT coalesce ( NOT - COUNT ( * ) IN ( - - 41 * 92 * ( 10 ) + - MAX ( DISTINCT 74 ) , not_like ( 'abc' , '_c_' , '' , FALSE ) + 11 * COUNT ( * ) * ( - CASE WHEN - 52 THEN"
not_counted,SQLeek,MonetDB,r3,,16.718333,16.718333,/root/dfuzz-griffin/griffin_output/griffin_monetdb_sqleek_rnd3/logSaved/id_000179_20260630_04h02m00s/griffin.log,,,no feedback signature match,[force_exit_all] #0 0x7dafe6ed2e88 (rel_unnest_projects+0x868),[force_exit_all] #0 0x7dafe6ed2e88 (rel_unnest_projects+0x868) | [force_exit_all] #1 0x7dafe6ebf3be (rel_visitor_bu+0x64e) | [force_exit_all] #2 0x7dafe6ebf0dc (rel_visitor_bu+0x36c) | [force_exit_all] #3 0x7dafe6ebf0dc (rel_visitor_bu+0x36c) | [force_exit_all] #4 0x7dafe6ebf030 (rel_visitor_bu+0x2c0),"SELECT COUNT ( * ) = 0 AS x FROM ( SELECT 1 AS x UNION SELECT 0 AS x UNION SELECT 3 AS x ) WHERE x NOT IN ( SELECT coalesce ( NOT - COUNT ( * ) IN ( - - 41 * 92 * ( 10 ) + - MAX ( DISTINCT 74 ) , not_like ( 'abc' , '_c_' , '' , FALSE ) + 11 * COUNT ( * ) * ( - CASE WHEN - 52 THEN"
not_counted,SQLeek,MonetDB,r3,,16.722500,16.7225,/root/dfuzz-griffin/griffin_output/griffin_monetdb_sqleek_rnd3/logSaved/id_000186_20260630_04h02m15s/griffin.log,,,no feedback signature match,[force_exit_all] #0 0x7cd1d20659e2 (__nss_database_lookup+0x20792),[force_exit_all] #0 0x7cd1d20659e2 (__nss_database_lookup+0x20792) | [force_exit_all] #1 0x7cd1d23730b5 (exps_bind_column+0x575) | [force_exit_all] #2 0x7cd1d2392650 (name_find_column+0x1d0) | [force_exit_all] #3 0x7cd1d2393071 (exp_find_column+0x61) | [force_exit_all] #4 0x7cd1d23c03cd (rel_final_optimization_loop_+0xb6d),"SELECT ( 1 , 2 , 3 ) = ( 1 , 2 , 3 ) ;  SELECT ( 1 , 2 , 3 ) < ( 1 , 2 , 3 ) ;  SELECT NOT ( ( 1 , 2 , 3 ) = ( 1 , 2 , 3 ) ) ;  SELECT ( 1 , 2 , 3 ) IN ( ( 1 ) , ( 2 ) , ( 3 ) ) ;  SELECT ( 1 , 2 , 3 ) IN ( SELECT 1 UNION SELECT 2 UNION SELECT 3 ) ;  SELECT NOT ( ( 1 , 2 , 3 ) = "
not_counted,SQLeek,MonetDB,r3,,16.722778,16.722778,/root/dfuzz-griffin/griffin_output/griffin_monetdb_sqleek_rnd3/logSaved/id_000187_20260630_04h02m16s/griffin.log,,,no feedback signature match,[force_exit_all] #0 0x714481f77e88 (rel_unnest_projects+0x868),[force_exit_all] #0 0x714481f77e88 (rel_unnest_projects+0x868) | [force_exit_all] #1 0x714481f643be (rel_visitor_bu+0x64e) | [force_exit_all] #2 0x714481f640dc (rel_visitor_bu+0x36c) | [force_exit_all] #3 0x714481f640dc (rel_visitor_bu+0x36c) | [force_exit_all] #4 0x714481f64030 (rel_visitor_bu+0x2c0),"SELECT ( 1 , 2 , 3 ) = ( 1 , 2 , 3 ) ;   SELECT ( 1 , 2 , 3 ) < ( 1 , 2 , 3 ) ;  child 4159204 stoped signal number=5 child 4159545 stoped signal number=19 SELECT NOT ( ( 1 , 2 , 3 ) = ( 1 , 2 , 3 ) ) ;   SELECT ( 1 , 2 , 3 ) IN ( ( 1 ) , ( 2 ) , ( 3 ) ) ;   SELECT ( 1 , 2 , 3 ) "
not_counted,SQLeek,MonetDB,r3,,16.723056,16.723056,/root/dfuzz-griffin/griffin_output/griffin_monetdb_sqleek_rnd3/logSaved/id_000188_20260630_04h02m17s/griffin.log,,,no feedback signature match,[force_exit_all] #0 0x715903d169e2 (__nss_database_lookup+0x20792),[force_exit_all] #0 0x715903d169e2 (__nss_database_lookup+0x20792) | [force_exit_all] #1 0x7159040240b5 (exps_bind_column+0x575) | [force_exit_all] #2 0x715904043650 (name_find_column+0x1d0) | [force_exit_all] #3 0x715904044071 (exp_find_column+0x61) | [force_exit_all] #4 0x7159040713cd (rel_final_optimization_loop_+0xb6d),"SELECT ( 1 , 2 , 3 ) = ( 1 , 2 , 3 ) ;   SELECT ( 1 , 2 , 3 ) < ( 1 , 2 , 3 ) ;   SELECT NOT ( ( 1 , 2 , 3 ) = ( 1 , 2 , 3 ) ) ;   SELECT ( 1 , 2 , 3 ) IN ( ( 1 ) , ( 2 ) , ( 3 ) ) ;   SELECT ( 1 , 2 , 3 ) IN ( SELECT 1 UNION SELECT 2 UNION SELECT 3 ) ;   SELECT NOT ( ( 1 , 2 , 3"
not_counted,SQLeek,MonetDB,r3,,16.724167,16.724167,/root/dfuzz-griffin/griffin_output/griffin_monetdb_sqleek_rnd3/logSaved/id_000191_20260630_04h02m21s/griffin.log,,,no feedback signature match,[force_exit_all] #0 0x7ba6562799e2 (__nss_database_lookup+0x20792),[force_exit_all] #0 0x7ba6562799e2 (__nss_database_lookup+0x20792) | [force_exit_all] #1 0x7ba6565870b5 (exps_bind_column+0x575) | [force_exit_all] #2 0x7ba6565a6650 (name_find_column+0x1d0) | [force_exit_all] #3 0x7ba6565a7071 (exp_find_column+0x61) | [force_exit_all] #4 0x7ba6565d43cd (rel_final_optimization_loop_+0xb6d),"SELECT ( 1 , 2 , 3 ) = ( 1 , 2 , 3 ) ;  SELECT ( 1 , 2 , 3 ) < ( 1 , 2 , 3 ) ;  SELECT NOT ( ( 1 , 2 , 3 ) = ( 1 , 2 , 3 ) ) ;  SELECT ( 1 , 2 , 3 ) IN ( ( 1 ) , ( 2 ) , ( 3 ) ) ;  SELECT ( 1 , 2 , 3 ) IN ( SELECT 1 UNION SELECT 2 UNION SELECT 3 ) ;  SELECT NOT ( ( 1 , 2 , 3 ) = "
not_counted,SQLeek,MonetDB,r3,,16.725278,16.725278,/root/dfuzz-griffin/griffin_output/griffin_monetdb_sqleek_rnd3/logSaved/id_000194_20260630_04h02m25s/griffin.log,,,no feedback signature match,[force_exit_all] #0 0x70dce77f5e9d (rel_exp_visitor+0x8cd),[force_exit_all] #0 0x70dce77f5e9d (rel_exp_visitor+0x8cd) | [force_exit_all] #1 0x70dce77f5bfc (rel_exp_visitor+0x62c) | [force_exit_all] #2 0x70dce77f5a94 (rel_exp_visitor+0x4c4) | [force_exit_all] #3 0x70dce77f5bfc (rel_exp_visitor+0x62c) | [force_exit_all] #4 0x70dce77f5bfc (rel_exp_visitor+0x62c),"SELECT ( 1 , 2 , 3 ) = ( 1 , 2 , 3 ) ;   SELECT ( 1 , 2 , 3 ) < ( 1 , 2 , 3 ) ;   SELECT NOT ( ( 1 , 2 , 3 ) = ( 1 , 2 , 3 ) ) ;   SELECT ( 1 , 2 , 3 ) IN ( ( 1 ) , ( 2 ) , ( 3 ) ) ;   SELECT ( 1 , 2 , 3 ) IN ( SELECT 1 UNION SELECT 2 UNION SELECT 3 ) ;   SELECT NOT ( ( 1 , 2 , 3"
not_counted,SQLeek,MonetDB,r3,,16.727500,16.7275,/root/dfuzz-griffin/griffin_output/griffin_monetdb_sqleek_rnd3/logSaved/id_000201_20260630_04h02m33s/griffin.log,,,no feedback signature match,[force_exit_all] #0 0x723519c3b9e2 (__nss_database_lookup+0x20792),[force_exit_all] #0 0x723519c3b9e2 (__nss_database_lookup+0x20792) | [force_exit_all] #1 0x723519f490b5 (exps_bind_column+0x575) | [force_exit_all] #2 0x723519f68650 (name_find_column+0x1d0) | [force_exit_all] #3 0x723519f69071 (exp_find_column+0x61) | [force_exit_all] #4 0x723519f963cd (rel_final_optimization_loop_+0xb6d),"SELECT ( 1 , 2 , 3 ) = ( 1 , 2 , 3 ) ;  SELECT ( 1 , 2 , 3 ) < ( 1 , 2 , 3 ) ;  SELECT NOT ( ( 1 , 2 , 3 ) = ( 1 , 2 , 3 ) ) ;  SELECT ( 1 , 2 , 3 ) IN ( ( 1 ) , ( 2 ) , ( 3 ) ) ;  SELECT ( 1 , 2 , 3 ) IN ( SELECT 1 UNION SELECT 2 UNION SELECT 3 ) ;  SELECT NOT ( ( 1 , 2 , 3 ) = "
not_counted,SQLeek,MonetDB,r3,,16.728056,16.728056,/root/dfuzz-griffin/griffin_output/griffin_monetdb_sqleek_rnd3/logSaved/id_000202_20260630_04h02m35s/griffin.log,,,no feedback signature match,[force_exit_all] #0 0x7f6f4c5689e2 (__nss_database_lookup+0x20792),[force_exit_all] #0 0x7f6f4c5689e2 (__nss_database_lookup+0x20792) | [force_exit_all] #1 0x7f6f4c8760b5 (exps_bind_column+0x575) | [force_exit_all] #2 0x7f6f4c895650 (name_find_column+0x1d0) | [force_exit_all] #3 0x7f6f4c896071 (exp_find_column+0x61) | [force_exit_all] #4 0x7f6f4c8c33cd (rel_final_optimization_loop_+0xb6d),"SELECT ( 1 , 2 , 3 ) = ( 1 , 2 , 3 ) ;  SELECT ( 1 , 2 , 3 ) < ( 1 , 2 , 3 ) ;  SELECT NOT ( ( 1 , 2 , 3 ) = ( 1 , 2 , 3 ) ) ;  SELECT ( 1 , 2 , 3 ) IN ( ( 1 ) , ( 2 ) , ( 3 ) ) ;  SELECT ( 1 , 2 , 3 ) IN ( SELECT 1 UNION SELECT 2 UNION SELECT 3 ) ;  SELECT NOT ( ( 1 , 2 , 3 ) = "
not_counted,SQLeek,MonetDB,r3,,16.729444,16.729444,/root/dfuzz-griffin/griffin_output/griffin_monetdb_sqleek_rnd3/logSaved/id_000206_20260630_04h02m40s/griffin.log,,,no feedback signature match,[force_exit_all] #0 0x7e5f7394c9e2 (__nss_database_lookup+0x20792),[force_exit_all] #0 0x7e5f7394c9e2 (__nss_database_lookup+0x20792) | [force_exit_all] #1 0x7e5f73c5a0b5 (exps_bind_column+0x575) | [force_exit_all] #2 0x7e5f73c79650 (name_find_column+0x1d0) | [force_exit_all] #3 0x7e5f73c7a071 (exp_find_column+0x61) | [force_exit_all] #4 0x7e5f73ca73cd (rel_final_optimization_loop_+0xb6d),"SELECT ( 1 , 2 , 3 ) = ( 1 , 2 , 3 ) ;  SELECT ( 1 , 2 , 3 ) < ( 1 , 2 , 3 ) ;  SELECT NOT ( ( 1 , 2 , 3 ) = ( 1 , 2 , 3 ) ) ;  SELECT ( 1 , 2 , 3 ) IN ( ( 1 ) , ( 2 ) , ( 3 ) ) ;  SELECT ( 1 , 2 , 3 ) IN ( SELECT 1 UNION SELECT 2 UNION SELECT 3 ) ;  SELECT NOT ( ( 1 , 2 , 3 ) = "
not_counted,SQLeek,MonetDB,r3,,16.729722,16.729722,/root/dfuzz-griffin/griffin_output/griffin_monetdb_sqleek_rnd3/logSaved/id_000207_20260630_04h02m41s/griffin.log,,,no feedback signature match,[force_exit_all] #0 0x7ba454f45e9d (rel_exp_visitor+0x8cd),[force_exit_all] #0 0x7ba454f45e9d (rel_exp_visitor+0x8cd) | [force_exit_all] #1 0x7ba454f45bfc (rel_exp_visitor+0x62c) | [force_exit_all] #2 0x7ba454f45a94 (rel_exp_visitor+0x4c4) | [force_exit_all] #3 0x7ba454f45bfc (rel_exp_visitor+0x62c) | [force_exit_all] #4 0x7ba454f45bfc (rel_exp_visitor+0x62c),"SELECT ( 1 , 2 , 3 ) = ( 1 , 2 , 3 ) ;  SELECT ( 1 , 2 , 3 ) < ( 1 , 2 , 3 ) ;  SELECT NOT ( ( 1 , 2 , 3 ) = ( 1 , 2 , 3 ) ) ;  SELECT ( 1 , 2 , 3 ) IN ( ( 1 ) , ( 2 ) , ( 3 ) ) ;  SELECT ( 1 , 2 , 3 ) IN ( SELECT 1 UNION SELECT 2 UNION SELECT 3 ) ;  SELECT NOT ( ( 1 , 2 , 3 ) = "
not_counted,SQLeek,MonetDB,r3,,16.730556,16.730556,/root/dfuzz-griffin/griffin_output/griffin_monetdb_sqleek_rnd3/logSaved/id_000210_20260630_04h02m44s/griffin.log,,,no feedback signature match,[force_exit_all] #0 0x725ee00eae88 (rel_unnest_projects+0x868),[force_exit_all] #0 0x725ee00eae88 (rel_unnest_projects+0x868) | [force_exit_all] #1 0x725ee00d73be (rel_visitor_bu+0x64e) | [force_exit_all] #2 0x725ee00d70dc (rel_visitor_bu+0x36c) | [force_exit_all] #3 0x725ee00d70dc (rel_visitor_bu+0x36c) | [force_exit_all] #4 0x725ee00d7030 (rel_visitor_bu+0x2c0),"SELECT ( 1 , 2 , 3 ) = ( 1 , 2 , 3 ) ;   SELECT ( 1 , 2 , 3 ) < ( 1 , 2 , 3 ) ;   SELECT NOT ( ( 1 , 2 , 3 ) = ( 1 , 2 , 3 ) ) ;   SELECT ( 1 , 2 , 3 ) IN ( ( 1 ) , ( 2 ) , ( 3 ) ) ;   SELECT ( 1 , 2 , 3 ) IN ( SELECT 1 UNION SELECT 2 UNION SELECT 3 ) ;   SELECT NOT ( ( 1 , 2 , 3"
not_counted,SQLeek,MonetDB,r3,,16.731667,16.731667,/root/dfuzz-griffin/griffin_output/griffin_monetdb_sqleek_rnd3/logSaved/id_000213_20260630_04h02m48s/griffin.log,,,no feedback signature match,[force_exit_all] #0 0x79b088a1f9e2 (__nss_database_lookup+0x20792),[force_exit_all] #0 0x79b088a1f9e2 (__nss_database_lookup+0x20792) | [force_exit_all] #1 0x79b088d2d0b5 (exps_bind_column+0x575) | [force_exit_all] #2 0x79b088d4c650 (name_find_column+0x1d0) | [force_exit_all] #3 0x79b088d4d071 (exp_find_column+0x61) | [force_exit_all] #4 0x79b088d7a3cd (rel_final_optimization_loop_+0xb6d),"SELECT ( 1 , 2 , 3 ) = ( 1 , 2 , 3 ) ;   SELECT ( 1 , 2 , 3 ) < ( 1 , 2 , 3 ) ;   SELECT NOT ( ( 1 , 2 , 3 ) = ( 1 , 2 , 3 ) ) ;   SELECT ( 1 , 2 , 3 ) IN ( ( 1 ) , ( 2 ) , ( 3 ) ) ;   SELECT ( 1 , 2 , 3 ) IN ( SELECT 1 UNION SELECT 2 UNION SELECT 3 ) ;   SELECT NOT ( ( 1 , 2 , 3"
not_counted,SQLeek,MonetDB,r3,,16.731944,16.731944,/root/dfuzz-griffin/griffin_output/griffin_monetdb_sqleek_rnd3/logSaved/id_000214_20260630_04h02m49s/griffin.log,,,no feedback signature match,[force_exit_all] #0 0x7499b7e8f9e2 (__nss_database_lookup+0x20792),[force_exit_all] #0 0x7499b7e8f9e2 (__nss_database_lookup+0x20792) | [force_exit_all] #1 0x7499b819d0b5 (exps_bind_column+0x575) | [force_exit_all] #2 0x7499b81bc650 (name_find_column+0x1d0) | [force_exit_all] #3 0x7499b81bd071 (exp_find_column+0x61) | [force_exit_all] #4 0x7499b81ea3cd (rel_final_optimization_loop_+0xb6d),"SELECT ( 1 , 2 , 3 ) = ( 1 , 2 , 3 ) ;   SELECT ( 1 , 2 , 3 ) < ( 1 , 2 , 3 ) ;   SELECT NOT ( ( 1 , 2 , 3 ) = ( 1 , 2 , 3 ) ) ;   SELECT ( 1 , 2 , 3 ) IN ( ( 1 ) , ( 2 ) , ( 3 ) ) ;   SELECT ( 1 , 2 , 3 ) IN ( SELECT 1 UNION SELECT 2 UNION SELECT 3 ) ;   SELECT NOT ( ( 1 , 2 , 3"
not_counted,SQLeek,MonetDB,r3,,16.733333,16.733333,/root/dfuzz-griffin/griffin_output/griffin_monetdb_sqleek_rnd3/logSaved/id_000216_20260630_04h02m54s/griffin.log,,,no feedback signature match,[force_exit_all] #0 0x72534d54ce9d (rel_exp_visitor+0x8cd),[force_exit_all] #0 0x72534d54ce9d (rel_exp_visitor+0x8cd) | [force_exit_all] #1 0x72534d54cbfc (rel_exp_visitor+0x62c) | [force_exit_all] #2 0x72534d54ca94 (rel_exp_visitor+0x4c4) | [force_exit_all] #3 0x72534d54cbfc (rel_exp_visitor+0x62c) | [force_exit_all] #4 0x72534d54cbfc (rel_exp_visitor+0x62c),"SELECT ( 1 , 2 , 3 ) = ( 1 , 2 , 3 ) ;  SELECT ( 1 , 2 , 3 ) < ( 1 , 2 , 3 ) ;  SELECT NOT ( ( 1 , 2 , 3 ) = ( 1 , 2 , 3 ) ) ;  SELECT ( 1 , 2 , 3 ) IN ( ( 1 ) , ( 2 ) , ( 3 ) ) ;  SELECT ( 1 , 2 , 3 ) IN ( SELECT 1 UNION SELECT 2 UNION SELECT 3 ) ;  SELECT NOT ( ( 1 , 2 , 3 ) = "
not_counted,SQLeek,MonetDB,r3,,16.733889,16.733889,/root/dfuzz-griffin/griffin_output/griffin_monetdb_sqleek_rnd3/logSaved/id_000218_20260630_04h02m56s/griffin.log,,,no feedback signature match,[force_exit_all] #0 0x76d561d47494 (rel_setop_n_ary_set_exps+0x1d4),[force_exit_all] #0 0x76d561d47494 (rel_setop_n_ary_set_exps+0x1d4) | [force_exit_all] #1 0x76d561d47293 (rel_inplace_setop_n_ary+0x83) | [force_exit_all] #2 0x76d561d6a0fd (rel_unnest_projects+0xadd) | [force_exit_all] #3 0x76d561d563be (rel_visitor_bu+0x64e) | [force_exit_all] #4 0x76d561d560dc (rel_visitor_bu+0x36c),"SELECT ( 1 , 2 , 3 ) = ( 1 , 2 , 3 ) ;  SELECT ( 1 , 2 , 3 ) < ( 1 , 2 , 3 ) ;  SELECT NOT ( ( 1 , 2 , 3 ) = ( 1 , 2 , 3 ) ) ;  SELECT ( 1 , 2 , 3 ) IN ( ( 1 ) , ( 2 ) , ( 3 ) ) ;  SELECT ( 1 , 2 , 3 ) IN ( SELECT 1 UNION SELECT 2 UNION SELECT 3 ) ;  SELECT NOT ( ( 1 , 2 , 3 ) = "
not_counted,SQLeek,MonetDB,r3,,16.735556,16.735556,/root/dfuzz-griffin/griffin_output/griffin_monetdb_sqleek_rnd3/logSaved/id_000223_20260630_04h03m02s/griffin.log,,,no feedback signature match,[force_exit_all] #0 0x71f48f1b09e2 (__nss_database_lookup+0x20792),[force_exit_all] #0 0x71f48f1b09e2 (__nss_database_lookup+0x20792) | [force_exit_all] #1 0x71f48f4be0b5 (exps_bind_column+0x575) | [force_exit_all] #2 0x71f48f4dd650 (name_find_column+0x1d0) | [force_exit_all] #3 0x71f48f4de071 (exp_find_column+0x61) | [force_exit_all] #4 0x71f48f50b3cd (rel_final_optimization_loop_+0xb6d),"SELECT ( 1 , 2 , 3 ) = ( 1 , 2 , 3 ) ;  SELECT ( 1 , 2 , 3 ) < ( 1 , 2 , 3 ) ;  SELECT NOT ( ( 1 , 2 , 3 ) = ( 1 , 2 , 3 ) ) ;  SELECT ( 1 , 2 , 3 ) IN ( ( 1 ) , ( 2 ) , ( 3 ) ) ;  SELECT ( 1 , 2 , 3 ) IN ( SELECT 1 UNION SELECT 2 UNION SELECT 3 ) ;  SELECT NOT ( ( 1 , 2 , 3 ) = "
not_counted,SQLeek,MonetDB,r3,,16.736111,16.736111,/root/dfuzz-griffin/griffin_output/griffin_monetdb_sqleek_rnd3/logSaved/id_000224_20260630_04h03m04s/griffin.log,,,no feedback signature match,[force_exit_all] #0 0x7048508579e2 (__nss_database_lookup+0x20792),[force_exit_all] #0 0x7048508579e2 (__nss_database_lookup+0x20792) | [force_exit_all] #1 0x704850b650b5 (exps_bind_column+0x575) | [force_exit_all] #2 0x704850b84650 (name_find_column+0x1d0) | [force_exit_all] #3 0x704850b85071 (exp_find_column+0x61) | [force_exit_all] #4 0x704850bb23cd (rel_final_optimization_loop_+0xb6d),"SELECT ( 1 , 2 , 3 ) = ( 1 , 2 , 3 ) ;  SELECT ( 1 , 2 , 3 ) < ( 1 , 2 , 3 ) ;  SELECT NOT ( ( 1 , 2 , 3 ) = ( 1 , 2 , 3 ) ) ; child 4172579 stoped signal number=5 child 4172929 stoped signal number=19 SELECT ( 1 , 2 , 3 ) IN ( ( 1 ) , ( 2 ) , ( 3 ) ) ;  SELECT ( 1 , 2 , 3 ) IN ("
not_counted,SQLeek,MonetDB,r3,,16.736944,16.736944,/root/dfuzz-griffin/griffin_output/griffin_monetdb_sqleek_rnd3/logSaved/id_000227_20260630_04h03m07s/griffin.log,,,no feedback signature match,[force_exit_all] #0 0x75e30df1ce9d (rel_exp_visitor+0x8cd),[force_exit_all] #0 0x75e30df1ce9d (rel_exp_visitor+0x8cd) | [force_exit_all] #1 0x75e30df1cbfc (rel_exp_visitor+0x62c) | [force_exit_all] #2 0x75e30df1ca94 (rel_exp_visitor+0x4c4) | [force_exit_all] #3 0x75e30df1cbfc (rel_exp_visitor+0x62c) | [force_exit_all] #4 0x75e30df1cbfc (rel_exp_visitor+0x62c),"SELECT ( 1 , 2 , 3 ) = ( 1 , 2 , 3 ) ;  SELECT ( 1 , 2 , 3 ) < ( 1 , 2 , 3 ) ;  SELECT NOT ( ( 1 , 2 , 3 ) = ( 1 , 2 , 3 ) ) ;  SELECT ( 1 , 2 , 3 ) IN ( ( 1 ) , ( 2 ) , ( 3 ) ) ;  SELECT ( 1 , 2 , 3 ) IN ( SELECT 1 UNION SELECT 2 UNION SELECT 3 ) ;  SELECT NOT ( ( 1 , 2 , 3 ) = "
not_counted,SQLeek,MonetDB,r3,,16.738056,16.738056,/root/dfuzz-griffin/griffin_output/griffin_monetdb_sqleek_rnd3/logSaved/id_000230_20260630_04h03m11s/griffin.log,,,no feedback signature match,[force_exit_all] #0 0x70e633fd19e2 (__nss_database_lookup+0x20792),[force_exit_all] #0 0x70e633fd19e2 (__nss_database_lookup+0x20792) | [force_exit_all] #1 0x70e6342df0b5 (exps_bind_column+0x575) | [force_exit_all] #2 0x70e6342fe650 (name_find_column+0x1d0) | [force_exit_all] #3 0x70e6342ff071 (exp_find_column+0x61) | [force_exit_all] #4 0x70e63432c3cd (rel_final_optimization_loop_+0xb6d),"SELECT ( 1 , 2 , 3 ) = ( 1 , 2 , 3 ) ;  SELECT ( 1 , 2 , 3 ) < ( 1 , 2 , 3 ) ;  SELECT NOT ( ( 1 , 2 , 3 ) = ( 1 , 2 , 3 ) ) ; child 4175064 stoped signal number=5 SELECT ( 1 , 2 , 3 ) IN ( ( 1 ) , ( 2 ) , ( 3 ) ) ;  SELECT ( 1 , 2 , 3 ) IN ( SELECT 1 UNION SELECT 2 UNION SELECT "
not_counted,SQLeek,MonetDB,r3,,16.738611,16.738611,/root/dfuzz-griffin/griffin_output/griffin_monetdb_sqleek_rnd3/logSaved/id_000232_20260630_04h03m13s/griffin.log,,,no feedback signature match,[force_exit_all] #0 0x78f7199ede9d (rel_exp_visitor+0x8cd),[force_exit_all] #0 0x78f7199ede9d (rel_exp_visitor+0x8cd) | [force_exit_all] #1 0x78f7199edbfc (rel_exp_visitor+0x62c) | [force_exit_all] #2 0x78f7199eda94 (rel_exp_visitor+0x4c4) | [force_exit_all] #3 0x78f7199edbfc (rel_exp_visitor+0x62c) | [force_exit_all] #4 0x78f7199edbfc (rel_exp_visitor+0x62c),"SELECT ( 1 , 2 , 3 ) = ( 1 , 2 , 3 ) ;   SELECT ( 1 , 2 , 3 ) < ( 1 , 2 , 3 ) ;   SELECT NOT ( ( 1 , 2 , 3 ) = ( 1 , 2 , 3 ) ) ;   SELECT ( 1 , 2 , 3 ) IN ( ( 1 ) , ( 2 ) , ( 3 ) ) ;   SELECT ( 1 , 2 , 3 ) IN ( SELECT 1 UNION SELECT 2 UNION SELECT 3 ) ;   SELECT NOT ( ( 1 , 2 , 3"
not_counted,SQLeek,MonetDB,r3,,16.739444,16.739444,/root/dfuzz-griffin/griffin_output/griffin_monetdb_sqleek_rnd3/logSaved/id_000234_20260630_04h03m16s/griffin.log,,,no feedback signature match,[force_exit_all] #0 0x732a578a29e2 (__nss_database_lookup+0x20792),[force_exit_all] #0 0x732a578a29e2 (__nss_database_lookup+0x20792) | [force_exit_all] #1 0x732a57bb00b5 (exps_bind_column+0x575) | [force_exit_all] #2 0x732a57bcf650 (name_find_column+0x1d0) | [force_exit_all] #3 0x732a57bd0071 (exp_find_column+0x61) | [force_exit_all] #4 0x732a57bfd3cd (rel_final_optimization_loop_+0xb6d),"SELECT ( 1 , 2 , 3 ) = ( 1 , 2 , 3 ) ;   SELECT ( 1 , 2 , 3 ) < ( 1 , 2 , 3 ) ;   SELECT NOT ( ( 1 , 2 , 3 ) = ( 1 , 2 , 3 ) ) ;   SELECT ( 1 , 2 , 3 ) IN ( ( 1 ) , ( 2 ) , ( 3 ) ) ;   SELECT ( 1 , 2 , 3 ) IN ( SELECT 1 UNION SELECT 2 UNION SELECT 3 ) ;   SELECT NOT ( ( 1 , 2 , 3"
not_counted,SQLeek,MonetDB,r3,,16.739722,16.739722,/root/dfuzz-griffin/griffin_output/griffin_monetdb_sqleek_rnd3/logSaved/id_000235_20260630_04h03m17s/griffin.log,,,no feedback signature match,[force_exit_all] #0 0x787117d1ee9d (rel_exp_visitor+0x8cd),[force_exit_all] #0 0x787117d1ee9d (rel_exp_visitor+0x8cd) | [force_exit_all] #1 0x787117d1ebfc (rel_exp_visitor+0x62c) | [force_exit_all] #2 0x787117d1ea94 (rel_exp_visitor+0x4c4) | [force_exit_all] #3 0x787117d1ebfc (rel_exp_visitor+0x62c) | [force_exit_all] #4 0x787117d1ebfc (rel_exp_visitor+0x62c),"SELECT ( 1 , 2 , 3 ) = ( 1 , 2 , 3 ) ;  SELECT ( 1 , 2 , 3 ) < ( 1 , 2 , 3 ) ;  SELECT NOT ( ( 1 , 2 , 3 ) = ( 1 , 2 , 3 ) ) ;  SELECT ( 1 , 2 , 3 ) IN ( ( 1 ) , ( 2 ) , ( 3 ) ) ;  SELECT ( 1 , 2 , 3 ) IN ( SELECT 1 UNION SELECT 2 UNION SELECT 3 ) ;  SELECT NOT ( ( 1 , 2 , 3 ) = "
not_counted,SQLeek,MonetDB,r3,,16.740278,16.740278,/root/dfuzz-griffin/griffin_output/griffin_monetdb_sqleek_rnd3/logSaved/id_000237_20260630_04h03m19s/griffin.log,,,no feedback signature match,[force_exit_all] #0 0x718669855dbe (exp_visitor+0x15e),[force_exit_all] #0 0x718669855dbe (exp_visitor+0x15e) | [force_exit_all] #1 0x718669857ec7 (rel_exp_visitor+0x8f7) | [force_exit_all] #2 0x718669857bfc (rel_exp_visitor+0x62c) | [force_exit_all] #3 0x718669857a94 (rel_exp_visitor+0x4c4) | [force_exit_all] #4 0x718669857bfc (rel_exp_visitor+0x62c),"SELECT ( 1 , 2 , 3 ) = ( 1 , 2 , 3 ) ;   SELECT ( 1 , 2 , 3 ) < ( 1 , 2 , 3 ) ;   SELECT NOT ( ( 1 , 2 , 3 ) = ( 1 , 2 , 3 ) ) ;   SELECT ( 1 , 2 , 3 ) IN ( ( 1 ) , ( 2 ) , ( 3 ) ) ;   SELECT ( 1 , 2 , 3 ) IN ( SELECT 1 UNION SELECT 2 UNION SELECT 3 ) ;   SELECT NOT ( ( 1 , 2 , 3"
not_counted,SQLeek,MonetDB,r3,,16.740556,16.740556,/root/dfuzz-griffin/griffin_output/griffin_monetdb_sqleek_rnd3/logSaved/id_000238_20260630_04h03m20s/griffin.log,,,no feedback signature match,[force_exit_all] #0 0x7df2e96c9e9d (rel_exp_visitor+0x8cd),[force_exit_all] #0 0x7df2e96c9e9d (rel_exp_visitor+0x8cd) | [force_exit_all] #1 0x7df2e96c9bfc (rel_exp_visitor+0x62c) | [force_exit_all] #2 0x7df2e96c9a94 (rel_exp_visitor+0x4c4) | [force_exit_all] #3 0x7df2e96c9bfc (rel_exp_visitor+0x62c) | [force_exit_all] #4 0x7df2e96c9bfc (rel_exp_visitor+0x62c),"SELECT ( 1 , 2 , 3 ) = ( 1 , 2 , 3 ) ;   SELECT ( 1 , 2 , 3 ) < ( 1 , 2 , 3 ) ;   SELECT NOT ( ( 1 , 2 , 3 ) = ( 1 , 2 , 3 ) ) ;   SELECT ( 1 , 2 , 3 ) IN ( ( 1 ) , ( 2 ) , ( 3 ) ) ;   SELECT ( 1 , 2 , 3 ) IN ( SELECT 1 UNION SELECT 2 UNION SELECT 3 ) ;   SELECT NOT ( ( 1 , 2 , 3"
not_counted,SQLeek,MonetDB,r3,,16.741389,16.741389,/root/dfuzz-griffin/griffin_output/griffin_monetdb_sqleek_rnd3/logSaved/id_000240_20260630_04h03m23s/griffin.log,,,no feedback signature match,[force_exit_all] #0 0x73b0aed9ee9d (rel_exp_visitor+0x8cd),[force_exit_all] #0 0x73b0aed9ee9d (rel_exp_visitor+0x8cd) | [force_exit_all] #1 0x73b0aed9ebfc (rel_exp_visitor+0x62c) | [force_exit_all] #2 0x73b0aed9ea94 (rel_exp_visitor+0x4c4) | [force_exit_all] #3 0x73b0aed9ebfc (rel_exp_visitor+0x62c) | [force_exit_all] #4 0x73b0aed9ebfc (rel_exp_visitor+0x62c),"SELECT ( 1 , 2 , 3 ) = ( 1 , 2 , 3 ) ;  SELECT ( 1 , 2 , 3 ) < ( 1 , 2 , 3 ) ;  SELECT NOT ( ( 1 , 2 , 3 ) = ( 1 , 2 , 3 ) ) ;  SELECT ( 1 , 2 , 3 ) IN ( ( 1 ) , ( 2 ) , ( 3 ) ) ;  SELECT ( 1 , 2 , 3 ) IN ( SELECT 1 UNION SELECT 2 UNION SELECT 3 ) ;  SELECT NOT ( ( 1 , 2 , 3 ) = "
not_counted,SQLeek,MonetDB,r3,,16.741944,16.741944,/root/dfuzz-griffin/griffin_output/griffin_monetdb_sqleek_rnd3/logSaved/id_000241_20260630_04h03m25s/griffin.log,,,no feedback signature match,[force_exit_all] #0 0x7cf575a92dbe (exp_visitor+0x15e),[force_exit_all] #0 0x7cf575a92dbe (exp_visitor+0x15e) | [force_exit_all] #1 0x7cf575a94ec7 (rel_exp_visitor+0x8f7) | [force_exit_all] #2 0x7cf575a94bfc (rel_exp_visitor+0x62c) | [force_exit_all] #3 0x7cf575a94a94 (rel_exp_visitor+0x4c4) | [force_exit_all] #4 0x7cf575a94bfc (rel_exp_visitor+0x62c),"SELECT ( 1 , 2 , 3 ) = ( 1 , 2 , 3 ) ;   SELECT ( 1 , 2 , 3 ) < ( 1 , 2 , 3 ) ;   SELECT NOT ( ( 1 , 2 , 3 ) = ( 1 , 2 , 3 ) ) ;  child 4179011 stoped signal number=5 SELECT ( 1 , 2 , 3 ) IN ( ( 1 ) , ( 2 ) , ( 3 ) ) ;   SELECT ( 1 , 2 , 3 ) IN ( SELECT 1 UNION SELECT 2 UNION SEL"
not_counted,SQLeek,MonetDB,r3,,16.743056,16.743056,/root/dfuzz-griffin/griffin_output/griffin_monetdb_sqleek_rnd3/logSaved/id_000244_20260630_04h03m29s/griffin.log,,,no feedback signature match,[force_exit_all] #0 0x7630d1a5ce9d (rel_exp_visitor+0x8cd),[force_exit_all] #0 0x7630d1a5ce9d (rel_exp_visitor+0x8cd) | [force_exit_all] #1 0x7630d1a5cbfc (rel_exp_visitor+0x62c) | [force_exit_all] #2 0x7630d1a5ca94 (rel_exp_visitor+0x4c4) | [force_exit_all] #3 0x7630d1a5cbfc (rel_exp_visitor+0x62c) | [force_exit_all] #4 0x7630d1a5cbfc (rel_exp_visitor+0x62c),"SELECT ( 1 , 2 , 3 ) = ( 1 , 2 , 3 ) ;  SELECT ( 1 , 2 , 3 ) < ( 1 , 2 , 3 ) ;  SELECT NOT ( ( 1 , 2 , 3 ) = ( 1 , 2 , 3 ) ) ;  SELECT ( 1 , 2 , 3 ) IN ( ( 1 ) , ( 2 ) , ( 3 ) ) ;  SELECT ( 1 , 2 , 3 ) IN ( SELECT 1 UNION SELECT 2 UNION SELECT 3 ) ;  SELECT NOT ( ( 1 , 2 , 3 ) = "
not_counted,SQLeek,MonetDB,r3,,16.743611,16.743611,/root/dfuzz-griffin/griffin_output/griffin_monetdb_sqleek_rnd3/logSaved/id_000246_20260630_04h03m31s/griffin.log,,,no feedback signature match,[force_exit_all] #0 0x70b8cfdc2e88 (rel_unnest_projects+0x868),[force_exit_all] #0 0x70b8cfdc2e88 (rel_unnest_projects+0x868) | [force_exit_all] #1 0x70b8cfdaf3be (rel_visitor_bu+0x64e) | [force_exit_all] #2 0x70b8cfdaf0dc (rel_visitor_bu+0x36c) | [force_exit_all] #3 0x70b8cfdaf0dc (rel_visitor_bu+0x36c) | [force_exit_all] #4 0x70b8cfdaf030 (rel_visitor_bu+0x2c0),"SELECT ( 1 , 2 , 3 ) = ( 1 , 2 , 3 ) ;  SELECT ( 1 , 2 , 3 ) < ( 1 , 2 , 3 ) ;  SELECT NOT ( ( 1 , 2 , 3 ) = ( 1 , 2 , 3 ) ) ;  SELECT ( 1 , 2 , 3 ) IN ( ( 1 ) , ( 2 ) , ( 3 ) ) ;  SELECT ( 1 , 2 , 3 ) IN ( SELECT 1 UNION SELECT 2 UNION SELECT 3 ) ;  SELECT NOT ( ( 1 , 2 , 3 ) = "
not_counted,SQLeek,MonetDB,r3,,16.743889,16.743889,/root/dfuzz-griffin/griffin_output/griffin_monetdb_sqleek_rnd3/logSaved/id_000247_20260630_04h03m32s/griffin.log,,,no feedback signature match,[force_exit_all] #0 0x7797bba38e88 (rel_unnest_projects+0x868),[force_exit_all] #0 0x7797bba38e88 (rel_unnest_projects+0x868) | [force_exit_all] #1 0x7797bba253be (rel_visitor_bu+0x64e) | [force_exit_all] #2 0x7797bba250dc (rel_visitor_bu+0x36c) | [force_exit_all] #3 0x7797bba250dc (rel_visitor_bu+0x36c) | [force_exit_all] #4 0x7797bba25030 (rel_visitor_bu+0x2c0),"SELECT ( 1 , 2 , 3 ) = ( 1 , 2 , 3 ) ;   SELECT ( 1 , 2 , 3 ) < ( 1 , 2 , 3 ) ;   SELECT NOT ( ( 1 , 2 , 3 ) = ( 1 , 2 , 3 ) ) ;   SELECT ( 1 , 2 , 3 ) IN ( ( 1 ) , ( 2 ) , ( 3 ) ) ;   SELECT ( 1 , 2 , 3 ) IN ( SELECT 1 UNION SELECT 2 UNION SELECT 3 ) ;   SELECT NOT ( ( 1 , 2 , 3"
not_counted,SQLeek,MonetDB,r3,,16.747222,16.747222,/root/dfuzz-griffin/griffin_output/griffin_monetdb_sqleek_rnd3/logSaved/id_000257_20260630_04h03m44s/griffin.log,,,no feedback signature match,[force_exit_all] #0 0x74212279fe9d (rel_exp_visitor+0x8cd),[force_exit_all] #0 0x74212279fe9d (rel_exp_visitor+0x8cd) | [force_exit_all] #1 0x74212279fbfc (rel_exp_visitor+0x62c) | [force_exit_all] #2 0x74212279fa94 (rel_exp_visitor+0x4c4) | [force_exit_all] #3 0x74212279fbfc (rel_exp_visitor+0x62c) | [force_exit_all] #4 0x74212279fbfc (rel_exp_visitor+0x62c),"SELECT ( 1 , 2 , 3 ) = ( 1 , 2 , 3 ) ;   SELECT ( 1 , 2 , 3 ) < ( 1 , 2 , 3 ) ;   SELECT NOT ( ( 1 , 2 , 3 ) = ( 1 , 2 , 3 ) ) ;   SELECT ( 1 , 2 , 3 ) IN ( ( 1 ) , ( 2 ) , ( 3 ) ) ;   SELECT ( 1 , 2 , 3 ) IN ( SELECT 1 UNION SELECT 2 UNION SELECT 3 ) ;   SELECT NOT ( ( 1 , 2 , 3"
not_counted,SQLeek,MonetDB,r3,,16.747500,16.7475,/root/dfuzz-griffin/griffin_output/griffin_monetdb_sqleek_rnd3/logSaved/id_000258_20260630_04h03m45s/griffin.log,,,no feedback signature match,[force_exit_all] #0 0x75d8c2a479e2 (__nss_database_lookup+0x20792),[force_exit_all] #0 0x75d8c2a479e2 (__nss_database_lookup+0x20792) | [force_exit_all] #1 0x75d8c2d550b5 (exps_bind_column+0x575) | [force_exit_all] #2 0x75d8c2d74650 (name_find_column+0x1d0) | [force_exit_all] #3 0x75d8c2d75071 (exp_find_column+0x61) | [force_exit_all] #4 0x75d8c2da23cd (rel_final_optimization_loop_+0xb6d),"SELECT ( 1 , 2 , 3 ) = ( 1 , 2 , 3 ) ;   SELECT ( 1 , 2 , 3 ) < ( 1 , 2 , 3 ) ;   SELECT NOT ( ( 1 , 2 , 3 ) = ( 1 , 2 , 3 ) ) ;   SELECT ( 1 , 2 , 3 ) IN ( ( 1 ) , ( 2 ) , ( 3 ) ) ;   SELECT ( 1 , 2 , 3 ) IN ( SELECT 1 UNION SELECT 2 UNION SELECT 3 ) ;   SELECT NOT ( ( 1 , 2 , 3"
not_counted,SQLeek,MonetDB,r3,,16.747778,16.747778,/root/dfuzz-griffin/griffin_output/griffin_monetdb_sqleek_rnd3/logSaved/id_000259_20260630_04h03m46s/griffin.log,,,no feedback signature match,[force_exit_all] #0 0x768baa70f9e2 (__nss_database_lookup+0x20792),[force_exit_all] #0 0x768baa70f9e2 (__nss_database_lookup+0x20792) | [force_exit_all] #1 0x768baaa1d0b5 (exps_bind_column+0x575) | [force_exit_all] #2 0x768baaa3c650 (name_find_column+0x1d0) | [force_exit_all] #3 0x768baaa3d071 (exp_find_column+0x61) | [force_exit_all] #4 0x768baaa6a3cd (rel_final_optimization_loop_+0xb6d),"SELECT ( 1 , 2 , 3 ) = ( 1 , 2 , 3 ) ;   SELECT ( 1 , 2 , 3 ) < ( 1 , 2 , 3 ) ;   SELECT NOT ( ( 1 , 2 , 3 ) = ( 1 , 2 , 3 ) ) ;   SELECT ( 1 , 2 , 3 ) IN ( ( 1 ) , ( 2 ) , ( 3 ) ) ;   SELECT ( 1 , 2 , 3 ) IN ( SELECT 1 UNION SELECT 2 UNION SELECT 3 ) ;  child 4185094 stoped sign"
not_counted,SQLeek,MonetDB,r3,,16.748889,16.748889,/root/dfuzz-griffin/griffin_output/griffin_monetdb_sqleek_rnd3/logSaved/id_000262_20260630_04h03m50s/griffin.log,,,no feedback signature match,[force_exit_all] #0 0x7aa20726fdbe (exp_visitor+0x15e),[force_exit_all] #0 0x7aa20726fdbe (exp_visitor+0x15e) | [force_exit_all] #1 0x7aa207271ec7 (rel_exp_visitor+0x8f7) | [force_exit_all] #2 0x7aa207271bfc (rel_exp_visitor+0x62c) | [force_exit_all] #3 0x7aa207271a94 (rel_exp_visitor+0x4c4) | [force_exit_all] #4 0x7aa207271bfc (rel_exp_visitor+0x62c),"SELECT ( 1 , 2 , 3 ) = ( 1 , 2 , 3 ) ;   SELECT ( 1 , 2 , 3 ) < ( 1 , 2 , 3 ) ;   SELECT NOT ( ( 1 , 2 , 3 ) = ( 1 , 2 , 3 ) ) ;   SELECT ( 1 , 2 , 3 ) IN ( ( 1 ) , ( 2 ) , ( 3 ) ) ;   SELECT ( 1 , 2 , 3 ) IN ( SELECT 1 UNION SELECT 2 UNION SELECT 3 ) ;   SELECT NOT ( ( 1 , 2 , 3"
not_counted,SQLeek,MonetDB,r3,,16.749444,16.749444,/root/dfuzz-griffin/griffin_output/griffin_monetdb_sqleek_rnd3/logSaved/id_000263_20260630_04h03m52s/griffin.log,,,no feedback signature match,[force_exit_all] #0 0x7e2df4e0f9e2 (__nss_database_lookup+0x20792),[force_exit_all] #0 0x7e2df4e0f9e2 (__nss_database_lookup+0x20792) | [force_exit_all] #1 0x7e2df511d0b5 (exps_bind_column+0x575) | [force_exit_all] #2 0x7e2df513c650 (name_find_column+0x1d0) | [force_exit_all] #3 0x7e2df513d071 (exp_find_column+0x61) | [force_exit_all] #4 0x7e2df516a3cd (rel_final_optimization_loop_+0xb6d),"SELECT ( 1 , 2 , 3 ) = ( 1 , 2 , 3 ) ;  SELECT ( 1 , 2 , 3 ) < ( 1 , 2 , 3 ) ;  SELECT NOT ( ( 1 , 2 , 3 ) = ( 1 , 2 , 3 ) ) ;  SELECT ( 1 , 2 , 3 ) IN ( ( 1 ) , ( 2 ) , ( 3 ) ) ;  SELECT ( 1 , 2 , 3 ) IN ( SELECT 1 UNION SELECT 2 UNION SELECT 3 ) ;  SELECT NOT ( ( 1 , 2 , 3 ) = "
not_counted,SQLeek,MonetDB,r3,,18.028056,18.028056,/root/dfuzz-griffin/griffin_output/griffin_monetdb_sqleek_rnd3/logSaved/id_000270_20260630_05h20m35s/griffin.log,,,no feedback signature match,[force_exit_all] #0 0x72c3f69f39cc (exp_rel_visitor+0x8c),[force_exit_all] #0 0x72c3f69f39cc (exp_rel_visitor+0x8c) | [force_exit_all] #1 0x72c3f69f31a6 (rel_visitor_bu+0x436) | [force_exit_all] #2 0x72c3f69f30dc (rel_visitor_bu+0x36c) | [force_exit_all] #3 0x72c3f69f307f (rel_visitor_bu+0x30f) | [force_exit_all] #4 0x72c3f69f30dc (rel_visitor_bu+0x36c),"SELECT x - x , corr ( x , x ) OVER ( ORDER BY x GROUPS BETWEEN 5 PRECEDING AND CASE WHEN 17 IS NOT NULL THEN ( ( - 39 ) ) WHEN dayname ( NULL ) THEN NULL ELSE 52 END FOLLOWING ) , abs ( x - x ) , x , CASE x + 1 WHEN x THEN 111 WHEN x THEN 222 WHEN x THEN 333 WHEN x THEN rand ( ) "
not_counted,SQLeek,MonetDB,r3,,19.587222,19.587222,/root/dfuzz-griffin/griffin_output/griffin_monetdb_sqleek_rnd3/logSaved/id_000280_20260630_06h54m08s/griffin.log,,,no feedback signature match,[force_exit_all] #0 0x741f7282ea40 (exp_visitor+0xde0),[force_exit_all] #0 0x741f7282ea40 (exp_visitor+0xde0) | [force_exit_all] #1 0x741f7282fdda (rel_exp_visitor+0x80a) | [force_exit_all] #2 0x741f7282fbfc (rel_exp_visitor+0x62c) | [force_exit_all] #3 0x741f7282fa94 (rel_exp_visitor+0x4c4) | [force_exit_all] #4 0x741f7282fbfc (rel_exp_visitor+0x62c),"SELECT x , CASE WHEN x <= 12 THEN 1 ELSE 0 END AS x FROM ( SELECT CAST( - ( COUNT ( * ) ) / CASE 28 * 72 + - 45 * 2 WHEN - 14 THEN NULL WHEN 37 THEN - COALESCE ( CASE WHEN 17 IS NOT NULL THEN ( ( - 39 ) ) WHEN NOT 273 = ( NULL ) THEN NULL ELSE 52 END , - COUNT ( * ) * - 80 , NULL"
not_counted,SQLeek,MonetDB,r3,,19.587500,19.5875,/root/dfuzz-griffin/griffin_output/griffin_monetdb_sqleek_rnd3/logSaved/id_000281_20260630_06h54m09s/griffin.log,,,no feedback signature match,[force_exit_all] #0 0x78c4d218da40 (exp_visitor+0xde0),[force_exit_all] #0 0x78c4d218da40 (exp_visitor+0xde0) | [force_exit_all] #1 0x78c4d218edda (rel_exp_visitor+0x80a) | [force_exit_all] #2 0x78c4d218ebfc (rel_exp_visitor+0x62c) | [force_exit_all] #3 0x78c4d218ea94 (rel_exp_visitor+0x4c4) | [force_exit_all] #4 0x78c4d218ebfc (rel_exp_visitor+0x62c),"SELECT x , CASE WHEN x <= 12 THEN 1 ELSE 0 END AS x FROM ( SELECT CAST( - ( COUNT ( * ) ) / CASE 28 * 72 + - 45 * 2 WHEN - 14 THEN NULL WHEN 37 THEN - COALESCE ( CASE WHEN 17 IS NOT NULL THEN ( ( - 39 ) ) WHEN NOT 273 = ( NULL ) THEN NULL ELSE 52 END , - COUNT ( * ) * - 80 , NULL"
not_counted,SQLeek,MonetDB,r3,,19.732500,19.7325,/root/dfuzz-griffin/griffin_output/griffin_monetdb_sqleek_rnd3/logSaved/id_000285_20260630_07h02m51s/griffin.log,,,no feedback signature match,[force_exit_all] #0 0x72df4d23e494 (rel_setop_n_ary_set_exps+0x1d4),[force_exit_all] #0 0x72df4d23e494 (rel_setop_n_ary_set_exps+0x1d4) | [force_exit_all] #1 0x72df4d23e293 (rel_inplace_setop_n_ary+0x83) | [force_exit_all] #2 0x72df4d2610fd (rel_unnest_projects+0xadd) | [force_exit_all] #3 0x72df4d24d3be (rel_visitor_bu+0x64e) | [force_exit_all] #4 0x72df4d24d0dc (rel_visitor_bu+0x36c),"SELECT x , CASE WHEN x < 12 THEN 1 ELSE 0 END AS x FROM ( SELECT 10 AS x UNION SELECT 11 AS x UNION SELECT 12 AS x UNION SELECT 13 AS x ) ;   SELECT ALL nth_value ( x , ( SELECT covar_pop ( CASE WHEN NOT NULL THEN 4 * - 48 * 51 * - - 54 * - 77 * 46 WHEN NOT ( NULL ) IN ( - ( - - "
not_counted,SQLeek,MonetDB,r3,,21.597778,21.597778,/root/dfuzz-griffin/griffin_output/griffin_monetdb_sqleek_rnd3/logSaved/id_000290_20260630_08h54m46s/griffin.log,,,no feedback signature match,[force_exit_all] #0 0x79935c59cd3c (__nss_database_lookup+0x20aec),[force_exit_all] #0 0x79935c59cd3c (__nss_database_lookup+0x20aec) | [force_exit_all] #1 0x79935c91824b (rel_optimize_projections_+0x2e1b) | [force_exit_all] #2 0x79935c8c15ef (rel_visitor_td+0x2bf) | [force_exit_all] #3 0x79935c8c19f6 (rel_visitor_td+0x6c6) | [force_exit_all] #4 0x79935c8c19f6 (rel_visitor_td+0x6c6),"SELECT lead ( 'bug' , 1 ) OVER ( ) , lead ( 'bug' , 0 ) OVER ( ) , lead ( 'bug' , 1 , 'oth' ) OVER ( ) , lead ( 'bug' , bit_and ( 91 , ( SELECT MAX ( 1 ) OVER ( ) ) * 3 ) , 'oth' ) OVER ( ) , max ( DISTINCT x ) FROM ( SELECT DISTINCT - 16 + ( 37 ) - - 56 * - - -8.400000 * MAX ( 2"
not_counted,SQLeek,MonetDB,r3,,21.598056,21.598056,/root/dfuzz-griffin/griffin_output/griffin_monetdb_sqleek_rnd3/logSaved/id_000291_20260630_08h54m47s/griffin.log,,,no feedback signature match,[force_exit_all] #0 0x7ae78224f9e2 (__nss_database_lookup+0x20792),[force_exit_all] #0 0x7ae78224f9e2 (__nss_database_lookup+0x20792) | [force_exit_all] #1 0x7ae7825cb24b (rel_optimize_projections_+0x2e1b) | [force_exit_all] #2 0x7ae7825745ef (rel_visitor_td+0x2bf) | [force_exit_all] #3 0x7ae7825749f6 (rel_visitor_td+0x6c6) | [force_exit_all] #4 0x7ae7825749f6 (rel_visitor_td+0x6c6),"SELECT lead ( 'bug' , 1 ) OVER ( ) , lead ( 'bug' , 0 ) OVER ( ) , lead ( 'bug' , 1 , 'oth' ) OVER ( ) , lead ( 'bug' , bit_and ( 91 , ( SELECT MAX ( 1 ) OVER ( ) ) * 3 ) , 'oth' ) OVER ( ) , max ( DISTINCT x ) FROM ( SELECT DISTINCT - 16 + ( 37 ) - - 56 * - - -8.400000 * MAX ( 2"
not_counted,SQLeek,MonetDB,r3,,21.599167,21.599167,/root/dfuzz-griffin/griffin_output/griffin_monetdb_sqleek_rnd3/logSaved/id_000292_20260630_08h54m51s/griffin.log,,,no feedback signature match,[force_exit_all] #0 0x73d1069689e2 (__nss_database_lookup+0x20792),[force_exit_all] #0 0x73d1069689e2 (__nss_database_lookup+0x20792) | [force_exit_all] #1 0x73d106ce424b (rel_optimize_projections_+0x2e1b) | [force_exit_all] #2 0x73d106c8d5ef (rel_visitor_td+0x2bf) | [force_exit_all] #3 0x73d106c8d9f6 (rel_visitor_td+0x6c6) | [force_exit_all] #4 0x73d106c8d9f6 (rel_visitor_td+0x6c6),"SELECT lead ( 'bug' , 1 ) OVER ( ) , lead ( 'bug' , 0 ) OVER ( ) , lead ( 'bug' , 1 , 'oth' ) OVER ( ) , lead ( 'bug' , bit_and ( 91 , ( SELECT MAX ( 1 ) OVER ( ) ) * 3 ) , 'oth' ) OVER ( ) , max ( DISTINCT x ) FROM ( SELECT - 16 + ( 37 ) - - 56 * - - -8.400000 * MAX ( 29 ) AS x "
not_counted,SQLeek,MonetDB,r3,,21.599444,21.599444,/root/dfuzz-griffin/griffin_output/griffin_monetdb_sqleek_rnd3/logSaved/id_000293_20260630_08h54m52s/griffin.log,,,no feedback signature match,[force_exit_all] #0 0x7f80388ec9e2 (__nss_database_lookup+0x20792),[force_exit_all] #0 0x7f80388ec9e2 (__nss_database_lookup+0x20792) | [force_exit_all] #1 0x7f8038c6824b (rel_optimize_projections_+0x2e1b) | [force_exit_all] #2 0x7f8038c115ef (rel_visitor_td+0x2bf) | [force_exit_all] #3 0x7f8038c119f6 (rel_visitor_td+0x6c6) | [force_exit_all] #4 0x7f8038c119f6 (rel_visitor_td+0x6c6),"SELECT lead ( 'bug' , 1 ) OVER ( ) , lead ( 'bug' , 0 ) OVER ( ) , lead ( 'bug' , 1 , 'oth' ) OVER ( ) , lead ( 'bug' , bit_and ( 91 , ( SELECT MAX ( 1 ) OVER ( ) ) * 3 ) , 'oth' ) OVER ( ) , max ( DISTINCT x ) FROM ( SELECT - 16 + ( 37 ) - - 56 * - - -8.400000 * MAX ( 29 ) AS x "
not_counted,SQLeek,MonetDB,r3,MONETDB-008-EXP-SET-TYPE-NTH-CUBE,24.240556,24.240556,/root/dfuzz-griffin/griffin_output/griffin_monetdb_sqleek_rnd3/logSaved/id_000299_20260630_11h33m20s/griffin.log,BUG-SQLEEK-MONETDB-008-exp-set-type-nth-value-cube-crash.md,exact-top-offset-exp-visitor-chain,outside 24h budget,[force_exit_all] #0 0x7b7a864928a1 (exp_set_type+0x341),[force_exit_all] #0 0x7b7a864928a1 (exp_set_type+0x341) | [force_exit_all] #1 0x7b7a864769ad (exp_visitor+0xd4d) | [force_exit_all] #2 0x7b7a86477ec7 (rel_exp_visitor+0x8f7) | [force_exit_all] #3 0x7b7a86477bfc (rel_exp_visitor+0x62c) | [force_exit_all] #4 0x7b7a86477a94 (rel_exp_visitor+0x4c4),"SELECT ( SELECT count ( * ) FROM x ) > 5 ; child 1834319 stoped signal number=5 SELECT 5 < ( WITH RECURSIVE x ( x ) AS ( SELECT 0 AS x EXCEPT SELECT 3 AS x UNION SELECT 1 - x FROM x ) SELECT count ( ( SELECT 1 AS x GROUP BY CUBE ( x , x ) ORDER BY ( - covar_pop ( 10 , x ) OVER ( "
not_counted,SQLeek,MonetDB,r3,MONETDB-008-EXP-SET-TYPE-NTH-CUBE,24.240833,24.240833,/root/dfuzz-griffin/griffin_output/griffin_monetdb_sqleek_rnd3/logSaved/id_000300_20260630_11h33m21s/griffin.log,BUG-SQLEEK-MONETDB-008-exp-set-type-nth-value-cube-crash.md,exact-top-offset-exp-visitor-chain,outside 24h budget,[force_exit_all] #0 0x7fc02af268a1 (exp_set_type+0x341),[force_exit_all] #0 0x7fc02af268a1 (exp_set_type+0x341) | [force_exit_all] #1 0x7fc02af0a9ad (exp_visitor+0xd4d) | [force_exit_all] #2 0x7fc02af0bec7 (rel_exp_visitor+0x8f7) | [force_exit_all] #3 0x7fc02af0bbfc (rel_exp_visitor+0x62c) | [force_exit_all] #4 0x7fc02af0ba94 (rel_exp_visitor+0x4c4),"SELECT ( SELECT count ( * ) FROM x ) > 5 ;   SELECT 5 < ( WITH RECURSIVE x ( x ) AS ( SELECT 0 AS x EXCEPT SELECT 3 AS x UNION SELECT 1 - x FROM x ) SELECT count ( ( SELECT 1 AS x GROUP BY CUBE ( x , x ) ORDER BY ( - covar_pop ( 10 , x ) OVER ( ORDER BY 1 , 1 GROUPS BETWEEN CURRE"
not_counted,SQLeek,MonetDB,r3,MONETDB-011-LIST-APPEND,24.248056,24.248056,/root/dfuzz-griffin/griffin_output/griffin_monetdb_sqleek_rnd3/logSaved/id_000301_20260630_11h33m47s/griffin.log,BUG-SQLEEK-MONETDB-011-list-append-recursive-cte-groups-window-crash.md,exact-top-offset,outside 24h budget,[force_exit_all] #0 0x73542c1e3a49 (list_append+0x129),[force_exit_all] #0 0x73542c1e3a49 (list_append+0x129) | [force_exit_all] #1 0x73542c0bb8d8 (rel_unnest_projects+0x2b8) | [force_exit_all] #2 0x73542c0a83be (rel_visitor_bu+0x64e) | [force_exit_all] #3 0x73542c0a80dc (rel_visitor_bu+0x36c) | [force_exit_all] #4 0x73542c0a80dc (rel_visitor_bu+0x36c),"SELECT ( SELECT count ( * ) FROM x ) > 5 ;  SELECT 5 < ( WITH RECURSIVE x ( x ) AS ( SELECT ( SELECT ( SELECT 1 WHERE TRUE ) WHERE FALSE GROUP BY 1 ) UNION SELECT x + 1 FROM x WHERE x < 20 GROUP BY x HAVING x > x ) SELECT count ( ( SELECT 1 AS x GROUP BY CUBE ( x , x ) ORDER BY ("
not_counted,SQLeek,MonetDB,r3,MONETDB-011-LIST-APPEND,24.248333,24.248333,/root/dfuzz-griffin/griffin_output/griffin_monetdb_sqleek_rnd3/logSaved/id_000302_20260630_11h33m48s/griffin.log,BUG-SQLEEK-MONETDB-011-list-append-recursive-cte-groups-window-crash.md,exact-top-offset,outside 24h budget,[force_exit_all] #0 0x74bdfb846a49 (list_append+0x129),[force_exit_all] #0 0x74bdfb846a49 (list_append+0x129) | [force_exit_all] #1 0x74bdfb71e8d8 (rel_unnest_projects+0x2b8) | [force_exit_all] #2 0x74bdfb70b3be (rel_visitor_bu+0x64e) | [force_exit_all] #3 0x74bdfb70b0dc (rel_visitor_bu+0x36c) | [force_exit_all] #4 0x74bdfb70b0dc (rel_visitor_bu+0x36c),"SELECT ( SELECT count ( * ) FROM x ) > 5 ;   SELECT 5 < ( WITH RECURSIVE x ( x ) AS ( ( SELECT 10 AS x UNION SELECT * FROM generate_series ( 32767 , 5 ) UNION SELECT 12 AS x UNION SELECT CAST( '+0.0' AS NUMERIC ) ) UNION SELECT ( SELECT ( SELECT 1 WHERE TRUE ) WHERE FALSE GROUP B"
not_counted,SQLeek,MonetDB,r3,MONETDB-016-REL-OPTIMIZE-PROJECTIONS,24.559722,24.559722,/root/dfuzz-griffin/griffin_output/griffin_monetdb_sqleek_rnd3/logSaved/id_000303_20260630_11h52m29s/griffin.log,BUG-SQLEEK-MONETDB-016-rel-optimize-projections-double-rollup-crash.md,exact-top-offset,outside 24h budget,[force_exit_all] #0 0x769c6e052c1f (rel_optimize_projections_+0x47ef),[force_exit_all] #0 0x769c6e052c1f (rel_optimize_projections_+0x47ef) | [force_exit_all] #1 0x769c6dffa5ef (rel_visitor_td+0x2bf) | [force_exit_all] #2 0x769c6dffa9f6 (rel_visitor_td+0x6c6) | [force_exit_all] #3 0x769c6dffa9f6 (rel_visitor_td+0x6c6) | [force_exit_all] #4 0x769c6dffa9f6 (rel_visitor_td+0x6c6),
not_counted,SQLeek,MonetDB,r3,MONETDB-016-REL-OPTIMIZE-PROJECTIONS,25.257500,25.2575,/root/dfuzz-griffin/griffin_output/griffin_monetdb_sqleek_rnd3/logSaved/id_000304_20260630_12h34m21s/griffin.log,BUG-SQLEEK-MONETDB-016-rel-optimize-projections-double-rollup-crash.md,exact-top-offset,outside 24h budget,[force_exit_all] #0 0x70189be23c1f (rel_optimize_projections_+0x47ef),[force_exit_all] #0 0x70189be23c1f (rel_optimize_projections_+0x47ef) | [force_exit_all] #1 0x70189bdcb5ef (rel_visitor_td+0x2bf) | [force_exit_all] #2 0x70189bdcb9f6 (rel_visitor_td+0x6c6) | [force_exit_all] #3 0x70189bdcb9f6 (rel_visitor_td+0x6c6) | [force_exit_all] #4 0x70189bdcb9f6 (rel_visitor_td+0x6c6),"SELECT - 76 AS x , CASE WHEN NOT NULL THEN 4 * - 48 * 51 * - - 54 * - 77 * 46 WHEN NOT ( NULL ) IN ( - ( - - 49 ) * - 1 , - 41 , - 14 - - CASE - - 1 WHEN - - 82 THEN - - 23 END / 46 - - not_like ( 'ab#c' , '_b_' , '#' , FALSE ) ^ var_samp ( - - 4 + 0.100000 + 0.100000 + 0.100000 "
not_counted,SQLeek,MonetDB,r3,MONETDB-016-REL-OPTIMIZE-PROJECTIONS,25.261389,25.261389,/root/dfuzz-griffin/griffin_output/griffin_monetdb_sqleek_rnd3/logSaved/id_000305_20260630_12h34m35s/griffin.log,BUG-SQLEEK-MONETDB-016-rel-optimize-projections-double-rollup-crash.md,exact-top-offset,outside 24h budget,[force_exit_all] #0 0x79a334fb7c1f (rel_optimize_projections_+0x47ef),[force_exit_all] #0 0x79a334fb7c1f (rel_optimize_projections_+0x47ef) | [force_exit_all] #1 0x79a334f5f5ef (rel_visitor_td+0x2bf) | [force_exit_all] #2 0x79a334f5f9f6 (rel_visitor_td+0x6c6) | [force_exit_all] #3 0x79a334f5f9f6 (rel_visitor_td+0x6c6) | [force_exit_all] #4 0x79a334f5f9f6 (rel_visitor_td+0x6c6),"SELECT - 76 AS x , CASE WHEN NOT NULL THEN 4 * - 48 * 51 * - - 54 * - 77 * 46 WHEN NOT ( NULL ) IN ( - ( - - 49 ) * - 1 , - 41 , - 14 - - CASE - - 1 WHEN - - 82 THEN - - 23 END / 46 - - not_like ( 'ab#c' , '_b_' , '#' , FALSE ) ^ var_samp ( - - 4 + 0.100000 + 0.100000 + 0.100000 "
counted_feedback_match,SQLeek,MonetDB,r4,MONETDB-016-REL-OPTIMIZE-PROJECTIONS,1.464444,1.464444,/root/dfuzz-griffin/griffin_output/griffin_monetdb_sqleek_rnd4/logSaved/id_000000_20260629_12h46m50s/griffin.log,BUG-SQLEEK-MONETDB-016-rel-optimize-projections-double-rollup-crash.md,exact-top-offset,,[force_exit_all] #0 0x77b2baeb3c1f (rel_optimize_projections_+0x47ef),[force_exit_all] #0 0x77b2baeb3c1f (rel_optimize_projections_+0x47ef) | [force_exit_all] #1 0x77b2bae5b5ef (rel_visitor_td+0x2bf) | [force_exit_all] #2 0x77b2bae5b9f6 (rel_visitor_td+0x6c6) | [force_exit_all] #3 0x77b2bae5b9f6 (rel_visitor_td+0x6c6) | [force_exit_all] #4 0x77b2bae5b9f6 (rel_visitor_td+0x6c6),"SELECT CAST( - 4 * COUNT ( * ) + 22 + 69 AS BIGINT ) AS x , CAST( - ( CASE 85 WHEN - 77 / - ( 99 ) THEN COUNT ( * ) ELSE COUNT ( * ) * - ( SELECT * FROM ( SELECT 1 AS x GROUP BY x HAVING avg ( CAST( 123.999496 AS REAL ) ) ) AS x WHERE x IN ( 1234567890 ) ) END ) * 46 - 83 AS SMAL"
counted_feedback_match,SQLeek,MonetDB,r4,MONETDB-001-GDK-NTH-RANGE,2.889167,2.889167,/root/dfuzz-griffin/griffin_output/griffin_monetdb_sqleek_rnd4/logSaved/id_000003_20260629_14h12m19s/griffin.log,BUG-SQLEEK-MONETDB-001-gdkanalyticalnthvalue-range-window-crash.md,exact-top-offset-and-sqlnth-value,,[force_exit_all] #0 0x73412ee42535 (GDKanalyticalnthvalue+0x1e45),[force_exit_all] #0 0x73412ee42535 (GDKanalyticalnthvalue+0x1e45) | [force_exit_all] #1 0x73412d74eeff (SQLnth_value+0x6af) | [force_exit_all] #2 0x73412dbf74e0 (runMALsequence+0x1070) | [force_exit_all] #3 0x73412dbfd17f (DFLOWworker+0x44f) | [force_exit_all] #4 0x73412eb9d0c8 (thread_starter+0x328),"SELECT nth_value ( 'bug' , '1' ) OVER ( ) ;  SELECT nth_value ( 'bug' , 1 ) OVER ( RANGE BETWEEN UNBOUNDED PRECEDING AND CURRENT ROW ) FROM ( SELECT 52 AS x , 2 AS x , 3 AS x UNION SELECT 4 AS x , NULL AS x , 6 AS x UNION SELECT 7 AS x , 8 AS x , 9 AS x ) AS x ; child 681592 stop"
counted_feedback_match,SQLeek,MonetDB,r4,MONETDB-011-LIST-APPEND,5.903611,5.903611,/root/dfuzz-griffin/griffin_output/griffin_monetdb_sqleek_rnd4/logSaved/id_000012_20260629_17h13m11s/griffin.log,BUG-SQLEEK-MONETDB-011-list-append-recursive-cte-groups-window-crash.md,exact-top-offset,,[force_exit_all] #0 0x7adedf05fa49 (list_append+0x129),[force_exit_all] #0 0x7adedf05fa49 (list_append+0x129) | [force_exit_all] #1 0x7adedef378c7 (rel_unnest_projects+0x2a7) | [force_exit_all] #2 0x7adedef243be (rel_visitor_bu+0x64e) | [force_exit_all] #3 0x7adedef240dc (rel_visitor_bu+0x36c) | [force_exit_all] #4 0x7adedef240dc (rel_visitor_bu+0x36c),"SELECT ( SELECT max ( 1 IN ( ( SELECT 2 FROM ( SELECT -4 AS x , 2 AS x , 3 AS x UNION SELECT 4 AS x , NULL AS x , 6 AS x UNION SELECT 7 AS x , 8 AS x , 9 AS x ) ) , 3 ) ) GROUP BY CUBE ( x , x , x ) LIMIT 5 ) FROM ( SELECT NULL AS x UNION SELECT NULL UNION SELECT 'bbbb' UNION SEL"
counted_feedback_match,SQLeek,MonetDB,r4,MONETDB-006-EXP-BIN-RECURSIVE-CTE,6.588889,6.588889,/root/dfuzz-griffin/griffin_output/griffin_monetdb_sqleek_rnd4/logSaved/id_000021_20260629_17h54m18s/griffin.log,BUG-SQLEEK-MONETDB-006-exp-bin-recursive-cte-window-crash.md,exp-bin-rel2bin-stack-match,,[force_exit_all] #0 0x7c0f3062b5f4 (exp_bin+0x5034),[force_exit_all] #0 0x7c0f3062b5f4 (exp_bin+0x5034) | [force_exit_all] #1 0x7c0f30642be1 (rel2bin_project+0x401) | [force_exit_all] #2 0x7c0f30630cda (subrel_bin+0x95a) | [force_exit_all] #3 0x7c0f306309bb (subrel_bin+0x63b) | [force_exit_all] #4 0x7c0f30632870 (subrel_bin+0x24f0),"SELECT ROUND ( 748.580017 , -1 ) , ROUND ( 748.580017 , -2 ) , ROUND ( 748.580017 , -3 ) , ROUND ( CAST( 0.100000 AS DOUBLE ) , -4 ) ; child 1627067 stoped signal number=5 SELECT ROUND ( 123.999397 , 3 ) , ROUND ( 123.999496 , 3 ) ; child 1627740 stoped signal number=19 SELECT RO"
counted_feedback_match,SQLeek,MonetDB,r4,MONETDB-015-REL-GET-STATISTICS,10.215000,10.215,/root/dfuzz-griffin/griffin_output/griffin_monetdb_sqleek_rnd4/logSaved/id_000029_20260629_21h31m52s/griffin.log,BUG-SQLEEK-MONETDB-015-rel-get-statistics-recursive-cte-not-in-crash.md,exact-top-offset,,[force_exit_all] #0 0x775f971bf538 (rel_get_statistics_+0x15f8),[force_exit_all] #0 0x775f971bf538 (rel_get_statistics_+0x15f8) | [force_exit_all] #1 0x775f971933be (rel_visitor_bu+0x64e) | [force_exit_all] #2 0x775f9718f4b4 (rel_visitor+0x454) | [force_exit_all] #3 0x775f9718fd1e (rel_visitor_bottomup+0x40e) | [force_exit_all] #4 0x775f971bddac (rel_get_statistics+0x4c),"SELECT ( 1 , 2 , 3 ) = ( 1 , 2 , 3 ) ;  SELECT ( 1 , 2 , 3 ) < ( 1 , 2 , 3 ) ;  SELECT NOT ( ( 1 , 2 , 3 ) = ( 1 , 2 , 3 ) ) ;  SELECT ( 1 , 2 , 3 ) IN ( ( 1 ) , ( 2 ) , ( 3 ) ) ;  SELECT ( 1 , 2 , 3 ) IN ( SELECT 1 UNION SELECT 2 UNION SELECT 3 ) ;  SELECT NOT ( ( 1 , 2 , 3 ) = "
counted_feedback_match,SQLeek,MonetDB,r4,MONETDB-019-LIST-EMPTY,12.931389,12.931389,/root/dfuzz-griffin/griffin_output/griffin_monetdb_sqleek_rnd4/logSaved/id_000041_20260630_00h14m51s/griffin.log,BUG-SQLEEK-MONETDB-019-list-empty-row-value-not-in-crash.md,exact-top-and-neighbor-frame,,[force_exit_all] #0 0x7d3977354d56 (list_empty+0x46),[force_exit_all] #0 0x7d3977354d56 (list_empty+0x46) | [force_exit_all] #1 0x7d3977219a10 (exp_rel_visitor+0xd0) | [force_exit_all] #2 0x7d397721869a (rel_visitor_td+0x36a) | [force_exit_all] #3 0x7d39772189f6 (rel_visitor_td+0x6c6) | [force_exit_all] #4 0x7d39772188ee (rel_visitor_td+0x5be),"SELECT x , CASE WHEN x < 12 THEN 1 ELSE 1 + 1 + 1 + ( SELECT 1 WHERE x = x ) + 1 + 1 * CASE x * ( CAST( 1 AS REAL ) ) + 1 + 1 + 1 + 1 + 1 + 1 + 1.000000 - ( SELECT CAST( 1 AS CHAR ( 1 ) ) AS x WHERE x LIKE 1.000000 ) + 1 + 1 * x * ( SELECT 66 * - COUNT ( CASE WHEN NOT NULL THEN 4"
counted_feedback_match,SQLeek,MonetDB,r4,MONETDB-008-EXP-SET-TYPE-NTH-CUBE,13.009444,13.009444,/root/dfuzz-griffin/griffin_output/griffin_monetdb_sqleek_rnd4/logSaved/id_000043_20260630_00h19m32s/griffin.log,BUG-SQLEEK-MONETDB-008-exp-set-type-nth-value-cube-crash.md,exact-top-offset-exp-visitor-chain,,[force_exit_all] #0 0x71e954bea8a1 (exp_set_type+0x341),[force_exit_all] #0 0x71e954bea8a1 (exp_set_type+0x341) | [force_exit_all] #1 0x71e954bce9ad (exp_visitor+0xd4d) | [force_exit_all] #2 0x71e954bcfec7 (rel_exp_visitor+0x8f7) | [force_exit_all] #3 0x71e954bcfbfc (rel_exp_visitor+0x62c) | [force_exit_all] #4 0x71e954bcfa94 (rel_exp_visitor+0x4c4),"SELECT x , CASE WHEN ( SELECT ALL CAST( - 70 + - 89 - ( SUM ( CASE WHEN x = x AND x = x AND x = x AND x = x AND x = x AND x = x AND x = x AND x = x AND x = x AND x = x AND x = x AND x = x AND x = x AND x = x AND x = x AND x = x THEN 3 != ( SELECT 1 UNION SELECT NULL UNION SELECT "
counted_feedback_match,SQLeek,MonetDB,r4,MONETDB-014-REL-EXP-VISITOR,13.013889,13.013889,/root/dfuzz-griffin/griffin_output/griffin_monetdb_sqleek_rnd4/logSaved/id_000057_20260630_00h19m48s/griffin.log,BUG-SQLEEK-MONETDB-014-rel-exp-visitor-rollup-cube-any-crash.md,exact-top-offset,,[force_exit_all] #0 0x7317bce26db0 (rel_exp_visitor+0x7e0),[force_exit_all] #0 0x7317bce26db0 (rel_exp_visitor+0x7e0) | [force_exit_all] #1 0x7317bce26bfc (rel_exp_visitor+0x62c) | [force_exit_all] #2 0x7317bce26bfc (rel_exp_visitor+0x62c) | [force_exit_all] #3 0x7317bce26bfc (rel_exp_visitor+0x62c) | [force_exit_all] #4 0x7317bce26a94 (rel_exp_visitor+0x4c4),"SELECT x , CASE WHEN ( SELECT ALL CAST( - 70 + - 89 - ( SUM ( CASE WHEN x = x AND x = x AND x = x AND x = x AND x = x AND x = x AND x = x AND x = x AND x = x AND x = x AND x = x AND x = x AND x = x AND x = x AND x = x AND x = x THEN 3 != ( SELECT 1 UNION SELECT NULL UNION SELECT "
counted_feedback_match,SQLeek,MonetDB,r4,MONETDB-017-TAIL-TYPE,15.962500,15.9625,/root/dfuzz-griffin/griffin_output/griffin_monetdb_sqleek_rnd4/logSaved/id_000084_20260630_03h16m43s/griffin.log,BUG-SQLEEK-MONETDB-017-tail-type-union-order-by-window-aggregate-crash.md,exact-top-offset,,[force_exit_all] #0 0x7890e29b8217 (tail_type+0x67),[force_exit_all] #0 0x7890e29b8217 (tail_type+0x67) | [force_exit_all] #1 0x7890e29c83c8 (stmt_Nop+0xbf8) | [force_exit_all] #2 0x7890e29c7752 (stmt_unop+0x232) | [force_exit_all] #3 0x7890e298c00a (subrel_bin+0x9c8a) | [force_exit_all] #4 0x7890e2994a8e (rel2bin_project+0x2ae),"SELECT count ( round ( 41.537998 , 92 * ( 4.000000 ) IN ( SELECT 5 FROM ( SELECT 5 UNION SELECT 3 ) AS x WHERE x NOT IN ( SELECT CAST( '3.4' AS NUMERIC ) GROUP BY x IS NULL UNION SELECT 2 AS x UNION SELECT 3 AS x WHERE x NOT IN ( SELECT 1 AS x UNION SELECT AVG ( NULLIF ( 0 , 0 ) "
counted_feedback_match,SQLeek,MonetDB,r4,MONETDB-010-EXPS-BIND-COLUMN,22.077222,22.077222,/root/dfuzz-griffin/griffin_output/griffin_monetdb_sqleek_rnd4/logSaved/id_000106_20260630_09h23m36s/griffin.log,BUG-SQLEEK-MONETDB-010-exps-bind-column-repeated-rollup-crash.md,exact-top-offset,,[force_exit_all] #0 0x7b4622b4be0e (exps_bind_column+0x2ce),[force_exit_all] #0 0x7b4622b4be0e (exps_bind_column+0x2ce) | [force_exit_all] #1 0x7b4622b6b650 (name_find_column+0x1d0) | [force_exit_all] #2 0x7b4622b6c071 (exp_find_column+0x61) | [force_exit_all] #3 0x7b4622b993cd (rel_final_optimization_loop_+0xb6d) | [force_exit_all] #4 0x7b4622b643be (rel_visitor_bu+0x64e),"SELECT * FROM ( SELECT 1 AS x , x * x AS x UNION SELECT 2 AS x , x * x AS x ) AS x WHERE x = 2 ;  SELECT * FROM ( SELECT 1 , 2 AS x UNION SELECT 2 AS x , 4 AS x ) WHERE ( SELECT x + 100 * ( - 27 * CASE WHEN NOT NULL IN ( - 69 , ( SUM ( DISTINCT CAST( -12345678 AS VARCHAR ( 20 ) )"
not_counted,SQLeek,MonetDB,r4,,10.832500,10.8325,/root/dfuzz-griffin/griffin_output/griffin_monetdb_sqleek_rnd4/logSaved/id_000031_20260629_22h08m55s/griffin.log,,,no feedback signature match,[force_exit_all] #0 0x7aab9f248d3f (bin_find_smallest_column+0x4f),[force_exit_all] #0 0x7aab9f248d3f (bin_find_smallest_column+0x4f) | [force_exit_all] #1 0x7aab9f2475d8 (exp_bin+0x8018) | [force_exit_all] #2 0x7aab9f244354 (exp_bin+0x4d94) | [force_exit_all] #3 0x7aab9f240011 (exp_bin+0xa51) | [force_exit_all] #4 0x7aab9f23f95e (exp_bin+0x39e),"SELECT * FROM generate_series ( 1 , 5 ) UNION SELECT * FROM generate_series ( 1 , 3 ) ; child 2757480 exited normal exit status=0 child 2757076 stoped signal number=17 SELECT * FROM generate_series ( 1.000000 ^ 1.000000 , 5 ) INTERSECT SELECT * FROM generate_series ( 1 , 3 ) ; ch"
not_counted,SQLeek,MonetDB,r4,,10.833056,10.833056,/root/dfuzz-griffin/griffin_output/griffin_monetdb_sqleek_rnd4/logSaved/id_000032_20260629_22h08m57s/griffin.log,,,no feedback signature match,[force_exit_all] #0 0x7e045271ad3f (bin_find_smallest_column+0x4f),[force_exit_all] #0 0x7e045271ad3f (bin_find_smallest_column+0x4f) | [force_exit_all] #1 0x7e04527195d8 (exp_bin+0x8018) | [force_exit_all] #2 0x7e0452716354 (exp_bin+0x4d94) | [force_exit_all] #3 0x7e0452712011 (exp_bin+0xa51) | [force_exit_all] #4 0x7e045271195e (exp_bin+0x39e),"SELECT * FROM generate_series ( 1 , 5 ) UNION SELECT * FROM generate_series ( 1 , 3 ) ;   SELECT * FROM generate_series ( 1.000000 ^ 1.000000 , 5 ) INTERSECT SELECT * FROM generate_series ( 1 , 3 ) ;   SELECT * FROM generate_series ( 1 , 5 ) INTERSECT SELECT * FROM generate_serie"
not_counted,SQLeek,MonetDB,r4,,10.833611,10.833611,/root/dfuzz-griffin/griffin_output/griffin_monetdb_sqleek_rnd4/logSaved/id_000033_20260629_22h08m59s/griffin.log,,,no feedback signature match,[force_exit_all] #0 0x730ef3f11d3f (bin_find_smallest_column+0x4f),[force_exit_all] #0 0x730ef3f11d3f (bin_find_smallest_column+0x4f) | [force_exit_all] #1 0x730ef3f105d8 (exp_bin+0x8018) | [force_exit_all] #2 0x730ef3f0d354 (exp_bin+0x4d94) | [force_exit_all] #3 0x730ef3f0d354 (exp_bin+0x4d94) | [force_exit_all] #4 0x730ef3f0d354 (exp_bin+0x4d94),"SELECT * FROM generate_series ( 1 , 5 ) UNION SELECT * FROM generate_series ( 1 , 3 ) ;  SELECT * FROM generate_series ( 1.000000 ^ 1.000000 , 5 ) INTERSECT SELECT * FROM generate_series ( 1 , 3 ) ;  SELECT * FROM generate_series ( 1 , 5 ) INTERSECT SELECT * FROM generate_series "
not_counted,SQLeek,MonetDB,r4,,10.834167,10.834167,/root/dfuzz-griffin/griffin_output/griffin_monetdb_sqleek_rnd4/logSaved/id_000034_20260629_22h09m01s/griffin.log,,,no feedback signature match,[force_exit_all] #0 0x72e7fe0e8d3f (bin_find_smallest_column+0x4f),[force_exit_all] #0 0x72e7fe0e8d3f (bin_find_smallest_column+0x4f) | [force_exit_all] #1 0x72e7fe0e75d8 (exp_bin+0x8018) | [force_exit_all] #2 0x72e7fe0e4354 (exp_bin+0x4d94) | [force_exit_all] #3 0x72e7fe0e4354 (exp_bin+0x4d94) | [force_exit_all] #4 0x72e7fe0e4354 (exp_bin+0x4d94),"SELECT * FROM generate_series ( 1 , 5 ) UNION SELECT * FROM generate_series ( 1 , 3 ) ;   SELECT * FROM generate_series ( 1.000000 ^ 1.000000 , 5 ) INTERSECT SELECT * FROM generate_series ( 1 , 3 ) ;   SELECT * FROM generate_series ( 1 , 5 ) INTERSECT SELECT * FROM generate_serie"
not_counted,SQLeek,MonetDB,r4,,11.957500,11.9575,/root/dfuzz-griffin/griffin_output/griffin_monetdb_sqleek_rnd4/logSaved/id_000037_20260629_23h16m25s/griffin.log,,,no feedback signature match,[force_exit_all] #0 0x71e9d3fe2d3f (bin_find_smallest_column+0x4f),[force_exit_all] #0 0x71e9d3fe2d3f (bin_find_smallest_column+0x4f) | [force_exit_all] #1 0x71e9d3fe15d8 (exp_bin+0x8018) | [force_exit_all] #2 0x71e9d3fde354 (exp_bin+0x4d94) | [force_exit_all] #3 0x71e9d3fda011 (exp_bin+0xa51) | [force_exit_all] #4 0x71e9d3fde354 (exp_bin+0x4d94),SELECT CASE WHEN 33 * - 49 * CASE 50 WHEN - 21 + 0 + - COUNT ( * ) THEN NULL WHEN 99 * - 43 + - - 35 THEN - -95.300003 ELSE NULL END ^ - - 51 * 0 = '42' < ( SELECT 1 ) THEN 2 ELSE 1 END GROUP BY 1 HAVING 33 * - 49 * CASE 50 WHEN - 21 + 0 + - COUNT ( * ) THEN NULL WHEN 99 * - 43 +
not_counted,SQLeek,MonetDB,r4,,13.010278,13.010278,/root/dfuzz-griffin/griffin_output/griffin_monetdb_sqleek_rnd4/logSaved/id_000045_20260630_00h19m35s/griffin.log,,,no feedback signature match,[force_exit_all] #0 0x77a213fcda40 (exp_visitor+0xde0),[force_exit_all] #0 0x77a213fcda40 (exp_visitor+0xde0) | [force_exit_all] #1 0x77a213fcedda (rel_exp_visitor+0x80a) | [force_exit_all] #2 0x77a213fcebfc (rel_exp_visitor+0x62c) | [force_exit_all] #3 0x77a213fcea94 (rel_exp_visitor+0x4c4) | [force_exit_all] #4 0x77a213fcebfc (rel_exp_visitor+0x62c),"SELECT x , CASE WHEN ( SELECT ALL CAST( - 70 + - 89 - ( SUM ( CASE WHEN ( SELECT 78 ) + 69 IS NOT NULL < not_like ( 'aabbccdd' , '%bc_d%' , '' , FALSE ) THEN 1 ELSE LOG ( 1 , 100 ) END ) ) AS BIGINT ) AS x GROUP BY CUBE ( x , x ) WINDOW x AS ( PARTITION BY x % 2 , x ORDER BY x % "
not_counted,SQLeek,MonetDB,r4,,13.010556,13.010556,/root/dfuzz-griffin/griffin_output/griffin_monetdb_sqleek_rnd4/logSaved/id_000046_20260630_00h19m36s/griffin.log,,,no feedback signature match,[force_exit_all] #0 0x789a2c943a40 (exp_visitor+0xde0),[force_exit_all] #0 0x789a2c943a40 (exp_visitor+0xde0) | [force_exit_all] #1 0x789a2c944dda (rel_exp_visitor+0x80a) | [force_exit_all] #2 0x789a2c944bfc (rel_exp_visitor+0x62c) | [force_exit_all] #3 0x789a2c944a94 (rel_exp_visitor+0x4c4) | [force_exit_all] #4 0x789a2c944bfc (rel_exp_visitor+0x62c),"SELECT x , CASE WHEN ( SELECT ALL CAST( - 70 + - 89 - ( SUM ( CASE WHEN ( SELECT 78 ) + 69 IS NOT NULL < not_like ( 'aabbccdd' , '%bc_d%' , '' , FALSE ) THEN 1 ELSE LOG ( 1 , 100 ) END ) ) AS BIGINT ) AS x GROUP BY CUBE ( x , x ) WINDOW x AS ( PARTITION BY x % 2 , x ORDER BY x % "
not_counted,SQLeek,MonetDB,r4,,16.028889,16.028889,/root/dfuzz-griffin/griffin_output/griffin_monetdb_sqleek_rnd4/logSaved/id_000086_20260630_03h20m42s/griffin.log,,,no feedback signature match,[force_exit_all] #0 0x7b6711bbd5f4 (exp_bin+0x5034),[force_exit_all] #0 0x7b6711bbd5f4 (exp_bin+0x5034) | [force_exit_all] #1 0x7b6711bbd354 (exp_bin+0x4d94) | [force_exit_all] #2 0x7b6711bbd354 (exp_bin+0x4d94) | [force_exit_all] #3 0x7b6711bbd354 (exp_bin+0x4d94) | [force_exit_all] #4 0x7b6711bbd354 (exp_bin+0x4d94),"SELECT - 70 / CASE WHEN NOT NULL IN ( - 69 , - 14 - - 0.100000 + 0.100000 + 0.100000 + 0.100000 + 0.100000 + 0.100000 + 0.100000 + 0.100000 + 0.100000 + 0.100000 ^ 0.100000 + 0.100000 + 0.100000 + 0.100000 + 0.100000 + FIRST_VALUE ( CAST( 2.560000 AS DOUBLE ) ) OVER ( ) + 0.10000"
not_counted,SQLeek,MonetDB,r4,,16.029167,16.029167,/root/dfuzz-griffin/griffin_output/griffin_monetdb_sqleek_rnd4/logSaved/id_000087_20260630_03h20m43s/griffin.log,,,no feedback signature match,[force_exit_all] #0 0x7a4617dd75f4 (exp_bin+0x5034),[force_exit_all] #0 0x7a4617dd75f4 (exp_bin+0x5034) | [force_exit_all] #1 0x7a4617dd7354 (exp_bin+0x4d94) | [force_exit_all] #2 0x7a4617dd7354 (exp_bin+0x4d94) | [force_exit_all] #3 0x7a4617dd7354 (exp_bin+0x4d94) | [force_exit_all] #4 0x7a4617dd7354 (exp_bin+0x4d94),"SELECT - 70 / CASE WHEN NOT NULL IN ( - 69 , - 14 - - 0.100000 + 0.100000 + 0.100000 + 0.100000 + 0.100000 + 0.100000 + 0.100000 + 0.100000 + 0.100000 + 0.100000 ^ 0.100000 + 0.100000 + 0.100000 + 0.100000 + 0.100000 + FIRST_VALUE ( CAST( 2.560000 AS DOUBLE ) ) OVER ( ) + 0.10000"
not_counted,SQLeek,MonetDB,r4,,19.258333,19.258333,/root/dfuzz-griffin/griffin_output/griffin_monetdb_sqleek_rnd4/logSaved/id_000095_20260630_06h34m28s/griffin.log,,,no feedback signature match,[force_exit_all] #0 0x751d51277086 (GDKanalyticalnthvalue+0x1996),[force_exit_all] #0 0x751d51277086 (GDKanalyticalnthvalue+0x1996) | [force_exit_all] #1 0x751d4fb83eff (SQLnth_value+0x6af) | [force_exit_all] #2 0x751d5002c4e0 (runMALsequence+0x1070) | [force_exit_all] #3 0x751d5003217f (DFLOWworker+0x44f) | [force_exit_all] #4 0x751d50fd20c8 (thread_starter+0x328),"SELECT nth_value ( 'bug' , '1' ) OVER ( ) ;  SELECT nth_value ( - CASE WHEN CASE WHEN 'ac' = 'ac' THEN NULL ELSE 'zzzytrimxxxx' END THEN EXISTS ( SELECT 1 WHERE 1 = 1 ) WHEN NOT ( NULL ) IN ( - ( - - 49 ) * - 1 , - 41 , - 14 - - 0.100000 + 0.100000 + 0.100000 + 0.100000 + 0.10000"
not_counted,SQLeek,MonetDB,r4,,19.258611,19.258611,/root/dfuzz-griffin/griffin_output/griffin_monetdb_sqleek_rnd4/logSaved/id_000096_20260630_06h34m29s/griffin.log,,,no feedback signature match,[force_exit_all] #0 0x72c608869086 (GDKanalyticalnthvalue+0x1996),[force_exit_all] #0 0x72c608869086 (GDKanalyticalnthvalue+0x1996) | [force_exit_all] #1 0x72c607175eff (SQLnth_value+0x6af) | [force_exit_all] #2 0x72c60761e4e0 (runMALsequence+0x1070) | [force_exit_all] #3 0x72c60762417f (DFLOWworker+0x44f) | [force_exit_all] #4 0x72c6085c40c8 (thread_starter+0x328),"SELECT nth_value ( 'bug' , '1' ) OVER ( ) ;   SELECT nth_value ( - CASE WHEN CASE WHEN 'ac' = 'ac' THEN NULL ELSE 'zzzytrimxxxx' END THEN EXISTS ( SELECT 1 WHERE 1 = 1 ) WHEN NOT ( NULL ) IN ( - ( - - 49 ) * - 1 , - 41 , - 14 - - 0.100000 + 0.100000 + 0.100000 + 0.100000 + 0.1000"
not_counted,SQLeek,MonetDB,r4,,19.358889,19.358889,/root/dfuzz-griffin/griffin_output/griffin_monetdb_sqleek_rnd4/logSaved/id_000097_20260630_06h40m30s/griffin.log,,,no feedback signature match,[force_exit_all] #0 0x7372e5bd89e2 (__nss_database_lookup+0x20792),[force_exit_all] #0 0x7372e5bd89e2 (__nss_database_lookup+0x20792) | [force_exit_all] #1 0x7372e5ee60b5 (exps_bind_column+0x575) | [force_exit_all] #2 0x7372e5f05650 (name_find_column+0x1d0) | [force_exit_all] #3 0x7372e5f06071 (exp_find_column+0x61) | [force_exit_all] #4 0x7372e5f333cd (rel_final_optimization_loop_+0xb6d),"SELECT 1 FROM ( SELECT 1 AS x , 2 AS x UNION SELECT 42749 AS x , 4 AS x ) WHERE ( CAST( 2 AS BIGINT ) , 3 ) IN ( SELECT 2 , 8.000000 UNION SELECT 3 , 66000 ORDER BY ( CASE WHEN ( SELECT ALL CAST( - 70 + - 89 - ( SUM ( CASE WHEN x = x AND x = x AND x = x AND x = x AND x = x AND x "
not_counted,SQLeek,MonetDB,r4,,21.265833,21.265833,/root/dfuzz-griffin/griffin_output/griffin_monetdb_sqleek_rnd4/logSaved/id_000102_20260630_08h34m55s/griffin.log,,,no feedback signature match,[force_exit_all] #0 0x7ca4f6f8bfbc (GDKanalyticalnthvalue+0x18cc),[force_exit_all] #0 0x7ca4f6f8bfbc (GDKanalyticalnthvalue+0x18cc) | [force_exit_all] #1 0x7ca4f5898eff (SQLnth_value+0x6af) | [force_exit_all] #2 0x7ca4f5d414e0 (runMALsequence+0x1070) | [force_exit_all] #3 0x7ca4f5d4717f (DFLOWworker+0x44f) | [force_exit_all] #4 0x7ca4f6ce70c8 (thread_starter+0x328),"SELECT x , CASE WHEN x < 12 THEN 1 ELSE 0 END AS x FROM ( SELECT 10 AS x UNION SELECT 11 AS x UNION SELECT 12 AS x UNION SELECT 357 AS x ) ;  SELECT x , CASE WHEN x <= 12 THEN 1 ELSE 0 END AS x FROM ( SELECT 10 AS x UNION SELECT 11 AS x UNION SELECT 12 AS x UNION SELECT 13 AS x )"
not_counted,SQLeek,MonetDB,r4,,21.266389,21.266389,/root/dfuzz-griffin/griffin_output/griffin_monetdb_sqleek_rnd4/logSaved/id_000103_20260630_08h34m57s/griffin.log,,,no feedback signature match,[force_exit_all] #0 0x7a6afca7efbc (GDKanalyticalnthvalue+0x18cc),[force_exit_all] #0 0x7a6afca7efbc (GDKanalyticalnthvalue+0x18cc) | [force_exit_all] #1 0x7a6afb38beff (SQLnth_value+0x6af) | [force_exit_all] #2 0x7a6afb8344e0 (runMALsequence+0x1070) | [force_exit_all] #3 0x7a6afb83a17f (DFLOWworker+0x44f) | [force_exit_all] #4 0x7a6afc7da0c8 (thread_starter+0x328),"SELECT x , CASE WHEN x < 12 THEN 1 ELSE 0 END AS x FROM ( SELECT 10 AS x UNION SELECT 11 AS x UNION SELECT 12 AS x UNION SELECT 357 AS x ) ;   SELECT x , CASE WHEN x <= 12 THEN 1 ELSE 0 END AS x FROM ( SELECT 10 AS x UNION SELECT 11 AS x UNION SELECT 12 AS x UNION SELECT 13 AS x "
not_counted,SQLeek,MonetDB,r4,,21.437778,21.437778,/root/dfuzz-griffin/griffin_output/griffin_monetdb_sqleek_rnd4/logSaved/id_000104_20260630_08h45m14s/griffin.log,,,no feedback signature match,[force_exit_all] #0 0x794f923ac190 (rel_visitor_bu+0x420),[force_exit_all] #0 0x794f923ac190 (rel_visitor_bu+0x420) | [force_exit_all] #1 0x794f923ac0dc (rel_visitor_bu+0x36c) | [force_exit_all] #2 0x794f923abf9d (rel_visitor_bu+0x22d) | [force_exit_all] #3 0x794f923ac0dc (rel_visitor_bu+0x36c) | [force_exit_all] #4 0x794f923ac07f (rel_visitor_bu+0x30f),SELECT 1 AS x UNION SELECT 2.200000 ORDER BY count ( x LIKE 'testpub4_forschema' ) OVER ( ) ;  SELECT 1 AS x UNION SELECT CAST( 1.000000 AS FLOAT ) ORDER BY 1 ;  SELECT CAST( 1.000000 AS DOUBLE ) AS x EXCEPT SELECT 1 ORDER BY 1 ;  SELECT 1.100000 AS x UNION SELECT 2 UNION SELECT 
not_counted,SQLeek,MonetDB,r4,MONETDB-016-REL-OPTIMIZE-PROJECTIONS,25.404167,25.404167,/root/dfuzz-griffin/griffin_output/griffin_monetdb_sqleek_rnd4/logSaved/id_000108_20260630_12h43m13s/griffin.log,BUG-SQLEEK-MONETDB-016-rel-optimize-projections-double-rollup-crash.md,exact-top-offset,outside 24h budget,[force_exit_all] #0 0x71841032bc1f (rel_optimize_projections_+0x47ef),[force_exit_all] #0 0x71841032bc1f (rel_optimize_projections_+0x47ef) | [force_exit_all] #1 0x7184102d35ef (rel_visitor_td+0x2bf) | [force_exit_all] #2 0x7184102d39f6 (rel_visitor_td+0x6c6) | [force_exit_all] #3 0x7184102d39f6 (rel_visitor_td+0x6c6) | [force_exit_all] #4 0x7184102d39f6 (rel_visitor_td+0x6c6),"SELECT DISTINCT x FROM ( WITH RECURSIVE x ( x ) AS ( SELECT 1 UNION SELECT SUM ( x * ( 10 - x ) ) FROM ( WITH RECURSIVE x ( x ) AS ( SELECT 196 UNION SELECT SUM ( x * ( x NOT IN ( SELECT corr ( x , -100 ) OVER ( PARTITION BY x ORDER BY 90 + 9223372036854775808.000000 GROUPS BETWE"
not_counted,SQLeek,MonetDB,r4,MONETDB-016-REL-OPTIMIZE-PROJECTIONS,25.405278,25.405278,/root/dfuzz-griffin/griffin_output/griffin_monetdb_sqleek_rnd4/logSaved/id_000109_20260630_12h43m17s/griffin.log,BUG-SQLEEK-MONETDB-016-rel-optimize-projections-double-rollup-crash.md,exact-top-offset,outside 24h budget,[force_exit_all] #0 0x72b4ae00ac1f (rel_optimize_projections_+0x47ef),[force_exit_all] #0 0x72b4ae00ac1f (rel_optimize_projections_+0x47ef) | [force_exit_all] #1 0x72b4adfb25ef (rel_visitor_td+0x2bf) | [force_exit_all] #2 0x72b4adfb29f6 (rel_visitor_td+0x6c6) | [force_exit_all] #3 0x72b4adfb29f6 (rel_visitor_td+0x6c6) | [force_exit_all] #4 0x72b4adfb29f6 (rel_visitor_td+0x6c6),"SELECT DISTINCT x FROM ( WITH RECURSIVE x ( x ) AS ( SELECT 1 UNION SELECT SUM ( x * ( 10 - x ) ) FROM ( WITH RECURSIVE x ( x ) AS ( SELECT 196 UNION SELECT SUM ( x * ( x NOT IN ( SELECT corr ( x , -100 ) OVER ( PARTITION BY x ORDER BY 90 + 9223372036854775808.000000 GROUPS BETWE"
not_counted,SQLeek,MonetDB,r4,MONETDB-016-REL-OPTIMIZE-PROJECTIONS,25.441667,25.441667,/root/dfuzz-griffin/griffin_output/griffin_monetdb_sqleek_rnd4/logSaved/id_000110_20260630_12h45m28s/griffin.log,BUG-SQLEEK-MONETDB-016-rel-optimize-projections-double-rollup-crash.md,exact-top-offset,outside 24h budget,[force_exit_all] #0 0x7360abac8c1f (rel_optimize_projections_+0x47ef),[force_exit_all] #0 0x7360abac8c1f (rel_optimize_projections_+0x47ef) | [force_exit_all] #1 0x7360aba705ef (rel_visitor_td+0x2bf) | [force_exit_all] #2 0x7360aba709f6 (rel_visitor_td+0x6c6) | [force_exit_all] #3 0x7360aba709f6 (rel_visitor_td+0x6c6) | [force_exit_all] #4 0x7360aba709f6 (rel_visitor_td+0x6c6),
not_counted,SQLeek,MonetDB,r4,MONETDB-016-REL-OPTIMIZE-PROJECTIONS,25.441944,25.441944,/root/dfuzz-griffin/griffin_output/griffin_monetdb_sqleek_rnd4/logSaved/id_000111_20260630_12h45m29s/griffin.log,BUG-SQLEEK-MONETDB-016-rel-optimize-projections-double-rollup-crash.md,exact-top-offset,outside 24h budget,[force_exit_all] #0 0x7446bd712c1f (rel_optimize_projections_+0x47ef),[force_exit_all] #0 0x7446bd712c1f (rel_optimize_projections_+0x47ef) | [force_exit_all] #1 0x7446bd6ba5ef (rel_visitor_td+0x2bf) | [force_exit_all] #2 0x7446bd6ba9f6 (rel_visitor_td+0x6c6) | [force_exit_all] #3 0x7446bd6ba9f6 (rel_visitor_td+0x6c6) | [force_exit_all] #4 0x7446bd6ba9f6 (rel_visitor_td+0x6c6),"SELECT x , AVG ( 42.400002 ) FROM ( SELECT 1 AS x , 2 AS x , 3 AS x UNION SELECT 4 AS x , NULL AS x , 6 AS x UNION SELECT 7 AS x , 8 , 9 AS x ) AS x GROUP BY ROLLUP ( x , x ) , ROLLUP ( x ) ORDER BY ( SELECT * FROM generate_series ( CAST( 0.200000 AS REAL ) , CAST( ROUND ( 77 , 2"
counted_feedback_match,SQLeek,MonetDB,r5,MONETDB-008-EXP-SET-TYPE-NTH-CUBE,1.914167,1.914167,/root/dfuzz-griffin/griffin_output/griffin_monetdb_sqleek_rnd5/logSaved/id_000000_20260629_13h13m51s/griffin.log,BUG-SQLEEK-MONETDB-008-exp-set-type-nth-value-cube-crash.md,exact-top-offset-exp-visitor-chain,,[force_exit_all] #0 0x7ac696e4b8a1 (exp_set_type+0x341),[force_exit_all] #0 0x7ac696e4b8a1 (exp_set_type+0x341) | [force_exit_all] #1 0x7ac696e2f9ad (exp_visitor+0xd4d) | [force_exit_all] #2 0x7ac696e30ec7 (rel_exp_visitor+0x8f7) | [force_exit_all] #3 0x7ac696e30bfc (rel_exp_visitor+0x62c) | [force_exit_all] #4 0x7ac696e30a94 (rel_exp_visitor+0x4c4),"SELECT ( 1 , 2 , 3 ) = ( 1 , 2 , 3 ) ;  SELECT ( 1 , 2 , 3 ) < ( 1 , 2 , 3 ) ;  SELECT NOT ( ( 1 , 2 , 3 ) = ( 1 , 2 , 3 ) ) ;  SELECT ( 1 , 2 , 3 ) IN ( ( 1 ) , ( 2 ) , ( 3 ) ) ;  SELECT ( 1 , 2 , 3 ) IN ( SELECT 1 UNION SELECT 2 UNION SELECT 3 ) ;  SELECT NOT ( ( 1 , 2 , 3 ) = "
counted_feedback_match,SQLeek,MonetDB,r5,MONETDB-016-REL-OPTIMIZE-PROJECTIONS,3.117500,3.1175,/root/dfuzz-griffin/griffin_output/griffin_monetdb_sqleek_rnd5/logSaved/id_000002_20260629_14h26m03s/griffin.log,BUG-SQLEEK-MONETDB-016-rel-optimize-projections-double-rollup-crash.md,exact-top-offset,,[force_exit_all] #0 0x7ec6b4a03c1f (rel_optimize_projections_+0x47ef),[force_exit_all] #0 0x7ec6b4a03c1f (rel_optimize_projections_+0x47ef) | [force_exit_all] #1 0x7ec6b49ab5ef (rel_visitor_td+0x2bf) | [force_exit_all] #2 0x7ec6b49ab9f6 (rel_visitor_td+0x6c6) | [force_exit_all] #3 0x7ec6b49ab9f6 (rel_visitor_td+0x6c6) | [force_exit_all] #4 0x7ec6b49ab9f6 (rel_visitor_td+0x6c6),
counted_feedback_match,SQLeek,MonetDB,r5,MONETDB-005-EXP-BIN-LEAD-NOT-IN,3.701944,3.701944,/root/dfuzz-griffin/griffin_output/griffin_monetdb_sqleek_rnd5/logSaved/id_000005_20260629_15h01m07s/griffin.log,BUG-SQLEEK-MONETDB-005-exp-bin-lead-not-in-crash.md,exact-top-offset-exp-bin-chain,,[force_exit_all] #0 0x74dd451f71cd (exp_bin+0x3c0d),[force_exit_all] #0 0x74dd451f71cd (exp_bin+0x3c0d) | [force_exit_all] #1 0x74dd451f4011 (exp_bin+0xa51) | [force_exit_all] #2 0x74dd451f8354 (exp_bin+0x4d94) | [force_exit_all] #3 0x74dd451f4011 (exp_bin+0xa51) | [force_exit_all] #4 0x74dd451fbd42 (exp_bin+0x8782),"SELECT DISTINCT - 82 * 26 - 12 * - 27 * CASE WHEN 1 IN ( 2 , 3 , 4 , NULL ) THEN 1 WHEN NOT - 21 / - ( CASE 85 WHEN - 77 / - ( 99 ) THEN COUNT ( * ) OVER ( ROWS BETWEEN CASE WHEN 'foo' < 'foobar' THEN ( SELECT NULL ) ELSE 0 END PRECEDING AND CURRENT ROW ) ELSE COUNT ( * ) * - ( C"
counted_feedback_match,SQLeek,MonetDB,r5,MONETDB-011-LIST-APPEND,3.737500,3.7375,/root/dfuzz-griffin/griffin_output/griffin_monetdb_sqleek_rnd5/logSaved/id_000011_20260629_15h03m15s/griffin.log,BUG-SQLEEK-MONETDB-011-list-append-recursive-cte-groups-window-crash.md,exact-top-offset,,[force_exit_all] #0 0x7dacb7140a49 (list_append+0x129),[force_exit_all] #0 0x7dacb7140a49 (list_append+0x129) | [force_exit_all] #1 0x7dacb70188d8 (rel_unnest_projects+0x2b8) | [force_exit_all] #2 0x7dacb70053be (rel_visitor_bu+0x64e) | [force_exit_all] #3 0x7dacb70050dc (rel_visitor_bu+0x36c) | [force_exit_all] #4 0x7dacb70050dc (rel_visitor_bu+0x36c),SELECT 1 AS x WHERE 1 IN ( SELECT 1 ) ;  SELECT 1 AS x WHERE 1 NOT IN ( WITH x ( x ) AS ( SELECT NULL AS x ) SELECT * FROM x WHERE ( SELECT 'a' AS x EXCEPT SELECT CAST( avg ( CAST( 1207561096 AS NUMERIC ) ) + - 0 * - - 78 + - 78 + - - 47 * - 93 + 32 * SUM ( 90 ) AS BIGINT ) AS x 
counted_feedback_match,SQLeek,MonetDB,r5,MONETDB-015-REL-GET-STATISTICS,3.968056,3.968056,/root/dfuzz-griffin/griffin_output/griffin_monetdb_sqleek_rnd5/logSaved/id_000013_20260629_15h17m05s/griffin.log,BUG-SQLEEK-MONETDB-015-rel-get-statistics-recursive-cte-not-in-crash.md,exact-top-offset,,[force_exit_all] #0 0x724804bee538 (rel_get_statistics_+0x15f8),[force_exit_all] #0 0x724804bee538 (rel_get_statistics_+0x15f8) | [force_exit_all] #1 0x724804bc23be (rel_visitor_bu+0x64e) | [force_exit_all] #2 0x724804bc20dc (rel_visitor_bu+0x36c) | [force_exit_all] #3 0x724804bc2030 (rel_visitor_bu+0x2c0) | [force_exit_all] #4 0x724804bbe4b4 (rel_visitor+0x454),"SELECT ( 1 , 2 , 3 ) = ( 1 , 2 , 3 ) ;  SELECT ( 1 , 2 , 3 ) < ( 1 , 2 , 3 ) ;  SELECT NOT ( ( 1 , 2 , 3 ) = ( 1 , 2 , 3 ) ) ;  SELECT ( 1 , 2 , 3 ) IN ( ( 1 ) , ( 2 ) , ( 3 ) ) ;  SELECT ( 1 , 2 , 3 ) IN ( SELECT 1 UNION SELECT 2 UNION SELECT 3 ) ;  SELECT NOT ( ( 1 , 2 , 3 ) = "
counted_feedback_match,SQLeek,MonetDB,r5,MONETDB-007-EXP-MATCH-CUBE,12.771944,12.771944,/root/dfuzz-griffin/griffin_output/griffin_monetdb_sqleek_rnd5/logSaved/id_000055_20260630_00h05m19s/griffin.log,BUG-SQLEEK-MONETDB-007-exp-match-cube-subquery-crash.md,exact-top-function,,[force_exit_all] #0 0x7ad39490895d (exp_match+0x3d),[force_exit_all] #0 0x7ad39490895d (exp_match+0x3d) | [force_exit_all] #1 0x7ad394908d5c (exps_find_exp+0x5c) | [force_exit_all] #2 0x7ad39493c82d (rel_unnest_projects+0x20d) | [force_exit_all] #3 0x7ad3949293be (rel_visitor_bu+0x64e) | [force_exit_all] #4 0x7ad3949290dc (rel_visitor_bu+0x36c),"SELECT x + x FROM ( SELECT 1 AS x , 1 AS x ) AS x ORDER BY x LIMIT 1 ;  SELECT x + x FROM ( SELECT CAST( 1.100000 AS DOUBLE PRECISION ) AS x UNION SELECT 2 UNION SELECT 0.540000 ) AS x WHERE ( SELECT var_pop ( 1 ) OVER ( ORDER BY CAST( AVG ( - ( 63 ) ) LIKE ( SELECT COUNT ( * ) ="
not_counted,SQLeek,MonetDB,r5,,3.701111,3.701111,/root/dfuzz-griffin/griffin_output/griffin_monetdb_sqleek_rnd5/logSaved/id_000003_20260629_15h01m04s/griffin.log,,,no feedback signature match,[force_exit_all] #0 0x72670a5edd3f (bin_find_smallest_column+0x4f),[force_exit_all] #0 0x72670a5edd3f (bin_find_smallest_column+0x4f) | [force_exit_all] #1 0x72670a5ec5d8 (exp_bin+0x8018) | [force_exit_all] #2 0x72670a5e9354 (exp_bin+0x4d94) | [force_exit_all] #3 0x72670a5e9354 (exp_bin+0x4d94) | [force_exit_all] #4 0x72670a5e7876 (exp_bin+0x32b6),SELECT DISTINCT - 82 * 26 - 12 * - 27 * CASE WHEN NOT - 21 / - ( CASE 85 WHEN - 77 / - ( 99 ) THEN COUNT ( * ) ELSE COUNT ( * ) * - ( COUNT ( * ) ) END ) IS NOT NULL THEN 63 END AS x GROUP BY 1 HAVING x = 'letterd' ; child 921484 exited normal exit status=0 child 914436 stoped si
not_counted,SQLeek,MonetDB,r5,,3.701667,3.701667,/root/dfuzz-griffin/griffin_output/griffin_monetdb_sqleek_rnd5/logSaved/id_000004_20260629_15h01m06s/griffin.log,,,no feedback signature match,[force_exit_all] #0 0x7b2ba43e5d3f (bin_find_smallest_column+0x4f),[force_exit_all] #0 0x7b2ba43e5d3f (bin_find_smallest_column+0x4f) | [force_exit_all] #1 0x7b2ba43e45d8 (exp_bin+0x8018) | [force_exit_all] #2 0x7b2ba43e1354 (exp_bin+0x4d94) | [force_exit_all] #3 0x7b2ba43e1354 (exp_bin+0x4d94) | [force_exit_all] #4 0x7b2ba43df876 (exp_bin+0x32b6),SELECT DISTINCT - 82 * 26 - 12 * - 27 * CASE WHEN NOT - 21 / - ( CASE 85 WHEN - 77 / - ( 99 ) THEN COUNT ( * ) ELSE COUNT ( * ) * - ( COUNT ( * ) ) END ) IS NOT NULL THEN 63 END AS x GROUP BY 1 HAVING x = 'letterd' ;  child 921835 stoped signal number=11
not_counted,SQLeek,MonetDB,r5,,3.702778,3.702778,/root/dfuzz-griffin/griffin_output/griffin_monetdb_sqleek_rnd5/logSaved/id_000007_20260629_15h01m10s/griffin.log,,,no feedback signature match,[force_exit_all] #0 0x79a4c9aa2d3f (bin_find_smallest_column+0x4f),[force_exit_all] #0 0x79a4c9aa2d3f (bin_find_smallest_column+0x4f) | [force_exit_all] #1 0x79a4c9aa15d8 (exp_bin+0x8018) | [force_exit_all] #2 0x79a4c9a9e354 (exp_bin+0x4d94) | [force_exit_all] #3 0x79a4c9a9e354 (exp_bin+0x4d94) | [force_exit_all] #4 0x79a4c9a9e354 (exp_bin+0x4d94),"SELECT DISTINCT - 82 * 26 - 12 * - 27 * CASE WHEN NOT NULL NOT IN ( - 69 , ( SUM ( DISTINCT CAST( NULL AS INTEGER ) ) ) + MAX ( - 6 ) + - COUNT ( * ) / - - ( 77 ) + 37 , 44 , ( rtrim ( '\\000Tom\\000' , '\000' ) ) = ( SELECT 4 ) >= TRUE BETWEEN 45 - - CASE 70 WHEN COUNT ( * ) + S"
not_counted,SQLeek,MonetDB,r5,,3.703056,3.703056,/root/dfuzz-griffin/griffin_output/griffin_monetdb_sqleek_rnd5/logSaved/id_000008_20260629_15h01m11s/griffin.log,,,no feedback signature match,[force_exit_all] #0 0x7eb0f3d3dd3f (bin_find_smallest_column+0x4f),[force_exit_all] #0 0x7eb0f3d3dd3f (bin_find_smallest_column+0x4f) | [force_exit_all] #1 0x7eb0f3d3c5d8 (exp_bin+0x8018) | [force_exit_all] #2 0x7eb0f3d39354 (exp_bin+0x4d94) | [force_exit_all] #3 0x7eb0f3d39354 (exp_bin+0x4d94) | [force_exit_all] #4 0x7eb0f3d39354 (exp_bin+0x4d94),"SELECT DISTINCT - 82 * 26 - 12 * - 27 * CASE WHEN NOT NULL NOT IN ( - 69 , ( SUM ( DISTINCT CAST( NULL AS INTEGER ) ) ) + MAX ( - 6 ) + - COUNT ( * ) / - - ( 77 ) + 37 , 44 , ( rtrim ( '\\000Tom\\000' , '\000' ) ) = ( SELECT 4 ) >= TRUE BETWEEN 45 - - CASE 70 WHEN COUNT ( * ) + S"
not_counted,SQLeek,MonetDB,r5,,3.703889,3.703889,/root/dfuzz-griffin/griffin_output/griffin_monetdb_sqleek_rnd5/logSaved/id_000009_20260629_15h01m14s/griffin.log,,,no feedback signature match,[force_exit_all] #0 0x7e2d9d2eed3f (bin_find_smallest_column+0x4f),[force_exit_all] #0 0x7e2d9d2eed3f (bin_find_smallest_column+0x4f) | [force_exit_all] #1 0x7e2d9d2ed5d8 (exp_bin+0x8018) | [force_exit_all] #2 0x7e2d9d2ea354 (exp_bin+0x4d94) | [force_exit_all] #3 0x7e2d9d2e6011 (exp_bin+0xa51) | [force_exit_all] #4 0x7e2d9d2ea354 (exp_bin+0x4d94),"SELECT DISTINCT - 82 * 26 - 12 * - 27 * CASE WHEN NOT NULL IN ( - 69 , ( cos ( DISTINCT CAST( NULL AS INTEGER ) ) ) + - CASE 77 WHEN - 52 THEN 43 + 71 + - AVG ( 93 ) ^ 46 * 1 + - - COUNT ( * ) ELSE NULL END >= 1 + - COUNT ( * ) / - - ( 77 ) + 37 , 44 , - - 0 * 23 , - - 86 , 3 , 1"
not_counted,SQLeek,MonetDB,r5,,3.704167,3.704167,/root/dfuzz-griffin/griffin_output/griffin_monetdb_sqleek_rnd5/logSaved/id_000010_20260629_15h01m15s/griffin.log,,,no feedback signature match,[force_exit_all] #0 0x784252761d3f (bin_find_smallest_column+0x4f),[force_exit_all] #0 0x784252761d3f (bin_find_smallest_column+0x4f) | [force_exit_all] #1 0x7842527605d8 (exp_bin+0x8018) | [force_exit_all] #2 0x78425275d354 (exp_bin+0x4d94) | [force_exit_all] #3 0x784252759011 (exp_bin+0xa51) | [force_exit_all] #4 0x78425275d354 (exp_bin+0x4d94),"SELECT DISTINCT - 82 * 26 - 12 * - 27 * CASE WHEN NOT NULL IN ( - 69 , ( cos ( DISTINCT CAST( NULL AS INTEGER ) ) ) + - CASE 77 WHEN - 52 THEN 43 + 71 + - AVG ( 93 ) ^ 46 * 1 + - - COUNT ( * ) ELSE NULL END >= 1 + - COUNT ( * ) / - - ( 77 ) + 37 , 44 , - - 0 * 23 , - - 86 , 3 , 1"
not_counted,SQLeek,MonetDB,r5,,7.150556,7.150556,/root/dfuzz-griffin/griffin_output/griffin_monetdb_sqleek_rnd5/logSaved/id_000015_20260629_18h28m02s/griffin.log,,,no feedback signature match,[force_exit_all] #0 0x73cce0b3bd3f (bin_find_smallest_column+0x4f),[force_exit_all] #0 0x73cce0b3bd3f (bin_find_smallest_column+0x4f) | [force_exit_all] #1 0x73cce0b3a5d8 (exp_bin+0x8018) | [force_exit_all] #2 0x73cce0b37354 (exp_bin+0x4d94) | [force_exit_all] #3 0x73cce0b33011 (exp_bin+0xa51) | [force_exit_all] #4 0x73cce0b35876 (exp_bin+0x32b6),"SELECT DISTINCT - 82 * 26 - 12 * - 27 * CASE WHEN NOT NULL IN ( - 69 , - CASE 77 WHEN - 52 THEN 43 + 71 + - AVG ( 93 ) ^ ROUND ( DISTINCT 1 , 'f11' ) ELSE NULL END >= - ( '{""a"":""b"", ""c"":""q""}' ) , 44 , - - 0 * 23 , - - 86 , 3 , 12 ) THEN 41 WHEN NOT - 21 / - 95 IS NOT NULL THEN 63"
not_counted,SQLeek,MonetDB,r5,,7.150833,7.150833,/root/dfuzz-griffin/griffin_output/griffin_monetdb_sqleek_rnd5/logSaved/id_000016_20260629_18h28m03s/griffin.log,,,no feedback signature match,[force_exit_all] #0 0x7850e4028d3f (bin_find_smallest_column+0x4f),[force_exit_all] #0 0x7850e4028d3f (bin_find_smallest_column+0x4f) | [force_exit_all] #1 0x7850e40275d8 (exp_bin+0x8018) | [force_exit_all] #2 0x7850e4024354 (exp_bin+0x4d94) | [force_exit_all] #3 0x7850e4024354 (exp_bin+0x4d94) | [force_exit_all] #4 0x7850e4024354 (exp_bin+0x4d94),"SELECT DISTINCT - 82 * 26 - 12 * - 27 * CASE WHEN NOT NULL IN ( - 69 , ( cos ( DISTINCT CAST( NULL AS INTEGER ) ) ) + FALSE >= CASE - ( 0 ) WHEN 18 + - 60 THEN NULL WHEN - CASE - 67 WHEN - ( EXISTS ( SELECT 1 WHERE FALSE ) ) - 32 * 69 THEN MAX ( DISTINCT 34 ) / 0 ELSE NULL END + "
not_counted,SQLeek,MonetDB,r5,,7.151111,7.151111,/root/dfuzz-griffin/griffin_output/griffin_monetdb_sqleek_rnd5/logSaved/id_000017_20260629_18h28m04s/griffin.log,,,no feedback signature match,[force_exit_all] #0 0x787f1b301d3f (bin_find_smallest_column+0x4f),[force_exit_all] #0 0x787f1b301d3f (bin_find_smallest_column+0x4f) | [force_exit_all] #1 0x787f1b3005d8 (exp_bin+0x8018) | [force_exit_all] #2 0x787f1b2fd354 (exp_bin+0x4d94) | [force_exit_all] #3 0x787f1b2fd354 (exp_bin+0x4d94) | [force_exit_all] #4 0x787f1b2fd354 (exp_bin+0x4d94),"SELECT DISTINCT - 82 * 26 - 12 * - 27 * CASE WHEN NOT NULL IN ( - 69 , ( cos ( DISTINCT CAST( NULL AS INTEGER ) ) ) + FALSE >= CASE - ( 0 ) WHEN 18 + - 60 THEN NULL WHEN - CASE - 67 WHEN - ( EXISTS ( SELECT 1 WHERE FALSE ) ) - 32 * 69 THEN MAX ( DISTINCT 34 ) / 0 ELSE NULL END + "
not_counted,SQLeek,MonetDB,r5,,7.153333,7.153333,/root/dfuzz-griffin/griffin_output/griffin_monetdb_sqleek_rnd5/logSaved/id_000024_20260629_18h28m12s/griffin.log,,,no feedback signature match,[force_exit_all] #0 0x7cbf6a1d8d3f (bin_find_smallest_column+0x4f),[force_exit_all] #0 0x7cbf6a1d8d3f (bin_find_smallest_column+0x4f) | [force_exit_all] #1 0x7cbf6a1d75d8 (exp_bin+0x8018) | [force_exit_all] #2 0x7cbf6a1d4354 (exp_bin+0x4d94) | [force_exit_all] #3 0x7cbf6a1d4354 (exp_bin+0x4d94) | [force_exit_all] #4 0x7cbf6a1d0011 (exp_bin+0xa51),"SELECT DISTINCT - 82 * 26 - 12 * - 27 * CASE WHEN NOT NULL IN ( - 69 , CASE - ( 0 ) WHEN 18 + - 60 THEN NULL WHEN - CASE - 67 WHEN - 79 * LPAD ( covar_pop ( 1 , - 32 * ( ( SELECT 9 ) ) ) , log2 ( 64.000000 ) ) / 30 - 32 * ( ( SELECT 9 ) ) THEN MAX ( DISTINCT 34 ) / 0 ELSE NULL EN"
not_counted,SQLeek,MonetDB,r5,,7.153611,7.153611,/root/dfuzz-griffin/griffin_output/griffin_monetdb_sqleek_rnd5/logSaved/id_000025_20260629_18h28m13s/griffin.log,,,no feedback signature match,[force_exit_all] #0 0x7b987e218d3f (bin_find_smallest_column+0x4f),[force_exit_all] #0 0x7b987e218d3f (bin_find_smallest_column+0x4f) | [force_exit_all] #1 0x7b987e2175d8 (exp_bin+0x8018) | [force_exit_all] #2 0x7b987e214354 (exp_bin+0x4d94) | [force_exit_all] #3 0x7b987e214354 (exp_bin+0x4d94) | [force_exit_all] #4 0x7b987e210011 (exp_bin+0xa51),"SELECT DISTINCT - 82 * 26 - 12 * - 27 * CASE WHEN NOT NULL IN ( - 69 , CASE - ( 0 ) WHEN 18 + - 60 THEN NULL WHEN - CASE - 67 WHEN - 79 * LPAD ( covar_pop ( 1 , - 32 * ( ( SELECT 9 ) ) ) , log2 ( 64.000000 ) ) / 30 - 32 * ( ( SELECT 9 ) ) THEN MAX ( DISTINCT 34 ) / 0 ELSE NULL EN"
not_counted,SQLeek,MonetDB,r5,,7.154167,7.154167,/root/dfuzz-griffin/griffin_output/griffin_monetdb_sqleek_rnd5/logSaved/id_000026_20260629_18h28m15s/griffin.log,,,no feedback signature match,[force_exit_all] #0 0x7c376801bd3f (bin_find_smallest_column+0x4f),[force_exit_all] #0 0x7c376801bd3f (bin_find_smallest_column+0x4f) | [force_exit_all] #1 0x7c3768019dcd (exp_bin+0x780d) | [force_exit_all] #2 0x7c3768017354 (exp_bin+0x4d94) | [force_exit_all] #3 0x7c3768017354 (exp_bin+0x4d94) | [force_exit_all] #4 0x7c3768017354 (exp_bin+0x4d94),"SELECT DISTINCT - 79 * - 32 * ( ( SELECT 9 ) ) - 'a*(?<!a)b*' * - 27 * CASE WHEN NOT NULL IN ( - COALESCE ( CASE WHEN 17 IS NOT NULL THEN ( ( - 39 ) ) WHEN NOT NULL = ( NULL ) THEN NULL ELSE 52 END , - COUNT ( * ) * - 80 , NULLIF ( CASE - 70 WHEN 48 + 63 THEN NULL ELSE 89 * 57 EN"
not_counted,SQLeek,MonetDB,r5,,7.154444,7.154444,/root/dfuzz-griffin/griffin_output/griffin_monetdb_sqleek_rnd5/logSaved/id_000027_20260629_18h28m16s/griffin.log,,,no feedback signature match,[force_exit_all] #0 0x7fcfa0de7d3f (bin_find_smallest_column+0x4f),[force_exit_all] #0 0x7fcfa0de7d3f (bin_find_smallest_column+0x4f) | [force_exit_all] #1 0x7fcfa0de5dcd (exp_bin+0x780d) | [force_exit_all] #2 0x7fcfa0de3354 (exp_bin+0x4d94) | [force_exit_all] #3 0x7fcfa0de3354 (exp_bin+0x4d94) | [force_exit_all] #4 0x7fcfa0de3354 (exp_bin+0x4d94),"SELECT DISTINCT - 79 * - 32 * ( ( SELECT 9 ) ) - 'a*(?<!a)b*' * - 27 * CASE WHEN NOT NULL IN ( - COALESCE ( CASE WHEN 17 IS NOT NULL THEN ( ( - 39 ) ) WHEN NOT NULL = ( NULL ) THEN NULL ELSE 52 END , - COUNT ( * ) * - 80 , NULLIF ( CASE - 70 WHEN 48 + 63 THEN NULL ELSE 89 * 57 EN"
not_counted,SQLeek,MonetDB,r5,,7.155000,7.155,/root/dfuzz-griffin/griffin_output/griffin_monetdb_sqleek_rnd5/logSaved/id_000028_20260629_18h28m18s/griffin.log,,,no feedback signature match,[force_exit_all] #0 0x7a735a64dd37 (bin_find_smallest_column+0x47),[force_exit_all] #0 0x7a735a64dd37 (bin_find_smallest_column+0x47) | [force_exit_all] #1 0x7a735a64bdcd (exp_bin+0x780d) | [force_exit_all] #2 0x7a735a649354 (exp_bin+0x4d94) | [force_exit_all] #3 0x7a735a649354 (exp_bin+0x4d94) | [force_exit_all] #4 0x7a735a645011 (exp_bin+0xa51),"SELECT DISTINCT - 79 * - 32 * ( ( SELECT 9 ) ) - 'a*(?<!a)b*' * - 27 * CASE WHEN NOT NULL IN ( - COALESCE ( CASE WHEN 17 IS NOT NULL THEN ( ( - 39 ) ) WHEN NOT NULL = ( NULL ) THEN NULL ELSE 52 END , - COUNT ( * ) * - 80 , NULLIF ( CASE - 70 WHEN 48 + 63 THEN NULL ELSE 89 * 57 EN"
not_counted,SQLeek,MonetDB,r5,,7.155278,7.155278,/root/dfuzz-griffin/griffin_output/griffin_monetdb_sqleek_rnd5/logSaved/id_000029_20260629_18h28m19s/griffin.log,,,no feedback signature match,[force_exit_all] #0 0x78395da3ed37 (bin_find_smallest_column+0x47),[force_exit_all] #0 0x78395da3ed37 (bin_find_smallest_column+0x47) | [force_exit_all] #1 0x78395da3cdcd (exp_bin+0x780d) | [force_exit_all] #2 0x78395da3a354 (exp_bin+0x4d94) | [force_exit_all] #3 0x78395da3a354 (exp_bin+0x4d94) | [force_exit_all] #4 0x78395da36011 (exp_bin+0xa51),"SELECT DISTINCT - 79 * - 32 * ( ( SELECT 9 ) ) - 'a*(?<!a)b*' * - 27 * CASE WHEN NOT NULL IN ( - COALESCE ( CASE WHEN 17 IS NOT NULL THEN ( ( - 39 ) ) WHEN NOT NULL = ( NULL ) THEN NULL ELSE 52 END , - COUNT ( * ) * - 80 , NULLIF ( CASE - 70 WHEN 48 + 63 THEN NULL ELSE 89 * 57 EN"
not_counted,SQLeek,MonetDB,r5,,7.155556,7.155556,/root/dfuzz-griffin/griffin_output/griffin_monetdb_sqleek_rnd5/logSaved/id_000030_20260629_18h28m20s/griffin.log,,,no feedback signature match,[force_exit_all] #0 0x7beb4df42d37 (bin_find_smallest_column+0x47),[force_exit_all] #0 0x7beb4df42d37 (bin_find_smallest_column+0x47) | [force_exit_all] #1 0x7beb4df40dcd (exp_bin+0x780d) | [force_exit_all] #2 0x7beb4df3e354 (exp_bin+0x4d94) | [force_exit_all] #3 0x7beb4df3e354 (exp_bin+0x4d94) | [force_exit_all] #4 0x7beb4df3a011 (exp_bin+0xa51),"SELECT DISTINCT - 79 * - 32 * ( ( SELECT 9 ) ) - 'a*(?<!a)b*' * - 27 * CASE WHEN NOT NULL IN ( - COALESCE ( CASE WHEN 17 IS NOT NULL THEN ( ( - 39 ) ) WHEN NOT NULL = ( NULL ) THEN NULL ELSE 52 END , - COUNT ( * ) * - 80 , NULLIF ( CASE - 70 WHEN 48 + 63 THEN NULL ELSE 89 * 57 EN"
not_counted,SQLeek,MonetDB,r5,,7.155833,7.155833,/root/dfuzz-griffin/griffin_output/griffin_monetdb_sqleek_rnd5/logSaved/id_000031_20260629_18h28m21s/griffin.log,,,no feedback signature match,[force_exit_all] #0 0x7223b0be6d37 (bin_find_smallest_column+0x47),[force_exit_all] #0 0x7223b0be6d37 (bin_find_smallest_column+0x47) | [force_exit_all] #1 0x7223b0be4dcd (exp_bin+0x780d) | [force_exit_all] #2 0x7223b0be2354 (exp_bin+0x4d94) | [force_exit_all] #3 0x7223b0be2354 (exp_bin+0x4d94) | [force_exit_all] #4 0x7223b0bde011 (exp_bin+0xa51),"SELECT DISTINCT - 79 * - 32 * ( ( SELECT 9 ) ) - 'a*(?<!a)b*' * - 27 * CASE WHEN NOT NULL IN ( - COALESCE ( CASE WHEN 17 IS NOT NULL THEN ( ( - 39 ) ) WHEN NOT NULL = ( NULL ) THEN NULL ELSE 52 END , - COUNT ( * ) * - 80 , NULLIF ( CASE - 70 WHEN 48 + 63 THEN NULL ELSE 89 * 57 EN"
not_counted,SQLeek,MonetDB,r5,,12.582500,12.5825,/root/dfuzz-griffin/griffin_output/griffin_monetdb_sqleek_rnd5/logSaved/id_000054_20260629_23h53m57s/griffin.log,,,no feedback signature match,[force_exit_all] #0 0x743c97534d27 (GDKanalyticalnthvalue+0x637),[force_exit_all] #0 0x743c97534d27 (GDKanalyticalnthvalue+0x637) | [force_exit_all] #1 0x743c95e42eff (SQLnth_value+0x6af) | [force_exit_all] #2 0x743c962eb4e0 (runMALsequence+0x1070) | [force_exit_all] #3 0x743c962f117f (DFLOWworker+0x44f) | [force_exit_all] #4 0x743c972910c8 (thread_starter+0x328),"SELECT a , b , c FROM ( SELECT 4 AS a , NULL AS b , 6 AS c UNION ALL SELECT 7 AS a , 8 AS b , 9 AS c ) AS t GROUP BY ROLLUP ( a , b ) , ROLLUP ( a , c ) ORDER BY a , b , c * nth_value ( 'bug' = '<your table name>' , '1' ) OVER ( RANGE BETWEEN UNBOUNDED PRECEDING AND CURRENT ROW )"
not_counted,SQLeek,MonetDB,r5,,14.193056,14.193056,/root/dfuzz-griffin/griffin_output/griffin_monetdb_sqleek_rnd5/logSaved/id_000066_20260630_01h30m35s/griffin.log,,,no feedback signature match,[force_exit_all] #0 0x7d14017abd3f (bin_find_smallest_column+0x4f),[force_exit_all] #0 0x7d14017abd3f (bin_find_smallest_column+0x4f) | [force_exit_all] #1 0x7d14017a85fd (exp_bin+0x603d) | [force_exit_all] #2 0x7d14017a7354 (exp_bin+0x4d94) | [force_exit_all] #3 0x7d14017a3011 (exp_bin+0xa51) | [force_exit_all] #4 0x7d14017a7354 (exp_bin+0x4d94),"SELECT x , sum ( x ) OVER ( PARTITION BY 1 ) / 2 FROM ( SELECT - CASE - 67 WHEN - 79 * - 32 * ( ( SELECT 9 ) ) THEN MAX ( DISTINCT 34 ) / 0 ELSE NULL END * ( 45 ) + 19 * 17 AS x UNION SELECT DISTINCT - 82 * 26 - 12 * - 27 * CASE WHEN NOT NULL IN ( - 69 , CASE WHEN 18 + - 60 THEN "
not_counted,SQLeek,MonetDB,r5,,14.193333,14.193333,/root/dfuzz-griffin/griffin_output/griffin_monetdb_sqleek_rnd5/logSaved/id_000067_20260630_01h30m36s/griffin.log,,,no feedback signature match,[force_exit_all] #0 0x78e08b07fd3f (bin_find_smallest_column+0x4f),[force_exit_all] #0 0x78e08b07fd3f (bin_find_smallest_column+0x4f) | [force_exit_all] #1 0x78e08b07c5fd (exp_bin+0x603d) | [force_exit_all] #2 0x78e08b07b354 (exp_bin+0x4d94) | [force_exit_all] #3 0x78e08b077011 (exp_bin+0xa51) | [force_exit_all] #4 0x78e08b07b354 (exp_bin+0x4d94),"SELECT x , sum ( x ) OVER ( PARTITION BY 1 ) / 2 FROM ( SELECT - CASE - 67 WHEN - 79 * - 32 * ( ( SELECT 9 ) ) THEN MAX ( DISTINCT 34 ) / 0 ELSE NULL END * ( 45 ) + 19 * 17 AS x UNION SELECT DISTINCT - 82 * 26 - 12 * - 27 * CASE WHEN NOT NULL IN ( - 69 , CASE WHEN 18 + - 60 THEN "
not_counted,SQLeek,MonetDB,r5,,20.230556,20.230556,/root/dfuzz-griffin/griffin_output/griffin_monetdb_sqleek_rnd5/logSaved/id_000082_20260630_07h32m50s/griffin.log,,,no feedback signature match,[force_exit_all] #0 0x7594ab8449cc (exp_rel_visitor+0x8c),[force_exit_all] #0 0x7594ab8449cc (exp_rel_visitor+0x8c) | [force_exit_all] #1 0x7594ab8441a6 (rel_visitor_bu+0x436) | [force_exit_all] #2 0x7594ab8440dc (rel_visitor_bu+0x36c) | [force_exit_all] #3 0x7594ab84407f (rel_visitor_bu+0x30f) | [force_exit_all] #4 0x7594ab8440dc (rel_visitor_bu+0x36c),"SELECT ( 1 , 2 , 3 ) = ( 1 , 2 , 3 ) ;  SELECT ( 1 , 2 , 3 ) < ( 1 , 2 , 3 ) ;  SELECT 10 AS x UNION SELECT 11 AS x UNION SELECT * FROM generate_series ( 119134 , 0.000002 ) UNION SELECT 13 AS x ORDER BY covar_samp ( x > 2000 , x ) OVER ( ROWS 2 PRECEDING ) DESC ;  SELECT ( 1 , 2"
not_counted,SQLeek,MonetDB,r5,,20.268333,20.268333,/root/dfuzz-griffin/griffin_output/griffin_monetdb_sqleek_rnd5/logSaved/id_000096_20260630_07h35m06s/griffin.log,,,no feedback signature match,[force_exit_all] #0 0x70ec3b76fd56 (list_empty+0x46),[force_exit_all] #0 0x70ec3b76fd56 (list_empty+0x46) | [force_exit_all] #1 0x70ec3b62ce17 (exp_visitor+0x1b7) | [force_exit_all] #2 0x70ec3b62eec7 (rel_exp_visitor+0x8f7) | [force_exit_all] #3 0x70ec3b62ebfc (rel_exp_visitor+0x62c) | [force_exit_all] #4 0x70ec3b62ebfc (rel_exp_visitor+0x62c),"SELECT COUNT ( * ) = 0 AS x FROM ( SELECT x FROM ( SELECT 'a' AS x UNION SELECT 'b' AS x GROUP BY CUBE ( x , x ) ) AS x WHERE x >= 10 UNION SELECT 0 AS x UNION SELECT 3 AS x ) WHERE x NOT IN ( SELECT min ( x ) OVER ( ORDER BY SUM ( CASE - NULLIF ( 87 , CASE CAST( NULL AS INTEGER "
not_counted,SQLeek,MonetDB,r5,,20.268611,20.268611,/root/dfuzz-griffin/griffin_output/griffin_monetdb_sqleek_rnd5/logSaved/id_000097_20260630_07h35m07s/griffin.log,,,no feedback signature match,[force_exit_all] #0 0x77f2f8ccfd56 (list_empty+0x46),[force_exit_all] #0 0x77f2f8ccfd56 (list_empty+0x46) | [force_exit_all] #1 0x77f2f8b8ce17 (exp_visitor+0x1b7) | [force_exit_all] #2 0x77f2f8b8eec7 (rel_exp_visitor+0x8f7) | [force_exit_all] #3 0x77f2f8b8ebfc (rel_exp_visitor+0x62c) | [force_exit_all] #4 0x77f2f8b8ebfc (rel_exp_visitor+0x62c),"SELECT COUNT ( * ) = 0 AS x FROM ( SELECT x FROM ( SELECT 'a' AS x UNION SELECT 'b' AS x GROUP BY CUBE ( x , x ) ) AS x WHERE x >= 10 UNION SELECT 0 AS x UNION SELECT 3 AS x ) WHERE x NOT IN ( SELECT min ( x ) OVER ( ORDER BY SUM ( CASE - NULLIF ( 87 , CASE CAST( NULL AS INTEGER "
not_counted,SQLeek,MonetDB,r5,,20.268889,20.268889,/root/dfuzz-griffin/griffin_output/griffin_monetdb_sqleek_rnd5/logSaved/id_000098_20260630_07h35m08s/griffin.log,,,no feedback signature match,[force_exit_all] #0 0x78a3516fd9e2 (__nss_database_lookup+0x20792),[force_exit_all] #0 0x78a3516fd9e2 (__nss_database_lookup+0x20792) | [force_exit_all] #1 0x78a351a0b0b5 (exps_bind_column+0x575) | [force_exit_all] #2 0x78a351a2a650 (name_find_column+0x1d0) | [force_exit_all] #3 0x78a351a2b071 (exp_find_column+0x61) | [force_exit_all] #4 0x78a351a583cd (rel_final_optimization_loop_+0xb6d),"SELECT COUNT ( * ) = 0 AS x FROM ( SELECT x FROM ( SELECT 'a' AS x UNION SELECT 'b' AS x GROUP BY CUBE ( x , x ) ) AS x WHERE x >= 10 UNION SELECT 0 AS x UNION SELECT 3 AS x ) WHERE x NOT IN ( SELECT min ( x ) OVER ( ORDER BY SUM ( CASE - NULLIF ( 87 , CASE CAST( NULL AS INTEGER "
not_counted,SQLeek,MonetDB,r5,,20.269167,20.269167,/root/dfuzz-griffin/griffin_output/griffin_monetdb_sqleek_rnd5/logSaved/id_000099_20260630_07h35m09s/griffin.log,,,no feedback signature match,[force_exit_all] #0 0x742bf7a529e2 (__nss_database_lookup+0x20792),[force_exit_all] #0 0x742bf7a529e2 (__nss_database_lookup+0x20792) | [force_exit_all] #1 0x742bf7d600b5 (exps_bind_column+0x575) | [force_exit_all] #2 0x742bf7d7f650 (name_find_column+0x1d0) | [force_exit_all] #3 0x742bf7d80071 (exp_find_column+0x61) | [force_exit_all] #4 0x742bf7dad3cd (rel_final_optimization_loop_+0xb6d),"SELECT COUNT ( * ) = 0 AS x FROM ( SELECT x FROM ( SELECT 'a' AS x UNION SELECT 'b' AS x GROUP BY CUBE ( x , x ) ) AS x WHERE x >= 10 UNION SELECT 0 AS x UNION SELECT 3 AS x ) WHERE x NOT IN ( SELECT min ( x ) OVER ( ORDER BY SUM ( CASE - NULLIF ( 87 , CASE CAST( NULL AS INTEGER "
not_counted,SQLeek,MonetDB,r5,,20.269722,20.269722,/root/dfuzz-griffin/griffin_output/griffin_monetdb_sqleek_rnd5/logSaved/id_000100_20260630_07h35m11s/griffin.log,,,no feedback signature match,[force_exit_all] #0 0x77d31bf3b9e2 (__nss_database_lookup+0x20792),[force_exit_all] #0 0x77d31bf3b9e2 (__nss_database_lookup+0x20792) | [force_exit_all] #1 0x77d31c2490b5 (exps_bind_column+0x575) | [force_exit_all] #2 0x77d31c268650 (name_find_column+0x1d0) | [force_exit_all] #3 0x77d31c269071 (exp_find_column+0x61) | [force_exit_all] #4 0x77d31c2963cd (rel_final_optimization_loop_+0xb6d),"SELECT COUNT ( * ) = 0 AS x FROM ( SELECT x FROM ( SELECT 'a' AS x UNION SELECT 'b' AS x GROUP BY CUBE ( x , x ) ) AS x WHERE x >= 10 UNION SELECT 0 AS x UNION SELECT 3 AS x ) WHERE x NOT IN ( SELECT min ( x ) OVER ( ORDER BY SUM ( CASE - NULLIF ( 87 , CASE CAST( NULL AS INTEGER "
not_counted,SQLeek,MonetDB,r5,,20.270000,20.27,/root/dfuzz-griffin/griffin_output/griffin_monetdb_sqleek_rnd5/logSaved/id_000101_20260630_07h35m12s/griffin.log,,,no feedback signature match,[force_exit_all] #0 0x71d636d369e2 (__nss_database_lookup+0x20792),[force_exit_all] #0 0x71d636d369e2 (__nss_database_lookup+0x20792) | [force_exit_all] #1 0x71d6370440b5 (exps_bind_column+0x575) | [force_exit_all] #2 0x71d637063650 (name_find_column+0x1d0) | [force_exit_all] #3 0x71d637064071 (exp_find_column+0x61) | [force_exit_all] #4 0x71d6370913cd (rel_final_optimization_loop_+0xb6d),"SELECT COUNT ( * ) = 0 AS x FROM ( SELECT x FROM ( SELECT 'a' AS x UNION SELECT 'b' AS x GROUP BY CUBE ( x , x ) ) AS x WHERE x >= 10 UNION SELECT 0 AS x UNION SELECT 3 AS x ) WHERE x NOT IN ( SELECT min ( x ) OVER ( ORDER BY SUM ( CASE - NULLIF ( 87 , CASE CAST( NULL AS INTEGER "
not_counted,SQLeek,MonetDB,r5,,20.270278,20.270278,/root/dfuzz-griffin/griffin_output/griffin_monetdb_sqleek_rnd5/logSaved/id_000102_20260630_07h35m13s/griffin.log,,,no feedback signature match,[force_exit_all] #0 0x721d6a2a3d56 (list_empty+0x46),[force_exit_all] #0 0x721d6a2a3d56 (list_empty+0x46) | [force_exit_all] #1 0x721d6a160e17 (exp_visitor+0x1b7) | [force_exit_all] #2 0x721d6a162ec7 (rel_exp_visitor+0x8f7) | [force_exit_all] #3 0x721d6a162bfc (rel_exp_visitor+0x62c) | [force_exit_all] #4 0x721d6a162bfc (rel_exp_visitor+0x62c),"SELECT COUNT ( * ) = 0 AS x FROM ( SELECT x FROM ( SELECT 'a' AS x UNION SELECT 'b' AS x GROUP BY CUBE ( x , x ) ) AS x WHERE x >= 10 UNION SELECT 0 AS x UNION SELECT 3 AS x ) WHERE x NOT IN ( SELECT min ( x ) OVER ( ORDER BY SUM ( CASE - NULLIF ( 87 , CASE CAST( NULL AS INTEGER "
not_counted,SQLeek,MonetDB,r5,,20.270556,20.270556,/root/dfuzz-griffin/griffin_output/griffin_monetdb_sqleek_rnd5/logSaved/id_000103_20260630_07h35m14s/griffin.log,,,no feedback signature match,[force_exit_all] #0 0x75012c5a8d56 (list_empty+0x46),[force_exit_all] #0 0x75012c5a8d56 (list_empty+0x46) | [force_exit_all] #1 0x75012c465e17 (exp_visitor+0x1b7) | [force_exit_all] #2 0x75012c467ec7 (rel_exp_visitor+0x8f7) | [force_exit_all] #3 0x75012c467bfc (rel_exp_visitor+0x62c) | [force_exit_all] #4 0x75012c467bfc (rel_exp_visitor+0x62c),"SELECT COUNT ( * ) = 0 AS x FROM ( SELECT x FROM ( SELECT 'a' AS x UNION SELECT 'b' AS x GROUP BY CUBE ( x , x ) ) AS x WHERE x >= 10 UNION SELECT 0 AS x UNION SELECT 3 AS x ) WHERE x NOT IN ( SELECT min ( x ) OVER ( ORDER BY SUM ( CASE - NULLIF ( 87 , CASE CAST( NULL AS INTEGER "
not_counted,SQLeek,MonetDB,r5,,20.270833,20.270833,/root/dfuzz-griffin/griffin_output/griffin_monetdb_sqleek_rnd5/logSaved/id_000104_20260630_07h35m15s/griffin.log,,,no feedback signature match,[force_exit_all] #0 0x7314d8d8fd56 (list_empty+0x46),[force_exit_all] #0 0x7314d8d8fd56 (list_empty+0x46) | [force_exit_all] #1 0x7314d8c4ce17 (exp_visitor+0x1b7) | [force_exit_all] #2 0x7314d8c4eec7 (rel_exp_visitor+0x8f7) | [force_exit_all] #3 0x7314d8c4ebfc (rel_exp_visitor+0x62c) | [force_exit_all] #4 0x7314d8c4ebfc (rel_exp_visitor+0x62c),"SELECT COUNT ( * ) = 0 AS x FROM ( SELECT x FROM ( SELECT 'a' AS x UNION SELECT 'b' AS x GROUP BY CUBE ( x , x ) ) AS x WHERE x >= 10 UNION SELECT 0 AS x UNION SELECT 3 AS x ) WHERE x NOT IN ( SELECT min ( x ) OVER ( ORDER BY SUM ( CASE - NULLIF ( 87 , CASE CAST( NULL AS INTEGER "
not_counted,SQLeek,MonetDB,r5,,20.271111,20.271111,/root/dfuzz-griffin/griffin_output/griffin_monetdb_sqleek_rnd5/logSaved/id_000105_20260630_07h35m16s/griffin.log,,,no feedback signature match,[force_exit_all] #0 0x7439974bcd56 (list_empty+0x46),[force_exit_all] #0 0x7439974bcd56 (list_empty+0x46) | [force_exit_all] #1 0x743997379e17 (exp_visitor+0x1b7) | [force_exit_all] #2 0x74399737bec7 (rel_exp_visitor+0x8f7) | [force_exit_all] #3 0x74399737bbfc (rel_exp_visitor+0x62c) | [force_exit_all] #4 0x74399737bbfc (rel_exp_visitor+0x62c),"SELECT COUNT ( * ) = 0 AS x FROM ( SELECT x FROM ( SELECT 'a' AS x UNION SELECT 'b' AS x GROUP BY CUBE ( x , x ) ) AS x WHERE x >= 10 UNION SELECT 0 AS x UNION SELECT 3 AS x ) WHERE x NOT IN ( SELECT min ( x ) OVER ( ORDER BY SUM ( CASE - NULLIF ( 87 , CASE CAST( NULL AS INTEGER "
not_counted,SQLeek,MonetDB,r5,,20.271389,20.271389,/root/dfuzz-griffin/griffin_output/griffin_monetdb_sqleek_rnd5/logSaved/id_000106_20260630_07h35m17s/griffin.log,,,no feedback signature match,[force_exit_all] #0 0x7755e569ed56 (list_empty+0x46),[force_exit_all] #0 0x7755e569ed56 (list_empty+0x46) | [force_exit_all] #1 0x7755e555be17 (exp_visitor+0x1b7) | [force_exit_all] #2 0x7755e555dec7 (rel_exp_visitor+0x8f7) | [force_exit_all] #3 0x7755e555dbfc (rel_exp_visitor+0x62c) | [force_exit_all] #4 0x7755e555dbfc (rel_exp_visitor+0x62c),"SELECT COUNT ( * ) = 0 AS x FROM ( SELECT x FROM ( SELECT 'a' AS x UNION SELECT 'b' AS x GROUP BY CUBE ( x , x ) ) AS x WHERE x >= 10 UNION SELECT 0 AS x UNION SELECT 3 AS x ) WHERE x NOT IN ( SELECT min ( x ) OVER ( ORDER BY SUM ( CASE - NULLIF ( 87 , CASE CAST( NULL AS INTEGER "
not_counted,SQLeek,MonetDB,r5,,20.271944,20.271944,/root/dfuzz-griffin/griffin_output/griffin_monetdb_sqleek_rnd5/logSaved/id_000107_20260630_07h35m19s/griffin.log,,,no feedback signature match,[force_exit_all] #0 0x782c51475d56 (list_empty+0x46),[force_exit_all] #0 0x782c51475d56 (list_empty+0x46) | [force_exit_all] #1 0x782c51332e17 (exp_visitor+0x1b7) | [force_exit_all] #2 0x782c51334ec7 (rel_exp_visitor+0x8f7) | [force_exit_all] #3 0x782c51334bfc (rel_exp_visitor+0x62c) | [force_exit_all] #4 0x782c51334bfc (rel_exp_visitor+0x62c),"child 871733 stoped signal number=19 SELECT COUNT ( * ) = 0 AS x FROM ( SELECT x FROM ( SELECT 'a' AS x UNION SELECT 'b' AS x GROUP BY CUBE ( x , x ) ) AS x WHERE x >= 10 UNION SELECT 0 AS x UNION SELECT 3 AS x ) WHERE x NOT IN ( SELECT min ( x ) OVER ( ORDER BY SUM ( CASE - NULL"
not_counted,SQLeek,MonetDB,r5,,20.272222,20.272222,/root/dfuzz-griffin/griffin_output/griffin_monetdb_sqleek_rnd5/logSaved/id_000108_20260630_07h35m20s/griffin.log,,,no feedback signature match,[force_exit_all] #0 0x7d8a709f89e2 (__nss_database_lookup+0x20792),[force_exit_all] #0 0x7d8a709f89e2 (__nss_database_lookup+0x20792) | [force_exit_all] #1 0x7d8a70d060b5 (exps_bind_column+0x575) | [force_exit_all] #2 0x7d8a70d25650 (name_find_column+0x1d0) | [force_exit_all] #3 0x7d8a70d26071 (exp_find_column+0x61) | [force_exit_all] #4 0x7d8a70d533cd (rel_final_optimization_loop_+0xb6d),"SELECT COUNT ( * ) = 0 AS x FROM ( SELECT x FROM ( SELECT 'a' AS x UNION SELECT 'b' AS x GROUP BY CUBE ( x , x ) ) AS x WHERE x >= 10 UNION SELECT 0 AS x UNION SELECT 3 AS x ) WHERE x NOT IN ( SELECT min ( x ) OVER ( ORDER BY SUM ( CASE - NULLIF ( 87 , CASE CAST( NULL AS INTEGER "
not_counted,SQLeek,MonetDB,r5,,20.272500,20.2725,/root/dfuzz-griffin/griffin_output/griffin_monetdb_sqleek_rnd5/logSaved/id_000109_20260630_07h35m21s/griffin.log,,,no feedback signature match,[force_exit_all] #0 0x758ba42099e2 (__nss_database_lookup+0x20792),[force_exit_all] #0 0x758ba42099e2 (__nss_database_lookup+0x20792) | [force_exit_all] #1 0x758ba45170b5 (exps_bind_column+0x575) | [force_exit_all] #2 0x758ba4536650 (name_find_column+0x1d0) | [force_exit_all] #3 0x758ba4537071 (exp_find_column+0x61) | [force_exit_all] #4 0x758ba45643cd (rel_final_optimization_loop_+0xb6d),"SELECT COUNT ( * ) = 0 AS x FROM ( SELECT x FROM ( SELECT 'a' AS x UNION SELECT 'b' AS x GROUP BY CUBE ( x , x ) ) AS x WHERE x >= 10 UNION SELECT 0 AS x UNION SELECT 3 AS x ) WHERE x NOT IN ( SELECT min ( x ) OVER ( ORDER BY SUM ( CASE - NULLIF ( 87 , CASE CAST( NULL AS INTEGER "
not_counted,SQLeek,MonetDB,r5,,20.272778,20.272778,/root/dfuzz-griffin/griffin_output/griffin_monetdb_sqleek_rnd5/logSaved/id_000110_20260630_07h35m22s/griffin.log,,,no feedback signature match,[force_exit_all] #0 0x740daf961d56 (list_empty+0x46),[force_exit_all] #0 0x740daf961d56 (list_empty+0x46) | [force_exit_all] #1 0x740daf81ee17 (exp_visitor+0x1b7) | [force_exit_all] #2 0x740daf820ec7 (rel_exp_visitor+0x8f7) | [force_exit_all] #3 0x740daf820bfc (rel_exp_visitor+0x62c) | [force_exit_all] #4 0x740daf820bfc (rel_exp_visitor+0x62c),"SELECT COUNT ( * ) = 0 AS x FROM ( SELECT x FROM ( SELECT 'a' AS x UNION SELECT 'b' AS x GROUP BY CUBE ( x , x ) ) AS x WHERE x >= 10 UNION SELECT 0 AS x UNION SELECT 3 AS x ) WHERE x NOT IN ( SELECT min ( x ) OVER ( ORDER BY SUM ( CASE - NULLIF ( 87 , CASE CAST( NULL AS INTEGER "
not_counted,SQLeek,MonetDB,r5,,20.273333,20.273333,/root/dfuzz-griffin/griffin_output/griffin_monetdb_sqleek_rnd5/logSaved/id_000111_20260630_07h35m24s/griffin.log,,,no feedback signature match,[force_exit_all] #0 0x70597b571d56 (list_empty+0x46),[force_exit_all] #0 0x70597b571d56 (list_empty+0x46) | [force_exit_all] #1 0x70597b42ee17 (exp_visitor+0x1b7) | [force_exit_all] #2 0x70597b430ec7 (rel_exp_visitor+0x8f7) | [force_exit_all] #3 0x70597b430bfc (rel_exp_visitor+0x62c) | [force_exit_all] #4 0x70597b430bfc (rel_exp_visitor+0x62c),"SELECT COUNT ( * ) = 0 AS x FROM ( SELECT x FROM ( SELECT 'a' AS x UNION SELECT 'b' AS x GROUP BY CUBE ( x , x ) ) AS x WHERE x >= 10 UNION SELECT 0 AS x UNION SELECT 3 AS x ) WHERE x NOT IN ( SELECT min ( x ) OVER ( ORDER BY SUM ( CASE - NULLIF ( 87 , CASE CAST( NULL AS INTEGER "
not_counted,SQLeek,MonetDB,r5,,20.273611,20.273611,/root/dfuzz-griffin/griffin_output/griffin_monetdb_sqleek_rnd5/logSaved/id_000112_20260630_07h35m25s/griffin.log,,,no feedback signature match,[force_exit_all] #0 0x72afb95f4d56 (list_empty+0x46),[force_exit_all] #0 0x72afb95f4d56 (list_empty+0x46) | [force_exit_all] #1 0x72afb94b1e17 (exp_visitor+0x1b7) | [force_exit_all] #2 0x72afb94b3ec7 (rel_exp_visitor+0x8f7) | [force_exit_all] #3 0x72afb94b3bfc (rel_exp_visitor+0x62c) | [force_exit_all] #4 0x72afb94b3bfc (rel_exp_visitor+0x62c),"SELECT COUNT ( * ) = 0 AS x FROM ( SELECT x FROM ( SELECT 'a' AS x UNION SELECT 'b' AS x GROUP BY CUBE ( x , x ) ) AS x WHERE x >= 10 UNION SELECT 0 AS x UNION SELECT 3 AS x ) WHERE x NOT IN ( SELECT min ( x ) OVER ( ORDER BY SUM ( CASE - NULLIF ( 87 , CASE CAST( NULL AS INTEGER "
not_counted,SQLeek,MonetDB,r5,,20.273889,20.273889,/root/dfuzz-griffin/griffin_output/griffin_monetdb_sqleek_rnd5/logSaved/id_000113_20260630_07h35m26s/griffin.log,,,no feedback signature match,[force_exit_all] #0 0x7f0383a8dd56 (list_empty+0x46),[force_exit_all] #0 0x7f0383a8dd56 (list_empty+0x46) | [force_exit_all] #1 0x7f038394ae17 (exp_visitor+0x1b7) | [force_exit_all] #2 0x7f038394cec7 (rel_exp_visitor+0x8f7) | [force_exit_all] #3 0x7f038394cbfc (rel_exp_visitor+0x62c) | [force_exit_all] #4 0x7f038394cbfc (rel_exp_visitor+0x62c),"SELECT COUNT ( * ) = 0 AS x FROM ( SELECT x FROM ( SELECT 'a' AS x UNION SELECT 'b' AS x GROUP BY CUBE ( x , x ) ) AS x WHERE x >= 10 UNION SELECT 0 AS x UNION SELECT 3 AS x ) WHERE x NOT IN ( SELECT min ( x ) OVER ( ORDER BY SUM ( CASE - NULLIF ( 87 , CASE CAST( NULL AS INTEGER "
not_counted,SQLeek,MonetDB,r5,,20.274167,20.274167,/root/dfuzz-griffin/griffin_output/griffin_monetdb_sqleek_rnd5/logSaved/id_000114_20260630_07h35m27s/griffin.log,,,no feedback signature match,[force_exit_all] #0 0x7fc6e614ad56 (list_empty+0x46),[force_exit_all] #0 0x7fc6e614ad56 (list_empty+0x46) | [force_exit_all] #1 0x7fc6e6007e17 (exp_visitor+0x1b7) | [force_exit_all] #2 0x7fc6e6009ec7 (rel_exp_visitor+0x8f7) | [force_exit_all] #3 0x7fc6e6009bfc (rel_exp_visitor+0x62c) | [force_exit_all] #4 0x7fc6e6009bfc (rel_exp_visitor+0x62c),"SELECT COUNT ( * ) = 0 AS x FROM ( SELECT x FROM ( SELECT 'a' AS x UNION SELECT 'b' AS x GROUP BY CUBE ( x , x ) ) AS x WHERE x >= 10 UNION SELECT 0 AS x UNION SELECT 3 AS x ) WHERE x NOT IN ( SELECT min ( x ) OVER ( ORDER BY SUM ( CASE - NULLIF ( 87 , CASE CAST( NULL AS INTEGER "
not_counted,SQLeek,MonetDB,r5,,20.274444,20.274444,/root/dfuzz-griffin/griffin_output/griffin_monetdb_sqleek_rnd5/logSaved/id_000115_20260630_07h35m28s/griffin.log,,,no feedback signature match,[force_exit_all] #0 0x70a187e87d56 (list_empty+0x46),[force_exit_all] #0 0x70a187e87d56 (list_empty+0x46) | [force_exit_all] #1 0x70a187d44e17 (exp_visitor+0x1b7) | [force_exit_all] #2 0x70a187d46ec7 (rel_exp_visitor+0x8f7) | [force_exit_all] #3 0x70a187d46bfc (rel_exp_visitor+0x62c) | [force_exit_all] #4 0x70a187d46bfc (rel_exp_visitor+0x62c),"SELECT COUNT ( * ) = 0 AS x FROM ( SELECT x FROM ( SELECT 'a' AS x UNION SELECT 'b' AS x GROUP BY CUBE ( x , x ) ) AS x WHERE x >= 10 UNION SELECT 0 AS x UNION SELECT 3 AS x ) WHERE x NOT IN ( SELECT min ( x ) OVER ( ORDER BY SUM ( CASE - NULLIF ( 87 , CASE CAST( NULL AS INTEGER "
not_counted,SQLeek,MonetDB,r5,,20.275000,20.275,/root/dfuzz-griffin/griffin_output/griffin_monetdb_sqleek_rnd5/logSaved/id_000116_20260630_07h35m30s/griffin.log,,,no feedback signature match,[force_exit_all] #0 0x7447ac16dd56 (list_empty+0x46),[force_exit_all] #0 0x7447ac16dd56 (list_empty+0x46) | [force_exit_all] #1 0x7447ac02ae17 (exp_visitor+0x1b7) | [force_exit_all] #2 0x7447ac02cec7 (rel_exp_visitor+0x8f7) | [force_exit_all] #3 0x7447ac02cbfc (rel_exp_visitor+0x62c) | [force_exit_all] #4 0x7447ac02cbfc (rel_exp_visitor+0x62c),"SELECT COUNT ( * ) = 0 AS x FROM ( SELECT x FROM ( SELECT 'a' AS x UNION SELECT 'b' AS x GROUP BY CUBE ( x , x ) ) AS x WHERE x >= 10 UNION SELECT 0 AS x UNION SELECT 3 AS x ) WHERE x NOT IN ( SELECT min ( x ) OVER ( ORDER BY SUM ( CASE - NULLIF ( 87 , CASE CAST( NULL AS INTEGER "
not_counted,SQLeek,MonetDB,r5,,20.275278,20.275278,/root/dfuzz-griffin/griffin_output/griffin_monetdb_sqleek_rnd5/logSaved/id_000117_20260630_07h35m31s/griffin.log,,,no feedback signature match,[force_exit_all] #0 0x7ad829bb9d56 (list_empty+0x46),[force_exit_all] #0 0x7ad829bb9d56 (list_empty+0x46) | [force_exit_all] #1 0x7ad829a76e17 (exp_visitor+0x1b7) | [force_exit_all] #2 0x7ad829a78ec7 (rel_exp_visitor+0x8f7) | [force_exit_all] #3 0x7ad829a78bfc (rel_exp_visitor+0x62c) | [force_exit_all] #4 0x7ad829a78bfc (rel_exp_visitor+0x62c),"SELECT COUNT ( * ) = 0 AS x FROM ( SELECT x FROM ( SELECT 'a' AS x UNION SELECT 'b' AS x GROUP BY CUBE ( x , x ) ) AS x WHERE x >= 10 UNION SELECT 0 AS x UNION SELECT 3 AS x ) WHERE x NOT IN ( SELECT min ( x ) OVER ( ORDER BY SUM ( CASE - NULLIF ( 87 , CASE CAST( NULL AS INTEGER "
not_counted,SQLeek,MonetDB,r5,,20.392222,20.392222,/root/dfuzz-griffin/griffin_output/griffin_monetdb_sqleek_rnd5/logSaved/id_000141_20260630_07h42m32s/griffin.log,,,no feedback signature match,[force_exit_all] #0 0x76a34efebe88 (rel_unnest_projects+0x868),[force_exit_all] #0 0x76a34efebe88 (rel_unnest_projects+0x868) | [force_exit_all] #1 0x76a34efd83be (rel_visitor_bu+0x64e) | [force_exit_all] #2 0x76a34efd80dc (rel_visitor_bu+0x36c) | [force_exit_all] #3 0x76a34efd80dc (rel_visitor_bu+0x36c) | [force_exit_all] #4 0x76a34efd807f (rel_visitor_bu+0x30f),"SELECT ( 1 , 2 , 3 ) = ( 1 , 2 , 3 ) ;  SELECT ( 1 , 2 , 3 ) < ( 1 , 2 , 3 ) ;  SELECT NOT ( ( 1 , 2 , 3 ) = ( 1 , 2 , 3 ) ) ;  SELECT ( 1 , 2 , 3 ) IN ( ( 1 ) , ( 2 ) , ( 3 ) ) ;  SELECT ( 1 , 2 , 3 ) IN ( SELECT 1 UNION SELECT 2 UNION SELECT 3 ) ;  SELECT NOT ( ( 1 , 2 , 3 ) = "
not_counted,SQLeek,MonetDB,r5,,22.010278,22.010278,/root/dfuzz-griffin/griffin_output/griffin_monetdb_sqleek_rnd5/logSaved/id_000153_20260630_09h19m37s/griffin.log,,,no feedback signature match,[force_exit_all] #0 0x7b420bf4f9e2 (__nss_database_lookup+0x20792),[force_exit_all] #0 0x7b420bf4f9e2 (__nss_database_lookup+0x20792) | [force_exit_all] #1 0x7b420c2cb24b (rel_optimize_projections_+0x2e1b) | [force_exit_all] #2 0x7b420c2745ef (rel_visitor_td+0x2bf) | [force_exit_all] #3 0x7b420c2749f6 (rel_visitor_td+0x6c6) | [force_exit_all] #4 0x7b420c2749f6 (rel_visitor_td+0x6c6),"SELECT splitpart ( '%Fz晟2墁' , '' , 1 ) , splitpart ( '%Fz晟2墁' , x IN ( 407 , 178 , 124 , 224 , 382 , 814 , 334 , 27 ) OR ( x = 314 AND x = 244 ) OR x IN ( 480 , 650 , 809 , 173 , lead ( x , -1000 , 100 ) OVER ( PARTITION BY x ) , lead ( x , 1 , '100' ) OVER ( PARTITION BY x ) )"
not_counted,SQLeek,MonetDB,r5,MONETDB-008-EXP-SET-TYPE-NTH-CUBE,24.138333,24.138333,/root/dfuzz-griffin/griffin_output/griffin_monetdb_sqleek_rnd5/logSaved/id_000154_20260630_11h27m18s/griffin.log,BUG-SQLEEK-MONETDB-008-exp-set-type-nth-value-cube-crash.md,exact-top-offset-exp-visitor-chain,outside 24h budget,[force_exit_all] #0 0x7b380cd148a1 (exp_set_type+0x341),[force_exit_all] #0 0x7b380cd148a1 (exp_set_type+0x341) | [force_exit_all] #1 0x7b380ccf89ad (exp_visitor+0xd4d) | [force_exit_all] #2 0x7b380ccf9ec7 (rel_exp_visitor+0x8f7) | [force_exit_all] #3 0x7b380ccf9bfc (rel_exp_visitor+0x62c) | [force_exit_all] #4 0x7b380ccf9a94 (rel_exp_visitor+0x4c4),"SELECT x , CASE WHEN x <= 12 THEN 1 ELSE sign ( CAST( - 13 * - ( 0 ) + ( SELECT ( SELECT 105 FROM ( SELECT 10 AS x UNION SELECT 11 AS x UNION SELECT CAST( '123.5' AS NUMERIC ) AS x GROUP BY cube ( x , x ) HAVING SUBSTRING ( x , x + 1 , x ) > - 82 * 26 - 12 * - 27 * CASE WHEN NOT "
not_counted,SQLeek,MonetDB,r5,MONETDB-008-EXP-SET-TYPE-NTH-CUBE,24.138611,24.138611,/root/dfuzz-griffin/griffin_output/griffin_monetdb_sqleek_rnd5/logSaved/id_000155_20260630_11h27m19s/griffin.log,BUG-SQLEEK-MONETDB-008-exp-set-type-nth-value-cube-crash.md,exact-top-offset-exp-visitor-chain,outside 24h budget,[force_exit_all] #0 0x76550ce7f8a1 (exp_set_type+0x341),[force_exit_all] #0 0x76550ce7f8a1 (exp_set_type+0x341) | [force_exit_all] #1 0x76550ce639ad (exp_visitor+0xd4d) | [force_exit_all] #2 0x76550ce64ec7 (rel_exp_visitor+0x8f7) | [force_exit_all] #3 0x76550ce64bfc (rel_exp_visitor+0x62c) | [force_exit_all] #4 0x76550ce64a94 (rel_exp_visitor+0x4c4),"SELECT x , CASE WHEN x <= 12 THEN 1 ELSE sign ( CAST( - 13 * - ( 0 ) + ( SELECT ( SELECT 105 FROM ( SELECT 10 AS x UNION SELECT 11 AS x UNION SELECT CAST( '123.5' AS NUMERIC ) AS x GROUP BY cube ( x , x ) HAVING SUBSTRING ( x , x + 1 , x ) > - 82 * 26 - 12 * - 27 * CASE WHEN NOT "
not_counted,SQLeek,MonetDB,r5,MONETDB-008-EXP-SET-TYPE-NTH-CUBE,24.258056,24.258056,/root/dfuzz-griffin/griffin_output/griffin_monetdb_sqleek_rnd5/logSaved/id_000156_20260630_11h34m29s/griffin.log,BUG-SQLEEK-MONETDB-008-exp-set-type-nth-value-cube-crash.md,exact-top-offset-exp-visitor-chain,outside 24h budget,[force_exit_all] #0 0x7a381ea818a1 (exp_set_type+0x341),[force_exit_all] #0 0x7a381ea818a1 (exp_set_type+0x341) | [force_exit_all] #1 0x7a381ea659ad (exp_visitor+0xd4d) | [force_exit_all] #2 0x7a381ea66ec7 (rel_exp_visitor+0x8f7) | [force_exit_all] #3 0x7a381ea66bfc (rel_exp_visitor+0x62c) | [force_exit_all] #4 0x7a381ea66a94 (rel_exp_visitor+0x4c4),"SELECT x , CASE WHEN x = 12 THEN 1 ELSE 0 END AS x FROM ( SELECT 10 AS x UNION SELECT 11 AS x UNION SELECT 12 AS x UNION SELECT 13 AS x ) ; child 1906369 stoped signal number=5 SELECT x , CASE WHEN x >= 12 THEN x NOT IN ( SELECT min ( x ) OVER ( ORDER BY x GROUPS BETWEEN CURRENT "
not_counted,SQLeek,MonetDB,r5,MONETDB-008-EXP-SET-TYPE-NTH-CUBE,24.258333,24.258333,/root/dfuzz-griffin/griffin_output/griffin_monetdb_sqleek_rnd5/logSaved/id_000157_20260630_11h34m30s/griffin.log,BUG-SQLEEK-MONETDB-008-exp-set-type-nth-value-cube-crash.md,exact-top-offset-exp-visitor-chain,outside 24h budget,[force_exit_all] #0 0x700c385b68a1 (exp_set_type+0x341),[force_exit_all] #0 0x700c385b68a1 (exp_set_type+0x341) | [force_exit_all] #1 0x700c3859a9ad (exp_visitor+0xd4d) | [force_exit_all] #2 0x700c3859bec7 (rel_exp_visitor+0x8f7) | [force_exit_all] #3 0x700c3859bbfc (rel_exp_visitor+0x62c) | [force_exit_all] #4 0x700c3859ba94 (rel_exp_visitor+0x4c4),"SELECT x , CASE WHEN x = 12 THEN 1 ELSE 0 END AS x FROM ( SELECT 10 AS x UNION SELECT 11 AS x UNION SELECT 12 AS x UNION SELECT 13 AS x ) ;   SELECT x , CASE WHEN x >= 12 THEN x NOT IN ( SELECT min ( x ) OVER ( ORDER BY x GROUPS BETWEEN CURRENT ROW AND UNBOUNDED FOLLOWING ) AS x "
