run_id,dbms,repeat_id,branch_id,file,start_line,end_line,count,hit,region_ids
mariadb_griffin_r2,mariadb,2,root/mariadb/plugin/type_assoc_array/sql_type_assoc_array.cc:590:0:0,/root/mariadb/plugin/type_assoc_array/sql_type_assoc_array.cc,590,590,0,0,mariadb_target_002976
mariadb_griffin_r2,mariadb,2,root/mariadb/plugin/type_assoc_array/sql_type_assoc_array.cc:590:0:1,/root/mariadb/plugin/type_assoc_array/sql_type_assoc_array.cc,590,590,0,0,mariadb_target_002976
mariadb_griffin_r2,mariadb,2,root/mariadb/plugin/type_assoc_array/sql_type_assoc_array.cc:606:0:0,/root/mariadb/plugin/type_assoc_array/sql_type_assoc_array.cc,606,606,0,0,mariadb_target_002977
mariadb_griffin_r2,mariadb,2,root/mariadb/plugin/type_assoc_array/sql_type_assoc_array.cc:606:0:1,/root/mariadb/plugin/type_assoc_array/sql_type_assoc_array.cc,606,606,0,0,mariadb_target_002977
mariadb_griffin_r2,mariadb,2,root/mariadb/plugin/type_assoc_array/sql_type_assoc_array.cc:626:0:0,/root/mariadb/plugin/type_assoc_array/sql_type_assoc_array.cc,626,626,0,0,mariadb_target_002978
mariadb_griffin_r2,mariadb,2,root/mariadb/plugin/type_assoc_array/sql_type_assoc_array.cc:626:0:1,/root/mariadb/plugin/type_assoc_array/sql_type_assoc_array.cc,626,626,0,0,mariadb_target_002978
mariadb_griffin_r2,mariadb,2,root/mariadb/plugin/type_assoc_array/sql_type_assoc_array.cc:626:1:2,/root/mariadb/plugin/type_assoc_array/sql_type_assoc_array.cc,626,626,0,0,mariadb_target_002978
mariadb_griffin_r2,mariadb,2,root/mariadb/plugin/type_assoc_array/sql_type_assoc_array.cc:626:1:3,/root/mariadb/plugin/type_assoc_array/sql_type_assoc_array.cc,626,626,0,0,mariadb_target_002978
mariadb_griffin_r2,mariadb,2,root/mariadb/plugin/type_assoc_array/sql_type_assoc_array.cc:627:0:0,/root/mariadb/plugin/type_assoc_array/sql_type_assoc_array.cc,627,627,0,0,mariadb_target_002978
mariadb_griffin_r2,mariadb,2,root/mariadb/plugin/type_assoc_array/sql_type_assoc_array.cc:627:0:1,/root/mariadb/plugin/type_assoc_array/sql_type_assoc_array.cc,627,627,0,0,mariadb_target_002978
mariadb_griffin_r2,mariadb,2,root/mariadb/plugin/type_assoc_array/sql_type_assoc_array.cc:647:0:0,/root/mariadb/plugin/type_assoc_array/sql_type_assoc_array.cc,647,647,0,0,mariadb_target_002979
mariadb_griffin_r2,mariadb,2,root/mariadb/plugin/type_assoc_array/sql_type_assoc_array.cc:647:0:1,/root/mariadb/plugin/type_assoc_array/sql_type_assoc_array.cc,647,647,0,0,mariadb_target_002979
mariadb_griffin_r2,mariadb,2,root/mariadb/plugin/type_assoc_array/sql_type_assoc_array.cc:647:1:2,/root/mariadb/plugin/type_assoc_array/sql_type_assoc_array.cc,647,647,0,0,mariadb_target_002979
mariadb_griffin_r2,mariadb,2,root/mariadb/plugin/type_assoc_array/sql_type_assoc_array.cc:647:1:3,/root/mariadb/plugin/type_assoc_array/sql_type_assoc_array.cc,647,647,0,0,mariadb_target_002979
mariadb_griffin_r2,mariadb,2,root/mariadb/plugin/type_assoc_array/sql_type_assoc_array.cc:648:0:0,/root/mariadb/plugin/type_assoc_array/sql_type_assoc_array.cc,648,648,0,0,mariadb_target_002979
mariadb_griffin_r2,mariadb,2,root/mariadb/plugin/type_assoc_array/sql_type_assoc_array.cc:648:0:1,/root/mariadb/plugin/type_assoc_array/sql_type_assoc_array.cc,648,648,0,0,mariadb_target_002979
mariadb_griffin_r2,mariadb,2,root/mariadb/plugin/type_assoc_array/sql_type_assoc_array.cc:794:0:0,/root/mariadb/plugin/type_assoc_array/sql_type_assoc_array.cc,794,794,0,0,mariadb_target_002982
mariadb_griffin_r2,mariadb,2,root/mariadb/plugin/type_assoc_array/sql_type_assoc_array.cc:794:0:1,/root/mariadb/plugin/type_assoc_array/sql_type_assoc_array.cc,794,794,0,0,mariadb_target_002982
mariadb_griffin_r2,mariadb,2,root/mariadb/plugin/type_assoc_array/sql_type_assoc_array.cc:842:0:0,/root/mariadb/plugin/type_assoc_array/sql_type_assoc_array.cc,842,842,0,0,mariadb_target_002984
mariadb_griffin_r2,mariadb,2,root/mariadb/plugin/type_assoc_array/sql_type_assoc_array.cc:842:0:1,/root/mariadb/plugin/type_assoc_array/sql_type_assoc_array.cc,842,842,0,0,mariadb_target_002984
mariadb_griffin_r2,mariadb,2,root/mariadb/plugin/type_assoc_array/sql_type_assoc_array.cc:844:0:0,/root/mariadb/plugin/type_assoc_array/sql_type_assoc_array.cc,844,844,0,0,mariadb_target_002984
mariadb_griffin_r2,mariadb,2,root/mariadb/plugin/type_assoc_array/sql_type_assoc_array.cc:844:0:1,/root/mariadb/plugin/type_assoc_array/sql_type_assoc_array.cc,844,844,0,0,mariadb_target_002984
mariadb_griffin_r2,mariadb,2,root/mariadb/plugin/type_assoc_array/sql_type_assoc_array.cc:1746:0:0,/root/mariadb/plugin/type_assoc_array/sql_type_assoc_array.cc,1746,1746,0,0,mariadb_target_002973
mariadb_griffin_r2,mariadb,2,root/mariadb/plugin/type_assoc_array/sql_type_assoc_array.cc:1746:0:1,/root/mariadb/plugin/type_assoc_array/sql_type_assoc_array.cc,1746,1746,0,0,mariadb_target_002973
mariadb_griffin_r2,mariadb,2,root/mariadb/plugin/type_assoc_array/sql_type_assoc_array.cc:1748:0:0,/root/mariadb/plugin/type_assoc_array/sql_type_assoc_array.cc,1748,1748,0,0,mariadb_target_002973
mariadb_griffin_r2,mariadb,2,root/mariadb/plugin/type_assoc_array/sql_type_assoc_array.cc:1748:0:1,/root/mariadb/plugin/type_assoc_array/sql_type_assoc_array.cc,1748,1748,0,0,mariadb_target_002973
mariadb_griffin_r2,mariadb,2,root/mariadb/plugin/type_inet/item_inetfunc.cc:38:0:0,/root/mariadb/plugin/type_inet/item_inetfunc.cc,38,38,0,0,mariadb_target_001990
mariadb_griffin_r2,mariadb,2,root/mariadb/plugin/type_inet/item_inetfunc.cc:38:0:1,/root/mariadb/plugin/type_inet/item_inetfunc.cc,38,38,0,0,mariadb_target_001990
mariadb_griffin_r2,mariadb,2,root/mariadb/plugin/type_inet/item_inetfunc.cc:44:0:0,/root/mariadb/plugin/type_inet/item_inetfunc.cc,44,44,0,0,mariadb_target_001990
mariadb_griffin_r2,mariadb,2,root/mariadb/plugin/type_inet/item_inetfunc.cc:44:0:1,/root/mariadb/plugin/type_inet/item_inetfunc.cc,44,44,0,0,mariadb_target_001990
mariadb_griffin_r2,mariadb,2,root/mariadb/plugin/type_inet/item_inetfunc.cc:98:0:0,/root/mariadb/plugin/type_inet/item_inetfunc.cc,98,98,0,0,mariadb_target_001992
mariadb_griffin_r2,mariadb,2,root/mariadb/plugin/type_inet/item_inetfunc.cc:98:0:1,/root/mariadb/plugin/type_inet/item_inetfunc.cc,98,98,0,0,mariadb_target_001992
mariadb_griffin_r2,mariadb,2,root/mariadb/plugin/type_inet/item_inetfunc.cc:98:1:2,/root/mariadb/plugin/type_inet/item_inetfunc.cc,98,98,0,0,mariadb_target_001992
mariadb_griffin_r2,mariadb,2,root/mariadb/plugin/type_inet/item_inetfunc.cc:98:1:3,/root/mariadb/plugin/type_inet/item_inetfunc.cc,98,98,0,0,mariadb_target_001992
mariadb_griffin_r2,mariadb,2,root/mariadb/plugin/type_inet/item_inetfunc.cc:98:2:4,/root/mariadb/plugin/type_inet/item_inetfunc.cc,98,98,0,0,mariadb_target_001992
mariadb_griffin_r2,mariadb,2,root/mariadb/plugin/type_inet/item_inetfunc.cc:98:2:5,/root/mariadb/plugin/type_inet/item_inetfunc.cc,98,98,0,0,mariadb_target_001992
mariadb_griffin_r2,mariadb,2,root/mariadb/plugin/type_inet/item_inetfunc.cc:151:0:0,/root/mariadb/plugin/type_inet/item_inetfunc.cc,151,151,0,0,mariadb_target_001989
mariadb_griffin_r2,mariadb,2,root/mariadb/plugin/type_inet/item_inetfunc.cc:151:0:1,/root/mariadb/plugin/type_inet/item_inetfunc.cc,151,151,0,0,mariadb_target_001989
mariadb_griffin_r2,mariadb,2,root/mariadb/plugin/type_inet/item_inetfunc.cc:155:0:0,/root/mariadb/plugin/type_inet/item_inetfunc.cc,155,155,0,0,mariadb_target_001989
mariadb_griffin_r2,mariadb,2,root/mariadb/plugin/type_inet/item_inetfunc.cc:155:0:1,/root/mariadb/plugin/type_inet/item_inetfunc.cc,155,155,0,0,mariadb_target_001989
mariadb_griffin_r2,mariadb,2,root/mariadb/plugin/type_inet/item_inetfunc.cc:162:0:0,/root/mariadb/plugin/type_inet/item_inetfunc.cc,162,162,0,0,mariadb_target_001989
mariadb_griffin_r2,mariadb,2,root/mariadb/plugin/type_inet/item_inetfunc.cc:162:0:1,/root/mariadb/plugin/type_inet/item_inetfunc.cc,162,162,0,0,mariadb_target_001989
mariadb_griffin_r2,mariadb,2,root/mariadb/plugin/type_xmltype/sql_type_xmltype.cc:305:0:0,/root/mariadb/plugin/type_xmltype/sql_type_xmltype.cc,305,305,0,0,mariadb_target_003016
mariadb_griffin_r2,mariadb,2,root/mariadb/plugin/type_xmltype/sql_type_xmltype.cc:305:0:1,/root/mariadb/plugin/type_xmltype/sql_type_xmltype.cc,305,305,0,0,mariadb_target_003016
mariadb_griffin_r2,mariadb,2,root/mariadb/plugin/type_xmltype/sql_type_xmltype.cc:308:0:0,/root/mariadb/plugin/type_xmltype/sql_type_xmltype.cc,308,308,0,0,mariadb_target_003016
mariadb_griffin_r2,mariadb,2,root/mariadb/plugin/type_xmltype/sql_type_xmltype.cc:308:0:1,/root/mariadb/plugin/type_xmltype/sql_type_xmltype.cc,308,308,0,0,mariadb_target_003016
mariadb_griffin_r2,mariadb,2,root/mariadb/sql/char_buffer.h:62:0:0,/root/mariadb/sql/char_buffer.h,62,62,0,0,mariadb_target_001103
mariadb_griffin_r2,mariadb,2,root/mariadb/sql/char_buffer.h:62:0:1,/root/mariadb/sql/char_buffer.h,62,62,0,0,mariadb_target_001103
mariadb_griffin_r2,mariadb,2,root/mariadb/sql/char_buffer.h:62:1:2,/root/mariadb/sql/char_buffer.h,62,62,0,0,mariadb_target_001103
mariadb_griffin_r2,mariadb,2,root/mariadb/sql/char_buffer.h:62:1:3,/root/mariadb/sql/char_buffer.h,62,62,242,1,mariadb_target_001103
mariadb_griffin_r2,mariadb,2,root/mariadb/sql/derived_handler.cc:56:0:0,/root/mariadb/sql/derived_handler.cc,56,56,0,0,mariadb_target_001104
mariadb_griffin_r2,mariadb,2,root/mariadb/sql/derived_handler.cc:56:0:1,/root/mariadb/sql/derived_handler.cc,56,56,0,0,mariadb_target_001104
mariadb_griffin_r2,mariadb,2,root/mariadb/sql/field.cc:2267:0:0,/root/mariadb/sql/field.cc,2267,2267,0,0,mariadb_target_001126
mariadb_griffin_r2,mariadb,2,root/mariadb/sql/field.cc:2267:0:1,/root/mariadb/sql/field.cc,2267,2267,279,1,mariadb_target_001126
mariadb_griffin_r2,mariadb,2,root/mariadb/sql/field.cc:2271:0:0,/root/mariadb/sql/field.cc,2271,2271,0,0,mariadb_target_001126
mariadb_griffin_r2,mariadb,2,root/mariadb/sql/field.cc:2271:0:1,/root/mariadb/sql/field.cc,2271,2271,0,0,mariadb_target_001126
mariadb_griffin_r2,mariadb,2,root/mariadb/sql/field.cc:2346:0:0,/root/mariadb/sql/field.cc,2346,2346,0,0,mariadb_target_000009;mariadb_target_001127
mariadb_griffin_r2,mariadb,2,root/mariadb/sql/field.cc:2346:0:1,/root/mariadb/sql/field.cc,2346,2346,0,0,mariadb_target_000009;mariadb_target_001127
mariadb_griffin_r2,mariadb,2,root/mariadb/sql/field.cc:2352:0:0,/root/mariadb/sql/field.cc,2352,2352,0,0,mariadb_target_000009;mariadb_target_001127
mariadb_griffin_r2,mariadb,2,root/mariadb/sql/field.cc:2352:0:1,/root/mariadb/sql/field.cc,2352,2352,0,0,mariadb_target_000009;mariadb_target_001127
mariadb_griffin_r2,mariadb,2,root/mariadb/sql/field.cc:2509:0:0,/root/mariadb/sql/field.cc,2509,2509,8,1,mariadb_target_000011;mariadb_target_001130
mariadb_griffin_r2,mariadb,2,root/mariadb/sql/field.cc:2509:0:1,/root/mariadb/sql/field.cc,2509,2509,0,0,mariadb_target_000011;mariadb_target_001130
mariadb_griffin_r2,mariadb,2,root/mariadb/sql/field.cc:2675:0:0,/root/mariadb/sql/field.cc,2675,2675,8,1,mariadb_target_000012;mariadb_target_001131;mariadb_target_001132
mariadb_griffin_r2,mariadb,2,root/mariadb/sql/field.cc:2675:0:1,/root/mariadb/sql/field.cc,2675,2675,0,0,mariadb_target_000012;mariadb_target_001131;mariadb_target_001132
mariadb_griffin_r2,mariadb,2,root/mariadb/sql/field.cc:2677:0:0,/root/mariadb/sql/field.cc,2677,2677,0,0,mariadb_target_000012;mariadb_target_001131;mariadb_target_001132
mariadb_griffin_r2,mariadb,2,root/mariadb/sql/field.cc:2677:0:1,/root/mariadb/sql/field.cc,2677,2677,8,1,mariadb_target_000012;mariadb_target_001131;mariadb_target_001132
mariadb_griffin_r2,mariadb,2,root/mariadb/sql/field.cc:3348:0:0,/root/mariadb/sql/field.cc,3348,3348,0,0,mariadb_target_001134
mariadb_griffin_r2,mariadb,2,root/mariadb/sql/field.cc:3348:0:1,/root/mariadb/sql/field.cc,3348,3348,0,0,mariadb_target_001134
mariadb_griffin_r2,mariadb,2,root/mariadb/sql/field.cc:3351:0:0,/root/mariadb/sql/field.cc,3351,3351,0,0,mariadb_target_001134
mariadb_griffin_r2,mariadb,2,root/mariadb/sql/field.cc:3351:0:1,/root/mariadb/sql/field.cc,3351,3351,0,0,mariadb_target_001134
mariadb_griffin_r2,mariadb,2,root/mariadb/sql/field.cc:3385:0:0,/root/mariadb/sql/field.cc,3385,3385,0,0,mariadb_target_001135
mariadb_griffin_r2,mariadb,2,root/mariadb/sql/field.cc:3385:0:1,/root/mariadb/sql/field.cc,3385,3385,0,0,mariadb_target_001135
mariadb_griffin_r2,mariadb,2,root/mariadb/sql/field.cc:3388:0:0,/root/mariadb/sql/field.cc,3388,3388,0,0,mariadb_target_001135;mariadb_target_001136
mariadb_griffin_r2,mariadb,2,root/mariadb/sql/field.cc:3388:0:1,/root/mariadb/sql/field.cc,3388,3388,0,0,mariadb_target_001135;mariadb_target_001136
mariadb_griffin_r2,mariadb,2,root/mariadb/sql/field.cc:3406:0:0,/root/mariadb/sql/field.cc,3406,3406,0,0,mariadb_target_000015;mariadb_target_001138
mariadb_griffin_r2,mariadb,2,root/mariadb/sql/field.cc:3406:0:1,/root/mariadb/sql/field.cc,3406,3406,0,0,mariadb_target_000015;mariadb_target_001138
mariadb_griffin_r2,mariadb,2,root/mariadb/sql/field.cc:3407:0:0,/root/mariadb/sql/field.cc,3407,3407,0,0,mariadb_target_000015;mariadb_target_000016;mariadb_target_001138;mariadb_target_001139
mariadb_griffin_r2,mariadb,2,root/mariadb/sql/field.cc:3407:0:1,/root/mariadb/sql/field.cc,3407,3407,0,0,mariadb_target_000015;mariadb_target_000016;mariadb_target_001138;mariadb_target_001139
mariadb_griffin_r2,mariadb,2,root/mariadb/sql/field.cc:3408:0:0,/root/mariadb/sql/field.cc,3408,3408,0,0,mariadb_target_000016;mariadb_target_001139
mariadb_griffin_r2,mariadb,2,root/mariadb/sql/field.cc:3408:0:1,/root/mariadb/sql/field.cc,3408,3408,0,0,mariadb_target_000016;mariadb_target_001139
mariadb_griffin_r2,mariadb,2,root/mariadb/sql/field.cc:3408:1:2,/root/mariadb/sql/field.cc,3408,3408,0,0,mariadb_target_000016;mariadb_target_001139
mariadb_griffin_r2,mariadb,2,root/mariadb/sql/field.cc:3408:1:3,/root/mariadb/sql/field.cc,3408,3408,0,0,mariadb_target_000016;mariadb_target_001139
mariadb_griffin_r2,mariadb,2,root/mariadb/sql/field.cc:3409:0:0,/root/mariadb/sql/field.cc,3409,3409,0,0,mariadb_target_000016;mariadb_target_001139
mariadb_griffin_r2,mariadb,2,root/mariadb/sql/field.cc:3409:0:1,/root/mariadb/sql/field.cc,3409,3409,0,0,mariadb_target_000016;mariadb_target_001139
mariadb_griffin_r2,mariadb,2,root/mariadb/sql/field.cc:3410:0:0,/root/mariadb/sql/field.cc,3410,3410,0,0,mariadb_target_000016;mariadb_target_001139
mariadb_griffin_r2,mariadb,2,root/mariadb/sql/field.cc:3410:0:1,/root/mariadb/sql/field.cc,3410,3410,0,0,mariadb_target_000016;mariadb_target_001139
mariadb_griffin_r2,mariadb,2,root/mariadb/sql/field.cc:3410:1:2,/root/mariadb/sql/field.cc,3410,3410,0,0,mariadb_target_000016;mariadb_target_001139
mariadb_griffin_r2,mariadb,2,root/mariadb/sql/field.cc:3410:1:3,/root/mariadb/sql/field.cc,3410,3410,0,0,mariadb_target_000016;mariadb_target_001139
mariadb_griffin_r2,mariadb,2,root/mariadb/sql/field.cc:3411:0:0,/root/mariadb/sql/field.cc,3411,3411,0,0,mariadb_target_000016;mariadb_target_001139
mariadb_griffin_r2,mariadb,2,root/mariadb/sql/field.cc:3411:0:1,/root/mariadb/sql/field.cc,3411,3411,0,0,mariadb_target_000016;mariadb_target_001139
mariadb_griffin_r2,mariadb,2,root/mariadb/sql/field.cc:3414:0:0,/root/mariadb/sql/field.cc,3414,3414,0,0,mariadb_target_000016;mariadb_target_001139
mariadb_griffin_r2,mariadb,2,root/mariadb/sql/field.cc:3414:0:1,/root/mariadb/sql/field.cc,3414,3414,0,0,mariadb_target_000016;mariadb_target_001139
mariadb_griffin_r2,mariadb,2,root/mariadb/sql/field.cc:3417:0:0,/root/mariadb/sql/field.cc,3417,3417,0,0,mariadb_target_000016;mariadb_target_001139
mariadb_griffin_r2,mariadb,2,root/mariadb/sql/field.cc:3417:0:1,/root/mariadb/sql/field.cc,3417,3417,0,0,mariadb_target_000016;mariadb_target_001139
mariadb_griffin_r2,mariadb,2,root/mariadb/sql/field.cc:3655:0:0,/root/mariadb/sql/field.cc,3655,3655,0,0,mariadb_target_000017;mariadb_target_001140
mariadb_griffin_r2,mariadb,2,root/mariadb/sql/field.cc:3655:0:1,/root/mariadb/sql/field.cc,3655,3655,0,0,mariadb_target_000017;mariadb_target_001140
mariadb_griffin_r2,mariadb,2,root/mariadb/sql/field.cc:3657:0:0,/root/mariadb/sql/field.cc,3657,3657,0,0,mariadb_target_000017;mariadb_target_001140
mariadb_griffin_r2,mariadb,2,root/mariadb/sql/field.cc:3657:0:1,/root/mariadb/sql/field.cc,3657,3657,0,0,mariadb_target_000017;mariadb_target_001140
mariadb_griffin_r2,mariadb,2,root/mariadb/sql/field.cc:3657:1:2,/root/mariadb/sql/field.cc,3657,3657,0,0,mariadb_target_000017;mariadb_target_001140
mariadb_griffin_r2,mariadb,2,root/mariadb/sql/field.cc:3657:1:3,/root/mariadb/sql/field.cc,3657,3657,0,0,mariadb_target_000017;mariadb_target_001140
mariadb_griffin_r2,mariadb,2,root/mariadb/sql/field.cc:3739:0:0,/root/mariadb/sql/field.cc,3739,3739,0,0,mariadb_target_000018;mariadb_target_001141
mariadb_griffin_r2,mariadb,2,root/mariadb/sql/field.cc:3739:0:1,/root/mariadb/sql/field.cc,3739,3739,2319,1,mariadb_target_000018;mariadb_target_001141
mariadb_griffin_r2,mariadb,2,root/mariadb/sql/field.cc:3742:0:0,/root/mariadb/sql/field.cc,3742,3742,0,0,mariadb_target_000018;mariadb_target_001141
mariadb_griffin_r2,mariadb,2,root/mariadb/sql/field.cc:3742:0:1,/root/mariadb/sql/field.cc,3742,3742,0,0,mariadb_target_000018;mariadb_target_001141
mariadb_griffin_r2,mariadb,2,root/mariadb/sql/field.cc:3747:0:0,/root/mariadb/sql/field.cc,3747,3747,4,1,mariadb_target_000018;mariadb_target_001141
mariadb_griffin_r2,mariadb,2,root/mariadb/sql/field.cc:3747:0:1,/root/mariadb/sql/field.cc,3747,3747,2315,1,mariadb_target_000018;mariadb_target_001141
mariadb_griffin_r2,mariadb,2,root/mariadb/sql/field.cc:4130:0:0,/root/mariadb/sql/field.cc,4130,4130,1,1,mariadb_target_000021;mariadb_target_001144
mariadb_griffin_r2,mariadb,2,root/mariadb/sql/field.cc:4130:0:1,/root/mariadb/sql/field.cc,4130,4130,0,0,mariadb_target_000021;mariadb_target_001144
mariadb_griffin_r2,mariadb,2,root/mariadb/sql/field.cc:4293:0:0,/root/mariadb/sql/field.cc,4293,4293,31,1,mariadb_target_000022;mariadb_target_001145
mariadb_griffin_r2,mariadb,2,root/mariadb/sql/field.cc:4293:0:1,/root/mariadb/sql/field.cc,4293,4293,3,1,mariadb_target_000022;mariadb_target_001145
mariadb_griffin_r2,mariadb,2,root/mariadb/sql/field.cc:4293:1:2,/root/mariadb/sql/field.cc,4293,4293,3,1,mariadb_target_000022;mariadb_target_001145
mariadb_griffin_r2,mariadb,2,root/mariadb/sql/field.cc:4293:1:3,/root/mariadb/sql/field.cc,4293,4293,0,0,mariadb_target_000022;mariadb_target_001145
mariadb_griffin_r2,mariadb,2,root/mariadb/sql/field.cc:4298:0:0,/root/mariadb/sql/field.cc,4298,4298,0,0,mariadb_target_000022;mariadb_target_001145
mariadb_griffin_r2,mariadb,2,root/mariadb/sql/field.cc:4298:0:1,/root/mariadb/sql/field.cc,4298,4298,30,1,mariadb_target_000022;mariadb_target_001145
mariadb_griffin_r2,mariadb,2,root/mariadb/sql/field.cc:4465:0:0,/root/mariadb/sql/field.cc,4465,4465,0,0,mariadb_target_000023;mariadb_target_001146
mariadb_griffin_r2,mariadb,2,root/mariadb/sql/field.cc:4465:0:1,/root/mariadb/sql/field.cc,4465,4465,0,0,mariadb_target_000023;mariadb_target_001146
mariadb_griffin_r2,mariadb,2,root/mariadb/sql/field.cc:4465:1:2,/root/mariadb/sql/field.cc,4465,4465,0,0,mariadb_target_000023;mariadb_target_001146
mariadb_griffin_r2,mariadb,2,root/mariadb/sql/field.cc:4465:1:3,/root/mariadb/sql/field.cc,4465,4465,0,0,mariadb_target_000023;mariadb_target_001146
mariadb_griffin_r2,mariadb,2,root/mariadb/sql/field.cc:4652:0:0,/root/mariadb/sql/field.cc,4652,4652,28,1,mariadb_target_000024;mariadb_target_001147;mariadb_target_001148
mariadb_griffin_r2,mariadb,2,root/mariadb/sql/field.cc:4652:0:1,/root/mariadb/sql/field.cc,4652,4652,2,1,mariadb_target_000024;mariadb_target_001147;mariadb_target_001148
mariadb_griffin_r2,mariadb,2,root/mariadb/sql/field.cc:4653:0:0,/root/mariadb/sql/field.cc,4653,4653,0,0,mariadb_target_000024;mariadb_target_001147;mariadb_target_001148
mariadb_griffin_r2,mariadb,2,root/mariadb/sql/field.cc:4653:0:1,/root/mariadb/sql/field.cc,4653,4653,28,1,mariadb_target_000024;mariadb_target_001147;mariadb_target_001148
mariadb_griffin_r2,mariadb,2,root/mariadb/sql/field.cc:4653:1:2,/root/mariadb/sql/field.cc,4653,4653,0,0,mariadb_target_000024;mariadb_target_001147;mariadb_target_001148
mariadb_griffin_r2,mariadb,2,root/mariadb/sql/field.cc:4653:1:3,/root/mariadb/sql/field.cc,4653,4653,28,1,mariadb_target_000024;mariadb_target_001147;mariadb_target_001148
mariadb_griffin_r2,mariadb,2,root/mariadb/sql/field.cc:4654:0:0,/root/mariadb/sql/field.cc,4654,4654,1,1,mariadb_target_000024;mariadb_target_001147;mariadb_target_001148
mariadb_griffin_r2,mariadb,2,root/mariadb/sql/field.cc:4654:0:1,/root/mariadb/sql/field.cc,4654,4654,1,1,mariadb_target_000024;mariadb_target_001147;mariadb_target_001148
mariadb_griffin_r2,mariadb,2,root/mariadb/sql/field.cc:4654:1:2,/root/mariadb/sql/field.cc,4654,4654,1,1,mariadb_target_000024;mariadb_target_001147;mariadb_target_001148
mariadb_griffin_r2,mariadb,2,root/mariadb/sql/field.cc:4654:1:3,/root/mariadb/sql/field.cc,4654,4654,0,0,mariadb_target_000024;mariadb_target_001147;mariadb_target_001148
mariadb_griffin_r2,mariadb,2,root/mariadb/sql/field.cc:4659:0:0,/root/mariadb/sql/field.cc,4659,4659,0,0,mariadb_target_000025;mariadb_target_001148;mariadb_target_001149
mariadb_griffin_r2,mariadb,2,root/mariadb/sql/field.cc:4659:0:1,/root/mariadb/sql/field.cc,4659,4659,3345,1,mariadb_target_000025;mariadb_target_001148;mariadb_target_001149
mariadb_griffin_r2,mariadb,2,root/mariadb/sql/field.cc:4793:0:0,/root/mariadb/sql/field.cc,4793,4793,0,0,mariadb_target_000026;mariadb_target_001150
mariadb_griffin_r2,mariadb,2,root/mariadb/sql/field.cc:4793:0:1,/root/mariadb/sql/field.cc,4793,4793,11,1,mariadb_target_000026;mariadb_target_001150
mariadb_griffin_r2,mariadb,2,root/mariadb/sql/field.cc:4794:0:0,/root/mariadb/sql/field.cc,4794,4794,0,0,mariadb_target_000026;mariadb_target_001150
mariadb_griffin_r2,mariadb,2,root/mariadb/sql/field.cc:4794:0:1,/root/mariadb/sql/field.cc,4794,4794,0,0,mariadb_target_000026;mariadb_target_001150
mariadb_griffin_r2,mariadb,2,root/mariadb/sql/field.cc:4795:0:0,/root/mariadb/sql/field.cc,4795,4795,0,0,mariadb_target_000026;mariadb_target_001150
mariadb_griffin_r2,mariadb,2,root/mariadb/sql/field.cc:4795:0:1,/root/mariadb/sql/field.cc,4795,4795,0,0,mariadb_target_000026;mariadb_target_001150
mariadb_griffin_r2,mariadb,2,root/mariadb/sql/field.cc:4796:0:0,/root/mariadb/sql/field.cc,4796,4796,5,1,mariadb_target_000026;mariadb_target_001150
mariadb_griffin_r2,mariadb,2,root/mariadb/sql/field.cc:4796:0:1,/root/mariadb/sql/field.cc,4796,4796,6,1,mariadb_target_000026;mariadb_target_001150
mariadb_griffin_r2,mariadb,2,root/mariadb/sql/field.cc:4796:1:2,/root/mariadb/sql/field.cc,4796,4796,4,1,mariadb_target_000026;mariadb_target_001150
mariadb_griffin_r2,mariadb,2,root/mariadb/sql/field.cc:4796:1:3,/root/mariadb/sql/field.cc,4796,4796,2,1,mariadb_target_000026;mariadb_target_001150
mariadb_griffin_r2,mariadb,2,root/mariadb/sql/field.cc:4903:0:0,/root/mariadb/sql/field.cc,4903,4903,0,0,mariadb_target_001151
mariadb_griffin_r2,mariadb,2,root/mariadb/sql/field.cc:4903:0:1,/root/mariadb/sql/field.cc,4903,4903,0,0,mariadb_target_001151
mariadb_griffin_r2,mariadb,2,root/mariadb/sql/field.cc:4909:0:0,/root/mariadb/sql/field.cc,4909,4909,0,0,mariadb_target_001151
mariadb_griffin_r2,mariadb,2,root/mariadb/sql/field.cc:4909:0:1,/root/mariadb/sql/field.cc,4909,4909,0,0,mariadb_target_001151
mariadb_griffin_r2,mariadb,2,root/mariadb/sql/field.cc:4931:0:0,/root/mariadb/sql/field.cc,4931,4931,0,0,mariadb_target_000027;mariadb_target_001152
mariadb_griffin_r2,mariadb,2,root/mariadb/sql/field.cc:4931:0:1,/root/mariadb/sql/field.cc,4931,4931,4,1,mariadb_target_000027;mariadb_target_001152
mariadb_griffin_r2,mariadb,2,root/mariadb/sql/field.cc:5053:0:0,/root/mariadb/sql/field.cc,5053,5053,181,1,mariadb_target_001153
mariadb_griffin_r2,mariadb,2,root/mariadb/sql/field.cc:5053:0:1,/root/mariadb/sql/field.cc,5053,5053,2178,1,mariadb_target_001153
mariadb_griffin_r2,mariadb,2,root/mariadb/sql/field.cc:5053:1:2,/root/mariadb/sql/field.cc,5053,5053,0,0,mariadb_target_001153
mariadb_griffin_r2,mariadb,2,root/mariadb/sql/field.cc:5053:1:3,/root/mariadb/sql/field.cc,5053,5053,181,1,mariadb_target_001153
mariadb_griffin_r2,mariadb,2,root/mariadb/sql/field.cc:5059:0:0,/root/mariadb/sql/field.cc,5059,5059,0,0,mariadb_target_001153
mariadb_griffin_r2,mariadb,2,root/mariadb/sql/field.cc:5059:0:1,/root/mariadb/sql/field.cc,5059,5059,2359,1,mariadb_target_001153
mariadb_griffin_r2,mariadb,2,root/mariadb/sql/field.cc:5197:0:0,/root/mariadb/sql/field.cc,5197,5197,0,0,mariadb_target_001154
mariadb_griffin_r2,mariadb,2,root/mariadb/sql/field.cc:5197:0:1,/root/mariadb/sql/field.cc,5197,5197,1704,1,mariadb_target_001154
mariadb_griffin_r2,mariadb,2,root/mariadb/sql/field.cc:5199:0:0,/root/mariadb/sql/field.cc,5199,5199,0,0,mariadb_target_001154
mariadb_griffin_r2,mariadb,2,root/mariadb/sql/field.cc:5199:0:1,/root/mariadb/sql/field.cc,5199,5199,1704,1,mariadb_target_001154
mariadb_griffin_r2,mariadb,2,root/mariadb/sql/field.cc:5207:0:0,/root/mariadb/sql/field.cc,5207,5207,1216,1,mariadb_target_000028;mariadb_target_001155
mariadb_griffin_r2,mariadb,2,root/mariadb/sql/field.cc:5207:0:1,/root/mariadb/sql/field.cc,5207,5207,488,1,mariadb_target_000028;mariadb_target_001155
mariadb_griffin_r2,mariadb,2,root/mariadb/sql/field.cc:5266:0:0,/root/mariadb/sql/field.cc,5266,5266,0,0,mariadb_target_000029;mariadb_target_001156
mariadb_griffin_r2,mariadb,2,root/mariadb/sql/field.cc:5266:0:1,/root/mariadb/sql/field.cc,5266,5266,0,0,mariadb_target_000029;mariadb_target_001156
mariadb_griffin_r2,mariadb,2,root/mariadb/sql/field.cc:5266:1:2,/root/mariadb/sql/field.cc,5266,5266,0,0,mariadb_target_000029;mariadb_target_001156
mariadb_griffin_r2,mariadb,2,root/mariadb/sql/field.cc:5266:1:3,/root/mariadb/sql/field.cc,5266,5266,0,0,mariadb_target_000029;mariadb_target_001156
mariadb_griffin_r2,mariadb,2,root/mariadb/sql/field.cc:5277:0:0,/root/mariadb/sql/field.cc,5277,5277,0,0,mariadb_target_001157
mariadb_griffin_r2,mariadb,2,root/mariadb/sql/field.cc:5277:0:1,/root/mariadb/sql/field.cc,5277,5277,0,0,mariadb_target_001157
mariadb_griffin_r2,mariadb,2,root/mariadb/sql/field.cc:5277:1:2,/root/mariadb/sql/field.cc,5277,5277,0,0,mariadb_target_001157
mariadb_griffin_r2,mariadb,2,root/mariadb/sql/field.cc:5277:1:3,/root/mariadb/sql/field.cc,5277,5277,0,0,mariadb_target_001157
mariadb_griffin_r2,mariadb,2,root/mariadb/sql/field.cc:5414:0:0,/root/mariadb/sql/field.cc,5414,5414,2,1,mariadb_target_000030;mariadb_target_001158
mariadb_griffin_r2,mariadb,2,root/mariadb/sql/field.cc:5414:0:1,/root/mariadb/sql/field.cc,5414,5414,18,1,mariadb_target_000030;mariadb_target_001158
mariadb_griffin_r2,mariadb,2,root/mariadb/sql/field.cc:5513:0:0,/root/mariadb/sql/field.cc,5513,5513,0,0,mariadb_target_000031;mariadb_target_001159
mariadb_griffin_r2,mariadb,2,root/mariadb/sql/field.cc:5513:0:1,/root/mariadb/sql/field.cc,5513,5513,12,1,mariadb_target_000031;mariadb_target_001159
mariadb_griffin_r2,mariadb,2,root/mariadb/sql/field.cc:5513:1:2,/root/mariadb/sql/field.cc,5513,5513,0,0,mariadb_target_000031;mariadb_target_001159
mariadb_griffin_r2,mariadb,2,root/mariadb/sql/field.cc:5513:1:3,/root/mariadb/sql/field.cc,5513,5513,0,0,mariadb_target_000031;mariadb_target_001159
mariadb_griffin_r2,mariadb,2,root/mariadb/sql/field.cc:5837:0:0,/root/mariadb/sql/field.cc,5837,5837,0,0,mariadb_target_000034;mariadb_target_001162
mariadb_griffin_r2,mariadb,2,root/mariadb/sql/field.cc:5837:0:1,/root/mariadb/sql/field.cc,5837,5837,120,1,mariadb_target_000034;mariadb_target_001162
mariadb_griffin_r2,mariadb,2,root/mariadb/sql/field.cc:5899:0:0,/root/mariadb/sql/field.cc,5899,5899,0,0,mariadb_target_000036;mariadb_target_001164;mariadb_target_001165
mariadb_griffin_r2,mariadb,2,root/mariadb/sql/field.cc:5899:0:1,/root/mariadb/sql/field.cc,5899,5899,0,0,mariadb_target_000036;mariadb_target_001164;mariadb_target_001165
mariadb_griffin_r2,mariadb,2,root/mariadb/sql/field.cc:5899:1:2,/root/mariadb/sql/field.cc,5899,5899,0,0,mariadb_target_000036;mariadb_target_001164;mariadb_target_001165
mariadb_griffin_r2,mariadb,2,root/mariadb/sql/field.cc:5899:1:3,/root/mariadb/sql/field.cc,5899,5899,0,0,mariadb_target_000036;mariadb_target_001164;mariadb_target_001165
mariadb_griffin_r2,mariadb,2,root/mariadb/sql/field.cc:5899:2:4,/root/mariadb/sql/field.cc,5899,5899,0,0,mariadb_target_000036;mariadb_target_001164;mariadb_target_001165
mariadb_griffin_r2,mariadb,2,root/mariadb/sql/field.cc:5899:2:5,/root/mariadb/sql/field.cc,5899,5899,0,0,mariadb_target_000036;mariadb_target_001164;mariadb_target_001165
mariadb_griffin_r2,mariadb,2,root/mariadb/sql/field.cc:6126:0:0,/root/mariadb/sql/field.cc,6126,6126,0,0,mariadb_target_000038;mariadb_target_001167
mariadb_griffin_r2,mariadb,2,root/mariadb/sql/field.cc:6126:0:1,/root/mariadb/sql/field.cc,6126,6126,0,0,mariadb_target_000038;mariadb_target_001167
mariadb_griffin_r2,mariadb,2,root/mariadb/sql/field.cc:6127:0:0,/root/mariadb/sql/field.cc,6127,6127,0,0,mariadb_target_000038;mariadb_target_001167
mariadb_griffin_r2,mariadb,2,root/mariadb/sql/field.cc:6127:0:1,/root/mariadb/sql/field.cc,6127,6127,0,0,mariadb_target_000038;mariadb_target_001167
mariadb_griffin_r2,mariadb,2,root/mariadb/sql/field.cc:6128:0:0,/root/mariadb/sql/field.cc,6128,6128,0,0,mariadb_target_000038;mariadb_target_001167
mariadb_griffin_r2,mariadb,2,root/mariadb/sql/field.cc:6128:0:1,/root/mariadb/sql/field.cc,6128,6128,0,0,mariadb_target_000038;mariadb_target_001167
mariadb_griffin_r2,mariadb,2,root/mariadb/sql/field.cc:6129:0:0,/root/mariadb/sql/field.cc,6129,6129,0,0,mariadb_target_000038;mariadb_target_001167
mariadb_griffin_r2,mariadb,2,root/mariadb/sql/field.cc:6129:0:1,/root/mariadb/sql/field.cc,6129,6129,0,0,mariadb_target_000038;mariadb_target_001167
mariadb_griffin_r2,mariadb,2,root/mariadb/sql/field.cc:6130:0:0,/root/mariadb/sql/field.cc,6130,6130,0,0,mariadb_target_000038;mariadb_target_001167;mariadb_target_001168
mariadb_griffin_r2,mariadb,2,root/mariadb/sql/field.cc:6130:0:1,/root/mariadb/sql/field.cc,6130,6130,0,0,mariadb_target_000038;mariadb_target_001167;mariadb_target_001168
mariadb_griffin_r2,mariadb,2,root/mariadb/sql/field.cc:6338:0:0,/root/mariadb/sql/field.cc,6338,6338,0,0,mariadb_target_000040;mariadb_target_001170
mariadb_griffin_r2,mariadb,2,root/mariadb/sql/field.cc:6338:0:1,/root/mariadb/sql/field.cc,6338,6338,0,0,mariadb_target_000040;mariadb_target_001170
mariadb_griffin_r2,mariadb,2,root/mariadb/sql/field.cc:6772:0:0,/root/mariadb/sql/field.cc,6772,6772,0,0,mariadb_target_000042;mariadb_target_001173
mariadb_griffin_r2,mariadb,2,root/mariadb/sql/field.cc:6772:0:1,/root/mariadb/sql/field.cc,6772,6772,6,1,mariadb_target_000042;mariadb_target_001173
mariadb_griffin_r2,mariadb,2,root/mariadb/sql/field.cc:6782:0:0,/root/mariadb/sql/field.cc,6782,6782,0,0,mariadb_target_000042;mariadb_target_001173
mariadb_griffin_r2,mariadb,2,root/mariadb/sql/field.cc:6782:0:1,/root/mariadb/sql/field.cc,6782,6782,0,0,mariadb_target_000042;mariadb_target_001173
mariadb_griffin_r2,mariadb,2,root/mariadb/sql/field.cc:6782:1:2,/root/mariadb/sql/field.cc,6782,6782,0,0,mariadb_target_000042;mariadb_target_001173
mariadb_griffin_r2,mariadb,2,root/mariadb/sql/field.cc:6782:1:3,/root/mariadb/sql/field.cc,6782,6782,0,0,mariadb_target_000042;mariadb_target_001173
mariadb_griffin_r2,mariadb,2,root/mariadb/sql/field.cc:7516:0:0,/root/mariadb/sql/field.cc,7516,7516,0,0,mariadb_target_000051;mariadb_target_001183
mariadb_griffin_r2,mariadb,2,root/mariadb/sql/field.cc:7516:0:1,/root/mariadb/sql/field.cc,7516,7516,479580,1,mariadb_target_000051;mariadb_target_001183
mariadb_griffin_r2,mariadb,2,root/mariadb/sql/field.cc:7558:0:0,/root/mariadb/sql/field.cc,7558,7558,789,1,mariadb_target_000052;mariadb_target_001184
mariadb_griffin_r2,mariadb,2,root/mariadb/sql/field.cc:7558:0:1,/root/mariadb/sql/field.cc,7558,7558,820,1,mariadb_target_000052;mariadb_target_001184
mariadb_griffin_r2,mariadb,2,root/mariadb/sql/field.cc:7576:0:0,/root/mariadb/sql/field.cc,7576,7576,0,0,mariadb_target_001185
mariadb_griffin_r2,mariadb,2,root/mariadb/sql/field.cc:7576:0:1,/root/mariadb/sql/field.cc,7576,7576,204,1,mariadb_target_001185
mariadb_griffin_r2,mariadb,2,root/mariadb/sql/field.cc:7581:0:0,/root/mariadb/sql/field.cc,7581,7581,54,1,mariadb_target_001185
mariadb_griffin_r2,mariadb,2,root/mariadb/sql/field.cc:7581:0:1,/root/mariadb/sql/field.cc,7581,7581,150,1,mariadb_target_001185
mariadb_griffin_r2,mariadb,2,root/mariadb/sql/field.cc:7584:0:0,/root/mariadb/sql/field.cc,7584,7584,150,1,mariadb_target_001185
mariadb_griffin_r2,mariadb,2,root/mariadb/sql/field.cc:7584:0:1,/root/mariadb/sql/field.cc,7584,7584,54,1,mariadb_target_001185
mariadb_griffin_r2,mariadb,2,root/mariadb/sql/field.cc:8822:0:0,/root/mariadb/sql/field.cc,8822,8822,0,0,mariadb_target_000059;mariadb_target_000060;mariadb_target_001192;mariadb_target_001193
mariadb_griffin_r2,mariadb,2,root/mariadb/sql/field.cc:8822:0:1,/root/mariadb/sql/field.cc,8822,8822,0,0,mariadb_target_000059;mariadb_target_000060;mariadb_target_001192;mariadb_target_001193
mariadb_griffin_r2,mariadb,2,root/mariadb/sql/field.cc:8939:0:0,/root/mariadb/sql/field.cc,8939,8939,0,0,mariadb_target_000062;mariadb_target_001195
mariadb_griffin_r2,mariadb,2,root/mariadb/sql/field.cc:8939:0:1,/root/mariadb/sql/field.cc,8939,8939,0,0,mariadb_target_000062;mariadb_target_001195
mariadb_griffin_r2,mariadb,2,root/mariadb/sql/field.cc:8945:0:0,/root/mariadb/sql/field.cc,8945,8945,0,0,mariadb_target_000062;mariadb_target_001195;mariadb_target_001197
mariadb_griffin_r2,mariadb,2,root/mariadb/sql/field.cc:8945:0:1,/root/mariadb/sql/field.cc,8945,8945,0,0,mariadb_target_000062;mariadb_target_001195;mariadb_target_001197
mariadb_griffin_r2,mariadb,2,root/mariadb/sql/field.cc:8959:0:0,/root/mariadb/sql/field.cc,8959,8959,276,1,mariadb_target_001197
mariadb_griffin_r2,mariadb,2,root/mariadb/sql/field.cc:8959:0:1,/root/mariadb/sql/field.cc,8959,8959,1843,1,mariadb_target_001197
mariadb_griffin_r2,mariadb,2,root/mariadb/sql/field.cc:8959:1:2,/root/mariadb/sql/field.cc,8959,8959,0,0,mariadb_target_001197
mariadb_griffin_r2,mariadb,2,root/mariadb/sql/field.cc:8959:1:3,/root/mariadb/sql/field.cc,8959,8959,276,1,mariadb_target_001197
mariadb_griffin_r2,mariadb,2,root/mariadb/sql/field.cc:8965:0:0,/root/mariadb/sql/field.cc,8965,8965,0,0,mariadb_target_001197
mariadb_griffin_r2,mariadb,2,root/mariadb/sql/field.cc:8965:0:1,/root/mariadb/sql/field.cc,8965,8965,0,0,mariadb_target_001197
mariadb_griffin_r2,mariadb,2,root/mariadb/sql/field.cc:8971:0:0,/root/mariadb/sql/field.cc,8971,8971,0,0,mariadb_target_001197
mariadb_griffin_r2,mariadb,2,root/mariadb/sql/field.cc:8971:0:1,/root/mariadb/sql/field.cc,8971,8971,0,0,mariadb_target_001197
mariadb_griffin_r2,mariadb,2,root/mariadb/sql/field.cc:8976:0:0,/root/mariadb/sql/field.cc,8976,8976,20,1,mariadb_target_001197;mariadb_target_001198;mariadb_target_001199
mariadb_griffin_r2,mariadb,2,root/mariadb/sql/field.cc:8976:0:1,/root/mariadb/sql/field.cc,8976,8976,2099,1,mariadb_target_001197;mariadb_target_001198;mariadb_target_001199
mariadb_griffin_r2,mariadb,2,root/mariadb/sql/field.cc:8977:0:0,/root/mariadb/sql/field.cc,8977,8977,0,0,mariadb_target_001197;mariadb_target_001198;mariadb_target_001199
mariadb_griffin_r2,mariadb,2,root/mariadb/sql/field.cc:8977:0:1,/root/mariadb/sql/field.cc,8977,8977,2119,1,mariadb_target_001197;mariadb_target_001198;mariadb_target_001199
mariadb_griffin_r2,mariadb,2,root/mariadb/sql/field.cc:8981:0:0,/root/mariadb/sql/field.cc,8981,8981,0,0,mariadb_target_001197;mariadb_target_001199
mariadb_griffin_r2,mariadb,2,root/mariadb/sql/field.cc:8981:0:1,/root/mariadb/sql/field.cc,8981,8981,2119,1,mariadb_target_001197;mariadb_target_001199
mariadb_griffin_r2,mariadb,2,root/mariadb/sql/field.cc:9012:0:0,/root/mariadb/sql/field.cc,9012,9012,0,0,mariadb_target_001197
mariadb_griffin_r2,mariadb,2,root/mariadb/sql/field.cc:9012:0:1,/root/mariadb/sql/field.cc,9012,9012,0,0,mariadb_target_001197
mariadb_griffin_r2,mariadb,2,root/mariadb/sql/field.cc:9022:0:0,/root/mariadb/sql/field.cc,9022,9022,0,0,mariadb_target_001197
mariadb_griffin_r2,mariadb,2,root/mariadb/sql/field.cc:9022:0:1,/root/mariadb/sql/field.cc,9022,9022,2,1,mariadb_target_001197
mariadb_griffin_r2,mariadb,2,root/mariadb/sql/field.cc:9036:0:0,/root/mariadb/sql/field.cc,9036,9036,0,0,mariadb_target_001197;mariadb_target_001200
mariadb_griffin_r2,mariadb,2,root/mariadb/sql/field.cc:9036:0:1,/root/mariadb/sql/field.cc,9036,9036,0,0,mariadb_target_001197;mariadb_target_001200
mariadb_griffin_r2,mariadb,2,root/mariadb/sql/field.cc:9457:0:0,/root/mariadb/sql/field.cc,9457,9457,0,0,mariadb_target_000065;mariadb_target_001203
mariadb_griffin_r2,mariadb,2,root/mariadb/sql/field.cc:9457:0:1,/root/mariadb/sql/field.cc,9457,9457,0,0,mariadb_target_000065;mariadb_target_001203
mariadb_griffin_r2,mariadb,2,root/mariadb/sql/field.cc:9461:0:0,/root/mariadb/sql/field.cc,9461,9461,0,0,mariadb_target_000065;mariadb_target_001203
mariadb_griffin_r2,mariadb,2,root/mariadb/sql/field.cc:9461:0:1,/root/mariadb/sql/field.cc,9461,9461,0,0,mariadb_target_000065;mariadb_target_001203
mariadb_griffin_r2,mariadb,2,root/mariadb/sql/field.cc:9461:1:2,/root/mariadb/sql/field.cc,9461,9461,0,0,mariadb_target_000065;mariadb_target_001203
mariadb_griffin_r2,mariadb,2,root/mariadb/sql/field.cc:9461:1:3,/root/mariadb/sql/field.cc,9461,9461,0,0,mariadb_target_000065;mariadb_target_001203
mariadb_griffin_r2,mariadb,2,root/mariadb/sql/field.cc:9461:2:4,/root/mariadb/sql/field.cc,9461,9461,0,0,mariadb_target_000065;mariadb_target_001203
mariadb_griffin_r2,mariadb,2,root/mariadb/sql/field.cc:9461:2:5,/root/mariadb/sql/field.cc,9461,9461,0,0,mariadb_target_000065;mariadb_target_001203
mariadb_griffin_r2,mariadb,2,root/mariadb/sql/field.cc:9464:0:0,/root/mariadb/sql/field.cc,9464,9464,0,0,mariadb_target_000065;mariadb_target_001203
mariadb_griffin_r2,mariadb,2,root/mariadb/sql/field.cc:9464:0:1,/root/mariadb/sql/field.cc,9464,9464,0,0,mariadb_target_000065;mariadb_target_001203
mariadb_griffin_r2,mariadb,2,root/mariadb/sql/field.cc:9528:0:0,/root/mariadb/sql/field.cc,9528,9528,54,1,mariadb_target_000069;mariadb_target_001207
mariadb_griffin_r2,mariadb,2,root/mariadb/sql/field.cc:9528:0:1,/root/mariadb/sql/field.cc,9528,9528,0,0,mariadb_target_000069;mariadb_target_001207
mariadb_griffin_r2,mariadb,2,root/mariadb/sql/field.cc:9529:0:0,/root/mariadb/sql/field.cc,9529,9529,0,0,mariadb_target_000069;mariadb_target_001207
mariadb_griffin_r2,mariadb,2,root/mariadb/sql/field.cc:9529:0:1,/root/mariadb/sql/field.cc,9529,9529,54,1,mariadb_target_000069;mariadb_target_001207
mariadb_griffin_r2,mariadb,2,root/mariadb/sql/field.cc:9530:0:0,/root/mariadb/sql/field.cc,9530,9530,0,0,mariadb_target_000069;mariadb_target_001207
mariadb_griffin_r2,mariadb,2,root/mariadb/sql/field.cc:9530:0:1,/root/mariadb/sql/field.cc,9530,9530,54,1,mariadb_target_000069;mariadb_target_001207
mariadb_griffin_r2,mariadb,2,root/mariadb/sql/field.cc:9531:0:0,/root/mariadb/sql/field.cc,9531,9531,0,0,mariadb_target_000069;mariadb_target_001207
mariadb_griffin_r2,mariadb,2,root/mariadb/sql/field.cc:9531:0:1,/root/mariadb/sql/field.cc,9531,9531,54,1,mariadb_target_000069;mariadb_target_001207
mariadb_griffin_r2,mariadb,2,root/mariadb/sql/field.cc:9532:0:0,/root/mariadb/sql/field.cc,9532,9532,0,0,mariadb_target_000069;mariadb_target_001207
mariadb_griffin_r2,mariadb,2,root/mariadb/sql/field.cc:9532:0:1,/root/mariadb/sql/field.cc,9532,9532,54,1,mariadb_target_000069;mariadb_target_001207
mariadb_griffin_r2,mariadb,2,root/mariadb/sql/field.cc:9580:0:0,/root/mariadb/sql/field.cc,9580,9580,0,0,mariadb_target_000070;mariadb_target_001208
mariadb_griffin_r2,mariadb,2,root/mariadb/sql/field.cc:9580:0:1,/root/mariadb/sql/field.cc,9580,9580,0,0,mariadb_target_000070;mariadb_target_001208
mariadb_griffin_r2,mariadb,2,root/mariadb/sql/field.cc:9580:1:2,/root/mariadb/sql/field.cc,9580,9580,0,0,mariadb_target_000070;mariadb_target_001208
mariadb_griffin_r2,mariadb,2,root/mariadb/sql/field.cc:9580:1:3,/root/mariadb/sql/field.cc,9580,9580,0,0,mariadb_target_000070;mariadb_target_001208
mariadb_griffin_r2,mariadb,2,root/mariadb/sql/field.cc:9658:0:0,/root/mariadb/sql/field.cc,9658,9658,0,0,mariadb_target_000072;mariadb_target_001210
mariadb_griffin_r2,mariadb,2,root/mariadb/sql/field.cc:9658:0:1,/root/mariadb/sql/field.cc,9658,9658,740,1,mariadb_target_000072;mariadb_target_001210
mariadb_griffin_r2,mariadb,2,root/mariadb/sql/field.cc:9658:1:2,/root/mariadb/sql/field.cc,9658,9658,0,0,mariadb_target_000072;mariadb_target_001210
mariadb_griffin_r2,mariadb,2,root/mariadb/sql/field.cc:9658:1:3,/root/mariadb/sql/field.cc,9658,9658,740,1,mariadb_target_000072;mariadb_target_001210
mariadb_griffin_r2,mariadb,2,root/mariadb/sql/field.cc:9764:0:0,/root/mariadb/sql/field.cc,9764,9764,0,0,mariadb_target_000074;mariadb_target_001212
mariadb_griffin_r2,mariadb,2,root/mariadb/sql/field.cc:9764:0:1,/root/mariadb/sql/field.cc,9764,9764,11,1,mariadb_target_000074;mariadb_target_001212
mariadb_griffin_r2,mariadb,2,root/mariadb/sql/field.cc:9828:0:0,/root/mariadb/sql/field.cc,9828,9828,1050,1,mariadb_target_000075;mariadb_target_001213
mariadb_griffin_r2,mariadb,2,root/mariadb/sql/field.cc:9828:0:1,/root/mariadb/sql/field.cc,9828,9828,30,1,mariadb_target_000075;mariadb_target_001213
mariadb_griffin_r2,mariadb,2,root/mariadb/sql/field.cc:9831:0:0,/root/mariadb/sql/field.cc,9831,9831,1020,1,mariadb_target_000075;mariadb_target_001213
mariadb_griffin_r2,mariadb,2,root/mariadb/sql/field.cc:9831:0:1,/root/mariadb/sql/field.cc,9831,9831,30,1,mariadb_target_000075;mariadb_target_001213
mariadb_griffin_r2,mariadb,2,root/mariadb/sql/field.cc:10239:0:0,/root/mariadb/sql/field.cc,10239,10239,0,0,mariadb_target_001106;mariadb_target_001107;mariadb_target_001108
mariadb_griffin_r2,mariadb,2,root/mariadb/sql/field.cc:10239:0:1,/root/mariadb/sql/field.cc,10239,10239,0,0,mariadb_target_001106;mariadb_target_001107;mariadb_target_001108
mariadb_griffin_r2,mariadb,2,root/mariadb/sql/field.cc:10253:0:0,/root/mariadb/sql/field.cc,10253,10253,0,0,mariadb_target_001109
mariadb_griffin_r2,mariadb,2,root/mariadb/sql/field.cc:10253:0:1,/root/mariadb/sql/field.cc,10253,10253,0,0,mariadb_target_001109
mariadb_griffin_r2,mariadb,2,root/mariadb/sql/field.cc:10278:0:0,/root/mariadb/sql/field.cc,10278,10278,0,0,mariadb_target_000001;mariadb_target_001110
mariadb_griffin_r2,mariadb,2,root/mariadb/sql/field.cc:10278:0:1,/root/mariadb/sql/field.cc,10278,10278,0,0,mariadb_target_000001;mariadb_target_001110
mariadb_griffin_r2,mariadb,2,root/mariadb/sql/field.cc:10316:0:0,/root/mariadb/sql/field.cc,10316,10316,0,0,mariadb_target_001112
mariadb_griffin_r2,mariadb,2,root/mariadb/sql/field.cc:10316:0:1,/root/mariadb/sql/field.cc,10316,10316,0,0,mariadb_target_001112
mariadb_griffin_r2,mariadb,2,root/mariadb/sql/field.cc:10321:0:0,/root/mariadb/sql/field.cc,10321,10321,0,0,mariadb_target_000003;mariadb_target_001112;mariadb_target_001113
mariadb_griffin_r2,mariadb,2,root/mariadb/sql/field.cc:10321:0:1,/root/mariadb/sql/field.cc,10321,10321,0,0,mariadb_target_000003;mariadb_target_001112;mariadb_target_001113
mariadb_griffin_r2,mariadb,2,root/mariadb/sql/field.cc:10324:0:0,/root/mariadb/sql/field.cc,10324,10324,0,0,mariadb_target_000003;mariadb_target_001113
mariadb_griffin_r2,mariadb,2,root/mariadb/sql/field.cc:10324:0:1,/root/mariadb/sql/field.cc,10324,10324,0,0,mariadb_target_000003;mariadb_target_001113
mariadb_griffin_r2,mariadb,2,root/mariadb/sql/field.cc:10639:0:0,/root/mariadb/sql/field.cc,10639,10639,0,0,mariadb_target_001115;mariadb_target_001116
mariadb_griffin_r2,mariadb,2,root/mariadb/sql/field.cc:10639:0:1,/root/mariadb/sql/field.cc,10639,10639,162,1,mariadb_target_001115;mariadb_target_001116
mariadb_griffin_r2,mariadb,2,root/mariadb/sql/field.cc:11751:0:0,/root/mariadb/sql/field.cc,11751,11751,1,1,mariadb_target_001120
mariadb_griffin_r2,mariadb,2,root/mariadb/sql/field.cc:11751:0:1,/root/mariadb/sql/field.cc,11751,11751,179795,1,mariadb_target_001120
mariadb_griffin_r2,mariadb,2,root/mariadb/sql/field.cc:11778:0:0,/root/mariadb/sql/field.cc,11778,11778,1,1,mariadb_target_000006;mariadb_target_001121;mariadb_target_001122
mariadb_griffin_r2,mariadb,2,root/mariadb/sql/field.cc:11778:0:1,/root/mariadb/sql/field.cc,11778,11778,611,1,mariadb_target_000006;mariadb_target_001121;mariadb_target_001122
mariadb_griffin_r2,mariadb,2,root/mariadb/sql/field.cc:11780:0:0,/root/mariadb/sql/field.cc,11780,11780,0,0,mariadb_target_001122
mariadb_griffin_r2,mariadb,2,root/mariadb/sql/field.cc:11780:0:1,/root/mariadb/sql/field.cc,11780,11780,611,1,mariadb_target_001122
mariadb_griffin_r2,mariadb,2,root/mariadb/sql/field.cc:11789:0:0,/root/mariadb/sql/field.cc,11789,11789,0,0,mariadb_target_000007;mariadb_target_001123;mariadb_target_001124
mariadb_griffin_r2,mariadb,2,root/mariadb/sql/field.cc:11789:0:1,/root/mariadb/sql/field.cc,11789,11789,0,0,mariadb_target_000007;mariadb_target_001123;mariadb_target_001124
mariadb_griffin_r2,mariadb,2,root/mariadb/sql/field.cc:11798:0:0,/root/mariadb/sql/field.cc,11798,11798,0,0,mariadb_target_001124
mariadb_griffin_r2,mariadb,2,root/mariadb/sql/field.cc:11798:0:1,/root/mariadb/sql/field.cc,11798,11798,0,0,mariadb_target_001124
mariadb_griffin_r2,mariadb,2,root/mariadb/sql/field.h:861:0:0,/root/mariadb/sql/field.h,861,861,0,0,mariadb_target_000097;mariadb_target_001238
mariadb_griffin_r2,mariadb,2,root/mariadb/sql/field.h:861:0:1,/root/mariadb/sql/field.h,861,861,2660,1,mariadb_target_000097;mariadb_target_001238
mariadb_griffin_r2,mariadb,2,root/mariadb/sql/field.h:1112:0:0,/root/mariadb/sql/field.h,1112,1112,0,0,mariadb_target_000097;mariadb_target_001238
mariadb_griffin_r2,mariadb,2,root/mariadb/sql/field.h:1112:0:1,/root/mariadb/sql/field.h,1112,1112,0,0,mariadb_target_000097;mariadb_target_001238
mariadb_griffin_r2,mariadb,2,root/mariadb/sql/field.h:1171:0:0,/root/mariadb/sql/field.h,1171,1171,71,1,mariadb_target_000097;mariadb_target_001238
mariadb_griffin_r2,mariadb,2,root/mariadb/sql/field.h:1171:0:1,/root/mariadb/sql/field.h,1171,1171,0,0,mariadb_target_000097;mariadb_target_001238
mariadb_griffin_r2,mariadb,2,root/mariadb/sql/field.h:1193:0:0,/root/mariadb/sql/field.h,1193,1193,102659,1,mariadb_target_000097;mariadb_target_001238
mariadb_griffin_r2,mariadb,2,root/mariadb/sql/field.h:1193:0:1,/root/mariadb/sql/field.h,1193,1193,111201,1,mariadb_target_000097;mariadb_target_001238
mariadb_griffin_r2,mariadb,2,root/mariadb/sql/field.h:1193:1:2,/root/mariadb/sql/field.h,1193,1193,102659,1,mariadb_target_000097;mariadb_target_001238
mariadb_griffin_r2,mariadb,2,root/mariadb/sql/field.h:1193:1:3,/root/mariadb/sql/field.h,1193,1193,0,0,mariadb_target_000097;mariadb_target_001238
mariadb_griffin_r2,mariadb,2,root/mariadb/sql/field.h:1194:0:0,/root/mariadb/sql/field.h,1194,1194,102659,1,mariadb_target_000097;mariadb_target_001238
mariadb_griffin_r2,mariadb,2,root/mariadb/sql/field.h:1194:0:1,/root/mariadb/sql/field.h,1194,1194,0,0,mariadb_target_000097;mariadb_target_001238
mariadb_griffin_r2,mariadb,2,root/mariadb/sql/field.h:1194:1:2,/root/mariadb/sql/field.h,1194,1194,102659,1,mariadb_target_000097;mariadb_target_001238
mariadb_griffin_r2,mariadb,2,root/mariadb/sql/field.h:1194:1:3,/root/mariadb/sql/field.h,1194,1194,0,0,mariadb_target_000097;mariadb_target_001238
mariadb_griffin_r2,mariadb,2,root/mariadb/sql/field.h:1240:0:0,/root/mariadb/sql/field.h,1240,1240,0,0,mariadb_target_000097;mariadb_target_001238
mariadb_griffin_r2,mariadb,2,root/mariadb/sql/field.h:1240:0:1,/root/mariadb/sql/field.h,1240,1240,0,0,mariadb_target_000097;mariadb_target_001238
mariadb_griffin_r2,mariadb,2,root/mariadb/sql/field.h:1241:0:0,/root/mariadb/sql/field.h,1241,1241,0,0,mariadb_target_000097;mariadb_target_001238
mariadb_griffin_r2,mariadb,2,root/mariadb/sql/field.h:1241:0:1,/root/mariadb/sql/field.h,1241,1241,0,0,mariadb_target_000097;mariadb_target_001238
mariadb_griffin_r2,mariadb,2,root/mariadb/sql/field.h:1242:0:0,/root/mariadb/sql/field.h,1242,1242,0,0,mariadb_target_000097;mariadb_target_001238
mariadb_griffin_r2,mariadb,2,root/mariadb/sql/field.h:1242:0:1,/root/mariadb/sql/field.h,1242,1242,0,0,mariadb_target_000097;mariadb_target_001238
mariadb_griffin_r2,mariadb,2,root/mariadb/sql/field.h:1242:1:2,/root/mariadb/sql/field.h,1242,1242,0,0,mariadb_target_000097;mariadb_target_001238
mariadb_griffin_r2,mariadb,2,root/mariadb/sql/field.h:1242:1:3,/root/mariadb/sql/field.h,1242,1242,0,0,mariadb_target_000097;mariadb_target_001238
mariadb_griffin_r2,mariadb,2,root/mariadb/sql/field.h:1245:0:0,/root/mariadb/sql/field.h,1245,1245,0,0,mariadb_target_000097;mariadb_target_001238
mariadb_griffin_r2,mariadb,2,root/mariadb/sql/field.h:1245:0:1,/root/mariadb/sql/field.h,1245,1245,0,0,mariadb_target_000097;mariadb_target_001238
mariadb_griffin_r2,mariadb,2,root/mariadb/sql/field.h:1245:1:2,/root/mariadb/sql/field.h,1245,1245,0,0,mariadb_target_000097;mariadb_target_001238
mariadb_griffin_r2,mariadb,2,root/mariadb/sql/field.h:1245:1:3,/root/mariadb/sql/field.h,1245,1245,0,0,mariadb_target_000097;mariadb_target_001238
mariadb_griffin_r2,mariadb,2,root/mariadb/sql/field.h:1278:0:0,/root/mariadb/sql/field.h,1278,1278,0,0,mariadb_target_000097;mariadb_target_001238
mariadb_griffin_r2,mariadb,2,root/mariadb/sql/field.h:1278:0:1,/root/mariadb/sql/field.h,1278,1278,2308,1,mariadb_target_000097;mariadb_target_001238
mariadb_griffin_r2,mariadb,2,root/mariadb/sql/field.h:1279:0:0,/root/mariadb/sql/field.h,1279,1279,172,1,mariadb_target_000097;mariadb_target_001238
mariadb_griffin_r2,mariadb,2,root/mariadb/sql/field.h:1279:0:1,/root/mariadb/sql/field.h,1279,1279,2136,1,mariadb_target_000097;mariadb_target_001238
mariadb_griffin_r2,mariadb,2,root/mariadb/sql/field.h:1416:0:0,/root/mariadb/sql/field.h,1416,1416,0,0,mariadb_target_000097;mariadb_target_001238
mariadb_griffin_r2,mariadb,2,root/mariadb/sql/field.h:1416:0:1,/root/mariadb/sql/field.h,1416,1416,0,0,mariadb_target_000097;mariadb_target_001238
mariadb_griffin_r2,mariadb,2,root/mariadb/sql/field.h:1416:1:2,/root/mariadb/sql/field.h,1416,1416,0,0,mariadb_target_000097;mariadb_target_001238
mariadb_griffin_r2,mariadb,2,root/mariadb/sql/field.h:1416:1:3,/root/mariadb/sql/field.h,1416,1416,0,0,mariadb_target_000097;mariadb_target_001238
mariadb_griffin_r2,mariadb,2,root/mariadb/sql/field.h:1417:0:0,/root/mariadb/sql/field.h,1417,1417,0,0,mariadb_target_000097;mariadb_target_001238
mariadb_griffin_r2,mariadb,2,root/mariadb/sql/field.h:1417:0:1,/root/mariadb/sql/field.h,1417,1417,0,0,mariadb_target_000097;mariadb_target_001238
mariadb_griffin_r2,mariadb,2,root/mariadb/sql/field.h:1431:0:0,/root/mariadb/sql/field.h,1431,1431,0,0,mariadb_target_000097;mariadb_target_001238
mariadb_griffin_r2,mariadb,2,root/mariadb/sql/field.h:1431:0:1,/root/mariadb/sql/field.h,1431,1431,0,0,mariadb_target_000097;mariadb_target_001238
mariadb_griffin_r2,mariadb,2,root/mariadb/sql/field.h:1431:1:2,/root/mariadb/sql/field.h,1431,1431,0,0,mariadb_target_000097;mariadb_target_001238
mariadb_griffin_r2,mariadb,2,root/mariadb/sql/field.h:1431:1:3,/root/mariadb/sql/field.h,1431,1431,0,0,mariadb_target_000097;mariadb_target_001238
mariadb_griffin_r2,mariadb,2,root/mariadb/sql/field.h:1432:0:0,/root/mariadb/sql/field.h,1432,1432,0,0,mariadb_target_000097;mariadb_target_001238
mariadb_griffin_r2,mariadb,2,root/mariadb/sql/field.h:1432:0:1,/root/mariadb/sql/field.h,1432,1432,0,0,mariadb_target_000097;mariadb_target_001238
mariadb_griffin_r2,mariadb,2,root/mariadb/sql/field.h:1465:0:0,/root/mariadb/sql/field.h,1465,1465,18,1,mariadb_target_000097;mariadb_target_001238
mariadb_griffin_r2,mariadb,2,root/mariadb/sql/field.h:1465:0:1,/root/mariadb/sql/field.h,1465,1465,7,1,mariadb_target_000097;mariadb_target_001238
mariadb_griffin_r2,mariadb,2,root/mariadb/sql/field.h:1469:0:0,/root/mariadb/sql/field.h,1469,1469,18,1,mariadb_target_000097;mariadb_target_001238
mariadb_griffin_r2,mariadb,2,root/mariadb/sql/field.h:1469:0:1,/root/mariadb/sql/field.h,1469,1469,0,0,mariadb_target_000097;mariadb_target_001238
mariadb_griffin_r2,mariadb,2,root/mariadb/sql/field.h:1498:0:0,/root/mariadb/sql/field.h,1498,1498,504963,1,mariadb_target_000097;mariadb_target_001238
mariadb_griffin_r2,mariadb,2,root/mariadb/sql/field.h:1498:0:1,/root/mariadb/sql/field.h,1498,1498,36182,1,mariadb_target_000097;mariadb_target_001238
mariadb_griffin_r2,mariadb,2,root/mariadb/sql/field.h:1501:0:0,/root/mariadb/sql/field.h,1501,1501,46,1,mariadb_target_000097;mariadb_target_001238
mariadb_griffin_r2,mariadb,2,root/mariadb/sql/field.h:1501:0:1,/root/mariadb/sql/field.h,1501,1501,134,1,mariadb_target_000097;mariadb_target_001238
mariadb_griffin_r2,mariadb,2,root/mariadb/sql/field.h:1501:1:2,/root/mariadb/sql/field.h,1501,1501,22,1,mariadb_target_000097;mariadb_target_001238
mariadb_griffin_r2,mariadb,2,root/mariadb/sql/field.h:1501:1:3,/root/mariadb/sql/field.h,1501,1501,24,1,mariadb_target_000097;mariadb_target_001238
mariadb_griffin_r2,mariadb,2,root/mariadb/sql/field.h:1504:0:0,/root/mariadb/sql/field.h,1504,1504,25085,1,mariadb_target_000097;mariadb_target_001238
mariadb_griffin_r2,mariadb,2,root/mariadb/sql/field.h:1504:0:1,/root/mariadb/sql/field.h,1504,1504,1952,1,mariadb_target_000097;mariadb_target_001238
mariadb_griffin_r2,mariadb,2,root/mariadb/sql/field.h:1509:0:0,/root/mariadb/sql/field.h,1509,1509,51847,1,mariadb_target_000097;mariadb_target_001238
mariadb_griffin_r2,mariadb,2,root/mariadb/sql/field.h:1509:0:1,/root/mariadb/sql/field.h,1509,1509,150,1,mariadb_target_000097;mariadb_target_001238
mariadb_griffin_r2,mariadb,2,root/mariadb/sql/field.h:1511:0:0,/root/mariadb/sql/field.h,1511,1511,193878,1,mariadb_target_000097;mariadb_target_001238
mariadb_griffin_r2,mariadb,2,root/mariadb/sql/field.h:1511:0:1,/root/mariadb/sql/field.h,1511,1511,28046,1,mariadb_target_000097;mariadb_target_001238
mariadb_griffin_r2,mariadb,2,root/mariadb/sql/field.h:1513:0:0,/root/mariadb/sql/field.h,1513,1513,302729,1,mariadb_target_000097;mariadb_target_001238
mariadb_griffin_r2,mariadb,2,root/mariadb/sql/field.h:1513:0:1,/root/mariadb/sql/field.h,1513,1513,49495,1,mariadb_target_000097;mariadb_target_001238
mariadb_griffin_r2,mariadb,2,root/mariadb/sql/field.h:1513:1:2,/root/mariadb/sql/field.h,1513,1513,372,1,mariadb_target_000097;mariadb_target_001238
mariadb_griffin_r2,mariadb,2,root/mariadb/sql/field.h:1513:1:3,/root/mariadb/sql/field.h,1513,1513,49123,1,mariadb_target_000097;mariadb_target_001238
mariadb_griffin_r2,mariadb,2,root/mariadb/sql/field.h:1532:0:0,/root/mariadb/sql/field.h,1532,1532,25092,1,mariadb_target_000097;mariadb_target_001238
mariadb_griffin_r2,mariadb,2,root/mariadb/sql/field.h:1532:0:1,/root/mariadb/sql/field.h,1532,1532,1962,1,mariadb_target_000097;mariadb_target_001238
mariadb_griffin_r2,mariadb,2,root/mariadb/sql/field.h:1532:1:2,/root/mariadb/sql/field.h,1532,1532,25092,1,mariadb_target_000097;mariadb_target_001238
mariadb_griffin_r2,mariadb,2,root/mariadb/sql/field.h:1532:1:3,/root/mariadb/sql/field.h,1532,1532,0,0,mariadb_target_000097;mariadb_target_001238
mariadb_griffin_r2,mariadb,2,root/mariadb/sql/field.h:1542:0:0,/root/mariadb/sql/field.h,1542,1542,29146,1,mariadb_target_000097;mariadb_target_001238
mariadb_griffin_r2,mariadb,2,root/mariadb/sql/field.h:1542:0:1,/root/mariadb/sql/field.h,1542,1542,60,1,mariadb_target_000097;mariadb_target_001238
mariadb_griffin_r2,mariadb,2,root/mariadb/sql/field.h:1542:1:2,/root/mariadb/sql/field.h,1542,1542,0,0,mariadb_target_000097;mariadb_target_001238
mariadb_griffin_r2,mariadb,2,root/mariadb/sql/field.h:1542:1:3,/root/mariadb/sql/field.h,1542,1542,60,1,mariadb_target_000097;mariadb_target_001238
mariadb_griffin_r2,mariadb,2,root/mariadb/sql/field.h:1560:0:0,/root/mariadb/sql/field.h,1560,1560,27167,1,mariadb_target_000097;mariadb_target_001238
mariadb_griffin_r2,mariadb,2,root/mariadb/sql/field.h:1560:0:1,/root/mariadb/sql/field.h,1560,1560,0,0,mariadb_target_000097;mariadb_target_001238
mariadb_griffin_r2,mariadb,2,root/mariadb/sql/field.h:1645:0:0,/root/mariadb/sql/field.h,1645,1645,3274,1,mariadb_target_000097;mariadb_target_001238
mariadb_griffin_r2,mariadb,2,root/mariadb/sql/field.h:1645:0:1,/root/mariadb/sql/field.h,1645,1645,8764,1,mariadb_target_000097;mariadb_target_001238
mariadb_griffin_r2,mariadb,2,root/mariadb/sql/field.h:1648:0:0,/root/mariadb/sql/field.h,1648,1648,3270,1,mariadb_target_000097;mariadb_target_001238
mariadb_griffin_r2,mariadb,2,root/mariadb/sql/field.h:1648:0:1,/root/mariadb/sql/field.h,1648,1648,4,1,mariadb_target_000097;mariadb_target_001238
mariadb_griffin_r2,mariadb,2,root/mariadb/sql/field.h:1763:0:0,/root/mariadb/sql/field.h,1763,1763,25789,1,mariadb_target_000097;mariadb_target_001238
mariadb_griffin_r2,mariadb,2,root/mariadb/sql/field.h:1763:0:1,/root/mariadb/sql/field.h,1763,1763,1464,1,mariadb_target_000097;mariadb_target_001238
mariadb_griffin_r2,mariadb,2,root/mariadb/sql/field.h:1880:0:0,/root/mariadb/sql/field.h,1880,1880,0,0,mariadb_target_000097;mariadb_target_001238
mariadb_griffin_r2,mariadb,2,root/mariadb/sql/field.h:1880:0:1,/root/mariadb/sql/field.h,1880,1880,30049,1,mariadb_target_000097;mariadb_target_001238
mariadb_griffin_r2,mariadb,2,root/mariadb/sql/field.h:1881:0:0,/root/mariadb/sql/field.h,1881,1881,416,1,mariadb_target_000097;mariadb_target_001238
mariadb_griffin_r2,mariadb,2,root/mariadb/sql/field.h:1881:0:1,/root/mariadb/sql/field.h,1881,1881,29633,1,mariadb_target_000097;mariadb_target_001238
mariadb_griffin_r2,mariadb,2,root/mariadb/sql/field.h:1983:0:0,/root/mariadb/sql/field.h,1983,1983,0,0,mariadb_target_000097;mariadb_target_001238
mariadb_griffin_r2,mariadb,2,root/mariadb/sql/field.h:1983:0:1,/root/mariadb/sql/field.h,1983,1983,32,1,mariadb_target_000097;mariadb_target_001238
mariadb_griffin_r2,mariadb,2,root/mariadb/sql/field.h:2135:0:0,/root/mariadb/sql/field.h,2135,2135,0,0,mariadb_target_000097;mariadb_target_001238
mariadb_griffin_r2,mariadb,2,root/mariadb/sql/field.h:2135:0:1,/root/mariadb/sql/field.h,2135,2135,328,1,mariadb_target_000097;mariadb_target_001238
mariadb_griffin_r2,mariadb,2,root/mariadb/sql/field.h:2235:0:0,/root/mariadb/sql/field.h,2235,2235,1,1,mariadb_target_000080;mariadb_target_001219
mariadb_griffin_r2,mariadb,2,root/mariadb/sql/field.h:2235:0:1,/root/mariadb/sql/field.h,2235,2235,1399,1,mariadb_target_000080;mariadb_target_001219
mariadb_griffin_r2,mariadb,2,root/mariadb/sql/field.h:2288:0:0,/root/mariadb/sql/field.h,2288,2288,6007,1,mariadb_target_000081;mariadb_target_001220
mariadb_griffin_r2,mariadb,2,root/mariadb/sql/field.h:2288:0:1,/root/mariadb/sql/field.h,2288,2288,0,0,mariadb_target_000081;mariadb_target_001220
mariadb_griffin_r2,mariadb,2,root/mariadb/sql/field.h:2563:0:0,/root/mariadb/sql/field.h,2563,2563,1394,1,mariadb_target_000085;mariadb_target_001224
mariadb_griffin_r2,mariadb,2,root/mariadb/sql/field.h:2563:0:1,/root/mariadb/sql/field.h,2563,2563,13,1,mariadb_target_000085;mariadb_target_001224
mariadb_griffin_r2,mariadb,2,root/mariadb/sql/field.h:2564:0:0,/root/mariadb/sql/field.h,2564,2564,1394,1,mariadb_target_000085;mariadb_target_001224
mariadb_griffin_r2,mariadb,2,root/mariadb/sql/field.h:2564:0:1,/root/mariadb/sql/field.h,2564,2564,0,0,mariadb_target_000085;mariadb_target_001224
mariadb_griffin_r2,mariadb,2,root/mariadb/sql/field.h:2565:0:0,/root/mariadb/sql/field.h,2565,2565,1394,1,mariadb_target_000085;mariadb_target_001224
mariadb_griffin_r2,mariadb,2,root/mariadb/sql/field.h:2565:0:1,/root/mariadb/sql/field.h,2565,2565,0,0,mariadb_target_000085;mariadb_target_001224
mariadb_griffin_r2,mariadb,2,root/mariadb/sql/field.h:2566:0:0,/root/mariadb/sql/field.h,2566,2566,1394,1,mariadb_target_000085;mariadb_target_001224
mariadb_griffin_r2,mariadb,2,root/mariadb/sql/field.h:2566:0:1,/root/mariadb/sql/field.h,2566,2566,0,0,mariadb_target_000085;mariadb_target_001224
mariadb_griffin_r2,mariadb,2,root/mariadb/sql/field.h:2596:0:0,/root/mariadb/sql/field.h,2596,2596,0,0,mariadb_target_000086;mariadb_target_001225
mariadb_griffin_r2,mariadb,2,root/mariadb/sql/field.h:2596:0:1,/root/mariadb/sql/field.h,2596,2596,3,1,mariadb_target_000086;mariadb_target_001225
mariadb_griffin_r2,mariadb,2,root/mariadb/sql/field.h:3251:0:0,/root/mariadb/sql/field.h,3251,3251,0,0,mariadb_target_000089;mariadb_target_001228
mariadb_griffin_r2,mariadb,2,root/mariadb/sql/field.h:3251:0:1,/root/mariadb/sql/field.h,3251,3251,0,0,mariadb_target_000089;mariadb_target_001228
mariadb_griffin_r2,mariadb,2,root/mariadb/sql/field.h:4761:0:0,/root/mariadb/sql/field.h,4761,4761,0,0,mariadb_target_000093;mariadb_target_001232
mariadb_griffin_r2,mariadb,2,root/mariadb/sql/field.h:4761:0:1,/root/mariadb/sql/field.h,4761,4761,0,0,mariadb_target_000093;mariadb_target_001232
mariadb_griffin_r2,mariadb,2,root/mariadb/sql/field.h:4772:0:0,/root/mariadb/sql/field.h,4772,4772,0,0,mariadb_target_001233
mariadb_griffin_r2,mariadb,2,root/mariadb/sql/field.h:4772:0:1,/root/mariadb/sql/field.h,4772,4772,0,0,mariadb_target_001233
mariadb_griffin_r2,mariadb,2,root/mariadb/sql/field.h:4960:0:0,/root/mariadb/sql/field.h,4960,4960,0,0,mariadb_target_000094;mariadb_target_001234
mariadb_griffin_r2,mariadb,2,root/mariadb/sql/field.h:4960:0:1,/root/mariadb/sql/field.h,4960,4960,6,1,mariadb_target_000094;mariadb_target_001234
mariadb_griffin_r2,mariadb,2,root/mariadb/sql/field.h:4968:0:0,/root/mariadb/sql/field.h,4968,4968,33,1,mariadb_target_000094;mariadb_target_001234;mariadb_target_001235
mariadb_griffin_r2,mariadb,2,root/mariadb/sql/field.h:4968:0:1,/root/mariadb/sql/field.h,4968,4968,55,1,mariadb_target_000094;mariadb_target_001234;mariadb_target_001235
mariadb_griffin_r2,mariadb,2,root/mariadb/sql/filesort.cc:1474:0:0,/root/mariadb/sql/filesort.cc,1474,1474,138,1,mariadb_target_001239
mariadb_griffin_r2,mariadb,2,root/mariadb/sql/filesort.cc:1474:0:1,/root/mariadb/sql/filesort.cc,1474,1474,19443,1,mariadb_target_001239
mariadb_griffin_r2,mariadb,2,root/mariadb/sql/filesort.cc:1478:0:0,/root/mariadb/sql/filesort.cc,1478,1478,254,1,mariadb_target_001239
mariadb_griffin_r2,mariadb,2,root/mariadb/sql/filesort.cc:1478:0:1,/root/mariadb/sql/filesort.cc,1478,1478,19327,1,mariadb_target_001239
mariadb_griffin_r2,mariadb,2,root/mariadb/sql/filesort.cc:1494:0:0,/root/mariadb/sql/filesort.cc,1494,1494,515,1,mariadb_target_001239;mariadb_target_001240
mariadb_griffin_r2,mariadb,2,root/mariadb/sql/filesort.cc:1494:0:1,/root/mariadb/sql/filesort.cc,1494,1494,254,1,mariadb_target_001239;mariadb_target_001240
mariadb_griffin_r2,mariadb,2,root/mariadb/sql/filesort.cc:1497:0:0,/root/mariadb/sql/filesort.cc,1497,1497,209,1,mariadb_target_001239;mariadb_target_001240
mariadb_griffin_r2,mariadb,2,root/mariadb/sql/filesort.cc:1497:0:1,/root/mariadb/sql/filesort.cc,1497,1497,306,1,mariadb_target_001239;mariadb_target_001240
mariadb_griffin_r2,mariadb,2,root/mariadb/sql/filesort.cc:1497:1:2,/root/mariadb/sql/filesort.cc,1497,1497,84,1,mariadb_target_001239;mariadb_target_001240
mariadb_griffin_r2,mariadb,2,root/mariadb/sql/filesort.cc:1497:1:3,/root/mariadb/sql/filesort.cc,1497,1497,125,1,mariadb_target_001239;mariadb_target_001240
mariadb_griffin_r2,mariadb,2,root/mariadb/sql/filesort.cc:1500:0:0,/root/mariadb/sql/filesort.cc,1500,1500,23,1,mariadb_target_001239;mariadb_target_001240
mariadb_griffin_r2,mariadb,2,root/mariadb/sql/filesort.cc:1500:0:1,/root/mariadb/sql/filesort.cc,1500,1500,61,1,mariadb_target_001239;mariadb_target_001240
mariadb_griffin_r2,mariadb,2,root/mariadb/sql/filesort.cc:1509:0:0,/root/mariadb/sql/filesort.cc,1509,1509,310,1,mariadb_target_001239;mariadb_target_001240
mariadb_griffin_r2,mariadb,2,root/mariadb/sql/filesort.cc:1509:0:1,/root/mariadb/sql/filesort.cc,1509,1509,121,1,mariadb_target_001239;mariadb_target_001240
mariadb_griffin_r2,mariadb,2,root/mariadb/sql/filesort.cc:1513:0:0,/root/mariadb/sql/filesort.cc,1513,1513,0,0,mariadb_target_001239;mariadb_target_001240
mariadb_griffin_r2,mariadb,2,root/mariadb/sql/filesort.cc:1513:0:1,/root/mariadb/sql/filesort.cc,1513,1513,121,1,mariadb_target_001239;mariadb_target_001240
mariadb_griffin_r2,mariadb,2,root/mariadb/sql/filesort.cc:1519:0:0,/root/mariadb/sql/filesort.cc,1519,1519,132,1,mariadb_target_001239;mariadb_target_001240
mariadb_griffin_r2,mariadb,2,root/mariadb/sql/filesort.cc:1519:0:1,/root/mariadb/sql/filesort.cc,1519,1519,122,1,mariadb_target_001239;mariadb_target_001240
mariadb_griffin_r2,mariadb,2,root/mariadb/sql/group_by_handler.cc:49:0:0,/root/mariadb/sql/group_by_handler.cc,49,49,0,0,mariadb_target_001242
mariadb_griffin_r2,mariadb,2,root/mariadb/sql/group_by_handler.cc:49:0:1,/root/mariadb/sql/group_by_handler.cc,49,49,0,0,mariadb_target_001242
mariadb_griffin_r2,mariadb,2,root/mariadb/sql/item.cc:203:0:0,/root/mariadb/sql/item.cc,203,203,0,0,mariadb_target_000163;mariadb_target_001361;mariadb_target_001363
mariadb_griffin_r2,mariadb,2,root/mariadb/sql/item.cc:203:0:1,/root/mariadb/sql/item.cc,203,203,0,0,mariadb_target_000163;mariadb_target_001361;mariadb_target_001363
mariadb_griffin_r2,mariadb,2,root/mariadb/sql/item.cc:206:0:0,/root/mariadb/sql/item.cc,206,206,0,0,mariadb_target_001363;mariadb_target_001367
mariadb_griffin_r2,mariadb,2,root/mariadb/sql/item.cc:206:0:1,/root/mariadb/sql/item.cc,206,206,0,0,mariadb_target_001363;mariadb_target_001367
mariadb_griffin_r2,mariadb,2,root/mariadb/sql/item.cc:210:0:0,/root/mariadb/sql/item.cc,210,210,0,0,mariadb_target_001363;mariadb_target_001367
mariadb_griffin_r2,mariadb,2,root/mariadb/sql/item.cc:210:0:1,/root/mariadb/sql/item.cc,210,210,0,0,mariadb_target_001363;mariadb_target_001367
mariadb_griffin_r2,mariadb,2,root/mariadb/sql/item.cc:576:0:0,/root/mariadb/sql/item.cc,576,576,77,1,mariadb_target_000238;mariadb_target_001479
mariadb_griffin_r2,mariadb,2,root/mariadb/sql/item.cc:576:0:1,/root/mariadb/sql/item.cc,576,576,1812455,1,mariadb_target_000238;mariadb_target_001479
mariadb_griffin_r2,mariadb,2,root/mariadb/sql/item.cc:842:0:0,/root/mariadb/sql/item.cc,842,842,0,0,mariadb_target_000265;mariadb_target_001542
mariadb_griffin_r2,mariadb,2,root/mariadb/sql/item.cc:842:0:1,/root/mariadb/sql/item.cc,842,842,0,0,mariadb_target_000265;mariadb_target_001542
mariadb_griffin_r2,mariadb,2,root/mariadb/sql/item.cc:844:0:0,/root/mariadb/sql/item.cc,844,844,0,0,mariadb_target_000265;mariadb_target_001542
mariadb_griffin_r2,mariadb,2,root/mariadb/sql/item.cc:844:0:1,/root/mariadb/sql/item.cc,844,844,0,0,mariadb_target_000265;mariadb_target_001542
mariadb_griffin_r2,mariadb,2,root/mariadb/sql/item.cc:881:0:0,/root/mariadb/sql/item.cc,881,881,0,0,mariadb_target_000268;mariadb_target_001546;mariadb_target_001547
mariadb_griffin_r2,mariadb,2,root/mariadb/sql/item.cc:881:0:1,/root/mariadb/sql/item.cc,881,881,0,0,mariadb_target_000268;mariadb_target_001546;mariadb_target_001547
mariadb_griffin_r2,mariadb,2,root/mariadb/sql/item.cc:883:0:0,/root/mariadb/sql/item.cc,883,883,0,0,mariadb_target_000268;mariadb_target_001546;mariadb_target_001547
mariadb_griffin_r2,mariadb,2,root/mariadb/sql/item.cc:883:0:1,/root/mariadb/sql/item.cc,883,883,0,0,mariadb_target_000268;mariadb_target_001546;mariadb_target_001547
mariadb_griffin_r2,mariadb,2,root/mariadb/sql/item.cc:902:0:0,/root/mariadb/sql/item.cc,902,902,1734,1,mariadb_target_000270;mariadb_target_001549;mariadb_target_001554
mariadb_griffin_r2,mariadb,2,root/mariadb/sql/item.cc:902:0:1,/root/mariadb/sql/item.cc,902,902,4404,1,mariadb_target_000270;mariadb_target_001549;mariadb_target_001554
mariadb_griffin_r2,mariadb,2,root/mariadb/sql/item.cc:902:1:2,/root/mariadb/sql/item.cc,902,902,521,1,mariadb_target_000270;mariadb_target_001549;mariadb_target_001554
mariadb_griffin_r2,mariadb,2,root/mariadb/sql/item.cc:902:1:3,/root/mariadb/sql/item.cc,902,902,1213,1,mariadb_target_000270;mariadb_target_001549;mariadb_target_001554
mariadb_griffin_r2,mariadb,2,root/mariadb/sql/item.cc:905:0:0,/root/mariadb/sql/item.cc,905,905,0,0,mariadb_target_000270;mariadb_target_001549;mariadb_target_001554;mariadb_target_001560;mariadb_target_001561
mariadb_griffin_r2,mariadb,2,root/mariadb/sql/item.cc:905:0:1,/root/mariadb/sql/item.cc,905,905,5617,1,mariadb_target_000270;mariadb_target_001549;mariadb_target_001554;mariadb_target_001560;mariadb_target_001561
mariadb_griffin_r2,mariadb,2,root/mariadb/sql/item.cc:906:0:0,/root/mariadb/sql/item.cc,906,906,0,0,mariadb_target_000270;mariadb_target_001549;mariadb_target_001554;mariadb_target_001560;mariadb_target_001561;mariadb_target_001562
mariadb_griffin_r2,mariadb,2,root/mariadb/sql/item.cc:906:0:1,/root/mariadb/sql/item.cc,906,906,0,0,mariadb_target_000270;mariadb_target_001549;mariadb_target_001554;mariadb_target_001560;mariadb_target_001561;mariadb_target_001562
mariadb_griffin_r2,mariadb,2,root/mariadb/sql/item.cc:1771:0:0,/root/mariadb/sql/item.cc,1771,1771,1,1,mariadb_target_000158;mariadb_target_001354;mariadb_target_001355
mariadb_griffin_r2,mariadb,2,root/mariadb/sql/item.cc:1771:0:1,/root/mariadb/sql/item.cc,1771,1771,27,1,mariadb_target_000158;mariadb_target_001354;mariadb_target_001355
mariadb_griffin_r2,mariadb,2,root/mariadb/sql/item.cc:1790:0:0,/root/mariadb/sql/item.cc,1790,1790,27,1,mariadb_target_001355
mariadb_griffin_r2,mariadb,2,root/mariadb/sql/item.cc:1790:0:1,/root/mariadb/sql/item.cc,1790,1790,0,0,mariadb_target_001355
mariadb_griffin_r2,mariadb,2,root/mariadb/sql/item.cc:1835:0:0,/root/mariadb/sql/item.cc,1835,1835,0,0,mariadb_target_000160;mariadb_target_001358
mariadb_griffin_r2,mariadb,2,root/mariadb/sql/item.cc:1835:0:1,/root/mariadb/sql/item.cc,1835,1835,0,0,mariadb_target_000160;mariadb_target_001358
mariadb_griffin_r2,mariadb,2,root/mariadb/sql/item.cc:1913:0:0,/root/mariadb/sql/item.cc,1913,1913,0,0,mariadb_target_000162;mariadb_target_001360
mariadb_griffin_r2,mariadb,2,root/mariadb/sql/item.cc:1913:0:1,/root/mariadb/sql/item.cc,1913,1913,0,0,mariadb_target_000162;mariadb_target_001360
mariadb_griffin_r2,mariadb,2,root/mariadb/sql/item.cc:2081:0:0,/root/mariadb/sql/item.cc,2081,2081,0,0,mariadb_target_000166;mariadb_target_001365
mariadb_griffin_r2,mariadb,2,root/mariadb/sql/item.cc:2081:0:1,/root/mariadb/sql/item.cc,2081,2081,0,0,mariadb_target_000166;mariadb_target_001365
mariadb_griffin_r2,mariadb,2,root/mariadb/sql/item.cc:2095:0:0,/root/mariadb/sql/item.cc,2095,2095,0,0,mariadb_target_000167;mariadb_target_001366
mariadb_griffin_r2,mariadb,2,root/mariadb/sql/item.cc:2095:0:1,/root/mariadb/sql/item.cc,2095,2095,0,0,mariadb_target_000167;mariadb_target_001366
mariadb_griffin_r2,mariadb,2,root/mariadb/sql/item.cc:2167:0:0,/root/mariadb/sql/item.cc,2167,2167,0,0,mariadb_target_000169;mariadb_target_001369
mariadb_griffin_r2,mariadb,2,root/mariadb/sql/item.cc:2167:0:1,/root/mariadb/sql/item.cc,2167,2167,0,0,mariadb_target_000169;mariadb_target_001369
mariadb_griffin_r2,mariadb,2,root/mariadb/sql/item.cc:2277:0:0,/root/mariadb/sql/item.cc,2277,2277,0,0,mariadb_target_000175;mariadb_target_001379
mariadb_griffin_r2,mariadb,2,root/mariadb/sql/item.cc:2277:0:1,/root/mariadb/sql/item.cc,2277,2277,0,0,mariadb_target_000175;mariadb_target_001379
mariadb_griffin_r2,mariadb,2,root/mariadb/sql/item.cc:2278:0:0,/root/mariadb/sql/item.cc,2278,2278,0,0,mariadb_target_000175;mariadb_target_001379
mariadb_griffin_r2,mariadb,2,root/mariadb/sql/item.cc:2278:0:1,/root/mariadb/sql/item.cc,2278,2278,0,0,mariadb_target_000175;mariadb_target_001379
mariadb_griffin_r2,mariadb,2,root/mariadb/sql/item.cc:2279:0:0,/root/mariadb/sql/item.cc,2279,2279,0,0,mariadb_target_000175;mariadb_target_001379
mariadb_griffin_r2,mariadb,2,root/mariadb/sql/item.cc:2279:0:1,/root/mariadb/sql/item.cc,2279,2279,0,0,mariadb_target_000175;mariadb_target_001379
mariadb_griffin_r2,mariadb,2,root/mariadb/sql/item.cc:2280:0:0,/root/mariadb/sql/item.cc,2280,2280,0,0,mariadb_target_000175;mariadb_target_001379
mariadb_griffin_r2,mariadb,2,root/mariadb/sql/item.cc:2280:0:1,/root/mariadb/sql/item.cc,2280,2280,0,0,mariadb_target_000175;mariadb_target_001379
mariadb_griffin_r2,mariadb,2,root/mariadb/sql/item.cc:2353:0:0,/root/mariadb/sql/item.cc,2353,2353,182,1,mariadb_target_000177;mariadb_target_001382
mariadb_griffin_r2,mariadb,2,root/mariadb/sql/item.cc:2353:0:1,/root/mariadb/sql/item.cc,2353,2353,0,0,mariadb_target_000177;mariadb_target_001382
mariadb_griffin_r2,mariadb,2,root/mariadb/sql/item.cc:2933:0:0,/root/mariadb/sql/item.cc,2933,2933,36,1,mariadb_target_000178;mariadb_target_001383
mariadb_griffin_r2,mariadb,2,root/mariadb/sql/item.cc:2933:0:1,/root/mariadb/sql/item.cc,2933,2933,35,1,mariadb_target_000178;mariadb_target_001383
mariadb_griffin_r2,mariadb,2,root/mariadb/sql/item.cc:2937:0:0,/root/mariadb/sql/item.cc,2937,2937,36,1,mariadb_target_000178;mariadb_target_001383
mariadb_griffin_r2,mariadb,2,root/mariadb/sql/item.cc:2937:0:1,/root/mariadb/sql/item.cc,2937,2937,35,1,mariadb_target_000178;mariadb_target_001383
mariadb_griffin_r2,mariadb,2,root/mariadb/sql/item.cc:3009:0:0,/root/mariadb/sql/item.cc,3009,3009,0,0,mariadb_target_000180;mariadb_target_001385
mariadb_griffin_r2,mariadb,2,root/mariadb/sql/item.cc:3009:0:1,/root/mariadb/sql/item.cc,3009,3009,16,1,mariadb_target_000180;mariadb_target_001385
mariadb_griffin_r2,mariadb,2,root/mariadb/sql/item.cc:3013:0:0,/root/mariadb/sql/item.cc,3013,3013,0,0,mariadb_target_000180;mariadb_target_001385
mariadb_griffin_r2,mariadb,2,root/mariadb/sql/item.cc:3013:0:1,/root/mariadb/sql/item.cc,3013,3013,0,0,mariadb_target_000180;mariadb_target_001385
mariadb_griffin_r2,mariadb,2,root/mariadb/sql/item.cc:3483:0:0,/root/mariadb/sql/item.cc,3483,3483,4784,1,mariadb_target_000182;mariadb_target_001387
mariadb_griffin_r2,mariadb,2,root/mariadb/sql/item.cc:3483:0:1,/root/mariadb/sql/item.cc,3483,3483,134,1,mariadb_target_000182;mariadb_target_001387
mariadb_griffin_r2,mariadb,2,root/mariadb/sql/item.cc:3483:1:2,/root/mariadb/sql/item.cc,3483,3483,4776,1,mariadb_target_000182;mariadb_target_001387
mariadb_griffin_r2,mariadb,2,root/mariadb/sql/item.cc:3483:1:3,/root/mariadb/sql/item.cc,3483,3483,8,1,mariadb_target_000182;mariadb_target_001387
mariadb_griffin_r2,mariadb,2,root/mariadb/sql/item.cc:3484:0:0,/root/mariadb/sql/item.cc,3484,3484,4776,1,mariadb_target_000182;mariadb_target_001387
mariadb_griffin_r2,mariadb,2,root/mariadb/sql/item.cc:3484:0:1,/root/mariadb/sql/item.cc,3484,3484,142,1,mariadb_target_000182;mariadb_target_001387
mariadb_griffin_r2,mariadb,2,root/mariadb/sql/item.cc:3484:1:2,/root/mariadb/sql/item.cc,3484,3484,4776,1,mariadb_target_000182;mariadb_target_001387
mariadb_griffin_r2,mariadb,2,root/mariadb/sql/item.cc:3484:1:3,/root/mariadb/sql/item.cc,3484,3484,0,0,mariadb_target_000182;mariadb_target_001387
mariadb_griffin_r2,mariadb,2,root/mariadb/sql/item.cc:3484:2:4,/root/mariadb/sql/item.cc,3484,3484,3240,1,mariadb_target_000182;mariadb_target_001387
mariadb_griffin_r2,mariadb,2,root/mariadb/sql/item.cc:3484:2:5,/root/mariadb/sql/item.cc,3484,3484,1536,1,mariadb_target_000182;mariadb_target_001387
mariadb_griffin_r2,mariadb,2,root/mariadb/sql/item.cc:3485:0:0,/root/mariadb/sql/item.cc,3485,3485,2296,1,mariadb_target_000182;mariadb_target_001387
mariadb_griffin_r2,mariadb,2,root/mariadb/sql/item.cc:3485:0:1,/root/mariadb/sql/item.cc,3485,3485,944,1,mariadb_target_000182;mariadb_target_001387
mariadb_griffin_r2,mariadb,2,root/mariadb/sql/item.cc:3487:0:0,/root/mariadb/sql/item.cc,3487,3487,2296,1,mariadb_target_000182;mariadb_target_001387
mariadb_griffin_r2,mariadb,2,root/mariadb/sql/item.cc:3487:0:1,/root/mariadb/sql/item.cc,3487,3487,2622,1,mariadb_target_000182;mariadb_target_001387
mariadb_griffin_r2,mariadb,2,root/mariadb/sql/item.cc:3487:1:2,/root/mariadb/sql/item.cc,3487,3487,5,1,mariadb_target_000182;mariadb_target_001387
mariadb_griffin_r2,mariadb,2,root/mariadb/sql/item.cc:3487:1:3,/root/mariadb/sql/item.cc,3487,3487,2291,1,mariadb_target_000182;mariadb_target_001387
mariadb_griffin_r2,mariadb,2,root/mariadb/sql/item.cc:3488:0:0,/root/mariadb/sql/item.cc,3488,3488,0,0,mariadb_target_000182;mariadb_target_001387
mariadb_griffin_r2,mariadb,2,root/mariadb/sql/item.cc:3488:0:1,/root/mariadb/sql/item.cc,3488,3488,5,1,mariadb_target_000182;mariadb_target_001387
mariadb_griffin_r2,mariadb,2,root/mariadb/sql/item.cc:3488:1:2,/root/mariadb/sql/item.cc,3488,3488,0,0,mariadb_target_000182;mariadb_target_001387
mariadb_griffin_r2,mariadb,2,root/mariadb/sql/item.cc:3488:1:3,/root/mariadb/sql/item.cc,3488,3488,5,1,mariadb_target_000182;mariadb_target_001387
mariadb_griffin_r2,mariadb,2,root/mariadb/sql/item.cc:3549:0:0,/root/mariadb/sql/item.cc,3549,3549,3480,1,mariadb_target_000183;mariadb_target_001388
mariadb_griffin_r2,mariadb,2,root/mariadb/sql/item.cc:3549:0:1,/root/mariadb/sql/item.cc,3549,3549,11206,1,mariadb_target_000183;mariadb_target_001388
mariadb_griffin_r2,mariadb,2,root/mariadb/sql/item.cc:3559:0:0,/root/mariadb/sql/item.cc,3559,3559,8012,1,mariadb_target_000184;mariadb_target_001390
mariadb_griffin_r2,mariadb,2,root/mariadb/sql/item.cc:3559:0:1,/root/mariadb/sql/item.cc,3559,3559,20654,1,mariadb_target_000184;mariadb_target_001390
mariadb_griffin_r2,mariadb,2,root/mariadb/sql/item.cc:3569:0:0,/root/mariadb/sql/item.cc,3569,3569,167,1,mariadb_target_000185;mariadb_target_001392;mariadb_target_001393
mariadb_griffin_r2,mariadb,2,root/mariadb/sql/item.cc:3569:0:1,/root/mariadb/sql/item.cc,3569,3569,234760,1,mariadb_target_000185;mariadb_target_001392;mariadb_target_001393
mariadb_griffin_r2,mariadb,2,root/mariadb/sql/item.cc:3578:0:0,/root/mariadb/sql/item.cc,3578,3578,756,1,mariadb_target_000186;mariadb_target_001394
mariadb_griffin_r2,mariadb,2,root/mariadb/sql/item.cc:3578:0:1,/root/mariadb/sql/item.cc,3578,3578,5267,1,mariadb_target_000186;mariadb_target_001394
mariadb_griffin_r2,mariadb,2,root/mariadb/sql/item.cc:3594:0:0,/root/mariadb/sql/item.cc,3594,3594,1819,1,mariadb_target_000187;mariadb_target_001396;mariadb_target_001397;mariadb_target_001398
mariadb_griffin_r2,mariadb,2,root/mariadb/sql/item.cc:3594:0:1,/root/mariadb/sql/item.cc,3594,3594,12461,1,mariadb_target_000187;mariadb_target_001396;mariadb_target_001397;mariadb_target_001398
mariadb_griffin_r2,mariadb,2,root/mariadb/sql/item.cc:3602:0:0,/root/mariadb/sql/item.cc,3602,3602,1963,1,mariadb_target_001397;mariadb_target_001398
mariadb_griffin_r2,mariadb,2,root/mariadb/sql/item.cc:3602:0:1,/root/mariadb/sql/item.cc,3602,3602,3062,1,mariadb_target_001397;mariadb_target_001398
mariadb_griffin_r2,mariadb,2,root/mariadb/sql/item.cc:3645:0:0,/root/mariadb/sql/item.cc,3645,3645,1,1,mariadb_target_000189;mariadb_target_001401
mariadb_griffin_r2,mariadb,2,root/mariadb/sql/item.cc:3645:0:1,/root/mariadb/sql/item.cc,3645,3645,0,0,mariadb_target_000189;mariadb_target_001401
mariadb_griffin_r2,mariadb,2,root/mariadb/sql/item.cc:3654:0:0,/root/mariadb/sql/item.cc,3654,3654,5,1,mariadb_target_000190;mariadb_target_001403
mariadb_griffin_r2,mariadb,2,root/mariadb/sql/item.cc:3654:0:1,/root/mariadb/sql/item.cc,3654,3654,0,0,mariadb_target_000190;mariadb_target_001403
mariadb_griffin_r2,mariadb,2,root/mariadb/sql/item.cc:3668:0:0,/root/mariadb/sql/item.cc,3668,3668,19,1,mariadb_target_000191;mariadb_target_001405;mariadb_target_001406;mariadb_target_001407
mariadb_griffin_r2,mariadb,2,root/mariadb/sql/item.cc:3668:0:1,/root/mariadb/sql/item.cc,3668,3668,651,1,mariadb_target_000191;mariadb_target_001405;mariadb_target_001406;mariadb_target_001407
mariadb_griffin_r2,mariadb,2,root/mariadb/sql/item.cc:3675:0:0,/root/mariadb/sql/item.cc,3675,3675,30,1,mariadb_target_000192;mariadb_target_001406;mariadb_target_001407;mariadb_target_001408;mariadb_target_001409;mariadb_target_001410
mariadb_griffin_r2,mariadb,2,root/mariadb/sql/item.cc:3675:0:1,/root/mariadb/sql/item.cc,3675,3675,9572,1,mariadb_target_000192;mariadb_target_001406;mariadb_target_001407;mariadb_target_001408;mariadb_target_001409;mariadb_target_001410
mariadb_griffin_r2,mariadb,2,root/mariadb/sql/item.cc:3683:0:0,/root/mariadb/sql/item.cc,3683,3683,3,1,mariadb_target_001409;mariadb_target_001410
mariadb_griffin_r2,mariadb,2,root/mariadb/sql/item.cc:3683:0:1,/root/mariadb/sql/item.cc,3683,3683,102,1,mariadb_target_001409;mariadb_target_001410
mariadb_griffin_r2,mariadb,2,root/mariadb/sql/item.cc:3691:0:0,/root/mariadb/sql/item.cc,3691,3691,141,1,mariadb_target_000193;mariadb_target_001411;mariadb_target_001412;mariadb_target_001413
mariadb_griffin_r2,mariadb,2,root/mariadb/sql/item.cc:3691:0:1,/root/mariadb/sql/item.cc,3691,3691,2066,1,mariadb_target_000193;mariadb_target_001411;mariadb_target_001412;mariadb_target_001413
mariadb_griffin_r2,mariadb,2,root/mariadb/sql/item.cc:3733:0:0,/root/mariadb/sql/item.cc,3733,3733,172700,1,mariadb_target_000194;mariadb_target_001414;mariadb_target_001415;mariadb_target_001416
mariadb_griffin_r2,mariadb,2,root/mariadb/sql/item.cc:3733:0:1,/root/mariadb/sql/item.cc,3733,3733,4568217,1,mariadb_target_000194;mariadb_target_001414;mariadb_target_001415;mariadb_target_001416
mariadb_griffin_r2,mariadb,2,root/mariadb/sql/item.cc:3735:0:0,/root/mariadb/sql/item.cc,3735,3735,216500,1,mariadb_target_000194;mariadb_target_001414;mariadb_target_001415;mariadb_target_001416
mariadb_griffin_r2,mariadb,2,root/mariadb/sql/item.cc:3735:0:1,/root/mariadb/sql/item.cc,3735,3735,4351717,1,mariadb_target_000194;mariadb_target_001414;mariadb_target_001415;mariadb_target_001416
mariadb_griffin_r2,mariadb,2,root/mariadb/sql/item.cc:3740:0:0,/root/mariadb/sql/item.cc,3740,3740,561,1,mariadb_target_001415;mariadb_target_001416
mariadb_griffin_r2,mariadb,2,root/mariadb/sql/item.cc:3740:0:1,/root/mariadb/sql/item.cc,3740,3740,860,1,mariadb_target_001415;mariadb_target_001416
mariadb_griffin_r2,mariadb,2,root/mariadb/sql/item.cc:3746:0:0,/root/mariadb/sql/item.cc,3746,3746,0,0,mariadb_target_000195;mariadb_target_001417;mariadb_target_001418;mariadb_target_001419
mariadb_griffin_r2,mariadb,2,root/mariadb/sql/item.cc:3746:0:1,/root/mariadb/sql/item.cc,3746,3746,0,0,mariadb_target_000195;mariadb_target_001417;mariadb_target_001418;mariadb_target_001419
mariadb_griffin_r2,mariadb,2,root/mariadb/sql/item.cc:3748:0:0,/root/mariadb/sql/item.cc,3748,3748,0,0,mariadb_target_000195;mariadb_target_001417;mariadb_target_001418;mariadb_target_001419;mariadb_target_001420
mariadb_griffin_r2,mariadb,2,root/mariadb/sql/item.cc:3748:0:1,/root/mariadb/sql/item.cc,3748,3748,0,0,mariadb_target_000195;mariadb_target_001417;mariadb_target_001418;mariadb_target_001419;mariadb_target_001420
mariadb_griffin_r2,mariadb,2,root/mariadb/sql/item.cc:3748:1:2,/root/mariadb/sql/item.cc,3748,3748,0,0,mariadb_target_000195;mariadb_target_001417;mariadb_target_001418;mariadb_target_001419;mariadb_target_001420
mariadb_griffin_r2,mariadb,2,root/mariadb/sql/item.cc:3748:1:3,/root/mariadb/sql/item.cc,3748,3748,0,0,mariadb_target_000195;mariadb_target_001417;mariadb_target_001418;mariadb_target_001419;mariadb_target_001420
mariadb_griffin_r2,mariadb,2,root/mariadb/sql/item.cc:4109:0:0,/root/mariadb/sql/item.cc,4109,4109,552,1,mariadb_target_000202;mariadb_target_001428
mariadb_griffin_r2,mariadb,2,root/mariadb/sql/item.cc:4109:0:1,/root/mariadb/sql/item.cc,4109,4109,542,1,mariadb_target_000202;mariadb_target_001428
mariadb_griffin_r2,mariadb,2,root/mariadb/sql/item.cc:4109:1:2,/root/mariadb/sql/item.cc,4109,4109,0,0,mariadb_target_000202;mariadb_target_001428
mariadb_griffin_r2,mariadb,2,root/mariadb/sql/item.cc:4109:1:3,/root/mariadb/sql/item.cc,4109,4109,552,1,mariadb_target_000202;mariadb_target_001428
mariadb_griffin_r2,mariadb,2,root/mariadb/sql/item.cc:4110:0:0,/root/mariadb/sql/item.cc,4110,4110,0,0,mariadb_target_000202;mariadb_target_001428
mariadb_griffin_r2,mariadb,2,root/mariadb/sql/item.cc:4110:0:1,/root/mariadb/sql/item.cc,4110,4110,1094,1,mariadb_target_000202;mariadb_target_001428
mariadb_griffin_r2,mariadb,2,root/mariadb/sql/item.cc:4746:0:0,/root/mariadb/sql/item.cc,4746,4746,0,0,mariadb_target_001445
mariadb_griffin_r2,mariadb,2,root/mariadb/sql/item.cc:4746:0:1,/root/mariadb/sql/item.cc,4746,4746,0,0,mariadb_target_001445
mariadb_griffin_r2,mariadb,2,root/mariadb/sql/item.cc:4747:0:0,/root/mariadb/sql/item.cc,4747,4747,0,0,mariadb_target_001445
mariadb_griffin_r2,mariadb,2,root/mariadb/sql/item.cc:4747:0:1,/root/mariadb/sql/item.cc,4747,4747,0,0,mariadb_target_001445
mariadb_griffin_r2,mariadb,2,root/mariadb/sql/item.cc:4749:0:0,/root/mariadb/sql/item.cc,4749,4749,0,0,mariadb_target_000214;mariadb_target_001445;mariadb_target_001447
mariadb_griffin_r2,mariadb,2,root/mariadb/sql/item.cc:4749:0:1,/root/mariadb/sql/item.cc,4749,4749,0,0,mariadb_target_000214;mariadb_target_001445;mariadb_target_001447
mariadb_griffin_r2,mariadb,2,root/mariadb/sql/item.cc:4751:0:0,/root/mariadb/sql/item.cc,4751,4751,0,0,mariadb_target_000214;mariadb_target_001445;mariadb_target_001447
mariadb_griffin_r2,mariadb,2,root/mariadb/sql/item.cc:4751:0:1,/root/mariadb/sql/item.cc,4751,4751,0,0,mariadb_target_000214;mariadb_target_001445;mariadb_target_001447
mariadb_griffin_r2,mariadb,2,root/mariadb/sql/item.cc:4752:0:0,/root/mariadb/sql/item.cc,4752,4752,0,0,mariadb_target_000213;mariadb_target_000214;mariadb_target_001445;mariadb_target_001446;mariadb_target_001447
mariadb_griffin_r2,mariadb,2,root/mariadb/sql/item.cc:4752:0:1,/root/mariadb/sql/item.cc,4752,4752,0,0,mariadb_target_000213;mariadb_target_000214;mariadb_target_001445;mariadb_target_001446;mariadb_target_001447
mariadb_griffin_r2,mariadb,2,root/mariadb/sql/item.cc:4757:0:0,/root/mariadb/sql/item.cc,4757,4757,0,0,mariadb_target_000213;mariadb_target_000214;mariadb_target_001446;mariadb_target_001447
mariadb_griffin_r2,mariadb,2,root/mariadb/sql/item.cc:4757:0:1,/root/mariadb/sql/item.cc,4757,4757,0,0,mariadb_target_000213;mariadb_target_000214;mariadb_target_001446;mariadb_target_001447
mariadb_griffin_r2,mariadb,2,root/mariadb/sql/item.cc:4758:0:0,/root/mariadb/sql/item.cc,4758,4758,0,0,mariadb_target_000213;mariadb_target_000214;mariadb_target_000215;mariadb_target_001446;mariadb_target_001447;mariadb_target_001448
mariadb_griffin_r2,mariadb,2,root/mariadb/sql/item.cc:4758:0:1,/root/mariadb/sql/item.cc,4758,4758,0,0,mariadb_target_000213;mariadb_target_000214;mariadb_target_000215;mariadb_target_001446;mariadb_target_001447;mariadb_target_001448
mariadb_griffin_r2,mariadb,2,root/mariadb/sql/item.cc:4762:0:0,/root/mariadb/sql/item.cc,4762,4762,0,0,mariadb_target_000213;mariadb_target_000214;mariadb_target_000215;mariadb_target_001446;mariadb_target_001447;mariadb_target_001448
mariadb_griffin_r2,mariadb,2,root/mariadb/sql/item.cc:4762:0:1,/root/mariadb/sql/item.cc,4762,4762,0,0,mariadb_target_000213;mariadb_target_000214;mariadb_target_000215;mariadb_target_001446;mariadb_target_001447;mariadb_target_001448
mariadb_griffin_r2,mariadb,2,root/mariadb/sql/item.cc:4765:0:0,/root/mariadb/sql/item.cc,4765,4765,0,0,mariadb_target_000214;mariadb_target_000215;mariadb_target_001447;mariadb_target_001448
mariadb_griffin_r2,mariadb,2,root/mariadb/sql/item.cc:4765:0:1,/root/mariadb/sql/item.cc,4765,4765,0,0,mariadb_target_000214;mariadb_target_000215;mariadb_target_001447;mariadb_target_001448
mariadb_griffin_r2,mariadb,2,root/mariadb/sql/item.cc:4768:0:0,/root/mariadb/sql/item.cc,4768,4768,0,0,mariadb_target_000214;mariadb_target_000215;mariadb_target_001447;mariadb_target_001448
mariadb_griffin_r2,mariadb,2,root/mariadb/sql/item.cc:4768:0:1,/root/mariadb/sql/item.cc,4768,4768,0,0,mariadb_target_000214;mariadb_target_000215;mariadb_target_001447;mariadb_target_001448
mariadb_griffin_r2,mariadb,2,root/mariadb/sql/item.cc:4778:0:0,/root/mariadb/sql/item.cc,4778,4778,0,0,mariadb_target_000214;mariadb_target_000216;mariadb_target_000217;mariadb_target_001447;mariadb_target_001449;mariadb_target_001450
mariadb_griffin_r2,mariadb,2,root/mariadb/sql/item.cc:4778:0:1,/root/mariadb/sql/item.cc,4778,4778,0,0,mariadb_target_000214;mariadb_target_000216;mariadb_target_000217;mariadb_target_001447;mariadb_target_001449;mariadb_target_001450
mariadb_griffin_r2,mariadb,2,root/mariadb/sql/item.cc:4869:0:0,/root/mariadb/sql/item.cc,4869,4869,0,0,mariadb_target_000218;mariadb_target_001451
mariadb_griffin_r2,mariadb,2,root/mariadb/sql/item.cc:4869:0:1,/root/mariadb/sql/item.cc,4869,4869,0,0,mariadb_target_000218;mariadb_target_001451
mariadb_griffin_r2,mariadb,2,root/mariadb/sql/item.cc:4870:0:0,/root/mariadb/sql/item.cc,4870,4870,0,0,mariadb_target_000218;mariadb_target_001451
mariadb_griffin_r2,mariadb,2,root/mariadb/sql/item.cc:4870:0:1,/root/mariadb/sql/item.cc,4870,4870,0,0,mariadb_target_000218;mariadb_target_001451
mariadb_griffin_r2,mariadb,2,root/mariadb/sql/item.cc:4872:0:0,/root/mariadb/sql/item.cc,4872,4872,0,0,mariadb_target_000218;mariadb_target_001451
mariadb_griffin_r2,mariadb,2,root/mariadb/sql/item.cc:4872:0:1,/root/mariadb/sql/item.cc,4872,4872,0,0,mariadb_target_000218;mariadb_target_001451
mariadb_griffin_r2,mariadb,2,root/mariadb/sql/item.cc:4873:0:0,/root/mariadb/sql/item.cc,4873,4873,0,0,mariadb_target_000218;mariadb_target_001451
mariadb_griffin_r2,mariadb,2,root/mariadb/sql/item.cc:4873:0:1,/root/mariadb/sql/item.cc,4873,4873,0,0,mariadb_target_000218;mariadb_target_001451
mariadb_griffin_r2,mariadb,2,root/mariadb/sql/item.cc:4896:0:0,/root/mariadb/sql/item.cc,4896,4896,0,0,mariadb_target_000219;mariadb_target_001452
mariadb_griffin_r2,mariadb,2,root/mariadb/sql/item.cc:4896:0:1,/root/mariadb/sql/item.cc,4896,4896,0,0,mariadb_target_000219;mariadb_target_001452
mariadb_griffin_r2,mariadb,2,root/mariadb/sql/item.cc:4897:0:0,/root/mariadb/sql/item.cc,4897,4897,0,0,mariadb_target_000219;mariadb_target_001452
mariadb_griffin_r2,mariadb,2,root/mariadb/sql/item.cc:4897:0:1,/root/mariadb/sql/item.cc,4897,4897,0,0,mariadb_target_000219;mariadb_target_001452
mariadb_griffin_r2,mariadb,2,root/mariadb/sql/item.cc:4899:0:0,/root/mariadb/sql/item.cc,4899,4899,0,0,mariadb_target_000219;mariadb_target_001452
mariadb_griffin_r2,mariadb,2,root/mariadb/sql/item.cc:4899:0:1,/root/mariadb/sql/item.cc,4899,4899,0,0,mariadb_target_000219;mariadb_target_001452
mariadb_griffin_r2,mariadb,2,root/mariadb/sql/item.cc:4901:0:0,/root/mariadb/sql/item.cc,4901,4901,0,0,mariadb_target_000219;mariadb_target_001452
mariadb_griffin_r2,mariadb,2,root/mariadb/sql/item.cc:4901:0:1,/root/mariadb/sql/item.cc,4901,4901,0,0,mariadb_target_000219;mariadb_target_001452
mariadb_griffin_r2,mariadb,2,root/mariadb/sql/item.cc:4918:0:0,/root/mariadb/sql/item.cc,4918,4918,0,0,mariadb_target_000220;mariadb_target_001453
mariadb_griffin_r2,mariadb,2,root/mariadb/sql/item.cc:4918:0:1,/root/mariadb/sql/item.cc,4918,4918,0,0,mariadb_target_000220;mariadb_target_001453
mariadb_griffin_r2,mariadb,2,root/mariadb/sql/item.cc:4919:0:0,/root/mariadb/sql/item.cc,4919,4919,0,0,mariadb_target_000220;mariadb_target_001453
mariadb_griffin_r2,mariadb,2,root/mariadb/sql/item.cc:4919:0:1,/root/mariadb/sql/item.cc,4919,4919,0,0,mariadb_target_000220;mariadb_target_001453
mariadb_griffin_r2,mariadb,2,root/mariadb/sql/item.cc:4921:0:0,/root/mariadb/sql/item.cc,4921,4921,0,0,mariadb_target_000220;mariadb_target_001453
mariadb_griffin_r2,mariadb,2,root/mariadb/sql/item.cc:4921:0:1,/root/mariadb/sql/item.cc,4921,4921,0,0,mariadb_target_000220;mariadb_target_001453
mariadb_griffin_r2,mariadb,2,root/mariadb/sql/item.cc:4942:0:0,/root/mariadb/sql/item.cc,4942,4942,0,0,mariadb_target_000221;mariadb_target_001454
mariadb_griffin_r2,mariadb,2,root/mariadb/sql/item.cc:4942:0:1,/root/mariadb/sql/item.cc,4942,4942,0,0,mariadb_target_000221;mariadb_target_001454
mariadb_griffin_r2,mariadb,2,root/mariadb/sql/item.cc:4943:0:0,/root/mariadb/sql/item.cc,4943,4943,0,0,mariadb_target_000221;mariadb_target_001454
mariadb_griffin_r2,mariadb,2,root/mariadb/sql/item.cc:4943:0:1,/root/mariadb/sql/item.cc,4943,4943,0,0,mariadb_target_000221;mariadb_target_001454
mariadb_griffin_r2,mariadb,2,root/mariadb/sql/item.cc:4945:0:0,/root/mariadb/sql/item.cc,4945,4945,0,0,mariadb_target_000221;mariadb_target_001454
mariadb_griffin_r2,mariadb,2,root/mariadb/sql/item.cc:4945:0:1,/root/mariadb/sql/item.cc,4945,4945,0,0,mariadb_target_000221;mariadb_target_001454
mariadb_griffin_r2,mariadb,2,root/mariadb/sql/item.cc:4964:0:0,/root/mariadb/sql/item.cc,4964,4964,0,0,mariadb_target_001455
mariadb_griffin_r2,mariadb,2,root/mariadb/sql/item.cc:4964:0:1,/root/mariadb/sql/item.cc,4964,4964,0,0,mariadb_target_001455
mariadb_griffin_r2,mariadb,2,root/mariadb/sql/item.cc:5098:0:0,/root/mariadb/sql/item.cc,5098,5098,0,0,mariadb_target_000222;mariadb_target_001456
mariadb_griffin_r2,mariadb,2,root/mariadb/sql/item.cc:5098:0:1,/root/mariadb/sql/item.cc,5098,5098,0,0,mariadb_target_000222;mariadb_target_001456
mariadb_griffin_r2,mariadb,2,root/mariadb/sql/item.cc:5099:0:0,/root/mariadb/sql/item.cc,5099,5099,0,0,mariadb_target_000222;mariadb_target_001456
mariadb_griffin_r2,mariadb,2,root/mariadb/sql/item.cc:5099:0:1,/root/mariadb/sql/item.cc,5099,5099,0,0,mariadb_target_000222;mariadb_target_001456
mariadb_griffin_r2,mariadb,2,root/mariadb/sql/item.cc:5100:0:0,/root/mariadb/sql/item.cc,5100,5100,0,0,mariadb_target_000222;mariadb_target_001456
mariadb_griffin_r2,mariadb,2,root/mariadb/sql/item.cc:5100:0:1,/root/mariadb/sql/item.cc,5100,5100,0,0,mariadb_target_000222;mariadb_target_001456
mariadb_griffin_r2,mariadb,2,root/mariadb/sql/item.cc:5102:0:0,/root/mariadb/sql/item.cc,5102,5102,0,0,mariadb_target_000222;mariadb_target_001456
mariadb_griffin_r2,mariadb,2,root/mariadb/sql/item.cc:5102:0:1,/root/mariadb/sql/item.cc,5102,5102,0,0,mariadb_target_000222;mariadb_target_001456
mariadb_griffin_r2,mariadb,2,root/mariadb/sql/item.cc:5104:0:0,/root/mariadb/sql/item.cc,5104,5104,0,0,mariadb_target_000222;mariadb_target_001456
mariadb_griffin_r2,mariadb,2,root/mariadb/sql/item.cc:5104:0:1,/root/mariadb/sql/item.cc,5104,5104,0,0,mariadb_target_000222;mariadb_target_001456
mariadb_griffin_r2,mariadb,2,root/mariadb/sql/item.cc:5179:0:0,/root/mariadb/sql/item.cc,5179,5179,0,0,mariadb_target_000223;mariadb_target_001457
mariadb_griffin_r2,mariadb,2,root/mariadb/sql/item.cc:5179:0:1,/root/mariadb/sql/item.cc,5179,5179,0,0,mariadb_target_000223;mariadb_target_001457
mariadb_griffin_r2,mariadb,2,root/mariadb/sql/item.cc:5183:0:0,/root/mariadb/sql/item.cc,5183,5183,0,0,mariadb_target_000223;mariadb_target_001457
mariadb_griffin_r2,mariadb,2,root/mariadb/sql/item.cc:5183:0:1,/root/mariadb/sql/item.cc,5183,5183,0,0,mariadb_target_000223;mariadb_target_001457
mariadb_griffin_r2,mariadb,2,root/mariadb/sql/item.cc:5366:0:0,/root/mariadb/sql/item.cc,5366,5366,0,0,mariadb_target_000226;mariadb_target_001461
mariadb_griffin_r2,mariadb,2,root/mariadb/sql/item.cc:5366:0:1,/root/mariadb/sql/item.cc,5366,5366,0,0,mariadb_target_000226;mariadb_target_001461
mariadb_griffin_r2,mariadb,2,root/mariadb/sql/item.cc:5512:0:0,/root/mariadb/sql/item.cc,5512,5512,65,1,mariadb_target_000227;mariadb_target_001462;mariadb_target_001463
mariadb_griffin_r2,mariadb,2,root/mariadb/sql/item.cc:5512:0:1,/root/mariadb/sql/item.cc,5512,5512,28,1,mariadb_target_000227;mariadb_target_001462;mariadb_target_001463
mariadb_griffin_r2,mariadb,2,root/mariadb/sql/item.cc:5522:0:0,/root/mariadb/sql/item.cc,5522,5522,4,1,mariadb_target_000228;mariadb_target_001464;mariadb_target_001465
mariadb_griffin_r2,mariadb,2,root/mariadb/sql/item.cc:5522:0:1,/root/mariadb/sql/item.cc,5522,5522,77,1,mariadb_target_000228;mariadb_target_001464;mariadb_target_001465
mariadb_griffin_r2,mariadb,2,root/mariadb/sql/item.cc:5524:0:0,/root/mariadb/sql/item.cc,5524,5524,0,0,mariadb_target_000228;mariadb_target_001464;mariadb_target_001465
mariadb_griffin_r2,mariadb,2,root/mariadb/sql/item.cc:5524:0:1,/root/mariadb/sql/item.cc,5524,5524,77,1,mariadb_target_000228;mariadb_target_001464;mariadb_target_001465
mariadb_griffin_r2,mariadb,2,root/mariadb/sql/item.cc:5543:0:0,/root/mariadb/sql/item.cc,5543,5543,686,1,mariadb_target_000230;mariadb_target_001467;mariadb_target_001468;mariadb_target_001469
mariadb_griffin_r2,mariadb,2,root/mariadb/sql/item.cc:5543:0:1,/root/mariadb/sql/item.cc,5543,5543,650,1,mariadb_target_000230;mariadb_target_001467;mariadb_target_001468;mariadb_target_001469
mariadb_griffin_r2,mariadb,2,root/mariadb/sql/item.cc:5543:1:2,/root/mariadb/sql/item.cc,5543,5543,2,1,mariadb_target_000230;mariadb_target_001467;mariadb_target_001468;mariadb_target_001469
mariadb_griffin_r2,mariadb,2,root/mariadb/sql/item.cc:5543:1:3,/root/mariadb/sql/item.cc,5543,5543,684,1,mariadb_target_000230;mariadb_target_001467;mariadb_target_001468;mariadb_target_001469
mariadb_griffin_r2,mariadb,2,root/mariadb/sql/item.cc:5556:0:0,/root/mariadb/sql/item.cc,5556,5556,0,0,mariadb_target_000231;mariadb_target_001470;mariadb_target_001471
mariadb_griffin_r2,mariadb,2,root/mariadb/sql/item.cc:5556:0:1,/root/mariadb/sql/item.cc,5556,5556,0,0,mariadb_target_000231;mariadb_target_001470;mariadb_target_001471
mariadb_griffin_r2,mariadb,2,root/mariadb/sql/item.cc:5566:0:0,/root/mariadb/sql/item.cc,5566,5566,0,0,mariadb_target_000232;mariadb_target_001472;mariadb_target_001473
mariadb_griffin_r2,mariadb,2,root/mariadb/sql/item.cc:5566:0:1,/root/mariadb/sql/item.cc,5566,5566,0,0,mariadb_target_000232;mariadb_target_001472;mariadb_target_001473
mariadb_griffin_r2,mariadb,2,root/mariadb/sql/item.cc:6079:0:0,/root/mariadb/sql/item.cc,6079,6079,837,1,mariadb_target_000239;mariadb_target_001480;mariadb_target_001481
mariadb_griffin_r2,mariadb,2,root/mariadb/sql/item.cc:6079:0:1,/root/mariadb/sql/item.cc,6079,6079,18980,1,mariadb_target_000239;mariadb_target_001480;mariadb_target_001481
mariadb_griffin_r2,mariadb,2,root/mariadb/sql/item.cc:6080:0:0,/root/mariadb/sql/item.cc,6080,6080,0,0,mariadb_target_001481
mariadb_griffin_r2,mariadb,2,root/mariadb/sql/item.cc:6080:0:1,/root/mariadb/sql/item.cc,6080,6080,18980,1,mariadb_target_001481
mariadb_griffin_r2,mariadb,2,root/mariadb/sql/item.cc:6080:1:2,/root/mariadb/sql/item.cc,6080,6080,0,0,mariadb_target_001481
mariadb_griffin_r2,mariadb,2,root/mariadb/sql/item.cc:6080:1:3,/root/mariadb/sql/item.cc,6080,6080,0,0,mariadb_target_001481
mariadb_griffin_r2,mariadb,2,root/mariadb/sql/item.cc:6398:0:0,/root/mariadb/sql/item.cc,6398,6398,0,0,mariadb_target_001482
mariadb_griffin_r2,mariadb,2,root/mariadb/sql/item.cc:6398:0:1,/root/mariadb/sql/item.cc,6398,6398,963,1,mariadb_target_001482
mariadb_griffin_r2,mariadb,2,root/mariadb/sql/item.cc:6406:0:0,/root/mariadb/sql/item.cc,6406,6406,0,0,mariadb_target_001482
mariadb_griffin_r2,mariadb,2,root/mariadb/sql/item.cc:6406:0:1,/root/mariadb/sql/item.cc,6406,6406,963,1,mariadb_target_001482
mariadb_griffin_r2,mariadb,2,root/mariadb/sql/item.cc:6406:1:2,/root/mariadb/sql/item.cc,6406,6406,0,0,mariadb_target_001482
mariadb_griffin_r2,mariadb,2,root/mariadb/sql/item.cc:6406:1:3,/root/mariadb/sql/item.cc,6406,6406,963,1,mariadb_target_001482
mariadb_griffin_r2,mariadb,2,root/mariadb/sql/item.cc:6482:0:0,/root/mariadb/sql/item.cc,6482,6482,188511,1,mariadb_target_000240;mariadb_target_001483;mariadb_target_001484
mariadb_griffin_r2,mariadb,2,root/mariadb/sql/item.cc:6482:0:1,/root/mariadb/sql/item.cc,6482,6482,0,0,mariadb_target_000240;mariadb_target_001483;mariadb_target_001484
mariadb_griffin_r2,mariadb,2,root/mariadb/sql/item.cc:6494:0:0,/root/mariadb/sql/item.cc,6494,6494,188511,1,mariadb_target_001484
mariadb_griffin_r2,mariadb,2,root/mariadb/sql/item.cc:6494:0:1,/root/mariadb/sql/item.cc,6494,6494,0,0,mariadb_target_001484
mariadb_griffin_r2,mariadb,2,root/mariadb/sql/item.cc:6494:1:2,/root/mariadb/sql/item.cc,6494,6494,0,0,mariadb_target_001484
mariadb_griffin_r2,mariadb,2,root/mariadb/sql/item.cc:6494:1:3,/root/mariadb/sql/item.cc,6494,6494,188511,1,mariadb_target_001484
mariadb_griffin_r2,mariadb,2,root/mariadb/sql/item.cc:6500:0:0,/root/mariadb/sql/item.cc,6500,6500,188511,1,mariadb_target_001484;mariadb_target_001485
mariadb_griffin_r2,mariadb,2,root/mariadb/sql/item.cc:6500:0:1,/root/mariadb/sql/item.cc,6500,6500,0,0,mariadb_target_001484;mariadb_target_001485
mariadb_griffin_r2,mariadb,2,root/mariadb/sql/item.cc:6509:0:0,/root/mariadb/sql/item.cc,6509,6509,19558,1,mariadb_target_001484
mariadb_griffin_r2,mariadb,2,root/mariadb/sql/item.cc:6509:0:1,/root/mariadb/sql/item.cc,6509,6509,168953,1,mariadb_target_001484
mariadb_griffin_r2,mariadb,2,root/mariadb/sql/item.cc:6514:0:0,/root/mariadb/sql/item.cc,6514,6514,237,1,mariadb_target_001484
mariadb_griffin_r2,mariadb,2,root/mariadb/sql/item.cc:6514:0:1,/root/mariadb/sql/item.cc,6514,6514,188274,1,mariadb_target_001484
mariadb_griffin_r2,mariadb,2,root/mariadb/sql/item.cc:6524:0:0,/root/mariadb/sql/item.cc,6524,6524,19558,1,mariadb_target_001484
mariadb_griffin_r2,mariadb,2,root/mariadb/sql/item.cc:6524:0:1,/root/mariadb/sql/item.cc,6524,6524,0,0,mariadb_target_001484
mariadb_griffin_r2,mariadb,2,root/mariadb/sql/item.cc:6524:1:2,/root/mariadb/sql/item.cc,6524,6524,1271,1,mariadb_target_001484
mariadb_griffin_r2,mariadb,2,root/mariadb/sql/item.cc:6524:1:3,/root/mariadb/sql/item.cc,6524,6524,18287,1,mariadb_target_001484
mariadb_griffin_r2,mariadb,2,root/mariadb/sql/item.cc:6532:0:0,/root/mariadb/sql/item.cc,6532,6532,0,0,mariadb_target_001484
mariadb_griffin_r2,mariadb,2,root/mariadb/sql/item.cc:6532:0:1,/root/mariadb/sql/item.cc,6532,6532,1271,1,mariadb_target_001484
mariadb_griffin_r2,mariadb,2,root/mariadb/sql/item.cc:6534:0:0,/root/mariadb/sql/item.cc,6534,6534,0,0,mariadb_target_001484
mariadb_griffin_r2,mariadb,2,root/mariadb/sql/item.cc:6534:0:1,/root/mariadb/sql/item.cc,6534,6534,1271,1,mariadb_target_001484
mariadb_griffin_r2,mariadb,2,root/mariadb/sql/item.cc:6536:0:0,/root/mariadb/sql/item.cc,6536,6536,578,1,mariadb_target_001484
mariadb_griffin_r2,mariadb,2,root/mariadb/sql/item.cc:6536:0:1,/root/mariadb/sql/item.cc,6536,6536,693,1,mariadb_target_001484
mariadb_griffin_r2,mariadb,2,root/mariadb/sql/item.cc:6538:0:0,/root/mariadb/sql/item.cc,6538,6538,344,1,mariadb_target_001484
mariadb_griffin_r2,mariadb,2,root/mariadb/sql/item.cc:6538:0:1,/root/mariadb/sql/item.cc,6538,6538,234,1,mariadb_target_001484
mariadb_griffin_r2,mariadb,2,root/mariadb/sql/item.cc:6549:0:0,/root/mariadb/sql/item.cc,6549,6549,0,0,mariadb_target_001484;mariadb_target_001486
mariadb_griffin_r2,mariadb,2,root/mariadb/sql/item.cc:6549:0:1,/root/mariadb/sql/item.cc,6549,6549,344,1,mariadb_target_001484;mariadb_target_001486
mariadb_griffin_r2,mariadb,2,root/mariadb/sql/item.cc:6575:0:0,/root/mariadb/sql/item.cc,6575,6575,0,0,mariadb_target_001484
mariadb_griffin_r2,mariadb,2,root/mariadb/sql/item.cc:6575:0:1,/root/mariadb/sql/item.cc,6575,6575,234,1,mariadb_target_001484
mariadb_griffin_r2,mariadb,2,root/mariadb/sql/item.cc:6577:0:0,/root/mariadb/sql/item.cc,6577,6577,0,0,mariadb_target_001484
mariadb_griffin_r2,mariadb,2,root/mariadb/sql/item.cc:6577:0:1,/root/mariadb/sql/item.cc,6577,6577,234,1,mariadb_target_001484
mariadb_griffin_r2,mariadb,2,root/mariadb/sql/item.cc:6577:1:2,/root/mariadb/sql/item.cc,6577,6577,0,0,mariadb_target_001484
mariadb_griffin_r2,mariadb,2,root/mariadb/sql/item.cc:6577:1:3,/root/mariadb/sql/item.cc,6577,6577,234,1,mariadb_target_001484
mariadb_griffin_r2,mariadb,2,root/mariadb/sql/item.cc:6578:0:0,/root/mariadb/sql/item.cc,6578,6578,0,0,mariadb_target_001484
mariadb_griffin_r2,mariadb,2,root/mariadb/sql/item.cc:6578:0:1,/root/mariadb/sql/item.cc,6578,6578,234,1,mariadb_target_001484
mariadb_griffin_r2,mariadb,2,root/mariadb/sql/item.cc:6582:0:0,/root/mariadb/sql/item.cc,6582,6582,44,1,mariadb_target_001484
mariadb_griffin_r2,mariadb,2,root/mariadb/sql/item.cc:6582:0:1,/root/mariadb/sql/item.cc,6582,6582,190,1,mariadb_target_001484
mariadb_griffin_r2,mariadb,2,root/mariadb/sql/item.cc:6584:0:0,/root/mariadb/sql/item.cc,6584,6584,0,0,mariadb_target_001484
mariadb_griffin_r2,mariadb,2,root/mariadb/sql/item.cc:6584:0:1,/root/mariadb/sql/item.cc,6584,6584,44,1,mariadb_target_001484
mariadb_griffin_r2,mariadb,2,root/mariadb/sql/item.cc:6596:0:0,/root/mariadb/sql/item.cc,6596,6596,0,0,mariadb_target_001484
mariadb_griffin_r2,mariadb,2,root/mariadb/sql/item.cc:6596:0:1,/root/mariadb/sql/item.cc,6596,6596,18980,1,mariadb_target_001484
mariadb_griffin_r2,mariadb,2,root/mariadb/sql/item.cc:6601:0:0,/root/mariadb/sql/item.cc,6601,6601,503,1,mariadb_target_001484
mariadb_griffin_r2,mariadb,2,root/mariadb/sql/item.cc:6601:0:1,/root/mariadb/sql/item.cc,6601,6601,18477,1,mariadb_target_001484
mariadb_griffin_r2,mariadb,2,root/mariadb/sql/item.cc:6604:0:0,/root/mariadb/sql/item.cc,6604,6604,3388,1,mariadb_target_001484
mariadb_griffin_r2,mariadb,2,root/mariadb/sql/item.cc:6604:0:1,/root/mariadb/sql/item.cc,6604,6604,15089,1,mariadb_target_001484
mariadb_griffin_r2,mariadb,2,root/mariadb/sql/item.cc:6607:0:0,/root/mariadb/sql/item.cc,6607,6607,1,1,mariadb_target_001484
mariadb_griffin_r2,mariadb,2,root/mariadb/sql/item.cc:6607:0:1,/root/mariadb/sql/item.cc,6607,6607,168952,1,mariadb_target_001484
mariadb_griffin_r2,mariadb,2,root/mariadb/sql/item.cc:6610:0:0,/root/mariadb/sql/item.cc,6610,6610,177218,1,mariadb_target_001484;mariadb_target_001487
mariadb_griffin_r2,mariadb,2,root/mariadb/sql/item.cc:6610:0:1,/root/mariadb/sql/item.cc,6610,6610,6823,1,mariadb_target_001484;mariadb_target_001487
mariadb_griffin_r2,mariadb,2,root/mariadb/sql/item.cc:6611:0:0,/root/mariadb/sql/item.cc,6611,6611,6823,1,mariadb_target_001484;mariadb_target_001487
mariadb_griffin_r2,mariadb,2,root/mariadb/sql/item.cc:6611:0:1,/root/mariadb/sql/item.cc,6611,6611,0,0,mariadb_target_001484;mariadb_target_001487
mariadb_griffin_r2,mariadb,2,root/mariadb/sql/item.cc:6613:0:0,/root/mariadb/sql/item.cc,6613,6613,168952,1,mariadb_target_001484;mariadb_target_001487
mariadb_griffin_r2,mariadb,2,root/mariadb/sql/item.cc:6613:0:1,/root/mariadb/sql/item.cc,6613,6613,15089,1,mariadb_target_001484;mariadb_target_001487
mariadb_griffin_r2,mariadb,2,root/mariadb/sql/item.cc:6613:1:2,/root/mariadb/sql/item.cc,6613,6613,168716,1,mariadb_target_001484;mariadb_target_001487
mariadb_griffin_r2,mariadb,2,root/mariadb/sql/item.cc:6613:1:3,/root/mariadb/sql/item.cc,6613,6613,236,1,mariadb_target_001484;mariadb_target_001487
mariadb_griffin_r2,mariadb,2,root/mariadb/sql/item.cc:6613:2:4,/root/mariadb/sql/item.cc,6613,6613,168716,1,mariadb_target_001484;mariadb_target_001487
mariadb_griffin_r2,mariadb,2,root/mariadb/sql/item.cc:6613:2:5,/root/mariadb/sql/item.cc,6613,6613,0,0,mariadb_target_001484;mariadb_target_001487
mariadb_griffin_r2,mariadb,2,root/mariadb/sql/item.cc:6614:0:0,/root/mariadb/sql/item.cc,6614,6614,168716,1,mariadb_target_001484;mariadb_target_001487
mariadb_griffin_r2,mariadb,2,root/mariadb/sql/item.cc:6614:0:1,/root/mariadb/sql/item.cc,6614,6614,0,0,mariadb_target_001484;mariadb_target_001487
mariadb_griffin_r2,mariadb,2,root/mariadb/sql/item.cc:6615:0:0,/root/mariadb/sql/item.cc,6615,6615,2510,1,mariadb_target_001484;mariadb_target_001487
mariadb_griffin_r2,mariadb,2,root/mariadb/sql/item.cc:6615:0:1,/root/mariadb/sql/item.cc,6615,6615,166206,1,mariadb_target_001484;mariadb_target_001487
mariadb_griffin_r2,mariadb,2,root/mariadb/sql/item.cc:6616:0:0,/root/mariadb/sql/item.cc,6616,6616,837,1,mariadb_target_001484;mariadb_target_001487
mariadb_griffin_r2,mariadb,2,root/mariadb/sql/item.cc:6616:0:1,/root/mariadb/sql/item.cc,6616,6616,1673,1,mariadb_target_001484;mariadb_target_001487
mariadb_griffin_r2,mariadb,2,root/mariadb/sql/item.cc:6617:0:0,/root/mariadb/sql/item.cc,6617,6617,837,1,mariadb_target_001484;mariadb_target_001487
mariadb_griffin_r2,mariadb,2,root/mariadb/sql/item.cc:6617:0:1,/root/mariadb/sql/item.cc,6617,6617,0,0,mariadb_target_001484;mariadb_target_001487
mariadb_griffin_r2,mariadb,2,root/mariadb/sql/item.cc:6620:0:0,/root/mariadb/sql/item.cc,6620,6620,0,0,mariadb_target_001484;mariadb_target_001487
mariadb_griffin_r2,mariadb,2,root/mariadb/sql/item.cc:6620:0:1,/root/mariadb/sql/item.cc,6620,6620,837,1,mariadb_target_001484;mariadb_target_001487
mariadb_griffin_r2,mariadb,2,root/mariadb/sql/item.cc:6623:0:0,/root/mariadb/sql/item.cc,6623,6623,0,0,mariadb_target_001484
mariadb_griffin_r2,mariadb,2,root/mariadb/sql/item.cc:6623:0:1,/root/mariadb/sql/item.cc,6623,6623,837,1,mariadb_target_001484
mariadb_griffin_r2,mariadb,2,root/mariadb/sql/item.cc:6627:0:0,/root/mariadb/sql/item.cc,6627,6627,184041,1,mariadb_target_001484
mariadb_griffin_r2,mariadb,2,root/mariadb/sql/item.cc:6627:0:1,/root/mariadb/sql/item.cc,6627,6627,0,0,mariadb_target_001484
mariadb_griffin_r2,mariadb,2,root/mariadb/sql/item.cc:6627:1:2,/root/mariadb/sql/item.cc,6627,6627,178491,1,mariadb_target_001484
mariadb_griffin_r2,mariadb,2,root/mariadb/sql/item.cc:6627:1:3,/root/mariadb/sql/item.cc,6627,6627,5550,1,mariadb_target_001484
mariadb_griffin_r2,mariadb,2,root/mariadb/sql/item.cc:6628:0:0,/root/mariadb/sql/item.cc,6628,6628,688,1,mariadb_target_001484
mariadb_griffin_r2,mariadb,2,root/mariadb/sql/item.cc:6628:0:1,/root/mariadb/sql/item.cc,6628,6628,177803,1,mariadb_target_001484
mariadb_griffin_r2,mariadb,2,root/mariadb/sql/item.cc:6629:0:0,/root/mariadb/sql/item.cc,6629,6629,688,1,mariadb_target_001484
mariadb_griffin_r2,mariadb,2,root/mariadb/sql/item.cc:6629:0:1,/root/mariadb/sql/item.cc,6629,6629,0,0,mariadb_target_001484
mariadb_griffin_r2,mariadb,2,root/mariadb/sql/item.cc:6631:0:0,/root/mariadb/sql/item.cc,6631,6631,673,1,mariadb_target_001484
mariadb_griffin_r2,mariadb,2,root/mariadb/sql/item.cc:6631:0:1,/root/mariadb/sql/item.cc,6631,6631,15,1,mariadb_target_001484
mariadb_griffin_r2,mariadb,2,root/mariadb/sql/item.cc:6645:0:0,/root/mariadb/sql/item.cc,6645,6645,21868,1,mariadb_target_001484
mariadb_griffin_r2,mariadb,2,root/mariadb/sql/item.cc:6645:0:1,/root/mariadb/sql/item.cc,6645,6645,162173,1,mariadb_target_001484
mariadb_griffin_r2,mariadb,2,root/mariadb/sql/item.cc:6650:0:0,/root/mariadb/sql/item.cc,6650,6650,0,0,mariadb_target_001484;mariadb_target_001488
mariadb_griffin_r2,mariadb,2,root/mariadb/sql/item.cc:6650:0:1,/root/mariadb/sql/item.cc,6650,6650,0,0,mariadb_target_001484;mariadb_target_001488
mariadb_griffin_r2,mariadb,2,root/mariadb/sql/item.cc:6654:0:0,/root/mariadb/sql/item.cc,6654,6654,0,0,mariadb_target_001484;mariadb_target_001488
mariadb_griffin_r2,mariadb,2,root/mariadb/sql/item.cc:6654:0:1,/root/mariadb/sql/item.cc,6654,6654,0,0,mariadb_target_001484;mariadb_target_001488
mariadb_griffin_r2,mariadb,2,root/mariadb/sql/item.cc:6664:0:0,/root/mariadb/sql/item.cc,6664,6664,0,0,mariadb_target_001484;mariadb_target_001489;mariadb_target_001490
mariadb_griffin_r2,mariadb,2,root/mariadb/sql/item.cc:6664:0:1,/root/mariadb/sql/item.cc,6664,6664,0,0,mariadb_target_001484;mariadb_target_001489;mariadb_target_001490
mariadb_griffin_r2,mariadb,2,root/mariadb/sql/item.cc:6666:0:0,/root/mariadb/sql/item.cc,6666,6666,0,0,mariadb_target_001484;mariadb_target_001489;mariadb_target_001490
mariadb_griffin_r2,mariadb,2,root/mariadb/sql/item.cc:6666:0:1,/root/mariadb/sql/item.cc,6666,6666,0,0,mariadb_target_001484;mariadb_target_001489;mariadb_target_001490
mariadb_griffin_r2,mariadb,2,root/mariadb/sql/item.cc:6677:0:0,/root/mariadb/sql/item.cc,6677,6677,439,1,mariadb_target_001484;mariadb_target_001491
mariadb_griffin_r2,mariadb,2,root/mariadb/sql/item.cc:6677:0:1,/root/mariadb/sql/item.cc,6677,6677,161734,1,mariadb_target_001484;mariadb_target_001491
mariadb_griffin_r2,mariadb,2,root/mariadb/sql/item.cc:6682:0:0,/root/mariadb/sql/item.cc,6682,6682,0,0,mariadb_target_001484;mariadb_target_001492;mariadb_target_001493;mariadb_target_001494
mariadb_griffin_r2,mariadb,2,root/mariadb/sql/item.cc:6682:0:1,/root/mariadb/sql/item.cc,6682,6682,439,1,mariadb_target_001484;mariadb_target_001492;mariadb_target_001493;mariadb_target_001494
mariadb_griffin_r2,mariadb,2,root/mariadb/sql/item.cc:6694:0:0,/root/mariadb/sql/item.cc,6694,6694,0,0,mariadb_target_001484
mariadb_griffin_r2,mariadb,2,root/mariadb/sql/item.cc:6694:0:1,/root/mariadb/sql/item.cc,6694,6694,162173,1,mariadb_target_001484
mariadb_griffin_r2,mariadb,2,root/mariadb/sql/item.cc:6696:0:0,/root/mariadb/sql/item.cc,6696,6696,0,0,mariadb_target_001484
mariadb_griffin_r2,mariadb,2,root/mariadb/sql/item.cc:6696:0:1,/root/mariadb/sql/item.cc,6696,6696,162173,1,mariadb_target_001484
mariadb_griffin_r2,mariadb,2,root/mariadb/sql/item.cc:6697:0:0,/root/mariadb/sql/item.cc,6697,6697,0,0,mariadb_target_001484
mariadb_griffin_r2,mariadb,2,root/mariadb/sql/item.cc:6697:0:1,/root/mariadb/sql/item.cc,6697,6697,0,0,mariadb_target_001484
mariadb_griffin_r2,mariadb,2,root/mariadb/sql/item.cc:6697:1:2,/root/mariadb/sql/item.cc,6697,6697,0,0,mariadb_target_001484
mariadb_griffin_r2,mariadb,2,root/mariadb/sql/item.cc:6697:1:3,/root/mariadb/sql/item.cc,6697,6697,0,0,mariadb_target_001484
mariadb_griffin_r2,mariadb,2,root/mariadb/sql/item.cc:6698:0:0,/root/mariadb/sql/item.cc,6698,6698,0,0,mariadb_target_001484
mariadb_griffin_r2,mariadb,2,root/mariadb/sql/item.cc:6698:0:1,/root/mariadb/sql/item.cc,6698,6698,0,0,mariadb_target_001484
mariadb_griffin_r2,mariadb,2,root/mariadb/sql/item.cc:6699:0:0,/root/mariadb/sql/item.cc,6699,6699,0,0,mariadb_target_001484
mariadb_griffin_r2,mariadb,2,root/mariadb/sql/item.cc:6699:0:1,/root/mariadb/sql/item.cc,6699,6699,0,0,mariadb_target_001484
mariadb_griffin_r2,mariadb,2,root/mariadb/sql/item.cc:6700:0:0,/root/mariadb/sql/item.cc,6700,6700,0,0,mariadb_target_001484
mariadb_griffin_r2,mariadb,2,root/mariadb/sql/item.cc:6700:0:1,/root/mariadb/sql/item.cc,6700,6700,0,0,mariadb_target_001484
mariadb_griffin_r2,mariadb,2,root/mariadb/sql/item.cc:6710:0:0,/root/mariadb/sql/item.cc,6710,6710,163136,1,mariadb_target_001484
mariadb_griffin_r2,mariadb,2,root/mariadb/sql/item.cc:6710:0:1,/root/mariadb/sql/item.cc,6710,6710,2425,1,mariadb_target_001484
mariadb_griffin_r2,mariadb,2,root/mariadb/sql/item.cc:6710:1:2,/root/mariadb/sql/item.cc,6710,6710,0,0,mariadb_target_001484
mariadb_griffin_r2,mariadb,2,root/mariadb/sql/item.cc:6710:1:3,/root/mariadb/sql/item.cc,6710,6710,163136,1,mariadb_target_001484
mariadb_griffin_r2,mariadb,2,root/mariadb/sql/item.cc:6711:0:0,/root/mariadb/sql/item.cc,6711,6711,0,0,mariadb_target_001484
mariadb_griffin_r2,mariadb,2,root/mariadb/sql/item.cc:6711:0:1,/root/mariadb/sql/item.cc,6711,6711,0,0,mariadb_target_001484
mariadb_griffin_r2,mariadb,2,root/mariadb/sql/item.cc:6721:0:0,/root/mariadb/sql/item.cc,6721,6721,0,0,mariadb_target_001484;mariadb_target_001495
mariadb_griffin_r2,mariadb,2,root/mariadb/sql/item.cc:6721:0:1,/root/mariadb/sql/item.cc,6721,6721,0,0,mariadb_target_001484;mariadb_target_001495
mariadb_griffin_r2,mariadb,2,root/mariadb/sql/item.cc:6723:0:0,/root/mariadb/sql/item.cc,6723,6723,0,0,mariadb_target_001484;mariadb_target_001495
mariadb_griffin_r2,mariadb,2,root/mariadb/sql/item.cc:6723:0:1,/root/mariadb/sql/item.cc,6723,6723,0,0,mariadb_target_001484;mariadb_target_001495
mariadb_griffin_r2,mariadb,2,root/mariadb/sql/item.cc:6733:0:0,/root/mariadb/sql/item.cc,6733,6733,0,0,mariadb_target_001484;mariadb_target_001495
mariadb_griffin_r2,mariadb,2,root/mariadb/sql/item.cc:6733:0:1,/root/mariadb/sql/item.cc,6733,6733,0,0,mariadb_target_001484;mariadb_target_001495
mariadb_griffin_r2,mariadb,2,root/mariadb/sql/item.cc:6737:0:0,/root/mariadb/sql/item.cc,6737,6737,0,0,mariadb_target_001484;mariadb_target_001495
mariadb_griffin_r2,mariadb,2,root/mariadb/sql/item.cc:6737:0:1,/root/mariadb/sql/item.cc,6737,6737,0,0,mariadb_target_001484;mariadb_target_001495
mariadb_griffin_r2,mariadb,2,root/mariadb/sql/item.cc:6739:0:0,/root/mariadb/sql/item.cc,6739,6739,0,0,mariadb_target_001484;mariadb_target_001495
mariadb_griffin_r2,mariadb,2,root/mariadb/sql/item.cc:6739:0:1,/root/mariadb/sql/item.cc,6739,6739,0,0,mariadb_target_001484;mariadb_target_001495
mariadb_griffin_r2,mariadb,2,root/mariadb/sql/item.cc:7143:0:0,/root/mariadb/sql/item.cc,7143,7143,1548,1,mariadb_target_000244;mariadb_target_001501;mariadb_target_001502
mariadb_griffin_r2,mariadb,2,root/mariadb/sql/item.cc:7143:0:1,/root/mariadb/sql/item.cc,7143,7143,0,0,mariadb_target_000244;mariadb_target_001501;mariadb_target_001502
mariadb_griffin_r2,mariadb,2,root/mariadb/sql/item.cc:7148:0:0,/root/mariadb/sql/item.cc,7148,7148,1548,1,mariadb_target_001502
mariadb_griffin_r2,mariadb,2,root/mariadb/sql/item.cc:7148:0:1,/root/mariadb/sql/item.cc,7148,7148,0,0,mariadb_target_001502
mariadb_griffin_r2,mariadb,2,root/mariadb/sql/item.cc:7233:0:0,/root/mariadb/sql/item.cc,7233,7233,0,0,mariadb_target_000246;mariadb_target_001504
mariadb_griffin_r2,mariadb,2,root/mariadb/sql/item.cc:7233:0:1,/root/mariadb/sql/item.cc,7233,7233,220,1,mariadb_target_000246;mariadb_target_001504
mariadb_griffin_r2,mariadb,2,root/mariadb/sql/item.cc:7342:0:0,/root/mariadb/sql/item.cc,7342,7342,10161,1,mariadb_target_000249;mariadb_target_001507
mariadb_griffin_r2,mariadb,2,root/mariadb/sql/item.cc:7342:0:1,/root/mariadb/sql/item.cc,7342,7342,153793,1,mariadb_target_000249;mariadb_target_001507
mariadb_griffin_r2,mariadb,2,root/mariadb/sql/item.cc:7362:0:0,/root/mariadb/sql/item.cc,7362,7362,39,1,mariadb_target_000250;mariadb_target_001509
mariadb_griffin_r2,mariadb,2,root/mariadb/sql/item.cc:7362:0:1,/root/mariadb/sql/item.cc,7362,7362,174535,1,mariadb_target_000250;mariadb_target_001509
mariadb_griffin_r2,mariadb,2,root/mariadb/sql/item.cc:7362:1:2,/root/mariadb/sql/item.cc,7362,7362,3,1,mariadb_target_000250;mariadb_target_001509
mariadb_griffin_r2,mariadb,2,root/mariadb/sql/item.cc:7362:1:3,/root/mariadb/sql/item.cc,7362,7362,174532,1,mariadb_target_000250;mariadb_target_001509
mariadb_griffin_r2,mariadb,2,root/mariadb/sql/item.cc:7645:0:0,/root/mariadb/sql/item.cc,7645,7645,0,0,mariadb_target_000255;mariadb_target_001517
mariadb_griffin_r2,mariadb,2,root/mariadb/sql/item.cc:7645:0:1,/root/mariadb/sql/item.cc,7645,7645,0,0,mariadb_target_000255;mariadb_target_001517
mariadb_griffin_r2,mariadb,2,root/mariadb/sql/item.cc:7661:0:0,/root/mariadb/sql/item.cc,7661,7661,0,0,mariadb_target_001520
mariadb_griffin_r2,mariadb,2,root/mariadb/sql/item.cc:7661:0:1,/root/mariadb/sql/item.cc,7661,7661,0,0,mariadb_target_001520
mariadb_griffin_r2,mariadb,2,root/mariadb/sql/item.cc:7701:0:0,/root/mariadb/sql/item.cc,7701,7701,0,0,mariadb_target_000257;mariadb_target_001521
mariadb_griffin_r2,mariadb,2,root/mariadb/sql/item.cc:7701:0:1,/root/mariadb/sql/item.cc,7701,7701,50,1,mariadb_target_000257;mariadb_target_001521
mariadb_griffin_r2,mariadb,2,root/mariadb/sql/item.cc:7703:0:0,/root/mariadb/sql/item.cc,7703,7703,437,1,mariadb_target_000257;mariadb_target_001521
mariadb_griffin_r2,mariadb,2,root/mariadb/sql/item.cc:7703:0:1,/root/mariadb/sql/item.cc,7703,7703,50,1,mariadb_target_000257;mariadb_target_001521
mariadb_griffin_r2,mariadb,2,root/mariadb/sql/item.cc:7723:0:0,/root/mariadb/sql/item.cc,7723,7723,0,0,mariadb_target_000258;mariadb_target_001522
mariadb_griffin_r2,mariadb,2,root/mariadb/sql/item.cc:7723:0:1,/root/mariadb/sql/item.cc,7723,7723,0,0,mariadb_target_000258;mariadb_target_001522
mariadb_griffin_r2,mariadb,2,root/mariadb/sql/item.cc:7724:0:0,/root/mariadb/sql/item.cc,7724,7724,0,0,mariadb_target_000258;mariadb_target_001522
mariadb_griffin_r2,mariadb,2,root/mariadb/sql/item.cc:7724:0:1,/root/mariadb/sql/item.cc,7724,7724,0,0,mariadb_target_000258;mariadb_target_001522
mariadb_griffin_r2,mariadb,2,root/mariadb/sql/item.cc:7725:0:0,/root/mariadb/sql/item.cc,7725,7725,0,0,mariadb_target_000258;mariadb_target_001522
mariadb_griffin_r2,mariadb,2,root/mariadb/sql/item.cc:7725:0:1,/root/mariadb/sql/item.cc,7725,7725,0,0,mariadb_target_000258;mariadb_target_001522
mariadb_griffin_r2,mariadb,2,root/mariadb/sql/item.cc:7726:0:0,/root/mariadb/sql/item.cc,7726,7726,0,0,mariadb_target_000258;mariadb_target_001522
mariadb_griffin_r2,mariadb,2,root/mariadb/sql/item.cc:7726:0:1,/root/mariadb/sql/item.cc,7726,7726,0,0,mariadb_target_000258;mariadb_target_001522
mariadb_griffin_r2,mariadb,2,root/mariadb/sql/item.cc:7727:0:0,/root/mariadb/sql/item.cc,7727,7727,0,0,mariadb_target_000258;mariadb_target_001522
mariadb_griffin_r2,mariadb,2,root/mariadb/sql/item.cc:7727:0:1,/root/mariadb/sql/item.cc,7727,7727,0,0,mariadb_target_000258;mariadb_target_001522
mariadb_griffin_r2,mariadb,2,root/mariadb/sql/item.cc:7728:0:0,/root/mariadb/sql/item.cc,7728,7728,0,0,mariadb_target_000258;mariadb_target_001522
mariadb_griffin_r2,mariadb,2,root/mariadb/sql/item.cc:7728:0:1,/root/mariadb/sql/item.cc,7728,7728,0,0,mariadb_target_000258;mariadb_target_001522
mariadb_griffin_r2,mariadb,2,root/mariadb/sql/item.cc:7729:0:0,/root/mariadb/sql/item.cc,7729,7729,0,0,mariadb_target_000258;mariadb_target_001522
mariadb_griffin_r2,mariadb,2,root/mariadb/sql/item.cc:7729:0:1,/root/mariadb/sql/item.cc,7729,7729,0,0,mariadb_target_000258;mariadb_target_001522
mariadb_griffin_r2,mariadb,2,root/mariadb/sql/item.cc:7776:0:0,/root/mariadb/sql/item.cc,7776,7776,66,1,mariadb_target_000259;mariadb_target_001523
mariadb_griffin_r2,mariadb,2,root/mariadb/sql/item.cc:7776:0:1,/root/mariadb/sql/item.cc,7776,7776,78,1,mariadb_target_000259;mariadb_target_001523
mariadb_griffin_r2,mariadb,2,root/mariadb/sql/item.cc:7791:0:0,/root/mariadb/sql/item.cc,7791,7791,0,0,mariadb_target_000260;mariadb_target_001524
mariadb_griffin_r2,mariadb,2,root/mariadb/sql/item.cc:7791:0:1,/root/mariadb/sql/item.cc,7791,7791,0,0,mariadb_target_000260;mariadb_target_001524
mariadb_griffin_r2,mariadb,2,root/mariadb/sql/item.cc:8000:0:0,/root/mariadb/sql/item.cc,8000,8000,322568,1,mariadb_target_000264;mariadb_target_001531;mariadb_target_001532
mariadb_griffin_r2,mariadb,2,root/mariadb/sql/item.cc:8000:0:1,/root/mariadb/sql/item.cc,8000,8000,0,0,mariadb_target_000264;mariadb_target_001531;mariadb_target_001532
mariadb_griffin_r2,mariadb,2,root/mariadb/sql/item.cc:8000:1:2,/root/mariadb/sql/item.cc,8000,8000,2498,1,mariadb_target_000264;mariadb_target_001531;mariadb_target_001532
mariadb_griffin_r2,mariadb,2,root/mariadb/sql/item.cc:8000:1:3,/root/mariadb/sql/item.cc,8000,8000,320070,1,mariadb_target_000264;mariadb_target_001531;mariadb_target_001532
mariadb_griffin_r2,mariadb,2,root/mariadb/sql/item.cc:8507:0:0,/root/mariadb/sql/item.cc,8507,8507,49367,1,mariadb_target_000266;mariadb_target_001543
mariadb_griffin_r2,mariadb,2,root/mariadb/sql/item.cc:8507:0:1,/root/mariadb/sql/item.cc,8507,8507,2518,1,mariadb_target_000266;mariadb_target_001543
mariadb_griffin_r2,mariadb,2,root/mariadb/sql/item.cc:8507:1:2,/root/mariadb/sql/item.cc,8507,8507,51077,1,mariadb_target_000266;mariadb_target_001543
mariadb_griffin_r2,mariadb,2,root/mariadb/sql/item.cc:8507:1:3,/root/mariadb/sql/item.cc,8507,8507,808,1,mariadb_target_000266;mariadb_target_001543
mariadb_griffin_r2,mariadb,2,root/mariadb/sql/item.cc:8507:2:4,/root/mariadb/sql/item.cc,8507,8507,49367,1,mariadb_target_000266;mariadb_target_001543
mariadb_griffin_r2,mariadb,2,root/mariadb/sql/item.cc:8507:2:5,/root/mariadb/sql/item.cc,8507,8507,1710,1,mariadb_target_000266;mariadb_target_001543
mariadb_griffin_r2,mariadb,2,root/mariadb/sql/item.cc:8507:3:6,/root/mariadb/sql/item.cc,8507,8507,49367,1,mariadb_target_000266;mariadb_target_001543
mariadb_griffin_r2,mariadb,2,root/mariadb/sql/item.cc:8507:3:7,/root/mariadb/sql/item.cc,8507,8507,0,0,mariadb_target_000266;mariadb_target_001543
mariadb_griffin_r2,mariadb,2,root/mariadb/sql/item.cc:8915:0:0,/root/mariadb/sql/item.cc,8915,8915,64,1,mariadb_target_000269;mariadb_target_001548
mariadb_griffin_r2,mariadb,2,root/mariadb/sql/item.cc:8915:0:1,/root/mariadb/sql/item.cc,8915,8915,123225,1,mariadb_target_000269;mariadb_target_001548
mariadb_griffin_r2,mariadb,2,root/mariadb/sql/item.cc:8924:0:0,/root/mariadb/sql/item.cc,8924,8924,5632,1,mariadb_target_000269;mariadb_target_001548
mariadb_griffin_r2,mariadb,2,root/mariadb/sql/item.cc:8924:0:1,/root/mariadb/sql/item.cc,8924,8924,117593,1,mariadb_target_000269;mariadb_target_001548
mariadb_griffin_r2,mariadb,2,root/mariadb/sql/item.cc:9018:0:0,/root/mariadb/sql/item.cc,9018,9018,0,0,mariadb_target_000271;mariadb_target_001550
mariadb_griffin_r2,mariadb,2,root/mariadb/sql/item.cc:9018:0:1,/root/mariadb/sql/item.cc,9018,9018,28,1,mariadb_target_000271;mariadb_target_001550
mariadb_griffin_r2,mariadb,2,root/mariadb/sql/item.cc:9041:0:0,/root/mariadb/sql/item.cc,9041,9041,0,0,mariadb_target_000272;mariadb_target_001551
mariadb_griffin_r2,mariadb,2,root/mariadb/sql/item.cc:9041:0:1,/root/mariadb/sql/item.cc,9041,9041,0,0,mariadb_target_000272;mariadb_target_001551
mariadb_griffin_r2,mariadb,2,root/mariadb/sql/item.cc:9052:0:0,/root/mariadb/sql/item.cc,9052,9052,0,0,mariadb_target_001552;mariadb_target_001553;mariadb_target_001555
mariadb_griffin_r2,mariadb,2,root/mariadb/sql/item.cc:9052:0:1,/root/mariadb/sql/item.cc,9052,9052,0,0,mariadb_target_001552;mariadb_target_001553;mariadb_target_001555
mariadb_griffin_r2,mariadb,2,root/mariadb/sql/item.cc:9062:0:0,/root/mariadb/sql/item.cc,9062,9062,0,0,mariadb_target_000273;mariadb_target_001556
mariadb_griffin_r2,mariadb,2,root/mariadb/sql/item.cc:9062:0:1,/root/mariadb/sql/item.cc,9062,9062,0,0,mariadb_target_000273;mariadb_target_001556
mariadb_griffin_r2,mariadb,2,root/mariadb/sql/item.cc:9072:0:0,/root/mariadb/sql/item.cc,9072,9072,0,0,mariadb_target_001557;mariadb_target_001558;mariadb_target_001559
mariadb_griffin_r2,mariadb,2,root/mariadb/sql/item.cc:9072:0:1,/root/mariadb/sql/item.cc,9072,9072,8,1,mariadb_target_001557;mariadb_target_001558;mariadb_target_001559
mariadb_griffin_r2,mariadb,2,root/mariadb/sql/item.cc:9074:0:0,/root/mariadb/sql/item.cc,9074,9074,0,0,mariadb_target_001558;mariadb_target_001559
mariadb_griffin_r2,mariadb,2,root/mariadb/sql/item.cc:9074:0:1,/root/mariadb/sql/item.cc,9074,9074,0,0,mariadb_target_001558;mariadb_target_001559
mariadb_griffin_r2,mariadb,2,root/mariadb/sql/item.cc:9188:0:0,/root/mariadb/sql/item.cc,9188,9188,0,0,mariadb_target_000279;mariadb_target_001576
mariadb_griffin_r2,mariadb,2,root/mariadb/sql/item.cc:9188:0:1,/root/mariadb/sql/item.cc,9188,9188,8,1,mariadb_target_000279;mariadb_target_001576
mariadb_griffin_r2,mariadb,2,root/mariadb/sql/item.cc:9215:0:0,/root/mariadb/sql/item.cc,9215,9215,352,1,mariadb_target_000282;mariadb_target_001581;mariadb_target_001582
mariadb_griffin_r2,mariadb,2,root/mariadb/sql/item.cc:9215:0:1,/root/mariadb/sql/item.cc,9215,9215,0,0,mariadb_target_000282;mariadb_target_001581;mariadb_target_001582
mariadb_griffin_r2,mariadb,2,root/mariadb/sql/item.cc:9217:0:0,/root/mariadb/sql/item.cc,9217,9217,352,1,mariadb_target_000282;mariadb_target_001581;mariadb_target_001582
mariadb_griffin_r2,mariadb,2,root/mariadb/sql/item.cc:9217:0:1,/root/mariadb/sql/item.cc,9217,9217,0,0,mariadb_target_000282;mariadb_target_001581;mariadb_target_001582
mariadb_griffin_r2,mariadb,2,root/mariadb/sql/item.cc:9219:0:0,/root/mariadb/sql/item.cc,9219,9219,0,0,mariadb_target_000282;mariadb_target_000283;mariadb_target_001581;mariadb_target_001582;mariadb_target_001583
mariadb_griffin_r2,mariadb,2,root/mariadb/sql/item.cc:9219:0:1,/root/mariadb/sql/item.cc,9219,9219,352,1,mariadb_target_000282;mariadb_target_000283;mariadb_target_001581;mariadb_target_001582;mariadb_target_001583
mariadb_griffin_r2,mariadb,2,root/mariadb/sql/item.cc:9221:0:0,/root/mariadb/sql/item.cc,9221,9221,352,1,mariadb_target_000282;mariadb_target_000283;mariadb_target_001581;mariadb_target_001582;mariadb_target_001583
mariadb_griffin_r2,mariadb,2,root/mariadb/sql/item.cc:9221:0:1,/root/mariadb/sql/item.cc,9221,9221,0,0,mariadb_target_000282;mariadb_target_000283;mariadb_target_001581;mariadb_target_001582;mariadb_target_001583
mariadb_griffin_r2,mariadb,2,root/mariadb/sql/item.cc:9223:0:0,/root/mariadb/sql/item.cc,9223,9223,352,1,mariadb_target_000283;mariadb_target_000284;mariadb_target_001582;mariadb_target_001583;mariadb_target_001584
mariadb_griffin_r2,mariadb,2,root/mariadb/sql/item.cc:9223:0:1,/root/mariadb/sql/item.cc,9223,9223,0,0,mariadb_target_000283;mariadb_target_000284;mariadb_target_001582;mariadb_target_001583;mariadb_target_001584
mariadb_griffin_r2,mariadb,2,root/mariadb/sql/item.cc:9230:0:0,/root/mariadb/sql/item.cc,9230,9230,0,0,mariadb_target_000284;mariadb_target_000285;mariadb_target_001584;mariadb_target_001585;mariadb_target_001586
mariadb_griffin_r2,mariadb,2,root/mariadb/sql/item.cc:9230:0:1,/root/mariadb/sql/item.cc,9230,9230,387,1,mariadb_target_000284;mariadb_target_000285;mariadb_target_001584;mariadb_target_001585;mariadb_target_001586
mariadb_griffin_r2,mariadb,2,root/mariadb/sql/item.cc:9234:0:0,/root/mariadb/sql/item.cc,9234,9234,387,1,mariadb_target_000285;mariadb_target_000286;mariadb_target_001585;mariadb_target_001586;mariadb_target_001587;mariadb_target_001588
mariadb_griffin_r2,mariadb,2,root/mariadb/sql/item.cc:9234:0:1,/root/mariadb/sql/item.cc,9234,9234,0,0,mariadb_target_000285;mariadb_target_000286;mariadb_target_001585;mariadb_target_001586;mariadb_target_001587;mariadb_target_001588
mariadb_griffin_r2,mariadb,2,root/mariadb/sql/item.cc:9246:0:0,/root/mariadb/sql/item.cc,9246,9246,0,0,mariadb_target_001591
mariadb_griffin_r2,mariadb,2,root/mariadb/sql/item.cc:9246:0:1,/root/mariadb/sql/item.cc,9246,9246,0,0,mariadb_target_001591
mariadb_griffin_r2,mariadb,2,root/mariadb/sql/item.cc:9353:0:0,/root/mariadb/sql/item.cc,9353,9353,10847,1,mariadb_target_000295;mariadb_target_001606
mariadb_griffin_r2,mariadb,2,root/mariadb/sql/item.cc:9353:0:1,/root/mariadb/sql/item.cc,9353,9353,0,0,mariadb_target_000295;mariadb_target_001606
mariadb_griffin_r2,mariadb,2,root/mariadb/sql/item.cc:9364:0:0,/root/mariadb/sql/item.cc,9364,9364,2178,1,mariadb_target_000296;mariadb_target_000297;mariadb_target_001607;mariadb_target_001608;mariadb_target_001609
mariadb_griffin_r2,mariadb,2,root/mariadb/sql/item.cc:9364:0:1,/root/mariadb/sql/item.cc,9364,9364,13900,1,mariadb_target_000296;mariadb_target_000297;mariadb_target_001607;mariadb_target_001608;mariadb_target_001609
mariadb_griffin_r2,mariadb,2,root/mariadb/sql/item.cc:9374:0:0,/root/mariadb/sql/item.cc,9374,9374,0,0,mariadb_target_001610
mariadb_griffin_r2,mariadb,2,root/mariadb/sql/item.cc:9374:0:1,/root/mariadb/sql/item.cc,9374,9374,1,1,mariadb_target_001610
mariadb_griffin_r2,mariadb,2,root/mariadb/sql/item.cc:9411:0:0,/root/mariadb/sql/item.cc,9411,9411,0,0,mariadb_target_000298;mariadb_target_001611
mariadb_griffin_r2,mariadb,2,root/mariadb/sql/item.cc:9411:0:1,/root/mariadb/sql/item.cc,9411,9411,5,1,mariadb_target_000298;mariadb_target_001611
mariadb_griffin_r2,mariadb,2,root/mariadb/sql/item.cc:9459:0:0,/root/mariadb/sql/item.cc,9459,9459,5213,1,mariadb_target_000300;mariadb_target_001613
mariadb_griffin_r2,mariadb,2,root/mariadb/sql/item.cc:9459:0:1,/root/mariadb/sql/item.cc,9459,9459,0,0,mariadb_target_000300;mariadb_target_001613
mariadb_griffin_r2,mariadb,2,root/mariadb/sql/item.cc:9463:0:0,/root/mariadb/sql/item.cc,9463,9463,5213,1,mariadb_target_000300;mariadb_target_001613
mariadb_griffin_r2,mariadb,2,root/mariadb/sql/item.cc:9463:0:1,/root/mariadb/sql/item.cc,9463,9463,0,0,mariadb_target_000300;mariadb_target_001613
mariadb_griffin_r2,mariadb,2,root/mariadb/sql/item.cc:9582:0:0,/root/mariadb/sql/item.cc,9582,9582,37,1,mariadb_target_000301;mariadb_target_001614
mariadb_griffin_r2,mariadb,2,root/mariadb/sql/item.cc:9582:0:1,/root/mariadb/sql/item.cc,9582,9582,4598,1,mariadb_target_000301;mariadb_target_001614
mariadb_griffin_r2,mariadb,2,root/mariadb/sql/item.cc:9602:0:0,/root/mariadb/sql/item.cc,9602,9602,0,0,mariadb_target_001615
mariadb_griffin_r2,mariadb,2,root/mariadb/sql/item.cc:9602:0:1,/root/mariadb/sql/item.cc,9602,9602,65,1,mariadb_target_001615
mariadb_griffin_r2,mariadb,2,root/mariadb/sql/item.cc:9609:0:0,/root/mariadb/sql/item.cc,9609,9609,1,1,mariadb_target_000302;mariadb_target_001616
mariadb_griffin_r2,mariadb,2,root/mariadb/sql/item.cc:9609:0:1,/root/mariadb/sql/item.cc,9609,9609,64,1,mariadb_target_000302;mariadb_target_001616
mariadb_griffin_r2,mariadb,2,root/mariadb/sql/item.cc:9616:0:0,/root/mariadb/sql/item.cc,9616,9616,10,1,mariadb_target_000302;mariadb_target_001616;mariadb_target_001617
mariadb_griffin_r2,mariadb,2,root/mariadb/sql/item.cc:9616:0:1,/root/mariadb/sql/item.cc,9616,9616,54,1,mariadb_target_000302;mariadb_target_001616;mariadb_target_001617
mariadb_griffin_r2,mariadb,2,root/mariadb/sql/item.cc:9630:0:0,/root/mariadb/sql/item.cc,9630,9630,0,0,mariadb_target_001617
mariadb_griffin_r2,mariadb,2,root/mariadb/sql/item.cc:9630:0:1,/root/mariadb/sql/item.cc,9630,9630,0,0,mariadb_target_001617
mariadb_griffin_r2,mariadb,2,root/mariadb/sql/item.cc:9637:0:0,/root/mariadb/sql/item.cc,9637,9637,0,0,mariadb_target_000303;mariadb_target_001618
mariadb_griffin_r2,mariadb,2,root/mariadb/sql/item.cc:9637:0:1,/root/mariadb/sql/item.cc,9637,9637,0,0,mariadb_target_000303;mariadb_target_001618
mariadb_griffin_r2,mariadb,2,root/mariadb/sql/item.cc:9652:0:0,/root/mariadb/sql/item.cc,9652,9652,0,0,mariadb_target_001619
mariadb_griffin_r2,mariadb,2,root/mariadb/sql/item.cc:9652:0:1,/root/mariadb/sql/item.cc,9652,9652,60,1,mariadb_target_001619
mariadb_griffin_r2,mariadb,2,root/mariadb/sql/item.cc:9659:0:0,/root/mariadb/sql/item.cc,9659,9659,15,1,mariadb_target_001619
mariadb_griffin_r2,mariadb,2,root/mariadb/sql/item.cc:9659:0:1,/root/mariadb/sql/item.cc,9659,9659,45,1,mariadb_target_001619
mariadb_griffin_r2,mariadb,2,root/mariadb/sql/item.cc:9666:0:0,/root/mariadb/sql/item.cc,9666,9666,31,1,mariadb_target_000304;mariadb_target_001620
mariadb_griffin_r2,mariadb,2,root/mariadb/sql/item.cc:9666:0:1,/root/mariadb/sql/item.cc,9666,9666,14,1,mariadb_target_000304;mariadb_target_001620
mariadb_griffin_r2,mariadb,2,root/mariadb/sql/item.cc:9680:0:0,/root/mariadb/sql/item.cc,9680,9680,0,0,mariadb_target_001621
mariadb_griffin_r2,mariadb,2,root/mariadb/sql/item.cc:9680:0:1,/root/mariadb/sql/item.cc,9680,9680,2985,1,mariadb_target_001621
mariadb_griffin_r2,mariadb,2,root/mariadb/sql/item.cc:9687:0:0,/root/mariadb/sql/item.cc,9687,9687,42,1,mariadb_target_000305;mariadb_target_001622
mariadb_griffin_r2,mariadb,2,root/mariadb/sql/item.cc:9687:0:1,/root/mariadb/sql/item.cc,9687,9687,2943,1,mariadb_target_000305;mariadb_target_001622
mariadb_griffin_r2,mariadb,2,root/mariadb/sql/item.cc:9707:0:0,/root/mariadb/sql/item.cc,9707,9707,0,0,mariadb_target_001623
mariadb_griffin_r2,mariadb,2,root/mariadb/sql/item.cc:9707:0:1,/root/mariadb/sql/item.cc,9707,9707,19,1,mariadb_target_001623
mariadb_griffin_r2,mariadb,2,root/mariadb/sql/item.cc:9714:0:0,/root/mariadb/sql/item.cc,9714,9714,4,1,mariadb_target_000306;mariadb_target_001624
mariadb_griffin_r2,mariadb,2,root/mariadb/sql/item.cc:9714:0:1,/root/mariadb/sql/item.cc,9714,9714,15,1,mariadb_target_000306;mariadb_target_001624
mariadb_griffin_r2,mariadb,2,root/mariadb/sql/item.cc:9734:0:0,/root/mariadb/sql/item.cc,9734,9734,0,0,mariadb_target_001625
mariadb_griffin_r2,mariadb,2,root/mariadb/sql/item.cc:9734:0:1,/root/mariadb/sql/item.cc,9734,9734,0,0,mariadb_target_001625
mariadb_griffin_r2,mariadb,2,root/mariadb/sql/item.cc:9737:0:0,/root/mariadb/sql/item.cc,9737,9737,0,0,mariadb_target_001625
mariadb_griffin_r2,mariadb,2,root/mariadb/sql/item.cc:9737:0:1,/root/mariadb/sql/item.cc,9737,9737,0,0,mariadb_target_001625
mariadb_griffin_r2,mariadb,2,root/mariadb/sql/item.cc:9792:0:0,/root/mariadb/sql/item.cc,9792,9792,112,1,mariadb_target_000308;mariadb_target_001627
mariadb_griffin_r2,mariadb,2,root/mariadb/sql/item.cc:9792:0:1,/root/mariadb/sql/item.cc,9792,9792,3599,1,mariadb_target_000308;mariadb_target_001627
mariadb_griffin_r2,mariadb,2,root/mariadb/sql/item.cc:9844:0:0,/root/mariadb/sql/item.cc,9844,9844,914,1,mariadb_target_001629;mariadb_target_001630
mariadb_griffin_r2,mariadb,2,root/mariadb/sql/item.cc:9844:0:1,/root/mariadb/sql/item.cc,9844,9844,0,0,mariadb_target_001629;mariadb_target_001630
mariadb_griffin_r2,mariadb,2,root/mariadb/sql/item.cc:9844:1:2,/root/mariadb/sql/item.cc,9844,9844,0,0,mariadb_target_001629;mariadb_target_001630
mariadb_griffin_r2,mariadb,2,root/mariadb/sql/item.cc:9844:1:3,/root/mariadb/sql/item.cc,9844,9844,914,1,mariadb_target_001629;mariadb_target_001630
mariadb_griffin_r2,mariadb,2,root/mariadb/sql/item.cc:9847:0:0,/root/mariadb/sql/item.cc,9847,9847,106,1,mariadb_target_001629;mariadb_target_001630
mariadb_griffin_r2,mariadb,2,root/mariadb/sql/item.cc:9847:0:1,/root/mariadb/sql/item.cc,9847,9847,808,1,mariadb_target_001629;mariadb_target_001630
mariadb_griffin_r2,mariadb,2,root/mariadb/sql/item.cc:9849:0:0,/root/mariadb/sql/item.cc,9849,9849,170,1,mariadb_target_001629
mariadb_griffin_r2,mariadb,2,root/mariadb/sql/item.cc:9849:0:1,/root/mariadb/sql/item.cc,9849,9849,744,1,mariadb_target_001629
mariadb_griffin_r2,mariadb,2,root/mariadb/sql/item.cc:9858:0:0,/root/mariadb/sql/item.cc,9858,9858,0,0,mariadb_target_001629
mariadb_griffin_r2,mariadb,2,root/mariadb/sql/item.cc:9858:0:1,/root/mariadb/sql/item.cc,9858,9858,56,1,mariadb_target_001629
mariadb_griffin_r2,mariadb,2,root/mariadb/sql/item.cc:10104:0:0,/root/mariadb/sql/item.cc,10104,10104,7288,1,mariadb_target_000099;mariadb_target_001249
mariadb_griffin_r2,mariadb,2,root/mariadb/sql/item.cc:10104:0:1,/root/mariadb/sql/item.cc,10104,10104,10940,1,mariadb_target_000099;mariadb_target_001249
mariadb_griffin_r2,mariadb,2,root/mariadb/sql/item.cc:10104:1:2,/root/mariadb/sql/item.cc,10104,10104,7288,1,mariadb_target_000099;mariadb_target_001249
mariadb_griffin_r2,mariadb,2,root/mariadb/sql/item.cc:10104:1:3,/root/mariadb/sql/item.cc,10104,10104,0,0,mariadb_target_000099;mariadb_target_001249
mariadb_griffin_r2,mariadb,2,root/mariadb/sql/item.cc:10106:0:0,/root/mariadb/sql/item.cc,10106,10106,1504,1,mariadb_target_000099;mariadb_target_001249
mariadb_griffin_r2,mariadb,2,root/mariadb/sql/item.cc:10106:0:1,/root/mariadb/sql/item.cc,10106,10106,9436,1,mariadb_target_000099;mariadb_target_001249
mariadb_griffin_r2,mariadb,2,root/mariadb/sql/item.cc:10122:0:0,/root/mariadb/sql/item.cc,10122,10122,0,0,mariadb_target_000100;mariadb_target_001250
mariadb_griffin_r2,mariadb,2,root/mariadb/sql/item.cc:10122:0:1,/root/mariadb/sql/item.cc,10122,10122,0,0,mariadb_target_000100;mariadb_target_001250
mariadb_griffin_r2,mariadb,2,root/mariadb/sql/item.cc:10125:0:0,/root/mariadb/sql/item.cc,10125,10125,0,0,mariadb_target_000100;mariadb_target_001250
mariadb_griffin_r2,mariadb,2,root/mariadb/sql/item.cc:10125:0:1,/root/mariadb/sql/item.cc,10125,10125,0,0,mariadb_target_000100;mariadb_target_001250
mariadb_griffin_r2,mariadb,2,root/mariadb/sql/item.cc:10127:0:0,/root/mariadb/sql/item.cc,10127,10127,0,0,mariadb_target_000101;mariadb_target_001251
mariadb_griffin_r2,mariadb,2,root/mariadb/sql/item.cc:10127:0:1,/root/mariadb/sql/item.cc,10127,10127,0,0,mariadb_target_000101;mariadb_target_001251
mariadb_griffin_r2,mariadb,2,root/mariadb/sql/item.cc:10177:0:0,/root/mariadb/sql/item.cc,10177,10177,0,0,mariadb_target_000102;mariadb_target_001252;mariadb_target_001253
mariadb_griffin_r2,mariadb,2,root/mariadb/sql/item.cc:10177:0:1,/root/mariadb/sql/item.cc,10177,10177,0,0,mariadb_target_000102;mariadb_target_001252;mariadb_target_001253
mariadb_griffin_r2,mariadb,2,root/mariadb/sql/item.cc:10178:0:0,/root/mariadb/sql/item.cc,10178,10178,0,0,mariadb_target_000102;mariadb_target_000103;mariadb_target_001252;mariadb_target_001253;mariadb_target_001254
mariadb_griffin_r2,mariadb,2,root/mariadb/sql/item.cc:10178:0:1,/root/mariadb/sql/item.cc,10178,10178,0,0,mariadb_target_000102;mariadb_target_000103;mariadb_target_001252;mariadb_target_001253;mariadb_target_001254
mariadb_griffin_r2,mariadb,2,root/mariadb/sql/item.cc:10203:0:0,/root/mariadb/sql/item.cc,10203,10203,0,0,mariadb_target_000104;mariadb_target_001256
mariadb_griffin_r2,mariadb,2,root/mariadb/sql/item.cc:10203:0:1,/root/mariadb/sql/item.cc,10203,10203,0,0,mariadb_target_000104;mariadb_target_001256
mariadb_griffin_r2,mariadb,2,root/mariadb/sql/item.cc:10489:0:0,/root/mariadb/sql/item.cc,10489,10489,0,0,mariadb_target_000113;mariadb_target_001269;mariadb_target_001270;mariadb_target_001271
mariadb_griffin_r2,mariadb,2,root/mariadb/sql/item.cc:10489:0:1,/root/mariadb/sql/item.cc,10489,10489,0,0,mariadb_target_000113;mariadb_target_001269;mariadb_target_001270;mariadb_target_001271
mariadb_griffin_r2,mariadb,2,root/mariadb/sql/item.cc:10498:0:0,/root/mariadb/sql/item.cc,10498,10498,0,0,mariadb_target_000114;mariadb_target_001271;mariadb_target_001272;mariadb_target_001273;mariadb_target_001274
mariadb_griffin_r2,mariadb,2,root/mariadb/sql/item.cc:10498:0:1,/root/mariadb/sql/item.cc,10498,10498,0,0,mariadb_target_000114;mariadb_target_001271;mariadb_target_001272;mariadb_target_001273;mariadb_target_001274
mariadb_griffin_r2,mariadb,2,root/mariadb/sql/item.cc:10628:0:0,/root/mariadb/sql/item.cc,10628,10628,0,0,mariadb_target_000115;mariadb_target_001279
mariadb_griffin_r2,mariadb,2,root/mariadb/sql/item.cc:10628:0:1,/root/mariadb/sql/item.cc,10628,10628,0,0,mariadb_target_000115;mariadb_target_001279
mariadb_griffin_r2,mariadb,2,root/mariadb/sql/item.cc:10678:0:0,/root/mariadb/sql/item.cc,10678,10678,0,0,mariadb_target_000116;mariadb_target_001285
mariadb_griffin_r2,mariadb,2,root/mariadb/sql/item.cc:10678:0:1,/root/mariadb/sql/item.cc,10678,10678,0,0,mariadb_target_000116;mariadb_target_001285
mariadb_griffin_r2,mariadb,2,root/mariadb/sql/item.cc:10795:0:0,/root/mariadb/sql/item.cc,10795,10795,0,0,mariadb_target_000117;mariadb_target_001286;mariadb_target_001287
mariadb_griffin_r2,mariadb,2,root/mariadb/sql/item.cc:10795:0:1,/root/mariadb/sql/item.cc,10795,10795,0,0,mariadb_target_000117;mariadb_target_001286;mariadb_target_001287
mariadb_griffin_r2,mariadb,2,root/mariadb/sql/item.cc:10802:0:0,/root/mariadb/sql/item.cc,10802,10802,0,0,mariadb_target_001287
mariadb_griffin_r2,mariadb,2,root/mariadb/sql/item.cc:10802:0:1,/root/mariadb/sql/item.cc,10802,10802,0,0,mariadb_target_001287
mariadb_griffin_r2,mariadb,2,root/mariadb/sql/item.cc:10810:0:0,/root/mariadb/sql/item.cc,10810,10810,0,0,mariadb_target_001287
mariadb_griffin_r2,mariadb,2,root/mariadb/sql/item.cc:10810:0:1,/root/mariadb/sql/item.cc,10810,10810,0,0,mariadb_target_001287
mariadb_griffin_r2,mariadb,2,root/mariadb/sql/item.cc:10817:0:0,/root/mariadb/sql/item.cc,10817,10817,0,0,mariadb_target_001287
mariadb_griffin_r2,mariadb,2,root/mariadb/sql/item.cc:10817:0:1,/root/mariadb/sql/item.cc,10817,10817,0,0,mariadb_target_001287
mariadb_griffin_r2,mariadb,2,root/mariadb/sql/item.cc:10826:0:0,/root/mariadb/sql/item.cc,10826,10826,0,0,mariadb_target_001287
mariadb_griffin_r2,mariadb,2,root/mariadb/sql/item.cc:10826:0:1,/root/mariadb/sql/item.cc,10826,10826,0,0,mariadb_target_001287
mariadb_griffin_r2,mariadb,2,root/mariadb/sql/item.cc:10833:0:0,/root/mariadb/sql/item.cc,10833,10833,0,0,mariadb_target_001287
mariadb_griffin_r2,mariadb,2,root/mariadb/sql/item.cc:10833:0:1,/root/mariadb/sql/item.cc,10833,10833,0,0,mariadb_target_001287
mariadb_griffin_r2,mariadb,2,root/mariadb/sql/item.cc:10840:0:0,/root/mariadb/sql/item.cc,10840,10840,0,0,mariadb_target_000118;mariadb_target_001288
mariadb_griffin_r2,mariadb,2,root/mariadb/sql/item.cc:10840:0:1,/root/mariadb/sql/item.cc,10840,10840,0,0,mariadb_target_000118;mariadb_target_001288
mariadb_griffin_r2,mariadb,2,root/mariadb/sql/item.cc:10856:0:0,/root/mariadb/sql/item.cc,10856,10856,0,0,mariadb_target_000119;mariadb_target_001289;mariadb_target_001290;mariadb_target_001291
mariadb_griffin_r2,mariadb,2,root/mariadb/sql/item.cc:10856:0:1,/root/mariadb/sql/item.cc,10856,10856,0,0,mariadb_target_000119;mariadb_target_001289;mariadb_target_001290;mariadb_target_001291
mariadb_griffin_r2,mariadb,2,root/mariadb/sql/item.cc:10874:0:0,/root/mariadb/sql/item.cc,10874,10874,3074,1,mariadb_target_000121;mariadb_target_000122;mariadb_target_001294;mariadb_target_001295;mariadb_target_001296
mariadb_griffin_r2,mariadb,2,root/mariadb/sql/item.cc:10874:0:1,/root/mariadb/sql/item.cc,10874,10874,6473,1,mariadb_target_000121;mariadb_target_000122;mariadb_target_001294;mariadb_target_001295;mariadb_target_001296
mariadb_griffin_r2,mariadb,2,root/mariadb/sql/item.cc:10876:0:0,/root/mariadb/sql/item.cc,10876,10876,0,0,mariadb_target_000121;mariadb_target_000122;mariadb_target_001294;mariadb_target_001295;mariadb_target_001296;mariadb_target_001297
mariadb_griffin_r2,mariadb,2,root/mariadb/sql/item.cc:10876:0:1,/root/mariadb/sql/item.cc,10876,10876,6473,1,mariadb_target_000121;mariadb_target_000122;mariadb_target_001294;mariadb_target_001295;mariadb_target_001296;mariadb_target_001297
mariadb_griffin_r2,mariadb,2,root/mariadb/sql/item.cc:10876:1:2,/root/mariadb/sql/item.cc,10876,10876,0,0,mariadb_target_000121;mariadb_target_000122;mariadb_target_001294;mariadb_target_001295;mariadb_target_001296;mariadb_target_001297
mariadb_griffin_r2,mariadb,2,root/mariadb/sql/item.cc:10876:1:3,/root/mariadb/sql/item.cc,10876,10876,6473,1,mariadb_target_000121;mariadb_target_000122;mariadb_target_001294;mariadb_target_001295;mariadb_target_001296;mariadb_target_001297
mariadb_griffin_r2,mariadb,2,root/mariadb/sql/item.cc:10878:0:0,/root/mariadb/sql/item.cc,10878,10878,1,1,mariadb_target_000122;mariadb_target_001295;mariadb_target_001296;mariadb_target_001297
mariadb_griffin_r2,mariadb,2,root/mariadb/sql/item.cc:10878:0:1,/root/mariadb/sql/item.cc,10878,10878,6472,1,mariadb_target_000122;mariadb_target_001295;mariadb_target_001296;mariadb_target_001297
mariadb_griffin_r2,mariadb,2,root/mariadb/sql/item.cc:10878:1:2,/root/mariadb/sql/item.cc,10878,10878,0,0,mariadb_target_000122;mariadb_target_001295;mariadb_target_001296;mariadb_target_001297
mariadb_griffin_r2,mariadb,2,root/mariadb/sql/item.cc:10878:1:3,/root/mariadb/sql/item.cc,10878,10878,6472,1,mariadb_target_000122;mariadb_target_001295;mariadb_target_001296;mariadb_target_001297
mariadb_griffin_r2,mariadb,2,root/mariadb/sql/item.cc:10880:0:0,/root/mariadb/sql/item.cc,10880,10880,544,1,mariadb_target_000122;mariadb_target_001296;mariadb_target_001297
mariadb_griffin_r2,mariadb,2,root/mariadb/sql/item.cc:10880:0:1,/root/mariadb/sql/item.cc,10880,10880,5928,1,mariadb_target_000122;mariadb_target_001296;mariadb_target_001297
mariadb_griffin_r2,mariadb,2,root/mariadb/sql/item.cc:10880:1:2,/root/mariadb/sql/item.cc,10880,10880,1476,1,mariadb_target_000122;mariadb_target_001296;mariadb_target_001297
mariadb_griffin_r2,mariadb,2,root/mariadb/sql/item.cc:10880:1:3,/root/mariadb/sql/item.cc,10880,10880,4452,1,mariadb_target_000122;mariadb_target_001296;mariadb_target_001297
mariadb_griffin_r2,mariadb,2,root/mariadb/sql/item.cc:10881:0:0,/root/mariadb/sql/item.cc,10881,10881,922,1,mariadb_target_000122;mariadb_target_000123;mariadb_target_001296;mariadb_target_001297;mariadb_target_001298
mariadb_griffin_r2,mariadb,2,root/mariadb/sql/item.cc:10881:0:1,/root/mariadb/sql/item.cc,10881,10881,1098,1,mariadb_target_000122;mariadb_target_000123;mariadb_target_001296;mariadb_target_001297;mariadb_target_001298
mariadb_griffin_r2,mariadb,2,root/mariadb/sql/item.cc:10881:1:2,/root/mariadb/sql/item.cc,10881,10881,8,1,mariadb_target_000122;mariadb_target_000123;mariadb_target_001296;mariadb_target_001297;mariadb_target_001298
mariadb_griffin_r2,mariadb,2,root/mariadb/sql/item.cc:10881:1:3,/root/mariadb/sql/item.cc,10881,10881,1090,1,mariadb_target_000122;mariadb_target_000123;mariadb_target_001296;mariadb_target_001297;mariadb_target_001298
mariadb_griffin_r2,mariadb,2,root/mariadb/sql/item.cc:10890:0:0,/root/mariadb/sql/item.cc,10890,10890,1403,1,mariadb_target_000123;mariadb_target_000124;mariadb_target_001298;mariadb_target_001299;mariadb_target_001300;mariadb_target_001301
mariadb_griffin_r2,mariadb,2,root/mariadb/sql/item.cc:10890:0:1,/root/mariadb/sql/item.cc,10890,10890,955,1,mariadb_target_000123;mariadb_target_000124;mariadb_target_001298;mariadb_target_001299;mariadb_target_001300;mariadb_target_001301
mariadb_griffin_r2,mariadb,2,root/mariadb/sql/item.cc:10893:0:0,/root/mariadb/sql/item.cc,10893,10893,955,1,mariadb_target_000124;mariadb_target_001299;mariadb_target_001300;mariadb_target_001301;mariadb_target_001302
mariadb_griffin_r2,mariadb,2,root/mariadb/sql/item.cc:10893:0:1,/root/mariadb/sql/item.cc,10893,10893,0,0,mariadb_target_000124;mariadb_target_001299;mariadb_target_001300;mariadb_target_001301;mariadb_target_001302
mariadb_griffin_r2,mariadb,2,root/mariadb/sql/item.cc:10897:0:0,/root/mariadb/sql/item.cc,10897,10897,955,1,mariadb_target_000124;mariadb_target_001301;mariadb_target_001302
mariadb_griffin_r2,mariadb,2,root/mariadb/sql/item.cc:10897:0:1,/root/mariadb/sql/item.cc,10897,10897,0,0,mariadb_target_000124;mariadb_target_001301;mariadb_target_001302
mariadb_griffin_r2,mariadb,2,root/mariadb/sql/item.cc:10980:0:0,/root/mariadb/sql/item.cc,10980,10980,18042,1,mariadb_target_000125;mariadb_target_001303
mariadb_griffin_r2,mariadb,2,root/mariadb/sql/item.cc:10980:0:1,/root/mariadb/sql/item.cc,10980,10980,0,0,mariadb_target_000125;mariadb_target_001303
mariadb_griffin_r2,mariadb,2,root/mariadb/sql/item.cc:10990:0:0,/root/mariadb/sql/item.cc,10990,10990,0,0,mariadb_target_000126;mariadb_target_001304;mariadb_target_001305
mariadb_griffin_r2,mariadb,2,root/mariadb/sql/item.cc:10990:0:1,/root/mariadb/sql/item.cc,10990,10990,3640,1,mariadb_target_000126;mariadb_target_001304;mariadb_target_001305
mariadb_griffin_r2,mariadb,2,root/mariadb/sql/item.cc:10996:0:0,/root/mariadb/sql/item.cc,10996,10996,3633,1,mariadb_target_000126;mariadb_target_001305
mariadb_griffin_r2,mariadb,2,root/mariadb/sql/item.cc:10996:0:1,/root/mariadb/sql/item.cc,10996,10996,7,1,mariadb_target_000126;mariadb_target_001305
mariadb_griffin_r2,mariadb,2,root/mariadb/sql/item.cc:10996:1:2,/root/mariadb/sql/item.cc,10996,10996,13,1,mariadb_target_000126;mariadb_target_001305
mariadb_griffin_r2,mariadb,2,root/mariadb/sql/item.cc:10996:1:3,/root/mariadb/sql/item.cc,10996,10996,3620,1,mariadb_target_000126;mariadb_target_001305
mariadb_griffin_r2,mariadb,2,root/mariadb/sql/item.cc:11060:0:0,/root/mariadb/sql/item.cc,11060,11060,4,1,mariadb_target_000127;mariadb_target_001306
mariadb_griffin_r2,mariadb,2,root/mariadb/sql/item.cc:11060:0:1,/root/mariadb/sql/item.cc,11060,11060,3125,1,mariadb_target_000127;mariadb_target_001306
mariadb_griffin_r2,mariadb,2,root/mariadb/sql/item.cc:11060:1:2,/root/mariadb/sql/item.cc,11060,11060,3,1,mariadb_target_000127;mariadb_target_001306
mariadb_griffin_r2,mariadb,2,root/mariadb/sql/item.cc:11060:1:3,/root/mariadb/sql/item.cc,11060,11060,3122,1,mariadb_target_000127;mariadb_target_001306
mariadb_griffin_r2,mariadb,2,root/mariadb/sql/item.cc:11068:0:0,/root/mariadb/sql/item.cc,11068,11068,0,0,mariadb_target_000128;mariadb_target_001307
mariadb_griffin_r2,mariadb,2,root/mariadb/sql/item.cc:11068:0:1,/root/mariadb/sql/item.cc,11068,11068,0,0,mariadb_target_000128;mariadb_target_001307
mariadb_griffin_r2,mariadb,2,root/mariadb/sql/item.cc:11070:0:0,/root/mariadb/sql/item.cc,11070,11070,0,0,mariadb_target_000128;mariadb_target_001307
mariadb_griffin_r2,mariadb,2,root/mariadb/sql/item.cc:11070:0:1,/root/mariadb/sql/item.cc,11070,11070,0,0,mariadb_target_000128;mariadb_target_001307
mariadb_griffin_r2,mariadb,2,root/mariadb/sql/item.cc:11087:0:0,/root/mariadb/sql/item.cc,11087,11087,0,0,mariadb_target_000129;mariadb_target_001308
mariadb_griffin_r2,mariadb,2,root/mariadb/sql/item.cc:11087:0:1,/root/mariadb/sql/item.cc,11087,11087,59,1,mariadb_target_000129;mariadb_target_001308
mariadb_griffin_r2,mariadb,2,root/mariadb/sql/item.cc:11093:0:0,/root/mariadb/sql/item.cc,11093,11093,59,1,mariadb_target_000129;mariadb_target_001308
mariadb_griffin_r2,mariadb,2,root/mariadb/sql/item.cc:11093:0:1,/root/mariadb/sql/item.cc,11093,11093,0,0,mariadb_target_000129;mariadb_target_001308
mariadb_griffin_r2,mariadb,2,root/mariadb/sql/item.cc:11093:1:2,/root/mariadb/sql/item.cc,11093,11093,0,0,mariadb_target_000129;mariadb_target_001308
mariadb_griffin_r2,mariadb,2,root/mariadb/sql/item.cc:11093:1:3,/root/mariadb/sql/item.cc,11093,11093,59,1,mariadb_target_000129;mariadb_target_001308
mariadb_griffin_r2,mariadb,2,root/mariadb/sql/item.cc:11164:0:0,/root/mariadb/sql/item.cc,11164,11164,0,0,mariadb_target_000130;mariadb_target_001309
mariadb_griffin_r2,mariadb,2,root/mariadb/sql/item.cc:11164:0:1,/root/mariadb/sql/item.cc,11164,11164,0,0,mariadb_target_000130;mariadb_target_001309
mariadb_griffin_r2,mariadb,2,root/mariadb/sql/item.cc:11234:0:0,/root/mariadb/sql/item.cc,11234,11234,0,0,mariadb_target_000132;mariadb_target_001312;mariadb_target_001313
mariadb_griffin_r2,mariadb,2,root/mariadb/sql/item.cc:11234:0:1,/root/mariadb/sql/item.cc,11234,11234,0,0,mariadb_target_000132;mariadb_target_001312;mariadb_target_001313
mariadb_griffin_r2,mariadb,2,root/mariadb/sql/item.cc:11241:0:0,/root/mariadb/sql/item.cc,11241,11241,0,0,mariadb_target_000132;mariadb_target_001313;mariadb_target_001314;mariadb_target_001315
mariadb_griffin_r2,mariadb,2,root/mariadb/sql/item.cc:11241:0:1,/root/mariadb/sql/item.cc,11241,11241,0,0,mariadb_target_000132;mariadb_target_001313;mariadb_target_001314;mariadb_target_001315
mariadb_griffin_r2,mariadb,2,root/mariadb/sql/item.cc:11241:1:2,/root/mariadb/sql/item.cc,11241,11241,0,0,mariadb_target_000132;mariadb_target_001313;mariadb_target_001314;mariadb_target_001315
mariadb_griffin_r2,mariadb,2,root/mariadb/sql/item.cc:11241:1:3,/root/mariadb/sql/item.cc,11241,11241,0,0,mariadb_target_000132;mariadb_target_001313;mariadb_target_001314;mariadb_target_001315
mariadb_griffin_r2,mariadb,2,root/mariadb/sql/item.cc:11320:0:0,/root/mariadb/sql/item.cc,11320,11320,0,0,mariadb_target_000133;mariadb_target_001316;mariadb_target_001317
mariadb_griffin_r2,mariadb,2,root/mariadb/sql/item.cc:11320:0:1,/root/mariadb/sql/item.cc,11320,11320,9412,1,mariadb_target_000133;mariadb_target_001316;mariadb_target_001317
mariadb_griffin_r2,mariadb,2,root/mariadb/sql/item.cc:11326:0:0,/root/mariadb/sql/item.cc,11326,11326,9396,1,mariadb_target_000134;mariadb_target_001317;mariadb_target_001318;mariadb_target_001319
mariadb_griffin_r2,mariadb,2,root/mariadb/sql/item.cc:11326:0:1,/root/mariadb/sql/item.cc,11326,11326,16,1,mariadb_target_000134;mariadb_target_001317;mariadb_target_001318;mariadb_target_001319
mariadb_griffin_r2,mariadb,2,root/mariadb/sql/item.cc:11326:1:2,/root/mariadb/sql/item.cc,11326,11326,7,1,mariadb_target_000134;mariadb_target_001317;mariadb_target_001318;mariadb_target_001319
mariadb_griffin_r2,mariadb,2,root/mariadb/sql/item.cc:11326:1:3,/root/mariadb/sql/item.cc,11326,11326,9389,1,mariadb_target_000134;mariadb_target_001317;mariadb_target_001318;mariadb_target_001319
mariadb_griffin_r2,mariadb,2,root/mariadb/sql/item.cc:11328:0:0,/root/mariadb/sql/item.cc,11328,11328,8951,1,mariadb_target_000134;mariadb_target_001318;mariadb_target_001319
mariadb_griffin_r2,mariadb,2,root/mariadb/sql/item.cc:11328:0:1,/root/mariadb/sql/item.cc,11328,11328,461,1,mariadb_target_000134;mariadb_target_001318;mariadb_target_001319
mariadb_griffin_r2,mariadb,2,root/mariadb/sql/item.cc:11329:0:0,/root/mariadb/sql/item.cc,11329,11329,209,1,mariadb_target_000134;mariadb_target_001318;mariadb_target_001319
mariadb_griffin_r2,mariadb,2,root/mariadb/sql/item.cc:11329:0:1,/root/mariadb/sql/item.cc,11329,11329,8742,1,mariadb_target_000134;mariadb_target_001318;mariadb_target_001319
mariadb_griffin_r2,mariadb,2,root/mariadb/sql/item.cc:11336:0:0,/root/mariadb/sql/item.cc,11336,11336,0,0,mariadb_target_000135;mariadb_target_001320
mariadb_griffin_r2,mariadb,2,root/mariadb/sql/item.cc:11336:0:1,/root/mariadb/sql/item.cc,11336,11336,64,1,mariadb_target_000135;mariadb_target_001320
mariadb_griffin_r2,mariadb,2,root/mariadb/sql/item.cc:11377:0:0,/root/mariadb/sql/item.cc,11377,11377,0,0,mariadb_target_000136;mariadb_target_000137;mariadb_target_001321;mariadb_target_001322
mariadb_griffin_r2,mariadb,2,root/mariadb/sql/item.cc:11377:0:1,/root/mariadb/sql/item.cc,11377,11377,6163,1,mariadb_target_000136;mariadb_target_000137;mariadb_target_001321;mariadb_target_001322
mariadb_griffin_r2,mariadb,2,root/mariadb/sql/item.cc:11387:0:0,/root/mariadb/sql/item.cc,11387,11387,6156,1,mariadb_target_000138;mariadb_target_000139;mariadb_target_001323;mariadb_target_001324;mariadb_target_001325
mariadb_griffin_r2,mariadb,2,root/mariadb/sql/item.cc:11387:0:1,/root/mariadb/sql/item.cc,11387,11387,7,1,mariadb_target_000138;mariadb_target_000139;mariadb_target_001323;mariadb_target_001324;mariadb_target_001325
mariadb_griffin_r2,mariadb,2,root/mariadb/sql/item.cc:11387:1:2,/root/mariadb/sql/item.cc,11387,11387,0,0,mariadb_target_000138;mariadb_target_000139;mariadb_target_001323;mariadb_target_001324;mariadb_target_001325
mariadb_griffin_r2,mariadb,2,root/mariadb/sql/item.cc:11387:1:3,/root/mariadb/sql/item.cc,11387,11387,6156,1,mariadb_target_000138;mariadb_target_000139;mariadb_target_001323;mariadb_target_001324;mariadb_target_001325
mariadb_griffin_r2,mariadb,2,root/mariadb/sql/item.cc:11389:0:0,/root/mariadb/sql/item.cc,11389,11389,1981,1,mariadb_target_000138;mariadb_target_000139;mariadb_target_001323;mariadb_target_001324;mariadb_target_001325
mariadb_griffin_r2,mariadb,2,root/mariadb/sql/item.cc:11389:0:1,/root/mariadb/sql/item.cc,11389,11389,4182,1,mariadb_target_000138;mariadb_target_000139;mariadb_target_001323;mariadb_target_001324;mariadb_target_001325
mariadb_griffin_r2,mariadb,2,root/mariadb/sql/item.cc:11391:0:0,/root/mariadb/sql/item.cc,11391,11391,4182,1,mariadb_target_000139;mariadb_target_001324;mariadb_target_001325
mariadb_griffin_r2,mariadb,2,root/mariadb/sql/item.cc:11391:0:1,/root/mariadb/sql/item.cc,11391,11391,0,0,mariadb_target_000139;mariadb_target_001324;mariadb_target_001325
mariadb_griffin_r2,mariadb,2,root/mariadb/sql/item.cc:11447:0:0,/root/mariadb/sql/item.cc,11447,11447,0,0,mariadb_target_000140;mariadb_target_001326
mariadb_griffin_r2,mariadb,2,root/mariadb/sql/item.cc:11447:0:1,/root/mariadb/sql/item.cc,11447,11447,848,1,mariadb_target_000140;mariadb_target_001326
mariadb_griffin_r2,mariadb,2,root/mariadb/sql/item.cc:11447:1:2,/root/mariadb/sql/item.cc,11447,11447,0,0,mariadb_target_000140;mariadb_target_001326
mariadb_griffin_r2,mariadb,2,root/mariadb/sql/item.cc:11447:1:3,/root/mariadb/sql/item.cc,11447,11447,0,0,mariadb_target_000140;mariadb_target_001326
mariadb_griffin_r2,mariadb,2,root/mariadb/sql/item.cc:11448:0:0,/root/mariadb/sql/item.cc,11448,11448,0,0,mariadb_target_000140;mariadb_target_001326
mariadb_griffin_r2,mariadb,2,root/mariadb/sql/item.cc:11448:0:1,/root/mariadb/sql/item.cc,11448,11448,0,0,mariadb_target_000140;mariadb_target_001326
mariadb_griffin_r2,mariadb,2,root/mariadb/sql/item.cc:11455:0:0,/root/mariadb/sql/item.cc,11455,11455,1156,1,mariadb_target_000140;mariadb_target_000141;mariadb_target_001326;mariadb_target_001327
mariadb_griffin_r2,mariadb,2,root/mariadb/sql/item.cc:11455:0:1,/root/mariadb/sql/item.cc,11455,11455,0,0,mariadb_target_000140;mariadb_target_000141;mariadb_target_001326;mariadb_target_001327
mariadb_griffin_r2,mariadb,2,root/mariadb/sql/item.cc:11455:1:2,/root/mariadb/sql/item.cc,11455,11455,0,0,mariadb_target_000140;mariadb_target_000141;mariadb_target_001326;mariadb_target_001327
mariadb_griffin_r2,mariadb,2,root/mariadb/sql/item.cc:11455:1:3,/root/mariadb/sql/item.cc,11455,11455,1156,1,mariadb_target_000140;mariadb_target_000141;mariadb_target_001326;mariadb_target_001327
mariadb_griffin_r2,mariadb,2,root/mariadb/sql/item.cc:11463:0:0,/root/mariadb/sql/item.cc,11463,11463,0,0,mariadb_target_000141;mariadb_target_000142;mariadb_target_001327;mariadb_target_001328
mariadb_griffin_r2,mariadb,2,root/mariadb/sql/item.cc:11463:0:1,/root/mariadb/sql/item.cc,11463,11463,0,0,mariadb_target_000141;mariadb_target_000142;mariadb_target_001327;mariadb_target_001328
mariadb_griffin_r2,mariadb,2,root/mariadb/sql/item.cc:11465:0:0,/root/mariadb/sql/item.cc,11465,11465,0,0,mariadb_target_000142;mariadb_target_001328
mariadb_griffin_r2,mariadb,2,root/mariadb/sql/item.cc:11465:0:1,/root/mariadb/sql/item.cc,11465,11465,0,0,mariadb_target_000142;mariadb_target_001328
mariadb_griffin_r2,mariadb,2,root/mariadb/sql/item.cc:11486:0:0,/root/mariadb/sql/item.cc,11486,11486,1156,1,mariadb_target_000144;mariadb_target_001330;mariadb_target_001331
mariadb_griffin_r2,mariadb,2,root/mariadb/sql/item.cc:11486:0:1,/root/mariadb/sql/item.cc,11486,11486,1472,1,mariadb_target_000144;mariadb_target_001330;mariadb_target_001331
mariadb_griffin_r2,mariadb,2,root/mariadb/sql/item.cc:11486:1:2,/root/mariadb/sql/item.cc,11486,11486,0,0,mariadb_target_000144;mariadb_target_001330;mariadb_target_001331
mariadb_griffin_r2,mariadb,2,root/mariadb/sql/item.cc:11486:1:3,/root/mariadb/sql/item.cc,11486,11486,1156,1,mariadb_target_000144;mariadb_target_001330;mariadb_target_001331
mariadb_griffin_r2,mariadb,2,root/mariadb/sql/item.cc:11488:0:0,/root/mariadb/sql/item.cc,11488,11488,5256,1,mariadb_target_001331
mariadb_griffin_r2,mariadb,2,root/mariadb/sql/item.cc:11488:0:1,/root/mariadb/sql/item.cc,11488,11488,2628,1,mariadb_target_001331
mariadb_griffin_r2,mariadb,2,root/mariadb/sql/item.cc:11549:0:0,/root/mariadb/sql/item.cc,11549,11549,0,0,mariadb_target_001333
mariadb_griffin_r2,mariadb,2,root/mariadb/sql/item.cc:11549:0:1,/root/mariadb/sql/item.cc,11549,11549,0,0,mariadb_target_001333
mariadb_griffin_r2,mariadb,2,root/mariadb/sql/item.cc:11669:0:0,/root/mariadb/sql/item.cc,11669,11669,290396,1,mariadb_target_000146;mariadb_target_001334
mariadb_griffin_r2,mariadb,2,root/mariadb/sql/item.cc:11669:0:1,/root/mariadb/sql/item.cc,11669,11669,5835922,1,mariadb_target_000146;mariadb_target_001334
mariadb_griffin_r2,mariadb,2,root/mariadb/sql/item.cc:11670:0:0,/root/mariadb/sql/item.cc,11670,11670,21210,1,mariadb_target_000146;mariadb_target_001334
mariadb_griffin_r2,mariadb,2,root/mariadb/sql/item.cc:11670:0:1,/root/mariadb/sql/item.cc,11670,11670,290396,1,mariadb_target_000146;mariadb_target_001334
mariadb_griffin_r2,mariadb,2,root/mariadb/sql/item.cc:11677:0:0,/root/mariadb/sql/item.cc,11677,11677,23823,1,mariadb_target_000146;mariadb_target_001334;mariadb_target_001335
mariadb_griffin_r2,mariadb,2,root/mariadb/sql/item.cc:11677:0:1,/root/mariadb/sql/item.cc,11677,11677,110104,1,mariadb_target_000146;mariadb_target_001334;mariadb_target_001335
mariadb_griffin_r2,mariadb,2,root/mariadb/sql/item.cc:11715:0:0,/root/mariadb/sql/item.cc,11715,11715,1474,1,mariadb_target_000147;mariadb_target_001336
mariadb_griffin_r2,mariadb,2,root/mariadb/sql/item.cc:11715:0:1,/root/mariadb/sql/item.cc,11715,11715,134883,1,mariadb_target_000147;mariadb_target_001336
mariadb_griffin_r2,mariadb,2,root/mariadb/sql/item.cc:11717:0:0,/root/mariadb/sql/item.cc,11717,11717,123933,1,mariadb_target_000147;mariadb_target_000148;mariadb_target_001336;mariadb_target_001337
mariadb_griffin_r2,mariadb,2,root/mariadb/sql/item.cc:11717:0:1,/root/mariadb/sql/item.cc,11717,11717,10950,1,mariadb_target_000147;mariadb_target_000148;mariadb_target_001336;mariadb_target_001337
mariadb_griffin_r2,mariadb,2,root/mariadb/sql/item.cc:11717:1:2,/root/mariadb/sql/item.cc,11717,11717,0,0,mariadb_target_000147;mariadb_target_000148;mariadb_target_001336;mariadb_target_001337
mariadb_griffin_r2,mariadb,2,root/mariadb/sql/item.cc:11717:1:3,/root/mariadb/sql/item.cc,11717,11717,10950,1,mariadb_target_000147;mariadb_target_000148;mariadb_target_001336;mariadb_target_001337
mariadb_griffin_r2,mariadb,2,root/mariadb/sql/item.cc:11720:0:0,/root/mariadb/sql/item.cc,11720,11720,123933,1,mariadb_target_000147;mariadb_target_000148;mariadb_target_001336;mariadb_target_001337
mariadb_griffin_r2,mariadb,2,root/mariadb/sql/item.cc:11720:0:1,/root/mariadb/sql/item.cc,11720,11720,0,0,mariadb_target_000147;mariadb_target_000148;mariadb_target_001336;mariadb_target_001337
mariadb_griffin_r2,mariadb,2,root/mariadb/sql/item.cc:11720:1:2,/root/mariadb/sql/item.cc,11720,11720,0,0,mariadb_target_000147;mariadb_target_000148;mariadb_target_001336;mariadb_target_001337
mariadb_griffin_r2,mariadb,2,root/mariadb/sql/item.cc:11720:1:3,/root/mariadb/sql/item.cc,11720,11720,0,0,mariadb_target_000147;mariadb_target_000148;mariadb_target_001336;mariadb_target_001337
mariadb_griffin_r2,mariadb,2,root/mariadb/sql/item.cc:11737:0:0,/root/mariadb/sql/item.cc,11737,11737,0,0,mariadb_target_000149;mariadb_target_001338;mariadb_target_001339
mariadb_griffin_r2,mariadb,2,root/mariadb/sql/item.cc:11737:0:1,/root/mariadb/sql/item.cc,11737,11737,0,0,mariadb_target_000149;mariadb_target_001338;mariadb_target_001339
mariadb_griffin_r2,mariadb,2,root/mariadb/sql/item.cc:11749:0:0,/root/mariadb/sql/item.cc,11749,11749,0,0,mariadb_target_000150;mariadb_target_001339;mariadb_target_001340
mariadb_griffin_r2,mariadb,2,root/mariadb/sql/item.cc:11749:0:1,/root/mariadb/sql/item.cc,11749,11749,12224,1,mariadb_target_000150;mariadb_target_001339;mariadb_target_001340
mariadb_griffin_r2,mariadb,2,root/mariadb/sql/item.cc:11906:0:0,/root/mariadb/sql/item.cc,11906,11906,14153,1,mariadb_target_000153;mariadb_target_001345
mariadb_griffin_r2,mariadb,2,root/mariadb/sql/item.cc:11906:0:1,/root/mariadb/sql/item.cc,11906,11906,1194,1,mariadb_target_000153;mariadb_target_001345
mariadb_griffin_r2,mariadb,2,root/mariadb/sql/item.cc:11915:0:0,/root/mariadb/sql/item.cc,11915,11915,1194,1,mariadb_target_000154;mariadb_target_001346
mariadb_griffin_r2,mariadb,2,root/mariadb/sql/item.cc:11915:0:1,/root/mariadb/sql/item.cc,11915,11915,14153,1,mariadb_target_000154;mariadb_target_001346
mariadb_griffin_r2,mariadb,2,root/mariadb/sql/item.cc:11923:0:0,/root/mariadb/sql/item.cc,11923,11923,198640,1,mariadb_target_000154;mariadb_target_001346
mariadb_griffin_r2,mariadb,2,root/mariadb/sql/item.cc:11923:0:1,/root/mariadb/sql/item.cc,11923,11923,16,1,mariadb_target_000154;mariadb_target_001346
mariadb_griffin_r2,mariadb,2,root/mariadb/sql/item.h:2927:0:0,/root/mariadb/sql/item.h,2927,2927,1674460,1,mariadb_target_000315;mariadb_target_001637
mariadb_griffin_r2,mariadb,2,root/mariadb/sql/item.h:2927:0:1,/root/mariadb/sql/item.h,2927,2927,1009111,1,mariadb_target_000315;mariadb_target_001637
mariadb_griffin_r2,mariadb,2,root/mariadb/sql/item.h:2929:0:0,/root/mariadb/sql/item.h,2929,2929,7176,1,mariadb_target_000315;mariadb_target_001637
mariadb_griffin_r2,mariadb,2,root/mariadb/sql/item.h:2929:0:1,/root/mariadb/sql/item.h,2929,2929,1667284,1,mariadb_target_000315;mariadb_target_001637
mariadb_griffin_r2,mariadb,2,root/mariadb/sql/item.h:2936:0:0,/root/mariadb/sql/item.h,2936,2936,0,0,mariadb_target_000315;mariadb_target_001637
mariadb_griffin_r2,mariadb,2,root/mariadb/sql/item.h:2936:0:1,/root/mariadb/sql/item.h,2936,2936,0,0,mariadb_target_000315;mariadb_target_001637
mariadb_griffin_r2,mariadb,2,root/mariadb/sql/item.h:2938:0:0,/root/mariadb/sql/item.h,2938,2938,0,0,mariadb_target_000315;mariadb_target_001637
mariadb_griffin_r2,mariadb,2,root/mariadb/sql/item.h:2938:0:1,/root/mariadb/sql/item.h,2938,2938,0,0,mariadb_target_000315;mariadb_target_001637
mariadb_griffin_r2,mariadb,2,root/mariadb/sql/item.h:2945:0:0,/root/mariadb/sql/item.h,2945,2945,0,0,mariadb_target_000315;mariadb_target_001637
mariadb_griffin_r2,mariadb,2,root/mariadb/sql/item.h:2945:0:1,/root/mariadb/sql/item.h,2945,2945,0,0,mariadb_target_000315;mariadb_target_001637
mariadb_griffin_r2,mariadb,2,root/mariadb/sql/item.h:2947:0:0,/root/mariadb/sql/item.h,2947,2947,0,0,mariadb_target_000315;mariadb_target_001637
mariadb_griffin_r2,mariadb,2,root/mariadb/sql/item.h:2947:0:1,/root/mariadb/sql/item.h,2947,2947,0,0,mariadb_target_000315;mariadb_target_001637
mariadb_griffin_r2,mariadb,2,root/mariadb/sql/item.h:2956:0:0,/root/mariadb/sql/item.h,2956,2956,70667,1,mariadb_target_000315;mariadb_target_001637
mariadb_griffin_r2,mariadb,2,root/mariadb/sql/item.h:2956:0:1,/root/mariadb/sql/item.h,2956,2956,14274,1,mariadb_target_000315;mariadb_target_001637
mariadb_griffin_r2,mariadb,2,root/mariadb/sql/item.h:2963:0:0,/root/mariadb/sql/item.h,2963,2963,19383,1,mariadb_target_000315;mariadb_target_001637
mariadb_griffin_r2,mariadb,2,root/mariadb/sql/item.h:2963:0:1,/root/mariadb/sql/item.h,2963,2963,51284,1,mariadb_target_000315;mariadb_target_001637
mariadb_griffin_r2,mariadb,2,root/mariadb/sql/item.h:2963:1:2,/root/mariadb/sql/item.h,2963,2963,19383,1,mariadb_target_000315;mariadb_target_001637
mariadb_griffin_r2,mariadb,2,root/mariadb/sql/item.h:2963:1:3,/root/mariadb/sql/item.h,2963,2963,0,0,mariadb_target_000315;mariadb_target_001637
mariadb_griffin_r2,mariadb,2,root/mariadb/sql/item.h:2965:0:0,/root/mariadb/sql/item.h,2965,2965,32752,1,mariadb_target_000315;mariadb_target_001637
mariadb_griffin_r2,mariadb,2,root/mariadb/sql/item.h:2965:0:1,/root/mariadb/sql/item.h,2965,2965,18532,1,mariadb_target_000315;mariadb_target_001637
mariadb_griffin_r2,mariadb,2,root/mariadb/sql/item.h:2973:0:0,/root/mariadb/sql/item.h,2973,2973,5954,1,mariadb_target_000315;mariadb_target_001637
mariadb_griffin_r2,mariadb,2,root/mariadb/sql/item.h:2973:0:1,/root/mariadb/sql/item.h,2973,2973,951,1,mariadb_target_000315;mariadb_target_001637
mariadb_griffin_r2,mariadb,2,root/mariadb/sql/item.h:2975:0:0,/root/mariadb/sql/item.h,2975,2975,3105,1,mariadb_target_000315;mariadb_target_001637
mariadb_griffin_r2,mariadb,2,root/mariadb/sql/item.h:2975:0:1,/root/mariadb/sql/item.h,2975,2975,2849,1,mariadb_target_000315;mariadb_target_001637
mariadb_griffin_r2,mariadb,2,root/mariadb/sql/item.h:2982:0:0,/root/mariadb/sql/item.h,2982,2982,1645,1,mariadb_target_000315;mariadb_target_001637
mariadb_griffin_r2,mariadb,2,root/mariadb/sql/item.h:2982:0:1,/root/mariadb/sql/item.h,2982,2982,754,1,mariadb_target_000315;mariadb_target_001637
mariadb_griffin_r2,mariadb,2,root/mariadb/sql/item.h:2984:0:0,/root/mariadb/sql/item.h,2984,2984,528,1,mariadb_target_000315;mariadb_target_001637
mariadb_griffin_r2,mariadb,2,root/mariadb/sql/item.h:2984:0:1,/root/mariadb/sql/item.h,2984,2984,1117,1,mariadb_target_000315;mariadb_target_001637
mariadb_griffin_r2,mariadb,2,root/mariadb/sql/item.h:2986:0:0,/root/mariadb/sql/item.h,2986,2986,577,1,mariadb_target_000315;mariadb_target_001637
mariadb_griffin_r2,mariadb,2,root/mariadb/sql/item.h:2986:0:1,/root/mariadb/sql/item.h,2986,2986,540,1,mariadb_target_000315;mariadb_target_001637
mariadb_griffin_r2,mariadb,2,root/mariadb/sql/item.h:3008:0:0,/root/mariadb/sql/item.h,3008,3008,2250,1,mariadb_target_000315;mariadb_target_001637
mariadb_griffin_r2,mariadb,2,root/mariadb/sql/item.h:3008:0:1,/root/mariadb/sql/item.h,3008,3008,0,0,mariadb_target_000315;mariadb_target_001637
mariadb_griffin_r2,mariadb,2,root/mariadb/sql/item.h:3017:0:0,/root/mariadb/sql/item.h,3017,3017,38,1,mariadb_target_000315;mariadb_target_001637
mariadb_griffin_r2,mariadb,2,root/mariadb/sql/item.h:3017:0:1,/root/mariadb/sql/item.h,3017,3017,0,0,mariadb_target_000315;mariadb_target_001637
mariadb_griffin_r2,mariadb,2,root/mariadb/sql/item.h:3026:0:0,/root/mariadb/sql/item.h,3026,3026,0,0,mariadb_target_000315;mariadb_target_001637
mariadb_griffin_r2,mariadb,2,root/mariadb/sql/item.h:3026:0:1,/root/mariadb/sql/item.h,3026,3026,0,0,mariadb_target_000315;mariadb_target_001637
mariadb_griffin_r2,mariadb,2,root/mariadb/sql/item.h:3056:0:0,/root/mariadb/sql/item.h,3056,3056,0,0,mariadb_target_000315;mariadb_target_001637
mariadb_griffin_r2,mariadb,2,root/mariadb/sql/item.h:3056:0:1,/root/mariadb/sql/item.h,3056,3056,0,0,mariadb_target_000315;mariadb_target_001637
mariadb_griffin_r2,mariadb,2,root/mariadb/sql/item.h:3058:0:0,/root/mariadb/sql/item.h,3058,3058,0,0,mariadb_target_000315;mariadb_target_001637
mariadb_griffin_r2,mariadb,2,root/mariadb/sql/item.h:3058:0:1,/root/mariadb/sql/item.h,3058,3058,0,0,mariadb_target_000315;mariadb_target_001637
mariadb_griffin_r2,mariadb,2,root/mariadb/sql/item.h:3076:0:0,/root/mariadb/sql/item.h,3076,3076,0,0,mariadb_target_000315;mariadb_target_001637
mariadb_griffin_r2,mariadb,2,root/mariadb/sql/item.h:3076:0:1,/root/mariadb/sql/item.h,3076,3076,0,0,mariadb_target_000315;mariadb_target_001637
mariadb_griffin_r2,mariadb,2,root/mariadb/sql/item.h:4488:0:0,/root/mariadb/sql/item.h,4488,4488,0,0,mariadb_target_000320;mariadb_target_001644
mariadb_griffin_r2,mariadb,2,root/mariadb/sql/item.h:4488:0:1,/root/mariadb/sql/item.h,4488,4488,0,0,mariadb_target_000320;mariadb_target_001644
mariadb_griffin_r2,mariadb,2,root/mariadb/sql/item.h:4489:0:0,/root/mariadb/sql/item.h,4489,4489,0,0,mariadb_target_000320;mariadb_target_001644
mariadb_griffin_r2,mariadb,2,root/mariadb/sql/item.h:4489:0:1,/root/mariadb/sql/item.h,4489,4489,0,0,mariadb_target_000320;mariadb_target_001644
mariadb_griffin_r2,mariadb,2,root/mariadb/sql/item.h:4490:0:0,/root/mariadb/sql/item.h,4490,4490,0,0,mariadb_target_000320;mariadb_target_001644
mariadb_griffin_r2,mariadb,2,root/mariadb/sql/item.h:4490:0:1,/root/mariadb/sql/item.h,4490,4490,0,0,mariadb_target_000320;mariadb_target_001644
mariadb_griffin_r2,mariadb,2,root/mariadb/sql/item.h:4981:0:0,/root/mariadb/sql/item.h,4981,4981,0,0,mariadb_target_000329;mariadb_target_000330;mariadb_target_000331;mariadb_target_001654;mariadb_target_001655;mariadb_target_001656
mariadb_griffin_r2,mariadb,2,root/mariadb/sql/item.h:4981:0:1,/root/mariadb/sql/item.h,4981,4981,0,0,mariadb_target_000329;mariadb_target_000330;mariadb_target_000331;mariadb_target_001654;mariadb_target_001655;mariadb_target_001656
mariadb_griffin_r2,mariadb,2,root/mariadb/sql/item.h:4985:0:0,/root/mariadb/sql/item.h,4985,4985,0,0,mariadb_target_000330;mariadb_target_000331;mariadb_target_000332;mariadb_target_000333;mariadb_target_001655;mariadb_target_001656;mariadb_target_001657;mariadb_target_001658
mariadb_griffin_r2,mariadb,2,root/mariadb/sql/item.h:4985:0:1,/root/mariadb/sql/item.h,4985,4985,0,0,mariadb_target_000330;mariadb_target_000331;mariadb_target_000332;mariadb_target_000333;mariadb_target_001655;mariadb_target_001656;mariadb_target_001657;mariadb_target_001658
mariadb_griffin_r2,mariadb,2,root/mariadb/sql/item.h:5577:0:0,/root/mariadb/sql/item.h,5577,5577,0,0,mariadb_target_000351;mariadb_target_000352;mariadb_target_001677;mariadb_target_001678;mariadb_target_001679
mariadb_griffin_r2,mariadb,2,root/mariadb/sql/item.h:5577:0:1,/root/mariadb/sql/item.h,5577,5577,0,0,mariadb_target_000351;mariadb_target_000352;mariadb_target_001677;mariadb_target_001678;mariadb_target_001679
mariadb_griffin_r2,mariadb,2,root/mariadb/sql/item.h:5578:0:0,/root/mariadb/sql/item.h,5578,5578,0,0,mariadb_target_000351;mariadb_target_000352;mariadb_target_001677;mariadb_target_001678;mariadb_target_001679
mariadb_griffin_r2,mariadb,2,root/mariadb/sql/item.h:5578:0:1,/root/mariadb/sql/item.h,5578,5578,0,0,mariadb_target_000351;mariadb_target_000352;mariadb_target_001677;mariadb_target_001678;mariadb_target_001679
mariadb_griffin_r2,mariadb,2,root/mariadb/sql/item.h:5622:0:0,/root/mariadb/sql/item.h,5622,5622,0,0,mariadb_target_000354;mariadb_target_001682
mariadb_griffin_r2,mariadb,2,root/mariadb/sql/item.h:5622:0:1,/root/mariadb/sql/item.h,5622,5622,0,0,mariadb_target_000354;mariadb_target_001682
mariadb_griffin_r2,mariadb,2,root/mariadb/sql/item.h:5626:0:0,/root/mariadb/sql/item.h,5626,5626,0,0,mariadb_target_000354;mariadb_target_001682
mariadb_griffin_r2,mariadb,2,root/mariadb/sql/item.h:5626:0:1,/root/mariadb/sql/item.h,5626,5626,0,0,mariadb_target_000354;mariadb_target_001682
mariadb_griffin_r2,mariadb,2,root/mariadb/sql/item.h:5747:0:0,/root/mariadb/sql/item.h,5747,5747,0,0,mariadb_target_000365;mariadb_target_000366;mariadb_target_000367;mariadb_target_001694;mariadb_target_001695;mariadb_target_001696
mariadb_griffin_r2,mariadb,2,root/mariadb/sql/item.h:5747:0:1,/root/mariadb/sql/item.h,5747,5747,0,0,mariadb_target_000365;mariadb_target_000366;mariadb_target_000367;mariadb_target_001694;mariadb_target_001695;mariadb_target_001696
mariadb_griffin_r2,mariadb,2,root/mariadb/sql/item.h:5752:0:0,/root/mariadb/sql/item.h,5752,5752,0,0,mariadb_target_000367;mariadb_target_001696;mariadb_target_001697
mariadb_griffin_r2,mariadb,2,root/mariadb/sql/item.h:5752:0:1,/root/mariadb/sql/item.h,5752,5752,0,0,mariadb_target_000367;mariadb_target_001696;mariadb_target_001697
mariadb_griffin_r2,mariadb,2,root/mariadb/sql/item.h:6316:0:0,/root/mariadb/sql/item.h,6316,6316,66040,1,mariadb_target_000376;mariadb_target_001707
mariadb_griffin_r2,mariadb,2,root/mariadb/sql/item.h:6316:0:1,/root/mariadb/sql/item.h,6316,6316,0,0,mariadb_target_000376;mariadb_target_001707
mariadb_griffin_r2,mariadb,2,root/mariadb/sql/item.h:6316:1:2,/root/mariadb/sql/item.h,6316,6316,0,0,mariadb_target_000376;mariadb_target_001707
mariadb_griffin_r2,mariadb,2,root/mariadb/sql/item.h:6316:1:3,/root/mariadb/sql/item.h,6316,6316,66040,1,mariadb_target_000376;mariadb_target_001707
mariadb_griffin_r2,mariadb,2,root/mariadb/sql/item.h:6421:0:0,/root/mariadb/sql/item.h,6421,6421,0,0,mariadb_target_000379;mariadb_target_001710
mariadb_griffin_r2,mariadb,2,root/mariadb/sql/item.h:6421:0:1,/root/mariadb/sql/item.h,6421,6421,4997,1,mariadb_target_000379;mariadb_target_001710
mariadb_griffin_r2,mariadb,2,root/mariadb/sql/item.h:6782:0:0,/root/mariadb/sql/item.h,6782,6782,0,0,mariadb_target_000387;mariadb_target_001718
mariadb_griffin_r2,mariadb,2,root/mariadb/sql/item.h:6782:0:1,/root/mariadb/sql/item.h,6782,6782,0,0,mariadb_target_000387;mariadb_target_001718
mariadb_griffin_r2,mariadb,2,root/mariadb/sql/item.h:6789:0:0,/root/mariadb/sql/item.h,6789,6789,0,0,mariadb_target_000387;mariadb_target_000388;mariadb_target_001718;mariadb_target_001719
mariadb_griffin_r2,mariadb,2,root/mariadb/sql/item.h:6789:0:1,/root/mariadb/sql/item.h,6789,6789,0,0,mariadb_target_000387;mariadb_target_000388;mariadb_target_001718;mariadb_target_001719
mariadb_griffin_r2,mariadb,2,root/mariadb/sql/item.h:6797:0:0,/root/mariadb/sql/item.h,6797,6797,0,0,mariadb_target_000389;mariadb_target_001720
mariadb_griffin_r2,mariadb,2,root/mariadb/sql/item.h:6797:0:1,/root/mariadb/sql/item.h,6797,6797,0,0,mariadb_target_000389;mariadb_target_001720
mariadb_griffin_r2,mariadb,2,root/mariadb/sql/item.h:6812:0:0,/root/mariadb/sql/item.h,6812,6812,0,0,mariadb_target_000390;mariadb_target_001721;mariadb_target_001722
mariadb_griffin_r2,mariadb,2,root/mariadb/sql/item.h:6812:0:1,/root/mariadb/sql/item.h,6812,6812,164,1,mariadb_target_000390;mariadb_target_001721;mariadb_target_001722
mariadb_griffin_r2,mariadb,2,root/mariadb/sql/item.h:7217:0:0,/root/mariadb/sql/item.h,7217,7217,0,0,mariadb_target_000396;mariadb_target_001731
mariadb_griffin_r2,mariadb,2,root/mariadb/sql/item.h:7217:0:1,/root/mariadb/sql/item.h,7217,7217,0,0,mariadb_target_000396;mariadb_target_001731
mariadb_griffin_r2,mariadb,2,root/mariadb/sql/item.h:7218:0:0,/root/mariadb/sql/item.h,7218,7218,0,0,mariadb_target_000396;mariadb_target_001731
mariadb_griffin_r2,mariadb,2,root/mariadb/sql/item.h:7218:0:1,/root/mariadb/sql/item.h,7218,7218,0,0,mariadb_target_000396;mariadb_target_001731
mariadb_griffin_r2,mariadb,2,root/mariadb/sql/item.h:7218:1:2,/root/mariadb/sql/item.h,7218,7218,0,0,mariadb_target_000396;mariadb_target_001731
mariadb_griffin_r2,mariadb,2,root/mariadb/sql/item.h:7218:1:3,/root/mariadb/sql/item.h,7218,7218,0,0,mariadb_target_000396;mariadb_target_001731
mariadb_griffin_r2,mariadb,2,root/mariadb/sql/item.h:7622:0:0,/root/mariadb/sql/item.h,7622,7622,0,0,mariadb_target_000410;mariadb_target_001759
mariadb_griffin_r2,mariadb,2,root/mariadb/sql/item.h:7622:0:1,/root/mariadb/sql/item.h,7622,7622,0,0,mariadb_target_000410;mariadb_target_001759
mariadb_griffin_r2,mariadb,2,root/mariadb/sql/item.h:7623:0:0,/root/mariadb/sql/item.h,7623,7623,0,0,mariadb_target_000410;mariadb_target_001759
mariadb_griffin_r2,mariadb,2,root/mariadb/sql/item.h:7623:0:1,/root/mariadb/sql/item.h,7623,7623,0,0,mariadb_target_000410;mariadb_target_001759
mariadb_griffin_r2,mariadb,2,root/mariadb/sql/item.h:8151:0:0,/root/mariadb/sql/item.h,8151,8151,1,1,mariadb_target_000417;mariadb_target_000418;mariadb_target_000419;mariadb_target_001768;mariadb_target_001769;mariadb_target_001770;mariadb_target_001771
mariadb_griffin_r2,mariadb,2,root/mariadb/sql/item.h:8151:0:1,/root/mariadb/sql/item.h,8151,8151,0,0,mariadb_target_000417;mariadb_target_000418;mariadb_target_000419;mariadb_target_001768;mariadb_target_001769;mariadb_target_001770;mariadb_target_001771
mariadb_griffin_r2,mariadb,2,root/mariadb/sql/item.h:8158:0:0,/root/mariadb/sql/item.h,8158,8158,0,0,mariadb_target_000419;mariadb_target_001771;mariadb_target_001772
mariadb_griffin_r2,mariadb,2,root/mariadb/sql/item.h:8158:0:1,/root/mariadb/sql/item.h,8158,8158,0,0,mariadb_target_000419;mariadb_target_001771;mariadb_target_001772
mariadb_griffin_r2,mariadb,2,root/mariadb/sql/item.h:8160:0:0,/root/mariadb/sql/item.h,8160,8160,0,0,mariadb_target_000419;mariadb_target_001771
mariadb_griffin_r2,mariadb,2,root/mariadb/sql/item.h:8160:0:1,/root/mariadb/sql/item.h,8160,8160,0,0,mariadb_target_000419;mariadb_target_001771
mariadb_griffin_r2,mariadb,2,root/mariadb/sql/item.h:8705:0:0,/root/mariadb/sql/item.h,8705,8705,0,0,mariadb_target_000427;mariadb_target_001782
mariadb_griffin_r2,mariadb,2,root/mariadb/sql/item.h:8705:0:1,/root/mariadb/sql/item.h,8705,8705,0,0,mariadb_target_000427;mariadb_target_001782
mariadb_griffin_r2,mariadb,2,root/mariadb/sql/item.h:8707:0:0,/root/mariadb/sql/item.h,8707,8707,0,0,mariadb_target_000427;mariadb_target_001782
mariadb_griffin_r2,mariadb,2,root/mariadb/sql/item.h:8707:0:1,/root/mariadb/sql/item.h,8707,8707,0,0,mariadb_target_000427;mariadb_target_001782
mariadb_griffin_r2,mariadb,2,root/mariadb/sql/item.h:8708:0:0,/root/mariadb/sql/item.h,8708,8708,0,0,mariadb_target_000427;mariadb_target_001782
mariadb_griffin_r2,mariadb,2,root/mariadb/sql/item.h:8708:0:1,/root/mariadb/sql/item.h,8708,8708,0,0,mariadb_target_000427;mariadb_target_001782
mariadb_griffin_r2,mariadb,2,root/mariadb/sql/item.h:8751:0:0,/root/mariadb/sql/item.h,8751,8751,0,0,mariadb_target_000428;mariadb_target_001783
mariadb_griffin_r2,mariadb,2,root/mariadb/sql/item.h:8751:0:1,/root/mariadb/sql/item.h,8751,8751,0,0,mariadb_target_000428;mariadb_target_001783
mariadb_griffin_r2,mariadb,2,root/mariadb/sql/item.h:8755:0:0,/root/mariadb/sql/item.h,8755,8755,0,0,mariadb_target_000428;mariadb_target_000430;mariadb_target_001783;mariadb_target_001785
mariadb_griffin_r2,mariadb,2,root/mariadb/sql/item.h:8755:0:1,/root/mariadb/sql/item.h,8755,8755,0,0,mariadb_target_000428;mariadb_target_000430;mariadb_target_001783;mariadb_target_001785
mariadb_griffin_r2,mariadb,2,root/mariadb/sql/item.h:8778:0:0,/root/mariadb/sql/item.h,8778,8778,3309,1,mariadb_target_000428;mariadb_target_001783
mariadb_griffin_r2,mariadb,2,root/mariadb/sql/item.h:8778:0:1,/root/mariadb/sql/item.h,8778,8778,1640004,1,mariadb_target_000428;mariadb_target_001783
mariadb_griffin_r2,mariadb,2,root/mariadb/sql/item.h:8780:0:0,/root/mariadb/sql/item.h,8780,8780,3,1,mariadb_target_000428;mariadb_target_001783
mariadb_griffin_r2,mariadb,2,root/mariadb/sql/item.h:8780:0:1,/root/mariadb/sql/item.h,8780,8780,3306,1,mariadb_target_000428;mariadb_target_001783
mariadb_griffin_r2,mariadb,2,root/mariadb/sql/item.h:8790:0:0,/root/mariadb/sql/item.h,8790,8790,0,0,mariadb_target_000428;mariadb_target_001783
mariadb_griffin_r2,mariadb,2,root/mariadb/sql/item.h:8790:0:1,/root/mariadb/sql/item.h,8790,8790,1,1,mariadb_target_000428;mariadb_target_001783
mariadb_griffin_r2,mariadb,2,root/mariadb/sql/item.h:8806:0:0,/root/mariadb/sql/item.h,8806,8806,0,0,mariadb_target_000428;mariadb_target_000433;mariadb_target_001783;mariadb_target_001788
mariadb_griffin_r2,mariadb,2,root/mariadb/sql/item.h:8806:0:1,/root/mariadb/sql/item.h,8806,8806,7,1,mariadb_target_000428;mariadb_target_000433;mariadb_target_001783;mariadb_target_001788
mariadb_griffin_r2,mariadb,2,root/mariadb/sql/item.h:8807:0:0,/root/mariadb/sql/item.h,8807,8807,0,0,mariadb_target_000428;mariadb_target_001783
mariadb_griffin_r2,mariadb,2,root/mariadb/sql/item.h:8807:0:1,/root/mariadb/sql/item.h,8807,8807,0,0,mariadb_target_000428;mariadb_target_001783
mariadb_griffin_r2,mariadb,2,root/mariadb/sql/item_cmpfunc.cc:201:0:0,/root/mariadb/sql/item_cmpfunc.cc,201,201,456,1,mariadb_target_000435;mariadb_target_001790
mariadb_griffin_r2,mariadb,2,root/mariadb/sql/item_cmpfunc.cc:201:0:1,/root/mariadb/sql/item_cmpfunc.cc,201,201,4,1,mariadb_target_000435;mariadb_target_001790
mariadb_griffin_r2,mariadb,2,root/mariadb/sql/item_cmpfunc.cc:201:1:2,/root/mariadb/sql/item_cmpfunc.cc,201,201,269,1,mariadb_target_000435;mariadb_target_001790
mariadb_griffin_r2,mariadb,2,root/mariadb/sql/item_cmpfunc.cc:201:1:3,/root/mariadb/sql/item_cmpfunc.cc,201,201,187,1,mariadb_target_000435;mariadb_target_001790
mariadb_griffin_r2,mariadb,2,root/mariadb/sql/item_cmpfunc.h:252:0:0,/root/mariadb/sql/item_cmpfunc.h,252,252,97,1,mariadb_target_000445;mariadb_target_001801;mariadb_target_001802
mariadb_griffin_r2,mariadb,2,root/mariadb/sql/item_cmpfunc.h:252:0:1,/root/mariadb/sql/item_cmpfunc.h,252,252,1036,1,mariadb_target_000445;mariadb_target_001801;mariadb_target_001802
mariadb_griffin_r2,mariadb,2,root/mariadb/sql/item_cmpfunc.h:280:0:0,/root/mariadb/sql/item_cmpfunc.h,280,280,2552,1,mariadb_target_000447;mariadb_target_001804
mariadb_griffin_r2,mariadb,2,root/mariadb/sql/item_cmpfunc.h:280:0:1,/root/mariadb/sql/item_cmpfunc.h,280,280,226,1,mariadb_target_000447;mariadb_target_001804
mariadb_griffin_r2,mariadb,2,root/mariadb/sql/item_cmpfunc.h:535:0:0,/root/mariadb/sql/item_cmpfunc.h,535,535,64,1,mariadb_target_000467;mariadb_target_001826;mariadb_target_001827
mariadb_griffin_r2,mariadb,2,root/mariadb/sql/item_cmpfunc.h:535:0:1,/root/mariadb/sql/item_cmpfunc.h,535,535,0,0,mariadb_target_000467;mariadb_target_001826;mariadb_target_001827
mariadb_griffin_r2,mariadb,2,root/mariadb/sql/item_cmpfunc.h:567:0:0,/root/mariadb/sql/item_cmpfunc.h,567,567,103,1,mariadb_target_000468;mariadb_target_001828
mariadb_griffin_r2,mariadb,2,root/mariadb/sql/item_cmpfunc.h:567:0:1,/root/mariadb/sql/item_cmpfunc.h,567,567,0,0,mariadb_target_000468;mariadb_target_001828
mariadb_griffin_r2,mariadb,2,root/mariadb/sql/item_cmpfunc.h:596:0:0,/root/mariadb/sql/item_cmpfunc.h,596,596,135,1,mariadb_target_001830
mariadb_griffin_r2,mariadb,2,root/mariadb/sql/item_cmpfunc.h:596:0:1,/root/mariadb/sql/item_cmpfunc.h,596,596,67,1,mariadb_target_001830
mariadb_griffin_r2,mariadb,2,root/mariadb/sql/item_cmpfunc.h:597:0:0,/root/mariadb/sql/item_cmpfunc.h,597,597,135,1,mariadb_target_001830
mariadb_griffin_r2,mariadb,2,root/mariadb/sql/item_cmpfunc.h:597:0:1,/root/mariadb/sql/item_cmpfunc.h,597,597,0,0,mariadb_target_001830
mariadb_griffin_r2,mariadb,2,root/mariadb/sql/item_cmpfunc.h:598:0:0,/root/mariadb/sql/item_cmpfunc.h,598,598,135,1,mariadb_target_001830
mariadb_griffin_r2,mariadb,2,root/mariadb/sql/item_cmpfunc.h:598:0:1,/root/mariadb/sql/item_cmpfunc.h,598,598,0,0,mariadb_target_001830
mariadb_griffin_r2,mariadb,2,root/mariadb/sql/item_cmpfunc.h:602:0:0,/root/mariadb/sql/item_cmpfunc.h,602,602,0,0,mariadb_target_001830
mariadb_griffin_r2,mariadb,2,root/mariadb/sql/item_cmpfunc.h:602:0:1,/root/mariadb/sql/item_cmpfunc.h,602,602,135,1,mariadb_target_001830
mariadb_griffin_r2,mariadb,2,root/mariadb/sql/item_cmpfunc.h:776:0:0,/root/mariadb/sql/item_cmpfunc.h,776,776,8214,1,mariadb_target_000472;mariadb_target_001833
mariadb_griffin_r2,mariadb,2,root/mariadb/sql/item_cmpfunc.h:776:0:1,/root/mariadb/sql/item_cmpfunc.h,776,776,163,1,mariadb_target_000472;mariadb_target_001833
mariadb_griffin_r2,mariadb,2,root/mariadb/sql/item_cmpfunc.h:814:0:0,/root/mariadb/sql/item_cmpfunc.h,814,814,0,0,mariadb_target_000473;mariadb_target_001834
mariadb_griffin_r2,mariadb,2,root/mariadb/sql/item_cmpfunc.h:814:0:1,/root/mariadb/sql/item_cmpfunc.h,814,814,0,0,mariadb_target_000473;mariadb_target_001834
mariadb_griffin_r2,mariadb,2,root/mariadb/sql/item_cmpfunc.h:1195:0:0,/root/mariadb/sql/item_cmpfunc.h,1195,1195,0,0,mariadb_target_000437;mariadb_target_001792
mariadb_griffin_r2,mariadb,2,root/mariadb/sql/item_cmpfunc.h:1195:0:1,/root/mariadb/sql/item_cmpfunc.h,1195,1195,0,0,mariadb_target_000437;mariadb_target_001792
mariadb_griffin_r2,mariadb,2,root/mariadb/sql/item_cmpfunc.h:1268:0:0,/root/mariadb/sql/item_cmpfunc.h,1268,1268,0,0,mariadb_target_000439;mariadb_target_001794
mariadb_griffin_r2,mariadb,2,root/mariadb/sql/item_cmpfunc.h:1268:0:1,/root/mariadb/sql/item_cmpfunc.h,1268,1268,0,0,mariadb_target_000439;mariadb_target_001794
mariadb_griffin_r2,mariadb,2,root/mariadb/sql/item_cmpfunc.h:1268:1:2,/root/mariadb/sql/item_cmpfunc.h,1268,1268,0,0,mariadb_target_000439;mariadb_target_001794
mariadb_griffin_r2,mariadb,2,root/mariadb/sql/item_cmpfunc.h:1268:1:3,/root/mariadb/sql/item_cmpfunc.h,1268,1268,0,0,mariadb_target_000439;mariadb_target_001794
mariadb_griffin_r2,mariadb,2,root/mariadb/sql/item_cmpfunc.h:1269:0:0,/root/mariadb/sql/item_cmpfunc.h,1269,1269,0,0,mariadb_target_000439;mariadb_target_001794
mariadb_griffin_r2,mariadb,2,root/mariadb/sql/item_cmpfunc.h:1269:0:1,/root/mariadb/sql/item_cmpfunc.h,1269,1269,0,0,mariadb_target_000439;mariadb_target_001794
mariadb_griffin_r2,mariadb,2,root/mariadb/sql/item_cmpfunc.h:1369:0:0,/root/mariadb/sql/item_cmpfunc.h,1369,1369,0,0,mariadb_target_000440;mariadb_target_001795
mariadb_griffin_r2,mariadb,2,root/mariadb/sql/item_cmpfunc.h:1369:0:1,/root/mariadb/sql/item_cmpfunc.h,1369,1369,96,1,mariadb_target_000440;mariadb_target_001795
mariadb_griffin_r2,mariadb,2,root/mariadb/sql/item_cmpfunc.h:2306:0:0,/root/mariadb/sql/item_cmpfunc.h,2306,2306,9728,1,mariadb_target_000444;mariadb_target_001799
mariadb_griffin_r2,mariadb,2,root/mariadb/sql/item_cmpfunc.h:2306:0:1,/root/mariadb/sql/item_cmpfunc.h,2306,2306,7518,1,mariadb_target_000444;mariadb_target_001799
mariadb_griffin_r2,mariadb,2,root/mariadb/sql/item_cmpfunc.h:2415:0:0,/root/mariadb/sql/item_cmpfunc.h,2415,2415,17246,1,mariadb_target_001800
mariadb_griffin_r2,mariadb,2,root/mariadb/sql/item_cmpfunc.h:2415:0:1,/root/mariadb/sql/item_cmpfunc.h,2415,2415,11613,1,mariadb_target_001800
mariadb_griffin_r2,mariadb,2,root/mariadb/sql/item_cmpfunc.h:2901:0:0,/root/mariadb/sql/item_cmpfunc.h,2901,2901,106,1,mariadb_target_000449;mariadb_target_001806;mariadb_target_001807
mariadb_griffin_r2,mariadb,2,root/mariadb/sql/item_cmpfunc.h:2901:0:1,/root/mariadb/sql/item_cmpfunc.h,2901,2901,62,1,mariadb_target_000449;mariadb_target_001806;mariadb_target_001807
mariadb_griffin_r2,mariadb,2,root/mariadb/sql/item_cmpfunc.h:3025:0:0,/root/mariadb/sql/item_cmpfunc.h,3025,3025,408,1,mariadb_target_000453;mariadb_target_001812
mariadb_griffin_r2,mariadb,2,root/mariadb/sql/item_cmpfunc.h:3025:0:1,/root/mariadb/sql/item_cmpfunc.h,3025,3025,4930,1,mariadb_target_000453;mariadb_target_001812
mariadb_griffin_r2,mariadb,2,root/mariadb/sql/item_cmpfunc.h:3182:0:0,/root/mariadb/sql/item_cmpfunc.h,3182,3182,0,0,mariadb_target_000455;mariadb_target_001814
mariadb_griffin_r2,mariadb,2,root/mariadb/sql/item_cmpfunc.h:3182:0:1,/root/mariadb/sql/item_cmpfunc.h,3182,3182,11892,1,mariadb_target_000455;mariadb_target_001814
mariadb_griffin_r2,mariadb,2,root/mariadb/sql/item_cmpfunc.h:3693:0:0,/root/mariadb/sql/item_cmpfunc.h,3693,3693,16773,1,mariadb_target_000462;mariadb_target_001821
mariadb_griffin_r2,mariadb,2,root/mariadb/sql/item_cmpfunc.h:3693:0:1,/root/mariadb/sql/item_cmpfunc.h,3693,3693,7973,1,mariadb_target_000462;mariadb_target_001821
mariadb_griffin_r2,mariadb,2,root/mariadb/sql/item_cmpfunc.h:3801:0:0,/root/mariadb/sql/item_cmpfunc.h,3801,3801,46649,1,mariadb_target_000463;mariadb_target_001822
mariadb_griffin_r2,mariadb,2,root/mariadb/sql/item_cmpfunc.h:3801:0:1,/root/mariadb/sql/item_cmpfunc.h,3801,3801,29293,1,mariadb_target_000463;mariadb_target_001822
mariadb_griffin_r2,mariadb,2,root/mariadb/sql/item_cmpfunc.h:3903:0:0,/root/mariadb/sql/item_cmpfunc.h,3903,3903,0,0,mariadb_target_000465;mariadb_target_001824
mariadb_griffin_r2,mariadb,2,root/mariadb/sql/item_cmpfunc.h:3903:0:1,/root/mariadb/sql/item_cmpfunc.h,3903,3903,0,0,mariadb_target_000465;mariadb_target_001824
mariadb_griffin_r2,mariadb,2,root/mariadb/sql/item_func.cc:462:0:0,/root/mariadb/sql/item_func.cc,462,462,0,0,mariadb_target_000475;mariadb_target_001836
mariadb_griffin_r2,mariadb,2,root/mariadb/sql/item_func.cc:462:0:1,/root/mariadb/sql/item_func.cc,462,462,0,0,mariadb_target_000475;mariadb_target_001836
mariadb_griffin_r2,mariadb,2,root/mariadb/sql/item_func.h:412:0:0,/root/mariadb/sql/item_func.h,412,412,1130,1,mariadb_target_000527;mariadb_target_001899
mariadb_griffin_r2,mariadb,2,root/mariadb/sql/item_func.h:412:0:1,/root/mariadb/sql/item_func.h,412,412,71713,1,mariadb_target_000527;mariadb_target_001899
mariadb_griffin_r2,mariadb,2,root/mariadb/sql/item_func.h:414:0:0,/root/mariadb/sql/item_func.h,414,414,25125,1,mariadb_target_000527;mariadb_target_001899
mariadb_griffin_r2,mariadb,2,root/mariadb/sql/item_func.h:414:0:1,/root/mariadb/sql/item_func.h,414,414,46588,1,mariadb_target_000527;mariadb_target_001899
mariadb_griffin_r2,mariadb,2,root/mariadb/sql/item_func.h:415:0:0,/root/mariadb/sql/item_func.h,415,415,14014,1,mariadb_target_000527;mariadb_target_001899
mariadb_griffin_r2,mariadb,2,root/mariadb/sql/item_func.h:415:0:1,/root/mariadb/sql/item_func.h,415,415,32574,1,mariadb_target_000527;mariadb_target_001899
mariadb_griffin_r2,mariadb,2,root/mariadb/sql/item_func.h:590:0:0,/root/mariadb/sql/item_func.h,590,590,0,0,mariadb_target_000543;mariadb_target_000544;mariadb_target_001924;mariadb_target_001925
mariadb_griffin_r2,mariadb,2,root/mariadb/sql/item_func.h:590:0:1,/root/mariadb/sql/item_func.h,590,590,0,0,mariadb_target_000543;mariadb_target_000544;mariadb_target_001924;mariadb_target_001925
mariadb_griffin_r2,mariadb,2,root/mariadb/sql/item_func.h:597:0:0,/root/mariadb/sql/item_func.h,597,597,0,0,mariadb_target_000544;mariadb_target_000545;mariadb_target_001925;mariadb_target_001926
mariadb_griffin_r2,mariadb,2,root/mariadb/sql/item_func.h:597:0:1,/root/mariadb/sql/item_func.h,597,597,0,0,mariadb_target_000544;mariadb_target_000545;mariadb_target_001925;mariadb_target_001926
mariadb_griffin_r2,mariadb,2,root/mariadb/sql/item_func.h:759:0:0,/root/mariadb/sql/item_func.h,759,759,0,0,mariadb_target_000561;mariadb_target_001943;mariadb_target_001944
mariadb_griffin_r2,mariadb,2,root/mariadb/sql/item_func.h:759:0:1,/root/mariadb/sql/item_func.h,759,759,0,0,mariadb_target_000561;mariadb_target_001943;mariadb_target_001944
mariadb_griffin_r2,mariadb,2,root/mariadb/sql/item_func.h:791:0:0,/root/mariadb/sql/item_func.h,791,791,0,0,mariadb_target_000564;mariadb_target_001947;mariadb_target_001948
mariadb_griffin_r2,mariadb,2,root/mariadb/sql/item_func.h:791:0:1,/root/mariadb/sql/item_func.h,791,791,68,1,mariadb_target_000564;mariadb_target_001947;mariadb_target_001948
mariadb_griffin_r2,mariadb,2,root/mariadb/sql/item_func.h:802:0:0,/root/mariadb/sql/item_func.h,802,802,2236,1,mariadb_target_000564;mariadb_target_000565;mariadb_target_000566;mariadb_target_001947;mariadb_target_001949;mariadb_target_001950
mariadb_griffin_r2,mariadb,2,root/mariadb/sql/item_func.h:802:0:1,/root/mariadb/sql/item_func.h,802,802,0,0,mariadb_target_000564;mariadb_target_000565;mariadb_target_000566;mariadb_target_001947;mariadb_target_001949;mariadb_target_001950
mariadb_griffin_r2,mariadb,2,root/mariadb/sql/item_func.h:1455:0:0,/root/mariadb/sql/item_func.h,1455,1455,0,0,mariadb_target_000483;mariadb_target_001845
mariadb_griffin_r2,mariadb,2,root/mariadb/sql/item_func.h:1455:0:1,/root/mariadb/sql/item_func.h,1455,1455,0,0,mariadb_target_000483;mariadb_target_001845
mariadb_griffin_r2,mariadb,2,root/mariadb/sql/item_func.h:1564:0:0,/root/mariadb/sql/item_func.h,1564,1564,128,1,mariadb_target_000486;mariadb_target_001849
mariadb_griffin_r2,mariadb,2,root/mariadb/sql/item_func.h:1564:0:1,/root/mariadb/sql/item_func.h,1564,1564,167,1,mariadb_target_000486;mariadb_target_001849
mariadb_griffin_r2,mariadb,2,root/mariadb/sql/item_func.h:1564:1:2,/root/mariadb/sql/item_func.h,1564,1564,0,0,mariadb_target_000486;mariadb_target_001849
mariadb_griffin_r2,mariadb,2,root/mariadb/sql/item_func.h:1564:1:3,/root/mariadb/sql/item_func.h,1564,1564,295,1,mariadb_target_000486;mariadb_target_001849
mariadb_griffin_r2,mariadb,2,root/mariadb/sql/item_func.h:1564:2:4,/root/mariadb/sql/item_func.h,1564,1564,0,0,mariadb_target_000486;mariadb_target_001849
mariadb_griffin_r2,mariadb,2,root/mariadb/sql/item_func.h:1564:2:5,/root/mariadb/sql/item_func.h,1564,1564,128,1,mariadb_target_000486;mariadb_target_001849
mariadb_griffin_r2,mariadb,2,root/mariadb/sql/item_func.h:1709:0:0,/root/mariadb/sql/item_func.h,1709,1709,0,0,mariadb_target_000492;mariadb_target_001856;mariadb_target_001857
mariadb_griffin_r2,mariadb,2,root/mariadb/sql/item_func.h:1709:0:1,/root/mariadb/sql/item_func.h,1709,1709,0,0,mariadb_target_000492;mariadb_target_001856;mariadb_target_001857
mariadb_griffin_r2,mariadb,2,root/mariadb/sql/item_func.h:2604:0:0,/root/mariadb/sql/item_func.h,2604,2604,0,0,mariadb_target_000505;mariadb_target_001872
mariadb_griffin_r2,mariadb,2,root/mariadb/sql/item_func.h:2604:0:1,/root/mariadb/sql/item_func.h,2604,2604,0,0,mariadb_target_000505;mariadb_target_001872
mariadb_griffin_r2,mariadb,2,root/mariadb/sql/item_func.h:3068:0:0,/root/mariadb/sql/item_func.h,3068,3068,0,0,mariadb_target_000515;mariadb_target_001882
mariadb_griffin_r2,mariadb,2,root/mariadb/sql/item_func.h:3068:0:1,/root/mariadb/sql/item_func.h,3068,3068,3,1,mariadb_target_000515;mariadb_target_001882
mariadb_griffin_r2,mariadb,2,root/mariadb/sql/item_func.h:3957:0:0,/root/mariadb/sql/item_func.h,3957,3957,81,1,mariadb_target_000523;mariadb_target_001892;mariadb_target_001893
mariadb_griffin_r2,mariadb,2,root/mariadb/sql/item_func.h:3957:0:1,/root/mariadb/sql/item_func.h,3957,3957,0,0,mariadb_target_000523;mariadb_target_001892;mariadb_target_001893
mariadb_griffin_r2,mariadb,2,root/mariadb/sql/item_func.h:3957:1:2,/root/mariadb/sql/item_func.h,3957,3957,0,0,mariadb_target_000523;mariadb_target_001892;mariadb_target_001893
mariadb_griffin_r2,mariadb,2,root/mariadb/sql/item_func.h:3957:1:3,/root/mariadb/sql/item_func.h,3957,3957,81,1,mariadb_target_000523;mariadb_target_001892;mariadb_target_001893
mariadb_griffin_r2,mariadb,2,root/mariadb/sql/item_func.h:4356:0:0,/root/mariadb/sql/item_func.h,4356,4356,0,0,mariadb_target_000529;mariadb_target_001902
mariadb_griffin_r2,mariadb,2,root/mariadb/sql/item_func.h:4356:0:1,/root/mariadb/sql/item_func.h,4356,4356,1,1,mariadb_target_000529;mariadb_target_001902
mariadb_griffin_r2,mariadb,2,root/mariadb/sql/item_func.h:4363:0:0,/root/mariadb/sql/item_func.h,4363,4363,0,0,mariadb_target_000530;mariadb_target_001903
mariadb_griffin_r2,mariadb,2,root/mariadb/sql/item_func.h:4363:0:1,/root/mariadb/sql/item_func.h,4363,4363,0,0,mariadb_target_000530;mariadb_target_001903
mariadb_griffin_r2,mariadb,2,root/mariadb/sql/item_func.h:4370:0:0,/root/mariadb/sql/item_func.h,4370,4370,0,0,mariadb_target_000531;mariadb_target_001904;mariadb_target_001905
mariadb_griffin_r2,mariadb,2,root/mariadb/sql/item_func.h:4370:0:1,/root/mariadb/sql/item_func.h,4370,4370,0,0,mariadb_target_000531;mariadb_target_001904;mariadb_target_001905
mariadb_griffin_r2,mariadb,2,root/mariadb/sql/item_func.h:4377:0:0,/root/mariadb/sql/item_func.h,4377,4377,0,0,mariadb_target_001905
mariadb_griffin_r2,mariadb,2,root/mariadb/sql/item_func.h:4377:0:1,/root/mariadb/sql/item_func.h,4377,4377,0,0,mariadb_target_001905
mariadb_griffin_r2,mariadb,2,root/mariadb/sql/item_func.h:4388:0:0,/root/mariadb/sql/item_func.h,4388,4388,4,1,mariadb_target_000532;mariadb_target_001906
mariadb_griffin_r2,mariadb,2,root/mariadb/sql/item_func.h:4388:0:1,/root/mariadb/sql/item_func.h,4388,4388,11,1,mariadb_target_000532;mariadb_target_001906
mariadb_griffin_r2,mariadb,2,root/mariadb/sql/item_func.h:4403:0:0,/root/mariadb/sql/item_func.h,4403,4403,0,0,mariadb_target_000533;mariadb_target_001907;mariadb_target_001908
mariadb_griffin_r2,mariadb,2,root/mariadb/sql/item_func.h:4403:0:1,/root/mariadb/sql/item_func.h,4403,4403,0,0,mariadb_target_000533;mariadb_target_001907;mariadb_target_001908
mariadb_griffin_r2,mariadb,2,root/mariadb/sql/item_func.h:4410:0:0,/root/mariadb/sql/item_func.h,4410,4410,0,0,mariadb_target_001908
mariadb_griffin_r2,mariadb,2,root/mariadb/sql/item_func.h:4410:0:1,/root/mariadb/sql/item_func.h,4410,4410,0,0,mariadb_target_001908
mariadb_griffin_r2,mariadb,2,root/mariadb/sql/item_func.h:4412:0:0,/root/mariadb/sql/item_func.h,4412,4412,0,0,mariadb_target_001908
mariadb_griffin_r2,mariadb,2,root/mariadb/sql/item_func.h:4412:0:1,/root/mariadb/sql/item_func.h,4412,4412,0,0,mariadb_target_001908
mariadb_griffin_r2,mariadb,2,root/mariadb/sql/item_func.h:4646:0:0,/root/mariadb/sql/item_func.h,4646,4646,0,0,mariadb_target_000539;mariadb_target_001916;mariadb_target_001917
mariadb_griffin_r2,mariadb,2,root/mariadb/sql/item_func.h:4646:0:1,/root/mariadb/sql/item_func.h,4646,4646,0,0,mariadb_target_000539;mariadb_target_001916;mariadb_target_001917
mariadb_griffin_r2,mariadb,2,root/mariadb/sql/item_func.h:4646:1:2,/root/mariadb/sql/item_func.h,4646,4646,0,0,mariadb_target_000539;mariadb_target_001916;mariadb_target_001917
mariadb_griffin_r2,mariadb,2,root/mariadb/sql/item_func.h:4646:1:3,/root/mariadb/sql/item_func.h,4646,4646,0,0,mariadb_target_000539;mariadb_target_001916;mariadb_target_001917
mariadb_griffin_r2,mariadb,2,root/mariadb/sql/item_func.h:4647:0:0,/root/mariadb/sql/item_func.h,4647,4647,0,0,mariadb_target_000539;mariadb_target_001916;mariadb_target_001917
mariadb_griffin_r2,mariadb,2,root/mariadb/sql/item_func.h:4647:0:1,/root/mariadb/sql/item_func.h,4647,4647,0,0,mariadb_target_000539;mariadb_target_001916;mariadb_target_001917
mariadb_griffin_r2,mariadb,2,root/mariadb/sql/item_func.h:4653:0:0,/root/mariadb/sql/item_func.h,4653,4653,0,0,mariadb_target_000540;mariadb_target_001918;mariadb_target_001919;mariadb_target_001920
mariadb_griffin_r2,mariadb,2,root/mariadb/sql/item_func.h:4653:0:1,/root/mariadb/sql/item_func.h,4653,4653,0,0,mariadb_target_000540;mariadb_target_001918;mariadb_target_001919;mariadb_target_001920
mariadb_griffin_r2,mariadb,2,root/mariadb/sql/item_geofunc.cc:1013:0:0,/root/mariadb/sql/item_geofunc.cc,1013,1013,0,0,mariadb_target_001961
mariadb_griffin_r2,mariadb,2,root/mariadb/sql/item_geofunc.cc:1013:0:1,/root/mariadb/sql/item_geofunc.cc,1013,1013,0,0,mariadb_target_001961
mariadb_griffin_r2,mariadb,2,root/mariadb/sql/item_geofunc.cc:1019:0:0,/root/mariadb/sql/item_geofunc.cc,1019,1019,0,0,mariadb_target_001961;mariadb_target_001962
mariadb_griffin_r2,mariadb,2,root/mariadb/sql/item_geofunc.cc:1019:0:1,/root/mariadb/sql/item_geofunc.cc,1019,1019,0,0,mariadb_target_001961;mariadb_target_001962
mariadb_griffin_r2,mariadb,2,root/mariadb/sql/item_geofunc.cc:1019:1:2,/root/mariadb/sql/item_geofunc.cc,1019,1019,0,0,mariadb_target_001961;mariadb_target_001962
mariadb_griffin_r2,mariadb,2,root/mariadb/sql/item_geofunc.cc:1019:1:3,/root/mariadb/sql/item_geofunc.cc,1019,1019,0,0,mariadb_target_001961;mariadb_target_001962
mariadb_griffin_r2,mariadb,2,root/mariadb/sql/item_geofunc.cc:1032:0:0,/root/mariadb/sql/item_geofunc.cc,1032,1032,0,0,mariadb_target_001961
mariadb_griffin_r2,mariadb,2,root/mariadb/sql/item_geofunc.cc:1032:0:1,/root/mariadb/sql/item_geofunc.cc,1032,1032,0,0,mariadb_target_001961
mariadb_griffin_r2,mariadb,2,root/mariadb/sql/item_geofunc.cc:1032:1:2,/root/mariadb/sql/item_geofunc.cc,1032,1032,0,0,mariadb_target_001961
mariadb_griffin_r2,mariadb,2,root/mariadb/sql/item_geofunc.cc:1032:1:3,/root/mariadb/sql/item_geofunc.cc,1032,1032,0,0,mariadb_target_001961
mariadb_griffin_r2,mariadb,2,root/mariadb/sql/item_geofunc.cc:1033:0:0,/root/mariadb/sql/item_geofunc.cc,1033,1033,0,0,mariadb_target_001961
mariadb_griffin_r2,mariadb,2,root/mariadb/sql/item_geofunc.cc:1033:0:1,/root/mariadb/sql/item_geofunc.cc,1033,1033,0,0,mariadb_target_001961
mariadb_griffin_r2,mariadb,2,root/mariadb/sql/item_geofunc.cc:2051:0:0,/root/mariadb/sql/item_geofunc.cc,2051,2051,0,0,mariadb_target_000577;mariadb_target_001965
mariadb_griffin_r2,mariadb,2,root/mariadb/sql/item_geofunc.cc:2051:0:1,/root/mariadb/sql/item_geofunc.cc,2051,2051,0,0,mariadb_target_000577;mariadb_target_001965
mariadb_griffin_r2,mariadb,2,root/mariadb/sql/item_geofunc.cc:2052:0:0,/root/mariadb/sql/item_geofunc.cc,2052,2052,0,0,mariadb_target_000577;mariadb_target_001965
mariadb_griffin_r2,mariadb,2,root/mariadb/sql/item_geofunc.cc:2052:0:1,/root/mariadb/sql/item_geofunc.cc,2052,2052,0,0,mariadb_target_000577;mariadb_target_001965
mariadb_griffin_r2,mariadb,2,root/mariadb/sql/item_geofunc.cc:2515:0:0,/root/mariadb/sql/item_geofunc.cc,2515,2515,0,0,mariadb_target_000584;mariadb_target_001972
mariadb_griffin_r2,mariadb,2,root/mariadb/sql/item_geofunc.cc:2515:0:1,/root/mariadb/sql/item_geofunc.cc,2515,2515,0,0,mariadb_target_000584;mariadb_target_001972
mariadb_griffin_r2,mariadb,2,root/mariadb/sql/item_geofunc.cc:3232:0:0,/root/mariadb/sql/item_geofunc.cc,3232,3232,0,0,mariadb_target_000587;mariadb_target_001975
mariadb_griffin_r2,mariadb,2,root/mariadb/sql/item_geofunc.cc:3232:0:1,/root/mariadb/sql/item_geofunc.cc,3232,3232,0,0,mariadb_target_000587;mariadb_target_001975
mariadb_griffin_r2,mariadb,2,root/mariadb/sql/item_geofunc.h:624:0:0,/root/mariadb/sql/item_geofunc.h,624,624,0,0,mariadb_target_000600;mariadb_target_001988
mariadb_griffin_r2,mariadb,2,root/mariadb/sql/item_geofunc.h:624:0:1,/root/mariadb/sql/item_geofunc.h,624,624,0,0,mariadb_target_000600;mariadb_target_001988
mariadb_griffin_r2,mariadb,2,root/mariadb/sql/item_geofunc.h:626:0:0,/root/mariadb/sql/item_geofunc.h,626,626,0,0,mariadb_target_000600;mariadb_target_001988
mariadb_griffin_r2,mariadb,2,root/mariadb/sql/item_geofunc.h:626:0:1,/root/mariadb/sql/item_geofunc.h,626,626,0,0,mariadb_target_000600;mariadb_target_001988
mariadb_griffin_r2,mariadb,2,root/mariadb/sql/item_jsonfunc.h:910:0:0,/root/mariadb/sql/item_jsonfunc.h,910,910,0,0,mariadb_target_000603;mariadb_target_001999;mariadb_target_002000
mariadb_griffin_r2,mariadb,2,root/mariadb/sql/item_jsonfunc.h:910:0:1,/root/mariadb/sql/item_jsonfunc.h,910,910,0,0,mariadb_target_000603;mariadb_target_001999;mariadb_target_002000
mariadb_griffin_r2,mariadb,2,root/mariadb/sql/item_jsonfunc.h:1043:0:0,/root/mariadb/sql/item_jsonfunc.h,1043,1043,0,0,mariadb_target_000601;mariadb_target_001997
mariadb_griffin_r2,mariadb,2,root/mariadb/sql/item_jsonfunc.h:1043:0:1,/root/mariadb/sql/item_jsonfunc.h,1043,1043,0,0,mariadb_target_000601;mariadb_target_001997
mariadb_griffin_r2,mariadb,2,root/mariadb/sql/item_jsonfunc.h:1045:0:0,/root/mariadb/sql/item_jsonfunc.h,1045,1045,0,0,mariadb_target_000601;mariadb_target_001997
mariadb_griffin_r2,mariadb,2,root/mariadb/sql/item_jsonfunc.h:1045:0:1,/root/mariadb/sql/item_jsonfunc.h,1045,1045,0,0,mariadb_target_000601;mariadb_target_001997
mariadb_griffin_r2,mariadb,2,root/mariadb/sql/item_jsonfunc.h:1087:0:0,/root/mariadb/sql/item_jsonfunc.h,1087,1087,0,0,mariadb_target_000602;mariadb_target_001998
mariadb_griffin_r2,mariadb,2,root/mariadb/sql/item_jsonfunc.h:1087:0:1,/root/mariadb/sql/item_jsonfunc.h,1087,1087,0,0,mariadb_target_000602;mariadb_target_001998
mariadb_griffin_r2,mariadb,2,root/mariadb/sql/item_jsonfunc.h:1089:0:0,/root/mariadb/sql/item_jsonfunc.h,1089,1089,0,0,mariadb_target_000602;mariadb_target_001998
mariadb_griffin_r2,mariadb,2,root/mariadb/sql/item_jsonfunc.h:1089:0:1,/root/mariadb/sql/item_jsonfunc.h,1089,1089,0,0,mariadb_target_000602;mariadb_target_001998
mariadb_griffin_r2,mariadb,2,root/mariadb/sql/item_numconvfunc.cc:3290:0:0,/root/mariadb/sql/item_numconvfunc.cc,3290,3290,0,0,mariadb_target_000620;mariadb_target_002018
mariadb_griffin_r2,mariadb,2,root/mariadb/sql/item_numconvfunc.cc:3290:0:1,/root/mariadb/sql/item_numconvfunc.cc,3290,3290,0,0,mariadb_target_000620;mariadb_target_002018
mariadb_griffin_r2,mariadb,2,root/mariadb/sql/item_strfunc.h:422:0:0,/root/mariadb/sql/item_strfunc.h,422,422,0,0,mariadb_target_000652;mariadb_target_002063
mariadb_griffin_r2,mariadb,2,root/mariadb/sql/item_strfunc.h:422:0:1,/root/mariadb/sql/item_strfunc.h,422,422,0,0,mariadb_target_000652;mariadb_target_002063
mariadb_griffin_r2,mariadb,2,root/mariadb/sql/item_strfunc.h:566:0:0,/root/mariadb/sql/item_strfunc.h,566,566,0,0,mariadb_target_000655;mariadb_target_000656;mariadb_target_002066;mariadb_target_002067
mariadb_griffin_r2,mariadb,2,root/mariadb/sql/item_strfunc.h:566:0:1,/root/mariadb/sql/item_strfunc.h,566,566,0,0,mariadb_target_000655;mariadb_target_000656;mariadb_target_002066;mariadb_target_002067
mariadb_griffin_r2,mariadb,2,root/mariadb/sql/item_strfunc.h:847:0:0,/root/mariadb/sql/item_strfunc.h,847,847,0,0,mariadb_target_000661;mariadb_target_002072
mariadb_griffin_r2,mariadb,2,root/mariadb/sql/item_strfunc.h:847:0:1,/root/mariadb/sql/item_strfunc.h,847,847,0,0,mariadb_target_000661;mariadb_target_002072
mariadb_griffin_r2,mariadb,2,root/mariadb/sql/item_strfunc.h:2102:0:0,/root/mariadb/sql/item_strfunc.h,2102,2102,0,0,mariadb_target_000642;mariadb_target_002048;mariadb_target_002049
mariadb_griffin_r2,mariadb,2,root/mariadb/sql/item_strfunc.h:2102:0:1,/root/mariadb/sql/item_strfunc.h,2102,2102,0,0,mariadb_target_000642;mariadb_target_002048;mariadb_target_002049
mariadb_griffin_r2,mariadb,2,root/mariadb/sql/item_strfunc.h:2102:1:2,/root/mariadb/sql/item_strfunc.h,2102,2102,0,0,mariadb_target_000642;mariadb_target_002048;mariadb_target_002049
mariadb_griffin_r2,mariadb,2,root/mariadb/sql/item_strfunc.h:2102:1:3,/root/mariadb/sql/item_strfunc.h,2102,2102,0,0,mariadb_target_000642;mariadb_target_002048;mariadb_target_002049
mariadb_griffin_r2,mariadb,2,root/mariadb/sql/item_strfunc.h:2106:0:0,/root/mariadb/sql/item_strfunc.h,2106,2106,0,0,mariadb_target_000643;mariadb_target_002049;mariadb_target_002050
mariadb_griffin_r2,mariadb,2,root/mariadb/sql/item_strfunc.h:2106:0:1,/root/mariadb/sql/item_strfunc.h,2106,2106,0,0,mariadb_target_000643;mariadb_target_002049;mariadb_target_002050
mariadb_griffin_r2,mariadb,2,root/mariadb/sql/item_strfunc.h:2106:1:2,/root/mariadb/sql/item_strfunc.h,2106,2106,0,0,mariadb_target_000643;mariadb_target_002049;mariadb_target_002050
mariadb_griffin_r2,mariadb,2,root/mariadb/sql/item_strfunc.h:2106:1:3,/root/mariadb/sql/item_strfunc.h,2106,2106,0,0,mariadb_target_000643;mariadb_target_002049;mariadb_target_002050
mariadb_griffin_r2,mariadb,2,root/mariadb/sql/item_strfunc.h:2359:0:0,/root/mariadb/sql/item_strfunc.h,2359,2359,0,0,mariadb_target_000645;mariadb_target_002055
mariadb_griffin_r2,mariadb,2,root/mariadb/sql/item_strfunc.h:2359:0:1,/root/mariadb/sql/item_strfunc.h,2359,2359,0,0,mariadb_target_000645;mariadb_target_002055
mariadb_griffin_r2,mariadb,2,root/mariadb/sql/item_subselect.cc:149:0:0,/root/mariadb/sql/item_subselect.cc,149,149,725,1,mariadb_target_000665;mariadb_target_002076
mariadb_griffin_r2,mariadb,2,root/mariadb/sql/item_subselect.cc:149:0:1,/root/mariadb/sql/item_subselect.cc,149,149,57045,1,mariadb_target_000665;mariadb_target_002076
mariadb_griffin_r2,mariadb,2,root/mariadb/sql/item_subselect.cc:1043:0:0,/root/mariadb/sql/item_subselect.cc,1043,1043,262425,1,mariadb_target_000663;mariadb_target_002074
mariadb_griffin_r2,mariadb,2,root/mariadb/sql/item_subselect.cc:1043:0:1,/root/mariadb/sql/item_subselect.cc,1043,1043,7479,1,mariadb_target_000663;mariadb_target_002074
mariadb_griffin_r2,mariadb,2,root/mariadb/sql/item_subselect.cc:1046:0:0,/root/mariadb/sql/item_subselect.cc,1046,1046,196670,1,mariadb_target_000663;mariadb_target_002074
mariadb_griffin_r2,mariadb,2,root/mariadb/sql/item_subselect.cc:1046:0:1,/root/mariadb/sql/item_subselect.cc,1046,1046,65755,1,mariadb_target_000663;mariadb_target_002074
mariadb_griffin_r2,mariadb,2,root/mariadb/sql/item_subselect.cc:1059:0:0,/root/mariadb/sql/item_subselect.cc,1059,1059,0,0,mariadb_target_000664;mariadb_target_002075
mariadb_griffin_r2,mariadb,2,root/mariadb/sql/item_subselect.cc:1059:0:1,/root/mariadb/sql/item_subselect.cc,1059,1059,181,1,mariadb_target_000664;mariadb_target_002075
mariadb_griffin_r2,mariadb,2,root/mariadb/sql/item_subselect.cc:1062:0:0,/root/mariadb/sql/item_subselect.cc,1062,1062,0,0,mariadb_target_000664;mariadb_target_002075
mariadb_griffin_r2,mariadb,2,root/mariadb/sql/item_subselect.cc:1062:0:1,/root/mariadb/sql/item_subselect.cc,1062,1062,0,0,mariadb_target_000664;mariadb_target_002075
mariadb_griffin_r2,mariadb,2,root/mariadb/sql/item_subselect.cc:1062:1:2,/root/mariadb/sql/item_subselect.cc,1062,1062,0,0,mariadb_target_000664;mariadb_target_002075
mariadb_griffin_r2,mariadb,2,root/mariadb/sql/item_subselect.cc:1062:1:3,/root/mariadb/sql/item_subselect.cc,1062,1062,0,0,mariadb_target_000664;mariadb_target_002075
mariadb_griffin_r2,mariadb,2,root/mariadb/sql/item_sum.cc:519:0:0,/root/mariadb/sql/item_sum.cc,519,519,484,1,mariadb_target_000734;mariadb_target_002223
mariadb_griffin_r2,mariadb,2,root/mariadb/sql/item_sum.cc:519:0:1,/root/mariadb/sql/item_sum.cc,519,519,0,0,mariadb_target_000734;mariadb_target_002223
mariadb_griffin_r2,mariadb,2,root/mariadb/sql/item_sum.cc:541:0:0,/root/mariadb/sql/item_sum.cc,541,541,0,0,mariadb_target_000735;mariadb_target_002224
mariadb_griffin_r2,mariadb,2,root/mariadb/sql/item_sum.cc:541:0:1,/root/mariadb/sql/item_sum.cc,541,541,0,0,mariadb_target_000735;mariadb_target_002224
mariadb_griffin_r2,mariadb,2,root/mariadb/sql/item_sum.cc:548:0:0,/root/mariadb/sql/item_sum.cc,548,548,2001,1,mariadb_target_000735;mariadb_target_002224
mariadb_griffin_r2,mariadb,2,root/mariadb/sql/item_sum.cc:548:0:1,/root/mariadb/sql/item_sum.cc,548,548,0,0,mariadb_target_000735;mariadb_target_002224
mariadb_griffin_r2,mariadb,2,root/mariadb/sql/item_sum.cc:551:0:0,/root/mariadb/sql/item_sum.cc,551,551,2004,1,mariadb_target_000735;mariadb_target_002224
mariadb_griffin_r2,mariadb,2,root/mariadb/sql/item_sum.cc:551:0:1,/root/mariadb/sql/item_sum.cc,551,551,2001,1,mariadb_target_000735;mariadb_target_002224
mariadb_griffin_r2,mariadb,2,root/mariadb/sql/item_sum.cc:608:0:0,/root/mariadb/sql/item_sum.cc,608,608,331,1,mariadb_target_000736;mariadb_target_002225
mariadb_griffin_r2,mariadb,2,root/mariadb/sql/item_sum.cc:608:0:1,/root/mariadb/sql/item_sum.cc,608,608,0,0,mariadb_target_000736;mariadb_target_002225
mariadb_griffin_r2,mariadb,2,root/mariadb/sql/item_sum.cc:614:0:0,/root/mariadb/sql/item_sum.cc,614,614,331,1,mariadb_target_000736;mariadb_target_002225
mariadb_griffin_r2,mariadb,2,root/mariadb/sql/item_sum.cc:614:0:1,/root/mariadb/sql/item_sum.cc,614,614,1263,1,mariadb_target_000736;mariadb_target_002225
mariadb_griffin_r2,mariadb,2,root/mariadb/sql/item_sum.cc:938:0:0,/root/mariadb/sql/item_sum.cc,938,938,0,0,mariadb_target_000737;mariadb_target_002226
mariadb_griffin_r2,mariadb,2,root/mariadb/sql/item_sum.cc:938:0:1,/root/mariadb/sql/item_sum.cc,938,938,0,0,mariadb_target_000737;mariadb_target_002226
mariadb_griffin_r2,mariadb,2,root/mariadb/sql/item_sum.cc:976:0:0,/root/mariadb/sql/item_sum.cc,976,976,0,0,mariadb_target_000738;mariadb_target_002227
mariadb_griffin_r2,mariadb,2,root/mariadb/sql/item_sum.cc:976:0:1,/root/mariadb/sql/item_sum.cc,976,976,0,0,mariadb_target_000738;mariadb_target_002227
mariadb_griffin_r2,mariadb,2,root/mariadb/sql/item_sum.cc:979:0:0,/root/mariadb/sql/item_sum.cc,979,979,0,0,mariadb_target_000738;mariadb_target_002227
mariadb_griffin_r2,mariadb,2,root/mariadb/sql/item_sum.cc:979:0:1,/root/mariadb/sql/item_sum.cc,979,979,0,0,mariadb_target_000738;mariadb_target_002227
mariadb_griffin_r2,mariadb,2,root/mariadb/sql/item_sum.cc:1114:0:0,/root/mariadb/sql/item_sum.cc,1114,1114,0,0,mariadb_target_000670;mariadb_target_002081;mariadb_target_002082
mariadb_griffin_r2,mariadb,2,root/mariadb/sql/item_sum.cc:1114:0:1,/root/mariadb/sql/item_sum.cc,1114,1114,727,1,mariadb_target_000670;mariadb_target_002081;mariadb_target_002082
mariadb_griffin_r2,mariadb,2,root/mariadb/sql/item_sum.cc:1120:0:0,/root/mariadb/sql/item_sum.cc,1120,1120,727,1,mariadb_target_002082;mariadb_target_002083
mariadb_griffin_r2,mariadb,2,root/mariadb/sql/item_sum.cc:1120:0:1,/root/mariadb/sql/item_sum.cc,1120,1120,689,1,mariadb_target_002082;mariadb_target_002083
mariadb_griffin_r2,mariadb,2,root/mariadb/sql/item_sum.cc:1122:0:0,/root/mariadb/sql/item_sum.cc,1122,1122,38,1,mariadb_target_002082;mariadb_target_002083
mariadb_griffin_r2,mariadb,2,root/mariadb/sql/item_sum.cc:1122:0:1,/root/mariadb/sql/item_sum.cc,1122,1122,689,1,mariadb_target_002082;mariadb_target_002083
mariadb_griffin_r2,mariadb,2,root/mariadb/sql/item_sum.cc:1124:0:0,/root/mariadb/sql/item_sum.cc,1124,1124,58,1,mariadb_target_002082;mariadb_target_002083;mariadb_target_002084
mariadb_griffin_r2,mariadb,2,root/mariadb/sql/item_sum.cc:1124:0:1,/root/mariadb/sql/item_sum.cc,1124,1124,631,1,mariadb_target_002082;mariadb_target_002083;mariadb_target_002084
mariadb_griffin_r2,mariadb,2,root/mariadb/sql/item_sum.cc:1131:0:0,/root/mariadb/sql/item_sum.cc,1131,1131,0,0,mariadb_target_002082;mariadb_target_002084;mariadb_target_002085;mariadb_target_002086
mariadb_griffin_r2,mariadb,2,root/mariadb/sql/item_sum.cc:1131:0:1,/root/mariadb/sql/item_sum.cc,1131,1131,689,1,mariadb_target_002082;mariadb_target_002084;mariadb_target_002085;mariadb_target_002086
mariadb_griffin_r2,mariadb,2,root/mariadb/sql/item_sum.cc:1132:0:0,/root/mariadb/sql/item_sum.cc,1132,1132,0,0,mariadb_target_002082;mariadb_target_002084;mariadb_target_002085;mariadb_target_002086
mariadb_griffin_r2,mariadb,2,root/mariadb/sql/item_sum.cc:1132:0:1,/root/mariadb/sql/item_sum.cc,1132,1132,689,1,mariadb_target_002082;mariadb_target_002084;mariadb_target_002085;mariadb_target_002086
mariadb_griffin_r2,mariadb,2,root/mariadb/sql/item_sum.cc:1135:0:0,/root/mariadb/sql/item_sum.cc,1135,1135,689,1,mariadb_target_002082;mariadb_target_002085;mariadb_target_002086
mariadb_griffin_r2,mariadb,2,root/mariadb/sql/item_sum.cc:1135:0:1,/root/mariadb/sql/item_sum.cc,1135,1135,0,0,mariadb_target_002082;mariadb_target_002085;mariadb_target_002086
mariadb_griffin_r2,mariadb,2,root/mariadb/sql/item_sum.cc:1148:0:0,/root/mariadb/sql/item_sum.cc,1148,1148,0,0,mariadb_target_000671;mariadb_target_002087
mariadb_griffin_r2,mariadb,2,root/mariadb/sql/item_sum.cc:1148:0:1,/root/mariadb/sql/item_sum.cc,1148,1148,128,1,mariadb_target_000671;mariadb_target_002087
mariadb_griffin_r2,mariadb,2,root/mariadb/sql/item_sum.cc:1157:0:0,/root/mariadb/sql/item_sum.cc,1157,1157,0,0,mariadb_target_002088
mariadb_griffin_r2,mariadb,2,root/mariadb/sql/item_sum.cc:1157:0:1,/root/mariadb/sql/item_sum.cc,1157,1157,99,1,mariadb_target_002088
mariadb_griffin_r2,mariadb,2,root/mariadb/sql/item_sum.cc:1160:0:0,/root/mariadb/sql/item_sum.cc,1160,1160,99,1,mariadb_target_002088
mariadb_griffin_r2,mariadb,2,root/mariadb/sql/item_sum.cc:1160:0:1,/root/mariadb/sql/item_sum.cc,1160,1160,0,0,mariadb_target_002088
mariadb_griffin_r2,mariadb,2,root/mariadb/sql/item_sum.cc:1164:0:0,/root/mariadb/sql/item_sum.cc,1164,1164,0,0,mariadb_target_002088
mariadb_griffin_r2,mariadb,2,root/mariadb/sql/item_sum.cc:1164:0:1,/root/mariadb/sql/item_sum.cc,1164,1164,99,1,mariadb_target_002088
mariadb_griffin_r2,mariadb,2,root/mariadb/sql/item_sum.cc:1309:0:0,/root/mariadb/sql/item_sum.cc,1309,1309,18,1,mariadb_target_000673;mariadb_target_002091;mariadb_target_002092
mariadb_griffin_r2,mariadb,2,root/mariadb/sql/item_sum.cc:1309:0:1,/root/mariadb/sql/item_sum.cc,1309,1309,2,1,mariadb_target_000673;mariadb_target_002091;mariadb_target_002092
mariadb_griffin_r2,mariadb,2,root/mariadb/sql/item_sum.cc:1312:0:0,/root/mariadb/sql/item_sum.cc,1312,1312,18,1,mariadb_target_002092
mariadb_griffin_r2,mariadb,2,root/mariadb/sql/item_sum.cc:1312:0:1,/root/mariadb/sql/item_sum.cc,1312,1312,0,0,mariadb_target_002092
mariadb_griffin_r2,mariadb,2,root/mariadb/sql/item_sum.cc:1355:0:0,/root/mariadb/sql/item_sum.cc,1355,1355,0,0,mariadb_target_000674;mariadb_target_002093;mariadb_target_002094
mariadb_griffin_r2,mariadb,2,root/mariadb/sql/item_sum.cc:1355:0:1,/root/mariadb/sql/item_sum.cc,1355,1355,0,0,mariadb_target_000674;mariadb_target_002093;mariadb_target_002094
mariadb_griffin_r2,mariadb,2,root/mariadb/sql/item_sum.cc:1359:0:0,/root/mariadb/sql/item_sum.cc,1359,1359,0,0,mariadb_target_002094
mariadb_griffin_r2,mariadb,2,root/mariadb/sql/item_sum.cc:1359:0:1,/root/mariadb/sql/item_sum.cc,1359,1359,0,0,mariadb_target_002094
mariadb_griffin_r2,mariadb,2,root/mariadb/sql/item_sum.cc:1361:0:0,/root/mariadb/sql/item_sum.cc,1361,1361,0,0,mariadb_target_002094
mariadb_griffin_r2,mariadb,2,root/mariadb/sql/item_sum.cc:1361:0:1,/root/mariadb/sql/item_sum.cc,1361,1361,0,0,mariadb_target_002094
mariadb_griffin_r2,mariadb,2,root/mariadb/sql/item_sum.cc:1373:0:0,/root/mariadb/sql/item_sum.cc,1373,1373,0,0,mariadb_target_002094
mariadb_griffin_r2,mariadb,2,root/mariadb/sql/item_sum.cc:1373:0:1,/root/mariadb/sql/item_sum.cc,1373,1373,0,0,mariadb_target_002094
mariadb_griffin_r2,mariadb,2,root/mariadb/sql/item_sum.cc:1376:0:0,/root/mariadb/sql/item_sum.cc,1376,1376,0,0,mariadb_target_002094
mariadb_griffin_r2,mariadb,2,root/mariadb/sql/item_sum.cc:1376:0:1,/root/mariadb/sql/item_sum.cc,1376,1376,0,0,mariadb_target_002094
mariadb_griffin_r2,mariadb,2,root/mariadb/sql/item_sum.cc:1379:0:0,/root/mariadb/sql/item_sum.cc,1379,1379,0,0,mariadb_target_002094
mariadb_griffin_r2,mariadb,2,root/mariadb/sql/item_sum.cc:1379:0:1,/root/mariadb/sql/item_sum.cc,1379,1379,0,0,mariadb_target_002094
mariadb_griffin_r2,mariadb,2,root/mariadb/sql/item_sum.cc:1381:0:0,/root/mariadb/sql/item_sum.cc,1381,1381,0,0,mariadb_target_002094
mariadb_griffin_r2,mariadb,2,root/mariadb/sql/item_sum.cc:1381:0:1,/root/mariadb/sql/item_sum.cc,1381,1381,0,0,mariadb_target_002094
mariadb_griffin_r2,mariadb,2,root/mariadb/sql/item_sum.cc:1383:0:0,/root/mariadb/sql/item_sum.cc,1383,1383,0,0,mariadb_target_002094
mariadb_griffin_r2,mariadb,2,root/mariadb/sql/item_sum.cc:1383:0:1,/root/mariadb/sql/item_sum.cc,1383,1383,0,0,mariadb_target_002094
mariadb_griffin_r2,mariadb,2,root/mariadb/sql/item_sum.cc:1390:0:0,/root/mariadb/sql/item_sum.cc,1390,1390,0,0,mariadb_target_002094;mariadb_target_002095
mariadb_griffin_r2,mariadb,2,root/mariadb/sql/item_sum.cc:1390:0:1,/root/mariadb/sql/item_sum.cc,1390,1390,0,0,mariadb_target_002094;mariadb_target_002095
mariadb_griffin_r2,mariadb,2,root/mariadb/sql/item_sum.cc:1393:0:0,/root/mariadb/sql/item_sum.cc,1393,1393,0,0,mariadb_target_002094;mariadb_target_002095
mariadb_griffin_r2,mariadb,2,root/mariadb/sql/item_sum.cc:1393:0:1,/root/mariadb/sql/item_sum.cc,1393,1393,0,0,mariadb_target_002094;mariadb_target_002095
mariadb_griffin_r2,mariadb,2,root/mariadb/sql/item_sum.cc:1396:0:0,/root/mariadb/sql/item_sum.cc,1396,1396,0,0,mariadb_target_002094
mariadb_griffin_r2,mariadb,2,root/mariadb/sql/item_sum.cc:1396:0:1,/root/mariadb/sql/item_sum.cc,1396,1396,0,0,mariadb_target_002094
mariadb_griffin_r2,mariadb,2,root/mariadb/sql/item_sum.cc:1544:0:0,/root/mariadb/sql/item_sum.cc,1544,1544,77,1,mariadb_target_000679;mariadb_target_002101
mariadb_griffin_r2,mariadb,2,root/mariadb/sql/item_sum.cc:1544:0:1,/root/mariadb/sql/item_sum.cc,1544,1544,23,1,mariadb_target_000679;mariadb_target_002101
mariadb_griffin_r2,mariadb,2,root/mariadb/sql/item_sum.cc:1584:0:0,/root/mariadb/sql/item_sum.cc,1584,1584,0,0,mariadb_target_000680;mariadb_target_002102;mariadb_target_002103
mariadb_griffin_r2,mariadb,2,root/mariadb/sql/item_sum.cc:1584:0:1,/root/mariadb/sql/item_sum.cc,1584,1584,412,1,mariadb_target_000680;mariadb_target_002102;mariadb_target_002103
mariadb_griffin_r2,mariadb,2,root/mariadb/sql/item_sum.cc:1725:0:0,/root/mariadb/sql/item_sum.cc,1725,1725,0,0,mariadb_target_000681;mariadb_target_002104
mariadb_griffin_r2,mariadb,2,root/mariadb/sql/item_sum.cc:1725:0:1,/root/mariadb/sql/item_sum.cc,1725,1725,0,0,mariadb_target_000681;mariadb_target_002104
mariadb_griffin_r2,mariadb,2,root/mariadb/sql/item_sum.cc:1727:0:0,/root/mariadb/sql/item_sum.cc,1727,1727,0,0,mariadb_target_000681;mariadb_target_002104
mariadb_griffin_r2,mariadb,2,root/mariadb/sql/item_sum.cc:1727:0:1,/root/mariadb/sql/item_sum.cc,1727,1727,0,0,mariadb_target_000681;mariadb_target_002104
mariadb_griffin_r2,mariadb,2,root/mariadb/sql/item_sum.cc:1736:0:0,/root/mariadb/sql/item_sum.cc,1736,1736,23,1,mariadb_target_000682;mariadb_target_002105
mariadb_griffin_r2,mariadb,2,root/mariadb/sql/item_sum.cc:1736:0:1,/root/mariadb/sql/item_sum.cc,1736,1736,0,0,mariadb_target_000682;mariadb_target_002105
mariadb_griffin_r2,mariadb,2,root/mariadb/sql/item_sum.cc:1738:0:0,/root/mariadb/sql/item_sum.cc,1738,1738,0,0,mariadb_target_000682;mariadb_target_002105
mariadb_griffin_r2,mariadb,2,root/mariadb/sql/item_sum.cc:1738:0:1,/root/mariadb/sql/item_sum.cc,1738,1738,23,1,mariadb_target_000682;mariadb_target_002105
mariadb_griffin_r2,mariadb,2,root/mariadb/sql/item_sum.cc:1746:0:0,/root/mariadb/sql/item_sum.cc,1746,1746,62,1,mariadb_target_000683;mariadb_target_002106;mariadb_target_002107
mariadb_griffin_r2,mariadb,2,root/mariadb/sql/item_sum.cc:1746:0:1,/root/mariadb/sql/item_sum.cc,1746,1746,0,0,mariadb_target_000683;mariadb_target_002106;mariadb_target_002107
mariadb_griffin_r2,mariadb,2,root/mariadb/sql/item_sum.cc:1748:0:0,/root/mariadb/sql/item_sum.cc,1748,1748,62,1,mariadb_target_000683;mariadb_target_002106;mariadb_target_002107
mariadb_griffin_r2,mariadb,2,root/mariadb/sql/item_sum.cc:1748:0:1,/root/mariadb/sql/item_sum.cc,1748,1748,0,0,mariadb_target_000683;mariadb_target_002106;mariadb_target_002107
mariadb_griffin_r2,mariadb,2,root/mariadb/sql/item_sum.cc:1756:0:0,/root/mariadb/sql/item_sum.cc,1756,1756,62,1,mariadb_target_000684;mariadb_target_002108;mariadb_target_002109
mariadb_griffin_r2,mariadb,2,root/mariadb/sql/item_sum.cc:1756:0:1,/root/mariadb/sql/item_sum.cc,1756,1756,0,0,mariadb_target_000684;mariadb_target_002108;mariadb_target_002109
mariadb_griffin_r2,mariadb,2,root/mariadb/sql/item_sum.cc:1758:0:0,/root/mariadb/sql/item_sum.cc,1758,1758,62,1,mariadb_target_000684;mariadb_target_002108;mariadb_target_002109
mariadb_griffin_r2,mariadb,2,root/mariadb/sql/item_sum.cc:1758:0:1,/root/mariadb/sql/item_sum.cc,1758,1758,0,0,mariadb_target_000684;mariadb_target_002108;mariadb_target_002109
mariadb_griffin_r2,mariadb,2,root/mariadb/sql/item_sum.cc:1759:0:0,/root/mariadb/sql/item_sum.cc,1759,1759,29,1,mariadb_target_000684;mariadb_target_002108;mariadb_target_002109
mariadb_griffin_r2,mariadb,2,root/mariadb/sql/item_sum.cc:1759:0:1,/root/mariadb/sql/item_sum.cc,1759,1759,33,1,mariadb_target_000684;mariadb_target_002108;mariadb_target_002109
mariadb_griffin_r2,mariadb,2,root/mariadb/sql/item_sum.cc:1924:0:0,/root/mariadb/sql/item_sum.cc,1924,1924,0,0,mariadb_target_000685;mariadb_target_002110
mariadb_griffin_r2,mariadb,2,root/mariadb/sql/item_sum.cc:1924:0:1,/root/mariadb/sql/item_sum.cc,1924,1924,719,1,mariadb_target_000685;mariadb_target_002110
mariadb_griffin_r2,mariadb,2,root/mariadb/sql/item_sum.cc:1997:0:0,/root/mariadb/sql/item_sum.cc,1997,1997,0,0,mariadb_target_000687;mariadb_target_002112
mariadb_griffin_r2,mariadb,2,root/mariadb/sql/item_sum.cc:1997:0:1,/root/mariadb/sql/item_sum.cc,1997,1997,7,1,mariadb_target_000687;mariadb_target_002112
mariadb_griffin_r2,mariadb,2,root/mariadb/sql/item_sum.cc:2007:0:0,/root/mariadb/sql/item_sum.cc,2007,2007,0,0,mariadb_target_002113
mariadb_griffin_r2,mariadb,2,root/mariadb/sql/item_sum.cc:2007:0:1,/root/mariadb/sql/item_sum.cc,2007,2007,27,1,mariadb_target_002113
mariadb_griffin_r2,mariadb,2,root/mariadb/sql/item_sum.cc:2025:0:0,/root/mariadb/sql/item_sum.cc,2025,2025,0,0,mariadb_target_000688;mariadb_target_002114
mariadb_griffin_r2,mariadb,2,root/mariadb/sql/item_sum.cc:2025:0:1,/root/mariadb/sql/item_sum.cc,2025,2025,0,0,mariadb_target_000688;mariadb_target_002114
mariadb_griffin_r2,mariadb,2,root/mariadb/sql/item_sum.cc:2065:0:0,/root/mariadb/sql/item_sum.cc,2065,2065,0,0,mariadb_target_000689;mariadb_target_002115
mariadb_griffin_r2,mariadb,2,root/mariadb/sql/item_sum.cc:2065:0:1,/root/mariadb/sql/item_sum.cc,2065,2065,0,0,mariadb_target_000689;mariadb_target_002115
mariadb_griffin_r2,mariadb,2,root/mariadb/sql/item_sum.cc:2073:0:0,/root/mariadb/sql/item_sum.cc,2073,2073,7,1,mariadb_target_000689;mariadb_target_002115;mariadb_target_002116
mariadb_griffin_r2,mariadb,2,root/mariadb/sql/item_sum.cc:2073:0:1,/root/mariadb/sql/item_sum.cc,2073,2073,0,0,mariadb_target_000689;mariadb_target_002115;mariadb_target_002116
mariadb_griffin_r2,mariadb,2,root/mariadb/sql/item_sum.cc:2075:0:0,/root/mariadb/sql/item_sum.cc,2075,2075,2,1,mariadb_target_000689;mariadb_target_002115;mariadb_target_002116
mariadb_griffin_r2,mariadb,2,root/mariadb/sql/item_sum.cc:2075:0:1,/root/mariadb/sql/item_sum.cc,2075,2075,5,1,mariadb_target_000689;mariadb_target_002115;mariadb_target_002116
mariadb_griffin_r2,mariadb,2,root/mariadb/sql/item_sum.cc:2089:0:0,/root/mariadb/sql/item_sum.cc,2089,2089,17,1,mariadb_target_000690;mariadb_target_002117;mariadb_target_002118
mariadb_griffin_r2,mariadb,2,root/mariadb/sql/item_sum.cc:2089:0:1,/root/mariadb/sql/item_sum.cc,2089,2089,1,1,mariadb_target_000690;mariadb_target_002117;mariadb_target_002118
mariadb_griffin_r2,mariadb,2,root/mariadb/sql/item_sum.cc:2091:0:0,/root/mariadb/sql/item_sum.cc,2091,2091,12,1,mariadb_target_002118
mariadb_griffin_r2,mariadb,2,root/mariadb/sql/item_sum.cc:2091:0:1,/root/mariadb/sql/item_sum.cc,2091,2091,6,1,mariadb_target_002118
mariadb_griffin_r2,mariadb,2,root/mariadb/sql/item_sum.cc:2101:0:0,/root/mariadb/sql/item_sum.cc,2101,2101,0,0,mariadb_target_002118
mariadb_griffin_r2,mariadb,2,root/mariadb/sql/item_sum.cc:2101:0:1,/root/mariadb/sql/item_sum.cc,2101,2101,6,1,mariadb_target_002118
mariadb_griffin_r2,mariadb,2,root/mariadb/sql/item_sum.cc:2113:0:0,/root/mariadb/sql/item_sum.cc,2113,2113,17,1,mariadb_target_000691;mariadb_target_002119;mariadb_target_002120
mariadb_griffin_r2,mariadb,2,root/mariadb/sql/item_sum.cc:2113:0:1,/root/mariadb/sql/item_sum.cc,2113,2113,1,1,mariadb_target_000691;mariadb_target_002119;mariadb_target_002120
mariadb_griffin_r2,mariadb,2,root/mariadb/sql/item_sum.cc:2115:0:0,/root/mariadb/sql/item_sum.cc,2115,2115,18,1,mariadb_target_000691;mariadb_target_002119;mariadb_target_002120
mariadb_griffin_r2,mariadb,2,root/mariadb/sql/item_sum.cc:2115:0:1,/root/mariadb/sql/item_sum.cc,2115,2115,0,0,mariadb_target_000691;mariadb_target_002119;mariadb_target_002120
mariadb_griffin_r2,mariadb,2,root/mariadb/sql/item_sum.cc:2129:0:0,/root/mariadb/sql/item_sum.cc,2129,2129,0,0,mariadb_target_000692;mariadb_target_002121;mariadb_target_002122
mariadb_griffin_r2,mariadb,2,root/mariadb/sql/item_sum.cc:2129:0:1,/root/mariadb/sql/item_sum.cc,2129,2129,0,0,mariadb_target_000692;mariadb_target_002121;mariadb_target_002122
mariadb_griffin_r2,mariadb,2,root/mariadb/sql/item_sum.cc:2141:0:0,/root/mariadb/sql/item_sum.cc,2141,2141,0,0,mariadb_target_002122
mariadb_griffin_r2,mariadb,2,root/mariadb/sql/item_sum.cc:2141:0:1,/root/mariadb/sql/item_sum.cc,2141,2141,0,0,mariadb_target_002122
mariadb_griffin_r2,mariadb,2,root/mariadb/sql/item_sum.cc:2246:0:0,/root/mariadb/sql/item_sum.cc,2246,2246,0,0,mariadb_target_002124
mariadb_griffin_r2,mariadb,2,root/mariadb/sql/item_sum.cc:2246:0:1,/root/mariadb/sql/item_sum.cc,2246,2246,0,0,mariadb_target_002124
mariadb_griffin_r2,mariadb,2,root/mariadb/sql/item_sum.cc:2269:0:0,/root/mariadb/sql/item_sum.cc,2269,2269,0,0,mariadb_target_000694;mariadb_target_002125
mariadb_griffin_r2,mariadb,2,root/mariadb/sql/item_sum.cc:2269:0:1,/root/mariadb/sql/item_sum.cc,2269,2269,0,0,mariadb_target_000694;mariadb_target_002125
mariadb_griffin_r2,mariadb,2,root/mariadb/sql/item_sum.cc:2303:0:0,/root/mariadb/sql/item_sum.cc,2303,2303,0,0,mariadb_target_000696;mariadb_target_002127
mariadb_griffin_r2,mariadb,2,root/mariadb/sql/item_sum.cc:2303:0:1,/root/mariadb/sql/item_sum.cc,2303,2303,0,0,mariadb_target_000696;mariadb_target_002127
mariadb_griffin_r2,mariadb,2,root/mariadb/sql/item_sum.cc:2322:0:0,/root/mariadb/sql/item_sum.cc,2322,2322,0,0,mariadb_target_002128
mariadb_griffin_r2,mariadb,2,root/mariadb/sql/item_sum.cc:2322:0:1,/root/mariadb/sql/item_sum.cc,2322,2322,0,0,mariadb_target_002128
mariadb_griffin_r2,mariadb,2,root/mariadb/sql/item_sum.cc:2340:0:0,/root/mariadb/sql/item_sum.cc,2340,2340,0,0,mariadb_target_002130;mariadb_target_002131;mariadb_target_002132
mariadb_griffin_r2,mariadb,2,root/mariadb/sql/item_sum.cc:2340:0:1,/root/mariadb/sql/item_sum.cc,2340,2340,0,0,mariadb_target_002130;mariadb_target_002131;mariadb_target_002132
mariadb_griffin_r2,mariadb,2,root/mariadb/sql/item_sum.cc:2371:0:0,/root/mariadb/sql/item_sum.cc,2371,2371,0,0,mariadb_target_002134;mariadb_target_002135
mariadb_griffin_r2,mariadb,2,root/mariadb/sql/item_sum.cc:2371:0:1,/root/mariadb/sql/item_sum.cc,2371,2371,0,0,mariadb_target_002134;mariadb_target_002135
mariadb_griffin_r2,mariadb,2,root/mariadb/sql/item_sum.cc:2431:0:0,/root/mariadb/sql/item_sum.cc,2431,2431,2,1,mariadb_target_000700;mariadb_target_002137;mariadb_target_002138
mariadb_griffin_r2,mariadb,2,root/mariadb/sql/item_sum.cc:2431:0:1,/root/mariadb/sql/item_sum.cc,2431,2431,4,1,mariadb_target_000700;mariadb_target_002137;mariadb_target_002138
mariadb_griffin_r2,mariadb,2,root/mariadb/sql/item_sum.cc:2434:0:0,/root/mariadb/sql/item_sum.cc,2434,2434,0,0,mariadb_target_000701;mariadb_target_002138;mariadb_target_002139
mariadb_griffin_r2,mariadb,2,root/mariadb/sql/item_sum.cc:2434:0:1,/root/mariadb/sql/item_sum.cc,2434,2434,4,1,mariadb_target_000701;mariadb_target_002138;mariadb_target_002139
mariadb_griffin_r2,mariadb,2,root/mariadb/sql/item_sum.cc:2443:0:0,/root/mariadb/sql/item_sum.cc,2443,2443,13,1,mariadb_target_000701;mariadb_target_002139;mariadb_target_002140
mariadb_griffin_r2,mariadb,2,root/mariadb/sql/item_sum.cc:2443:0:1,/root/mariadb/sql/item_sum.cc,2443,2443,15,1,mariadb_target_000701;mariadb_target_002139;mariadb_target_002140
mariadb_griffin_r2,mariadb,2,root/mariadb/sql/item_sum.cc:2446:0:0,/root/mariadb/sql/item_sum.cc,2446,2446,0,0,mariadb_target_002140
mariadb_griffin_r2,mariadb,2,root/mariadb/sql/item_sum.cc:2446:0:1,/root/mariadb/sql/item_sum.cc,2446,2446,15,1,mariadb_target_002140
mariadb_griffin_r2,mariadb,2,root/mariadb/sql/item_sum.cc:2456:0:0,/root/mariadb/sql/item_sum.cc,2456,2456,0,0,mariadb_target_000702;mariadb_target_002141;mariadb_target_002142
mariadb_griffin_r2,mariadb,2,root/mariadb/sql/item_sum.cc:2456:0:1,/root/mariadb/sql/item_sum.cc,2456,2456,0,0,mariadb_target_000702;mariadb_target_002141;mariadb_target_002142
mariadb_griffin_r2,mariadb,2,root/mariadb/sql/item_sum.cc:2459:0:0,/root/mariadb/sql/item_sum.cc,2459,2459,0,0,mariadb_target_002142
mariadb_griffin_r2,mariadb,2,root/mariadb/sql/item_sum.cc:2459:0:1,/root/mariadb/sql/item_sum.cc,2459,2459,0,0,mariadb_target_002142
mariadb_griffin_r2,mariadb,2,root/mariadb/sql/item_sum.cc:2470:0:0,/root/mariadb/sql/item_sum.cc,2470,2470,5,1,mariadb_target_000703;mariadb_target_002143;mariadb_target_002144
mariadb_griffin_r2,mariadb,2,root/mariadb/sql/item_sum.cc:2470:0:1,/root/mariadb/sql/item_sum.cc,2470,2470,7,1,mariadb_target_000703;mariadb_target_002143;mariadb_target_002144
mariadb_griffin_r2,mariadb,2,root/mariadb/sql/item_sum.cc:2473:0:0,/root/mariadb/sql/item_sum.cc,2473,2473,0,0,mariadb_target_002144
mariadb_griffin_r2,mariadb,2,root/mariadb/sql/item_sum.cc:2473:0:1,/root/mariadb/sql/item_sum.cc,2473,2473,7,1,mariadb_target_002144
mariadb_griffin_r2,mariadb,2,root/mariadb/sql/item_sum.cc:2482:0:0,/root/mariadb/sql/item_sum.cc,2482,2482,0,0,mariadb_target_000704;mariadb_target_002145;mariadb_target_002146
mariadb_griffin_r2,mariadb,2,root/mariadb/sql/item_sum.cc:2482:0:1,/root/mariadb/sql/item_sum.cc,2482,2482,0,0,mariadb_target_000704;mariadb_target_002145;mariadb_target_002146
mariadb_griffin_r2,mariadb,2,root/mariadb/sql/item_sum.cc:2683:0:0,/root/mariadb/sql/item_sum.cc,2683,2683,0,0,mariadb_target_000707;mariadb_target_002149
mariadb_griffin_r2,mariadb,2,root/mariadb/sql/item_sum.cc:2683:0:1,/root/mariadb/sql/item_sum.cc,2683,2683,0,0,mariadb_target_000707;mariadb_target_002149
mariadb_griffin_r2,mariadb,2,root/mariadb/sql/item_sum.cc:2691:0:0,/root/mariadb/sql/item_sum.cc,2691,2691,0,0,mariadb_target_000707;mariadb_target_002149
mariadb_griffin_r2,mariadb,2,root/mariadb/sql/item_sum.cc:2691:0:1,/root/mariadb/sql/item_sum.cc,2691,2691,0,0,mariadb_target_000707;mariadb_target_002149
mariadb_griffin_r2,mariadb,2,root/mariadb/sql/item_sum.cc:2693:0:0,/root/mariadb/sql/item_sum.cc,2693,2693,0,0,mariadb_target_000707;mariadb_target_002149
mariadb_griffin_r2,mariadb,2,root/mariadb/sql/item_sum.cc:2693:0:1,/root/mariadb/sql/item_sum.cc,2693,2693,0,0,mariadb_target_000707;mariadb_target_002149
mariadb_griffin_r2,mariadb,2,root/mariadb/sql/item_sum.cc:2719:0:0,/root/mariadb/sql/item_sum.cc,2719,2719,0,0,mariadb_target_000708;mariadb_target_002150
mariadb_griffin_r2,mariadb,2,root/mariadb/sql/item_sum.cc:2719:0:1,/root/mariadb/sql/item_sum.cc,2719,2719,0,0,mariadb_target_000708;mariadb_target_002150
mariadb_griffin_r2,mariadb,2,root/mariadb/sql/item_sum.cc:2721:0:0,/root/mariadb/sql/item_sum.cc,2721,2721,0,0,mariadb_target_000708;mariadb_target_002150
mariadb_griffin_r2,mariadb,2,root/mariadb/sql/item_sum.cc:2721:0:1,/root/mariadb/sql/item_sum.cc,2721,2721,0,0,mariadb_target_000708;mariadb_target_002150
mariadb_griffin_r2,mariadb,2,root/mariadb/sql/item_sum.cc:2754:0:0,/root/mariadb/sql/item_sum.cc,2754,2754,0,0,mariadb_target_000709;mariadb_target_002151
mariadb_griffin_r2,mariadb,2,root/mariadb/sql/item_sum.cc:2754:0:1,/root/mariadb/sql/item_sum.cc,2754,2754,0,0,mariadb_target_000709;mariadb_target_002151
mariadb_griffin_r2,mariadb,2,root/mariadb/sql/item_sum.cc:2756:0:0,/root/mariadb/sql/item_sum.cc,2756,2756,0,0,mariadb_target_000709;mariadb_target_002151
mariadb_griffin_r2,mariadb,2,root/mariadb/sql/item_sum.cc:2756:0:1,/root/mariadb/sql/item_sum.cc,2756,2756,0,0,mariadb_target_000709;mariadb_target_002151
mariadb_griffin_r2,mariadb,2,root/mariadb/sql/item_sum.cc:2788:0:0,/root/mariadb/sql/item_sum.cc,2788,2788,0,0,mariadb_target_002153
mariadb_griffin_r2,mariadb,2,root/mariadb/sql/item_sum.cc:2788:0:1,/root/mariadb/sql/item_sum.cc,2788,2788,0,0,mariadb_target_002153
mariadb_griffin_r2,mariadb,2,root/mariadb/sql/item_sum.cc:2804:0:0,/root/mariadb/sql/item_sum.cc,2804,2804,0,0,mariadb_target_002154;mariadb_target_002155
mariadb_griffin_r2,mariadb,2,root/mariadb/sql/item_sum.cc:2804:0:1,/root/mariadb/sql/item_sum.cc,2804,2804,0,0,mariadb_target_002154;mariadb_target_002155
mariadb_griffin_r2,mariadb,2,root/mariadb/sql/item_sum.cc:2806:0:0,/root/mariadb/sql/item_sum.cc,2806,2806,0,0,mariadb_target_002154;mariadb_target_002155
mariadb_griffin_r2,mariadb,2,root/mariadb/sql/item_sum.cc:2806:0:1,/root/mariadb/sql/item_sum.cc,2806,2806,0,0,mariadb_target_002154;mariadb_target_002155
mariadb_griffin_r2,mariadb,2,root/mariadb/sql/item_sum.cc:2818:0:0,/root/mariadb/sql/item_sum.cc,2818,2818,0,0,mariadb_target_002157
mariadb_griffin_r2,mariadb,2,root/mariadb/sql/item_sum.cc:2818:0:1,/root/mariadb/sql/item_sum.cc,2818,2818,0,0,mariadb_target_002157
mariadb_griffin_r2,mariadb,2,root/mariadb/sql/item_sum.cc:2822:0:0,/root/mariadb/sql/item_sum.cc,2822,2822,0,0,mariadb_target_002158;mariadb_target_002159
mariadb_griffin_r2,mariadb,2,root/mariadb/sql/item_sum.cc:2822:0:1,/root/mariadb/sql/item_sum.cc,2822,2822,0,0,mariadb_target_002158;mariadb_target_002159
mariadb_griffin_r2,mariadb,2,root/mariadb/sql/item_sum.cc:2824:0:0,/root/mariadb/sql/item_sum.cc,2824,2824,0,0,mariadb_target_002158;mariadb_target_002159
mariadb_griffin_r2,mariadb,2,root/mariadb/sql/item_sum.cc:2824:0:1,/root/mariadb/sql/item_sum.cc,2824,2824,0,0,mariadb_target_002158;mariadb_target_002159
mariadb_griffin_r2,mariadb,2,root/mariadb/sql/item_sum.cc:2835:0:0,/root/mariadb/sql/item_sum.cc,2835,2835,0,0,mariadb_target_002160;mariadb_target_002161
mariadb_griffin_r2,mariadb,2,root/mariadb/sql/item_sum.cc:2835:0:1,/root/mariadb/sql/item_sum.cc,2835,2835,0,0,mariadb_target_002160;mariadb_target_002161
mariadb_griffin_r2,mariadb,2,root/mariadb/sql/item_sum.cc:2839:0:0,/root/mariadb/sql/item_sum.cc,2839,2839,0,0,mariadb_target_002162
mariadb_griffin_r2,mariadb,2,root/mariadb/sql/item_sum.cc:2839:0:1,/root/mariadb/sql/item_sum.cc,2839,2839,0,0,mariadb_target_002162
mariadb_griffin_r2,mariadb,2,root/mariadb/sql/item_sum.cc:2841:0:0,/root/mariadb/sql/item_sum.cc,2841,2841,0,0,mariadb_target_002162
mariadb_griffin_r2,mariadb,2,root/mariadb/sql/item_sum.cc:2841:0:1,/root/mariadb/sql/item_sum.cc,2841,2841,0,0,mariadb_target_002162
mariadb_griffin_r2,mariadb,2,root/mariadb/sql/item_sum.cc:2871:0:0,/root/mariadb/sql/item_sum.cc,2871,2871,0,0,mariadb_target_000711;mariadb_target_002163;mariadb_target_002164
mariadb_griffin_r2,mariadb,2,root/mariadb/sql/item_sum.cc:2871:0:1,/root/mariadb/sql/item_sum.cc,2871,2871,0,0,mariadb_target_000711;mariadb_target_002163;mariadb_target_002164
mariadb_griffin_r2,mariadb,2,root/mariadb/sql/item_sum.cc:2873:0:0,/root/mariadb/sql/item_sum.cc,2873,2873,0,0,mariadb_target_002164
mariadb_griffin_r2,mariadb,2,root/mariadb/sql/item_sum.cc:2873:0:1,/root/mariadb/sql/item_sum.cc,2873,2873,0,0,mariadb_target_002164
mariadb_griffin_r2,mariadb,2,root/mariadb/sql/item_sum.cc:2881:0:0,/root/mariadb/sql/item_sum.cc,2881,2881,0,0,mariadb_target_002164;mariadb_target_002165
mariadb_griffin_r2,mariadb,2,root/mariadb/sql/item_sum.cc:2881:0:1,/root/mariadb/sql/item_sum.cc,2881,2881,0,0,mariadb_target_002164;mariadb_target_002165
mariadb_griffin_r2,mariadb,2,root/mariadb/sql/item_sum.cc:2885:0:0,/root/mariadb/sql/item_sum.cc,2885,2885,0,0,mariadb_target_002164
mariadb_griffin_r2,mariadb,2,root/mariadb/sql/item_sum.cc:2885:0:1,/root/mariadb/sql/item_sum.cc,2885,2885,0,0,mariadb_target_002164
mariadb_griffin_r2,mariadb,2,root/mariadb/sql/item_sum.cc:2894:0:0,/root/mariadb/sql/item_sum.cc,2894,2894,0,0,mariadb_target_002164;mariadb_target_002166;mariadb_target_002167;mariadb_target_002168
mariadb_griffin_r2,mariadb,2,root/mariadb/sql/item_sum.cc:2894:0:1,/root/mariadb/sql/item_sum.cc,2894,2894,0,0,mariadb_target_002164;mariadb_target_002166;mariadb_target_002167;mariadb_target_002168
mariadb_griffin_r2,mariadb,2,root/mariadb/sql/item_sum.cc:2908:0:0,/root/mariadb/sql/item_sum.cc,2908,2908,0,0,mariadb_target_002170
mariadb_griffin_r2,mariadb,2,root/mariadb/sql/item_sum.cc:2908:0:1,/root/mariadb/sql/item_sum.cc,2908,2908,80,1,mariadb_target_002170
mariadb_griffin_r2,mariadb,2,root/mariadb/sql/item_sum.cc:2914:0:0,/root/mariadb/sql/item_sum.cc,2914,2914,80,1,mariadb_target_002170
mariadb_griffin_r2,mariadb,2,root/mariadb/sql/item_sum.cc:2914:0:1,/root/mariadb/sql/item_sum.cc,2914,2914,0,0,mariadb_target_002170
mariadb_griffin_r2,mariadb,2,root/mariadb/sql/item_sum.cc:2914:1:2,/root/mariadb/sql/item_sum.cc,2914,2914,0,0,mariadb_target_002170
mariadb_griffin_r2,mariadb,2,root/mariadb/sql/item_sum.cc:2914:1:3,/root/mariadb/sql/item_sum.cc,2914,2914,0,0,mariadb_target_002170
mariadb_griffin_r2,mariadb,2,root/mariadb/sql/item_sum.cc:2926:0:0,/root/mariadb/sql/item_sum.cc,2926,2926,0,0,mariadb_target_000713;mariadb_target_002171;mariadb_target_002172
mariadb_griffin_r2,mariadb,2,root/mariadb/sql/item_sum.cc:2926:0:1,/root/mariadb/sql/item_sum.cc,2926,2926,0,0,mariadb_target_000713;mariadb_target_002171;mariadb_target_002172
mariadb_griffin_r2,mariadb,2,root/mariadb/sql/item_sum.cc:2939:0:0,/root/mariadb/sql/item_sum.cc,2939,2939,0,0,mariadb_target_002173;mariadb_target_002174
mariadb_griffin_r2,mariadb,2,root/mariadb/sql/item_sum.cc:2939:0:1,/root/mariadb/sql/item_sum.cc,2939,2939,0,0,mariadb_target_002173;mariadb_target_002174
mariadb_griffin_r2,mariadb,2,root/mariadb/sql/item_sum.cc:2978:0:0,/root/mariadb/sql/item_sum.cc,2978,2978,0,0,mariadb_target_000716;mariadb_target_002180;mariadb_target_002181
mariadb_griffin_r2,mariadb,2,root/mariadb/sql/item_sum.cc:2978:0:1,/root/mariadb/sql/item_sum.cc,2978,2978,0,0,mariadb_target_000716;mariadb_target_002180;mariadb_target_002181
mariadb_griffin_r2,mariadb,2,root/mariadb/sql/item_sum.cc:2982:0:0,/root/mariadb/sql/item_sum.cc,2982,2982,0,0,mariadb_target_002181
mariadb_griffin_r2,mariadb,2,root/mariadb/sql/item_sum.cc:2982:0:1,/root/mariadb/sql/item_sum.cc,2982,2982,0,0,mariadb_target_002181
mariadb_griffin_r2,mariadb,2,root/mariadb/sql/item_sum.cc:2982:1:2,/root/mariadb/sql/item_sum.cc,2982,2982,0,0,mariadb_target_002181
mariadb_griffin_r2,mariadb,2,root/mariadb/sql/item_sum.cc:2982:1:3,/root/mariadb/sql/item_sum.cc,2982,2982,0,0,mariadb_target_002181
mariadb_griffin_r2,mariadb,2,root/mariadb/sql/item_sum.cc:2982:2:4,/root/mariadb/sql/item_sum.cc,2982,2982,0,0,mariadb_target_002181
mariadb_griffin_r2,mariadb,2,root/mariadb/sql/item_sum.cc:2982:2:5,/root/mariadb/sql/item_sum.cc,2982,2982,0,0,mariadb_target_002181
mariadb_griffin_r2,mariadb,2,root/mariadb/sql/item_sum.cc:2994:0:0,/root/mariadb/sql/item_sum.cc,2994,2994,0,0,mariadb_target_002181
mariadb_griffin_r2,mariadb,2,root/mariadb/sql/item_sum.cc:2994:0:1,/root/mariadb/sql/item_sum.cc,2994,2994,0,0,mariadb_target_002181
mariadb_griffin_r2,mariadb,2,root/mariadb/sql/item_sum.cc:2996:0:0,/root/mariadb/sql/item_sum.cc,2996,2996,0,0,mariadb_target_002181
mariadb_griffin_r2,mariadb,2,root/mariadb/sql/item_sum.cc:2996:0:1,/root/mariadb/sql/item_sum.cc,2996,2996,0,0,mariadb_target_002181
mariadb_griffin_r2,mariadb,2,root/mariadb/sql/item_sum.cc:3016:0:0,/root/mariadb/sql/item_sum.cc,3016,3016,0,0,mariadb_target_002181;mariadb_target_002185;mariadb_target_002186
mariadb_griffin_r2,mariadb,2,root/mariadb/sql/item_sum.cc:3016:0:1,/root/mariadb/sql/item_sum.cc,3016,3016,0,0,mariadb_target_002181;mariadb_target_002185;mariadb_target_002186
mariadb_griffin_r2,mariadb,2,root/mariadb/sql/item_sum.cc:3016:1:2,/root/mariadb/sql/item_sum.cc,3016,3016,0,0,mariadb_target_002181;mariadb_target_002185;mariadb_target_002186
mariadb_griffin_r2,mariadb,2,root/mariadb/sql/item_sum.cc:3016:1:3,/root/mariadb/sql/item_sum.cc,3016,3016,0,0,mariadb_target_002181;mariadb_target_002185;mariadb_target_002186
mariadb_griffin_r2,mariadb,2,root/mariadb/sql/item_sum.cc:3016:2:4,/root/mariadb/sql/item_sum.cc,3016,3016,0,0,mariadb_target_002181;mariadb_target_002185;mariadb_target_002186
mariadb_griffin_r2,mariadb,2,root/mariadb/sql/item_sum.cc:3016:2:5,/root/mariadb/sql/item_sum.cc,3016,3016,0,0,mariadb_target_002181;mariadb_target_002185;mariadb_target_002186
mariadb_griffin_r2,mariadb,2,root/mariadb/sql/item_sum.cc:3027:0:0,/root/mariadb/sql/item_sum.cc,3027,3027,0,0,mariadb_target_002181;mariadb_target_002186
mariadb_griffin_r2,mariadb,2,root/mariadb/sql/item_sum.cc:3027:0:1,/root/mariadb/sql/item_sum.cc,3027,3027,0,0,mariadb_target_002181;mariadb_target_002186
mariadb_griffin_r2,mariadb,2,root/mariadb/sql/item_sum.cc:3044:0:0,/root/mariadb/sql/item_sum.cc,3044,3044,0,0,mariadb_target_002188
mariadb_griffin_r2,mariadb,2,root/mariadb/sql/item_sum.cc:3044:0:1,/root/mariadb/sql/item_sum.cc,3044,3044,32,1,mariadb_target_002188
mariadb_griffin_r2,mariadb,2,root/mariadb/sql/item_sum.cc:3044:1:2,/root/mariadb/sql/item_sum.cc,3044,3044,0,0,mariadb_target_002188
mariadb_griffin_r2,mariadb,2,root/mariadb/sql/item_sum.cc:3044:1:3,/root/mariadb/sql/item_sum.cc,3044,3044,32,1,mariadb_target_002188
mariadb_griffin_r2,mariadb,2,root/mariadb/sql/item_sum.cc:3044:2:4,/root/mariadb/sql/item_sum.cc,3044,3044,0,0,mariadb_target_002188
mariadb_griffin_r2,mariadb,2,root/mariadb/sql/item_sum.cc:3044:2:5,/root/mariadb/sql/item_sum.cc,3044,3044,32,1,mariadb_target_002188
mariadb_griffin_r2,mariadb,2,root/mariadb/sql/item_sum.cc:3049:0:0,/root/mariadb/sql/item_sum.cc,3049,3049,32,1,mariadb_target_002188
mariadb_griffin_r2,mariadb,2,root/mariadb/sql/item_sum.cc:3049:0:1,/root/mariadb/sql/item_sum.cc,3049,3049,0,0,mariadb_target_002188
mariadb_griffin_r2,mariadb,2,root/mariadb/sql/item_sum.cc:3049:1:2,/root/mariadb/sql/item_sum.cc,3049,3049,0,0,mariadb_target_002188
mariadb_griffin_r2,mariadb,2,root/mariadb/sql/item_sum.cc:3049:1:3,/root/mariadb/sql/item_sum.cc,3049,3049,0,0,mariadb_target_002188
mariadb_griffin_r2,mariadb,2,root/mariadb/sql/item_sum.cc:3064:0:0,/root/mariadb/sql/item_sum.cc,3064,3064,0,0,mariadb_target_002190
mariadb_griffin_r2,mariadb,2,root/mariadb/sql/item_sum.cc:3064:0:1,/root/mariadb/sql/item_sum.cc,3064,3064,0,0,mariadb_target_002190
mariadb_griffin_r2,mariadb,2,root/mariadb/sql/item_sum.cc:3084:0:0,/root/mariadb/sql/item_sum.cc,3084,3084,0,0,mariadb_target_002191
mariadb_griffin_r2,mariadb,2,root/mariadb/sql/item_sum.cc:3084:0:1,/root/mariadb/sql/item_sum.cc,3084,3084,0,0,mariadb_target_002191
mariadb_griffin_r2,mariadb,2,root/mariadb/sql/item_sum.cc:3112:0:0,/root/mariadb/sql/item_sum.cc,3112,3112,0,0,mariadb_target_000719;mariadb_target_002193
mariadb_griffin_r2,mariadb,2,root/mariadb/sql/item_sum.cc:3112:0:1,/root/mariadb/sql/item_sum.cc,3112,3112,0,0,mariadb_target_000719;mariadb_target_002193
mariadb_griffin_r2,mariadb,2,root/mariadb/sql/item_sum.cc:3306:0:0,/root/mariadb/sql/item_sum.cc,3306,3306,0,0,mariadb_target_002195;mariadb_target_002196;mariadb_target_002197
mariadb_griffin_r2,mariadb,2,root/mariadb/sql/item_sum.cc:3306:0:1,/root/mariadb/sql/item_sum.cc,3306,3306,0,0,mariadb_target_002195;mariadb_target_002196;mariadb_target_002197
mariadb_griffin_r2,mariadb,2,root/mariadb/sql/item_sum.cc:3316:0:0,/root/mariadb/sql/item_sum.cc,3316,3316,0,0,mariadb_target_000721;mariadb_target_002198;mariadb_target_002199;mariadb_target_002200
mariadb_griffin_r2,mariadb,2,root/mariadb/sql/item_sum.cc:3316:0:1,/root/mariadb/sql/item_sum.cc,3316,3316,0,0,mariadb_target_000721;mariadb_target_002198;mariadb_target_002199;mariadb_target_002200
mariadb_griffin_r2,mariadb,2,root/mariadb/sql/item_sum.cc:3341:0:0,/root/mariadb/sql/item_sum.cc,3341,3341,0,0,mariadb_target_000723;mariadb_target_002202;mariadb_target_002203;mariadb_target_002204
mariadb_griffin_r2,mariadb,2,root/mariadb/sql/item_sum.cc:3341:0:1,/root/mariadb/sql/item_sum.cc,3341,3341,0,0,mariadb_target_000723;mariadb_target_002202;mariadb_target_002203;mariadb_target_002204
mariadb_griffin_r2,mariadb,2,root/mariadb/sql/item_sum.cc:3539:0:0,/root/mariadb/sql/item_sum.cc,3539,3539,0,0,mariadb_target_000724;mariadb_target_002205;mariadb_target_002206
mariadb_griffin_r2,mariadb,2,root/mariadb/sql/item_sum.cc:3539:0:1,/root/mariadb/sql/item_sum.cc,3539,3539,5,1,mariadb_target_000724;mariadb_target_002205;mariadb_target_002206
mariadb_griffin_r2,mariadb,2,root/mariadb/sql/item_sum.cc:3548:0:0,/root/mariadb/sql/item_sum.cc,3548,3548,8,1,mariadb_target_002206
mariadb_griffin_r2,mariadb,2,root/mariadb/sql/item_sum.cc:3548:0:1,/root/mariadb/sql/item_sum.cc,3548,3548,3,1,mariadb_target_002206
mariadb_griffin_r2,mariadb,2,root/mariadb/sql/item_sum.cc:3550:0:0,/root/mariadb/sql/item_sum.cc,3550,3550,2,1,mariadb_target_002206
mariadb_griffin_r2,mariadb,2,root/mariadb/sql/item_sum.cc:3550:0:1,/root/mariadb/sql/item_sum.cc,3550,3550,6,1,mariadb_target_002206
mariadb_griffin_r2,mariadb,2,root/mariadb/sql/item_sum.cc:3554:0:0,/root/mariadb/sql/item_sum.cc,3554,3554,0,0,mariadb_target_002206
mariadb_griffin_r2,mariadb,2,root/mariadb/sql/item_sum.cc:3554:0:1,/root/mariadb/sql/item_sum.cc,3554,3554,6,1,mariadb_target_002206
mariadb_griffin_r2,mariadb,2,root/mariadb/sql/item_sum.cc:3559:0:0,/root/mariadb/sql/item_sum.cc,3559,3559,0,0,mariadb_target_002206
mariadb_griffin_r2,mariadb,2,root/mariadb/sql/item_sum.cc:3559:0:1,/root/mariadb/sql/item_sum.cc,3559,3559,3,1,mariadb_target_002206
mariadb_griffin_r2,mariadb,2,root/mariadb/sql/item_sum.cc:3562:0:0,/root/mariadb/sql/item_sum.cc,3562,3562,0,0,mariadb_target_002206
mariadb_griffin_r2,mariadb,2,root/mariadb/sql/item_sum.cc:3562:0:1,/root/mariadb/sql/item_sum.cc,3562,3562,3,1,mariadb_target_002206
mariadb_griffin_r2,mariadb,2,root/mariadb/sql/item_sum.cc:3565:0:0,/root/mariadb/sql/item_sum.cc,3565,3565,3,1,mariadb_target_002206
mariadb_griffin_r2,mariadb,2,root/mariadb/sql/item_sum.cc:3565:0:1,/root/mariadb/sql/item_sum.cc,3565,3565,0,0,mariadb_target_002206
mariadb_griffin_r2,mariadb,2,root/mariadb/sql/item_sum.cc:4071:0:0,/root/mariadb/sql/item_sum.cc,4071,4071,13,1,mariadb_target_002208
mariadb_griffin_r2,mariadb,2,root/mariadb/sql/item_sum.cc:4071:0:1,/root/mariadb/sql/item_sum.cc,4071,4071,0,0,mariadb_target_002208
mariadb_griffin_r2,mariadb,2,root/mariadb/sql/item_sum.cc:4075:0:0,/root/mariadb/sql/item_sum.cc,4075,4075,0,0,mariadb_target_002208
mariadb_griffin_r2,mariadb,2,root/mariadb/sql/item_sum.cc:4075:0:1,/root/mariadb/sql/item_sum.cc,4075,4075,13,1,mariadb_target_002208
mariadb_griffin_r2,mariadb,2,root/mariadb/sql/item_sum.cc:4078:0:0,/root/mariadb/sql/item_sum.cc,4078,4078,0,0,mariadb_target_002208
mariadb_griffin_r2,mariadb,2,root/mariadb/sql/item_sum.cc:4078:0:1,/root/mariadb/sql/item_sum.cc,4078,4078,0,0,mariadb_target_002208
mariadb_griffin_r2,mariadb,2,root/mariadb/sql/item_sum.cc:4082:0:0,/root/mariadb/sql/item_sum.cc,4082,4082,0,0,mariadb_target_002208
mariadb_griffin_r2,mariadb,2,root/mariadb/sql/item_sum.cc:4082:0:1,/root/mariadb/sql/item_sum.cc,4082,4082,0,0,mariadb_target_002208
mariadb_griffin_r2,mariadb,2,root/mariadb/sql/item_sum.cc:4087:0:0,/root/mariadb/sql/item_sum.cc,4087,4087,0,0,mariadb_target_002208
mariadb_griffin_r2,mariadb,2,root/mariadb/sql/item_sum.cc:4087:0:1,/root/mariadb/sql/item_sum.cc,4087,4087,0,0,mariadb_target_002208
mariadb_griffin_r2,mariadb,2,root/mariadb/sql/item_sum.cc:4104:0:0,/root/mariadb/sql/item_sum.cc,4104,4104,12,1,mariadb_target_002208;mariadb_target_002209;mariadb_target_002210
mariadb_griffin_r2,mariadb,2,root/mariadb/sql/item_sum.cc:4104:0:1,/root/mariadb/sql/item_sum.cc,4104,4104,13,1,mariadb_target_002208;mariadb_target_002209;mariadb_target_002210
mariadb_griffin_r2,mariadb,2,root/mariadb/sql/item_sum.cc:4206:0:0,/root/mariadb/sql/item_sum.cc,4206,4206,0,0,mariadb_target_000727;mariadb_target_002212
mariadb_griffin_r2,mariadb,2,root/mariadb/sql/item_sum.cc:4206:0:1,/root/mariadb/sql/item_sum.cc,4206,4206,0,0,mariadb_target_000727;mariadb_target_002212
mariadb_griffin_r2,mariadb,2,root/mariadb/sql/item_sum.cc:4206:1:2,/root/mariadb/sql/item_sum.cc,4206,4206,0,0,mariadb_target_000727;mariadb_target_002212
mariadb_griffin_r2,mariadb,2,root/mariadb/sql/item_sum.cc:4206:1:3,/root/mariadb/sql/item_sum.cc,4206,4206,0,0,mariadb_target_000727;mariadb_target_002212
mariadb_griffin_r2,mariadb,2,root/mariadb/sql/item_sum.cc:4209:0:0,/root/mariadb/sql/item_sum.cc,4209,4209,0,0,mariadb_target_000727;mariadb_target_002212
mariadb_griffin_r2,mariadb,2,root/mariadb/sql/item_sum.cc:4209:0:1,/root/mariadb/sql/item_sum.cc,4209,4209,0,0,mariadb_target_000727;mariadb_target_002212
mariadb_griffin_r2,mariadb,2,root/mariadb/sql/item_sum.cc:4481:0:0,/root/mariadb/sql/item_sum.cc,4481,4481,0,0,mariadb_target_000728;mariadb_target_002213;mariadb_target_002214
mariadb_griffin_r2,mariadb,2,root/mariadb/sql/item_sum.cc:4481:0:1,/root/mariadb/sql/item_sum.cc,4481,4481,0,0,mariadb_target_000728;mariadb_target_002213;mariadb_target_002214
mariadb_griffin_r2,mariadb,2,root/mariadb/sql/item_sum.cc:4484:0:0,/root/mariadb/sql/item_sum.cc,4484,4484,0,0,mariadb_target_002214
mariadb_griffin_r2,mariadb,2,root/mariadb/sql/item_sum.cc:4484:0:1,/root/mariadb/sql/item_sum.cc,4484,4484,0,0,mariadb_target_002214
mariadb_griffin_r2,mariadb,2,root/mariadb/sql/item_sum.cc:4486:0:0,/root/mariadb/sql/item_sum.cc,4486,4486,0,0,mariadb_target_002214
mariadb_griffin_r2,mariadb,2,root/mariadb/sql/item_sum.cc:4486:0:1,/root/mariadb/sql/item_sum.cc,4486,4486,0,0,mariadb_target_002214
mariadb_griffin_r2,mariadb,2,root/mariadb/sql/item_sum.cc:4488:0:0,/root/mariadb/sql/item_sum.cc,4488,4488,0,0,mariadb_target_002214
mariadb_griffin_r2,mariadb,2,root/mariadb/sql/item_sum.cc:4488:0:1,/root/mariadb/sql/item_sum.cc,4488,4488,0,0,mariadb_target_002214
mariadb_griffin_r2,mariadb,2,root/mariadb/sql/item_sum.cc:4490:0:0,/root/mariadb/sql/item_sum.cc,4490,4490,0,0,mariadb_target_002214
mariadb_griffin_r2,mariadb,2,root/mariadb/sql/item_sum.cc:4490:0:1,/root/mariadb/sql/item_sum.cc,4490,4490,0,0,mariadb_target_002214
mariadb_griffin_r2,mariadb,2,root/mariadb/sql/item_sum.cc:4490:1:2,/root/mariadb/sql/item_sum.cc,4490,4490,0,0,mariadb_target_002214
mariadb_griffin_r2,mariadb,2,root/mariadb/sql/item_sum.cc:4490:1:3,/root/mariadb/sql/item_sum.cc,4490,4490,0,0,mariadb_target_002214
mariadb_griffin_r2,mariadb,2,root/mariadb/sql/item_sum.cc:4496:0:0,/root/mariadb/sql/item_sum.cc,4496,4496,0,0,mariadb_target_002214
mariadb_griffin_r2,mariadb,2,root/mariadb/sql/item_sum.cc:4496:0:1,/root/mariadb/sql/item_sum.cc,4496,4496,0,0,mariadb_target_002214
mariadb_griffin_r2,mariadb,2,root/mariadb/sql/item_sum.cc:4496:1:2,/root/mariadb/sql/item_sum.cc,4496,4496,0,0,mariadb_target_002214
mariadb_griffin_r2,mariadb,2,root/mariadb/sql/item_sum.cc:4496:1:3,/root/mariadb/sql/item_sum.cc,4496,4496,0,0,mariadb_target_002214
mariadb_griffin_r2,mariadb,2,root/mariadb/sql/item_sum.cc:4497:0:0,/root/mariadb/sql/item_sum.cc,4497,4497,0,0,mariadb_target_002214
mariadb_griffin_r2,mariadb,2,root/mariadb/sql/item_sum.cc:4497:0:1,/root/mariadb/sql/item_sum.cc,4497,4497,0,0,mariadb_target_002214
mariadb_griffin_r2,mariadb,2,root/mariadb/sql/item_sum.cc:4563:0:0,/root/mariadb/sql/item_sum.cc,4563,4563,0,0,mariadb_target_000729;mariadb_target_002215
mariadb_griffin_r2,mariadb,2,root/mariadb/sql/item_sum.cc:4563:0:1,/root/mariadb/sql/item_sum.cc,4563,4563,0,0,mariadb_target_000729;mariadb_target_002215
mariadb_griffin_r2,mariadb,2,root/mariadb/sql/item_sum.cc:4570:0:0,/root/mariadb/sql/item_sum.cc,4570,4570,2,1,mariadb_target_000729;mariadb_target_002215;mariadb_target_002216
mariadb_griffin_r2,mariadb,2,root/mariadb/sql/item_sum.cc:4570:0:1,/root/mariadb/sql/item_sum.cc,4570,4570,0,0,mariadb_target_000729;mariadb_target_002215;mariadb_target_002216
mariadb_griffin_r2,mariadb,2,root/mariadb/sql/item_sum.cc:4572:0:0,/root/mariadb/sql/item_sum.cc,4572,4572,0,0,mariadb_target_000729;mariadb_target_002215;mariadb_target_002216
mariadb_griffin_r2,mariadb,2,root/mariadb/sql/item_sum.cc:4572:0:1,/root/mariadb/sql/item_sum.cc,4572,4572,2,1,mariadb_target_000729;mariadb_target_002215;mariadb_target_002216
mariadb_griffin_r2,mariadb,2,root/mariadb/sql/item_sum.cc:4574:0:0,/root/mariadb/sql/item_sum.cc,4574,4574,2,1,mariadb_target_002216
mariadb_griffin_r2,mariadb,2,root/mariadb/sql/item_sum.cc:4574:0:1,/root/mariadb/sql/item_sum.cc,4574,4574,2,1,mariadb_target_002216
mariadb_griffin_r2,mariadb,2,root/mariadb/sql/item_sum.cc:4576:0:0,/root/mariadb/sql/item_sum.cc,4576,4576,0,0,mariadb_target_002216
mariadb_griffin_r2,mariadb,2,root/mariadb/sql/item_sum.cc:4576:0:1,/root/mariadb/sql/item_sum.cc,4576,4576,2,1,mariadb_target_002216
mariadb_griffin_r2,mariadb,2,root/mariadb/sql/item_sum.cc:4580:0:0,/root/mariadb/sql/item_sum.cc,4580,4580,2,1,mariadb_target_002216
mariadb_griffin_r2,mariadb,2,root/mariadb/sql/item_sum.cc:4580:0:1,/root/mariadb/sql/item_sum.cc,4580,4580,0,0,mariadb_target_002216
mariadb_griffin_r2,mariadb,2,root/mariadb/sql/item_sum.cc:4583:0:0,/root/mariadb/sql/item_sum.cc,4583,4583,2,1,mariadb_target_002216
mariadb_griffin_r2,mariadb,2,root/mariadb/sql/item_sum.cc:4583:0:1,/root/mariadb/sql/item_sum.cc,4583,4583,2,1,mariadb_target_002216
mariadb_griffin_r2,mariadb,2,root/mariadb/sql/item_sum.cc:4585:0:0,/root/mariadb/sql/item_sum.cc,4585,4585,0,0,mariadb_target_002216
mariadb_griffin_r2,mariadb,2,root/mariadb/sql/item_sum.cc:4585:0:1,/root/mariadb/sql/item_sum.cc,4585,4585,2,1,mariadb_target_002216
mariadb_griffin_r2,mariadb,2,root/mariadb/sql/item_sum.cc:4588:0:0,/root/mariadb/sql/item_sum.cc,4588,4588,2,1,mariadb_target_002216
mariadb_griffin_r2,mariadb,2,root/mariadb/sql/item_sum.cc:4588:0:1,/root/mariadb/sql/item_sum.cc,4588,4588,0,0,mariadb_target_002216
mariadb_griffin_r2,mariadb,2,root/mariadb/sql/item_sum.cc:4595:0:0,/root/mariadb/sql/item_sum.cc,4595,4595,2,1,mariadb_target_002216
mariadb_griffin_r2,mariadb,2,root/mariadb/sql/item_sum.cc:4595:0:1,/root/mariadb/sql/item_sum.cc,4595,4595,0,0,mariadb_target_002216
mariadb_griffin_r2,mariadb,2,root/mariadb/sql/item_sum.cc:4602:0:0,/root/mariadb/sql/item_sum.cc,4602,4602,0,0,mariadb_target_002216
mariadb_griffin_r2,mariadb,2,root/mariadb/sql/item_sum.cc:4602:0:1,/root/mariadb/sql/item_sum.cc,4602,4602,2,1,mariadb_target_002216
mariadb_griffin_r2,mariadb,2,root/mariadb/sql/item_sum.cc:4605:0:0,/root/mariadb/sql/item_sum.cc,4605,4605,0,0,mariadb_target_002216
mariadb_griffin_r2,mariadb,2,root/mariadb/sql/item_sum.cc:4605:0:1,/root/mariadb/sql/item_sum.cc,4605,4605,0,0,mariadb_target_002216
mariadb_griffin_r2,mariadb,2,root/mariadb/sql/item_sum.cc:4642:0:0,/root/mariadb/sql/item_sum.cc,4642,4642,0,0,mariadb_target_000732;mariadb_target_002219
mariadb_griffin_r2,mariadb,2,root/mariadb/sql/item_sum.cc:4642:0:1,/root/mariadb/sql/item_sum.cc,4642,4642,0,0,mariadb_target_000732;mariadb_target_002219
mariadb_griffin_r2,mariadb,2,root/mariadb/sql/item_sum.cc:4645:0:0,/root/mariadb/sql/item_sum.cc,4645,4645,0,0,mariadb_target_000732;mariadb_target_002219
mariadb_griffin_r2,mariadb,2,root/mariadb/sql/item_sum.cc:4645:0:1,/root/mariadb/sql/item_sum.cc,4645,4645,0,0,mariadb_target_000732;mariadb_target_002219
mariadb_griffin_r2,mariadb,2,root/mariadb/sql/item_sum.cc:4645:1:2,/root/mariadb/sql/item_sum.cc,4645,4645,0,0,mariadb_target_000732;mariadb_target_002219
mariadb_griffin_r2,mariadb,2,root/mariadb/sql/item_sum.cc:4645:1:3,/root/mariadb/sql/item_sum.cc,4645,4645,0,0,mariadb_target_000732;mariadb_target_002219
mariadb_griffin_r2,mariadb,2,root/mariadb/sql/item_sum.cc:4649:0:0,/root/mariadb/sql/item_sum.cc,4649,4649,0,0,mariadb_target_000732;mariadb_target_002219
mariadb_griffin_r2,mariadb,2,root/mariadb/sql/item_sum.cc:4649:0:1,/root/mariadb/sql/item_sum.cc,4649,4649,0,0,mariadb_target_000732;mariadb_target_002219
mariadb_griffin_r2,mariadb,2,root/mariadb/sql/item_sum.cc:4651:0:0,/root/mariadb/sql/item_sum.cc,4651,4651,0,0,mariadb_target_000732;mariadb_target_002219
mariadb_griffin_r2,mariadb,2,root/mariadb/sql/item_sum.cc:4651:0:1,/root/mariadb/sql/item_sum.cc,4651,4651,0,0,mariadb_target_000732;mariadb_target_002219
mariadb_griffin_r2,mariadb,2,root/mariadb/sql/item_sum.cc:4744:0:0,/root/mariadb/sql/item_sum.cc,4744,4744,0,0,mariadb_target_002221
mariadb_griffin_r2,mariadb,2,root/mariadb/sql/item_sum.cc:4744:0:1,/root/mariadb/sql/item_sum.cc,4744,4744,0,0,mariadb_target_002221
mariadb_griffin_r2,mariadb,2,root/mariadb/sql/item_sum.cc:4747:0:0,/root/mariadb/sql/item_sum.cc,4747,4747,0,0,mariadb_target_002221
mariadb_griffin_r2,mariadb,2,root/mariadb/sql/item_sum.cc:4747:0:1,/root/mariadb/sql/item_sum.cc,4747,4747,0,0,mariadb_target_002221
mariadb_griffin_r2,mariadb,2,root/mariadb/sql/item_sum.cc:4748:0:0,/root/mariadb/sql/item_sum.cc,4748,4748,0,0,mariadb_target_002221
mariadb_griffin_r2,mariadb,2,root/mariadb/sql/item_sum.cc:4748:0:1,/root/mariadb/sql/item_sum.cc,4748,4748,0,0,mariadb_target_002221
mariadb_griffin_r2,mariadb,2,root/mariadb/sql/item_sum.cc:4783:0:0,/root/mariadb/sql/item_sum.cc,4783,4783,0,0,mariadb_target_002222
mariadb_griffin_r2,mariadb,2,root/mariadb/sql/item_sum.cc:4783:0:1,/root/mariadb/sql/item_sum.cc,4783,4783,0,0,mariadb_target_002222
mariadb_griffin_r2,mariadb,2,root/mariadb/sql/item_sum.h:1281:0:0,/root/mariadb/sql/item_sum.h,1281,1281,0,0,mariadb_target_000739;mariadb_target_002228;mariadb_target_002229;mariadb_target_002230
mariadb_griffin_r2,mariadb,2,root/mariadb/sql/item_sum.h:1281:0:1,/root/mariadb/sql/item_sum.h,1281,1281,0,0,mariadb_target_000739;mariadb_target_002228;mariadb_target_002229;mariadb_target_002230
mariadb_griffin_r2,mariadb,2,root/mariadb/sql/item_sum.h:1485:0:0,/root/mariadb/sql/item_sum.h,1485,1485,0,0,mariadb_target_000740;mariadb_target_000741;mariadb_target_002231;mariadb_target_002232
mariadb_griffin_r2,mariadb,2,root/mariadb/sql/item_sum.h:1485:0:1,/root/mariadb/sql/item_sum.h,1485,1485,0,0,mariadb_target_000740;mariadb_target_000741;mariadb_target_002231;mariadb_target_002232
mariadb_griffin_r2,mariadb,2,root/mariadb/sql/item_sum.h:1492:0:0,/root/mariadb/sql/item_sum.h,1492,1492,0,0,mariadb_target_000741;mariadb_target_000742;mariadb_target_002232;mariadb_target_002233
mariadb_griffin_r2,mariadb,2,root/mariadb/sql/item_sum.h:1492:0:1,/root/mariadb/sql/item_sum.h,1492,1492,0,0,mariadb_target_000741;mariadb_target_000742;mariadb_target_002232;mariadb_target_002233
mariadb_griffin_r2,mariadb,2,root/mariadb/sql/item_sum.h:1499:0:0,/root/mariadb/sql/item_sum.h,1499,1499,0,0,mariadb_target_000742;mariadb_target_000743;mariadb_target_002233;mariadb_target_002234;mariadb_target_002235
mariadb_griffin_r2,mariadb,2,root/mariadb/sql/item_sum.h:1499:0:1,/root/mariadb/sql/item_sum.h,1499,1499,0,0,mariadb_target_000742;mariadb_target_000743;mariadb_target_002233;mariadb_target_002234;mariadb_target_002235
mariadb_griffin_r2,mariadb,2,root/mariadb/sql/item_sum.h:1506:0:0,/root/mariadb/sql/item_sum.h,1506,1506,0,0,mariadb_target_000743;mariadb_target_000744;mariadb_target_002234;mariadb_target_002235;mariadb_target_002236;mariadb_target_002237
mariadb_griffin_r2,mariadb,2,root/mariadb/sql/item_sum.h:1506:0:1,/root/mariadb/sql/item_sum.h,1506,1506,0,0,mariadb_target_000743;mariadb_target_000744;mariadb_target_002234;mariadb_target_002235;mariadb_target_002236;mariadb_target_002237
mariadb_griffin_r2,mariadb,2,root/mariadb/sql/item_sum.h:1506:1:2,/root/mariadb/sql/item_sum.h,1506,1506,0,0,mariadb_target_000743;mariadb_target_000744;mariadb_target_002234;mariadb_target_002235;mariadb_target_002236;mariadb_target_002237
mariadb_griffin_r2,mariadb,2,root/mariadb/sql/item_sum.h:1506:1:3,/root/mariadb/sql/item_sum.h,1506,1506,0,0,mariadb_target_000743;mariadb_target_000744;mariadb_target_002234;mariadb_target_002235;mariadb_target_002236;mariadb_target_002237
mariadb_griffin_r2,mariadb,2,root/mariadb/sql/item_sum.h:2018:0:0,/root/mariadb/sql/item_sum.h,2018,2018,0,0,mariadb_target_000753;mariadb_target_002248
mariadb_griffin_r2,mariadb,2,root/mariadb/sql/item_sum.h:2018:0:1,/root/mariadb/sql/item_sum.h,2018,2018,0,0,mariadb_target_000753;mariadb_target_002248
mariadb_griffin_r2,mariadb,2,root/mariadb/sql/item_sum.h:2029:0:0,/root/mariadb/sql/item_sum.h,2029,2029,0,0,mariadb_target_000754;mariadb_target_002249
mariadb_griffin_r2,mariadb,2,root/mariadb/sql/item_sum.h:2029:0:1,/root/mariadb/sql/item_sum.h,2029,2029,0,0,mariadb_target_000754;mariadb_target_002249
mariadb_griffin_r2,mariadb,2,root/mariadb/sql/item_timefunc.h:447:0:0,/root/mariadb/sql/item_timefunc.h,447,447,0,0,mariadb_target_000802;mariadb_target_002320
mariadb_griffin_r2,mariadb,2,root/mariadb/sql/item_timefunc.h:447:0:1,/root/mariadb/sql/item_timefunc.h,447,447,0,0,mariadb_target_000802;mariadb_target_002320
mariadb_griffin_r2,mariadb,2,root/mariadb/sql/item_timefunc.h:448:0:0,/root/mariadb/sql/item_timefunc.h,448,448,0,0,mariadb_target_000802;mariadb_target_002320
mariadb_griffin_r2,mariadb,2,root/mariadb/sql/item_timefunc.h:448:0:1,/root/mariadb/sql/item_timefunc.h,448,448,0,0,mariadb_target_000802;mariadb_target_002320
mariadb_griffin_r2,mariadb,2,root/mariadb/sql/item_timefunc.h:630:0:0,/root/mariadb/sql/item_timefunc.h,630,630,0,0,mariadb_target_000805;mariadb_target_002325
mariadb_griffin_r2,mariadb,2,root/mariadb/sql/item_timefunc.h:630:0:1,/root/mariadb/sql/item_timefunc.h,630,630,0,0,mariadb_target_000805;mariadb_target_002325
mariadb_griffin_r2,mariadb,2,root/mariadb/sql/item_timefunc.h:636:0:0,/root/mariadb/sql/item_timefunc.h,636,636,5,1,mariadb_target_000805;mariadb_target_002325
mariadb_griffin_r2,mariadb,2,root/mariadb/sql/item_timefunc.h:636:0:1,/root/mariadb/sql/item_timefunc.h,636,636,1,1,mariadb_target_000805;mariadb_target_002325
mariadb_griffin_r2,mariadb,2,root/mariadb/sql/item_timefunc.h:956:0:0,/root/mariadb/sql/item_timefunc.h,956,956,5,1,mariadb_target_000822;mariadb_target_000823;mariadb_target_002352;mariadb_target_002353;mariadb_target_002354;mariadb_target_002355
mariadb_griffin_r2,mariadb,2,root/mariadb/sql/item_timefunc.h:956:0:1,/root/mariadb/sql/item_timefunc.h,956,956,17,1,mariadb_target_000822;mariadb_target_000823;mariadb_target_002352;mariadb_target_002353;mariadb_target_002354;mariadb_target_002355
mariadb_griffin_r2,mariadb,2,root/mariadb/sql/item_timefunc.h:962:0:0,/root/mariadb/sql/item_timefunc.h,962,962,0,0,mariadb_target_000823;mariadb_target_002354;mariadb_target_002355;mariadb_target_002356
mariadb_griffin_r2,mariadb,2,root/mariadb/sql/item_timefunc.h:962:0:1,/root/mariadb/sql/item_timefunc.h,962,962,237,1,mariadb_target_000823;mariadb_target_002354;mariadb_target_002355;mariadb_target_002356
mariadb_griffin_r2,mariadb,2,root/mariadb/sql/item_timefunc.h:1039:0:0,/root/mariadb/sql/item_timefunc.h,1039,1039,0,0,mariadb_target_000763;mariadb_target_000764;mariadb_target_002261;mariadb_target_002262;mariadb_target_002263;mariadb_target_002264
mariadb_griffin_r2,mariadb,2,root/mariadb/sql/item_timefunc.h:1039:0:1,/root/mariadb/sql/item_timefunc.h,1039,1039,0,0,mariadb_target_000763;mariadb_target_000764;mariadb_target_002261;mariadb_target_002262;mariadb_target_002263;mariadb_target_002264
mariadb_griffin_r2,mariadb,2,root/mariadb/sql/item_timefunc.h:1045:0:0,/root/mariadb/sql/item_timefunc.h,1045,1045,0,0,mariadb_target_000764;mariadb_target_002263;mariadb_target_002264;mariadb_target_002265
mariadb_griffin_r2,mariadb,2,root/mariadb/sql/item_timefunc.h:1045:0:1,/root/mariadb/sql/item_timefunc.h,1045,1045,1,1,mariadb_target_000764;mariadb_target_002263;mariadb_target_002264;mariadb_target_002265
mariadb_griffin_r2,mariadb,2,root/mariadb/sql/item_timefunc.h:1633:0:0,/root/mariadb/sql/item_timefunc.h,1633,1633,0,0,mariadb_target_000777;mariadb_target_002282
mariadb_griffin_r2,mariadb,2,root/mariadb/sql/item_timefunc.h:1633:0:1,/root/mariadb/sql/item_timefunc.h,1633,1633,0,0,mariadb_target_000777;mariadb_target_002282
mariadb_griffin_r2,mariadb,2,root/mariadb/sql/item_timefunc.h:1703:0:0,/root/mariadb/sql/item_timefunc.h,1703,1703,0,0,mariadb_target_000778;mariadb_target_002283
mariadb_griffin_r2,mariadb,2,root/mariadb/sql/item_timefunc.h:1703:0:1,/root/mariadb/sql/item_timefunc.h,1703,1703,6,1,mariadb_target_000778;mariadb_target_002283
mariadb_griffin_r2,mariadb,2,root/mariadb/sql/item_timefunc.h:2005:0:0,/root/mariadb/sql/item_timefunc.h,2005,2005,0,0,mariadb_target_000784;mariadb_target_002294
mariadb_griffin_r2,mariadb,2,root/mariadb/sql/item_timefunc.h:2005:0:1,/root/mariadb/sql/item_timefunc.h,2005,2005,0,0,mariadb_target_000784;mariadb_target_002294
mariadb_griffin_r2,mariadb,2,root/mariadb/sql/item_timefunc.h:2006:0:0,/root/mariadb/sql/item_timefunc.h,2006,2006,0,0,mariadb_target_000784;mariadb_target_002294
mariadb_griffin_r2,mariadb,2,root/mariadb/sql/item_timefunc.h:2006:0:1,/root/mariadb/sql/item_timefunc.h,2006,2006,0,0,mariadb_target_000784;mariadb_target_002294
mariadb_griffin_r2,mariadb,2,root/mariadb/sql/item_timefunc.h:2007:0:0,/root/mariadb/sql/item_timefunc.h,2007,2007,0,0,mariadb_target_000784;mariadb_target_002294
mariadb_griffin_r2,mariadb,2,root/mariadb/sql/item_timefunc.h:2007:0:1,/root/mariadb/sql/item_timefunc.h,2007,2007,0,0,mariadb_target_000784;mariadb_target_002294
mariadb_griffin_r2,mariadb,2,root/mariadb/sql/item_timefunc.h:2009:0:0,/root/mariadb/sql/item_timefunc.h,2009,2009,0,0,mariadb_target_000784;mariadb_target_002294
mariadb_griffin_r2,mariadb,2,root/mariadb/sql/item_timefunc.h:2009:0:1,/root/mariadb/sql/item_timefunc.h,2009,2009,0,0,mariadb_target_000784;mariadb_target_002294
mariadb_griffin_r2,mariadb,2,root/mariadb/sql/item_timefunc.h:2009:1:2,/root/mariadb/sql/item_timefunc.h,2009,2009,0,0,mariadb_target_000784;mariadb_target_002294
mariadb_griffin_r2,mariadb,2,root/mariadb/sql/item_timefunc.h:2009:1:3,/root/mariadb/sql/item_timefunc.h,2009,2009,0,0,mariadb_target_000784;mariadb_target_002294
mariadb_griffin_r2,mariadb,2,root/mariadb/sql/item_timefunc.h:2010:0:0,/root/mariadb/sql/item_timefunc.h,2010,2010,0,0,mariadb_target_000784;mariadb_target_002294
mariadb_griffin_r2,mariadb,2,root/mariadb/sql/item_timefunc.h:2010:0:1,/root/mariadb/sql/item_timefunc.h,2010,2010,0,0,mariadb_target_000784;mariadb_target_002294
mariadb_griffin_r2,mariadb,2,root/mariadb/sql/item_timefunc.h:2024:0:0,/root/mariadb/sql/item_timefunc.h,2024,2024,0,0,mariadb_target_000784;mariadb_target_002294
mariadb_griffin_r2,mariadb,2,root/mariadb/sql/item_timefunc.h:2024:0:1,/root/mariadb/sql/item_timefunc.h,2024,2024,0,0,mariadb_target_000784;mariadb_target_002294
mariadb_griffin_r2,mariadb,2,root/mariadb/sql/item_timefunc.h:2026:0:0,/root/mariadb/sql/item_timefunc.h,2026,2026,0,0,mariadb_target_000784;mariadb_target_002294
mariadb_griffin_r2,mariadb,2,root/mariadb/sql/item_timefunc.h:2026:0:1,/root/mariadb/sql/item_timefunc.h,2026,2026,0,0,mariadb_target_000784;mariadb_target_002294
mariadb_griffin_r2,mariadb,2,root/mariadb/sql/item_timefunc.h:2041:0:0,/root/mariadb/sql/item_timefunc.h,2041,2041,0,0,mariadb_target_000785;mariadb_target_002295
mariadb_griffin_r2,mariadb,2,root/mariadb/sql/item_timefunc.h:2041:0:1,/root/mariadb/sql/item_timefunc.h,2041,2041,0,0,mariadb_target_000785;mariadb_target_002295
mariadb_griffin_r2,mariadb,2,root/mariadb/sql/item_timefunc.h:2051:0:0,/root/mariadb/sql/item_timefunc.h,2051,2051,0,0,mariadb_target_000785;mariadb_target_002295
mariadb_griffin_r2,mariadb,2,root/mariadb/sql/item_timefunc.h:2051:0:1,/root/mariadb/sql/item_timefunc.h,2051,2051,0,0,mariadb_target_000785;mariadb_target_002295
mariadb_griffin_r2,mariadb,2,root/mariadb/sql/item_timefunc.h:2052:0:0,/root/mariadb/sql/item_timefunc.h,2052,2052,0,0,mariadb_target_000785;mariadb_target_002295
mariadb_griffin_r2,mariadb,2,root/mariadb/sql/item_timefunc.h:2052:0:1,/root/mariadb/sql/item_timefunc.h,2052,2052,0,0,mariadb_target_000785;mariadb_target_002295
mariadb_griffin_r2,mariadb,2,root/mariadb/sql/item_timefunc.h:2101:0:0,/root/mariadb/sql/item_timefunc.h,2101,2101,0,0,mariadb_target_000787;mariadb_target_002298
mariadb_griffin_r2,mariadb,2,root/mariadb/sql/item_timefunc.h:2101:0:1,/root/mariadb/sql/item_timefunc.h,2101,2101,0,0,mariadb_target_000787;mariadb_target_002298
mariadb_griffin_r2,mariadb,2,root/mariadb/sql/item_timefunc.h:2110:0:0,/root/mariadb/sql/item_timefunc.h,2110,2110,0,0,mariadb_target_000787;mariadb_target_002298
mariadb_griffin_r2,mariadb,2,root/mariadb/sql/item_timefunc.h:2110:0:1,/root/mariadb/sql/item_timefunc.h,2110,2110,0,0,mariadb_target_000787;mariadb_target_002298
mariadb_griffin_r2,mariadb,2,root/mariadb/sql/item_timefunc.h:2127:0:0,/root/mariadb/sql/item_timefunc.h,2127,2127,0,0,mariadb_target_000788;mariadb_target_002299
mariadb_griffin_r2,mariadb,2,root/mariadb/sql/item_timefunc.h:2127:0:1,/root/mariadb/sql/item_timefunc.h,2127,2127,0,0,mariadb_target_000788;mariadb_target_002299
mariadb_griffin_r2,mariadb,2,root/mariadb/sql/item_timefunc.h:2139:0:0,/root/mariadb/sql/item_timefunc.h,2139,2139,0,0,mariadb_target_000788;mariadb_target_002299
mariadb_griffin_r2,mariadb,2,root/mariadb/sql/item_timefunc.h:2139:0:1,/root/mariadb/sql/item_timefunc.h,2139,2139,0,0,mariadb_target_000788;mariadb_target_002299
mariadb_griffin_r2,mariadb,2,root/mariadb/sql/item_timefunc.h:2139:1:2,/root/mariadb/sql/item_timefunc.h,2139,2139,0,0,mariadb_target_000788;mariadb_target_002299
mariadb_griffin_r2,mariadb,2,root/mariadb/sql/item_timefunc.h:2139:1:3,/root/mariadb/sql/item_timefunc.h,2139,2139,0,0,mariadb_target_000788;mariadb_target_002299
mariadb_griffin_r2,mariadb,2,root/mariadb/sql/item_timefunc.h:2141:0:0,/root/mariadb/sql/item_timefunc.h,2141,2141,0,0,mariadb_target_000788;mariadb_target_002299
mariadb_griffin_r2,mariadb,2,root/mariadb/sql/item_timefunc.h:2141:0:1,/root/mariadb/sql/item_timefunc.h,2141,2141,0,0,mariadb_target_000788;mariadb_target_002299
mariadb_griffin_r2,mariadb,2,root/mariadb/sql/item_timefunc.h:2142:0:0,/root/mariadb/sql/item_timefunc.h,2142,2142,0,0,mariadb_target_000788;mariadb_target_002299
mariadb_griffin_r2,mariadb,2,root/mariadb/sql/item_timefunc.h:2142:0:1,/root/mariadb/sql/item_timefunc.h,2142,2142,0,0,mariadb_target_000788;mariadb_target_002299
mariadb_griffin_r2,mariadb,2,root/mariadb/sql/item_timefunc.h:2171:0:0,/root/mariadb/sql/item_timefunc.h,2171,2171,0,0,mariadb_target_000789;mariadb_target_002300
mariadb_griffin_r2,mariadb,2,root/mariadb/sql/item_timefunc.h:2171:0:1,/root/mariadb/sql/item_timefunc.h,2171,2171,20,1,mariadb_target_000789;mariadb_target_002300
mariadb_griffin_r2,mariadb,2,root/mariadb/sql/item_timefunc.h:2205:0:0,/root/mariadb/sql/item_timefunc.h,2205,2205,0,0,mariadb_target_000790;mariadb_target_002301
mariadb_griffin_r2,mariadb,2,root/mariadb/sql/item_timefunc.h:2205:0:1,/root/mariadb/sql/item_timefunc.h,2205,2205,0,0,mariadb_target_000790;mariadb_target_002301
mariadb_griffin_r2,mariadb,2,root/mariadb/sql/item_timefunc.h:2238:0:0,/root/mariadb/sql/item_timefunc.h,2238,2238,0,0,mariadb_target_000791;mariadb_target_002302;mariadb_target_002303
mariadb_griffin_r2,mariadb,2,root/mariadb/sql/item_timefunc.h:2238:0:1,/root/mariadb/sql/item_timefunc.h,2238,2238,0,0,mariadb_target_000791;mariadb_target_002302;mariadb_target_002303
mariadb_griffin_r2,mariadb,2,root/mariadb/sql/item_vectorfunc.cc:59:0:0,/root/mariadb/sql/item_vectorfunc.cc,59,59,0,0,mariadb_target_000826;mariadb_target_002362
mariadb_griffin_r2,mariadb,2,root/mariadb/sql/item_vectorfunc.cc:59:0:1,/root/mariadb/sql/item_vectorfunc.cc,59,59,0,0,mariadb_target_000826;mariadb_target_002362
mariadb_griffin_r2,mariadb,2,root/mariadb/sql/item_vectorfunc.cc:60:0:0,/root/mariadb/sql/item_vectorfunc.cc,60,60,0,0,mariadb_target_000826;mariadb_target_002362
mariadb_griffin_r2,mariadb,2,root/mariadb/sql/item_vectorfunc.cc:60:0:1,/root/mariadb/sql/item_vectorfunc.cc,60,60,0,0,mariadb_target_000826;mariadb_target_002362
mariadb_griffin_r2,mariadb,2,root/mariadb/sql/item_vectorfunc.cc:61:0:0,/root/mariadb/sql/item_vectorfunc.cc,61,61,0,0,mariadb_target_000826;mariadb_target_002362;mariadb_target_002363
mariadb_griffin_r2,mariadb,2,root/mariadb/sql/item_vectorfunc.cc:61:0:1,/root/mariadb/sql/item_vectorfunc.cc,61,61,0,0,mariadb_target_000826;mariadb_target_002362;mariadb_target_002363
mariadb_griffin_r2,mariadb,2,root/mariadb/sql/item_vectorfunc.cc:62:0:0,/root/mariadb/sql/item_vectorfunc.cc,62,62,0,0,mariadb_target_000826;mariadb_target_002362;mariadb_target_002363
mariadb_griffin_r2,mariadb,2,root/mariadb/sql/item_vectorfunc.cc:62:0:1,/root/mariadb/sql/item_vectorfunc.cc,62,62,0,0,mariadb_target_000826;mariadb_target_002362;mariadb_target_002363
mariadb_griffin_r2,mariadb,2,root/mariadb/sql/item_vectorfunc.cc:63:0:0,/root/mariadb/sql/item_vectorfunc.cc,63,63,0,0,mariadb_target_002363
mariadb_griffin_r2,mariadb,2,root/mariadb/sql/item_vectorfunc.cc:63:0:1,/root/mariadb/sql/item_vectorfunc.cc,63,63,0,0,mariadb_target_002363
mariadb_griffin_r2,mariadb,2,root/mariadb/sql/item_vectorfunc.cc:64:0:0,/root/mariadb/sql/item_vectorfunc.cc,64,64,0,0,mariadb_target_002363;mariadb_target_002364
mariadb_griffin_r2,mariadb,2,root/mariadb/sql/item_vectorfunc.cc:64:0:1,/root/mariadb/sql/item_vectorfunc.cc,64,64,0,0,mariadb_target_002363;mariadb_target_002364
mariadb_griffin_r2,mariadb,2,root/mariadb/sql/item_vectorfunc.cc:67:0:0,/root/mariadb/sql/item_vectorfunc.cc,67,67,0,0,mariadb_target_002363;mariadb_target_002364
mariadb_griffin_r2,mariadb,2,root/mariadb/sql/item_vectorfunc.cc:67:0:1,/root/mariadb/sql/item_vectorfunc.cc,67,67,0,0,mariadb_target_002363;mariadb_target_002364
mariadb_griffin_r2,mariadb,2,root/mariadb/sql/item_vectorfunc.cc:71:0:0,/root/mariadb/sql/item_vectorfunc.cc,71,71,0,0,mariadb_target_002363;mariadb_target_002364
mariadb_griffin_r2,mariadb,2,root/mariadb/sql/item_vectorfunc.cc:71:0:1,/root/mariadb/sql/item_vectorfunc.cc,71,71,0,0,mariadb_target_002363;mariadb_target_002364
mariadb_griffin_r2,mariadb,2,root/mariadb/sql/item_vectorfunc.cc:72:0:0,/root/mariadb/sql/item_vectorfunc.cc,72,72,0,0,mariadb_target_002364
mariadb_griffin_r2,mariadb,2,root/mariadb/sql/item_vectorfunc.cc:72:0:1,/root/mariadb/sql/item_vectorfunc.cc,72,72,0,0,mariadb_target_002364
mariadb_griffin_r2,mariadb,2,root/mariadb/sql/item_vectorfunc.cc:72:1:2,/root/mariadb/sql/item_vectorfunc.cc,72,72,0,0,mariadb_target_002364
mariadb_griffin_r2,mariadb,2,root/mariadb/sql/item_vectorfunc.cc:72:1:3,/root/mariadb/sql/item_vectorfunc.cc,72,72,0,0,mariadb_target_002364
mariadb_griffin_r2,mariadb,2,root/mariadb/sql/item_vectorfunc.cc:105:0:0,/root/mariadb/sql/item_vectorfunc.cc,105,105,0,0,mariadb_target_000824;mariadb_target_002357;mariadb_target_002358;mariadb_target_002359
mariadb_griffin_r2,mariadb,2,root/mariadb/sql/item_vectorfunc.cc:105:0:1,/root/mariadb/sql/item_vectorfunc.cc,105,105,0,0,mariadb_target_000824;mariadb_target_002357;mariadb_target_002358;mariadb_target_002359
mariadb_griffin_r2,mariadb,2,root/mariadb/sql/item_vectorfunc.cc:105:1:2,/root/mariadb/sql/item_vectorfunc.cc,105,105,0,0,mariadb_target_000824;mariadb_target_002357;mariadb_target_002358;mariadb_target_002359
mariadb_griffin_r2,mariadb,2,root/mariadb/sql/item_vectorfunc.cc:105:1:3,/root/mariadb/sql/item_vectorfunc.cc,105,105,0,0,mariadb_target_000824;mariadb_target_002357;mariadb_target_002358;mariadb_target_002359
mariadb_griffin_r2,mariadb,2,root/mariadb/sql/item_vectorfunc.cc:105:2:4,/root/mariadb/sql/item_vectorfunc.cc,105,105,0,0,mariadb_target_000824;mariadb_target_002357;mariadb_target_002358;mariadb_target_002359
mariadb_griffin_r2,mariadb,2,root/mariadb/sql/item_vectorfunc.cc:105:2:5,/root/mariadb/sql/item_vectorfunc.cc,105,105,0,0,mariadb_target_000824;mariadb_target_002357;mariadb_target_002358;mariadb_target_002359
mariadb_griffin_r2,mariadb,2,root/mariadb/sql/item_vectorfunc.cc:106:0:0,/root/mariadb/sql/item_vectorfunc.cc,106,106,0,0,mariadb_target_000824;mariadb_target_002357;mariadb_target_002358;mariadb_target_002359
mariadb_griffin_r2,mariadb,2,root/mariadb/sql/item_vectorfunc.cc:106:0:1,/root/mariadb/sql/item_vectorfunc.cc,106,106,0,0,mariadb_target_000824;mariadb_target_002357;mariadb_target_002358;mariadb_target_002359
mariadb_griffin_r2,mariadb,2,root/mariadb/sql/item_vectorfunc.cc:107:0:0,/root/mariadb/sql/item_vectorfunc.cc,107,107,0,0,mariadb_target_002358;mariadb_target_002359
mariadb_griffin_r2,mariadb,2,root/mariadb/sql/item_vectorfunc.cc:107:0:1,/root/mariadb/sql/item_vectorfunc.cc,107,107,0,0,mariadb_target_002358;mariadb_target_002359
mariadb_griffin_r2,mariadb,2,root/mariadb/sql/item_vectorfunc.cc:204:0:0,/root/mariadb/sql/item_vectorfunc.cc,204,204,0,0,mariadb_target_000825;mariadb_target_002360
mariadb_griffin_r2,mariadb,2,root/mariadb/sql/item_vectorfunc.cc:204:0:1,/root/mariadb/sql/item_vectorfunc.cc,204,204,0,0,mariadb_target_000825;mariadb_target_002360
mariadb_griffin_r2,mariadb,2,root/mariadb/sql/item_vectorfunc.cc:240:0:0,/root/mariadb/sql/item_vectorfunc.cc,240,240,0,0,mariadb_target_002361
mariadb_griffin_r2,mariadb,2,root/mariadb/sql/item_vectorfunc.cc:240:0:1,/root/mariadb/sql/item_vectorfunc.cc,240,240,0,0,mariadb_target_002361
mariadb_griffin_r2,mariadb,2,root/mariadb/sql/item_vectorfunc.cc:248:0:0,/root/mariadb/sql/item_vectorfunc.cc,248,248,0,0,mariadb_target_002361
mariadb_griffin_r2,mariadb,2,root/mariadb/sql/item_vectorfunc.cc:248:0:1,/root/mariadb/sql/item_vectorfunc.cc,248,248,0,0,mariadb_target_002361
mariadb_griffin_r2,mariadb,2,root/mariadb/sql/item_vers.h:62:0:0,/root/mariadb/sql/item_vers.h,62,62,0,0,mariadb_target_000828;mariadb_target_002368
mariadb_griffin_r2,mariadb,2,root/mariadb/sql/item_vers.h:62:0:1,/root/mariadb/sql/item_vers.h,62,62,0,0,mariadb_target_000828;mariadb_target_002368
mariadb_griffin_r2,mariadb,2,root/mariadb/sql/item_vers.h:92:0:0,/root/mariadb/sql/item_vers.h,92,92,0,0,mariadb_target_000829;mariadb_target_002370
mariadb_griffin_r2,mariadb,2,root/mariadb/sql/item_vers.h:92:0:1,/root/mariadb/sql/item_vers.h,92,92,0,0,mariadb_target_000829;mariadb_target_002370
mariadb_griffin_r2,mariadb,2,root/mariadb/sql/item_vers.h:94:0:0,/root/mariadb/sql/item_vers.h,94,94,0,0,mariadb_target_000829;mariadb_target_002370
mariadb_griffin_r2,mariadb,2,root/mariadb/sql/item_vers.h:94:0:1,/root/mariadb/sql/item_vers.h,94,94,0,0,mariadb_target_000829;mariadb_target_002370
mariadb_griffin_r2,mariadb,2,root/mariadb/sql/item_vers.h:96:0:0,/root/mariadb/sql/item_vers.h,96,96,0,0,mariadb_target_000829;mariadb_target_002370
mariadb_griffin_r2,mariadb,2,root/mariadb/sql/item_vers.h:96:0:1,/root/mariadb/sql/item_vers.h,96,96,0,0,mariadb_target_000829;mariadb_target_002370
mariadb_griffin_r2,mariadb,2,root/mariadb/sql/item_vers.h:98:0:0,/root/mariadb/sql/item_vers.h,98,98,0,0,mariadb_target_000829;mariadb_target_002370
mariadb_griffin_r2,mariadb,2,root/mariadb/sql/item_vers.h:98:0:1,/root/mariadb/sql/item_vers.h,98,98,0,0,mariadb_target_000829;mariadb_target_002370
mariadb_griffin_r2,mariadb,2,root/mariadb/sql/item_windowfunc.cc:68:0:0,/root/mariadb/sql/item_windowfunc.cc,68,68,0,0,mariadb_target_000837;mariadb_target_002379;mariadb_target_002380
mariadb_griffin_r2,mariadb,2,root/mariadb/sql/item_windowfunc.cc:68:0:1,/root/mariadb/sql/item_windowfunc.cc,68,68,0,0,mariadb_target_000837;mariadb_target_002379;mariadb_target_002380
mariadb_griffin_r2,mariadb,2,root/mariadb/sql/item_windowfunc.cc:74:0:0,/root/mariadb/sql/item_windowfunc.cc,74,74,0,0,mariadb_target_002380
mariadb_griffin_r2,mariadb,2,root/mariadb/sql/item_windowfunc.cc:74:0:1,/root/mariadb/sql/item_windowfunc.cc,74,74,0,0,mariadb_target_002380
mariadb_griffin_r2,mariadb,2,root/mariadb/sql/item_windowfunc.cc:88:0:0,/root/mariadb/sql/item_windowfunc.cc,88,88,0,0,mariadb_target_000838;mariadb_target_002381
mariadb_griffin_r2,mariadb,2,root/mariadb/sql/item_windowfunc.cc:88:0:1,/root/mariadb/sql/item_windowfunc.cc,88,88,0,0,mariadb_target_000838;mariadb_target_002381
mariadb_griffin_r2,mariadb,2,root/mariadb/sql/item_windowfunc.cc:89:0:0,/root/mariadb/sql/item_windowfunc.cc,89,89,0,0,mariadb_target_000838;mariadb_target_002381
mariadb_griffin_r2,mariadb,2,root/mariadb/sql/item_windowfunc.cc:89:0:1,/root/mariadb/sql/item_windowfunc.cc,89,89,0,0,mariadb_target_000838;mariadb_target_002381
mariadb_griffin_r2,mariadb,2,root/mariadb/sql/item_windowfunc.cc:393:0:0,/root/mariadb/sql/item_windowfunc.cc,393,393,0,0,mariadb_target_000831;mariadb_target_002372
mariadb_griffin_r2,mariadb,2,root/mariadb/sql/item_windowfunc.cc:393:0:1,/root/mariadb/sql/item_windowfunc.cc,393,393,0,0,mariadb_target_000831;mariadb_target_002372
mariadb_griffin_r2,mariadb,2,root/mariadb/sql/item_windowfunc.cc:401:0:0,/root/mariadb/sql/item_windowfunc.cc,401,401,0,0,mariadb_target_000831;mariadb_target_002372
mariadb_griffin_r2,mariadb,2,root/mariadb/sql/item_windowfunc.cc:401:0:1,/root/mariadb/sql/item_windowfunc.cc,401,401,0,0,mariadb_target_000831;mariadb_target_002372
mariadb_griffin_r2,mariadb,2,root/mariadb/sql/item_windowfunc.cc:404:0:0,/root/mariadb/sql/item_windowfunc.cc,404,404,0,0,mariadb_target_000832;mariadb_target_002373
mariadb_griffin_r2,mariadb,2,root/mariadb/sql/item_windowfunc.cc:404:0:1,/root/mariadb/sql/item_windowfunc.cc,404,404,0,0,mariadb_target_000832;mariadb_target_002373
mariadb_griffin_r2,mariadb,2,root/mariadb/sql/item_windowfunc.cc:412:0:0,/root/mariadb/sql/item_windowfunc.cc,412,412,0,0,mariadb_target_000832;mariadb_target_002373
mariadb_griffin_r2,mariadb,2,root/mariadb/sql/item_windowfunc.cc:412:0:1,/root/mariadb/sql/item_windowfunc.cc,412,412,0,0,mariadb_target_000832;mariadb_target_002373
mariadb_griffin_r2,mariadb,2,root/mariadb/sql/item_windowfunc.cc:415:0:0,/root/mariadb/sql/item_windowfunc.cc,415,415,0,0,mariadb_target_000833;mariadb_target_002374
mariadb_griffin_r2,mariadb,2,root/mariadb/sql/item_windowfunc.cc:415:0:1,/root/mariadb/sql/item_windowfunc.cc,415,415,0,0,mariadb_target_000833;mariadb_target_002374
mariadb_griffin_r2,mariadb,2,root/mariadb/sql/item_windowfunc.cc:423:0:0,/root/mariadb/sql/item_windowfunc.cc,423,423,0,0,mariadb_target_000833;mariadb_target_002374;mariadb_target_002375
mariadb_griffin_r2,mariadb,2,root/mariadb/sql/item_windowfunc.cc:423:0:1,/root/mariadb/sql/item_windowfunc.cc,423,423,0,0,mariadb_target_000833;mariadb_target_002374;mariadb_target_002375
mariadb_griffin_r2,mariadb,2,root/mariadb/sql/item_windowfunc.cc:426:0:0,/root/mariadb/sql/item_windowfunc.cc,426,426,0,0,mariadb_target_002375
mariadb_griffin_r2,mariadb,2,root/mariadb/sql/item_windowfunc.cc:426:0:1,/root/mariadb/sql/item_windowfunc.cc,426,426,0,0,mariadb_target_002375
mariadb_griffin_r2,mariadb,2,root/mariadb/sql/item_windowfunc.cc:435:0:0,/root/mariadb/sql/item_windowfunc.cc,435,435,0,0,mariadb_target_000834;mariadb_target_002376
mariadb_griffin_r2,mariadb,2,root/mariadb/sql/item_windowfunc.cc:435:0:1,/root/mariadb/sql/item_windowfunc.cc,435,435,0,0,mariadb_target_000834;mariadb_target_002376
mariadb_griffin_r2,mariadb,2,root/mariadb/sql/item_windowfunc.cc:471:0:0,/root/mariadb/sql/item_windowfunc.cc,471,471,0,0,mariadb_target_000835;mariadb_target_002377
mariadb_griffin_r2,mariadb,2,root/mariadb/sql/item_windowfunc.cc:471:0:1,/root/mariadb/sql/item_windowfunc.cc,471,471,0,0,mariadb_target_000835;mariadb_target_002377
mariadb_griffin_r2,mariadb,2,root/mariadb/sql/item_windowfunc.cc:472:0:0,/root/mariadb/sql/item_windowfunc.cc,472,472,0,0,mariadb_target_000835;mariadb_target_002377
mariadb_griffin_r2,mariadb,2,root/mariadb/sql/item_windowfunc.cc:472:0:1,/root/mariadb/sql/item_windowfunc.cc,472,472,0,0,mariadb_target_000835;mariadb_target_002377
mariadb_griffin_r2,mariadb,2,root/mariadb/sql/item_windowfunc.cc:555:0:0,/root/mariadb/sql/item_windowfunc.cc,555,555,0,0,mariadb_target_000836;mariadb_target_002378
mariadb_griffin_r2,mariadb,2,root/mariadb/sql/item_windowfunc.cc:555:0:1,/root/mariadb/sql/item_windowfunc.cc,555,555,0,0,mariadb_target_000836;mariadb_target_002378
mariadb_griffin_r2,mariadb,2,root/mariadb/sql/item_windowfunc.h:771:0:0,/root/mariadb/sql/item_windowfunc.h,771,771,0,0,mariadb_target_000847;mariadb_target_002410
mariadb_griffin_r2,mariadb,2,root/mariadb/sql/item_windowfunc.h:771:0:1,/root/mariadb/sql/item_windowfunc.h,771,771,0,0,mariadb_target_000847;mariadb_target_002410
mariadb_griffin_r2,mariadb,2,root/mariadb/sql/item_windowfunc.h:771:1:2,/root/mariadb/sql/item_windowfunc.h,771,771,0,0,mariadb_target_000847;mariadb_target_002410
mariadb_griffin_r2,mariadb,2,root/mariadb/sql/item_windowfunc.h:771:1:3,/root/mariadb/sql/item_windowfunc.h,771,771,0,0,mariadb_target_000847;mariadb_target_002410
mariadb_griffin_r2,mariadb,2,root/mariadb/sql/item_windowfunc.h:782:0:0,/root/mariadb/sql/item_windowfunc.h,782,782,0,0,mariadb_target_000848;mariadb_target_002411
mariadb_griffin_r2,mariadb,2,root/mariadb/sql/item_windowfunc.h:782:0:1,/root/mariadb/sql/item_windowfunc.h,782,782,0,0,mariadb_target_000848;mariadb_target_002411
mariadb_griffin_r2,mariadb,2,root/mariadb/sql/item_windowfunc.h:782:1:2,/root/mariadb/sql/item_windowfunc.h,782,782,0,0,mariadb_target_000848;mariadb_target_002411
mariadb_griffin_r2,mariadb,2,root/mariadb/sql/item_windowfunc.h:782:1:3,/root/mariadb/sql/item_windowfunc.h,782,782,0,0,mariadb_target_000848;mariadb_target_002411
mariadb_griffin_r2,mariadb,2,root/mariadb/sql/item_windowfunc.h:793:0:0,/root/mariadb/sql/item_windowfunc.h,793,793,0,0,mariadb_target_000849;mariadb_target_002412
mariadb_griffin_r2,mariadb,2,root/mariadb/sql/item_windowfunc.h:793:0:1,/root/mariadb/sql/item_windowfunc.h,793,793,0,0,mariadb_target_000849;mariadb_target_002412
mariadb_griffin_r2,mariadb,2,root/mariadb/sql/item_windowfunc.h:793:1:2,/root/mariadb/sql/item_windowfunc.h,793,793,0,0,mariadb_target_000849;mariadb_target_002412
mariadb_griffin_r2,mariadb,2,root/mariadb/sql/item_windowfunc.h:793:1:3,/root/mariadb/sql/item_windowfunc.h,793,793,0,0,mariadb_target_000849;mariadb_target_002412
mariadb_griffin_r2,mariadb,2,root/mariadb/sql/item_windowfunc.h:804:0:0,/root/mariadb/sql/item_windowfunc.h,804,804,0,0,mariadb_target_000850;mariadb_target_002413;mariadb_target_002414
mariadb_griffin_r2,mariadb,2,root/mariadb/sql/item_windowfunc.h:804:0:1,/root/mariadb/sql/item_windowfunc.h,804,804,0,0,mariadb_target_000850;mariadb_target_002413;mariadb_target_002414
mariadb_griffin_r2,mariadb,2,root/mariadb/sql/item_windowfunc.h:804:1:2,/root/mariadb/sql/item_windowfunc.h,804,804,0,0,mariadb_target_000850;mariadb_target_002413;mariadb_target_002414
mariadb_griffin_r2,mariadb,2,root/mariadb/sql/item_windowfunc.h:804:1:3,/root/mariadb/sql/item_windowfunc.h,804,804,0,0,mariadb_target_000850;mariadb_target_002413;mariadb_target_002414
mariadb_griffin_r2,mariadb,2,root/mariadb/sql/item_windowfunc.h:826:0:0,/root/mariadb/sql/item_windowfunc.h,826,826,0,0,mariadb_target_000851;mariadb_target_002415
mariadb_griffin_r2,mariadb,2,root/mariadb/sql/item_windowfunc.h:826:0:1,/root/mariadb/sql/item_windowfunc.h,826,826,0,0,mariadb_target_000851;mariadb_target_002415
mariadb_griffin_r2,mariadb,2,root/mariadb/sql/item_windowfunc.h:826:1:2,/root/mariadb/sql/item_windowfunc.h,826,826,0,0,mariadb_target_000851;mariadb_target_002415
mariadb_griffin_r2,mariadb,2,root/mariadb/sql/item_windowfunc.h:826:1:3,/root/mariadb/sql/item_windowfunc.h,826,826,0,0,mariadb_target_000851;mariadb_target_002415
mariadb_griffin_r2,mariadb,2,root/mariadb/sql/item_windowfunc.h:838:0:0,/root/mariadb/sql/item_windowfunc.h,838,838,0,0,mariadb_target_000852;mariadb_target_002416
mariadb_griffin_r2,mariadb,2,root/mariadb/sql/item_windowfunc.h:838:0:1,/root/mariadb/sql/item_windowfunc.h,838,838,0,0,mariadb_target_000852;mariadb_target_002416
mariadb_griffin_r2,mariadb,2,root/mariadb/sql/item_windowfunc.h:942:0:0,/root/mariadb/sql/item_windowfunc.h,942,942,0,0,mariadb_target_000854;mariadb_target_002418
mariadb_griffin_r2,mariadb,2,root/mariadb/sql/item_windowfunc.h:942:0:1,/root/mariadb/sql/item_windowfunc.h,942,942,0,0,mariadb_target_000854;mariadb_target_002418
mariadb_griffin_r2,mariadb,2,root/mariadb/sql/item_windowfunc.h:942:1:2,/root/mariadb/sql/item_windowfunc.h,942,942,0,0,mariadb_target_000854;mariadb_target_002418
mariadb_griffin_r2,mariadb,2,root/mariadb/sql/item_windowfunc.h:942:1:3,/root/mariadb/sql/item_windowfunc.h,942,942,0,0,mariadb_target_000854;mariadb_target_002418
mariadb_griffin_r2,mariadb,2,root/mariadb/sql/item_windowfunc.h:970:0:0,/root/mariadb/sql/item_windowfunc.h,970,970,0,0,mariadb_target_000855;mariadb_target_002419
mariadb_griffin_r2,mariadb,2,root/mariadb/sql/item_windowfunc.h:970:0:1,/root/mariadb/sql/item_windowfunc.h,970,970,0,0,mariadb_target_000855;mariadb_target_002419
mariadb_griffin_r2,mariadb,2,root/mariadb/sql/item_windowfunc.h:1119:0:0,/root/mariadb/sql/item_windowfunc.h,1119,1119,0,0,mariadb_target_000840;mariadb_target_002383;mariadb_target_002384
mariadb_griffin_r2,mariadb,2,root/mariadb/sql/item_windowfunc.h:1119:0:1,/root/mariadb/sql/item_windowfunc.h,1119,1119,0,0,mariadb_target_000840;mariadb_target_002383;mariadb_target_002384
mariadb_griffin_r2,mariadb,2,root/mariadb/sql/item_windowfunc.h:1119:1:2,/root/mariadb/sql/item_windowfunc.h,1119,1119,0,0,mariadb_target_000840;mariadb_target_002383;mariadb_target_002384
mariadb_griffin_r2,mariadb,2,root/mariadb/sql/item_windowfunc.h:1119:1:3,/root/mariadb/sql/item_windowfunc.h,1119,1119,0,0,mariadb_target_000840;mariadb_target_002383;mariadb_target_002384
mariadb_griffin_r2,mariadb,2,root/mariadb/sql/item_windowfunc.h:1119:2:4,/root/mariadb/sql/item_windowfunc.h,1119,1119,0,0,mariadb_target_000840;mariadb_target_002383;mariadb_target_002384
mariadb_griffin_r2,mariadb,2,root/mariadb/sql/item_windowfunc.h:1119:2:5,/root/mariadb/sql/item_windowfunc.h,1119,1119,0,0,mariadb_target_000840;mariadb_target_002383;mariadb_target_002384
mariadb_griffin_r2,mariadb,2,root/mariadb/sql/item_windowfunc.h:1280:0:0,/root/mariadb/sql/item_windowfunc.h,1280,1280,0,0,mariadb_target_000841;mariadb_target_002386;mariadb_target_002387
mariadb_griffin_r2,mariadb,2,root/mariadb/sql/item_windowfunc.h:1280:0:1,/root/mariadb/sql/item_windowfunc.h,1280,1280,0,0,mariadb_target_000841;mariadb_target_002386;mariadb_target_002387
mariadb_griffin_r2,mariadb,2,root/mariadb/sql/item_windowfunc.h:1285:0:0,/root/mariadb/sql/item_windowfunc.h,1285,1285,0,0,mariadb_target_002387;mariadb_target_002388;mariadb_target_002389
mariadb_griffin_r2,mariadb,2,root/mariadb/sql/item_windowfunc.h:1285:0:1,/root/mariadb/sql/item_windowfunc.h,1285,1285,0,0,mariadb_target_002387;mariadb_target_002388;mariadb_target_002389
mariadb_griffin_r2,mariadb,2,root/mariadb/sql/item_windowfunc.h:1301:0:0,/root/mariadb/sql/item_windowfunc.h,1301,1301,0,0,mariadb_target_000842;mariadb_target_002391;mariadb_target_002392
mariadb_griffin_r2,mariadb,2,root/mariadb/sql/item_windowfunc.h:1301:0:1,/root/mariadb/sql/item_windowfunc.h,1301,1301,0,0,mariadb_target_000842;mariadb_target_002391;mariadb_target_002392
mariadb_griffin_r2,mariadb,2,root/mariadb/sql/item_windowfunc.h:1306:0:0,/root/mariadb/sql/item_windowfunc.h,1306,1306,0,0,mariadb_target_002392;mariadb_target_002393;mariadb_target_002394
mariadb_griffin_r2,mariadb,2,root/mariadb/sql/item_windowfunc.h:1306:0:1,/root/mariadb/sql/item_windowfunc.h,1306,1306,0,0,mariadb_target_002392;mariadb_target_002393;mariadb_target_002394
mariadb_griffin_r2,mariadb,2,root/mariadb/sql/item_windowfunc.h:1322:0:0,/root/mariadb/sql/item_windowfunc.h,1322,1322,0,0,mariadb_target_000843;mariadb_target_002396;mariadb_target_002397
mariadb_griffin_r2,mariadb,2,root/mariadb/sql/item_windowfunc.h:1322:0:1,/root/mariadb/sql/item_windowfunc.h,1322,1322,0,0,mariadb_target_000843;mariadb_target_002396;mariadb_target_002397
mariadb_griffin_r2,mariadb,2,root/mariadb/sql/item_windowfunc.h:1327:0:0,/root/mariadb/sql/item_windowfunc.h,1327,1327,0,0,mariadb_target_002397;mariadb_target_002398;mariadb_target_002399
mariadb_griffin_r2,mariadb,2,root/mariadb/sql/item_windowfunc.h:1327:0:1,/root/mariadb/sql/item_windowfunc.h,1327,1327,0,0,mariadb_target_002397;mariadb_target_002398;mariadb_target_002399
mariadb_griffin_r2,mariadb,2,root/mariadb/sql/item_windowfunc.h:1329:0:0,/root/mariadb/sql/item_windowfunc.h,1329,1329,0,0,mariadb_target_002397;mariadb_target_002398;mariadb_target_002399
mariadb_griffin_r2,mariadb,2,root/mariadb/sql/item_windowfunc.h:1329:0:1,/root/mariadb/sql/item_windowfunc.h,1329,1329,0,0,mariadb_target_002397;mariadb_target_002398;mariadb_target_002399
mariadb_griffin_r2,mariadb,2,root/mariadb/sql/item_windowfunc.h:1344:0:0,/root/mariadb/sql/item_windowfunc.h,1344,1344,0,0,mariadb_target_000844;mariadb_target_002401;mariadb_target_002402;mariadb_target_002403
mariadb_griffin_r2,mariadb,2,root/mariadb/sql/item_windowfunc.h:1344:0:1,/root/mariadb/sql/item_windowfunc.h,1344,1344,0,0,mariadb_target_000844;mariadb_target_002401;mariadb_target_002402;mariadb_target_002403
mariadb_griffin_r2,mariadb,2,root/mariadb/sql/item_windowfunc.h:1346:0:0,/root/mariadb/sql/item_windowfunc.h,1346,1346,0,0,mariadb_target_000844;mariadb_target_000845;mariadb_target_002401;mariadb_target_002402;mariadb_target_002403;mariadb_target_002404
mariadb_griffin_r2,mariadb,2,root/mariadb/sql/item_windowfunc.h:1346:0:1,/root/mariadb/sql/item_windowfunc.h,1346,1346,0,0,mariadb_target_000844;mariadb_target_000845;mariadb_target_002401;mariadb_target_002402;mariadb_target_002403;mariadb_target_002404
mariadb_griffin_r2,mariadb,2,root/mariadb/sql/item_windowfunc.h:1354:0:0,/root/mariadb/sql/item_windowfunc.h,1354,1354,0,0,mariadb_target_000845;mariadb_target_002404;mariadb_target_002405
mariadb_griffin_r2,mariadb,2,root/mariadb/sql/item_windowfunc.h:1354:0:1,/root/mariadb/sql/item_windowfunc.h,1354,1354,0,0,mariadb_target_000845;mariadb_target_002404;mariadb_target_002405
mariadb_griffin_r2,mariadb,2,root/mariadb/sql/item_windowfunc.h:1359:0:0,/root/mariadb/sql/item_windowfunc.h,1359,1359,0,0,mariadb_target_002405;mariadb_target_002406;mariadb_target_002407
mariadb_griffin_r2,mariadb,2,root/mariadb/sql/item_windowfunc.h:1359:0:1,/root/mariadb/sql/item_windowfunc.h,1359,1359,0,0,mariadb_target_002405;mariadb_target_002406;mariadb_target_002407
mariadb_griffin_r2,mariadb,2,root/mariadb/sql/item_windowfunc.h:1361:0:0,/root/mariadb/sql/item_windowfunc.h,1361,1361,0,0,mariadb_target_002405;mariadb_target_002406;mariadb_target_002407
mariadb_griffin_r2,mariadb,2,root/mariadb/sql/item_windowfunc.h:1361:0:1,/root/mariadb/sql/item_windowfunc.h,1361,1361,0,0,mariadb_target_002405;mariadb_target_002406;mariadb_target_002407
mariadb_griffin_r2,mariadb,2,root/mariadb/sql/item_xmlfunc.cc:167:0:0,/root/mariadb/sql/item_xmlfunc.cc,167,167,0,0,mariadb_target_002421
mariadb_griffin_r2,mariadb,2,root/mariadb/sql/item_xmlfunc.cc:167:0:1,/root/mariadb/sql/item_xmlfunc.cc,167,167,0,0,mariadb_target_002421
mariadb_griffin_r2,mariadb,2,root/mariadb/sql/item_xmlfunc.cc:171:0:0,/root/mariadb/sql/item_xmlfunc.cc,171,171,0,0,mariadb_target_002421
mariadb_griffin_r2,mariadb,2,root/mariadb/sql/item_xmlfunc.cc:171:0:1,/root/mariadb/sql/item_xmlfunc.cc,171,171,0,0,mariadb_target_002421
mariadb_griffin_r2,mariadb,2,root/mariadb/sql/item_xmlfunc.cc:173:0:0,/root/mariadb/sql/item_xmlfunc.cc,173,173,0,0,mariadb_target_002421
mariadb_griffin_r2,mariadb,2,root/mariadb/sql/item_xmlfunc.cc:173:0:1,/root/mariadb/sql/item_xmlfunc.cc,173,173,0,0,mariadb_target_002421
mariadb_griffin_r2,mariadb,2,root/mariadb/sql/item_xmlfunc.cc:174:0:0,/root/mariadb/sql/item_xmlfunc.cc,174,174,0,0,mariadb_target_002421
mariadb_griffin_r2,mariadb,2,root/mariadb/sql/item_xmlfunc.cc:174:0:1,/root/mariadb/sql/item_xmlfunc.cc,174,174,0,0,mariadb_target_002421
mariadb_griffin_r2,mariadb,2,root/mariadb/sql/item_xmlfunc.cc:181:0:0,/root/mariadb/sql/item_xmlfunc.cc,181,181,0,0,mariadb_target_002421
mariadb_griffin_r2,mariadb,2,root/mariadb/sql/item_xmlfunc.cc:181:0:1,/root/mariadb/sql/item_xmlfunc.cc,181,181,0,0,mariadb_target_002421
mariadb_griffin_r2,mariadb,2,root/mariadb/sql/item_xmlfunc.cc:183:0:0,/root/mariadb/sql/item_xmlfunc.cc,183,183,0,0,mariadb_target_002421
mariadb_griffin_r2,mariadb,2,root/mariadb/sql/item_xmlfunc.cc:183:0:1,/root/mariadb/sql/item_xmlfunc.cc,183,183,0,0,mariadb_target_002421
mariadb_griffin_r2,mariadb,2,root/mariadb/sql/item_xmlfunc.cc:185:0:0,/root/mariadb/sql/item_xmlfunc.cc,185,185,0,0,mariadb_target_002421
mariadb_griffin_r2,mariadb,2,root/mariadb/sql/item_xmlfunc.cc:185:0:1,/root/mariadb/sql/item_xmlfunc.cc,185,185,0,0,mariadb_target_002421
mariadb_griffin_r2,mariadb,2,root/mariadb/sql/item_xmlfunc.cc:700:0:0,/root/mariadb/sql/item_xmlfunc.cc,700,700,0,0,mariadb_target_002425
mariadb_griffin_r2,mariadb,2,root/mariadb/sql/item_xmlfunc.cc:700:0:1,/root/mariadb/sql/item_xmlfunc.cc,700,700,0,0,mariadb_target_002425
mariadb_griffin_r2,mariadb,2,root/mariadb/sql/item_xmlfunc.cc:785:0:0,/root/mariadb/sql/item_xmlfunc.cc,785,785,0,0,mariadb_target_002427
mariadb_griffin_r2,mariadb,2,root/mariadb/sql/item_xmlfunc.cc:785:0:1,/root/mariadb/sql/item_xmlfunc.cc,785,785,0,0,mariadb_target_002427
mariadb_griffin_r2,mariadb,2,root/mariadb/sql/item_xmlfunc.cc:792:0:0,/root/mariadb/sql/item_xmlfunc.cc,792,792,0,0,mariadb_target_002427
mariadb_griffin_r2,mariadb,2,root/mariadb/sql/item_xmlfunc.cc:792:0:1,/root/mariadb/sql/item_xmlfunc.cc,792,792,0,0,mariadb_target_002427
mariadb_griffin_r2,mariadb,2,root/mariadb/sql/item_xmlfunc.cc:792:1:2,/root/mariadb/sql/item_xmlfunc.cc,792,792,0,0,mariadb_target_002427
mariadb_griffin_r2,mariadb,2,root/mariadb/sql/item_xmlfunc.cc:792:1:3,/root/mariadb/sql/item_xmlfunc.cc,792,792,0,0,mariadb_target_002427
mariadb_griffin_r2,mariadb,2,root/mariadb/sql/item_xmlfunc.cc:798:0:0,/root/mariadb/sql/item_xmlfunc.cc,798,798,0,0,mariadb_target_002427
mariadb_griffin_r2,mariadb,2,root/mariadb/sql/item_xmlfunc.cc:798:0:1,/root/mariadb/sql/item_xmlfunc.cc,798,798,0,0,mariadb_target_002427
mariadb_griffin_r2,mariadb,2,root/mariadb/sql/item_xmlfunc.cc:800:0:0,/root/mariadb/sql/item_xmlfunc.cc,800,800,0,0,mariadb_target_002427
mariadb_griffin_r2,mariadb,2,root/mariadb/sql/item_xmlfunc.cc:800:0:1,/root/mariadb/sql/item_xmlfunc.cc,800,800,0,0,mariadb_target_002427
mariadb_griffin_r2,mariadb,2,root/mariadb/sql/item_xmlfunc.cc:800:1:2,/root/mariadb/sql/item_xmlfunc.cc,800,800,0,0,mariadb_target_002427
mariadb_griffin_r2,mariadb,2,root/mariadb/sql/item_xmlfunc.cc:800:1:3,/root/mariadb/sql/item_xmlfunc.cc,800,800,0,0,mariadb_target_002427
mariadb_griffin_r2,mariadb,2,root/mariadb/sql/item_xmlfunc.cc:808:0:0,/root/mariadb/sql/item_xmlfunc.cc,808,808,0,0,mariadb_target_002427
mariadb_griffin_r2,mariadb,2,root/mariadb/sql/item_xmlfunc.cc:808:0:1,/root/mariadb/sql/item_xmlfunc.cc,808,808,0,0,mariadb_target_002427
mariadb_griffin_r2,mariadb,2,root/mariadb/sql/item_xmlfunc.cc:810:0:0,/root/mariadb/sql/item_xmlfunc.cc,810,810,0,0,mariadb_target_002427
mariadb_griffin_r2,mariadb,2,root/mariadb/sql/item_xmlfunc.cc:810:0:1,/root/mariadb/sql/item_xmlfunc.cc,810,810,0,0,mariadb_target_002427
mariadb_griffin_r2,mariadb,2,root/mariadb/sql/item_xmlfunc.cc:825:0:0,/root/mariadb/sql/item_xmlfunc.cc,825,825,0,0,mariadb_target_002429
mariadb_griffin_r2,mariadb,2,root/mariadb/sql/item_xmlfunc.cc:825:0:1,/root/mariadb/sql/item_xmlfunc.cc,825,825,0,0,mariadb_target_002429
mariadb_griffin_r2,mariadb,2,root/mariadb/sql/item_xmlfunc.cc:828:0:0,/root/mariadb/sql/item_xmlfunc.cc,828,828,0,0,mariadb_target_002429
mariadb_griffin_r2,mariadb,2,root/mariadb/sql/item_xmlfunc.cc:828:0:1,/root/mariadb/sql/item_xmlfunc.cc,828,828,0,0,mariadb_target_002429
mariadb_griffin_r2,mariadb,2,root/mariadb/sql/item_xmlfunc.cc:828:1:2,/root/mariadb/sql/item_xmlfunc.cc,828,828,0,0,mariadb_target_002429
mariadb_griffin_r2,mariadb,2,root/mariadb/sql/item_xmlfunc.cc:828:1:3,/root/mariadb/sql/item_xmlfunc.cc,828,828,0,0,mariadb_target_002429
mariadb_griffin_r2,mariadb,2,root/mariadb/sql/item_xmlfunc.cc:831:0:0,/root/mariadb/sql/item_xmlfunc.cc,831,831,0,0,mariadb_target_002429
mariadb_griffin_r2,mariadb,2,root/mariadb/sql/item_xmlfunc.cc:831:0:1,/root/mariadb/sql/item_xmlfunc.cc,831,831,0,0,mariadb_target_002429
mariadb_griffin_r2,mariadb,2,root/mariadb/sql/item_xmlfunc.cc:833:0:0,/root/mariadb/sql/item_xmlfunc.cc,833,833,0,0,mariadb_target_002429
mariadb_griffin_r2,mariadb,2,root/mariadb/sql/item_xmlfunc.cc:833:0:1,/root/mariadb/sql/item_xmlfunc.cc,833,833,0,0,mariadb_target_002429
mariadb_griffin_r2,mariadb,2,root/mariadb/sql/json_table.cc:1006:0:0,/root/mariadb/sql/json_table.cc,1006,1006,0,0,mariadb_target_000862;mariadb_target_002430;mariadb_target_002431
mariadb_griffin_r2,mariadb,2,root/mariadb/sql/json_table.cc:1006:0:1,/root/mariadb/sql/json_table.cc,1006,1006,0,0,mariadb_target_000862;mariadb_target_002430;mariadb_target_002431
mariadb_griffin_r2,mariadb,2,root/mariadb/sql/json_table.cc:1007:0:0,/root/mariadb/sql/json_table.cc,1007,1007,0,0,mariadb_target_000862;mariadb_target_002430;mariadb_target_002431
mariadb_griffin_r2,mariadb,2,root/mariadb/sql/json_table.cc:1007:0:1,/root/mariadb/sql/json_table.cc,1007,1007,0,0,mariadb_target_000862;mariadb_target_002430;mariadb_target_002431
mariadb_griffin_r2,mariadb,2,root/mariadb/sql/json_table.cc:1010:0:0,/root/mariadb/sql/json_table.cc,1010,1010,0,0,mariadb_target_002431
mariadb_griffin_r2,mariadb,2,root/mariadb/sql/json_table.cc:1010:0:1,/root/mariadb/sql/json_table.cc,1010,1010,0,0,mariadb_target_002431
mariadb_griffin_r2,mariadb,2,root/mariadb/sql/json_table.cc:1012:0:0,/root/mariadb/sql/json_table.cc,1012,1012,0,0,mariadb_target_002431
mariadb_griffin_r2,mariadb,2,root/mariadb/sql/json_table.cc:1012:0:1,/root/mariadb/sql/json_table.cc,1012,1012,0,0,mariadb_target_002431
mariadb_griffin_r2,mariadb,2,root/mariadb/sql/json_table.cc:1013:0:0,/root/mariadb/sql/json_table.cc,1013,1013,0,0,mariadb_target_002431
mariadb_griffin_r2,mariadb,2,root/mariadb/sql/json_table.cc:1013:0:1,/root/mariadb/sql/json_table.cc,1013,1013,0,0,mariadb_target_002431
mariadb_griffin_r2,mariadb,2,root/mariadb/sql/json_table.cc:1016:0:0,/root/mariadb/sql/json_table.cc,1016,1016,0,0,mariadb_target_002431
mariadb_griffin_r2,mariadb,2,root/mariadb/sql/json_table.cc:1016:0:1,/root/mariadb/sql/json_table.cc,1016,1016,0,0,mariadb_target_002431
mariadb_griffin_r2,mariadb,2,root/mariadb/sql/json_table.cc:1017:0:0,/root/mariadb/sql/json_table.cc,1017,1017,0,0,mariadb_target_002431
mariadb_griffin_r2,mariadb,2,root/mariadb/sql/json_table.cc:1017:0:1,/root/mariadb/sql/json_table.cc,1017,1017,0,0,mariadb_target_002431
mariadb_griffin_r2,mariadb,2,root/mariadb/sql/json_table.cc:1024:0:0,/root/mariadb/sql/json_table.cc,1024,1024,0,0,mariadb_target_002431
mariadb_griffin_r2,mariadb,2,root/mariadb/sql/json_table.cc:1024:0:1,/root/mariadb/sql/json_table.cc,1024,1024,0,0,mariadb_target_002431
mariadb_griffin_r2,mariadb,2,root/mariadb/sql/json_table.cc:1024:1:2,/root/mariadb/sql/json_table.cc,1024,1024,0,0,mariadb_target_002431
mariadb_griffin_r2,mariadb,2,root/mariadb/sql/json_table.cc:1024:1:3,/root/mariadb/sql/json_table.cc,1024,1024,0,0,mariadb_target_002431
mariadb_griffin_r2,mariadb,2,root/mariadb/sql/json_table.cc:1026:0:0,/root/mariadb/sql/json_table.cc,1026,1026,0,0,mariadb_target_002431
mariadb_griffin_r2,mariadb,2,root/mariadb/sql/json_table.cc:1026:0:1,/root/mariadb/sql/json_table.cc,1026,1026,0,0,mariadb_target_002431
mariadb_griffin_r2,mariadb,2,root/mariadb/sql/json_table.cc:1026:1:2,/root/mariadb/sql/json_table.cc,1026,1026,0,0,mariadb_target_002431
mariadb_griffin_r2,mariadb,2,root/mariadb/sql/json_table.cc:1026:1:3,/root/mariadb/sql/json_table.cc,1026,1026,0,0,mariadb_target_002431
mariadb_griffin_r2,mariadb,2,root/mariadb/sql/json_table.cc:1026:2:4,/root/mariadb/sql/json_table.cc,1026,1026,0,0,mariadb_target_002431
mariadb_griffin_r2,mariadb,2,root/mariadb/sql/json_table.cc:1026:2:5,/root/mariadb/sql/json_table.cc,1026,1026,0,0,mariadb_target_002431
mariadb_griffin_r2,mariadb,2,root/mariadb/sql/json_table.cc:1027:0:0,/root/mariadb/sql/json_table.cc,1027,1027,0,0,mariadb_target_002431
mariadb_griffin_r2,mariadb,2,root/mariadb/sql/json_table.cc:1027:0:1,/root/mariadb/sql/json_table.cc,1027,1027,0,0,mariadb_target_002431
mariadb_griffin_r2,mariadb,2,root/mariadb/sql/json_table.cc:1028:0:0,/root/mariadb/sql/json_table.cc,1028,1028,0,0,mariadb_target_002431
mariadb_griffin_r2,mariadb,2,root/mariadb/sql/json_table.cc:1028:0:1,/root/mariadb/sql/json_table.cc,1028,1028,0,0,mariadb_target_002431
mariadb_griffin_r2,mariadb,2,root/mariadb/sql/json_table.cc:1029:0:0,/root/mariadb/sql/json_table.cc,1029,1029,0,0,mariadb_target_002431
mariadb_griffin_r2,mariadb,2,root/mariadb/sql/json_table.cc:1029:0:1,/root/mariadb/sql/json_table.cc,1029,1029,0,0,mariadb_target_002431
mariadb_griffin_r2,mariadb,2,root/mariadb/sql/json_table.cc:1030:0:0,/root/mariadb/sql/json_table.cc,1030,1030,0,0,mariadb_target_002431
mariadb_griffin_r2,mariadb,2,root/mariadb/sql/json_table.cc:1030:0:1,/root/mariadb/sql/json_table.cc,1030,1030,0,0,mariadb_target_002431
mariadb_griffin_r2,mariadb,2,root/mariadb/sql/json_table.cc:1031:0:0,/root/mariadb/sql/json_table.cc,1031,1031,0,0,mariadb_target_002431
mariadb_griffin_r2,mariadb,2,root/mariadb/sql/json_table.cc:1031:0:1,/root/mariadb/sql/json_table.cc,1031,1031,0,0,mariadb_target_002431
mariadb_griffin_r2,mariadb,2,root/mariadb/sql/json_table.cc:1032:0:0,/root/mariadb/sql/json_table.cc,1032,1032,0,0,mariadb_target_002431
mariadb_griffin_r2,mariadb,2,root/mariadb/sql/json_table.cc:1032:0:1,/root/mariadb/sql/json_table.cc,1032,1032,0,0,mariadb_target_002431
mariadb_griffin_r2,mariadb,2,root/mariadb/sql/json_table.cc:1032:1:2,/root/mariadb/sql/json_table.cc,1032,1032,0,0,mariadb_target_002431
mariadb_griffin_r2,mariadb,2,root/mariadb/sql/json_table.cc:1032:1:3,/root/mariadb/sql/json_table.cc,1032,1032,0,0,mariadb_target_002431
mariadb_griffin_r2,mariadb,2,root/mariadb/sql/json_table.cc:1033:0:0,/root/mariadb/sql/json_table.cc,1033,1033,0,0,mariadb_target_002431
mariadb_griffin_r2,mariadb,2,root/mariadb/sql/json_table.cc:1033:0:1,/root/mariadb/sql/json_table.cc,1033,1033,0,0,mariadb_target_002431
mariadb_griffin_r2,mariadb,2,root/mariadb/sql/json_table.cc:1039:0:0,/root/mariadb/sql/json_table.cc,1039,1039,0,0,mariadb_target_002431
mariadb_griffin_r2,mariadb,2,root/mariadb/sql/json_table.cc:1039:0:1,/root/mariadb/sql/json_table.cc,1039,1039,0,0,mariadb_target_002431
mariadb_griffin_r2,mariadb,2,root/mariadb/sql/json_table.cc:1040:0:0,/root/mariadb/sql/json_table.cc,1040,1040,0,0,mariadb_target_002431
mariadb_griffin_r2,mariadb,2,root/mariadb/sql/json_table.cc:1040:0:1,/root/mariadb/sql/json_table.cc,1040,1040,0,0,mariadb_target_002431
mariadb_griffin_r2,mariadb,2,root/mariadb/sql/json_table.cc:1369:0:0,/root/mariadb/sql/json_table.cc,1369,1369,0,0,mariadb_target_002435
mariadb_griffin_r2,mariadb,2,root/mariadb/sql/json_table.cc:1369:0:1,/root/mariadb/sql/json_table.cc,1369,1369,0,0,mariadb_target_002435
mariadb_griffin_r2,mariadb,2,root/mariadb/sql/json_table.cc:1374:0:0,/root/mariadb/sql/json_table.cc,1374,1374,0,0,mariadb_target_002435
mariadb_griffin_r2,mariadb,2,root/mariadb/sql/json_table.cc:1374:0:1,/root/mariadb/sql/json_table.cc,1374,1374,0,0,mariadb_target_002435
mariadb_griffin_r2,mariadb,2,root/mariadb/sql/json_table.cc:1375:0:0,/root/mariadb/sql/json_table.cc,1375,1375,0,0,mariadb_target_002435
mariadb_griffin_r2,mariadb,2,root/mariadb/sql/json_table.cc:1375:0:1,/root/mariadb/sql/json_table.cc,1375,1375,0,0,mariadb_target_002435
mariadb_griffin_r2,mariadb,2,root/mariadb/sql/json_table.cc:1376:0:0,/root/mariadb/sql/json_table.cc,1376,1376,0,0,mariadb_target_002435
mariadb_griffin_r2,mariadb,2,root/mariadb/sql/json_table.cc:1376:0:1,/root/mariadb/sql/json_table.cc,1376,1376,0,0,mariadb_target_002435
mariadb_griffin_r2,mariadb,2,root/mariadb/sql/json_table.cc:1377:0:0,/root/mariadb/sql/json_table.cc,1377,1377,0,0,mariadb_target_002435
mariadb_griffin_r2,mariadb,2,root/mariadb/sql/json_table.cc:1377:0:1,/root/mariadb/sql/json_table.cc,1377,1377,0,0,mariadb_target_002435
mariadb_griffin_r2,mariadb,2,root/mariadb/sql/json_table.cc:1378:0:0,/root/mariadb/sql/json_table.cc,1378,1378,0,0,mariadb_target_002435
mariadb_griffin_r2,mariadb,2,root/mariadb/sql/json_table.cc:1378:0:1,/root/mariadb/sql/json_table.cc,1378,1378,0,0,mariadb_target_002435
mariadb_griffin_r2,mariadb,2,root/mariadb/sql/opt_hints.cc:543:0:0,/root/mariadb/sql/opt_hints.cc,543,543,0,0,mariadb_target_000868;mariadb_target_002441
mariadb_griffin_r2,mariadb,2,root/mariadb/sql/opt_hints.cc:543:0:1,/root/mariadb/sql/opt_hints.cc,543,543,0,0,mariadb_target_000868;mariadb_target_002441
mariadb_griffin_r2,mariadb,2,root/mariadb/sql/opt_hints.cc:546:0:0,/root/mariadb/sql/opt_hints.cc,546,546,0,0,mariadb_target_000868;mariadb_target_002441
mariadb_griffin_r2,mariadb,2,root/mariadb/sql/opt_hints.cc:546:0:1,/root/mariadb/sql/opt_hints.cc,546,546,0,0,mariadb_target_000868;mariadb_target_002441
mariadb_griffin_r2,mariadb,2,root/mariadb/sql/opt_range.cc:1257:0:0,/root/mariadb/sql/opt_range.cc,1257,1257,0,0,mariadb_target_000869;mariadb_target_002442;mariadb_target_002443;mariadb_target_002444
mariadb_griffin_r2,mariadb,2,root/mariadb/sql/opt_range.cc:1257:0:1,/root/mariadb/sql/opt_range.cc,1257,1257,43316,1,mariadb_target_000869;mariadb_target_002442;mariadb_target_002443;mariadb_target_002444
mariadb_griffin_r2,mariadb,2,root/mariadb/sql/opt_range.cc:2808:0:0,/root/mariadb/sql/opt_range.cc,2808,2808,0,0,mariadb_target_002448
mariadb_griffin_r2,mariadb,2,root/mariadb/sql/opt_range.cc:2808:0:1,/root/mariadb/sql/opt_range.cc,2808,2808,164,1,mariadb_target_002448
mariadb_griffin_r2,mariadb,2,root/mariadb/sql/opt_range.cc:2838:0:0,/root/mariadb/sql/opt_range.cc,2838,2838,0,0,mariadb_target_002450
mariadb_griffin_r2,mariadb,2,root/mariadb/sql/opt_range.cc:2838:0:1,/root/mariadb/sql/opt_range.cc,2838,2838,164,1,mariadb_target_002450
mariadb_griffin_r2,mariadb,2,root/mariadb/sql/opt_range.cc:2842:0:0,/root/mariadb/sql/opt_range.cc,2842,2842,0,0,mariadb_target_002450
mariadb_griffin_r2,mariadb,2,root/mariadb/sql/opt_range.cc:2842:0:1,/root/mariadb/sql/opt_range.cc,2842,2842,164,1,mariadb_target_002450
mariadb_griffin_r2,mariadb,2,root/mariadb/sql/opt_range.cc:2891:0:0,/root/mariadb/sql/opt_range.cc,2891,2891,225,1,mariadb_target_002451
mariadb_griffin_r2,mariadb,2,root/mariadb/sql/opt_range.cc:2891:0:1,/root/mariadb/sql/opt_range.cc,2891,2891,197,1,mariadb_target_002451
mariadb_griffin_r2,mariadb,2,root/mariadb/sql/opt_range.cc:2917:0:0,/root/mariadb/sql/opt_range.cc,2917,2917,0,0,mariadb_target_002454;mariadb_target_002455
mariadb_griffin_r2,mariadb,2,root/mariadb/sql/opt_range.cc:2917:0:1,/root/mariadb/sql/opt_range.cc,2917,2917,164,1,mariadb_target_002454;mariadb_target_002455
mariadb_griffin_r2,mariadb,2,root/mariadb/sql/opt_range.cc:2918:0:0,/root/mariadb/sql/opt_range.cc,2918,2918,0,0,mariadb_target_002454;mariadb_target_002455
mariadb_griffin_r2,mariadb,2,root/mariadb/sql/opt_range.cc:2918:0:1,/root/mariadb/sql/opt_range.cc,2918,2918,164,1,mariadb_target_002454;mariadb_target_002455
mariadb_griffin_r2,mariadb,2,root/mariadb/sql/opt_range.cc:2969:0:0,/root/mariadb/sql/opt_range.cc,2969,2969,164,1,mariadb_target_002456
mariadb_griffin_r2,mariadb,2,root/mariadb/sql/opt_range.cc:2969:0:1,/root/mariadb/sql/opt_range.cc,2969,2969,0,0,mariadb_target_002456
mariadb_griffin_r2,mariadb,2,root/mariadb/sql/opt_range.cc:2970:0:0,/root/mariadb/sql/opt_range.cc,2970,2970,164,1,mariadb_target_002456
mariadb_griffin_r2,mariadb,2,root/mariadb/sql/opt_range.cc:2970:0:1,/root/mariadb/sql/opt_range.cc,2970,2970,0,0,mariadb_target_002456
mariadb_griffin_r2,mariadb,2,root/mariadb/sql/opt_range.cc:2972:0:0,/root/mariadb/sql/opt_range.cc,2972,2972,0,0,mariadb_target_002456
mariadb_griffin_r2,mariadb,2,root/mariadb/sql/opt_range.cc:2972:0:1,/root/mariadb/sql/opt_range.cc,2972,2972,164,1,mariadb_target_002456
mariadb_griffin_r2,mariadb,2,root/mariadb/sql/opt_range.cc:2975:0:0,/root/mariadb/sql/opt_range.cc,2975,2975,160,1,mariadb_target_002456
mariadb_griffin_r2,mariadb,2,root/mariadb/sql/opt_range.cc:2975:0:1,/root/mariadb/sql/opt_range.cc,2975,2975,4,1,mariadb_target_002456
mariadb_griffin_r2,mariadb,2,root/mariadb/sql/opt_range.cc:2975:1:2,/root/mariadb/sql/opt_range.cc,2975,2975,0,0,mariadb_target_002456
mariadb_griffin_r2,mariadb,2,root/mariadb/sql/opt_range.cc:2975:1:3,/root/mariadb/sql/opt_range.cc,2975,2975,4,1,mariadb_target_002456
mariadb_griffin_r2,mariadb,2,root/mariadb/sql/opt_range.cc:2980:0:0,/root/mariadb/sql/opt_range.cc,2980,2980,160,1,mariadb_target_002457
mariadb_griffin_r2,mariadb,2,root/mariadb/sql/opt_range.cc:2980:0:1,/root/mariadb/sql/opt_range.cc,2980,2980,0,0,mariadb_target_002457
mariadb_griffin_r2,mariadb,2,root/mariadb/sql/opt_range.cc:2982:0:0,/root/mariadb/sql/opt_range.cc,2982,2982,0,0,mariadb_target_002457
mariadb_griffin_r2,mariadb,2,root/mariadb/sql/opt_range.cc:2982:0:1,/root/mariadb/sql/opt_range.cc,2982,2982,160,1,mariadb_target_002457
mariadb_griffin_r2,mariadb,2,root/mariadb/sql/opt_range.cc:2984:0:0,/root/mariadb/sql/opt_range.cc,2984,2984,0,0,mariadb_target_002457
mariadb_griffin_r2,mariadb,2,root/mariadb/sql/opt_range.cc:2984:0:1,/root/mariadb/sql/opt_range.cc,2984,2984,160,1,mariadb_target_002457
mariadb_griffin_r2,mariadb,2,root/mariadb/sql/opt_range.cc:2985:0:0,/root/mariadb/sql/opt_range.cc,2985,2985,0,0,mariadb_target_002457
mariadb_griffin_r2,mariadb,2,root/mariadb/sql/opt_range.cc:2985:0:1,/root/mariadb/sql/opt_range.cc,2985,2985,0,0,mariadb_target_002457
mariadb_griffin_r2,mariadb,2,root/mariadb/sql/opt_range.cc:3037:0:0,/root/mariadb/sql/opt_range.cc,3037,3037,58,1,mariadb_target_000874;mariadb_target_002458
mariadb_griffin_r2,mariadb,2,root/mariadb/sql/opt_range.cc:3037:0:1,/root/mariadb/sql/opt_range.cc,3037,3037,64,1,mariadb_target_000874;mariadb_target_002458
mariadb_griffin_r2,mariadb,2,root/mariadb/sql/opt_range.cc:3052:0:0,/root/mariadb/sql/opt_range.cc,3052,3052,122,1,mariadb_target_000874;mariadb_target_002458
mariadb_griffin_r2,mariadb,2,root/mariadb/sql/opt_range.cc:3052:0:1,/root/mariadb/sql/opt_range.cc,3052,3052,0,0,mariadb_target_000874;mariadb_target_002458
mariadb_griffin_r2,mariadb,2,root/mariadb/sql/opt_range.cc:3053:0:0,/root/mariadb/sql/opt_range.cc,3053,3053,122,1,mariadb_target_000874;mariadb_target_002458
mariadb_griffin_r2,mariadb,2,root/mariadb/sql/opt_range.cc:3053:0:1,/root/mariadb/sql/opt_range.cc,3053,3053,0,0,mariadb_target_000874;mariadb_target_002458
mariadb_griffin_r2,mariadb,2,root/mariadb/sql/opt_range.cc:3054:0:0,/root/mariadb/sql/opt_range.cc,3054,3054,0,0,mariadb_target_000874;mariadb_target_002458
mariadb_griffin_r2,mariadb,2,root/mariadb/sql/opt_range.cc:3054:0:1,/root/mariadb/sql/opt_range.cc,3054,3054,0,0,mariadb_target_000874;mariadb_target_002458
mariadb_griffin_r2,mariadb,2,root/mariadb/sql/opt_range.cc:3056:0:0,/root/mariadb/sql/opt_range.cc,3056,3056,122,1,mariadb_target_000874;mariadb_target_002458
mariadb_griffin_r2,mariadb,2,root/mariadb/sql/opt_range.cc:3056:0:1,/root/mariadb/sql/opt_range.cc,3056,3056,0,0,mariadb_target_000874;mariadb_target_002458
mariadb_griffin_r2,mariadb,2,root/mariadb/sql/opt_range.cc:3063:0:0,/root/mariadb/sql/opt_range.cc,3063,3063,0,0,mariadb_target_000874;mariadb_target_002458
mariadb_griffin_r2,mariadb,2,root/mariadb/sql/opt_range.cc:3063:0:1,/root/mariadb/sql/opt_range.cc,3063,3063,122,1,mariadb_target_000874;mariadb_target_002458
mariadb_griffin_r2,mariadb,2,root/mariadb/sql/opt_range.cc:3072:0:0,/root/mariadb/sql/opt_range.cc,3072,3072,0,0,mariadb_target_000874;mariadb_target_002458
mariadb_griffin_r2,mariadb,2,root/mariadb/sql/opt_range.cc:3072:0:1,/root/mariadb/sql/opt_range.cc,3072,3072,0,0,mariadb_target_000874;mariadb_target_002458
mariadb_griffin_r2,mariadb,2,root/mariadb/sql/opt_range.cc:3072:1:2,/root/mariadb/sql/opt_range.cc,3072,3072,0,0,mariadb_target_000874;mariadb_target_002458
mariadb_griffin_r2,mariadb,2,root/mariadb/sql/opt_range.cc:3072:1:3,/root/mariadb/sql/opt_range.cc,3072,3072,0,0,mariadb_target_000874;mariadb_target_002458
mariadb_griffin_r2,mariadb,2,root/mariadb/sql/opt_range.cc:3073:0:0,/root/mariadb/sql/opt_range.cc,3073,3073,0,0,mariadb_target_000874;mariadb_target_002458
mariadb_griffin_r2,mariadb,2,root/mariadb/sql/opt_range.cc:3073:0:1,/root/mariadb/sql/opt_range.cc,3073,3073,0,0,mariadb_target_000874;mariadb_target_002458
mariadb_griffin_r2,mariadb,2,root/mariadb/sql/opt_range.cc:3084:0:0,/root/mariadb/sql/opt_range.cc,3084,3084,111,1,mariadb_target_000874;mariadb_target_002458
mariadb_griffin_r2,mariadb,2,root/mariadb/sql/opt_range.cc:3084:0:1,/root/mariadb/sql/opt_range.cc,3084,3084,11,1,mariadb_target_000874;mariadb_target_002458
mariadb_griffin_r2,mariadb,2,root/mariadb/sql/opt_range.cc:3085:0:0,/root/mariadb/sql/opt_range.cc,3085,3085,111,1,mariadb_target_000874;mariadb_target_002458
mariadb_griffin_r2,mariadb,2,root/mariadb/sql/opt_range.cc:3085:0:1,/root/mariadb/sql/opt_range.cc,3085,3085,0,0,mariadb_target_000874;mariadb_target_002458
mariadb_griffin_r2,mariadb,2,root/mariadb/sql/opt_range.cc:3086:0:0,/root/mariadb/sql/opt_range.cc,3086,3086,0,0,mariadb_target_000874;mariadb_target_002458
mariadb_griffin_r2,mariadb,2,root/mariadb/sql/opt_range.cc:3086:0:1,/root/mariadb/sql/opt_range.cc,3086,3086,111,1,mariadb_target_000874;mariadb_target_002458
mariadb_griffin_r2,mariadb,2,root/mariadb/sql/opt_range.cc:3087:0:0,/root/mariadb/sql/opt_range.cc,3087,3087,0,0,mariadb_target_000874;mariadb_target_002458
mariadb_griffin_r2,mariadb,2,root/mariadb/sql/opt_range.cc:3087:0:1,/root/mariadb/sql/opt_range.cc,3087,3087,0,0,mariadb_target_000874;mariadb_target_002458
mariadb_griffin_r2,mariadb,2,root/mariadb/sql/opt_range.cc:3090:0:0,/root/mariadb/sql/opt_range.cc,3090,3090,0,0,mariadb_target_000874;mariadb_target_002458
mariadb_griffin_r2,mariadb,2,root/mariadb/sql/opt_range.cc:3090:0:1,/root/mariadb/sql/opt_range.cc,3090,3090,0,0,mariadb_target_000874;mariadb_target_002458
mariadb_griffin_r2,mariadb,2,root/mariadb/sql/opt_range.cc:3100:0:0,/root/mariadb/sql/opt_range.cc,3100,3100,1,1,mariadb_target_000874;mariadb_target_002458
mariadb_griffin_r2,mariadb,2,root/mariadb/sql/opt_range.cc:3100:0:1,/root/mariadb/sql/opt_range.cc,3100,3100,121,1,mariadb_target_000874;mariadb_target_002458
mariadb_griffin_r2,mariadb,2,root/mariadb/sql/opt_range.cc:3101:0:0,/root/mariadb/sql/opt_range.cc,3101,3101,1,1,mariadb_target_000874;mariadb_target_002458
mariadb_griffin_r2,mariadb,2,root/mariadb/sql/opt_range.cc:3101:0:1,/root/mariadb/sql/opt_range.cc,3101,3101,0,0,mariadb_target_000874;mariadb_target_002458
mariadb_griffin_r2,mariadb,2,root/mariadb/sql/opt_range.cc:3102:0:0,/root/mariadb/sql/opt_range.cc,3102,3102,0,0,mariadb_target_000874;mariadb_target_002458
mariadb_griffin_r2,mariadb,2,root/mariadb/sql/opt_range.cc:3102:0:1,/root/mariadb/sql/opt_range.cc,3102,3102,0,0,mariadb_target_000874;mariadb_target_002458
mariadb_griffin_r2,mariadb,2,root/mariadb/sql/opt_range.cc:3104:0:0,/root/mariadb/sql/opt_range.cc,3104,3104,1,1,mariadb_target_000874;mariadb_target_002458
mariadb_griffin_r2,mariadb,2,root/mariadb/sql/opt_range.cc:3104:0:1,/root/mariadb/sql/opt_range.cc,3104,3104,0,0,mariadb_target_000874;mariadb_target_002458
mariadb_griffin_r2,mariadb,2,root/mariadb/sql/opt_range.cc:3104:1:2,/root/mariadb/sql/opt_range.cc,3104,3104,1,1,mariadb_target_000874;mariadb_target_002458
mariadb_griffin_r2,mariadb,2,root/mariadb/sql/opt_range.cc:3104:1:3,/root/mariadb/sql/opt_range.cc,3104,3104,0,0,mariadb_target_000874;mariadb_target_002458
mariadb_griffin_r2,mariadb,2,root/mariadb/sql/opt_range.cc:3114:0:0,/root/mariadb/sql/opt_range.cc,3114,3114,1,1,mariadb_target_000874;mariadb_target_002458
mariadb_griffin_r2,mariadb,2,root/mariadb/sql/opt_range.cc:3114:0:1,/root/mariadb/sql/opt_range.cc,3114,3114,1,1,mariadb_target_000874;mariadb_target_002458
mariadb_griffin_r2,mariadb,2,root/mariadb/sql/opt_range.cc:3121:0:0,/root/mariadb/sql/opt_range.cc,3121,3121,1,1,mariadb_target_000874;mariadb_target_000875;mariadb_target_002458;mariadb_target_002459
mariadb_griffin_r2,mariadb,2,root/mariadb/sql/opt_range.cc:3121:0:1,/root/mariadb/sql/opt_range.cc,3121,3121,0,0,mariadb_target_000874;mariadb_target_000875;mariadb_target_002458;mariadb_target_002459
mariadb_griffin_r2,mariadb,2,root/mariadb/sql/opt_range.cc:3123:0:0,/root/mariadb/sql/opt_range.cc,3123,3123,1,1,mariadb_target_000874;mariadb_target_000875;mariadb_target_002458;mariadb_target_002459
mariadb_griffin_r2,mariadb,2,root/mariadb/sql/opt_range.cc:3123:0:1,/root/mariadb/sql/opt_range.cc,3123,3123,0,0,mariadb_target_000874;mariadb_target_000875;mariadb_target_002458;mariadb_target_002459
mariadb_griffin_r2,mariadb,2,root/mariadb/sql/opt_range.cc:3124:0:0,/root/mariadb/sql/opt_range.cc,3124,3124,1,1,mariadb_target_000874;mariadb_target_000875;mariadb_target_002458;mariadb_target_002459
mariadb_griffin_r2,mariadb,2,root/mariadb/sql/opt_range.cc:3124:0:1,/root/mariadb/sql/opt_range.cc,3124,3124,0,0,mariadb_target_000874;mariadb_target_000875;mariadb_target_002458;mariadb_target_002459
mariadb_griffin_r2,mariadb,2,root/mariadb/sql/opt_range.cc:3125:0:0,/root/mariadb/sql/opt_range.cc,3125,3125,0,0,mariadb_target_000874;mariadb_target_000875;mariadb_target_002458;mariadb_target_002459
mariadb_griffin_r2,mariadb,2,root/mariadb/sql/opt_range.cc:3125:0:1,/root/mariadb/sql/opt_range.cc,3125,3125,0,0,mariadb_target_000874;mariadb_target_000875;mariadb_target_002458;mariadb_target_002459
mariadb_griffin_r2,mariadb,2,root/mariadb/sql/opt_range.cc:3131:0:0,/root/mariadb/sql/opt_range.cc,3131,3131,1,1,mariadb_target_000874;mariadb_target_002458
mariadb_griffin_r2,mariadb,2,root/mariadb/sql/opt_range.cc:3131:0:1,/root/mariadb/sql/opt_range.cc,3131,3131,0,0,mariadb_target_000874;mariadb_target_002458
mariadb_griffin_r2,mariadb,2,root/mariadb/sql/opt_range.cc:3146:0:0,/root/mariadb/sql/opt_range.cc,3146,3146,0,0,mariadb_target_000876;mariadb_target_002460
mariadb_griffin_r2,mariadb,2,root/mariadb/sql/opt_range.cc:3146:0:1,/root/mariadb/sql/opt_range.cc,3146,3146,162,1,mariadb_target_000876;mariadb_target_002460
mariadb_griffin_r2,mariadb,2,root/mariadb/sql/opt_range.cc:3200:0:0,/root/mariadb/sql/opt_range.cc,3200,3200,59,1,mariadb_target_002461
mariadb_griffin_r2,mariadb,2,root/mariadb/sql/opt_range.cc:3200:0:1,/root/mariadb/sql/opt_range.cc,3200,3200,103,1,mariadb_target_002461
mariadb_griffin_r2,mariadb,2,root/mariadb/sql/opt_range.cc:3203:0:0,/root/mariadb/sql/opt_range.cc,3203,3203,0,0,mariadb_target_002461;mariadb_target_002462;mariadb_target_002463
mariadb_griffin_r2,mariadb,2,root/mariadb/sql/opt_range.cc:3203:0:1,/root/mariadb/sql/opt_range.cc,3203,3203,59,1,mariadb_target_002461;mariadb_target_002462;mariadb_target_002463
mariadb_griffin_r2,mariadb,2,root/mariadb/sql/opt_range.cc:3205:0:0,/root/mariadb/sql/opt_range.cc,3205,3205,0,0,mariadb_target_002461;mariadb_target_002462;mariadb_target_002463
mariadb_griffin_r2,mariadb,2,root/mariadb/sql/opt_range.cc:3205:0:1,/root/mariadb/sql/opt_range.cc,3205,3205,59,1,mariadb_target_002461;mariadb_target_002462;mariadb_target_002463
mariadb_griffin_r2,mariadb,2,root/mariadb/sql/opt_range.cc:3205:1:2,/root/mariadb/sql/opt_range.cc,3205,3205,0,0,mariadb_target_002461;mariadb_target_002462;mariadb_target_002463
mariadb_griffin_r2,mariadb,2,root/mariadb/sql/opt_range.cc:3205:1:3,/root/mariadb/sql/opt_range.cc,3205,3205,59,1,mariadb_target_002461;mariadb_target_002462;mariadb_target_002463
mariadb_griffin_r2,mariadb,2,root/mariadb/sql/opt_range.cc:3236:0:0,/root/mariadb/sql/opt_range.cc,3236,3236,0,0,mariadb_target_002468;mariadb_target_002469
mariadb_griffin_r2,mariadb,2,root/mariadb/sql/opt_range.cc:3236:0:1,/root/mariadb/sql/opt_range.cc,3236,3236,164,1,mariadb_target_002468;mariadb_target_002469
mariadb_griffin_r2,mariadb,2,root/mariadb/sql/opt_range.cc:3236:1:2,/root/mariadb/sql/opt_range.cc,3236,3236,0,0,mariadb_target_002468;mariadb_target_002469
mariadb_griffin_r2,mariadb,2,root/mariadb/sql/opt_range.cc:3236:1:3,/root/mariadb/sql/opt_range.cc,3236,3236,164,1,mariadb_target_002468;mariadb_target_002469
mariadb_griffin_r2,mariadb,2,root/mariadb/sql/procedure.cc:45:0:0,/root/mariadb/sql/procedure.cc,45,45,0,0,mariadb_target_002482
mariadb_griffin_r2,mariadb,2,root/mariadb/sql/procedure.cc:45:0:1,/root/mariadb/sql/procedure.cc,45,45,0,0,mariadb_target_002482
mariadb_griffin_r2,mariadb,2,root/mariadb/sql/procedure.cc:54:0:0,/root/mariadb/sql/procedure.cc,54,54,0,0,mariadb_target_002483
mariadb_griffin_r2,mariadb,2,root/mariadb/sql/procedure.cc:54:0:1,/root/mariadb/sql/procedure.cc,54,54,0,0,mariadb_target_002483
mariadb_griffin_r2,mariadb,2,root/mariadb/sql/procedure.cc:63:0:0,/root/mariadb/sql/procedure.cc,63,63,0,0,mariadb_target_002484
mariadb_griffin_r2,mariadb,2,root/mariadb/sql/procedure.cc:63:0:1,/root/mariadb/sql/procedure.cc,63,63,0,0,mariadb_target_002484
mariadb_griffin_r2,mariadb,2,root/mariadb/sql/procedure.h:165:0:0,/root/mariadb/sql/procedure.h,165,165,0,0,mariadb_target_002485
mariadb_griffin_r2,mariadb,2,root/mariadb/sql/procedure.h:165:0:1,/root/mariadb/sql/procedure.h,165,165,0,0,mariadb_target_002485
mariadb_griffin_r2,mariadb,2,root/mariadb/sql/rpl_gtid.cc:2510:0:0,/root/mariadb/sql/rpl_gtid.cc,2510,2510,0,0,mariadb_target_002488
mariadb_griffin_r2,mariadb,2,root/mariadb/sql/rpl_gtid.cc:2510:0:1,/root/mariadb/sql/rpl_gtid.cc,2510,2510,0,0,mariadb_target_002488
mariadb_griffin_r2,mariadb,2,root/mariadb/sql/rpl_gtid.cc:2517:0:0,/root/mariadb/sql/rpl_gtid.cc,2517,2517,0,0,mariadb_target_002488
mariadb_griffin_r2,mariadb,2,root/mariadb/sql/rpl_gtid.cc:2517:0:1,/root/mariadb/sql/rpl_gtid.cc,2517,2517,0,0,mariadb_target_002488
mariadb_griffin_r2,mariadb,2,root/mariadb/sql/rpl_gtid.cc:2521:0:0,/root/mariadb/sql/rpl_gtid.cc,2521,2521,0,0,mariadb_target_002488
mariadb_griffin_r2,mariadb,2,root/mariadb/sql/rpl_gtid.cc:2521:0:1,/root/mariadb/sql/rpl_gtid.cc,2521,2521,0,0,mariadb_target_002488
mariadb_griffin_r2,mariadb,2,root/mariadb/sql/select_handler.cc:113:0:0,/root/mariadb/sql/select_handler.cc,113,113,0,0,mariadb_target_002489
mariadb_griffin_r2,mariadb,2,root/mariadb/sql/select_handler.cc:113:0:1,/root/mariadb/sql/select_handler.cc,113,113,0,0,mariadb_target_002489
mariadb_griffin_r2,mariadb,2,root/mariadb/sql/select_handler.cc:113:1:2,/root/mariadb/sql/select_handler.cc,113,113,0,0,mariadb_target_002489
mariadb_griffin_r2,mariadb,2,root/mariadb/sql/select_handler.cc:113:1:3,/root/mariadb/sql/select_handler.cc,113,113,0,0,mariadb_target_002489
mariadb_griffin_r2,mariadb,2,root/mariadb/sql/session_tracker.cc:428:0:0,/root/mariadb/sql/session_tracker.cc,428,428,0,0,mariadb_target_002491
mariadb_griffin_r2,mariadb,2,root/mariadb/sql/session_tracker.cc:428:0:1,/root/mariadb/sql/session_tracker.cc,428,428,0,0,mariadb_target_002491
mariadb_griffin_r2,mariadb,2,root/mariadb/sql/session_tracker.cc:434:0:0,/root/mariadb/sql/session_tracker.cc,434,434,0,0,mariadb_target_002491
mariadb_griffin_r2,mariadb,2,root/mariadb/sql/session_tracker.cc:434:0:1,/root/mariadb/sql/session_tracker.cc,434,434,0,0,mariadb_target_002491
mariadb_griffin_r2,mariadb,2,root/mariadb/sql/session_tracker.cc:437:0:0,/root/mariadb/sql/session_tracker.cc,437,437,0,0,mariadb_target_002491
mariadb_griffin_r2,mariadb,2,root/mariadb/sql/session_tracker.cc:437:0:1,/root/mariadb/sql/session_tracker.cc,437,437,0,0,mariadb_target_002491
mariadb_griffin_r2,mariadb,2,root/mariadb/sql/sp_instr.cc:1236:0:0,/root/mariadb/sql/sp_instr.cc,1236,1236,0,0,mariadb_target_000882;mariadb_target_002495
mariadb_griffin_r2,mariadb,2,root/mariadb/sql/sp_instr.cc:1236:0:1,/root/mariadb/sql/sp_instr.cc,1236,1236,11,1,mariadb_target_000882;mariadb_target_002495
mariadb_griffin_r2,mariadb,2,root/mariadb/sql/sp_instr.cc:1236:1:2,/root/mariadb/sql/sp_instr.cc,1236,1236,0,0,mariadb_target_000882;mariadb_target_002495
mariadb_griffin_r2,mariadb,2,root/mariadb/sql/sp_instr.cc:1236:1:3,/root/mariadb/sql/sp_instr.cc,1236,1236,11,1,mariadb_target_000882;mariadb_target_002495
mariadb_griffin_r2,mariadb,2,root/mariadb/sql/sp_instr.cc:1246:0:0,/root/mariadb/sql/sp_instr.cc,1246,1246,0,0,mariadb_target_000882;mariadb_target_002495
mariadb_griffin_r2,mariadb,2,root/mariadb/sql/sp_instr.cc:1246:0:1,/root/mariadb/sql/sp_instr.cc,1246,1246,0,0,mariadb_target_000882;mariadb_target_002495
mariadb_griffin_r2,mariadb,2,root/mariadb/sql/sp_instr.cc:1440:0:0,/root/mariadb/sql/sp_instr.cc,1440,1440,0,0,mariadb_target_000884;mariadb_target_002497
mariadb_griffin_r2,mariadb,2,root/mariadb/sql/sp_instr.cc:1440:0:1,/root/mariadb/sql/sp_instr.cc,1440,1440,0,0,mariadb_target_000884;mariadb_target_002497
mariadb_griffin_r2,mariadb,2,root/mariadb/sql/sp_instr.cc:1754:0:0,/root/mariadb/sql/sp_instr.cc,1754,1754,0,0,mariadb_target_000890;mariadb_target_002503
mariadb_griffin_r2,mariadb,2,root/mariadb/sql/sp_instr.cc:1754:0:1,/root/mariadb/sql/sp_instr.cc,1754,1754,0,0,mariadb_target_000890;mariadb_target_002503
mariadb_griffin_r2,mariadb,2,root/mariadb/sql/sp_instr.cc:1906:0:0,/root/mariadb/sql/sp_instr.cc,1906,1906,0,0,mariadb_target_000892;mariadb_target_002505
mariadb_griffin_r2,mariadb,2,root/mariadb/sql/sp_instr.cc:1906:0:1,/root/mariadb/sql/sp_instr.cc,1906,1906,0,0,mariadb_target_000892;mariadb_target_002505
mariadb_griffin_r2,mariadb,2,root/mariadb/sql/sp_instr.cc:2028:0:0,/root/mariadb/sql/sp_instr.cc,2028,2028,0,0,mariadb_target_000893;mariadb_target_002506
mariadb_griffin_r2,mariadb,2,root/mariadb/sql/sp_instr.cc:2028:0:1,/root/mariadb/sql/sp_instr.cc,2028,2028,0,0,mariadb_target_000893;mariadb_target_002506
mariadb_griffin_r2,mariadb,2,root/mariadb/sql/sp_instr.cc:2083:0:0,/root/mariadb/sql/sp_instr.cc,2083,2083,0,0,mariadb_target_000895;mariadb_target_002508
mariadb_griffin_r2,mariadb,2,root/mariadb/sql/sp_instr.cc:2083:0:1,/root/mariadb/sql/sp_instr.cc,2083,2083,0,0,mariadb_target_000895;mariadb_target_002508
mariadb_griffin_r2,mariadb,2,root/mariadb/sql/sp_instr.cc:2158:0:0,/root/mariadb/sql/sp_instr.cc,2158,2158,0,0,mariadb_target_000896;mariadb_target_002509
mariadb_griffin_r2,mariadb,2,root/mariadb/sql/sp_instr.cc:2158:0:1,/root/mariadb/sql/sp_instr.cc,2158,2158,0,0,mariadb_target_000896;mariadb_target_002509
mariadb_griffin_r2,mariadb,2,root/mariadb/sql/sp_instr.cc:2189:0:0,/root/mariadb/sql/sp_instr.cc,2189,2189,0,0,mariadb_target_000897;mariadb_target_002510
mariadb_griffin_r2,mariadb,2,root/mariadb/sql/sp_instr.cc:2189:0:1,/root/mariadb/sql/sp_instr.cc,2189,2189,0,0,mariadb_target_000897;mariadb_target_002510
mariadb_griffin_r2,mariadb,2,root/mariadb/sql/sp_instr.cc:2258:0:0,/root/mariadb/sql/sp_instr.cc,2258,2258,0,0,mariadb_target_000898;mariadb_target_002511
mariadb_griffin_r2,mariadb,2,root/mariadb/sql/sp_instr.cc:2258:0:1,/root/mariadb/sql/sp_instr.cc,2258,2258,0,0,mariadb_target_000898;mariadb_target_002511
mariadb_griffin_r2,mariadb,2,root/mariadb/sql/sp_instr.cc:2314:0:0,/root/mariadb/sql/sp_instr.cc,2314,2314,0,0,mariadb_target_000899;mariadb_target_002512
mariadb_griffin_r2,mariadb,2,root/mariadb/sql/sp_instr.cc:2314:0:1,/root/mariadb/sql/sp_instr.cc,2314,2314,0,0,mariadb_target_000899;mariadb_target_002512
mariadb_griffin_r2,mariadb,2,root/mariadb/sql/sp_instr.cc:2536:0:0,/root/mariadb/sql/sp_instr.cc,2536,2536,0,0,mariadb_target_000903;mariadb_target_002516
mariadb_griffin_r2,mariadb,2,root/mariadb/sql/sp_instr.cc:2536:0:1,/root/mariadb/sql/sp_instr.cc,2536,2536,0,0,mariadb_target_000903;mariadb_target_002516
mariadb_griffin_r2,mariadb,2,root/mariadb/sql/sp_instr.cc:2800:0:0,/root/mariadb/sql/sp_instr.cc,2800,2800,0,0,mariadb_target_000907;mariadb_target_002520;mariadb_target_002521
mariadb_griffin_r2,mariadb,2,root/mariadb/sql/sp_instr.cc:2800:0:1,/root/mariadb/sql/sp_instr.cc,2800,2800,0,0,mariadb_target_000907;mariadb_target_002520;mariadb_target_002521
mariadb_griffin_r2,mariadb,2,root/mariadb/sql/sp_instr.cc:2810:0:0,/root/mariadb/sql/sp_instr.cc,2810,2810,0,0,mariadb_target_000908;mariadb_target_002522
mariadb_griffin_r2,mariadb,2,root/mariadb/sql/sp_instr.cc:2810:0:1,/root/mariadb/sql/sp_instr.cc,2810,2810,0,0,mariadb_target_000908;mariadb_target_002522
mariadb_griffin_r2,mariadb,2,root/mariadb/sql/sp_instr.cc:2838:0:0,/root/mariadb/sql/sp_instr.cc,2838,2838,0,0,mariadb_target_000909;mariadb_target_002523
mariadb_griffin_r2,mariadb,2,root/mariadb/sql/sp_instr.cc:2838:0:1,/root/mariadb/sql/sp_instr.cc,2838,2838,0,0,mariadb_target_000909;mariadb_target_002523
mariadb_griffin_r2,mariadb,2,root/mariadb/sql/sp_instr.cc:2838:1:2,/root/mariadb/sql/sp_instr.cc,2838,2838,0,0,mariadb_target_000909;mariadb_target_002523
mariadb_griffin_r2,mariadb,2,root/mariadb/sql/sp_instr.cc:2838:1:3,/root/mariadb/sql/sp_instr.cc,2838,2838,0,0,mariadb_target_000909;mariadb_target_002523
mariadb_griffin_r2,mariadb,2,root/mariadb/sql/sp_instr.cc:2893:0:0,/root/mariadb/sql/sp_instr.cc,2893,2893,0,0,mariadb_target_000910;mariadb_target_002524
mariadb_griffin_r2,mariadb,2,root/mariadb/sql/sp_instr.cc:2893:0:1,/root/mariadb/sql/sp_instr.cc,2893,2893,0,0,mariadb_target_000910;mariadb_target_002524
mariadb_griffin_r2,mariadb,2,root/mariadb/sql/sp_instr.cc:2895:0:0,/root/mariadb/sql/sp_instr.cc,2895,2895,0,0,mariadb_target_000910;mariadb_target_002524
mariadb_griffin_r2,mariadb,2,root/mariadb/sql/sp_instr.cc:2895:0:1,/root/mariadb/sql/sp_instr.cc,2895,2895,0,0,mariadb_target_000910;mariadb_target_002524
mariadb_griffin_r2,mariadb,2,root/mariadb/sql/sql_acl.cc:238:0:0,/root/mariadb/sql/sql_acl.cc,238,238,0,0,mariadb_target_002527;mariadb_target_002528
mariadb_griffin_r2,mariadb,2,root/mariadb/sql/sql_acl.cc:238:0:1,/root/mariadb/sql/sql_acl.cc,238,238,26348,1,mariadb_target_002527;mariadb_target_002528
mariadb_griffin_r2,mariadb,2,root/mariadb/sql/sql_acl.cc:247:0:0,/root/mariadb/sql/sql_acl.cc,247,247,26348,1,mariadb_target_002527;mariadb_target_002528
mariadb_griffin_r2,mariadb,2,root/mariadb/sql/sql_acl.cc:247:0:1,/root/mariadb/sql/sql_acl.cc,247,247,26348,1,mariadb_target_002527;mariadb_target_002528
mariadb_griffin_r2,mariadb,2,root/mariadb/sql/sql_acl.cc:249:0:0,/root/mariadb/sql/sql_acl.cc,249,249,26348,1,mariadb_target_002527;mariadb_target_002528
mariadb_griffin_r2,mariadb,2,root/mariadb/sql/sql_acl.cc:249:0:1,/root/mariadb/sql/sql_acl.cc,249,249,0,0,mariadb_target_002527;mariadb_target_002528
mariadb_griffin_r2,mariadb,2,root/mariadb/sql/sql_acl.cc:250:0:0,/root/mariadb/sql/sql_acl.cc,250,250,0,0,mariadb_target_002527;mariadb_target_002528
mariadb_griffin_r2,mariadb,2,root/mariadb/sql/sql_acl.cc:250:0:1,/root/mariadb/sql/sql_acl.cc,250,250,0,0,mariadb_target_002527;mariadb_target_002528
mariadb_griffin_r2,mariadb,2,root/mariadb/sql/sql_acl.cc:255:0:0,/root/mariadb/sql/sql_acl.cc,255,255,26348,1,mariadb_target_002527;mariadb_target_002528
mariadb_griffin_r2,mariadb,2,root/mariadb/sql/sql_acl.cc:255:0:1,/root/mariadb/sql/sql_acl.cc,255,255,0,0,mariadb_target_002527;mariadb_target_002528
mariadb_griffin_r2,mariadb,2,root/mariadb/sql/sql_acl.cc:268:0:0,/root/mariadb/sql/sql_acl.cc,268,268,0,0,mariadb_target_002527
mariadb_griffin_r2,mariadb,2,root/mariadb/sql/sql_acl.cc:268:0:1,/root/mariadb/sql/sql_acl.cc,268,268,0,0,mariadb_target_002527
mariadb_griffin_r2,mariadb,2,root/mariadb/sql/sql_acl.cc:271:0:0,/root/mariadb/sql/sql_acl.cc,271,271,0,0,mariadb_target_002527
mariadb_griffin_r2,mariadb,2,root/mariadb/sql/sql_acl.cc:271:0:1,/root/mariadb/sql/sql_acl.cc,271,271,0,0,mariadb_target_002527
mariadb_griffin_r2,mariadb,2,root/mariadb/sql/sql_acl.cc:284:0:0,/root/mariadb/sql/sql_acl.cc,284,284,0,0,mariadb_target_002527
mariadb_griffin_r2,mariadb,2,root/mariadb/sql/sql_acl.cc:284:0:1,/root/mariadb/sql/sql_acl.cc,284,284,0,0,mariadb_target_002527
mariadb_griffin_r2,mariadb,2,root/mariadb/sql/sql_acl.cc:287:0:0,/root/mariadb/sql/sql_acl.cc,287,287,0,0,mariadb_target_002527
mariadb_griffin_r2,mariadb,2,root/mariadb/sql/sql_acl.cc:287:0:1,/root/mariadb/sql/sql_acl.cc,287,287,0,0,mariadb_target_002527
mariadb_griffin_r2,mariadb,2,root/mariadb/sql/sql_acl.cc:290:0:0,/root/mariadb/sql/sql_acl.cc,290,290,0,0,mariadb_target_002527
mariadb_griffin_r2,mariadb,2,root/mariadb/sql/sql_acl.cc:290:0:1,/root/mariadb/sql/sql_acl.cc,290,290,0,0,mariadb_target_002527
mariadb_griffin_r2,mariadb,2,root/mariadb/sql/sql_acl.cc:859:0:0,/root/mariadb/sql/sql_acl.cc,859,859,0,0,mariadb_target_000913;mariadb_target_002529
mariadb_griffin_r2,mariadb,2,root/mariadb/sql/sql_acl.cc:859:0:1,/root/mariadb/sql/sql_acl.cc,859,859,88,1,mariadb_target_000913;mariadb_target_002529
mariadb_griffin_r2,mariadb,2,root/mariadb/sql/sql_acl.cc:12676:0:0,/root/mariadb/sql/sql_acl.cc,12676,12676,0,0,mariadb_target_000911;mariadb_target_002525
mariadb_griffin_r2,mariadb,2,root/mariadb/sql/sql_acl.cc:12676:0:1,/root/mariadb/sql/sql_acl.cc,12676,12676,0,0,mariadb_target_000911;mariadb_target_002525
mariadb_griffin_r2,mariadb,2,root/mariadb/sql/sql_acl.cc:12745:0:0,/root/mariadb/sql/sql_acl.cc,12745,12745,0,0,mariadb_target_000912;mariadb_target_002526
mariadb_griffin_r2,mariadb,2,root/mariadb/sql/sql_acl.cc:12745:0:1,/root/mariadb/sql/sql_acl.cc,12745,12745,4,1,mariadb_target_000912;mariadb_target_002526
mariadb_griffin_r2,mariadb,2,root/mariadb/sql/sql_alter.cc:509:0:0,/root/mariadb/sql/sql_alter.cc,509,509,0,0,mariadb_target_000915;mariadb_target_002531
mariadb_griffin_r2,mariadb,2,root/mariadb/sql/sql_alter.cc:509:0:1,/root/mariadb/sql/sql_alter.cc,509,509,0,0,mariadb_target_000915;mariadb_target_002531
mariadb_griffin_r2,mariadb,2,root/mariadb/sql/sql_analyse.cc:395:0:0,/root/mariadb/sql/sql_analyse.cc,395,395,0,0,mariadb_target_000918;mariadb_target_002534
mariadb_griffin_r2,mariadb,2,root/mariadb/sql/sql_analyse.cc:395:0:1,/root/mariadb/sql/sql_analyse.cc,395,395,0,0,mariadb_target_000918;mariadb_target_002534
mariadb_griffin_r2,mariadb,2,root/mariadb/sql/sql_analyse.cc:395:1:2,/root/mariadb/sql/sql_analyse.cc,395,395,0,0,mariadb_target_000918;mariadb_target_002534
mariadb_griffin_r2,mariadb,2,root/mariadb/sql/sql_analyse.cc:395:1:3,/root/mariadb/sql/sql_analyse.cc,395,395,0,0,mariadb_target_000918;mariadb_target_002534
mariadb_griffin_r2,mariadb,2,root/mariadb/sql/sql_base.cc:6069:0:0,/root/mariadb/sql/sql_base.cc,6069,6069,4407,1,mariadb_target_002540
mariadb_griffin_r2,mariadb,2,root/mariadb/sql/sql_base.cc:6069:0:1,/root/mariadb/sql/sql_base.cc,6069,6069,23,1,mariadb_target_002540
mariadb_griffin_r2,mariadb,2,root/mariadb/sql/sql_base.cc:6141:0:0,/root/mariadb/sql/sql_base.cc,6141,6141,1237,1,mariadb_target_002541
mariadb_griffin_r2,mariadb,2,root/mariadb/sql/sql_base.cc:6141:0:1,/root/mariadb/sql/sql_base.cc,6141,6141,1231,1,mariadb_target_002541
mariadb_griffin_r2,mariadb,2,root/mariadb/sql/sql_base.cc:6141:1:2,/root/mariadb/sql/sql_base.cc,6141,6141,1237,1,mariadb_target_002541
mariadb_griffin_r2,mariadb,2,root/mariadb/sql/sql_base.cc:6141:1:3,/root/mariadb/sql/sql_base.cc,6141,6141,0,0,mariadb_target_002541
mariadb_griffin_r2,mariadb,2,root/mariadb/sql/sql_base.cc:6144:0:0,/root/mariadb/sql/sql_base.cc,6144,6144,1,1,mariadb_target_002541
mariadb_griffin_r2,mariadb,2,root/mariadb/sql/sql_base.cc:6144:0:1,/root/mariadb/sql/sql_base.cc,6144,6144,1236,1,mariadb_target_002541
mariadb_griffin_r2,mariadb,2,root/mariadb/sql/sql_base.cc:6152:0:0,/root/mariadb/sql/sql_base.cc,6152,6152,11,1,mariadb_target_002541
mariadb_griffin_r2,mariadb,2,root/mariadb/sql/sql_base.cc:6152:0:1,/root/mariadb/sql/sql_base.cc,6152,6152,1225,1,mariadb_target_002541
mariadb_griffin_r2,mariadb,2,root/mariadb/sql/sql_base.cc:6153:0:0,/root/mariadb/sql/sql_base.cc,6153,6153,0,0,mariadb_target_002541
mariadb_griffin_r2,mariadb,2,root/mariadb/sql/sql_base.cc:6153:0:1,/root/mariadb/sql/sql_base.cc,6153,6153,11,1,mariadb_target_002541
mariadb_griffin_r2,mariadb,2,root/mariadb/sql/sql_base.cc:6155:0:0,/root/mariadb/sql/sql_base.cc,6155,6155,0,0,mariadb_target_002541
mariadb_griffin_r2,mariadb,2,root/mariadb/sql/sql_base.cc:6155:0:1,/root/mariadb/sql/sql_base.cc,6155,6155,0,0,mariadb_target_002541
mariadb_griffin_r2,mariadb,2,root/mariadb/sql/sql_base.cc:6157:0:0,/root/mariadb/sql/sql_base.cc,6157,6157,0,0,mariadb_target_002541
mariadb_griffin_r2,mariadb,2,root/mariadb/sql/sql_base.cc:6157:0:1,/root/mariadb/sql/sql_base.cc,6157,6157,0,0,mariadb_target_002541
mariadb_griffin_r2,mariadb,2,root/mariadb/sql/sql_base.cc:6157:1:2,/root/mariadb/sql/sql_base.cc,6157,6157,0,0,mariadb_target_002541
mariadb_griffin_r2,mariadb,2,root/mariadb/sql/sql_base.cc:6157:1:3,/root/mariadb/sql/sql_base.cc,6157,6157,0,0,mariadb_target_002541
mariadb_griffin_r2,mariadb,2,root/mariadb/sql/sql_base.cc:6158:0:0,/root/mariadb/sql/sql_base.cc,6158,6158,0,0,mariadb_target_002541
mariadb_griffin_r2,mariadb,2,root/mariadb/sql/sql_base.cc:6158:0:1,/root/mariadb/sql/sql_base.cc,6158,6158,0,0,mariadb_target_002541
mariadb_griffin_r2,mariadb,2,root/mariadb/sql/sql_base.cc:6167:0:0,/root/mariadb/sql/sql_base.cc,6167,6167,0,0,mariadb_target_002541
mariadb_griffin_r2,mariadb,2,root/mariadb/sql/sql_base.cc:6167:0:1,/root/mariadb/sql/sql_base.cc,6167,6167,1236,1,mariadb_target_002541
mariadb_griffin_r2,mariadb,2,root/mariadb/sql/sql_base.cc:6177:0:0,/root/mariadb/sql/sql_base.cc,6177,6177,0,0,mariadb_target_002541
mariadb_griffin_r2,mariadb,2,root/mariadb/sql/sql_base.cc:6177:0:1,/root/mariadb/sql/sql_base.cc,6177,6177,1231,1,mariadb_target_002541
mariadb_griffin_r2,mariadb,2,root/mariadb/sql/sql_base.h:657:0:0,/root/mariadb/sql/sql_base.h,657,657,0,0,mariadb_target_000927;mariadb_target_002546;mariadb_target_002547
mariadb_griffin_r2,mariadb,2,root/mariadb/sql/sql_base.h:657:0:1,/root/mariadb/sql/sql_base.h,657,657,15450,1,mariadb_target_000927;mariadb_target_002546;mariadb_target_002547
mariadb_griffin_r2,mariadb,2,root/mariadb/sql/sql_base.h:657:1:2,/root/mariadb/sql/sql_base.h,657,657,0,0,mariadb_target_000927;mariadb_target_002546;mariadb_target_002547
mariadb_griffin_r2,mariadb,2,root/mariadb/sql/sql_base.h:657:1:3,/root/mariadb/sql/sql_base.h,657,657,15450,1,mariadb_target_000927;mariadb_target_002546;mariadb_target_002547
mariadb_griffin_r2,mariadb,2,root/mariadb/sql/sql_base.h:660:0:0,/root/mariadb/sql/sql_base.h,660,660,1854,1,mariadb_target_000927;mariadb_target_002546;mariadb_target_002547
mariadb_griffin_r2,mariadb,2,root/mariadb/sql/sql_base.h:660:0:1,/root/mariadb/sql/sql_base.h,660,660,13596,1,mariadb_target_000927;mariadb_target_002546;mariadb_target_002547
mariadb_griffin_r2,mariadb,2,root/mariadb/sql/sql_base.h:668:0:0,/root/mariadb/sql/sql_base.h,668,668,0,0,mariadb_target_002548;mariadb_target_002549
mariadb_griffin_r2,mariadb,2,root/mariadb/sql/sql_base.h:668:0:1,/root/mariadb/sql/sql_base.h,668,668,13596,1,mariadb_target_002548;mariadb_target_002549
mariadb_griffin_r2,mariadb,2,root/mariadb/sql/sql_class.h:7036:0:0,/root/mariadb/sql/sql_class.h,7036,7036,52215,1,mariadb_target_000929;mariadb_target_002551
mariadb_griffin_r2,mariadb,2,root/mariadb/sql/sql_class.h:7036:0:1,/root/mariadb/sql/sql_class.h,7036,7036,202803,1,mariadb_target_000929;mariadb_target_002551
mariadb_griffin_r2,mariadb,2,root/mariadb/sql/sql_cte.cc:1718:0:0,/root/mariadb/sql/sql_cte.cc,1718,1718,130,1,mariadb_target_000931;mariadb_target_002553
mariadb_griffin_r2,mariadb,2,root/mariadb/sql/sql_cte.cc:1718:0:1,/root/mariadb/sql/sql_cte.cc,1718,1718,22,1,mariadb_target_000931;mariadb_target_002553
mariadb_griffin_r2,mariadb,2,root/mariadb/sql/sql_cursor.cc:374:0:0,/root/mariadb/sql/sql_cursor.cc,374,374,0,0,mariadb_target_000932;mariadb_target_002554
mariadb_griffin_r2,mariadb,2,root/mariadb/sql/sql_cursor.cc:374:0:1,/root/mariadb/sql/sql_cursor.cc,374,374,0,0,mariadb_target_000932;mariadb_target_002554
mariadb_griffin_r2,mariadb,2,root/mariadb/sql/sql_cursor.cc:383:0:0,/root/mariadb/sql/sql_cursor.cc,383,383,0,0,mariadb_target_000932;mariadb_target_002554
mariadb_griffin_r2,mariadb,2,root/mariadb/sql/sql_cursor.cc:383:0:1,/root/mariadb/sql/sql_cursor.cc,383,383,0,0,mariadb_target_000932;mariadb_target_002554
mariadb_griffin_r2,mariadb,2,root/mariadb/sql/sql_insert.cc:1588:0:0,/root/mariadb/sql/sql_insert.cc,1588,1588,0,0,mariadb_target_002563
mariadb_griffin_r2,mariadb,2,root/mariadb/sql/sql_insert.cc:1588:0:1,/root/mariadb/sql/sql_insert.cc,1588,1588,0,0,mariadb_target_002563
mariadb_griffin_r2,mariadb,2,root/mariadb/sql/sql_insert.cc:1603:0:0,/root/mariadb/sql/sql_insert.cc,1603,1603,0,0,mariadb_target_002563;mariadb_target_002564
mariadb_griffin_r2,mariadb,2,root/mariadb/sql/sql_insert.cc:1603:0:1,/root/mariadb/sql/sql_insert.cc,1603,1603,0,0,mariadb_target_002563;mariadb_target_002564
mariadb_griffin_r2,mariadb,2,root/mariadb/sql/sql_insert.cc:1605:0:0,/root/mariadb/sql/sql_insert.cc,1605,1605,0,0,mariadb_target_002563;mariadb_target_002564
mariadb_griffin_r2,mariadb,2,root/mariadb/sql/sql_insert.cc:1605:0:1,/root/mariadb/sql/sql_insert.cc,1605,1605,0,0,mariadb_target_002563;mariadb_target_002564
mariadb_griffin_r2,mariadb,2,root/mariadb/sql/sql_insert.cc:1612:0:0,/root/mariadb/sql/sql_insert.cc,1612,1612,0,0,mariadb_target_002563;mariadb_target_002565
mariadb_griffin_r2,mariadb,2,root/mariadb/sql/sql_insert.cc:1612:0:1,/root/mariadb/sql/sql_insert.cc,1612,1612,0,0,mariadb_target_002563;mariadb_target_002565
mariadb_griffin_r2,mariadb,2,root/mariadb/sql/sql_insert.cc:1615:0:0,/root/mariadb/sql/sql_insert.cc,1615,1615,0,0,mariadb_target_002563;mariadb_target_002565;mariadb_target_002566
mariadb_griffin_r2,mariadb,2,root/mariadb/sql/sql_insert.cc:1615:0:1,/root/mariadb/sql/sql_insert.cc,1615,1615,0,0,mariadb_target_002563;mariadb_target_002565;mariadb_target_002566
mariadb_griffin_r2,mariadb,2,root/mariadb/sql/sql_insert.cc:1618:0:0,/root/mariadb/sql/sql_insert.cc,1618,1618,0,0,mariadb_target_002563;mariadb_target_002566
mariadb_griffin_r2,mariadb,2,root/mariadb/sql/sql_insert.cc:1618:0:1,/root/mariadb/sql/sql_insert.cc,1618,1618,0,0,mariadb_target_002563;mariadb_target_002566
mariadb_griffin_r2,mariadb,2,root/mariadb/sql/sql_insert.cc:1623:0:0,/root/mariadb/sql/sql_insert.cc,1623,1623,0,0,mariadb_target_002563;mariadb_target_002566;mariadb_target_002567
mariadb_griffin_r2,mariadb,2,root/mariadb/sql/sql_insert.cc:1623:0:1,/root/mariadb/sql/sql_insert.cc,1623,1623,0,0,mariadb_target_002563;mariadb_target_002566;mariadb_target_002567
mariadb_griffin_r2,mariadb,2,root/mariadb/sql/sql_insert.cc:1628:0:0,/root/mariadb/sql/sql_insert.cc,1628,1628,0,0,mariadb_target_002563;mariadb_target_002567
mariadb_griffin_r2,mariadb,2,root/mariadb/sql/sql_insert.cc:1628:0:1,/root/mariadb/sql/sql_insert.cc,1628,1628,0,0,mariadb_target_002563;mariadb_target_002567
mariadb_griffin_r2,mariadb,2,root/mariadb/sql/sql_insert.cc:1639:0:0,/root/mariadb/sql/sql_insert.cc,1639,1639,0,0,mariadb_target_002563;mariadb_target_002568;mariadb_target_002569
mariadb_griffin_r2,mariadb,2,root/mariadb/sql/sql_insert.cc:1639:0:1,/root/mariadb/sql/sql_insert.cc,1639,1639,0,0,mariadb_target_002563;mariadb_target_002568;mariadb_target_002569
mariadb_griffin_r2,mariadb,2,root/mariadb/sql/sql_insert.cc:1645:0:0,/root/mariadb/sql/sql_insert.cc,1645,1645,0,0,mariadb_target_002563;mariadb_target_002569
mariadb_griffin_r2,mariadb,2,root/mariadb/sql/sql_insert.cc:1645:0:1,/root/mariadb/sql/sql_insert.cc,1645,1645,0,0,mariadb_target_002563;mariadb_target_002569
mariadb_griffin_r2,mariadb,2,root/mariadb/sql/sql_insert.cc:1646:0:0,/root/mariadb/sql/sql_insert.cc,1646,1646,0,0,mariadb_target_002563;mariadb_target_002569
mariadb_griffin_r2,mariadb,2,root/mariadb/sql/sql_insert.cc:1646:0:1,/root/mariadb/sql/sql_insert.cc,1646,1646,0,0,mariadb_target_002563;mariadb_target_002569
mariadb_griffin_r2,mariadb,2,root/mariadb/sql/sql_insert.cc:1756:0:0,/root/mariadb/sql/sql_insert.cc,1756,1756,18,1,mariadb_target_000939;mariadb_target_002570
mariadb_griffin_r2,mariadb,2,root/mariadb/sql/sql_insert.cc:1756:0:1,/root/mariadb/sql/sql_insert.cc,1756,1756,0,0,mariadb_target_000939;mariadb_target_002570
mariadb_griffin_r2,mariadb,2,root/mariadb/sql/sql_insert.cc:1758:0:0,/root/mariadb/sql/sql_insert.cc,1758,1758,18,1,mariadb_target_000939;mariadb_target_002570
mariadb_griffin_r2,mariadb,2,root/mariadb/sql/sql_insert.cc:1758:0:1,/root/mariadb/sql/sql_insert.cc,1758,1758,0,0,mariadb_target_000939;mariadb_target_002570
mariadb_griffin_r2,mariadb,2,root/mariadb/sql/sql_insert.cc:1766:0:0,/root/mariadb/sql/sql_insert.cc,1766,1766,0,0,mariadb_target_002571
mariadb_griffin_r2,mariadb,2,root/mariadb/sql/sql_insert.cc:1766:0:1,/root/mariadb/sql/sql_insert.cc,1766,1766,0,0,mariadb_target_002571
mariadb_griffin_r2,mariadb,2,root/mariadb/sql/sql_insert.cc:2049:0:0,/root/mariadb/sql/sql_insert.cc,2049,2049,0,0,mariadb_target_002573
mariadb_griffin_r2,mariadb,2,root/mariadb/sql/sql_insert.cc:2049:0:1,/root/mariadb/sql/sql_insert.cc,2049,2049,0,0,mariadb_target_002573
mariadb_griffin_r2,mariadb,2,root/mariadb/sql/sql_insert.cc:3876:0:0,/root/mariadb/sql/sql_insert.cc,3876,3876,0,0,mariadb_target_002575
mariadb_griffin_r2,mariadb,2,root/mariadb/sql/sql_insert.cc:3876:0:1,/root/mariadb/sql/sql_insert.cc,3876,3876,0,0,mariadb_target_002575
mariadb_griffin_r2,mariadb,2,root/mariadb/sql/sql_insert.cc:3891:0:0,/root/mariadb/sql/sql_insert.cc,3891,3891,0,0,mariadb_target_002575;mariadb_target_002576
mariadb_griffin_r2,mariadb,2,root/mariadb/sql/sql_insert.cc:3891:0:1,/root/mariadb/sql/sql_insert.cc,3891,3891,0,0,mariadb_target_002575;mariadb_target_002576
mariadb_griffin_r2,mariadb,2,root/mariadb/sql/sql_insert.cc:3891:1:2,/root/mariadb/sql/sql_insert.cc,3891,3891,0,0,mariadb_target_002575;mariadb_target_002576
mariadb_griffin_r2,mariadb,2,root/mariadb/sql/sql_insert.cc:3891:1:3,/root/mariadb/sql/sql_insert.cc,3891,3891,0,0,mariadb_target_002575;mariadb_target_002576
mariadb_griffin_r2,mariadb,2,root/mariadb/sql/sql_insert.cc:3897:0:0,/root/mariadb/sql/sql_insert.cc,3897,3897,0,0,mariadb_target_002575;mariadb_target_002576;mariadb_target_002577
mariadb_griffin_r2,mariadb,2,root/mariadb/sql/sql_insert.cc:3897:0:1,/root/mariadb/sql/sql_insert.cc,3897,3897,0,0,mariadb_target_002575;mariadb_target_002576;mariadb_target_002577
mariadb_griffin_r2,mariadb,2,root/mariadb/sql/sql_insert.cc:3912:0:0,/root/mariadb/sql/sql_insert.cc,3912,3912,0,0,mariadb_target_002575;mariadb_target_002580;mariadb_target_002581
mariadb_griffin_r2,mariadb,2,root/mariadb/sql/sql_insert.cc:3912:0:1,/root/mariadb/sql/sql_insert.cc,3912,3912,0,0,mariadb_target_002575;mariadb_target_002580;mariadb_target_002581
mariadb_griffin_r2,mariadb,2,root/mariadb/sql/sql_insert.cc:3912:1:2,/root/mariadb/sql/sql_insert.cc,3912,3912,0,0,mariadb_target_002575;mariadb_target_002580;mariadb_target_002581
mariadb_griffin_r2,mariadb,2,root/mariadb/sql/sql_insert.cc:3912:1:3,/root/mariadb/sql/sql_insert.cc,3912,3912,0,0,mariadb_target_002575;mariadb_target_002580;mariadb_target_002581
mariadb_griffin_r2,mariadb,2,root/mariadb/sql/sql_insert.cc:3917:0:0,/root/mariadb/sql/sql_insert.cc,3917,3917,0,0,mariadb_target_002575;mariadb_target_002581;mariadb_target_002582
mariadb_griffin_r2,mariadb,2,root/mariadb/sql/sql_insert.cc:3917:0:1,/root/mariadb/sql/sql_insert.cc,3917,3917,0,0,mariadb_target_002575;mariadb_target_002581;mariadb_target_002582
mariadb_griffin_r2,mariadb,2,root/mariadb/sql/sql_insert.cc:3923:0:0,/root/mariadb/sql/sql_insert.cc,3923,3923,0,0,mariadb_target_002575;mariadb_target_002582
mariadb_griffin_r2,mariadb,2,root/mariadb/sql/sql_insert.cc:3923:0:1,/root/mariadb/sql/sql_insert.cc,3923,3923,0,0,mariadb_target_002575;mariadb_target_002582
mariadb_griffin_r2,mariadb,2,root/mariadb/sql/sql_insert.cc:3933:0:0,/root/mariadb/sql/sql_insert.cc,3933,3933,0,0,mariadb_target_002575;mariadb_target_002582
mariadb_griffin_r2,mariadb,2,root/mariadb/sql/sql_insert.cc:3933:0:1,/root/mariadb/sql/sql_insert.cc,3933,3933,0,0,mariadb_target_002575;mariadb_target_002582
mariadb_griffin_r2,mariadb,2,root/mariadb/sql/sql_insert.cc:3933:1:2,/root/mariadb/sql/sql_insert.cc,3933,3933,0,0,mariadb_target_002575;mariadb_target_002582
mariadb_griffin_r2,mariadb,2,root/mariadb/sql/sql_insert.cc:3933:1:3,/root/mariadb/sql/sql_insert.cc,3933,3933,0,0,mariadb_target_002575;mariadb_target_002582
mariadb_griffin_r2,mariadb,2,root/mariadb/sql/sql_insert.cc:3937:0:0,/root/mariadb/sql/sql_insert.cc,3937,3937,0,0,mariadb_target_002575;mariadb_target_002582
mariadb_griffin_r2,mariadb,2,root/mariadb/sql/sql_insert.cc:3937:0:1,/root/mariadb/sql/sql_insert.cc,3937,3937,0,0,mariadb_target_002575;mariadb_target_002582
mariadb_griffin_r2,mariadb,2,root/mariadb/sql/sql_insert.cc:3969:0:0,/root/mariadb/sql/sql_insert.cc,3969,3969,0,0,mariadb_target_002575;mariadb_target_002582
mariadb_griffin_r2,mariadb,2,root/mariadb/sql/sql_insert.cc:3969:0:1,/root/mariadb/sql/sql_insert.cc,3969,3969,0,0,mariadb_target_002575;mariadb_target_002582
mariadb_griffin_r2,mariadb,2,root/mariadb/sql/sql_insert.cc:3978:0:0,/root/mariadb/sql/sql_insert.cc,3978,3978,0,0,mariadb_target_002575;mariadb_target_002582
mariadb_griffin_r2,mariadb,2,root/mariadb/sql/sql_insert.cc:3978:0:1,/root/mariadb/sql/sql_insert.cc,3978,3978,0,0,mariadb_target_002575;mariadb_target_002582
mariadb_griffin_r2,mariadb,2,root/mariadb/sql/sql_insert.cc:3979:0:0,/root/mariadb/sql/sql_insert.cc,3979,3979,0,0,mariadb_target_002575;mariadb_target_002582
mariadb_griffin_r2,mariadb,2,root/mariadb/sql/sql_insert.cc:3979:0:1,/root/mariadb/sql/sql_insert.cc,3979,3979,0,0,mariadb_target_002575;mariadb_target_002582
mariadb_griffin_r2,mariadb,2,root/mariadb/sql/sql_insert.cc:3984:0:0,/root/mariadb/sql/sql_insert.cc,3984,3984,0,0,mariadb_target_002575;mariadb_target_002582
mariadb_griffin_r2,mariadb,2,root/mariadb/sql/sql_insert.cc:3984:0:1,/root/mariadb/sql/sql_insert.cc,3984,3984,0,0,mariadb_target_002575;mariadb_target_002582
mariadb_griffin_r2,mariadb,2,root/mariadb/sql/sql_insert.cc:3985:0:0,/root/mariadb/sql/sql_insert.cc,3985,3985,0,0,mariadb_target_002575;mariadb_target_002582
mariadb_griffin_r2,mariadb,2,root/mariadb/sql/sql_insert.cc:3985:0:1,/root/mariadb/sql/sql_insert.cc,3985,3985,0,0,mariadb_target_002575;mariadb_target_002582
mariadb_griffin_r2,mariadb,2,root/mariadb/sql/sql_insert.cc:3986:0:0,/root/mariadb/sql/sql_insert.cc,3986,3986,0,0,mariadb_target_002575;mariadb_target_002582
mariadb_griffin_r2,mariadb,2,root/mariadb/sql/sql_insert.cc:3986:0:1,/root/mariadb/sql/sql_insert.cc,3986,3986,0,0,mariadb_target_002575;mariadb_target_002582
mariadb_griffin_r2,mariadb,2,root/mariadb/sql/sql_insert.cc:3991:0:0,/root/mariadb/sql/sql_insert.cc,3991,3991,0,0,mariadb_target_002575;mariadb_target_002582
mariadb_griffin_r2,mariadb,2,root/mariadb/sql/sql_insert.cc:3991:0:1,/root/mariadb/sql/sql_insert.cc,3991,3991,0,0,mariadb_target_002575;mariadb_target_002582
mariadb_griffin_r2,mariadb,2,root/mariadb/sql/sql_insert.cc:3996:0:0,/root/mariadb/sql/sql_insert.cc,3996,3996,0,0,mariadb_target_002575;mariadb_target_002582
mariadb_griffin_r2,mariadb,2,root/mariadb/sql/sql_insert.cc:3996:0:1,/root/mariadb/sql/sql_insert.cc,3996,3996,0,0,mariadb_target_002575;mariadb_target_002582
mariadb_griffin_r2,mariadb,2,root/mariadb/sql/sql_insert.cc:4009:0:0,/root/mariadb/sql/sql_insert.cc,4009,4009,0,0,mariadb_target_002575;mariadb_target_002582
mariadb_griffin_r2,mariadb,2,root/mariadb/sql/sql_insert.cc:4009:0:1,/root/mariadb/sql/sql_insert.cc,4009,4009,0,0,mariadb_target_002575;mariadb_target_002582
mariadb_griffin_r2,mariadb,2,root/mariadb/sql/sql_insert.cc:4009:1:2,/root/mariadb/sql/sql_insert.cc,4009,4009,0,0,mariadb_target_002575;mariadb_target_002582
mariadb_griffin_r2,mariadb,2,root/mariadb/sql/sql_insert.cc:4009:1:3,/root/mariadb/sql/sql_insert.cc,4009,4009,0,0,mariadb_target_002575;mariadb_target_002582
mariadb_griffin_r2,mariadb,2,root/mariadb/sql/sql_insert.cc:4009:2:4,/root/mariadb/sql/sql_insert.cc,4009,4009,0,0,mariadb_target_002575;mariadb_target_002582
mariadb_griffin_r2,mariadb,2,root/mariadb/sql/sql_insert.cc:4009:2:5,/root/mariadb/sql/sql_insert.cc,4009,4009,0,0,mariadb_target_002575;mariadb_target_002582
mariadb_griffin_r2,mariadb,2,root/mariadb/sql/sql_insert.cc:4016:0:0,/root/mariadb/sql/sql_insert.cc,4016,4016,0,0,mariadb_target_002575;mariadb_target_002582
mariadb_griffin_r2,mariadb,2,root/mariadb/sql/sql_insert.cc:4016:0:1,/root/mariadb/sql/sql_insert.cc,4016,4016,0,0,mariadb_target_002575;mariadb_target_002582
mariadb_griffin_r2,mariadb,2,root/mariadb/sql/sql_insert.cc:4021:0:0,/root/mariadb/sql/sql_insert.cc,4021,4021,0,0,mariadb_target_002575;mariadb_target_002582
mariadb_griffin_r2,mariadb,2,root/mariadb/sql/sql_insert.cc:4021:0:1,/root/mariadb/sql/sql_insert.cc,4021,4021,0,0,mariadb_target_002575;mariadb_target_002582
mariadb_griffin_r2,mariadb,2,root/mariadb/sql/sql_insert.cc:4027:0:0,/root/mariadb/sql/sql_insert.cc,4027,4027,0,0,mariadb_target_002575;mariadb_target_002582
mariadb_griffin_r2,mariadb,2,root/mariadb/sql/sql_insert.cc:4027:0:1,/root/mariadb/sql/sql_insert.cc,4027,4027,0,0,mariadb_target_002575;mariadb_target_002582
mariadb_griffin_r2,mariadb,2,root/mariadb/sql/sql_insert.cc:4046:0:0,/root/mariadb/sql/sql_insert.cc,4046,4046,0,0,mariadb_target_002575;mariadb_target_002582
mariadb_griffin_r2,mariadb,2,root/mariadb/sql/sql_insert.cc:4046:0:1,/root/mariadb/sql/sql_insert.cc,4046,4046,0,0,mariadb_target_002575;mariadb_target_002582
mariadb_griffin_r2,mariadb,2,root/mariadb/sql/sql_insert.cc:4046:1:2,/root/mariadb/sql/sql_insert.cc,4046,4046,0,0,mariadb_target_002575;mariadb_target_002582
mariadb_griffin_r2,mariadb,2,root/mariadb/sql/sql_insert.cc:4046:1:3,/root/mariadb/sql/sql_insert.cc,4046,4046,0,0,mariadb_target_002575;mariadb_target_002582
mariadb_griffin_r2,mariadb,2,root/mariadb/sql/sql_insert.cc:4047:0:0,/root/mariadb/sql/sql_insert.cc,4047,4047,0,0,mariadb_target_002575;mariadb_target_002582
mariadb_griffin_r2,mariadb,2,root/mariadb/sql/sql_insert.cc:4047:0:1,/root/mariadb/sql/sql_insert.cc,4047,4047,0,0,mariadb_target_002575;mariadb_target_002582
mariadb_griffin_r2,mariadb,2,root/mariadb/sql/sql_insert.cc:4050:0:0,/root/mariadb/sql/sql_insert.cc,4050,4050,0,0,mariadb_target_002575;mariadb_target_002582
mariadb_griffin_r2,mariadb,2,root/mariadb/sql/sql_insert.cc:4050:0:1,/root/mariadb/sql/sql_insert.cc,4050,4050,0,0,mariadb_target_002575;mariadb_target_002582
mariadb_griffin_r2,mariadb,2,root/mariadb/sql/sql_insert.cc:4050:1:2,/root/mariadb/sql/sql_insert.cc,4050,4050,0,0,mariadb_target_002575;mariadb_target_002582
mariadb_griffin_r2,mariadb,2,root/mariadb/sql/sql_insert.cc:4050:1:3,/root/mariadb/sql/sql_insert.cc,4050,4050,0,0,mariadb_target_002575;mariadb_target_002582
mariadb_griffin_r2,mariadb,2,root/mariadb/sql/sql_insert.cc:4052:0:0,/root/mariadb/sql/sql_insert.cc,4052,4052,0,0,mariadb_target_002575;mariadb_target_002582
mariadb_griffin_r2,mariadb,2,root/mariadb/sql/sql_insert.cc:4052:0:1,/root/mariadb/sql/sql_insert.cc,4052,4052,0,0,mariadb_target_002575;mariadb_target_002582
mariadb_griffin_r2,mariadb,2,root/mariadb/sql/sql_insert.cc:4056:0:0,/root/mariadb/sql/sql_insert.cc,4056,4056,0,0,mariadb_target_002575;mariadb_target_002582
mariadb_griffin_r2,mariadb,2,root/mariadb/sql/sql_insert.cc:4056:0:1,/root/mariadb/sql/sql_insert.cc,4056,4056,0,0,mariadb_target_002575;mariadb_target_002582
mariadb_griffin_r2,mariadb,2,root/mariadb/sql/sql_insert.cc:4065:0:0,/root/mariadb/sql/sql_insert.cc,4065,4065,0,0,mariadb_target_002575;mariadb_target_002582
mariadb_griffin_r2,mariadb,2,root/mariadb/sql/sql_insert.cc:4065:0:1,/root/mariadb/sql/sql_insert.cc,4065,4065,0,0,mariadb_target_002575;mariadb_target_002582
mariadb_griffin_r2,mariadb,2,root/mariadb/sql/sql_insert.cc:4074:0:0,/root/mariadb/sql/sql_insert.cc,4074,4074,0,0,mariadb_target_002575;mariadb_target_002582;mariadb_target_002584;mariadb_target_002585
mariadb_griffin_r2,mariadb,2,root/mariadb/sql/sql_insert.cc:4074:0:1,/root/mariadb/sql/sql_insert.cc,4074,4074,0,0,mariadb_target_002575;mariadb_target_002582;mariadb_target_002584;mariadb_target_002585
mariadb_griffin_r2,mariadb,2,root/mariadb/sql/sql_insert.cc:4074:1:2,/root/mariadb/sql/sql_insert.cc,4074,4074,0,0,mariadb_target_002575;mariadb_target_002582;mariadb_target_002584;mariadb_target_002585
mariadb_griffin_r2,mariadb,2,root/mariadb/sql/sql_insert.cc:4074:1:3,/root/mariadb/sql/sql_insert.cc,4074,4074,0,0,mariadb_target_002575;mariadb_target_002582;mariadb_target_002584;mariadb_target_002585
mariadb_griffin_r2,mariadb,2,root/mariadb/sql/sql_insert.cc:4079:0:0,/root/mariadb/sql/sql_insert.cc,4079,4079,0,0,mariadb_target_002575;mariadb_target_002582;mariadb_target_002585;mariadb_target_002586
mariadb_griffin_r2,mariadb,2,root/mariadb/sql/sql_insert.cc:4079:0:1,/root/mariadb/sql/sql_insert.cc,4079,4079,0,0,mariadb_target_002575;mariadb_target_002582;mariadb_target_002585;mariadb_target_002586
mariadb_griffin_r2,mariadb,2,root/mariadb/sql/sql_insert.cc:4086:0:0,/root/mariadb/sql/sql_insert.cc,4086,4086,0,0,mariadb_target_002575;mariadb_target_002586
mariadb_griffin_r2,mariadb,2,root/mariadb/sql/sql_insert.cc:4086:0:1,/root/mariadb/sql/sql_insert.cc,4086,4086,0,0,mariadb_target_002575;mariadb_target_002586
mariadb_griffin_r2,mariadb,2,root/mariadb/sql/sql_insert.cc:4086:1:2,/root/mariadb/sql/sql_insert.cc,4086,4086,0,0,mariadb_target_002575;mariadb_target_002586
mariadb_griffin_r2,mariadb,2,root/mariadb/sql/sql_insert.cc:4086:1:3,/root/mariadb/sql/sql_insert.cc,4086,4086,0,0,mariadb_target_002575;mariadb_target_002586
mariadb_griffin_r2,mariadb,2,root/mariadb/sql/sql_insert.cc:4086:2:4,/root/mariadb/sql/sql_insert.cc,4086,4086,0,0,mariadb_target_002575;mariadb_target_002586
mariadb_griffin_r2,mariadb,2,root/mariadb/sql/sql_insert.cc:4086:2:5,/root/mariadb/sql/sql_insert.cc,4086,4086,0,0,mariadb_target_002575;mariadb_target_002586
mariadb_griffin_r2,mariadb,2,root/mariadb/sql/sql_insert.cc:4104:0:0,/root/mariadb/sql/sql_insert.cc,4104,4104,0,0,mariadb_target_002575;mariadb_target_002587
mariadb_griffin_r2,mariadb,2,root/mariadb/sql/sql_insert.cc:4104:0:1,/root/mariadb/sql/sql_insert.cc,4104,4104,0,0,mariadb_target_002575;mariadb_target_002587
mariadb_griffin_r2,mariadb,2,root/mariadb/sql/sql_insert.cc:4105:0:0,/root/mariadb/sql/sql_insert.cc,4105,4105,0,0,mariadb_target_002575;mariadb_target_002587;mariadb_target_002588
mariadb_griffin_r2,mariadb,2,root/mariadb/sql/sql_insert.cc:4105:0:1,/root/mariadb/sql/sql_insert.cc,4105,4105,0,0,mariadb_target_002575;mariadb_target_002587;mariadb_target_002588
mariadb_griffin_r2,mariadb,2,root/mariadb/sql/sql_insert.cc:4109:0:0,/root/mariadb/sql/sql_insert.cc,4109,4109,0,0,mariadb_target_002575;mariadb_target_002587;mariadb_target_002588
mariadb_griffin_r2,mariadb,2,root/mariadb/sql/sql_insert.cc:4109:0:1,/root/mariadb/sql/sql_insert.cc,4109,4109,0,0,mariadb_target_002575;mariadb_target_002587;mariadb_target_002588
mariadb_griffin_r2,mariadb,2,root/mariadb/sql/sql_insert.cc:4126:0:0,/root/mariadb/sql/sql_insert.cc,4126,4126,0,0,mariadb_target_002575;mariadb_target_002590
mariadb_griffin_r2,mariadb,2,root/mariadb/sql/sql_insert.cc:4126:0:1,/root/mariadb/sql/sql_insert.cc,4126,4126,0,0,mariadb_target_002575;mariadb_target_002590
mariadb_griffin_r2,mariadb,2,root/mariadb/sql/sql_insert.cc:4128:0:0,/root/mariadb/sql/sql_insert.cc,4128,4128,0,0,mariadb_target_002575;mariadb_target_002590;mariadb_target_002591
mariadb_griffin_r2,mariadb,2,root/mariadb/sql/sql_insert.cc:4128:0:1,/root/mariadb/sql/sql_insert.cc,4128,4128,0,0,mariadb_target_002575;mariadb_target_002590;mariadb_target_002591
mariadb_griffin_r2,mariadb,2,root/mariadb/sql/sql_insert.cc:4203:0:0,/root/mariadb/sql/sql_insert.cc,4203,4203,31,1,mariadb_target_002593;mariadb_target_002594;mariadb_target_002595
mariadb_griffin_r2,mariadb,2,root/mariadb/sql/sql_insert.cc:4203:0:1,/root/mariadb/sql/sql_insert.cc,4203,4203,5,1,mariadb_target_002593;mariadb_target_002594;mariadb_target_002595
mariadb_griffin_r2,mariadb,2,root/mariadb/sql/sql_insert.cc:4203:1:2,/root/mariadb/sql/sql_insert.cc,4203,4203,18,1,mariadb_target_002593;mariadb_target_002594;mariadb_target_002595
mariadb_griffin_r2,mariadb,2,root/mariadb/sql/sql_insert.cc:4203:1:3,/root/mariadb/sql/sql_insert.cc,4203,4203,13,1,mariadb_target_002593;mariadb_target_002594;mariadb_target_002595
mariadb_griffin_r2,mariadb,2,root/mariadb/sql/sql_insert.cc:4210:0:0,/root/mariadb/sql/sql_insert.cc,4210,4210,0,0,mariadb_target_002593;mariadb_target_002594;mariadb_target_002595
mariadb_griffin_r2,mariadb,2,root/mariadb/sql/sql_insert.cc:4210:0:1,/root/mariadb/sql/sql_insert.cc,4210,4210,18,1,mariadb_target_002593;mariadb_target_002594;mariadb_target_002595
mariadb_griffin_r2,mariadb,2,root/mariadb/sql/sql_lex.cc:3843:0:0,/root/mariadb/sql/sql_lex.cc,3843,3843,0,0,mariadb_target_000944;mariadb_target_002597
mariadb_griffin_r2,mariadb,2,root/mariadb/sql/sql_lex.cc:3843:0:1,/root/mariadb/sql/sql_lex.cc,3843,3843,0,0,mariadb_target_000944;mariadb_target_002597
mariadb_griffin_r2,mariadb,2,root/mariadb/sql/sql_lex.cc:3849:0:0,/root/mariadb/sql/sql_lex.cc,3849,3849,0,0,mariadb_target_000944;mariadb_target_002597
mariadb_griffin_r2,mariadb,2,root/mariadb/sql/sql_lex.cc:3849:0:1,/root/mariadb/sql/sql_lex.cc,3849,3849,0,0,mariadb_target_000944;mariadb_target_002597
mariadb_griffin_r2,mariadb,2,root/mariadb/sql/sql_lex.cc:3890:0:0,/root/mariadb/sql/sql_lex.cc,3890,3890,132,1,mariadb_target_002598
mariadb_griffin_r2,mariadb,2,root/mariadb/sql/sql_lex.cc:3890:0:1,/root/mariadb/sql/sql_lex.cc,3890,3890,330,1,mariadb_target_002598
mariadb_griffin_r2,mariadb,2,root/mariadb/sql/sql_lex.cc:3917:0:0,/root/mariadb/sql/sql_lex.cc,3917,3917,8,1,mariadb_target_002599
mariadb_griffin_r2,mariadb,2,root/mariadb/sql/sql_lex.cc:3917:0:1,/root/mariadb/sql/sql_lex.cc,3917,3917,578,1,mariadb_target_002599
mariadb_griffin_r2,mariadb,2,root/mariadb/sql/sql_lex.cc:3920:0:0,/root/mariadb/sql/sql_lex.cc,3920,3920,32,1,mariadb_target_002599
mariadb_griffin_r2,mariadb,2,root/mariadb/sql/sql_lex.cc:3920:0:1,/root/mariadb/sql/sql_lex.cc,3920,3920,430,1,mariadb_target_002599
mariadb_griffin_r2,mariadb,2,root/mariadb/sql/sql_lex.cc:3922:0:0,/root/mariadb/sql/sql_lex.cc,3922,3922,4,1,mariadb_target_002599
mariadb_griffin_r2,mariadb,2,root/mariadb/sql/sql_lex.cc:3922:0:1,/root/mariadb/sql/sql_lex.cc,3922,3922,28,1,mariadb_target_002599
mariadb_griffin_r2,mariadb,2,root/mariadb/sql/sql_lex.cc:3931:0:0,/root/mariadb/sql/sql_lex.cc,3931,3931,56,1,mariadb_target_000945;mariadb_target_002600
mariadb_griffin_r2,mariadb,2,root/mariadb/sql/sql_lex.cc:3931:0:1,/root/mariadb/sql/sql_lex.cc,3931,3931,374,1,mariadb_target_000945;mariadb_target_002600
mariadb_griffin_r2,mariadb,2,root/mariadb/sql/sql_lex.cc:5565:0:0,/root/mariadb/sql/sql_lex.cc,5565,5565,0,0,mariadb_target_000946;mariadb_target_002601
mariadb_griffin_r2,mariadb,2,root/mariadb/sql/sql_lex.cc:5565:0:1,/root/mariadb/sql/sql_lex.cc,5565,5565,330387,1,mariadb_target_000946;mariadb_target_002601
mariadb_griffin_r2,mariadb,2,root/mariadb/sql/sql_lex.cc:5565:1:2,/root/mariadb/sql/sql_lex.cc,5565,5565,0,0,mariadb_target_000946;mariadb_target_002601
mariadb_griffin_r2,mariadb,2,root/mariadb/sql/sql_lex.cc:5565:1:3,/root/mariadb/sql/sql_lex.cc,5565,5565,330387,1,mariadb_target_000946;mariadb_target_002601
mariadb_griffin_r2,mariadb,2,root/mariadb/sql/sql_lex.cc:5571:0:0,/root/mariadb/sql/sql_lex.cc,5571,5571,82157,1,mariadb_target_000946;mariadb_target_002601;mariadb_target_002602
mariadb_griffin_r2,mariadb,2,root/mariadb/sql/sql_lex.cc:5571:0:1,/root/mariadb/sql/sql_lex.cc,5571,5571,248230,1,mariadb_target_000946;mariadb_target_002601;mariadb_target_002602
mariadb_griffin_r2,mariadb,2,root/mariadb/sql/sql_lex.cc:5574:0:0,/root/mariadb/sql/sql_lex.cc,5574,5574,0,0,mariadb_target_002602
mariadb_griffin_r2,mariadb,2,root/mariadb/sql/sql_lex.cc:5574:0:1,/root/mariadb/sql/sql_lex.cc,5574,5574,330387,1,mariadb_target_002602
mariadb_griffin_r2,mariadb,2,root/mariadb/sql/sql_lex.cc:5574:1:2,/root/mariadb/sql/sql_lex.cc,5574,5574,0,0,mariadb_target_002602
mariadb_griffin_r2,mariadb,2,root/mariadb/sql/sql_lex.cc:5574:1:3,/root/mariadb/sql/sql_lex.cc,5574,5574,0,0,mariadb_target_002602
mariadb_griffin_r2,mariadb,2,root/mariadb/sql/sql_lex.cc:5586:0:0,/root/mariadb/sql/sql_lex.cc,5586,5586,2870,1,mariadb_target_002602;mariadb_target_002603
mariadb_griffin_r2,mariadb,2,root/mariadb/sql/sql_lex.cc:5586:0:1,/root/mariadb/sql/sql_lex.cc,5586,5586,327517,1,mariadb_target_002602;mariadb_target_002603
mariadb_griffin_r2,mariadb,2,root/mariadb/sql/sql_lex.cc:5592:0:0,/root/mariadb/sql/sql_lex.cc,5592,5592,12,1,mariadb_target_002602;mariadb_target_002603
mariadb_griffin_r2,mariadb,2,root/mariadb/sql/sql_lex.cc:5592:0:1,/root/mariadb/sql/sql_lex.cc,5592,5592,330375,1,mariadb_target_002602;mariadb_target_002603
mariadb_griffin_r2,mariadb,2,root/mariadb/sql/sql_lex.cc:5596:0:0,/root/mariadb/sql/sql_lex.cc,5596,5596,82157,1,mariadb_target_002602;mariadb_target_002603
mariadb_griffin_r2,mariadb,2,root/mariadb/sql/sql_lex.cc:5596:0:1,/root/mariadb/sql/sql_lex.cc,5596,5596,330387,1,mariadb_target_002602;mariadb_target_002603
mariadb_griffin_r2,mariadb,2,root/mariadb/sql/sql_lex.cc:5598:0:0,/root/mariadb/sql/sql_lex.cc,5598,5598,38743,1,mariadb_target_002602
mariadb_griffin_r2,mariadb,2,root/mariadb/sql/sql_lex.cc:5598:0:1,/root/mariadb/sql/sql_lex.cc,5598,5598,43414,1,mariadb_target_002602
mariadb_griffin_r2,mariadb,2,root/mariadb/sql/sql_lex.cc:5599:0:0,/root/mariadb/sql/sql_lex.cc,5599,5599,28823,1,mariadb_target_002602
mariadb_griffin_r2,mariadb,2,root/mariadb/sql/sql_lex.cc:5599:0:1,/root/mariadb/sql/sql_lex.cc,5599,5599,9920,1,mariadb_target_002602
mariadb_griffin_r2,mariadb,2,root/mariadb/sql/sql_lex.cc:5601:0:0,/root/mariadb/sql/sql_lex.cc,5601,5601,28823,1,mariadb_target_002602
mariadb_griffin_r2,mariadb,2,root/mariadb/sql/sql_lex.cc:5601:0:1,/root/mariadb/sql/sql_lex.cc,5601,5601,0,0,mariadb_target_002602
mariadb_griffin_r2,mariadb,2,root/mariadb/sql/sql_lex.cc:5612:0:0,/root/mariadb/sql/sql_lex.cc,5612,5612,140956,1,mariadb_target_002602
mariadb_griffin_r2,mariadb,2,root/mariadb/sql/sql_lex.cc:5612:0:1,/root/mariadb/sql/sql_lex.cc,5612,5612,289326,1,mariadb_target_002602
mariadb_griffin_r2,mariadb,2,root/mariadb/sql/sql_lex.cc:5617:0:0,/root/mariadb/sql/sql_lex.cc,5617,5617,25833,1,mariadb_target_002602
mariadb_griffin_r2,mariadb,2,root/mariadb/sql/sql_lex.cc:5617:0:1,/root/mariadb/sql/sql_lex.cc,5617,5617,404449,1,mariadb_target_002602
mariadb_griffin_r2,mariadb,2,root/mariadb/sql/sql_lex.cc:5625:0:0,/root/mariadb/sql/sql_lex.cc,5625,5625,444234,1,mariadb_target_002602
mariadb_griffin_r2,mariadb,2,root/mariadb/sql/sql_lex.cc:5625:0:1,/root/mariadb/sql/sql_lex.cc,5625,5625,430282,1,mariadb_target_002602
mariadb_griffin_r2,mariadb,2,root/mariadb/sql/sql_lex.cc:5632:0:0,/root/mariadb/sql/sql_lex.cc,5632,5632,3410,1,mariadb_target_002602
mariadb_griffin_r2,mariadb,2,root/mariadb/sql/sql_lex.cc:5632:0:1,/root/mariadb/sql/sql_lex.cc,5632,5632,430282,1,mariadb_target_002602
mariadb_griffin_r2,mariadb,2,root/mariadb/sql/sql_lex.cc:5637:0:0,/root/mariadb/sql/sql_lex.cc,5637,5637,106706,1,mariadb_target_002602
mariadb_griffin_r2,mariadb,2,root/mariadb/sql/sql_lex.cc:5637:0:1,/root/mariadb/sql/sql_lex.cc,5637,5637,430282,1,mariadb_target_002602
mariadb_griffin_r2,mariadb,2,root/mariadb/sql/sql_lex.cc:5639:0:0,/root/mariadb/sql/sql_lex.cc,5639,5639,313826,1,mariadb_target_002602
mariadb_griffin_r2,mariadb,2,root/mariadb/sql/sql_lex.cc:5639:0:1,/root/mariadb/sql/sql_lex.cc,5639,5639,116456,1,mariadb_target_002602
mariadb_griffin_r2,mariadb,2,root/mariadb/sql/sql_lex.cc:5640:0:0,/root/mariadb/sql/sql_lex.cc,5640,5640,114926,1,mariadb_target_002602
mariadb_griffin_r2,mariadb,2,root/mariadb/sql/sql_lex.cc:5640:0:1,/root/mariadb/sql/sql_lex.cc,5640,5640,1530,1,mariadb_target_002602
mariadb_griffin_r2,mariadb,2,root/mariadb/sql/sql_lex.cc:5642:0:0,/root/mariadb/sql/sql_lex.cc,5642,5642,81018,1,mariadb_target_002602
mariadb_griffin_r2,mariadb,2,root/mariadb/sql/sql_lex.cc:5642:0:1,/root/mariadb/sql/sql_lex.cc,5642,5642,346595,1,mariadb_target_002602
mariadb_griffin_r2,mariadb,2,root/mariadb/sql/sql_lex.cc:5663:0:0,/root/mariadb/sql/sql_lex.cc,5663,5663,61289,1,mariadb_target_002602
mariadb_griffin_r2,mariadb,2,root/mariadb/sql/sql_lex.cc:5663:0:1,/root/mariadb/sql/sql_lex.cc,5663,5663,57344,1,mariadb_target_002602
mariadb_griffin_r2,mariadb,2,root/mariadb/sql/sql_lex.cc:5665:0:0,/root/mariadb/sql/sql_lex.cc,5665,5665,0,0,mariadb_target_002602
mariadb_griffin_r2,mariadb,2,root/mariadb/sql/sql_lex.cc:5665:0:1,/root/mariadb/sql/sql_lex.cc,5665,5665,61289,1,mariadb_target_002602
mariadb_griffin_r2,mariadb,2,root/mariadb/sql/sql_lex.cc:5666:0:0,/root/mariadb/sql/sql_lex.cc,5666,5666,0,0,mariadb_target_002602
mariadb_griffin_r2,mariadb,2,root/mariadb/sql/sql_lex.cc:5666:0:1,/root/mariadb/sql/sql_lex.cc,5666,5666,0,0,mariadb_target_002602
mariadb_griffin_r2,mariadb,2,root/mariadb/sql/sql_lex.cc:5669:0:0,/root/mariadb/sql/sql_lex.cc,5669,5669,0,0,mariadb_target_002602
mariadb_griffin_r2,mariadb,2,root/mariadb/sql/sql_lex.cc:5669:0:1,/root/mariadb/sql/sql_lex.cc,5669,5669,61289,1,mariadb_target_002602
mariadb_griffin_r2,mariadb,2,root/mariadb/sql/sql_lex.cc:5670:0:0,/root/mariadb/sql/sql_lex.cc,5670,5670,0,0,mariadb_target_002602
mariadb_griffin_r2,mariadb,2,root/mariadb/sql/sql_lex.cc:5670:0:1,/root/mariadb/sql/sql_lex.cc,5670,5670,0,0,mariadb_target_002602
mariadb_griffin_r2,mariadb,2,root/mariadb/sql/sql_lex.cc:5671:0:0,/root/mariadb/sql/sql_lex.cc,5671,5671,11992,1,mariadb_target_002602
mariadb_griffin_r2,mariadb,2,root/mariadb/sql/sql_lex.cc:5671:0:1,/root/mariadb/sql/sql_lex.cc,5671,5671,61289,1,mariadb_target_002602
mariadb_griffin_r2,mariadb,2,root/mariadb/sql/sql_lex.cc:5674:0:0,/root/mariadb/sql/sql_lex.cc,5674,5674,0,0,mariadb_target_002602
mariadb_griffin_r2,mariadb,2,root/mariadb/sql/sql_lex.cc:5674:0:1,/root/mariadb/sql/sql_lex.cc,5674,5674,11992,1,mariadb_target_002602
mariadb_griffin_r2,mariadb,2,root/mariadb/sql/sql_lex.cc:5675:0:0,/root/mariadb/sql/sql_lex.cc,5675,5675,0,0,mariadb_target_002602
mariadb_griffin_r2,mariadb,2,root/mariadb/sql/sql_lex.cc:5675:0:1,/root/mariadb/sql/sql_lex.cc,5675,5675,0,0,mariadb_target_002602
mariadb_griffin_r2,mariadb,2,root/mariadb/sql/sql_lex.cc:5680:0:0,/root/mariadb/sql/sql_lex.cc,5680,5680,40173,1,mariadb_target_002602
mariadb_griffin_r2,mariadb,2,root/mariadb/sql/sql_lex.cc:5680:0:1,/root/mariadb/sql/sql_lex.cc,5680,5680,17171,1,mariadb_target_002602
mariadb_griffin_r2,mariadb,2,root/mariadb/sql/sql_lex.cc:5681:0:0,/root/mariadb/sql/sql_lex.cc,5681,5681,7747,1,mariadb_target_002602
mariadb_griffin_r2,mariadb,2,root/mariadb/sql/sql_lex.cc:5681:0:1,/root/mariadb/sql/sql_lex.cc,5681,5681,32426,1,mariadb_target_002602
mariadb_griffin_r2,mariadb,2,root/mariadb/sql/sql_lex.cc:5685:0:0,/root/mariadb/sql/sql_lex.cc,5685,5685,8131,1,mariadb_target_002602
mariadb_griffin_r2,mariadb,2,root/mariadb/sql/sql_lex.cc:5685:0:1,/root/mariadb/sql/sql_lex.cc,5685,5685,49213,1,mariadb_target_002602
mariadb_griffin_r2,mariadb,2,root/mariadb/sql/sql_lex.cc:5686:0:0,/root/mariadb/sql/sql_lex.cc,5686,5686,3599,1,mariadb_target_002602
mariadb_griffin_r2,mariadb,2,root/mariadb/sql/sql_lex.cc:5686:0:1,/root/mariadb/sql/sql_lex.cc,5686,5686,4532,1,mariadb_target_002602
mariadb_griffin_r2,mariadb,2,root/mariadb/sql/sql_lex.cc:5688:0:0,/root/mariadb/sql/sql_lex.cc,5688,5688,7522,1,mariadb_target_002602
mariadb_griffin_r2,mariadb,2,root/mariadb/sql/sql_lex.cc:5688:0:1,/root/mariadb/sql/sql_lex.cc,5688,5688,49822,1,mariadb_target_002602
mariadb_griffin_r2,mariadb,2,root/mariadb/sql/sql_lex.cc:5689:0:0,/root/mariadb/sql/sql_lex.cc,5689,5689,3447,1,mariadb_target_002602
mariadb_griffin_r2,mariadb,2,root/mariadb/sql/sql_lex.cc:5689:0:1,/root/mariadb/sql/sql_lex.cc,5689,5689,4075,1,mariadb_target_002602
mariadb_griffin_r2,mariadb,2,root/mariadb/sql/sql_list.cc:39:0:0,/root/mariadb/sql/sql_list.cc,39,39,20506,1,mariadb_target_002604
mariadb_griffin_r2,mariadb,2,root/mariadb/sql/sql_list.cc:39:0:1,/root/mariadb/sql/sql_list.cc,39,39,0,0,mariadb_target_002604
mariadb_griffin_r2,mariadb,2,root/mariadb/sql/sql_list.h:532:0:0,/root/mariadb/sql/sql_list.h,532,532,0,0,mariadb_target_000947;mariadb_target_002605
mariadb_griffin_r2,mariadb,2,root/mariadb/sql/sql_list.h:532:0:1,/root/mariadb/sql/sql_list.h,532,532,7280,1,mariadb_target_000947;mariadb_target_002605
mariadb_griffin_r2,mariadb,2,root/mariadb/sql/sql_list.h:532:1:2,/root/mariadb/sql/sql_list.h,532,532,0,0,mariadb_target_000947;mariadb_target_002605
mariadb_griffin_r2,mariadb,2,root/mariadb/sql/sql_list.h:532:1:3,/root/mariadb/sql/sql_list.h,532,532,9,1,mariadb_target_000947;mariadb_target_002605
mariadb_griffin_r2,mariadb,2,root/mariadb/sql/sql_list.h:532:2:4,/root/mariadb/sql/sql_list.h,532,532,0,0,mariadb_target_000947;mariadb_target_002605
mariadb_griffin_r2,mariadb,2,root/mariadb/sql/sql_list.h:532:2:5,/root/mariadb/sql/sql_list.h,532,532,7280,1,mariadb_target_000947;mariadb_target_002605
mariadb_griffin_r2,mariadb,2,root/mariadb/sql/sql_list.h:532:3:6,/root/mariadb/sql/sql_list.h,532,532,0,0,mariadb_target_000947;mariadb_target_002605
mariadb_griffin_r2,mariadb,2,root/mariadb/sql/sql_list.h:532:3:7,/root/mariadb/sql/sql_list.h,532,532,9,1,mariadb_target_000947;mariadb_target_002605
mariadb_griffin_r2,mariadb,2,root/mariadb/sql/sql_parse.cc:1142:0:0,/root/mariadb/sql/sql_parse.cc,1142,1142,1268,1,mariadb_target_000948;mariadb_target_002606
mariadb_griffin_r2,mariadb,2,root/mariadb/sql/sql_parse.cc:1142:0:1,/root/mariadb/sql/sql_parse.cc,1142,1142,107,1,mariadb_target_000948;mariadb_target_002606
mariadb_griffin_r2,mariadb,2,root/mariadb/sql/sql_parse.cc:5511:0:0,/root/mariadb/sql/sql_parse.cc,5511,5511,2,1,mariadb_target_000952;mariadb_target_002610
mariadb_griffin_r2,mariadb,2,root/mariadb/sql/sql_parse.cc:5511:0:1,/root/mariadb/sql/sql_parse.cc,5511,5511,23057,1,mariadb_target_000952;mariadb_target_002610
mariadb_griffin_r2,mariadb,2,root/mariadb/sql/sql_parse.cc:5513:0:0,/root/mariadb/sql/sql_parse.cc,5513,5513,0,0,mariadb_target_000952;mariadb_target_002610
mariadb_griffin_r2,mariadb,2,root/mariadb/sql/sql_parse.cc:5513:0:1,/root/mariadb/sql/sql_parse.cc,5513,5513,2,1,mariadb_target_000952;mariadb_target_002610
mariadb_griffin_r2,mariadb,2,root/mariadb/sql/sql_select.cc:862:0:0,/root/mariadb/sql/sql_select.cc,862,862,5210,1,mariadb_target_002924
mariadb_griffin_r2,mariadb,2,root/mariadb/sql/sql_select.cc:862:0:1,/root/mariadb/sql/sql_select.cc,862,862,991,1,mariadb_target_002924
mariadb_griffin_r2,mariadb,2,root/mariadb/sql/sql_select.cc:864:0:0,/root/mariadb/sql/sql_select.cc,864,864,3325,1,mariadb_target_002924
mariadb_griffin_r2,mariadb,2,root/mariadb/sql/sql_select.cc:864:0:1,/root/mariadb/sql/sql_select.cc,864,864,1885,1,mariadb_target_002924
mariadb_griffin_r2,mariadb,2,root/mariadb/sql/sql_select.cc:897:0:0,/root/mariadb/sql/sql_select.cc,897,897,4097,1,mariadb_target_002925
mariadb_griffin_r2,mariadb,2,root/mariadb/sql/sql_select.cc:897:0:1,/root/mariadb/sql/sql_select.cc,897,897,1517,1,mariadb_target_002925
mariadb_griffin_r2,mariadb,2,root/mariadb/sql/sql_select.cc:899:0:0,/root/mariadb/sql/sql_select.cc,899,899,1517,1,mariadb_target_002925
mariadb_griffin_r2,mariadb,2,root/mariadb/sql/sql_select.cc:899:0:1,/root/mariadb/sql/sql_select.cc,899,899,2580,1,mariadb_target_002925
mariadb_griffin_r2,mariadb,2,root/mariadb/sql/sql_select.cc:1001:0:0,/root/mariadb/sql/sql_select.cc,1001,1001,0,0,mariadb_target_001035;mariadb_target_002926
mariadb_griffin_r2,mariadb,2,root/mariadb/sql/sql_select.cc:1001:0:1,/root/mariadb/sql/sql_select.cc,1001,1001,0,0,mariadb_target_001035;mariadb_target_002926
mariadb_griffin_r2,mariadb,2,root/mariadb/sql/sql_select.cc:1002:0:0,/root/mariadb/sql/sql_select.cc,1002,1002,0,0,mariadb_target_001035;mariadb_target_002926
mariadb_griffin_r2,mariadb,2,root/mariadb/sql/sql_select.cc:1002:0:1,/root/mariadb/sql/sql_select.cc,1002,1002,0,0,mariadb_target_001035;mariadb_target_002926
mariadb_griffin_r2,mariadb,2,root/mariadb/sql/sql_select.cc:1004:0:0,/root/mariadb/sql/sql_select.cc,1004,1004,0,0,mariadb_target_001035;mariadb_target_002926
mariadb_griffin_r2,mariadb,2,root/mariadb/sql/sql_select.cc:1004:0:1,/root/mariadb/sql/sql_select.cc,1004,1004,0,0,mariadb_target_001035;mariadb_target_002926
mariadb_griffin_r2,mariadb,2,root/mariadb/sql/sql_select.cc:1435:0:0,/root/mariadb/sql/sql_select.cc,1435,1435,0,0,mariadb_target_002641
mariadb_griffin_r2,mariadb,2,root/mariadb/sql/sql_select.cc:1435:0:1,/root/mariadb/sql/sql_select.cc,1435,1435,134067,1,mariadb_target_002641
mariadb_griffin_r2,mariadb,2,root/mariadb/sql/sql_select.cc:1468:0:0,/root/mariadb/sql/sql_select.cc,1468,1468,134062,1,mariadb_target_002641
mariadb_griffin_r2,mariadb,2,root/mariadb/sql/sql_select.cc:1468:0:1,/root/mariadb/sql/sql_select.cc,1468,1468,5,1,mariadb_target_002641
mariadb_griffin_r2,mariadb,2,root/mariadb/sql/sql_select.cc:1471:0:0,/root/mariadb/sql/sql_select.cc,1471,1471,29,1,mariadb_target_002641
mariadb_griffin_r2,mariadb,2,root/mariadb/sql/sql_select.cc:1471:0:1,/root/mariadb/sql/sql_select.cc,1471,1471,134038,1,mariadb_target_002641
mariadb_griffin_r2,mariadb,2,root/mariadb/sql/sql_select.cc:1482:0:0,/root/mariadb/sql/sql_select.cc,1482,1482,133942,1,mariadb_target_002641
mariadb_griffin_r2,mariadb,2,root/mariadb/sql/sql_select.cc:1482:0:1,/root/mariadb/sql/sql_select.cc,1482,1482,96,1,mariadb_target_002641
mariadb_griffin_r2,mariadb,2,root/mariadb/sql/sql_select.cc:1483:0:0,/root/mariadb/sql/sql_select.cc,1483,1483,0,0,mariadb_target_002641
mariadb_griffin_r2,mariadb,2,root/mariadb/sql/sql_select.cc:1483:0:1,/root/mariadb/sql/sql_select.cc,1483,1483,133942,1,mariadb_target_002641
mariadb_griffin_r2,mariadb,2,root/mariadb/sql/sql_select.cc:1488:0:0,/root/mariadb/sql/sql_select.cc,1488,1488,0,0,mariadb_target_002641
mariadb_griffin_r2,mariadb,2,root/mariadb/sql/sql_select.cc:1488:0:1,/root/mariadb/sql/sql_select.cc,1488,1488,134038,1,mariadb_target_002641
mariadb_griffin_r2,mariadb,2,root/mariadb/sql/sql_select.cc:1488:1:2,/root/mariadb/sql/sql_select.cc,1488,1488,0,0,mariadb_target_002641
mariadb_griffin_r2,mariadb,2,root/mariadb/sql/sql_select.cc:1488:1:3,/root/mariadb/sql/sql_select.cc,1488,1488,0,0,mariadb_target_002641
mariadb_griffin_r2,mariadb,2,root/mariadb/sql/sql_select.cc:1496:0:0,/root/mariadb/sql/sql_select.cc,1496,1496,0,0,mariadb_target_002641
mariadb_griffin_r2,mariadb,2,root/mariadb/sql/sql_select.cc:1496:0:1,/root/mariadb/sql/sql_select.cc,1496,1496,134038,1,mariadb_target_002641
mariadb_griffin_r2,mariadb,2,root/mariadb/sql/sql_select.cc:1500:0:0,/root/mariadb/sql/sql_select.cc,1500,1500,0,0,mariadb_target_002641
mariadb_griffin_r2,mariadb,2,root/mariadb/sql/sql_select.cc:1500:0:1,/root/mariadb/sql/sql_select.cc,1500,1500,134038,1,mariadb_target_002641
mariadb_griffin_r2,mariadb,2,root/mariadb/sql/sql_select.cc:1512:0:0,/root/mariadb/sql/sql_select.cc,1512,1512,134038,1,mariadb_target_002641;mariadb_target_002675
mariadb_griffin_r2,mariadb,2,root/mariadb/sql/sql_select.cc:1512:0:1,/root/mariadb/sql/sql_select.cc,1512,1512,0,0,mariadb_target_002641;mariadb_target_002675
mariadb_griffin_r2,mariadb,2,root/mariadb/sql/sql_select.cc:1513:0:0,/root/mariadb/sql/sql_select.cc,1513,1513,473,1,mariadb_target_002641;mariadb_target_002675
mariadb_griffin_r2,mariadb,2,root/mariadb/sql/sql_select.cc:1513:0:1,/root/mariadb/sql/sql_select.cc,1513,1513,133565,1,mariadb_target_002641;mariadb_target_002675
mariadb_griffin_r2,mariadb,2,root/mariadb/sql/sql_select.cc:1513:1:2,/root/mariadb/sql/sql_select.cc,1513,1513,290,1,mariadb_target_002641;mariadb_target_002675
mariadb_griffin_r2,mariadb,2,root/mariadb/sql/sql_select.cc:1513:1:3,/root/mariadb/sql/sql_select.cc,1513,1513,183,1,mariadb_target_002641;mariadb_target_002675
mariadb_griffin_r2,mariadb,2,root/mariadb/sql/sql_select.cc:1515:0:0,/root/mariadb/sql/sql_select.cc,1515,1515,0,0,mariadb_target_002641;mariadb_target_002675
mariadb_griffin_r2,mariadb,2,root/mariadb/sql/sql_select.cc:1515:0:1,/root/mariadb/sql/sql_select.cc,1515,1515,290,1,mariadb_target_002641;mariadb_target_002675
mariadb_griffin_r2,mariadb,2,root/mariadb/sql/sql_select.cc:1516:0:0,/root/mariadb/sql/sql_select.cc,1516,1516,0,0,mariadb_target_002641;mariadb_target_002675
mariadb_griffin_r2,mariadb,2,root/mariadb/sql/sql_select.cc:1516:0:1,/root/mariadb/sql/sql_select.cc,1516,1516,290,1,mariadb_target_002641;mariadb_target_002675
mariadb_griffin_r2,mariadb,2,root/mariadb/sql/sql_select.cc:1522:0:0,/root/mariadb/sql/sql_select.cc,1522,1522,0,0,mariadb_target_002641;mariadb_target_002676
mariadb_griffin_r2,mariadb,2,root/mariadb/sql/sql_select.cc:1522:0:1,/root/mariadb/sql/sql_select.cc,1522,1522,0,0,mariadb_target_002641;mariadb_target_002676
mariadb_griffin_r2,mariadb,2,root/mariadb/sql/sql_select.cc:1535:0:0,/root/mariadb/sql/sql_select.cc,1535,1535,0,0,mariadb_target_002641;mariadb_target_002676
mariadb_griffin_r2,mariadb,2,root/mariadb/sql/sql_select.cc:1535:0:1,/root/mariadb/sql/sql_select.cc,1535,1535,0,0,mariadb_target_002641;mariadb_target_002676
mariadb_griffin_r2,mariadb,2,root/mariadb/sql/sql_select.cc:1543:0:0,/root/mariadb/sql/sql_select.cc,1543,1543,39860,1,mariadb_target_002641
mariadb_griffin_r2,mariadb,2,root/mariadb/sql/sql_select.cc:1543:0:1,/root/mariadb/sql/sql_select.cc,1543,1543,94178,1,mariadb_target_002641
mariadb_griffin_r2,mariadb,2,root/mariadb/sql/sql_select.cc:1544:0:0,/root/mariadb/sql/sql_select.cc,1544,1544,39860,1,mariadb_target_002641
mariadb_griffin_r2,mariadb,2,root/mariadb/sql/sql_select.cc:1544:0:1,/root/mariadb/sql/sql_select.cc,1544,1544,0,0,mariadb_target_002641
mariadb_griffin_r2,mariadb,2,root/mariadb/sql/sql_select.cc:1548:0:0,/root/mariadb/sql/sql_select.cc,1548,1548,0,0,mariadb_target_002641
mariadb_griffin_r2,mariadb,2,root/mariadb/sql/sql_select.cc:1548:0:1,/root/mariadb/sql/sql_select.cc,1548,1548,134038,1,mariadb_target_002641
mariadb_griffin_r2,mariadb,2,root/mariadb/sql/sql_select.cc:1562:0:0,/root/mariadb/sql/sql_select.cc,1562,1562,75714,1,mariadb_target_002641
mariadb_griffin_r2,mariadb,2,root/mariadb/sql/sql_select.cc:1562:0:1,/root/mariadb/sql/sql_select.cc,1562,1562,58324,1,mariadb_target_002641
mariadb_griffin_r2,mariadb,2,root/mariadb/sql/sql_select.cc:1563:0:0,/root/mariadb/sql/sql_select.cc,1563,1563,70450,1,mariadb_target_002641
mariadb_griffin_r2,mariadb,2,root/mariadb/sql/sql_select.cc:1563:0:1,/root/mariadb/sql/sql_select.cc,1563,1563,5264,1,mariadb_target_002641
mariadb_griffin_r2,mariadb,2,root/mariadb/sql/sql_select.cc:1564:0:0,/root/mariadb/sql/sql_select.cc,1564,1564,68398,1,mariadb_target_002641
mariadb_griffin_r2,mariadb,2,root/mariadb/sql/sql_select.cc:1564:0:1,/root/mariadb/sql/sql_select.cc,1564,1564,2052,1,mariadb_target_002641
mariadb_griffin_r2,mariadb,2,root/mariadb/sql/sql_select.cc:1565:0:0,/root/mariadb/sql/sql_select.cc,1565,1565,68396,1,mariadb_target_002641
mariadb_griffin_r2,mariadb,2,root/mariadb/sql/sql_select.cc:1565:0:1,/root/mariadb/sql/sql_select.cc,1565,1565,2,1,mariadb_target_002641
mariadb_griffin_r2,mariadb,2,root/mariadb/sql/sql_select.cc:1567:0:0,/root/mariadb/sql/sql_select.cc,1567,1567,0,0,mariadb_target_002641
mariadb_griffin_r2,mariadb,2,root/mariadb/sql/sql_select.cc:1567:0:1,/root/mariadb/sql/sql_select.cc,1567,1567,68396,1,mariadb_target_002641
mariadb_griffin_r2,mariadb,2,root/mariadb/sql/sql_select.cc:1571:0:0,/root/mariadb/sql/sql_select.cc,1571,1571,134038,1,mariadb_target_002641
mariadb_griffin_r2,mariadb,2,root/mariadb/sql/sql_select.cc:1571:0:1,/root/mariadb/sql/sql_select.cc,1571,1571,0,0,mariadb_target_002641
mariadb_griffin_r2,mariadb,2,root/mariadb/sql/sql_select.cc:1573:0:0,/root/mariadb/sql/sql_select.cc,1573,1573,53748,1,mariadb_target_002641
mariadb_griffin_r2,mariadb,2,root/mariadb/sql/sql_select.cc:1573:0:1,/root/mariadb/sql/sql_select.cc,1573,1573,80290,1,mariadb_target_002641
mariadb_griffin_r2,mariadb,2,root/mariadb/sql/sql_select.cc:1573:1:2,/root/mariadb/sql/sql_select.cc,1573,1573,53748,1,mariadb_target_002641
mariadb_griffin_r2,mariadb,2,root/mariadb/sql/sql_select.cc:1573:1:3,/root/mariadb/sql/sql_select.cc,1573,1573,0,0,mariadb_target_002641
mariadb_griffin_r2,mariadb,2,root/mariadb/sql/sql_select.cc:1579:0:0,/root/mariadb/sql/sql_select.cc,1579,1579,0,0,mariadb_target_002641
mariadb_griffin_r2,mariadb,2,root/mariadb/sql/sql_select.cc:1579:0:1,/root/mariadb/sql/sql_select.cc,1579,1579,134038,1,mariadb_target_002641
mariadb_griffin_r2,mariadb,2,root/mariadb/sql/sql_select.cc:1590:0:0,/root/mariadb/sql/sql_select.cc,1590,1590,88107,1,mariadb_target_002641
mariadb_griffin_r2,mariadb,2,root/mariadb/sql/sql_select.cc:1590:0:1,/root/mariadb/sql/sql_select.cc,1590,1590,134034,1,mariadb_target_002641
mariadb_griffin_r2,mariadb,2,root/mariadb/sql/sql_select.cc:1592:0:0,/root/mariadb/sql/sql_select.cc,1592,1592,9,1,mariadb_target_002641
mariadb_griffin_r2,mariadb,2,root/mariadb/sql/sql_select.cc:1592:0:1,/root/mariadb/sql/sql_select.cc,1592,1592,88098,1,mariadb_target_002641
mariadb_griffin_r2,mariadb,2,root/mariadb/sql/sql_select.cc:1593:0:0,/root/mariadb/sql/sql_select.cc,1593,1593,4,1,mariadb_target_002641
mariadb_griffin_r2,mariadb,2,root/mariadb/sql/sql_select.cc:1593:0:1,/root/mariadb/sql/sql_select.cc,1593,1593,5,1,mariadb_target_002641
mariadb_griffin_r2,mariadb,2,root/mariadb/sql/sql_select.cc:1598:0:0,/root/mariadb/sql/sql_select.cc,1598,1598,160,1,mariadb_target_002641
mariadb_griffin_r2,mariadb,2,root/mariadb/sql/sql_select.cc:1598:0:1,/root/mariadb/sql/sql_select.cc,1598,1598,133874,1,mariadb_target_002641
mariadb_griffin_r2,mariadb,2,root/mariadb/sql/sql_select.cc:1603:0:0,/root/mariadb/sql/sql_select.cc,1603,1603,230,1,mariadb_target_002641
mariadb_griffin_r2,mariadb,2,root/mariadb/sql/sql_select.cc:1603:0:1,/root/mariadb/sql/sql_select.cc,1603,1603,133644,1,mariadb_target_002641
mariadb_griffin_r2,mariadb,2,root/mariadb/sql/sql_select.cc:1620:0:0,/root/mariadb/sql/sql_select.cc,1620,1620,53029,1,mariadb_target_002641
mariadb_griffin_r2,mariadb,2,root/mariadb/sql/sql_select.cc:1620:0:1,/root/mariadb/sql/sql_select.cc,1620,1620,80615,1,mariadb_target_002641
mariadb_griffin_r2,mariadb,2,root/mariadb/sql/sql_select.cc:1621:0:0,/root/mariadb/sql/sql_select.cc,1621,1621,53029,1,mariadb_target_002641
mariadb_griffin_r2,mariadb,2,root/mariadb/sql/sql_select.cc:1621:0:1,/root/mariadb/sql/sql_select.cc,1621,1621,0,0,mariadb_target_002641
mariadb_griffin_r2,mariadb,2,root/mariadb/sql/sql_select.cc:1622:0:0,/root/mariadb/sql/sql_select.cc,1622,1622,52678,1,mariadb_target_002641
mariadb_griffin_r2,mariadb,2,root/mariadb/sql/sql_select.cc:1622:0:1,/root/mariadb/sql/sql_select.cc,1622,1622,351,1,mariadb_target_002641
mariadb_griffin_r2,mariadb,2,root/mariadb/sql/sql_select.cc:1628:0:0,/root/mariadb/sql/sql_select.cc,1628,1628,39856,1,mariadb_target_002641
mariadb_griffin_r2,mariadb,2,root/mariadb/sql/sql_select.cc:1628:0:1,/root/mariadb/sql/sql_select.cc,1628,1628,93788,1,mariadb_target_002641
mariadb_griffin_r2,mariadb,2,root/mariadb/sql/sql_select.cc:1628:1:2,/root/mariadb/sql/sql_select.cc,1628,1628,39856,1,mariadb_target_002641
mariadb_griffin_r2,mariadb,2,root/mariadb/sql/sql_select.cc:1628:1:3,/root/mariadb/sql/sql_select.cc,1628,1628,0,0,mariadb_target_002641
mariadb_griffin_r2,mariadb,2,root/mariadb/sql/sql_select.cc:1634:0:0,/root/mariadb/sql/sql_select.cc,1634,1634,0,0,mariadb_target_002641
mariadb_griffin_r2,mariadb,2,root/mariadb/sql/sql_select.cc:1634:0:1,/root/mariadb/sql/sql_select.cc,1634,1634,39856,1,mariadb_target_002641
mariadb_griffin_r2,mariadb,2,root/mariadb/sql/sql_select.cc:1638:0:0,/root/mariadb/sql/sql_select.cc,1638,1638,0,0,mariadb_target_002641
mariadb_griffin_r2,mariadb,2,root/mariadb/sql/sql_select.cc:1638:0:1,/root/mariadb/sql/sql_select.cc,1638,1638,0,0,mariadb_target_002641
mariadb_griffin_r2,mariadb,2,root/mariadb/sql/sql_select.cc:1646:0:0,/root/mariadb/sql/sql_select.cc,1646,1646,5783,1,mariadb_target_002641
mariadb_griffin_r2,mariadb,2,root/mariadb/sql/sql_select.cc:1646:0:1,/root/mariadb/sql/sql_select.cc,1646,1646,127861,1,mariadb_target_002641
mariadb_griffin_r2,mariadb,2,root/mariadb/sql/sql_select.cc:1657:0:0,/root/mariadb/sql/sql_select.cc,1657,1657,0,0,mariadb_target_002641
mariadb_griffin_r2,mariadb,2,root/mariadb/sql/sql_select.cc:1657:0:1,/root/mariadb/sql/sql_select.cc,1657,1657,5783,1,mariadb_target_002641
mariadb_griffin_r2,mariadb,2,root/mariadb/sql/sql_select.cc:1658:0:0,/root/mariadb/sql/sql_select.cc,1658,1658,0,0,mariadb_target_002641
mariadb_griffin_r2,mariadb,2,root/mariadb/sql/sql_select.cc:1658:0:1,/root/mariadb/sql/sql_select.cc,1658,1658,0,0,mariadb_target_002641
mariadb_griffin_r2,mariadb,2,root/mariadb/sql/sql_select.cc:1663:0:0,/root/mariadb/sql/sql_select.cc,1663,1663,0,0,mariadb_target_002641
mariadb_griffin_r2,mariadb,2,root/mariadb/sql/sql_select.cc:1663:0:1,/root/mariadb/sql/sql_select.cc,1663,1663,5783,1,mariadb_target_002641
mariadb_griffin_r2,mariadb,2,root/mariadb/sql/sql_select.cc:1663:1:2,/root/mariadb/sql/sql_select.cc,1663,1663,0,0,mariadb_target_002641
mariadb_griffin_r2,mariadb,2,root/mariadb/sql/sql_select.cc:1663:1:3,/root/mariadb/sql/sql_select.cc,1663,1663,5783,1,mariadb_target_002641
mariadb_griffin_r2,mariadb,2,root/mariadb/sql/sql_select.cc:1663:2:4,/root/mariadb/sql/sql_select.cc,1663,1663,0,0,mariadb_target_002641
mariadb_griffin_r2,mariadb,2,root/mariadb/sql/sql_select.cc:1663:2:5,/root/mariadb/sql/sql_select.cc,1663,1663,5783,1,mariadb_target_002641
mariadb_griffin_r2,mariadb,2,root/mariadb/sql/sql_select.cc:1667:0:0,/root/mariadb/sql/sql_select.cc,1667,1667,0,0,mariadb_target_002641
mariadb_griffin_r2,mariadb,2,root/mariadb/sql/sql_select.cc:1667:0:1,/root/mariadb/sql/sql_select.cc,1667,1667,5783,1,mariadb_target_002641
mariadb_griffin_r2,mariadb,2,root/mariadb/sql/sql_select.cc:1679:0:0,/root/mariadb/sql/sql_select.cc,1679,1679,0,0,mariadb_target_002641
mariadb_griffin_r2,mariadb,2,root/mariadb/sql/sql_select.cc:1679:0:1,/root/mariadb/sql/sql_select.cc,1679,1679,133644,1,mariadb_target_002641
mariadb_griffin_r2,mariadb,2,root/mariadb/sql/sql_select.cc:1683:0:0,/root/mariadb/sql/sql_select.cc,1683,1683,0,0,mariadb_target_002641
mariadb_griffin_r2,mariadb,2,root/mariadb/sql/sql_select.cc:1683:0:1,/root/mariadb/sql/sql_select.cc,1683,1683,0,0,mariadb_target_002641
mariadb_griffin_r2,mariadb,2,root/mariadb/sql/sql_select.cc:1685:0:0,/root/mariadb/sql/sql_select.cc,1685,1685,0,0,mariadb_target_002641
mariadb_griffin_r2,mariadb,2,root/mariadb/sql/sql_select.cc:1685:0:1,/root/mariadb/sql/sql_select.cc,1685,1685,0,0,mariadb_target_002641
mariadb_griffin_r2,mariadb,2,root/mariadb/sql/sql_select.cc:1691:0:0,/root/mariadb/sql/sql_select.cc,1691,1691,70431,1,mariadb_target_002641
mariadb_griffin_r2,mariadb,2,root/mariadb/sql/sql_select.cc:1691:0:1,/root/mariadb/sql/sql_select.cc,1691,1691,63213,1,mariadb_target_002641
mariadb_griffin_r2,mariadb,2,root/mariadb/sql/sql_select.cc:1692:0:0,/root/mariadb/sql/sql_select.cc,1692,1692,2,1,mariadb_target_002641
mariadb_griffin_r2,mariadb,2,root/mariadb/sql/sql_select.cc:1692:0:1,/root/mariadb/sql/sql_select.cc,1692,1692,70429,1,mariadb_target_002641
mariadb_griffin_r2,mariadb,2,root/mariadb/sql/sql_select.cc:1695:0:0,/root/mariadb/sql/sql_select.cc,1695,1695,133642,1,mariadb_target_002641
mariadb_griffin_r2,mariadb,2,root/mariadb/sql/sql_select.cc:1695:0:1,/root/mariadb/sql/sql_select.cc,1695,1695,0,0,mariadb_target_002641
mariadb_griffin_r2,mariadb,2,root/mariadb/sql/sql_select.cc:1702:0:0,/root/mariadb/sql/sql_select.cc,1702,1702,0,0,mariadb_target_002641;mariadb_target_002725
mariadb_griffin_r2,mariadb,2,root/mariadb/sql/sql_select.cc:1702:0:1,/root/mariadb/sql/sql_select.cc,1702,1702,133642,1,mariadb_target_002641;mariadb_target_002725
mariadb_griffin_r2,mariadb,2,root/mariadb/sql/sql_select.cc:1705:0:0,/root/mariadb/sql/sql_select.cc,1705,1705,18864,1,mariadb_target_002641;mariadb_target_002725
mariadb_griffin_r2,mariadb,2,root/mariadb/sql/sql_select.cc:1705:0:1,/root/mariadb/sql/sql_select.cc,1705,1705,114778,1,mariadb_target_002641;mariadb_target_002725
mariadb_griffin_r2,mariadb,2,root/mariadb/sql/sql_select.cc:1712:0:0,/root/mariadb/sql/sql_select.cc,1712,1712,0,0,mariadb_target_002641
mariadb_griffin_r2,mariadb,2,root/mariadb/sql/sql_select.cc:1712:0:1,/root/mariadb/sql/sql_select.cc,1712,1712,18864,1,mariadb_target_002641
mariadb_griffin_r2,mariadb,2,root/mariadb/sql/sql_select.cc:1723:0:0,/root/mariadb/sql/sql_select.cc,1723,1723,49327,1,mariadb_target_002641;mariadb_target_002726;mariadb_target_002727
mariadb_griffin_r2,mariadb,2,root/mariadb/sql/sql_select.cc:1723:0:1,/root/mariadb/sql/sql_select.cc,1723,1723,18864,1,mariadb_target_002641;mariadb_target_002726;mariadb_target_002727
mariadb_griffin_r2,mariadb,2,root/mariadb/sql/sql_select.cc:1732:0:0,/root/mariadb/sql/sql_select.cc,1732,1732,18864,1,mariadb_target_002641
mariadb_griffin_r2,mariadb,2,root/mariadb/sql/sql_select.cc:1732:0:1,/root/mariadb/sql/sql_select.cc,1732,1732,30463,1,mariadb_target_002641
mariadb_griffin_r2,mariadb,2,root/mariadb/sql/sql_select.cc:1734:0:0,/root/mariadb/sql/sql_select.cc,1734,1734,5517,1,mariadb_target_002641
mariadb_griffin_r2,mariadb,2,root/mariadb/sql/sql_select.cc:1734:0:1,/root/mariadb/sql/sql_select.cc,1734,1734,13347,1,mariadb_target_002641
mariadb_griffin_r2,mariadb,2,root/mariadb/sql/sql_select.cc:1735:0:0,/root/mariadb/sql/sql_select.cc,1735,1735,11459,1,mariadb_target_002641
mariadb_griffin_r2,mariadb,2,root/mariadb/sql/sql_select.cc:1735:0:1,/root/mariadb/sql/sql_select.cc,1735,1735,1888,1,mariadb_target_002641
mariadb_griffin_r2,mariadb,2,root/mariadb/sql/sql_select.cc:1736:0:0,/root/mariadb/sql/sql_select.cc,1736,1736,1888,1,mariadb_target_002641
mariadb_griffin_r2,mariadb,2,root/mariadb/sql/sql_select.cc:1736:0:1,/root/mariadb/sql/sql_select.cc,1736,1736,0,0,mariadb_target_002641
mariadb_griffin_r2,mariadb,2,root/mariadb/sql/sql_select.cc:1738:0:0,/root/mariadb/sql/sql_select.cc,1738,1738,16841,1,mariadb_target_002641
mariadb_griffin_r2,mariadb,2,root/mariadb/sql/sql_select.cc:1738:0:1,/root/mariadb/sql/sql_select.cc,1738,1738,2023,1,mariadb_target_002641
mariadb_griffin_r2,mariadb,2,root/mariadb/sql/sql_select.cc:1739:0:0,/root/mariadb/sql/sql_select.cc,1739,1739,1916,1,mariadb_target_002641
mariadb_griffin_r2,mariadb,2,root/mariadb/sql/sql_select.cc:1739:0:1,/root/mariadb/sql/sql_select.cc,1739,1739,107,1,mariadb_target_002641
mariadb_griffin_r2,mariadb,2,root/mariadb/sql/sql_select.cc:1740:0:0,/root/mariadb/sql/sql_select.cc,1740,1740,107,1,mariadb_target_002641
mariadb_griffin_r2,mariadb,2,root/mariadb/sql/sql_select.cc:1740:0:1,/root/mariadb/sql/sql_select.cc,1740,1740,0,0,mariadb_target_002641
mariadb_griffin_r2,mariadb,2,root/mariadb/sql/sql_select.cc:1741:0:0,/root/mariadb/sql/sql_select.cc,1741,1741,0,0,mariadb_target_002641
mariadb_griffin_r2,mariadb,2,root/mariadb/sql/sql_select.cc:1741:0:1,/root/mariadb/sql/sql_select.cc,1741,1741,0,0,mariadb_target_002641
mariadb_griffin_r2,mariadb,2,root/mariadb/sql/sql_select.cc:1744:0:0,/root/mariadb/sql/sql_select.cc,1744,1744,47,1,mariadb_target_002641
mariadb_griffin_r2,mariadb,2,root/mariadb/sql/sql_select.cc:1744:0:1,/root/mariadb/sql/sql_select.cc,1744,1744,49280,1,mariadb_target_002641
mariadb_griffin_r2,mariadb,2,root/mariadb/sql/sql_select.cc:1744:1:2,/root/mariadb/sql/sql_select.cc,1744,1744,5,1,mariadb_target_002641
mariadb_griffin_r2,mariadb,2,root/mariadb/sql/sql_select.cc:1744:1:3,/root/mariadb/sql/sql_select.cc,1744,1744,42,1,mariadb_target_002641
mariadb_griffin_r2,mariadb,2,root/mariadb/sql/sql_select.cc:1745:0:0,/root/mariadb/sql/sql_select.cc,1745,1745,0,0,mariadb_target_002641
mariadb_griffin_r2,mariadb,2,root/mariadb/sql/sql_select.cc:1745:0:1,/root/mariadb/sql/sql_select.cc,1745,1745,49322,1,mariadb_target_002641
mariadb_griffin_r2,mariadb,2,root/mariadb/sql/sql_select.cc:1750:0:0,/root/mariadb/sql/sql_select.cc,1750,1750,0,0,mariadb_target_002641;mariadb_target_002731
mariadb_griffin_r2,mariadb,2,root/mariadb/sql/sql_select.cc:1750:0:1,/root/mariadb/sql/sql_select.cc,1750,1750,18864,1,mariadb_target_002641;mariadb_target_002731
mariadb_griffin_r2,mariadb,2,root/mariadb/sql/sql_select.cc:1756:0:0,/root/mariadb/sql/sql_select.cc,1756,1756,0,0,mariadb_target_002641;mariadb_target_002731
mariadb_griffin_r2,mariadb,2,root/mariadb/sql/sql_select.cc:1756:0:1,/root/mariadb/sql/sql_select.cc,1756,1756,114778,1,mariadb_target_002641;mariadb_target_002731
mariadb_griffin_r2,mariadb,2,root/mariadb/sql/sql_select.cc:1763:0:0,/root/mariadb/sql/sql_select.cc,1763,1763,5783,1,mariadb_target_002641
mariadb_griffin_r2,mariadb,2,root/mariadb/sql/sql_select.cc:1763:0:1,/root/mariadb/sql/sql_select.cc,1763,1763,127859,1,mariadb_target_002641
mariadb_griffin_r2,mariadb,2,root/mariadb/sql/sql_select.cc:1763:1:2,/root/mariadb/sql/sql_select.cc,1763,1763,34,1,mariadb_target_002641
mariadb_griffin_r2,mariadb,2,root/mariadb/sql/sql_select.cc:1763:1:3,/root/mariadb/sql/sql_select.cc,1763,1763,5749,1,mariadb_target_002641
mariadb_griffin_r2,mariadb,2,root/mariadb/sql/sql_select.cc:1763:2:4,/root/mariadb/sql/sql_select.cc,1763,1763,0,0,mariadb_target_002641
mariadb_griffin_r2,mariadb,2,root/mariadb/sql/sql_select.cc:1763:2:5,/root/mariadb/sql/sql_select.cc,1763,1763,5749,1,mariadb_target_002641
mariadb_griffin_r2,mariadb,2,root/mariadb/sql/sql_select.cc:1766:0:0,/root/mariadb/sql/sql_select.cc,1766,1766,0,0,mariadb_target_002641
mariadb_griffin_r2,mariadb,2,root/mariadb/sql/sql_select.cc:1766:0:1,/root/mariadb/sql/sql_select.cc,1766,1766,133642,1,mariadb_target_002641
mariadb_griffin_r2,mariadb,2,root/mariadb/sql/sql_select.cc:1775:0:0,/root/mariadb/sql/sql_select.cc,1775,1775,0,0,mariadb_target_002641
mariadb_griffin_r2,mariadb,2,root/mariadb/sql/sql_select.cc:1775:0:1,/root/mariadb/sql/sql_select.cc,1775,1775,0,0,mariadb_target_002641
mariadb_griffin_r2,mariadb,2,root/mariadb/sql/sql_select.cc:1778:0:0,/root/mariadb/sql/sql_select.cc,1778,1778,414,1,mariadb_target_002641
mariadb_griffin_r2,mariadb,2,root/mariadb/sql/sql_select.cc:1778:0:1,/root/mariadb/sql/sql_select.cc,1778,1778,133228,1,mariadb_target_002641
mariadb_griffin_r2,mariadb,2,root/mariadb/sql/sql_select.cc:1779:0:0,/root/mariadb/sql/sql_select.cc,1779,1779,0,0,mariadb_target_002641
mariadb_griffin_r2,mariadb,2,root/mariadb/sql/sql_select.cc:1779:0:1,/root/mariadb/sql/sql_select.cc,1779,1779,414,1,mariadb_target_002641
mariadb_griffin_r2,mariadb,2,root/mariadb/sql/sql_select.cc:1782:0:0,/root/mariadb/sql/sql_select.cc,1782,1782,20195,1,mariadb_target_002641
mariadb_griffin_r2,mariadb,2,root/mariadb/sql/sql_select.cc:1782:0:1,/root/mariadb/sql/sql_select.cc,1782,1782,113447,1,mariadb_target_002641
mariadb_griffin_r2,mariadb,2,root/mariadb/sql/sql_select.cc:1790:0:0,/root/mariadb/sql/sql_select.cc,1790,1790,30090,1,mariadb_target_002641;mariadb_target_002732;mariadb_target_002733
mariadb_griffin_r2,mariadb,2,root/mariadb/sql/sql_select.cc:1790:0:1,/root/mariadb/sql/sql_select.cc,1790,1790,20195,1,mariadb_target_002641;mariadb_target_002732;mariadb_target_002733
mariadb_griffin_r2,mariadb,2,root/mariadb/sql/sql_select.cc:1792:0:0,/root/mariadb/sql/sql_select.cc,1792,1792,17051,1,mariadb_target_002641;mariadb_target_002732;mariadb_target_002733
mariadb_griffin_r2,mariadb,2,root/mariadb/sql/sql_select.cc:1792:0:1,/root/mariadb/sql/sql_select.cc,1792,1792,13039,1,mariadb_target_002641;mariadb_target_002732;mariadb_target_002733
mariadb_griffin_r2,mariadb,2,root/mariadb/sql/sql_select.cc:1793:0:0,/root/mariadb/sql/sql_select.cc,1793,1793,1,1,mariadb_target_002641;mariadb_target_002732;mariadb_target_002733
mariadb_griffin_r2,mariadb,2,root/mariadb/sql/sql_select.cc:1793:0:1,/root/mariadb/sql/sql_select.cc,1793,1793,17050,1,mariadb_target_002641;mariadb_target_002732;mariadb_target_002733
mariadb_griffin_r2,mariadb,2,root/mariadb/sql/sql_select.cc:1796:0:0,/root/mariadb/sql/sql_select.cc,1796,1796,0,0,mariadb_target_002641;mariadb_target_002732;mariadb_target_002733;mariadb_target_002734
mariadb_griffin_r2,mariadb,2,root/mariadb/sql/sql_select.cc:1796:0:1,/root/mariadb/sql/sql_select.cc,1796,1796,1,1,mariadb_target_002641;mariadb_target_002732;mariadb_target_002733;mariadb_target_002734
mariadb_griffin_r2,mariadb,2,root/mariadb/sql/sql_select.cc:1810:0:0,/root/mariadb/sql/sql_select.cc,1810,1810,0,0,mariadb_target_002641
mariadb_griffin_r2,mariadb,2,root/mariadb/sql/sql_select.cc:1810:0:1,/root/mariadb/sql/sql_select.cc,1810,1810,133642,1,mariadb_target_002641
mariadb_griffin_r2,mariadb,2,root/mariadb/sql/sql_select.cc:1810:1:2,/root/mariadb/sql/sql_select.cc,1810,1810,0,0,mariadb_target_002641
mariadb_griffin_r2,mariadb,2,root/mariadb/sql/sql_select.cc:1810:1:3,/root/mariadb/sql/sql_select.cc,1810,1810,0,0,mariadb_target_002641
mariadb_griffin_r2,mariadb,2,root/mariadb/sql/sql_select.cc:1811:0:0,/root/mariadb/sql/sql_select.cc,1811,1811,0,0,mariadb_target_002641
mariadb_griffin_r2,mariadb,2,root/mariadb/sql/sql_select.cc:1811:0:1,/root/mariadb/sql/sql_select.cc,1811,1811,0,0,mariadb_target_002641
mariadb_griffin_r2,mariadb,2,root/mariadb/sql/sql_select.cc:1812:0:0,/root/mariadb/sql/sql_select.cc,1812,1812,0,0,mariadb_target_002641
mariadb_griffin_r2,mariadb,2,root/mariadb/sql/sql_select.cc:1812:0:1,/root/mariadb/sql/sql_select.cc,1812,1812,0,0,mariadb_target_002641
mariadb_griffin_r2,mariadb,2,root/mariadb/sql/sql_select.cc:1813:0:0,/root/mariadb/sql/sql_select.cc,1813,1813,0,0,mariadb_target_002641
mariadb_griffin_r2,mariadb,2,root/mariadb/sql/sql_select.cc:1813:0:1,/root/mariadb/sql/sql_select.cc,1813,1813,0,0,mariadb_target_002641
mariadb_griffin_r2,mariadb,2,root/mariadb/sql/sql_select.cc:1815:0:0,/root/mariadb/sql/sql_select.cc,1815,1815,0,0,mariadb_target_002641
mariadb_griffin_r2,mariadb,2,root/mariadb/sql/sql_select.cc:1815:0:1,/root/mariadb/sql/sql_select.cc,1815,1815,0,0,mariadb_target_002641
mariadb_griffin_r2,mariadb,2,root/mariadb/sql/sql_select.cc:1816:0:0,/root/mariadb/sql/sql_select.cc,1816,1816,0,0,mariadb_target_002641
mariadb_griffin_r2,mariadb,2,root/mariadb/sql/sql_select.cc:1816:0:1,/root/mariadb/sql/sql_select.cc,1816,1816,0,0,mariadb_target_002641
mariadb_griffin_r2,mariadb,2,root/mariadb/sql/sql_select.cc:1825:0:0,/root/mariadb/sql/sql_select.cc,1825,1825,30090,1,mariadb_target_002641
mariadb_griffin_r2,mariadb,2,root/mariadb/sql/sql_select.cc:1825:0:1,/root/mariadb/sql/sql_select.cc,1825,1825,133642,1,mariadb_target_002641
mariadb_griffin_r2,mariadb,2,root/mariadb/sql/sql_select.cc:1830:0:0,/root/mariadb/sql/sql_select.cc,1830,1830,0,0,mariadb_target_002641
mariadb_griffin_r2,mariadb,2,root/mariadb/sql/sql_select.cc:1830:0:1,/root/mariadb/sql/sql_select.cc,1830,1830,133642,1,mariadb_target_002641
mariadb_griffin_r2,mariadb,2,root/mariadb/sql/sql_select.cc:1832:0:0,/root/mariadb/sql/sql_select.cc,1832,1832,0,0,mariadb_target_002641;mariadb_target_002735
mariadb_griffin_r2,mariadb,2,root/mariadb/sql/sql_select.cc:1832:0:1,/root/mariadb/sql/sql_select.cc,1832,1832,133642,1,mariadb_target_002641;mariadb_target_002735
mariadb_griffin_r2,mariadb,2,root/mariadb/sql/sql_select.cc:1834:0:0,/root/mariadb/sql/sql_select.cc,1834,1834,0,0,mariadb_target_002641;mariadb_target_002735;mariadb_target_002736
mariadb_griffin_r2,mariadb,2,root/mariadb/sql/sql_select.cc:1834:0:1,/root/mariadb/sql/sql_select.cc,1834,1834,0,0,mariadb_target_002641;mariadb_target_002735;mariadb_target_002736
mariadb_griffin_r2,mariadb,2,root/mariadb/sql/sql_select.cc:1837:0:0,/root/mariadb/sql/sql_select.cc,1837,1837,0,0,mariadb_target_002641;mariadb_target_002735;mariadb_target_002736
mariadb_griffin_r2,mariadb,2,root/mariadb/sql/sql_select.cc:1837:0:1,/root/mariadb/sql/sql_select.cc,1837,1837,0,0,mariadb_target_002641;mariadb_target_002735;mariadb_target_002736
mariadb_griffin_r2,mariadb,2,root/mariadb/sql/sql_select.cc:1839:0:0,/root/mariadb/sql/sql_select.cc,1839,1839,0,0,mariadb_target_002641;mariadb_target_002735;mariadb_target_002736
mariadb_griffin_r2,mariadb,2,root/mariadb/sql/sql_select.cc:1839:0:1,/root/mariadb/sql/sql_select.cc,1839,1839,0,0,mariadb_target_002641;mariadb_target_002735;mariadb_target_002736
mariadb_griffin_r2,mariadb,2,root/mariadb/sql/sql_select.cc:1846:0:0,/root/mariadb/sql/sql_select.cc,1846,1846,0,0,mariadb_target_002641;mariadb_target_002737
mariadb_griffin_r2,mariadb,2,root/mariadb/sql/sql_select.cc:1846:0:1,/root/mariadb/sql/sql_select.cc,1846,1846,0,0,mariadb_target_002641;mariadb_target_002737
mariadb_griffin_r2,mariadb,2,root/mariadb/sql/sql_select.cc:1846:1:2,/root/mariadb/sql/sql_select.cc,1846,1846,0,0,mariadb_target_002641;mariadb_target_002737
mariadb_griffin_r2,mariadb,2,root/mariadb/sql/sql_select.cc:1846:1:3,/root/mariadb/sql/sql_select.cc,1846,1846,0,0,mariadb_target_002641;mariadb_target_002737
mariadb_griffin_r2,mariadb,2,root/mariadb/sql/sql_select.cc:1852:0:0,/root/mariadb/sql/sql_select.cc,1852,1852,0,0,mariadb_target_002641
mariadb_griffin_r2,mariadb,2,root/mariadb/sql/sql_select.cc:1852:0:1,/root/mariadb/sql/sql_select.cc,1852,1852,0,0,mariadb_target_002641
mariadb_griffin_r2,mariadb,2,root/mariadb/sql/sql_select.cc:1861:0:0,/root/mariadb/sql/sql_select.cc,1861,1861,0,0,mariadb_target_002641
mariadb_griffin_r2,mariadb,2,root/mariadb/sql/sql_select.cc:1861:0:1,/root/mariadb/sql/sql_select.cc,1861,1861,0,0,mariadb_target_002641
mariadb_griffin_r2,mariadb,2,root/mariadb/sql/sql_select.cc:1865:0:0,/root/mariadb/sql/sql_select.cc,1865,1865,0,0,mariadb_target_002641
mariadb_griffin_r2,mariadb,2,root/mariadb/sql/sql_select.cc:1865:0:1,/root/mariadb/sql/sql_select.cc,1865,1865,0,0,mariadb_target_002641
mariadb_griffin_r2,mariadb,2,root/mariadb/sql/sql_select.cc:1873:0:0,/root/mariadb/sql/sql_select.cc,1873,1873,0,0,mariadb_target_002641
mariadb_griffin_r2,mariadb,2,root/mariadb/sql/sql_select.cc:1873:0:1,/root/mariadb/sql/sql_select.cc,1873,1873,133642,1,mariadb_target_002641
mariadb_griffin_r2,mariadb,2,root/mariadb/sql/sql_select.cc:1879:0:0,/root/mariadb/sql/sql_select.cc,1879,1879,133642,1,mariadb_target_002641
mariadb_griffin_r2,mariadb,2,root/mariadb/sql/sql_select.cc:1879:0:1,/root/mariadb/sql/sql_select.cc,1879,1879,0,0,mariadb_target_002641
mariadb_griffin_r2,mariadb,2,root/mariadb/sql/sql_select.cc:1879:1:2,/root/mariadb/sql/sql_select.cc,1879,1879,133505,1,mariadb_target_002641
mariadb_griffin_r2,mariadb,2,root/mariadb/sql/sql_select.cc:1879:1:3,/root/mariadb/sql/sql_select.cc,1879,1879,137,1,mariadb_target_002641
mariadb_griffin_r2,mariadb,2,root/mariadb/sql/sql_select.cc:1879:2:4,/root/mariadb/sql/sql_select.cc,1879,1879,1,1,mariadb_target_002641
mariadb_griffin_r2,mariadb,2,root/mariadb/sql/sql_select.cc:1879:2:5,/root/mariadb/sql/sql_select.cc,1879,1879,133504,1,mariadb_target_002641
mariadb_griffin_r2,mariadb,2,root/mariadb/sql/sql_select.cc:1885:0:0,/root/mariadb/sql/sql_select.cc,1885,1885,0,0,mariadb_target_002641
mariadb_griffin_r2,mariadb,2,root/mariadb/sql/sql_select.cc:1885:0:1,/root/mariadb/sql/sql_select.cc,1885,1885,133641,1,mariadb_target_002641
mariadb_griffin_r2,mariadb,2,root/mariadb/sql/sql_select.cc:1991:0:0,/root/mariadb/sql/sql_select.cc,1991,1991,0,0,mariadb_target_000975;mariadb_target_002738
mariadb_griffin_r2,mariadb,2,root/mariadb/sql/sql_select.cc:1991:0:1,/root/mariadb/sql/sql_select.cc,1991,1991,132809,1,mariadb_target_000975;mariadb_target_002738
mariadb_griffin_r2,mariadb,2,root/mariadb/sql/sql_select.cc:1993:0:0,/root/mariadb/sql/sql_select.cc,1993,1993,0,0,mariadb_target_000975;mariadb_target_002738
mariadb_griffin_r2,mariadb,2,root/mariadb/sql/sql_select.cc:1993:0:1,/root/mariadb/sql/sql_select.cc,1993,1993,0,0,mariadb_target_000975;mariadb_target_002738
mariadb_griffin_r2,mariadb,2,root/mariadb/sql/sql_select.cc:2092:0:0,/root/mariadb/sql/sql_select.cc,2092,2092,45901,1,mariadb_target_002740;mariadb_target_002743
mariadb_griffin_r2,mariadb,2,root/mariadb/sql/sql_select.cc:2092:0:1,/root/mariadb/sql/sql_select.cc,2092,2092,0,0,mariadb_target_002740;mariadb_target_002743
mariadb_griffin_r2,mariadb,2,root/mariadb/sql/sql_select.cc:2106:0:0,/root/mariadb/sql/sql_select.cc,2106,2106,0,0,mariadb_target_002742;mariadb_target_002743
mariadb_griffin_r2,mariadb,2,root/mariadb/sql/sql_select.cc:2106:0:1,/root/mariadb/sql/sql_select.cc,2106,2106,0,0,mariadb_target_002742;mariadb_target_002743
mariadb_griffin_r2,mariadb,2,root/mariadb/sql/sql_select.cc:2122:0:0,/root/mariadb/sql/sql_select.cc,2122,2122,0,0,mariadb_target_002743;mariadb_target_002745
mariadb_griffin_r2,mariadb,2,root/mariadb/sql/sql_select.cc:2122:0:1,/root/mariadb/sql/sql_select.cc,2122,2122,0,0,mariadb_target_002743;mariadb_target_002745
mariadb_griffin_r2,mariadb,2,root/mariadb/sql/sql_select.cc:2122:1:2,/root/mariadb/sql/sql_select.cc,2122,2122,0,0,mariadb_target_002743;mariadb_target_002745
mariadb_griffin_r2,mariadb,2,root/mariadb/sql/sql_select.cc:2122:1:3,/root/mariadb/sql/sql_select.cc,2122,2122,0,0,mariadb_target_002743;mariadb_target_002745
mariadb_griffin_r2,mariadb,2,root/mariadb/sql/sql_select.cc:2122:2:4,/root/mariadb/sql/sql_select.cc,2122,2122,0,0,mariadb_target_002743;mariadb_target_002745
mariadb_griffin_r2,mariadb,2,root/mariadb/sql/sql_select.cc:2122:2:5,/root/mariadb/sql/sql_select.cc,2122,2122,0,0,mariadb_target_002743;mariadb_target_002745
mariadb_griffin_r2,mariadb,2,root/mariadb/sql/sql_select.cc:2132:0:0,/root/mariadb/sql/sql_select.cc,2132,2132,0,0,mariadb_target_002743;mariadb_target_002746
mariadb_griffin_r2,mariadb,2,root/mariadb/sql/sql_select.cc:2132:0:1,/root/mariadb/sql/sql_select.cc,2132,2132,0,0,mariadb_target_002743;mariadb_target_002746
mariadb_griffin_r2,mariadb,2,root/mariadb/sql/sql_select.cc:2138:0:0,/root/mariadb/sql/sql_select.cc,2138,2138,0,0,mariadb_target_002743;mariadb_target_002746;mariadb_target_002747
mariadb_griffin_r2,mariadb,2,root/mariadb/sql/sql_select.cc:2138:0:1,/root/mariadb/sql/sql_select.cc,2138,2138,0,0,mariadb_target_002743;mariadb_target_002746;mariadb_target_002747
mariadb_griffin_r2,mariadb,2,root/mariadb/sql/sql_select.cc:2142:0:0,/root/mariadb/sql/sql_select.cc,2142,2142,0,0,mariadb_target_002743;mariadb_target_002747
mariadb_griffin_r2,mariadb,2,root/mariadb/sql/sql_select.cc:2142:0:1,/root/mariadb/sql/sql_select.cc,2142,2142,0,0,mariadb_target_002743;mariadb_target_002747
mariadb_griffin_r2,mariadb,2,root/mariadb/sql/sql_select.cc:2148:0:0,/root/mariadb/sql/sql_select.cc,2148,2148,0,0,mariadb_target_002743;mariadb_target_002748
mariadb_griffin_r2,mariadb,2,root/mariadb/sql/sql_select.cc:2148:0:1,/root/mariadb/sql/sql_select.cc,2148,2148,0,0,mariadb_target_002743;mariadb_target_002748
mariadb_griffin_r2,mariadb,2,root/mariadb/sql/sql_select.cc:2184:0:0,/root/mariadb/sql/sql_select.cc,2184,2184,56708,1,mariadb_target_002750
mariadb_griffin_r2,mariadb,2,root/mariadb/sql/sql_select.cc:2184:0:1,/root/mariadb/sql/sql_select.cc,2184,2184,39869,1,mariadb_target_002750
mariadb_griffin_r2,mariadb,2,root/mariadb/sql/sql_select.cc:2188:0:0,/root/mariadb/sql/sql_select.cc,2188,2188,56708,1,mariadb_target_002750
mariadb_griffin_r2,mariadb,2,root/mariadb/sql/sql_select.cc:2188:0:1,/root/mariadb/sql/sql_select.cc,2188,2188,0,0,mariadb_target_002750
mariadb_griffin_r2,mariadb,2,root/mariadb/sql/sql_select.cc:2190:0:0,/root/mariadb/sql/sql_select.cc,2190,2190,0,0,mariadb_target_002750
mariadb_griffin_r2,mariadb,2,root/mariadb/sql/sql_select.cc:2190:0:1,/root/mariadb/sql/sql_select.cc,2190,2190,0,0,mariadb_target_002750
mariadb_griffin_r2,mariadb,2,root/mariadb/sql/sql_select.cc:2453:0:0,/root/mariadb/sql/sql_select.cc,2453,2453,9,1,mariadb_target_002760
mariadb_griffin_r2,mariadb,2,root/mariadb/sql/sql_select.cc:2453:0:1,/root/mariadb/sql/sql_select.cc,2453,2453,93904,1,mariadb_target_002760
mariadb_griffin_r2,mariadb,2,root/mariadb/sql/sql_select.cc:2454:0:0,/root/mariadb/sql/sql_select.cc,2454,2454,9,1,mariadb_target_002760
mariadb_griffin_r2,mariadb,2,root/mariadb/sql/sql_select.cc:2454:0:1,/root/mariadb/sql/sql_select.cc,2454,2454,0,0,mariadb_target_002760
mariadb_griffin_r2,mariadb,2,root/mariadb/sql/sql_select.cc:2455:0:0,/root/mariadb/sql/sql_select.cc,2455,2455,12,1,mariadb_target_002760
mariadb_griffin_r2,mariadb,2,root/mariadb/sql/sql_select.cc:2455:0:1,/root/mariadb/sql/sql_select.cc,2455,2455,9,1,mariadb_target_002760
mariadb_griffin_r2,mariadb,2,root/mariadb/sql/sql_select.cc:2456:0:0,/root/mariadb/sql/sql_select.cc,2456,2456,12,1,mariadb_target_002760
mariadb_griffin_r2,mariadb,2,root/mariadb/sql/sql_select.cc:2456:0:1,/root/mariadb/sql/sql_select.cc,2456,2456,0,0,mariadb_target_002760
mariadb_griffin_r2,mariadb,2,root/mariadb/sql/sql_select.cc:2456:1:2,/root/mariadb/sql/sql_select.cc,2456,2456,0,0,mariadb_target_002760
mariadb_griffin_r2,mariadb,2,root/mariadb/sql/sql_select.cc:2456:1:3,/root/mariadb/sql/sql_select.cc,2456,2456,12,1,mariadb_target_002760
mariadb_griffin_r2,mariadb,2,root/mariadb/sql/sql_select.cc:2456:2:4,/root/mariadb/sql/sql_select.cc,2456,2456,0,0,mariadb_target_002760
mariadb_griffin_r2,mariadb,2,root/mariadb/sql/sql_select.cc:2456:2:5,/root/mariadb/sql/sql_select.cc,2456,2456,0,0,mariadb_target_002760
mariadb_griffin_r2,mariadb,2,root/mariadb/sql/sql_select.cc:2553:0:0,/root/mariadb/sql/sql_select.cc,2553,2553,63642,1,mariadb_target_002792
mariadb_griffin_r2,mariadb,2,root/mariadb/sql/sql_select.cc:2553:0:1,/root/mariadb/sql/sql_select.cc,2553,2553,93898,1,mariadb_target_002792
mariadb_griffin_r2,mariadb,2,root/mariadb/sql/sql_select.cc:2558:0:0,/root/mariadb/sql/sql_select.cc,2558,2558,0,0,mariadb_target_002792
mariadb_griffin_r2,mariadb,2,root/mariadb/sql/sql_select.cc:2558:0:1,/root/mariadb/sql/sql_select.cc,2558,2558,63642,1,mariadb_target_002792
mariadb_griffin_r2,mariadb,2,root/mariadb/sql/sql_select.cc:2561:0:0,/root/mariadb/sql/sql_select.cc,2561,2561,0,0,mariadb_target_002792
mariadb_griffin_r2,mariadb,2,root/mariadb/sql/sql_select.cc:2561:0:1,/root/mariadb/sql/sql_select.cc,2561,2561,0,0,mariadb_target_002792
mariadb_griffin_r2,mariadb,2,root/mariadb/sql/sql_select.cc:2750:0:0,/root/mariadb/sql/sql_select.cc,2750,2750,3742,1,mariadb_target_002842
mariadb_griffin_r2,mariadb,2,root/mariadb/sql/sql_select.cc:2750:0:1,/root/mariadb/sql/sql_select.cc,2750,2750,10027,1,mariadb_target_002842
mariadb_griffin_r2,mariadb,2,root/mariadb/sql/sql_select.cc:2888:0:0,/root/mariadb/sql/sql_select.cc,2888,2888,16327,1,mariadb_target_002847
mariadb_griffin_r2,mariadb,2,root/mariadb/sql/sql_select.cc:2888:0:1,/root/mariadb/sql/sql_select.cc,2888,2888,24675,1,mariadb_target_002847
mariadb_griffin_r2,mariadb,2,root/mariadb/sql/sql_select.cc:2888:1:2,/root/mariadb/sql/sql_select.cc,2888,2888,0,0,mariadb_target_002847
mariadb_griffin_r2,mariadb,2,root/mariadb/sql/sql_select.cc:2888:1:3,/root/mariadb/sql/sql_select.cc,2888,2888,16327,1,mariadb_target_002847
mariadb_griffin_r2,mariadb,2,root/mariadb/sql/sql_select.cc:2905:0:0,/root/mariadb/sql/sql_select.cc,2905,2905,0,0,mariadb_target_002848
mariadb_griffin_r2,mariadb,2,root/mariadb/sql/sql_select.cc:2905:0:1,/root/mariadb/sql/sql_select.cc,2905,2905,40651,1,mariadb_target_002848
mariadb_griffin_r2,mariadb,2,root/mariadb/sql/sql_select.cc:3086:0:0,/root/mariadb/sql/sql_select.cc,3086,3086,0,0,mariadb_target_002852;mariadb_target_002853
mariadb_griffin_r2,mariadb,2,root/mariadb/sql/sql_select.cc:3086:0:1,/root/mariadb/sql/sql_select.cc,3086,3086,40618,1,mariadb_target_002852;mariadb_target_002853
mariadb_griffin_r2,mariadb,2,root/mariadb/sql/sql_select.cc:3096:0:0,/root/mariadb/sql/sql_select.cc,3096,3096,35070,1,mariadb_target_002855
mariadb_griffin_r2,mariadb,2,root/mariadb/sql/sql_select.cc:3096:0:1,/root/mariadb/sql/sql_select.cc,3096,3096,5548,1,mariadb_target_002855
mariadb_griffin_r2,mariadb,2,root/mariadb/sql/sql_select.cc:3096:1:2,/root/mariadb/sql/sql_select.cc,3096,3096,476,1,mariadb_target_002855
mariadb_griffin_r2,mariadb,2,root/mariadb/sql/sql_select.cc:3096:1:3,/root/mariadb/sql/sql_select.cc,3096,3096,34594,1,mariadb_target_002855
mariadb_griffin_r2,mariadb,2,root/mariadb/sql/sql_select.cc:3107:0:0,/root/mariadb/sql/sql_select.cc,3107,3107,0,0,mariadb_target_002856
mariadb_griffin_r2,mariadb,2,root/mariadb/sql/sql_select.cc:3107:0:1,/root/mariadb/sql/sql_select.cc,3107,3107,0,0,mariadb_target_002856
mariadb_griffin_r2,mariadb,2,root/mariadb/sql/sql_select.cc:3127:0:0,/root/mariadb/sql/sql_select.cc,3127,3127,12902,1,mariadb_target_002857
mariadb_griffin_r2,mariadb,2,root/mariadb/sql/sql_select.cc:3127:0:1,/root/mariadb/sql/sql_select.cc,3127,3127,0,0,mariadb_target_002857
mariadb_griffin_r2,mariadb,2,root/mariadb/sql/sql_select.cc:3128:0:0,/root/mariadb/sql/sql_select.cc,3128,3128,0,0,mariadb_target_002857;mariadb_target_002858
mariadb_griffin_r2,mariadb,2,root/mariadb/sql/sql_select.cc:3128:0:1,/root/mariadb/sql/sql_select.cc,3128,3128,0,0,mariadb_target_002857;mariadb_target_002858
mariadb_griffin_r2,mariadb,2,root/mariadb/sql/sql_select.cc:3130:0:0,/root/mariadb/sql/sql_select.cc,3130,3130,13116,1,mariadb_target_002857;mariadb_target_002858
mariadb_griffin_r2,mariadb,2,root/mariadb/sql/sql_select.cc:3130:0:1,/root/mariadb/sql/sql_select.cc,3130,3130,0,0,mariadb_target_002857;mariadb_target_002858
mariadb_griffin_r2,mariadb,2,root/mariadb/sql/sql_select.cc:3132:0:0,/root/mariadb/sql/sql_select.cc,3132,3132,12269,1,mariadb_target_002857;mariadb_target_002858
mariadb_griffin_r2,mariadb,2,root/mariadb/sql/sql_select.cc:3132:0:1,/root/mariadb/sql/sql_select.cc,3132,3132,847,1,mariadb_target_002857;mariadb_target_002858
mariadb_griffin_r2,mariadb,2,root/mariadb/sql/sql_select.cc:3132:1:2,/root/mariadb/sql/sql_select.cc,3132,3132,12269,1,mariadb_target_002857;mariadb_target_002858
mariadb_griffin_r2,mariadb,2,root/mariadb/sql/sql_select.cc:3132:1:3,/root/mariadb/sql/sql_select.cc,3132,3132,0,0,mariadb_target_002857;mariadb_target_002858
mariadb_griffin_r2,mariadb,2,root/mariadb/sql/sql_select.cc:3133:0:0,/root/mariadb/sql/sql_select.cc,3133,3133,74,1,mariadb_target_002857;mariadb_target_002858
mariadb_griffin_r2,mariadb,2,root/mariadb/sql/sql_select.cc:3133:0:1,/root/mariadb/sql/sql_select.cc,3133,3133,12195,1,mariadb_target_002857;mariadb_target_002858
mariadb_griffin_r2,mariadb,2,root/mariadb/sql/sql_select.cc:3154:0:0,/root/mariadb/sql/sql_select.cc,3154,3154,62,1,mariadb_target_002859
mariadb_griffin_r2,mariadb,2,root/mariadb/sql/sql_select.cc:3154:0:1,/root/mariadb/sql/sql_select.cc,3154,3154,12,1,mariadb_target_002859
mariadb_griffin_r2,mariadb,2,root/mariadb/sql/sql_select.cc:3154:1:2,/root/mariadb/sql/sql_select.cc,3154,3154,12,1,mariadb_target_002859
mariadb_griffin_r2,mariadb,2,root/mariadb/sql/sql_select.cc:3154:1:3,/root/mariadb/sql/sql_select.cc,3154,3154,0,0,mariadb_target_002859
mariadb_griffin_r2,mariadb,2,root/mariadb/sql/sql_select.cc:3156:0:0,/root/mariadb/sql/sql_select.cc,3156,3156,8,1,mariadb_target_002859
mariadb_griffin_r2,mariadb,2,root/mariadb/sql/sql_select.cc:3156:0:1,/root/mariadb/sql/sql_select.cc,3156,3156,66,1,mariadb_target_002859
mariadb_griffin_r2,mariadb,2,root/mariadb/sql/sql_select.cc:3157:0:0,/root/mariadb/sql/sql_select.cc,3157,3157,12,1,mariadb_target_002859
mariadb_griffin_r2,mariadb,2,root/mariadb/sql/sql_select.cc:3157:0:1,/root/mariadb/sql/sql_select.cc,3157,3157,54,1,mariadb_target_002859
mariadb_griffin_r2,mariadb,2,root/mariadb/sql/sql_select.cc:3157:1:2,/root/mariadb/sql/sql_select.cc,3157,3157,12,1,mariadb_target_002859
mariadb_griffin_r2,mariadb,2,root/mariadb/sql/sql_select.cc:3157:1:3,/root/mariadb/sql/sql_select.cc,3157,3157,0,0,mariadb_target_002859
mariadb_griffin_r2,mariadb,2,root/mariadb/sql/sql_select.cc:3171:0:0,/root/mariadb/sql/sql_select.cc,3171,3171,953,1,mariadb_target_002860
mariadb_griffin_r2,mariadb,2,root/mariadb/sql/sql_select.cc:3171:0:1,/root/mariadb/sql/sql_select.cc,3171,3171,12163,1,mariadb_target_002860
mariadb_griffin_r2,mariadb,2,root/mariadb/sql/sql_select.cc:3172:0:0,/root/mariadb/sql/sql_select.cc,3172,3172,0,0,mariadb_target_002860
mariadb_griffin_r2,mariadb,2,root/mariadb/sql/sql_select.cc:3172:0:1,/root/mariadb/sql/sql_select.cc,3172,3172,953,1,mariadb_target_002860
mariadb_griffin_r2,mariadb,2,root/mariadb/sql/sql_select.cc:3207:0:0,/root/mariadb/sql/sql_select.cc,3207,3207,140,1,mariadb_target_002861;mariadb_target_002862
mariadb_griffin_r2,mariadb,2,root/mariadb/sql/sql_select.cc:3207:0:1,/root/mariadb/sql/sql_select.cc,3207,3207,707,1,mariadb_target_002861;mariadb_target_002862
mariadb_griffin_r2,mariadb,2,root/mariadb/sql/sql_select.cc:3215:0:0,/root/mariadb/sql/sql_select.cc,3215,3215,0,0,mariadb_target_002862;mariadb_target_002863
mariadb_griffin_r2,mariadb,2,root/mariadb/sql/sql_select.cc:3215:0:1,/root/mariadb/sql/sql_select.cc,3215,3215,140,1,mariadb_target_002862;mariadb_target_002863
mariadb_griffin_r2,mariadb,2,root/mariadb/sql/sql_select.cc:3218:0:0,/root/mariadb/sql/sql_select.cc,3218,3218,786,1,mariadb_target_002863
mariadb_griffin_r2,mariadb,2,root/mariadb/sql/sql_select.cc:3218:0:1,/root/mariadb/sql/sql_select.cc,3218,3218,61,1,mariadb_target_002863
mariadb_griffin_r2,mariadb,2,root/mariadb/sql/sql_select.cc:3224:0:0,/root/mariadb/sql/sql_select.cc,3224,3224,0,0,mariadb_target_002864
mariadb_griffin_r2,mariadb,2,root/mariadb/sql/sql_select.cc:3224:0:1,/root/mariadb/sql/sql_select.cc,3224,3224,786,1,mariadb_target_002864
mariadb_griffin_r2,mariadb,2,root/mariadb/sql/sql_select.cc:3225:0:0,/root/mariadb/sql/sql_select.cc,3225,3225,0,0,mariadb_target_002864
mariadb_griffin_r2,mariadb,2,root/mariadb/sql/sql_select.cc:3225:0:1,/root/mariadb/sql/sql_select.cc,3225,3225,0,0,mariadb_target_002864
mariadb_griffin_r2,mariadb,2,root/mariadb/sql/sql_select.cc:3229:0:0,/root/mariadb/sql/sql_select.cc,3229,3229,0,0,mariadb_target_002864
mariadb_griffin_r2,mariadb,2,root/mariadb/sql/sql_select.cc:3229:0:1,/root/mariadb/sql/sql_select.cc,3229,3229,786,1,mariadb_target_002864
mariadb_griffin_r2,mariadb,2,root/mariadb/sql/sql_select.cc:3233:0:0,/root/mariadb/sql/sql_select.cc,3233,3233,0,0,mariadb_target_002865
mariadb_griffin_r2,mariadb,2,root/mariadb/sql/sql_select.cc:3233:0:1,/root/mariadb/sql/sql_select.cc,3233,3233,786,1,mariadb_target_002865
mariadb_griffin_r2,mariadb,2,root/mariadb/sql/sql_select.cc:3233:1:2,/root/mariadb/sql/sql_select.cc,3233,3233,0,0,mariadb_target_002865
mariadb_griffin_r2,mariadb,2,root/mariadb/sql/sql_select.cc:3233:1:3,/root/mariadb/sql/sql_select.cc,3233,3233,0,0,mariadb_target_002865
mariadb_griffin_r2,mariadb,2,root/mariadb/sql/sql_select.cc:3234:0:0,/root/mariadb/sql/sql_select.cc,3234,3234,700,1,mariadb_target_002865;mariadb_target_002866
mariadb_griffin_r2,mariadb,2,root/mariadb/sql/sql_select.cc:3234:0:1,/root/mariadb/sql/sql_select.cc,3234,3234,86,1,mariadb_target_002865;mariadb_target_002866
mariadb_griffin_r2,mariadb,2,root/mariadb/sql/sql_select.cc:3235:0:0,/root/mariadb/sql/sql_select.cc,3235,3235,18,1,mariadb_target_002865;mariadb_target_002866
mariadb_griffin_r2,mariadb,2,root/mariadb/sql/sql_select.cc:3235:0:1,/root/mariadb/sql/sql_select.cc,3235,3235,68,1,mariadb_target_002865;mariadb_target_002866
mariadb_griffin_r2,mariadb,2,root/mariadb/sql/sql_select.cc:3235:1:2,/root/mariadb/sql/sql_select.cc,3235,3235,18,1,mariadb_target_002865;mariadb_target_002866
mariadb_griffin_r2,mariadb,2,root/mariadb/sql/sql_select.cc:3235:1:3,/root/mariadb/sql/sql_select.cc,3235,3235,0,0,mariadb_target_002865;mariadb_target_002866
mariadb_griffin_r2,mariadb,2,root/mariadb/sql/sql_select.cc:3240:0:0,/root/mariadb/sql/sql_select.cc,3240,3240,596,1,mariadb_target_002865;mariadb_target_002866;mariadb_target_002867
mariadb_griffin_r2,mariadb,2,root/mariadb/sql/sql_select.cc:3240:0:1,/root/mariadb/sql/sql_select.cc,3240,3240,122,1,mariadb_target_002865;mariadb_target_002866;mariadb_target_002867
mariadb_griffin_r2,mariadb,2,root/mariadb/sql/sql_select.cc:3242:0:0,/root/mariadb/sql/sql_select.cc,3242,3242,18,1,mariadb_target_002866;mariadb_target_002867
mariadb_griffin_r2,mariadb,2,root/mariadb/sql/sql_select.cc:3242:0:1,/root/mariadb/sql/sql_select.cc,3242,3242,578,1,mariadb_target_002866;mariadb_target_002867
mariadb_griffin_r2,mariadb,2,root/mariadb/sql/sql_select.cc:3242:1:2,/root/mariadb/sql/sql_select.cc,3242,3242,0,0,mariadb_target_002866;mariadb_target_002867
mariadb_griffin_r2,mariadb,2,root/mariadb/sql/sql_select.cc:3242:1:3,/root/mariadb/sql/sql_select.cc,3242,3242,18,1,mariadb_target_002866;mariadb_target_002867
mariadb_griffin_r2,mariadb,2,root/mariadb/sql/sql_select.cc:3257:0:0,/root/mariadb/sql/sql_select.cc,3257,3257,0,0,mariadb_target_002870;mariadb_target_002871
mariadb_griffin_r2,mariadb,2,root/mariadb/sql/sql_select.cc:3257:0:1,/root/mariadb/sql/sql_select.cc,3257,3257,61,1,mariadb_target_002870;mariadb_target_002871
mariadb_griffin_r2,mariadb,2,root/mariadb/sql/sql_select.cc:3261:0:0,/root/mariadb/sql/sql_select.cc,3261,3261,14854,1,mariadb_target_002871
mariadb_griffin_r2,mariadb,2,root/mariadb/sql/sql_select.cc:3261:0:1,/root/mariadb/sql/sql_select.cc,3261,3261,25764,1,mariadb_target_002871
mariadb_griffin_r2,mariadb,2,root/mariadb/sql/sql_select.cc:3275:0:0,/root/mariadb/sql/sql_select.cc,3275,3275,4301,1,mariadb_target_002872
mariadb_griffin_r2,mariadb,2,root/mariadb/sql/sql_select.cc:3275:0:1,/root/mariadb/sql/sql_select.cc,3275,3275,10553,1,mariadb_target_002872
mariadb_griffin_r2,mariadb,2,root/mariadb/sql/sql_select.cc:3287:0:0,/root/mariadb/sql/sql_select.cc,3287,3287,0,0,mariadb_target_002876;mariadb_target_002877
mariadb_griffin_r2,mariadb,2,root/mariadb/sql/sql_select.cc:3287:0:1,/root/mariadb/sql/sql_select.cc,3287,3287,40618,1,mariadb_target_002876;mariadb_target_002877
mariadb_griffin_r2,mariadb,2,root/mariadb/sql/sql_select.cc:3287:1:2,/root/mariadb/sql/sql_select.cc,3287,3287,0,0,mariadb_target_002876;mariadb_target_002877
mariadb_griffin_r2,mariadb,2,root/mariadb/sql/sql_select.cc:3287:1:3,/root/mariadb/sql/sql_select.cc,3287,3287,0,0,mariadb_target_002876;mariadb_target_002877
mariadb_griffin_r2,mariadb,2,root/mariadb/sql/sql_select.cc:3291:0:0,/root/mariadb/sql/sql_select.cc,3291,3291,0,0,mariadb_target_002876;mariadb_target_002877
mariadb_griffin_r2,mariadb,2,root/mariadb/sql/sql_select.cc:3291:0:1,/root/mariadb/sql/sql_select.cc,3291,3291,0,0,mariadb_target_002876;mariadb_target_002877
mariadb_griffin_r2,mariadb,2,root/mariadb/sql/sql_select.cc:3309:0:0,/root/mariadb/sql/sql_select.cc,3309,3309,5460,1,mariadb_target_002880
mariadb_griffin_r2,mariadb,2,root/mariadb/sql/sql_select.cc:3309:0:1,/root/mariadb/sql/sql_select.cc,3309,3309,35158,1,mariadb_target_002880
mariadb_griffin_r2,mariadb,2,root/mariadb/sql/sql_select.cc:3309:1:2,/root/mariadb/sql/sql_select.cc,3309,3309,720,1,mariadb_target_002880
mariadb_griffin_r2,mariadb,2,root/mariadb/sql/sql_select.cc:3309:1:3,/root/mariadb/sql/sql_select.cc,3309,3309,4740,1,mariadb_target_002880
mariadb_griffin_r2,mariadb,2,root/mariadb/sql/sql_select.cc:3310:0:0,/root/mariadb/sql/sql_select.cc,3310,3310,4364,1,mariadb_target_002880
mariadb_griffin_r2,mariadb,2,root/mariadb/sql/sql_select.cc:3310:0:1,/root/mariadb/sql/sql_select.cc,3310,3310,376,1,mariadb_target_002880
mariadb_griffin_r2,mariadb,2,root/mariadb/sql/sql_select.cc:3310:1:2,/root/mariadb/sql/sql_select.cc,3310,3310,0,0,mariadb_target_002880
mariadb_griffin_r2,mariadb,2,root/mariadb/sql/sql_select.cc:3310:1:3,/root/mariadb/sql/sql_select.cc,3310,3310,4364,1,mariadb_target_002880
mariadb_griffin_r2,mariadb,2,root/mariadb/sql/sql_select.cc:3311:0:0,/root/mariadb/sql/sql_select.cc,3311,3311,720,1,mariadb_target_002880
mariadb_griffin_r2,mariadb,2,root/mariadb/sql/sql_select.cc:3311:0:1,/root/mariadb/sql/sql_select.cc,3311,3311,0,0,mariadb_target_002880
mariadb_griffin_r2,mariadb,2,root/mariadb/sql/sql_select.cc:3315:0:0,/root/mariadb/sql/sql_select.cc,3315,3315,1532,1,mariadb_target_002880;mariadb_target_002881
mariadb_griffin_r2,mariadb,2,root/mariadb/sql/sql_select.cc:3315:0:1,/root/mariadb/sql/sql_select.cc,3315,3315,39086,1,mariadb_target_002880;mariadb_target_002881
mariadb_griffin_r2,mariadb,2,root/mariadb/sql/sql_select.cc:3315:1:2,/root/mariadb/sql/sql_select.cc,3315,3315,0,0,mariadb_target_002880;mariadb_target_002881
mariadb_griffin_r2,mariadb,2,root/mariadb/sql/sql_select.cc:3315:1:3,/root/mariadb/sql/sql_select.cc,3315,3315,39086,1,mariadb_target_002880;mariadb_target_002881
mariadb_griffin_r2,mariadb,2,root/mariadb/sql/sql_select.cc:3317:0:0,/root/mariadb/sql/sql_select.cc,3317,3317,626,1,mariadb_target_002880;mariadb_target_002881
mariadb_griffin_r2,mariadb,2,root/mariadb/sql/sql_select.cc:3317:0:1,/root/mariadb/sql/sql_select.cc,3317,3317,906,1,mariadb_target_002880;mariadb_target_002881
mariadb_griffin_r2,mariadb,2,root/mariadb/sql/sql_select.cc:3323:0:0,/root/mariadb/sql/sql_select.cc,3323,3323,906,1,mariadb_target_002881;mariadb_target_002882
mariadb_griffin_r2,mariadb,2,root/mariadb/sql/sql_select.cc:3323:0:1,/root/mariadb/sql/sql_select.cc,3323,3323,626,1,mariadb_target_002881;mariadb_target_002882
mariadb_griffin_r2,mariadb,2,root/mariadb/sql/sql_select.cc:3323:1:2,/root/mariadb/sql/sql_select.cc,3323,3323,626,1,mariadb_target_002881;mariadb_target_002882
mariadb_griffin_r2,mariadb,2,root/mariadb/sql/sql_select.cc:3323:1:3,/root/mariadb/sql/sql_select.cc,3323,3323,0,0,mariadb_target_002881;mariadb_target_002882
mariadb_griffin_r2,mariadb,2,root/mariadb/sql/sql_select.cc:3324:0:0,/root/mariadb/sql/sql_select.cc,3324,3324,626,1,mariadb_target_002882
mariadb_griffin_r2,mariadb,2,root/mariadb/sql/sql_select.cc:3324:0:1,/root/mariadb/sql/sql_select.cc,3324,3324,0,0,mariadb_target_002882
mariadb_griffin_r2,mariadb,2,root/mariadb/sql/sql_select.cc:3326:0:0,/root/mariadb/sql/sql_select.cc,3326,3326,185,1,mariadb_target_002882
mariadb_griffin_r2,mariadb,2,root/mariadb/sql/sql_select.cc:3326:0:1,/root/mariadb/sql/sql_select.cc,3326,3326,1347,1,mariadb_target_002882
mariadb_griffin_r2,mariadb,2,root/mariadb/sql/sql_select.cc:3328:0:0,/root/mariadb/sql/sql_select.cc,3328,3328,370,1,mariadb_target_002882
mariadb_griffin_r2,mariadb,2,root/mariadb/sql/sql_select.cc:3328:0:1,/root/mariadb/sql/sql_select.cc,3328,3328,1162,1,mariadb_target_002882
mariadb_griffin_r2,mariadb,2,root/mariadb/sql/sql_select.cc:3363:0:0,/root/mariadb/sql/sql_select.cc,3363,3363,0,0,mariadb_target_002883
mariadb_griffin_r2,mariadb,2,root/mariadb/sql/sql_select.cc:3363:0:1,/root/mariadb/sql/sql_select.cc,3363,3363,40618,1,mariadb_target_002883
mariadb_griffin_r2,mariadb,2,root/mariadb/sql/sql_select.cc:3367:0:0,/root/mariadb/sql/sql_select.cc,3367,3367,40617,1,mariadb_target_002883
mariadb_griffin_r2,mariadb,2,root/mariadb/sql/sql_select.cc:3367:0:1,/root/mariadb/sql/sql_select.cc,3367,3367,1,1,mariadb_target_002883
mariadb_griffin_r2,mariadb,2,root/mariadb/sql/sql_select.cc:3368:0:0,/root/mariadb/sql/sql_select.cc,3368,3368,0,0,mariadb_target_002883
mariadb_griffin_r2,mariadb,2,root/mariadb/sql/sql_select.cc:3368:0:1,/root/mariadb/sql/sql_select.cc,3368,3368,40617,1,mariadb_target_002883
mariadb_griffin_r2,mariadb,2,root/mariadb/sql/sql_select.cc:3368:1:2,/root/mariadb/sql/sql_select.cc,3368,3368,4740,1,mariadb_target_002883
mariadb_griffin_r2,mariadb,2,root/mariadb/sql/sql_select.cc:3368:1:3,/root/mariadb/sql/sql_select.cc,3368,3368,35877,1,mariadb_target_002883
mariadb_griffin_r2,mariadb,2,root/mariadb/sql/sql_select.cc:3415:0:0,/root/mariadb/sql/sql_select.cc,3415,3415,1517,1,mariadb_target_002885;mariadb_target_002887;mariadb_target_002889
mariadb_griffin_r2,mariadb,2,root/mariadb/sql/sql_select.cc:3415:0:1,/root/mariadb/sql/sql_select.cc,3415,3415,38352,1,mariadb_target_002885;mariadb_target_002887;mariadb_target_002889
mariadb_griffin_r2,mariadb,2,root/mariadb/sql/sql_select.cc:3415:1:2,/root/mariadb/sql/sql_select.cc,3415,3415,0,0,mariadb_target_002885;mariadb_target_002887;mariadb_target_002889
mariadb_griffin_r2,mariadb,2,root/mariadb/sql/sql_select.cc:3415:1:3,/root/mariadb/sql/sql_select.cc,3415,3415,38352,1,mariadb_target_002885;mariadb_target_002887;mariadb_target_002889
mariadb_griffin_r2,mariadb,2,root/mariadb/sql/sql_select.cc:3415:2:4,/root/mariadb/sql/sql_select.cc,3415,3415,9929,1,mariadb_target_002885;mariadb_target_002887;mariadb_target_002889
mariadb_griffin_r2,mariadb,2,root/mariadb/sql/sql_select.cc:3415:2:5,/root/mariadb/sql/sql_select.cc,3415,3415,28423,1,mariadb_target_002885;mariadb_target_002887;mariadb_target_002889
mariadb_griffin_r2,mariadb,2,root/mariadb/sql/sql_select.cc:3415:3:6,/root/mariadb/sql/sql_select.cc,3415,3415,3713,1,mariadb_target_002885;mariadb_target_002887;mariadb_target_002889
mariadb_griffin_r2,mariadb,2,root/mariadb/sql/sql_select.cc:3415:3:7,/root/mariadb/sql/sql_select.cc,3415,3415,24710,1,mariadb_target_002885;mariadb_target_002887;mariadb_target_002889
mariadb_griffin_r2,mariadb,2,root/mariadb/sql/sql_select.cc:3417:0:0,/root/mariadb/sql/sql_select.cc,3417,3417,18494,1,mariadb_target_002885;mariadb_target_002887;mariadb_target_002889
mariadb_griffin_r2,mariadb,2,root/mariadb/sql/sql_select.cc:3417:0:1,/root/mariadb/sql/sql_select.cc,3417,3417,15159,1,mariadb_target_002885;mariadb_target_002887;mariadb_target_002889
mariadb_griffin_r2,mariadb,2,root/mariadb/sql/sql_select.cc:3419:0:0,/root/mariadb/sql/sql_select.cc,3419,3419,18322,1,mariadb_target_002885;mariadb_target_002887;mariadb_target_002889
mariadb_griffin_r2,mariadb,2,root/mariadb/sql/sql_select.cc:3419:0:1,/root/mariadb/sql/sql_select.cc,3419,3419,172,1,mariadb_target_002885;mariadb_target_002887;mariadb_target_002889
mariadb_griffin_r2,mariadb,2,root/mariadb/sql/sql_select.cc:3426:0:0,/root/mariadb/sql/sql_select.cc,3426,3426,36307,1,mariadb_target_002891
mariadb_griffin_r2,mariadb,2,root/mariadb/sql/sql_select.cc:3426:0:1,/root/mariadb/sql/sql_select.cc,3426,3426,3562,1,mariadb_target_002891
mariadb_griffin_r2,mariadb,2,root/mariadb/sql/sql_select.cc:3430:0:0,/root/mariadb/sql/sql_select.cc,3430,3430,4740,1,mariadb_target_002891
mariadb_griffin_r2,mariadb,2,root/mariadb/sql/sql_select.cc:3430:0:1,/root/mariadb/sql/sql_select.cc,3430,3430,31567,1,mariadb_target_002891
mariadb_griffin_r2,mariadb,2,root/mariadb/sql/sql_select.cc:3430:1:2,/root/mariadb/sql/sql_select.cc,3430,3430,3713,1,mariadb_target_002891
mariadb_griffin_r2,mariadb,2,root/mariadb/sql/sql_select.cc:3430:1:3,/root/mariadb/sql/sql_select.cc,3430,3430,1027,1,mariadb_target_002891
mariadb_griffin_r2,mariadb,2,root/mariadb/sql/sql_select.cc:3436:0:0,/root/mariadb/sql/sql_select.cc,3436,3436,4286,1,mariadb_target_002894;mariadb_target_002896
mariadb_griffin_r2,mariadb,2,root/mariadb/sql/sql_select.cc:3436:0:1,/root/mariadb/sql/sql_select.cc,3436,3436,3457,1,mariadb_target_002894;mariadb_target_002896
mariadb_griffin_r2,mariadb,2,root/mariadb/sql/sql_select.cc:3439:0:0,/root/mariadb/sql/sql_select.cc,3439,3439,256,1,mariadb_target_002894;mariadb_target_002896
mariadb_griffin_r2,mariadb,2,root/mariadb/sql/sql_select.cc:3439:0:1,/root/mariadb/sql/sql_select.cc,3439,3439,4030,1,mariadb_target_002894;mariadb_target_002896
mariadb_griffin_r2,mariadb,2,root/mariadb/sql/sql_select.cc:3454:0:0,/root/mariadb/sql/sql_select.cc,3454,3454,4740,1,mariadb_target_002898
mariadb_griffin_r2,mariadb,2,root/mariadb/sql/sql_select.cc:3454:0:1,/root/mariadb/sql/sql_select.cc,3454,3454,31567,1,mariadb_target_002898
mariadb_griffin_r2,mariadb,2,root/mariadb/sql/sql_select.cc:3454:1:2,/root/mariadb/sql/sql_select.cc,3454,3454,10177,1,mariadb_target_002898
mariadb_griffin_r2,mariadb,2,root/mariadb/sql/sql_select.cc:3454:1:3,/root/mariadb/sql/sql_select.cc,3454,3454,21390,1,mariadb_target_002898
mariadb_griffin_r2,mariadb,2,root/mariadb/sql/sql_select.cc:3455:0:0,/root/mariadb/sql/sql_select.cc,3455,3455,370,1,mariadb_target_002898;mariadb_target_002899
mariadb_griffin_r2,mariadb,2,root/mariadb/sql/sql_select.cc:3455:0:1,/root/mariadb/sql/sql_select.cc,3455,3455,14547,1,mariadb_target_002898;mariadb_target_002899
mariadb_griffin_r2,mariadb,2,root/mariadb/sql/sql_select.cc:3456:0:0,/root/mariadb/sql/sql_select.cc,3456,3456,370,1,mariadb_target_002898;mariadb_target_002899
mariadb_griffin_r2,mariadb,2,root/mariadb/sql/sql_select.cc:3456:0:1,/root/mariadb/sql/sql_select.cc,3456,3456,0,0,mariadb_target_002898;mariadb_target_002899
mariadb_griffin_r2,mariadb,2,root/mariadb/sql/sql_select.cc:3457:0:0,/root/mariadb/sql/sql_select.cc,3457,3457,363,1,mariadb_target_002898;mariadb_target_002899
mariadb_griffin_r2,mariadb,2,root/mariadb/sql/sql_select.cc:3457:0:1,/root/mariadb/sql/sql_select.cc,3457,3457,7,1,mariadb_target_002898;mariadb_target_002899
mariadb_griffin_r2,mariadb,2,root/mariadb/sql/sql_select.cc:3458:0:0,/root/mariadb/sql/sql_select.cc,3458,3458,363,1,mariadb_target_002898;mariadb_target_002899
mariadb_griffin_r2,mariadb,2,root/mariadb/sql/sql_select.cc:3458:0:1,/root/mariadb/sql/sql_select.cc,3458,3458,0,0,mariadb_target_002898;mariadb_target_002899
mariadb_griffin_r2,mariadb,2,root/mariadb/sql/sql_select.cc:3459:0:0,/root/mariadb/sql/sql_select.cc,3459,3459,363,1,mariadb_target_002898;mariadb_target_002899
mariadb_griffin_r2,mariadb,2,root/mariadb/sql/sql_select.cc:3459:0:1,/root/mariadb/sql/sql_select.cc,3459,3459,0,0,mariadb_target_002898;mariadb_target_002899
mariadb_griffin_r2,mariadb,2,root/mariadb/sql/sql_select.cc:3460:0:0,/root/mariadb/sql/sql_select.cc,3460,3460,344,1,mariadb_target_002899
mariadb_griffin_r2,mariadb,2,root/mariadb/sql/sql_select.cc:3460:0:1,/root/mariadb/sql/sql_select.cc,3460,3460,19,1,mariadb_target_002899
mariadb_griffin_r2,mariadb,2,root/mariadb/sql/sql_select.cc:3460:1:2,/root/mariadb/sql/sql_select.cc,3460,3460,173,1,mariadb_target_002899
mariadb_griffin_r2,mariadb,2,root/mariadb/sql/sql_select.cc:3460:1:3,/root/mariadb/sql/sql_select.cc,3460,3460,171,1,mariadb_target_002899
mariadb_griffin_r2,mariadb,2,root/mariadb/sql/sql_select.cc:3460:2:4,/root/mariadb/sql/sql_select.cc,3460,3460,19,1,mariadb_target_002899
mariadb_griffin_r2,mariadb,2,root/mariadb/sql/sql_select.cc:3460:2:5,/root/mariadb/sql/sql_select.cc,3460,3460,171,1,mariadb_target_002899
mariadb_griffin_r2,mariadb,2,root/mariadb/sql/sql_select.cc:3460:3:6,/root/mariadb/sql/sql_select.cc,3460,3460,17,1,mariadb_target_002899
mariadb_griffin_r2,mariadb,2,root/mariadb/sql/sql_select.cc:3460:3:7,/root/mariadb/sql/sql_select.cc,3460,3460,2,1,mariadb_target_002899
mariadb_griffin_r2,mariadb,2,root/mariadb/sql/sql_select.cc:3462:0:0,/root/mariadb/sql/sql_select.cc,3462,3462,0,0,mariadb_target_002899
mariadb_griffin_r2,mariadb,2,root/mariadb/sql/sql_select.cc:3462:0:1,/root/mariadb/sql/sql_select.cc,3462,3462,190,1,mariadb_target_002899
mariadb_griffin_r2,mariadb,2,root/mariadb/sql/sql_select.cc:3489:0:0,/root/mariadb/sql/sql_select.cc,3489,3489,10553,1,mariadb_target_002901;mariadb_target_002902
mariadb_griffin_r2,mariadb,2,root/mariadb/sql/sql_select.cc:3489:0:1,/root/mariadb/sql/sql_select.cc,3489,3489,0,0,mariadb_target_002901;mariadb_target_002902
mariadb_griffin_r2,mariadb,2,root/mariadb/sql/sql_select.cc:3490:0:0,/root/mariadb/sql/sql_select.cc,3490,3490,0,0,mariadb_target_002901;mariadb_target_002902
mariadb_griffin_r2,mariadb,2,root/mariadb/sql/sql_select.cc:3490:0:1,/root/mariadb/sql/sql_select.cc,3490,3490,0,0,mariadb_target_002901;mariadb_target_002902
mariadb_griffin_r2,mariadb,2,root/mariadb/sql/sql_select.cc:3491:0:0,/root/mariadb/sql/sql_select.cc,3491,3491,0,0,mariadb_target_002901;mariadb_target_002902
mariadb_griffin_r2,mariadb,2,root/mariadb/sql/sql_select.cc:3491:0:1,/root/mariadb/sql/sql_select.cc,3491,3491,0,0,mariadb_target_002901;mariadb_target_002902
mariadb_griffin_r2,mariadb,2,root/mariadb/sql/sql_select.cc:3492:0:0,/root/mariadb/sql/sql_select.cc,3492,3492,0,0,mariadb_target_002901;mariadb_target_002902
mariadb_griffin_r2,mariadb,2,root/mariadb/sql/sql_select.cc:3492:0:1,/root/mariadb/sql/sql_select.cc,3492,3492,0,0,mariadb_target_002901;mariadb_target_002902
mariadb_griffin_r2,mariadb,2,root/mariadb/sql/sql_select.cc:3495:0:0,/root/mariadb/sql/sql_select.cc,3495,3495,10332,1,mariadb_target_002901;mariadb_target_002902
mariadb_griffin_r2,mariadb,2,root/mariadb/sql/sql_select.cc:3495:0:1,/root/mariadb/sql/sql_select.cc,3495,3495,221,1,mariadb_target_002901;mariadb_target_002902
mariadb_griffin_r2,mariadb,2,root/mariadb/sql/sql_select.cc:3496:0:0,/root/mariadb/sql/sql_select.cc,3496,3496,10289,1,mariadb_target_002901;mariadb_target_002902
mariadb_griffin_r2,mariadb,2,root/mariadb/sql/sql_select.cc:3496:0:1,/root/mariadb/sql/sql_select.cc,3496,3496,43,1,mariadb_target_002901;mariadb_target_002902
mariadb_griffin_r2,mariadb,2,root/mariadb/sql/sql_select.cc:3505:0:0,/root/mariadb/sql/sql_select.cc,3505,3505,360,1,mariadb_target_002904
mariadb_griffin_r2,mariadb,2,root/mariadb/sql/sql_select.cc:3505:0:1,/root/mariadb/sql/sql_select.cc,3505,3505,9929,1,mariadb_target_002904
mariadb_griffin_r2,mariadb,2,root/mariadb/sql/sql_select.cc:3506:0:0,/root/mariadb/sql/sql_select.cc,3506,3506,17,1,mariadb_target_002904
mariadb_griffin_r2,mariadb,2,root/mariadb/sql/sql_select.cc:3506:0:1,/root/mariadb/sql/sql_select.cc,3506,3506,10272,1,mariadb_target_002904
mariadb_griffin_r2,mariadb,2,root/mariadb/sql/sql_select.cc:3512:0:0,/root/mariadb/sql/sql_select.cc,3512,3512,0,0,mariadb_target_002904
mariadb_griffin_r2,mariadb,2,root/mariadb/sql/sql_select.cc:3512:0:1,/root/mariadb/sql/sql_select.cc,3512,3512,10289,1,mariadb_target_002904
mariadb_griffin_r2,mariadb,2,root/mariadb/sql/sql_select.cc:3533:0:0,/root/mariadb/sql/sql_select.cc,3533,3533,4364,1,mariadb_target_002905;mariadb_target_002906;mariadb_target_002907
mariadb_griffin_r2,mariadb,2,root/mariadb/sql/sql_select.cc:3533:0:1,/root/mariadb/sql/sql_select.cc,3533,3533,21390,1,mariadb_target_002905;mariadb_target_002906;mariadb_target_002907
mariadb_griffin_r2,mariadb,2,root/mariadb/sql/sql_select.cc:3534:0:0,/root/mariadb/sql/sql_select.cc,3534,3534,3561,1,mariadb_target_002905;mariadb_target_002906;mariadb_target_002907
mariadb_griffin_r2,mariadb,2,root/mariadb/sql/sql_select.cc:3534:0:1,/root/mariadb/sql/sql_select.cc,3534,3534,803,1,mariadb_target_002905;mariadb_target_002906;mariadb_target_002907
mariadb_griffin_r2,mariadb,2,root/mariadb/sql/sql_select.cc:3534:1:2,/root/mariadb/sql/sql_select.cc,3534,3534,0,0,mariadb_target_002905;mariadb_target_002906;mariadb_target_002907
mariadb_griffin_r2,mariadb,2,root/mariadb/sql/sql_select.cc:3534:1:3,/root/mariadb/sql/sql_select.cc,3534,3534,803,1,mariadb_target_002905;mariadb_target_002906;mariadb_target_002907
mariadb_griffin_r2,mariadb,2,root/mariadb/sql/sql_select.cc:3537:0:0,/root/mariadb/sql/sql_select.cc,3537,3537,194,1,mariadb_target_002905;mariadb_target_002906;mariadb_target_002907
mariadb_griffin_r2,mariadb,2,root/mariadb/sql/sql_select.cc:3537:0:1,/root/mariadb/sql/sql_select.cc,3537,3537,3367,1,mariadb_target_002905;mariadb_target_002906;mariadb_target_002907
mariadb_griffin_r2,mariadb,2,root/mariadb/sql/sql_select.cc:3543:0:0,/root/mariadb/sql/sql_select.cc,3543,3543,0,0,mariadb_target_002907
mariadb_griffin_r2,mariadb,2,root/mariadb/sql/sql_select.cc:3543:0:1,/root/mariadb/sql/sql_select.cc,3543,3543,3561,1,mariadb_target_002907
mariadb_griffin_r2,mariadb,2,root/mariadb/sql/sql_select.cc:3598:0:0,/root/mariadb/sql/sql_select.cc,3598,3598,4081,1,mariadb_target_002908
mariadb_griffin_r2,mariadb,2,root/mariadb/sql/sql_select.cc:3598:0:1,/root/mariadb/sql/sql_select.cc,3598,3598,42033,1,mariadb_target_002908
mariadb_griffin_r2,mariadb,2,root/mariadb/sql/sql_select.cc:3608:0:0,/root/mariadb/sql/sql_select.cc,3608,3608,0,0,mariadb_target_002908
mariadb_griffin_r2,mariadb,2,root/mariadb/sql/sql_select.cc:3608:0:1,/root/mariadb/sql/sql_select.cc,3608,3608,46114,1,mariadb_target_002908
mariadb_griffin_r2,mariadb,2,root/mariadb/sql/sql_select.cc:3610:0:0,/root/mariadb/sql/sql_select.cc,3610,3610,0,0,mariadb_target_002908
mariadb_griffin_r2,mariadb,2,root/mariadb/sql/sql_select.cc:3610:0:1,/root/mariadb/sql/sql_select.cc,3610,3610,0,0,mariadb_target_002908
mariadb_griffin_r2,mariadb,2,root/mariadb/sql/sql_select.cc:3617:0:0,/root/mariadb/sql/sql_select.cc,3617,3617,0,0,mariadb_target_002908
mariadb_griffin_r2,mariadb,2,root/mariadb/sql/sql_select.cc:3617:0:1,/root/mariadb/sql/sql_select.cc,3617,3617,46114,1,mariadb_target_002908
mariadb_griffin_r2,mariadb,2,root/mariadb/sql/sql_select.cc:3625:0:0,/root/mariadb/sql/sql_select.cc,3625,3625,0,0,mariadb_target_002908
mariadb_griffin_r2,mariadb,2,root/mariadb/sql/sql_select.cc:3625:0:1,/root/mariadb/sql/sql_select.cc,3625,3625,46114,1,mariadb_target_002908
mariadb_griffin_r2,mariadb,2,root/mariadb/sql/sql_select.cc:4489:0:0,/root/mariadb/sql/sql_select.cc,4489,4489,311,1,mariadb_target_001029;mariadb_target_002909
mariadb_griffin_r2,mariadb,2,root/mariadb/sql/sql_select.cc:4489:0:1,/root/mariadb/sql/sql_select.cc,4489,4489,496,1,mariadb_target_001029;mariadb_target_002909
mariadb_griffin_r2,mariadb,2,root/mariadb/sql/sql_select.cc:4490:0:0,/root/mariadb/sql/sql_select.cc,4490,4490,9,1,mariadb_target_001029;mariadb_target_002909
mariadb_griffin_r2,mariadb,2,root/mariadb/sql/sql_select.cc:4490:0:1,/root/mariadb/sql/sql_select.cc,4490,4490,487,1,mariadb_target_001029;mariadb_target_002909
mariadb_griffin_r2,mariadb,2,root/mariadb/sql/sql_select.cc:4504:0:0,/root/mariadb/sql/sql_select.cc,4504,4504,0,0,mariadb_target_002910
mariadb_griffin_r2,mariadb,2,root/mariadb/sql/sql_select.cc:4504:0:1,/root/mariadb/sql/sql_select.cc,4504,4504,0,0,mariadb_target_002910
mariadb_griffin_r2,mariadb,2,root/mariadb/sql/sql_select.cc:4627:0:0,/root/mariadb/sql/sql_select.cc,4627,4627,37230,1,mariadb_target_002912
mariadb_griffin_r2,mariadb,2,root/mariadb/sql/sql_select.cc:4627:0:1,/root/mariadb/sql/sql_select.cc,4627,4627,18115,1,mariadb_target_002912
mariadb_griffin_r2,mariadb,2,root/mariadb/sql/sql_select.cc:4630:0:0,/root/mariadb/sql/sql_select.cc,4630,4630,0,0,mariadb_target_002912
mariadb_griffin_r2,mariadb,2,root/mariadb/sql/sql_select.cc:4630:0:1,/root/mariadb/sql/sql_select.cc,4630,4630,37230,1,mariadb_target_002912
mariadb_griffin_r2,mariadb,2,root/mariadb/sql/sql_select.cc:4634:0:0,/root/mariadb/sql/sql_select.cc,4634,4634,1247,1,mariadb_target_002912
mariadb_griffin_r2,mariadb,2,root/mariadb/sql/sql_select.cc:4634:0:1,/root/mariadb/sql/sql_select.cc,4634,4634,35983,1,mariadb_target_002912
mariadb_griffin_r2,mariadb,2,root/mariadb/sql/sql_select.cc:4639:0:0,/root/mariadb/sql/sql_select.cc,4639,4639,8312,1,mariadb_target_002912
mariadb_griffin_r2,mariadb,2,root/mariadb/sql/sql_select.cc:4639:0:1,/root/mariadb/sql/sql_select.cc,4639,4639,18115,1,mariadb_target_002912
mariadb_griffin_r2,mariadb,2,root/mariadb/sql/sql_select.cc:4641:0:0,/root/mariadb/sql/sql_select.cc,4641,4641,0,0,mariadb_target_002912
mariadb_griffin_r2,mariadb,2,root/mariadb/sql/sql_select.cc:4641:0:1,/root/mariadb/sql/sql_select.cc,4641,4641,8312,1,mariadb_target_002912
mariadb_griffin_r2,mariadb,2,root/mariadb/sql/sql_select.cc:4648:0:0,/root/mariadb/sql/sql_select.cc,4648,4648,18115,1,mariadb_target_002913;mariadb_target_002914;mariadb_target_002915
mariadb_griffin_r2,mariadb,2,root/mariadb/sql/sql_select.cc:4648:0:1,/root/mariadb/sql/sql_select.cc,4648,4648,21754,1,mariadb_target_002913;mariadb_target_002914;mariadb_target_002915
mariadb_griffin_r2,mariadb,2,root/mariadb/sql/sql_select.cc:4650:0:0,/root/mariadb/sql/sql_select.cc,4650,4650,5668,1,mariadb_target_002913;mariadb_target_002914;mariadb_target_002915
mariadb_griffin_r2,mariadb,2,root/mariadb/sql/sql_select.cc:4650:0:1,/root/mariadb/sql/sql_select.cc,4650,4650,18115,1,mariadb_target_002913;mariadb_target_002914;mariadb_target_002915
mariadb_griffin_r2,mariadb,2,root/mariadb/sql/sql_select.cc:4652:0:0,/root/mariadb/sql/sql_select.cc,4652,4652,0,0,mariadb_target_002913;mariadb_target_002914;mariadb_target_002915
mariadb_griffin_r2,mariadb,2,root/mariadb/sql/sql_select.cc:4652:0:1,/root/mariadb/sql/sql_select.cc,4652,4652,5668,1,mariadb_target_002913;mariadb_target_002914;mariadb_target_002915
mariadb_griffin_r2,mariadb,2,root/mariadb/sql/sql_select.cc:6733:0:0,/root/mariadb/sql/sql_select.cc,6733,6733,22563,1,mariadb_target_001032;mariadb_target_002917;mariadb_target_002918
mariadb_griffin_r2,mariadb,2,root/mariadb/sql/sql_select.cc:6733:0:1,/root/mariadb/sql/sql_select.cc,6733,6733,24790,1,mariadb_target_001032;mariadb_target_002917;mariadb_target_002918
mariadb_griffin_r2,mariadb,2,root/mariadb/sql/sql_select.cc:6734:0:0,/root/mariadb/sql/sql_select.cc,6734,6734,22563,1,mariadb_target_001032;mariadb_target_002917;mariadb_target_002918
mariadb_griffin_r2,mariadb,2,root/mariadb/sql/sql_select.cc:6734:0:1,/root/mariadb/sql/sql_select.cc,6734,6734,0,0,mariadb_target_001032;mariadb_target_002917;mariadb_target_002918
mariadb_griffin_r2,mariadb,2,root/mariadb/sql/sql_select.cc:6739:0:0,/root/mariadb/sql/sql_select.cc,6739,6739,22483,1,mariadb_target_002919
mariadb_griffin_r2,mariadb,2,root/mariadb/sql/sql_select.cc:6739:0:1,/root/mariadb/sql/sql_select.cc,6739,6739,80,1,mariadb_target_002919
mariadb_griffin_r2,mariadb,2,root/mariadb/sql/sql_select.cc:6742:0:0,/root/mariadb/sql/sql_select.cc,6742,6742,6861,1,mariadb_target_002919
mariadb_griffin_r2,mariadb,2,root/mariadb/sql/sql_select.cc:6742:0:1,/root/mariadb/sql/sql_select.cc,6742,6742,15622,1,mariadb_target_002919
mariadb_griffin_r2,mariadb,2,root/mariadb/sql/sql_select.cc:6743:0:0,/root/mariadb/sql/sql_select.cc,6743,6743,6585,1,mariadb_target_002919
mariadb_griffin_r2,mariadb,2,root/mariadb/sql/sql_select.cc:6743:0:1,/root/mariadb/sql/sql_select.cc,6743,6743,276,1,mariadb_target_002919
mariadb_griffin_r2,mariadb,2,root/mariadb/sql/sql_select.cc:6750:0:0,/root/mariadb/sql/sql_select.cc,6750,6750,80,1,mariadb_target_002920
mariadb_griffin_r2,mariadb,2,root/mariadb/sql/sql_select.cc:6750:0:1,/root/mariadb/sql/sql_select.cc,6750,6750,0,0,mariadb_target_002920
mariadb_griffin_r2,mariadb,2,root/mariadb/sql/sql_select.cc:6753:0:0,/root/mariadb/sql/sql_select.cc,6753,6753,80,1,mariadb_target_002920
mariadb_griffin_r2,mariadb,2,root/mariadb/sql/sql_select.cc:6753:0:1,/root/mariadb/sql/sql_select.cc,6753,6753,0,0,mariadb_target_002920
mariadb_griffin_r2,mariadb,2,root/mariadb/sql/sql_select.cc:6754:0:0,/root/mariadb/sql/sql_select.cc,6754,6754,80,1,mariadb_target_002920
mariadb_griffin_r2,mariadb,2,root/mariadb/sql/sql_select.cc:6754:0:1,/root/mariadb/sql/sql_select.cc,6754,6754,0,0,mariadb_target_002920
mariadb_griffin_r2,mariadb,2,root/mariadb/sql/sql_select.cc:7998:0:0,/root/mariadb/sql/sql_select.cc,7998,7998,22910,1,mariadb_target_001033;mariadb_target_002921
mariadb_griffin_r2,mariadb,2,root/mariadb/sql/sql_select.cc:7998:0:1,/root/mariadb/sql/sql_select.cc,7998,7998,38151,1,mariadb_target_001033;mariadb_target_002921
mariadb_griffin_r2,mariadb,2,root/mariadb/sql/sql_select.cc:8022:0:0,/root/mariadb/sql/sql_select.cc,8022,8022,18379,1,mariadb_target_002922
mariadb_griffin_r2,mariadb,2,root/mariadb/sql/sql_select.cc:8022:0:1,/root/mariadb/sql/sql_select.cc,8022,8022,0,0,mariadb_target_002922
mariadb_griffin_r2,mariadb,2,root/mariadb/sql/sql_select.cc:8023:0:0,/root/mariadb/sql/sql_select.cc,8023,8023,0,0,mariadb_target_002922
mariadb_griffin_r2,mariadb,2,root/mariadb/sql/sql_select.cc:8023:0:1,/root/mariadb/sql/sql_select.cc,8023,8023,18379,1,mariadb_target_002922
mariadb_griffin_r2,mariadb,2,root/mariadb/sql/sql_select.cc:10257:0:0,/root/mariadb/sql/sql_select.cc,10257,10257,0,0,mariadb_target_000954;mariadb_target_002613
mariadb_griffin_r2,mariadb,2,root/mariadb/sql/sql_select.cc:10257:0:1,/root/mariadb/sql/sql_select.cc,10257,10257,41020,1,mariadb_target_000954;mariadb_target_002613
mariadb_griffin_r2,mariadb,2,root/mariadb/sql/sql_select.cc:10517:0:0,/root/mariadb/sql/sql_select.cc,10517,10517,0,0,mariadb_target_002617;mariadb_target_002618
mariadb_griffin_r2,mariadb,2,root/mariadb/sql/sql_select.cc:10517:0:1,/root/mariadb/sql/sql_select.cc,10517,10517,0,0,mariadb_target_002617;mariadb_target_002618
mariadb_griffin_r2,mariadb,2,root/mariadb/sql/sql_select.cc:10519:0:0,/root/mariadb/sql/sql_select.cc,10519,10519,0,0,mariadb_target_002617;mariadb_target_002618
mariadb_griffin_r2,mariadb,2,root/mariadb/sql/sql_select.cc:10519:0:1,/root/mariadb/sql/sql_select.cc,10519,10519,0,0,mariadb_target_002617;mariadb_target_002618
mariadb_griffin_r2,mariadb,2,root/mariadb/sql/sql_select.cc:10522:0:0,/root/mariadb/sql/sql_select.cc,10522,10522,0,0,mariadb_target_002617;mariadb_target_002618
mariadb_griffin_r2,mariadb,2,root/mariadb/sql/sql_select.cc:10522:0:1,/root/mariadb/sql/sql_select.cc,10522,10522,0,0,mariadb_target_002617;mariadb_target_002618
mariadb_griffin_r2,mariadb,2,root/mariadb/sql/sql_select.cc:10522:1:2,/root/mariadb/sql/sql_select.cc,10522,10522,0,0,mariadb_target_002617;mariadb_target_002618
mariadb_griffin_r2,mariadb,2,root/mariadb/sql/sql_select.cc:10522:1:3,/root/mariadb/sql/sql_select.cc,10522,10522,0,0,mariadb_target_002617;mariadb_target_002618
mariadb_griffin_r2,mariadb,2,root/mariadb/sql/sql_select.cc:10681:0:0,/root/mariadb/sql/sql_select.cc,10681,10681,0,0,mariadb_target_002621
mariadb_griffin_r2,mariadb,2,root/mariadb/sql/sql_select.cc:10681:0:1,/root/mariadb/sql/sql_select.cc,10681,10681,0,0,mariadb_target_002621
mariadb_griffin_r2,mariadb,2,root/mariadb/sql/sql_select.cc:10681:1:2,/root/mariadb/sql/sql_select.cc,10681,10681,0,0,mariadb_target_002621
mariadb_griffin_r2,mariadb,2,root/mariadb/sql/sql_select.cc:10681:1:3,/root/mariadb/sql/sql_select.cc,10681,10681,0,0,mariadb_target_002621
mariadb_griffin_r2,mariadb,2,root/mariadb/sql/sql_select.cc:10708:0:0,/root/mariadb/sql/sql_select.cc,10708,10708,0,0,mariadb_target_002622
mariadb_griffin_r2,mariadb,2,root/mariadb/sql/sql_select.cc:10708:0:1,/root/mariadb/sql/sql_select.cc,10708,10708,0,0,mariadb_target_002622
mariadb_griffin_r2,mariadb,2,root/mariadb/sql/sql_select.cc:10709:0:0,/root/mariadb/sql/sql_select.cc,10709,10709,0,0,mariadb_target_002622
mariadb_griffin_r2,mariadb,2,root/mariadb/sql/sql_select.cc:10709:0:1,/root/mariadb/sql/sql_select.cc,10709,10709,0,0,mariadb_target_002622
mariadb_griffin_r2,mariadb,2,root/mariadb/sql/sql_select.cc:11985:0:0,/root/mariadb/sql/sql_select.cc,11985,11985,0,0,mariadb_target_000960;mariadb_target_002625
mariadb_griffin_r2,mariadb,2,root/mariadb/sql/sql_select.cc:11985:0:1,/root/mariadb/sql/sql_select.cc,11985,11985,194553,1,mariadb_target_000960;mariadb_target_002625
mariadb_griffin_r2,mariadb,2,root/mariadb/sql/sql_select.cc:11985:1:2,/root/mariadb/sql/sql_select.cc,11985,11985,0,0,mariadb_target_000960;mariadb_target_002625
mariadb_griffin_r2,mariadb,2,root/mariadb/sql/sql_select.cc:11985:1:3,/root/mariadb/sql/sql_select.cc,11985,11985,0,0,mariadb_target_000960;mariadb_target_002625
mariadb_griffin_r2,mariadb,2,root/mariadb/sql/sql_select.cc:12656:0:0,/root/mariadb/sql/sql_select.cc,12656,12656,0,0,mariadb_target_000961;mariadb_target_002626;mariadb_target_002627;mariadb_target_002628
mariadb_griffin_r2,mariadb,2,root/mariadb/sql/sql_select.cc:12656:0:1,/root/mariadb/sql/sql_select.cc,12656,12656,0,0,mariadb_target_000961;mariadb_target_002626;mariadb_target_002627;mariadb_target_002628
mariadb_griffin_r2,mariadb,2,root/mariadb/sql/sql_select.cc:12656:1:2,/root/mariadb/sql/sql_select.cc,12656,12656,0,0,mariadb_target_000961;mariadb_target_002626;mariadb_target_002627;mariadb_target_002628
mariadb_griffin_r2,mariadb,2,root/mariadb/sql/sql_select.cc:12656:1:3,/root/mariadb/sql/sql_select.cc,12656,12656,0,0,mariadb_target_000961;mariadb_target_002626;mariadb_target_002627;mariadb_target_002628
mariadb_griffin_r2,mariadb,2,root/mariadb/sql/sql_select.cc:12658:0:0,/root/mariadb/sql/sql_select.cc,12658,12658,0,0,mariadb_target_000961;mariadb_target_002626;mariadb_target_002627;mariadb_target_002628
mariadb_griffin_r2,mariadb,2,root/mariadb/sql/sql_select.cc:12658:0:1,/root/mariadb/sql/sql_select.cc,12658,12658,0,0,mariadb_target_000961;mariadb_target_002626;mariadb_target_002627;mariadb_target_002628
mariadb_griffin_r2,mariadb,2,root/mariadb/sql/sql_select.cc:14213:0:0,/root/mariadb/sql/sql_select.cc,14213,14213,80,1,mariadb_target_002630
mariadb_griffin_r2,mariadb,2,root/mariadb/sql/sql_select.cc:14213:0:1,/root/mariadb/sql/sql_select.cc,14213,14213,45565,1,mariadb_target_002630
mariadb_griffin_r2,mariadb,2,root/mariadb/sql/sql_select.cc:14215:0:0,/root/mariadb/sql/sql_select.cc,14215,14215,0,0,mariadb_target_002630
mariadb_griffin_r2,mariadb,2,root/mariadb/sql/sql_select.cc:14215:0:1,/root/mariadb/sql/sql_select.cc,14215,14215,80,1,mariadb_target_002630
mariadb_griffin_r2,mariadb,2,root/mariadb/sql/sql_select.cc:14222:0:0,/root/mariadb/sql/sql_select.cc,14222,14222,45645,1,mariadb_target_002630;mariadb_target_002631
mariadb_griffin_r2,mariadb,2,root/mariadb/sql/sql_select.cc:14222:0:1,/root/mariadb/sql/sql_select.cc,14222,14222,40651,1,mariadb_target_002630;mariadb_target_002631
mariadb_griffin_r2,mariadb,2,root/mariadb/sql/sql_select.cc:14229:0:0,/root/mariadb/sql/sql_select.cc,14229,14229,0,0,mariadb_target_002631
mariadb_griffin_r2,mariadb,2,root/mariadb/sql/sql_select.cc:14229:0:1,/root/mariadb/sql/sql_select.cc,14229,14229,45645,1,mariadb_target_002631
mariadb_griffin_r2,mariadb,2,root/mariadb/sql/sql_select.cc:14239:0:0,/root/mariadb/sql/sql_select.cc,14239,14239,0,0,mariadb_target_002632
mariadb_griffin_r2,mariadb,2,root/mariadb/sql/sql_select.cc:14239:0:1,/root/mariadb/sql/sql_select.cc,14239,14239,0,0,mariadb_target_002632
mariadb_griffin_r2,mariadb,2,root/mariadb/sql/sql_select.cc:14239:1:2,/root/mariadb/sql/sql_select.cc,14239,14239,0,0,mariadb_target_002632
mariadb_griffin_r2,mariadb,2,root/mariadb/sql/sql_select.cc:14239:1:3,/root/mariadb/sql/sql_select.cc,14239,14239,0,0,mariadb_target_002632
mariadb_griffin_r2,mariadb,2,root/mariadb/sql/sql_select.cc:14242:0:0,/root/mariadb/sql/sql_select.cc,14242,14242,39722,1,mariadb_target_002632
mariadb_griffin_r2,mariadb,2,root/mariadb/sql/sql_select.cc:14242:0:1,/root/mariadb/sql/sql_select.cc,14242,14242,5923,1,mariadb_target_002632
mariadb_griffin_r2,mariadb,2,root/mariadb/sql/sql_select.cc:14245:0:0,/root/mariadb/sql/sql_select.cc,14245,14245,5923,1,mariadb_target_002632
mariadb_griffin_r2,mariadb,2,root/mariadb/sql/sql_select.cc:14245:0:1,/root/mariadb/sql/sql_select.cc,14245,14245,45397,1,mariadb_target_002632
mariadb_griffin_r2,mariadb,2,root/mariadb/sql/sql_select.cc:14247:0:0,/root/mariadb/sql/sql_select.cc,14247,14247,248,1,mariadb_target_002632
mariadb_griffin_r2,mariadb,2,root/mariadb/sql/sql_select.cc:14247:0:1,/root/mariadb/sql/sql_select.cc,14247,14247,5675,1,mariadb_target_002632
mariadb_griffin_r2,mariadb,2,root/mariadb/sql/sql_select.cc:14256:0:0,/root/mariadb/sql/sql_select.cc,14256,14256,0,0,mariadb_target_002633
mariadb_griffin_r2,mariadb,2,root/mariadb/sql/sql_select.cc:14256:0:1,/root/mariadb/sql/sql_select.cc,14256,14256,5675,1,mariadb_target_002633
mariadb_griffin_r2,mariadb,2,root/mariadb/sql/sql_select.cc:14256:1:2,/root/mariadb/sql/sql_select.cc,14256,14256,0,0,mariadb_target_002633
mariadb_griffin_r2,mariadb,2,root/mariadb/sql/sql_select.cc:14256:1:3,/root/mariadb/sql/sql_select.cc,14256,14256,0,0,mariadb_target_002633
mariadb_griffin_r2,mariadb,2,root/mariadb/sql/sql_select.cc:14262:0:0,/root/mariadb/sql/sql_select.cc,14262,14262,0,0,mariadb_target_002633
mariadb_griffin_r2,mariadb,2,root/mariadb/sql/sql_select.cc:14262:0:1,/root/mariadb/sql/sql_select.cc,14262,14262,0,0,mariadb_target_002633
mariadb_griffin_r2,mariadb,2,root/mariadb/sql/sql_select.cc:14316:0:0,/root/mariadb/sql/sql_select.cc,14316,14316,240,1,mariadb_target_002636;mariadb_target_002637;mariadb_target_002638
mariadb_griffin_r2,mariadb,2,root/mariadb/sql/sql_select.cc:14316:0:1,/root/mariadb/sql/sql_select.cc,14316,14316,0,0,mariadb_target_002636;mariadb_target_002637;mariadb_target_002638
mariadb_griffin_r2,mariadb,2,root/mariadb/sql/sql_select.cc:14318:0:0,/root/mariadb/sql/sql_select.cc,14318,14318,0,0,mariadb_target_002636;mariadb_target_002637;mariadb_target_002638;mariadb_target_002639
mariadb_griffin_r2,mariadb,2,root/mariadb/sql/sql_select.cc:14318:0:1,/root/mariadb/sql/sql_select.cc,14318,14318,0,0,mariadb_target_002636;mariadb_target_002637;mariadb_target_002638;mariadb_target_002639
mariadb_griffin_r2,mariadb,2,root/mariadb/sql/sql_select.cc:14319:0:0,/root/mariadb/sql/sql_select.cc,14319,14319,0,0,mariadb_target_002636;mariadb_target_002637;mariadb_target_002638;mariadb_target_002639
mariadb_griffin_r2,mariadb,2,root/mariadb/sql/sql_select.cc:14319:0:1,/root/mariadb/sql/sql_select.cc,14319,14319,0,0,mariadb_target_002636;mariadb_target_002637;mariadb_target_002638;mariadb_target_002639
mariadb_griffin_r2,mariadb,2,root/mariadb/sql/sql_select.cc:14320:0:0,/root/mariadb/sql/sql_select.cc,14320,14320,0,0,mariadb_target_002636;mariadb_target_002637;mariadb_target_002638;mariadb_target_002639
mariadb_griffin_r2,mariadb,2,root/mariadb/sql/sql_select.cc:14320:0:1,/root/mariadb/sql/sql_select.cc,14320,14320,0,0,mariadb_target_002636;mariadb_target_002637;mariadb_target_002638;mariadb_target_002639
mariadb_griffin_r2,mariadb,2,root/mariadb/sql/sql_select.cc:14326:0:0,/root/mariadb/sql/sql_select.cc,14326,14326,444,1,mariadb_target_002639
mariadb_griffin_r2,mariadb,2,root/mariadb/sql/sql_select.cc:14326:0:1,/root/mariadb/sql/sql_select.cc,14326,14326,0,0,mariadb_target_002639
mariadb_griffin_r2,mariadb,2,root/mariadb/sql/sql_select.cc:14359:0:0,/root/mariadb/sql/sql_select.cc,14359,14359,40650,1,mariadb_target_000965;mariadb_target_002640
mariadb_griffin_r2,mariadb,2,root/mariadb/sql/sql_select.cc:14359:0:1,/root/mariadb/sql/sql_select.cc,14359,14359,0,0,mariadb_target_000965;mariadb_target_002640
mariadb_griffin_r2,mariadb,2,root/mariadb/sql/sql_select.cc:14503:0:0,/root/mariadb/sql/sql_select.cc,14503,14503,45564,1,mariadb_target_002642
mariadb_griffin_r2,mariadb,2,root/mariadb/sql/sql_select.cc:14503:0:1,/root/mariadb/sql/sql_select.cc,14503,14503,80,1,mariadb_target_002642
mariadb_griffin_r2,mariadb,2,root/mariadb/sql/sql_select.cc:14514:0:0,/root/mariadb/sql/sql_select.cc,14514,14514,5923,1,mariadb_target_002642
mariadb_griffin_r2,mariadb,2,root/mariadb/sql/sql_select.cc:14514:0:1,/root/mariadb/sql/sql_select.cc,14514,14514,39721,1,mariadb_target_002642
mariadb_griffin_r2,mariadb,2,root/mariadb/sql/sql_select.cc:14514:1:2,/root/mariadb/sql/sql_select.cc,14514,14514,3786,1,mariadb_target_002642
mariadb_griffin_r2,mariadb,2,root/mariadb/sql/sql_select.cc:14514:1:3,/root/mariadb/sql/sql_select.cc,14514,14514,2137,1,mariadb_target_002642
mariadb_griffin_r2,mariadb,2,root/mariadb/sql/sql_select.cc:14515:0:0,/root/mariadb/sql/sql_select.cc,14515,14515,248,1,mariadb_target_002642
mariadb_griffin_r2,mariadb,2,root/mariadb/sql/sql_select.cc:14515:0:1,/root/mariadb/sql/sql_select.cc,14515,14515,3538,1,mariadb_target_002642
mariadb_griffin_r2,mariadb,2,root/mariadb/sql/sql_select.cc:14516:0:0,/root/mariadb/sql/sql_select.cc,14516,14516,80,1,mariadb_target_002642
mariadb_griffin_r2,mariadb,2,root/mariadb/sql/sql_select.cc:14516:0:1,/root/mariadb/sql/sql_select.cc,14516,14516,168,1,mariadb_target_002642
mariadb_griffin_r2,mariadb,2,root/mariadb/sql/sql_select.cc:14553:0:0,/root/mariadb/sql/sql_select.cc,14553,14553,3908,1,mariadb_target_002642;mariadb_target_002643;mariadb_target_002644;mariadb_target_002645;mariadb_target_002646
mariadb_griffin_r2,mariadb,2,root/mariadb/sql/sql_select.cc:14553:0:1,/root/mariadb/sql/sql_select.cc,14553,14553,41736,1,mariadb_target_002642;mariadb_target_002643;mariadb_target_002644;mariadb_target_002645;mariadb_target_002646
mariadb_griffin_r2,mariadb,2,root/mariadb/sql/sql_select.cc:14553:1:2,/root/mariadb/sql/sql_select.cc,14553,14553,2,1,mariadb_target_002642;mariadb_target_002643;mariadb_target_002644;mariadb_target_002645;mariadb_target_002646
mariadb_griffin_r2,mariadb,2,root/mariadb/sql/sql_select.cc:14553:1:3,/root/mariadb/sql/sql_select.cc,14553,14553,3906,1,mariadb_target_002642;mariadb_target_002643;mariadb_target_002644;mariadb_target_002645;mariadb_target_002646
mariadb_griffin_r2,mariadb,2,root/mariadb/sql/sql_select.cc:14554:0:0,/root/mariadb/sql/sql_select.cc,14554,14554,2,1,mariadb_target_002642;mariadb_target_002643;mariadb_target_002644;mariadb_target_002645;mariadb_target_002646
mariadb_griffin_r2,mariadb,2,root/mariadb/sql/sql_select.cc:14554:0:1,/root/mariadb/sql/sql_select.cc,14554,14554,0,0,mariadb_target_002642;mariadb_target_002643;mariadb_target_002644;mariadb_target_002645;mariadb_target_002646
mariadb_griffin_r2,mariadb,2,root/mariadb/sql/sql_select.cc:14555:0:0,/root/mariadb/sql/sql_select.cc,14555,14555,0,0,mariadb_target_002642;mariadb_target_002643;mariadb_target_002644;mariadb_target_002645;mariadb_target_002646
mariadb_griffin_r2,mariadb,2,root/mariadb/sql/sql_select.cc:14555:0:1,/root/mariadb/sql/sql_select.cc,14555,14555,2,1,mariadb_target_002642;mariadb_target_002643;mariadb_target_002644;mariadb_target_002645;mariadb_target_002646
mariadb_griffin_r2,mariadb,2,root/mariadb/sql/sql_select.cc:14556:0:0,/root/mariadb/sql/sql_select.cc,14556,14556,2,1,mariadb_target_002642;mariadb_target_002643;mariadb_target_002644;mariadb_target_002645;mariadb_target_002646
mariadb_griffin_r2,mariadb,2,root/mariadb/sql/sql_select.cc:14556:0:1,/root/mariadb/sql/sql_select.cc,14556,14556,0,0,mariadb_target_002642;mariadb_target_002643;mariadb_target_002644;mariadb_target_002645;mariadb_target_002646
mariadb_griffin_r2,mariadb,2,root/mariadb/sql/sql_select.cc:14557:0:0,/root/mariadb/sql/sql_select.cc,14557,14557,0,0,mariadb_target_002642;mariadb_target_002643;mariadb_target_002644;mariadb_target_002645;mariadb_target_002646
mariadb_griffin_r2,mariadb,2,root/mariadb/sql/sql_select.cc:14557:0:1,/root/mariadb/sql/sql_select.cc,14557,14557,2,1,mariadb_target_002642;mariadb_target_002643;mariadb_target_002644;mariadb_target_002645;mariadb_target_002646
mariadb_griffin_r2,mariadb,2,root/mariadb/sql/sql_select.cc:14558:0:0,/root/mariadb/sql/sql_select.cc,14558,14558,0,0,mariadb_target_002642;mariadb_target_002643;mariadb_target_002644;mariadb_target_002645;mariadb_target_002646
mariadb_griffin_r2,mariadb,2,root/mariadb/sql/sql_select.cc:14558:0:1,/root/mariadb/sql/sql_select.cc,14558,14558,0,0,mariadb_target_002642;mariadb_target_002643;mariadb_target_002644;mariadb_target_002645;mariadb_target_002646
mariadb_griffin_r2,mariadb,2,root/mariadb/sql/sql_select.cc:14562:0:0,/root/mariadb/sql/sql_select.cc,14562,14562,0,0,mariadb_target_002642;mariadb_target_002646
mariadb_griffin_r2,mariadb,2,root/mariadb/sql/sql_select.cc:14562:0:1,/root/mariadb/sql/sql_select.cc,14562,14562,0,0,mariadb_target_002642;mariadb_target_002646
mariadb_griffin_r2,mariadb,2,root/mariadb/sql/sql_select.cc:14571:0:0,/root/mariadb/sql/sql_select.cc,14571,14571,0,0,mariadb_target_002642;mariadb_target_002647;mariadb_target_002648
mariadb_griffin_r2,mariadb,2,root/mariadb/sql/sql_select.cc:14571:0:1,/root/mariadb/sql/sql_select.cc,14571,14571,0,0,mariadb_target_002642;mariadb_target_002647;mariadb_target_002648
mariadb_griffin_r2,mariadb,2,root/mariadb/sql/sql_select.cc:14581:0:0,/root/mariadb/sql/sql_select.cc,14581,14581,0,0,mariadb_target_002642
mariadb_griffin_r2,mariadb,2,root/mariadb/sql/sql_select.cc:14581:0:1,/root/mariadb/sql/sql_select.cc,14581,14581,0,0,mariadb_target_002642
mariadb_griffin_r2,mariadb,2,root/mariadb/sql/sql_select.cc:14582:0:0,/root/mariadb/sql/sql_select.cc,14582,14582,0,0,mariadb_target_002642
mariadb_griffin_r2,mariadb,2,root/mariadb/sql/sql_select.cc:14582:0:1,/root/mariadb/sql/sql_select.cc,14582,14582,0,0,mariadb_target_002642
mariadb_griffin_r2,mariadb,2,root/mariadb/sql/sql_select.cc:14583:0:0,/root/mariadb/sql/sql_select.cc,14583,14583,0,0,mariadb_target_002642
mariadb_griffin_r2,mariadb,2,root/mariadb/sql/sql_select.cc:14583:0:1,/root/mariadb/sql/sql_select.cc,14583,14583,0,0,mariadb_target_002642
mariadb_griffin_r2,mariadb,2,root/mariadb/sql/sql_select.cc:14589:0:0,/root/mariadb/sql/sql_select.cc,14589,14589,31478,1,mariadb_target_002642
mariadb_griffin_r2,mariadb,2,root/mariadb/sql/sql_select.cc:14589:0:1,/root/mariadb/sql/sql_select.cc,14589,14589,14166,1,mariadb_target_002642
mariadb_griffin_r2,mariadb,2,root/mariadb/sql/sql_select.cc:14591:0:0,/root/mariadb/sql/sql_select.cc,14591,14591,80,1,mariadb_target_002642
mariadb_griffin_r2,mariadb,2,root/mariadb/sql/sql_select.cc:14591:0:1,/root/mariadb/sql/sql_select.cc,14591,14591,31398,1,mariadb_target_002642
mariadb_griffin_r2,mariadb,2,root/mariadb/sql/sql_select.cc:14603:0:0,/root/mariadb/sql/sql_select.cc,14603,14603,6927,1,mariadb_target_002642
mariadb_griffin_r2,mariadb,2,root/mariadb/sql/sql_select.cc:14603:0:1,/root/mariadb/sql/sql_select.cc,14603,14603,24471,1,mariadb_target_002642
mariadb_griffin_r2,mariadb,2,root/mariadb/sql/sql_select.cc:14603:1:2,/root/mariadb/sql/sql_select.cc,14603,14603,0,0,mariadb_target_002642
mariadb_griffin_r2,mariadb,2,root/mariadb/sql/sql_select.cc:14603:1:3,/root/mariadb/sql/sql_select.cc,14603,14603,6927,1,mariadb_target_002642
mariadb_griffin_r2,mariadb,2,root/mariadb/sql/sql_select.cc:14606:0:0,/root/mariadb/sql/sql_select.cc,14606,14606,22826,1,mariadb_target_002642
mariadb_griffin_r2,mariadb,2,root/mariadb/sql/sql_select.cc:14606:0:1,/root/mariadb/sql/sql_select.cc,14606,14606,8572,1,mariadb_target_002642
mariadb_griffin_r2,mariadb,2,root/mariadb/sql/sql_select.cc:14618:0:0,/root/mariadb/sql/sql_select.cc,14618,14618,0,0,mariadb_target_002642
mariadb_griffin_r2,mariadb,2,root/mariadb/sql/sql_select.cc:14618:0:1,/root/mariadb/sql/sql_select.cc,14618,14618,22826,1,mariadb_target_002642
mariadb_griffin_r2,mariadb,2,root/mariadb/sql/sql_select.cc:14620:0:0,/root/mariadb/sql/sql_select.cc,14620,14620,0,0,mariadb_target_002642
mariadb_griffin_r2,mariadb,2,root/mariadb/sql/sql_select.cc:14620:0:1,/root/mariadb/sql/sql_select.cc,14620,14620,22826,1,mariadb_target_002642
mariadb_griffin_r2,mariadb,2,root/mariadb/sql/sql_select.cc:14625:0:0,/root/mariadb/sql/sql_select.cc,14625,14625,2725,1,mariadb_target_002642
mariadb_griffin_r2,mariadb,2,root/mariadb/sql/sql_select.cc:14625:0:1,/root/mariadb/sql/sql_select.cc,14625,14625,28753,1,mariadb_target_002642
mariadb_griffin_r2,mariadb,2,root/mariadb/sql/sql_select.cc:14632:0:0,/root/mariadb/sql/sql_select.cc,14632,14632,0,0,mariadb_target_002642;mariadb_target_002649;mariadb_target_002650
mariadb_griffin_r2,mariadb,2,root/mariadb/sql/sql_select.cc:14632:0:1,/root/mariadb/sql/sql_select.cc,14632,14632,45644,1,mariadb_target_002642;mariadb_target_002649;mariadb_target_002650
mariadb_griffin_r2,mariadb,2,root/mariadb/sql/sql_select.cc:14632:1:2,/root/mariadb/sql/sql_select.cc,14632,14632,0,0,mariadb_target_002642;mariadb_target_002649;mariadb_target_002650
mariadb_griffin_r2,mariadb,2,root/mariadb/sql/sql_select.cc:14632:1:3,/root/mariadb/sql/sql_select.cc,14632,14632,45644,1,mariadb_target_002642;mariadb_target_002649;mariadb_target_002650
mariadb_griffin_r2,mariadb,2,root/mariadb/sql/sql_select.cc:14633:0:0,/root/mariadb/sql/sql_select.cc,14633,14633,0,0,mariadb_target_002642;mariadb_target_002649;mariadb_target_002650
mariadb_griffin_r2,mariadb,2,root/mariadb/sql/sql_select.cc:14633:0:1,/root/mariadb/sql/sql_select.cc,14633,14633,0,0,mariadb_target_002642;mariadb_target_002649;mariadb_target_002650
mariadb_griffin_r2,mariadb,2,root/mariadb/sql/sql_select.cc:14634:0:0,/root/mariadb/sql/sql_select.cc,14634,14634,0,0,mariadb_target_002642;mariadb_target_002649;mariadb_target_002650
mariadb_griffin_r2,mariadb,2,root/mariadb/sql/sql_select.cc:14634:0:1,/root/mariadb/sql/sql_select.cc,14634,14634,45644,1,mariadb_target_002642;mariadb_target_002649;mariadb_target_002650
mariadb_griffin_r2,mariadb,2,root/mariadb/sql/sql_select.cc:14635:0:0,/root/mariadb/sql/sql_select.cc,14635,14635,0,0,mariadb_target_002642;mariadb_target_002649;mariadb_target_002650
mariadb_griffin_r2,mariadb,2,root/mariadb/sql/sql_select.cc:14635:0:1,/root/mariadb/sql/sql_select.cc,14635,14635,45644,1,mariadb_target_002642;mariadb_target_002649;mariadb_target_002650
mariadb_griffin_r2,mariadb,2,root/mariadb/sql/sql_select.cc:14635:1:2,/root/mariadb/sql/sql_select.cc,14635,14635,0,0,mariadb_target_002642;mariadb_target_002649;mariadb_target_002650
mariadb_griffin_r2,mariadb,2,root/mariadb/sql/sql_select.cc:14635:1:3,/root/mariadb/sql/sql_select.cc,14635,14635,0,0,mariadb_target_002642;mariadb_target_002649;mariadb_target_002650
mariadb_griffin_r2,mariadb,2,root/mariadb/sql/sql_select.cc:14636:0:0,/root/mariadb/sql/sql_select.cc,14636,14636,0,0,mariadb_target_002642;mariadb_target_002649;mariadb_target_002650
mariadb_griffin_r2,mariadb,2,root/mariadb/sql/sql_select.cc:14636:0:1,/root/mariadb/sql/sql_select.cc,14636,14636,45644,1,mariadb_target_002642;mariadb_target_002649;mariadb_target_002650
mariadb_griffin_r2,mariadb,2,root/mariadb/sql/sql_select.cc:14637:0:0,/root/mariadb/sql/sql_select.cc,14637,14637,3908,1,mariadb_target_002642;mariadb_target_002649;mariadb_target_002650;mariadb_target_002651
mariadb_griffin_r2,mariadb,2,root/mariadb/sql/sql_select.cc:14637:0:1,/root/mariadb/sql/sql_select.cc,14637,14637,41736,1,mariadb_target_002642;mariadb_target_002649;mariadb_target_002650;mariadb_target_002651
mariadb_griffin_r2,mariadb,2,root/mariadb/sql/sql_select.cc:14637:1:2,/root/mariadb/sql/sql_select.cc,14637,14637,1355,1,mariadb_target_002642;mariadb_target_002649;mariadb_target_002650;mariadb_target_002651
mariadb_griffin_r2,mariadb,2,root/mariadb/sql/sql_select.cc:14637:1:3,/root/mariadb/sql/sql_select.cc,14637,14637,40381,1,mariadb_target_002642;mariadb_target_002649;mariadb_target_002650;mariadb_target_002651
mariadb_griffin_r2,mariadb,2,root/mariadb/sql/sql_select.cc:14638:0:0,/root/mariadb/sql/sql_select.cc,14638,14638,0,0,mariadb_target_002642;mariadb_target_002649;mariadb_target_002650;mariadb_target_002651
mariadb_griffin_r2,mariadb,2,root/mariadb/sql/sql_select.cc:14638:0:1,/root/mariadb/sql/sql_select.cc,14638,14638,5263,1,mariadb_target_002642;mariadb_target_002649;mariadb_target_002650;mariadb_target_002651
mariadb_griffin_r2,mariadb,2,root/mariadb/sql/sql_select.cc:14639:0:0,/root/mariadb/sql/sql_select.cc,14639,14639,0,0,mariadb_target_002642;mariadb_target_002649;mariadb_target_002650;mariadb_target_002651
mariadb_griffin_r2,mariadb,2,root/mariadb/sql/sql_select.cc:14639:0:1,/root/mariadb/sql/sql_select.cc,14639,14639,5263,1,mariadb_target_002642;mariadb_target_002649;mariadb_target_002650;mariadb_target_002651
mariadb_griffin_r2,mariadb,2,root/mariadb/sql/sql_select.cc:14639:1:2,/root/mariadb/sql/sql_select.cc,14639,14639,0,0,mariadb_target_002642;mariadb_target_002649;mariadb_target_002650;mariadb_target_002651
mariadb_griffin_r2,mariadb,2,root/mariadb/sql/sql_select.cc:14639:1:3,/root/mariadb/sql/sql_select.cc,14639,14639,0,0,mariadb_target_002642;mariadb_target_002649;mariadb_target_002650;mariadb_target_002651
mariadb_griffin_r2,mariadb,2,root/mariadb/sql/sql_select.cc:14640:0:0,/root/mariadb/sql/sql_select.cc,14640,14640,0,0,mariadb_target_002642;mariadb_target_002650;mariadb_target_002651;mariadb_target_002652
mariadb_griffin_r2,mariadb,2,root/mariadb/sql/sql_select.cc:14640:0:1,/root/mariadb/sql/sql_select.cc,14640,14640,0,0,mariadb_target_002642;mariadb_target_002650;mariadb_target_002651;mariadb_target_002652
mariadb_griffin_r2,mariadb,2,root/mariadb/sql/sql_select.cc:14641:0:0,/root/mariadb/sql/sql_select.cc,14641,14641,0,0,mariadb_target_002642;mariadb_target_002650;mariadb_target_002651;mariadb_target_002652
mariadb_griffin_r2,mariadb,2,root/mariadb/sql/sql_select.cc:14641:0:1,/root/mariadb/sql/sql_select.cc,14641,14641,0,0,mariadb_target_002642;mariadb_target_002650;mariadb_target_002651;mariadb_target_002652
mariadb_griffin_r2,mariadb,2,root/mariadb/sql/sql_select.cc:14642:0:0,/root/mariadb/sql/sql_select.cc,14642,14642,0,0,mariadb_target_002642;mariadb_target_002651;mariadb_target_002652
mariadb_griffin_r2,mariadb,2,root/mariadb/sql/sql_select.cc:14642:0:1,/root/mariadb/sql/sql_select.cc,14642,14642,0,0,mariadb_target_002642;mariadb_target_002651;mariadb_target_002652
mariadb_griffin_r2,mariadb,2,root/mariadb/sql/sql_select.cc:14643:0:0,/root/mariadb/sql/sql_select.cc,14643,14643,0,0,mariadb_target_002642;mariadb_target_002651;mariadb_target_002652
mariadb_griffin_r2,mariadb,2,root/mariadb/sql/sql_select.cc:14643:0:1,/root/mariadb/sql/sql_select.cc,14643,14643,0,0,mariadb_target_002642;mariadb_target_002651;mariadb_target_002652
mariadb_griffin_r2,mariadb,2,root/mariadb/sql/sql_select.cc:14645:0:0,/root/mariadb/sql/sql_select.cc,14645,14645,31478,1,mariadb_target_002642;mariadb_target_002651;mariadb_target_002652
mariadb_griffin_r2,mariadb,2,root/mariadb/sql/sql_select.cc:14645:0:1,/root/mariadb/sql/sql_select.cc,14645,14645,14166,1,mariadb_target_002642;mariadb_target_002651;mariadb_target_002652
mariadb_griffin_r2,mariadb,2,root/mariadb/sql/sql_select.cc:14645:1:2,/root/mariadb/sql/sql_select.cc,14645,14645,5461,1,mariadb_target_002642;mariadb_target_002651;mariadb_target_002652
mariadb_griffin_r2,mariadb,2,root/mariadb/sql/sql_select.cc:14645:1:3,/root/mariadb/sql/sql_select.cc,14645,14645,26017,1,mariadb_target_002642;mariadb_target_002651;mariadb_target_002652
mariadb_griffin_r2,mariadb,2,root/mariadb/sql/sql_select.cc:14645:2:4,/root/mariadb/sql/sql_select.cc,14645,14645,1,1,mariadb_target_002642;mariadb_target_002651;mariadb_target_002652
mariadb_griffin_r2,mariadb,2,root/mariadb/sql/sql_select.cc:14645:2:5,/root/mariadb/sql/sql_select.cc,14645,14645,5460,1,mariadb_target_002642;mariadb_target_002651;mariadb_target_002652
mariadb_griffin_r2,mariadb,2,root/mariadb/sql/sql_select.cc:14647:0:0,/root/mariadb/sql/sql_select.cc,14647,14647,1,1,mariadb_target_002642;mariadb_target_002651;mariadb_target_002652
mariadb_griffin_r2,mariadb,2,root/mariadb/sql/sql_select.cc:14647:0:1,/root/mariadb/sql/sql_select.cc,14647,14647,0,0,mariadb_target_002642;mariadb_target_002651;mariadb_target_002652
mariadb_griffin_r2,mariadb,2,root/mariadb/sql/sql_select.cc:14647:1:2,/root/mariadb/sql/sql_select.cc,14647,14647,1,1,mariadb_target_002642;mariadb_target_002651;mariadb_target_002652
mariadb_griffin_r2,mariadb,2,root/mariadb/sql/sql_select.cc:14647:1:3,/root/mariadb/sql/sql_select.cc,14647,14647,0,0,mariadb_target_002642;mariadb_target_002651;mariadb_target_002652
mariadb_griffin_r2,mariadb,2,root/mariadb/sql/sql_select.cc:14647:2:4,/root/mariadb/sql/sql_select.cc,14647,14647,1,1,mariadb_target_002642;mariadb_target_002651;mariadb_target_002652
mariadb_griffin_r2,mariadb,2,root/mariadb/sql/sql_select.cc:14647:2:5,/root/mariadb/sql/sql_select.cc,14647,14647,0,0,mariadb_target_002642;mariadb_target_002651;mariadb_target_002652
mariadb_griffin_r2,mariadb,2,root/mariadb/sql/sql_select.cc:14669:0:0,/root/mariadb/sql/sql_select.cc,14669,14669,26017,1,mariadb_target_002642;mariadb_target_002655
mariadb_griffin_r2,mariadb,2,root/mariadb/sql/sql_select.cc:14669:0:1,/root/mariadb/sql/sql_select.cc,14669,14669,19627,1,mariadb_target_002642;mariadb_target_002655
mariadb_griffin_r2,mariadb,2,root/mariadb/sql/sql_select.cc:14669:1:2,/root/mariadb/sql/sql_select.cc,14669,14669,14166,1,mariadb_target_002642;mariadb_target_002655
mariadb_griffin_r2,mariadb,2,root/mariadb/sql/sql_select.cc:14669:1:3,/root/mariadb/sql/sql_select.cc,14669,14669,5461,1,mariadb_target_002642;mariadb_target_002655
mariadb_griffin_r2,mariadb,2,root/mariadb/sql/sql_select.cc:14669:2:4,/root/mariadb/sql/sql_select.cc,14669,14669,2331,1,mariadb_target_002642;mariadb_target_002655
mariadb_griffin_r2,mariadb,2,root/mariadb/sql/sql_select.cc:14669:2:5,/root/mariadb/sql/sql_select.cc,14669,14669,3130,1,mariadb_target_002642;mariadb_target_002655
mariadb_griffin_r2,mariadb,2,root/mariadb/sql/sql_select.cc:14669:3:6,/root/mariadb/sql/sql_select.cc,14669,14669,0,0,mariadb_target_002642;mariadb_target_002655
mariadb_griffin_r2,mariadb,2,root/mariadb/sql/sql_select.cc:14669:3:7,/root/mariadb/sql/sql_select.cc,14669,14669,3130,1,mariadb_target_002642;mariadb_target_002655
mariadb_griffin_r2,mariadb,2,root/mariadb/sql/sql_select.cc:14670:0:0,/root/mariadb/sql/sql_select.cc,14670,14670,381,1,mariadb_target_002642;mariadb_target_002655
mariadb_griffin_r2,mariadb,2,root/mariadb/sql/sql_select.cc:14670:0:1,/root/mariadb/sql/sql_select.cc,14670,14670,2749,1,mariadb_target_002642;mariadb_target_002655
mariadb_griffin_r2,mariadb,2,root/mariadb/sql/sql_select.cc:14670:1:2,/root/mariadb/sql/sql_select.cc,14670,14670,0,0,mariadb_target_002642;mariadb_target_002655
mariadb_griffin_r2,mariadb,2,root/mariadb/sql/sql_select.cc:14670:1:3,/root/mariadb/sql/sql_select.cc,14670,14670,2749,1,mariadb_target_002642;mariadb_target_002655
mariadb_griffin_r2,mariadb,2,root/mariadb/sql/sql_select.cc:14679:0:0,/root/mariadb/sql/sql_select.cc,14679,14679,0,0,mariadb_target_002642;mariadb_target_002656
mariadb_griffin_r2,mariadb,2,root/mariadb/sql/sql_select.cc:14679:0:1,/root/mariadb/sql/sql_select.cc,14679,14679,42895,1,mariadb_target_002642;mariadb_target_002656
mariadb_griffin_r2,mariadb,2,root/mariadb/sql/sql_select.cc:14687:0:0,/root/mariadb/sql/sql_select.cc,14687,14687,28729,1,mariadb_target_002642;mariadb_target_002656
mariadb_griffin_r2,mariadb,2,root/mariadb/sql/sql_select.cc:14687:0:1,/root/mariadb/sql/sql_select.cc,14687,14687,14166,1,mariadb_target_002642;mariadb_target_002656
mariadb_griffin_r2,mariadb,2,root/mariadb/sql/sql_select.cc:14687:1:2,/root/mariadb/sql/sql_select.cc,14687,14687,26017,1,mariadb_target_002642;mariadb_target_002656
mariadb_griffin_r2,mariadb,2,root/mariadb/sql/sql_select.cc:14687:1:3,/root/mariadb/sql/sql_select.cc,14687,14687,2712,1,mariadb_target_002642;mariadb_target_002656
mariadb_griffin_r2,mariadb,2,root/mariadb/sql/sql_select.cc:14694:0:0,/root/mariadb/sql/sql_select.cc,14694,14694,0,0,mariadb_target_002642;mariadb_target_002656
mariadb_griffin_r2,mariadb,2,root/mariadb/sql/sql_select.cc:14694:0:1,/root/mariadb/sql/sql_select.cc,14694,14694,26017,1,mariadb_target_002642;mariadb_target_002656
mariadb_griffin_r2,mariadb,2,root/mariadb/sql/sql_select.cc:14701:0:0,/root/mariadb/sql/sql_select.cc,14701,14701,26017,1,mariadb_target_002642;mariadb_target_002656
mariadb_griffin_r2,mariadb,2,root/mariadb/sql/sql_select.cc:14701:0:1,/root/mariadb/sql/sql_select.cc,14701,14701,0,0,mariadb_target_002642;mariadb_target_002656
mariadb_griffin_r2,mariadb,2,root/mariadb/sql/sql_select.cc:14704:0:0,/root/mariadb/sql/sql_select.cc,14704,14704,0,0,mariadb_target_002642;mariadb_target_002656
mariadb_griffin_r2,mariadb,2,root/mariadb/sql/sql_select.cc:14704:0:1,/root/mariadb/sql/sql_select.cc,14704,14704,26017,1,mariadb_target_002642;mariadb_target_002656
mariadb_griffin_r2,mariadb,2,root/mariadb/sql/sql_select.cc:14706:0:0,/root/mariadb/sql/sql_select.cc,14706,14706,0,0,mariadb_target_002642;mariadb_target_002656
mariadb_griffin_r2,mariadb,2,root/mariadb/sql/sql_select.cc:14706:0:1,/root/mariadb/sql/sql_select.cc,14706,14706,0,0,mariadb_target_002642;mariadb_target_002656
mariadb_griffin_r2,mariadb,2,root/mariadb/sql/sql_select.cc:14715:0:0,/root/mariadb/sql/sql_select.cc,14715,14715,0,0,mariadb_target_002642;mariadb_target_002656;mariadb_target_002657
mariadb_griffin_r2,mariadb,2,root/mariadb/sql/sql_select.cc:14715:0:1,/root/mariadb/sql/sql_select.cc,14715,14715,0,0,mariadb_target_002642;mariadb_target_002656;mariadb_target_002657
mariadb_griffin_r2,mariadb,2,root/mariadb/sql/sql_select.cc:14719:0:0,/root/mariadb/sql/sql_select.cc,14719,14719,0,0,mariadb_target_002642;mariadb_target_002656;mariadb_target_002657
mariadb_griffin_r2,mariadb,2,root/mariadb/sql/sql_select.cc:14719:0:1,/root/mariadb/sql/sql_select.cc,14719,14719,0,0,mariadb_target_002642;mariadb_target_002656;mariadb_target_002657
mariadb_griffin_r2,mariadb,2,root/mariadb/sql/sql_select.cc:14722:0:0,/root/mariadb/sql/sql_select.cc,14722,14722,0,0,mariadb_target_002642;mariadb_target_002656;mariadb_target_002657
mariadb_griffin_r2,mariadb,2,root/mariadb/sql/sql_select.cc:14722:0:1,/root/mariadb/sql/sql_select.cc,14722,14722,0,0,mariadb_target_002642;mariadb_target_002656;mariadb_target_002657
mariadb_griffin_r2,mariadb,2,root/mariadb/sql/sql_select.cc:14739:0:0,/root/mariadb/sql/sql_select.cc,14739,14739,27,1,mariadb_target_002642;mariadb_target_002656;mariadb_target_002659;mariadb_target_002660
mariadb_griffin_r2,mariadb,2,root/mariadb/sql/sql_select.cc:14739:0:1,/root/mariadb/sql/sql_select.cc,14739,14739,42868,1,mariadb_target_002642;mariadb_target_002656;mariadb_target_002659;mariadb_target_002660
mariadb_griffin_r2,mariadb,2,root/mariadb/sql/sql_select.cc:14743:0:0,/root/mariadb/sql/sql_select.cc,14743,14743,27,1,mariadb_target_002642;mariadb_target_002656;mariadb_target_002660;mariadb_target_002661
mariadb_griffin_r2,mariadb,2,root/mariadb/sql/sql_select.cc:14743:0:1,/root/mariadb/sql/sql_select.cc,14743,14743,0,0,mariadb_target_002642;mariadb_target_002656;mariadb_target_002660;mariadb_target_002661
mariadb_griffin_r2,mariadb,2,root/mariadb/sql/sql_select.cc:14743:1:2,/root/mariadb/sql/sql_select.cc,14743,14743,27,1,mariadb_target_002642;mariadb_target_002656;mariadb_target_002660;mariadb_target_002661
mariadb_griffin_r2,mariadb,2,root/mariadb/sql/sql_select.cc:14743:1:3,/root/mariadb/sql/sql_select.cc,14743,14743,0,0,mariadb_target_002642;mariadb_target_002656;mariadb_target_002660;mariadb_target_002661
mariadb_griffin_r2,mariadb,2,root/mariadb/sql/sql_select.cc:14744:0:0,/root/mariadb/sql/sql_select.cc,14744,14744,27,1,mariadb_target_002642;mariadb_target_002656;mariadb_target_002660;mariadb_target_002661
mariadb_griffin_r2,mariadb,2,root/mariadb/sql/sql_select.cc:14744:0:1,/root/mariadb/sql/sql_select.cc,14744,14744,0,0,mariadb_target_002642;mariadb_target_002656;mariadb_target_002660;mariadb_target_002661
mariadb_griffin_r2,mariadb,2,root/mariadb/sql/sql_select.cc:14745:0:0,/root/mariadb/sql/sql_select.cc,14745,14745,27,1,mariadb_target_002642;mariadb_target_002656;mariadb_target_002661
mariadb_griffin_r2,mariadb,2,root/mariadb/sql/sql_select.cc:14745:0:1,/root/mariadb/sql/sql_select.cc,14745,14745,0,0,mariadb_target_002642;mariadb_target_002656;mariadb_target_002661
mariadb_griffin_r2,mariadb,2,root/mariadb/sql/sql_select.cc:14745:1:2,/root/mariadb/sql/sql_select.cc,14745,14745,26,1,mariadb_target_002642;mariadb_target_002656;mariadb_target_002661
mariadb_griffin_r2,mariadb,2,root/mariadb/sql/sql_select.cc:14745:1:3,/root/mariadb/sql/sql_select.cc,14745,14745,1,1,mariadb_target_002642;mariadb_target_002656;mariadb_target_002661
mariadb_griffin_r2,mariadb,2,root/mariadb/sql/sql_select.cc:14746:0:0,/root/mariadb/sql/sql_select.cc,14746,14746,1,1,mariadb_target_002642;mariadb_target_002656;mariadb_target_002661
mariadb_griffin_r2,mariadb,2,root/mariadb/sql/sql_select.cc:14746:0:1,/root/mariadb/sql/sql_select.cc,14746,14746,0,0,mariadb_target_002642;mariadb_target_002656;mariadb_target_002661
mariadb_griffin_r2,mariadb,2,root/mariadb/sql/sql_select.cc:14746:1:2,/root/mariadb/sql/sql_select.cc,14746,14746,0,0,mariadb_target_002642;mariadb_target_002656;mariadb_target_002661
mariadb_griffin_r2,mariadb,2,root/mariadb/sql/sql_select.cc:14746:1:3,/root/mariadb/sql/sql_select.cc,14746,14746,0,0,mariadb_target_002642;mariadb_target_002656;mariadb_target_002661
mariadb_griffin_r2,mariadb,2,root/mariadb/sql/sql_select.cc:14752:0:0,/root/mariadb/sql/sql_select.cc,14752,14752,0,0,mariadb_target_002642;mariadb_target_002656;mariadb_target_002662;mariadb_target_002663
mariadb_griffin_r2,mariadb,2,root/mariadb/sql/sql_select.cc:14752:0:1,/root/mariadb/sql/sql_select.cc,14752,14752,27,1,mariadb_target_002642;mariadb_target_002656;mariadb_target_002662;mariadb_target_002663
mariadb_griffin_r2,mariadb,2,root/mariadb/sql/sql_select.cc:14752:1:2,/root/mariadb/sql/sql_select.cc,14752,14752,0,0,mariadb_target_002642;mariadb_target_002656;mariadb_target_002662;mariadb_target_002663
mariadb_griffin_r2,mariadb,2,root/mariadb/sql/sql_select.cc:14752:1:3,/root/mariadb/sql/sql_select.cc,14752,14752,0,0,mariadb_target_002642;mariadb_target_002656;mariadb_target_002662;mariadb_target_002663
mariadb_griffin_r2,mariadb,2,root/mariadb/sql/sql_select.cc:14761:0:0,/root/mariadb/sql/sql_select.cc,14761,14761,42895,1,mariadb_target_002642;mariadb_target_002656;mariadb_target_002663;mariadb_target_002664
mariadb_griffin_r2,mariadb,2,root/mariadb/sql/sql_select.cc:14761:0:1,/root/mariadb/sql/sql_select.cc,14761,14761,0,0,mariadb_target_002642;mariadb_target_002656;mariadb_target_002663;mariadb_target_002664
mariadb_griffin_r2,mariadb,2,root/mariadb/sql/sql_select.cc:14764:0:0,/root/mariadb/sql/sql_select.cc,14764,14764,35279,1,mariadb_target_002642;mariadb_target_002656;mariadb_target_002664;mariadb_target_002665
mariadb_griffin_r2,mariadb,2,root/mariadb/sql/sql_select.cc:14764:0:1,/root/mariadb/sql/sql_select.cc,14764,14764,7616,1,mariadb_target_002642;mariadb_target_002656;mariadb_target_002664;mariadb_target_002665
mariadb_griffin_r2,mariadb,2,root/mariadb/sql/sql_select.cc:14764:1:2,/root/mariadb/sql/sql_select.cc,14764,14764,1698,1,mariadb_target_002642;mariadb_target_002656;mariadb_target_002664;mariadb_target_002665
mariadb_griffin_r2,mariadb,2,root/mariadb/sql/sql_select.cc:14764:1:3,/root/mariadb/sql/sql_select.cc,14764,14764,33581,1,mariadb_target_002642;mariadb_target_002656;mariadb_target_002664;mariadb_target_002665
mariadb_griffin_r2,mariadb,2,root/mariadb/sql/sql_select.cc:14766:0:0,/root/mariadb/sql/sql_select.cc,14766,14766,817,1,mariadb_target_002642;mariadb_target_002656;mariadb_target_002665
mariadb_griffin_r2,mariadb,2,root/mariadb/sql/sql_select.cc:14766:0:1,/root/mariadb/sql/sql_select.cc,14766,14766,881,1,mariadb_target_002642;mariadb_target_002656;mariadb_target_002665
mariadb_griffin_r2,mariadb,2,root/mariadb/sql/sql_select.cc:14767:0:0,/root/mariadb/sql/sql_select.cc,14767,14767,0,0,mariadb_target_002642;mariadb_target_002656;mariadb_target_002665
mariadb_griffin_r2,mariadb,2,root/mariadb/sql/sql_select.cc:14767:0:1,/root/mariadb/sql/sql_select.cc,14767,14767,817,1,mariadb_target_002642;mariadb_target_002656;mariadb_target_002665
mariadb_griffin_r2,mariadb,2,root/mariadb/sql/sql_select.cc:14770:0:0,/root/mariadb/sql/sql_select.cc,14770,14770,35864,1,mariadb_target_002642;mariadb_target_002656;mariadb_target_002665;mariadb_target_002666
mariadb_griffin_r2,mariadb,2,root/mariadb/sql/sql_select.cc:14770:0:1,/root/mariadb/sql/sql_select.cc,14770,14770,5333,1,mariadb_target_002642;mariadb_target_002656;mariadb_target_002665;mariadb_target_002666
mariadb_griffin_r2,mariadb,2,root/mariadb/sql/sql_select.cc:14770:1:2,/root/mariadb/sql/sql_select.cc,14770,14770,0,0,mariadb_target_002642;mariadb_target_002656;mariadb_target_002665;mariadb_target_002666
mariadb_griffin_r2,mariadb,2,root/mariadb/sql/sql_select.cc:14770:1:3,/root/mariadb/sql/sql_select.cc,14770,14770,5333,1,mariadb_target_002642;mariadb_target_002656;mariadb_target_002665;mariadb_target_002666
mariadb_griffin_r2,mariadb,2,root/mariadb/sql/sql_select.cc:14772:0:0,/root/mariadb/sql/sql_select.cc,14772,14772,838,1,mariadb_target_002642;mariadb_target_002656;mariadb_target_002665;mariadb_target_002666
mariadb_griffin_r2,mariadb,2,root/mariadb/sql/sql_select.cc:14772:0:1,/root/mariadb/sql/sql_select.cc,14772,14772,35026,1,mariadb_target_002642;mariadb_target_002656;mariadb_target_002665;mariadb_target_002666
mariadb_griffin_r2,mariadb,2,root/mariadb/sql/sql_select.cc:14773:0:0,/root/mariadb/sql/sql_select.cc,14773,14773,0,0,mariadb_target_002642;mariadb_target_002656;mariadb_target_002666
mariadb_griffin_r2,mariadb,2,root/mariadb/sql/sql_select.cc:14773:0:1,/root/mariadb/sql/sql_select.cc,14773,14773,838,1,mariadb_target_002642;mariadb_target_002656;mariadb_target_002666
mariadb_griffin_r2,mariadb,2,root/mariadb/sql/sql_select.cc:14794:0:0,/root/mariadb/sql/sql_select.cc,14794,14794,35753,1,mariadb_target_002642;mariadb_target_002656
mariadb_griffin_r2,mariadb,2,root/mariadb/sql/sql_select.cc:14794:0:1,/root/mariadb/sql/sql_select.cc,14794,14794,111,1,mariadb_target_002642;mariadb_target_002656
mariadb_griffin_r2,mariadb,2,root/mariadb/sql/sql_select.cc:14795:0:0,/root/mariadb/sql/sql_select.cc,14795,14795,35753,1,mariadb_target_002642;mariadb_target_002656
mariadb_griffin_r2,mariadb,2,root/mariadb/sql/sql_select.cc:14795:0:1,/root/mariadb/sql/sql_select.cc,14795,14795,0,0,mariadb_target_002642;mariadb_target_002656
mariadb_griffin_r2,mariadb,2,root/mariadb/sql/sql_select.cc:14796:0:0,/root/mariadb/sql/sql_select.cc,14796,14796,21591,1,mariadb_target_002642;mariadb_target_002656
mariadb_griffin_r2,mariadb,2,root/mariadb/sql/sql_select.cc:14796:0:1,/root/mariadb/sql/sql_select.cc,14796,14796,14162,1,mariadb_target_002642;mariadb_target_002656
mariadb_griffin_r2,mariadb,2,root/mariadb/sql/sql_select.cc:14796:1:2,/root/mariadb/sql/sql_select.cc,14796,14796,196,1,mariadb_target_002642;mariadb_target_002656
mariadb_griffin_r2,mariadb,2,root/mariadb/sql/sql_select.cc:14796:1:3,/root/mariadb/sql/sql_select.cc,14796,14796,21395,1,mariadb_target_002642;mariadb_target_002656
mariadb_griffin_r2,mariadb,2,root/mariadb/sql/sql_select.cc:14797:0:0,/root/mariadb/sql/sql_select.cc,14797,14797,56,1,mariadb_target_002642;mariadb_target_002656
mariadb_griffin_r2,mariadb,2,root/mariadb/sql/sql_select.cc:14797:0:1,/root/mariadb/sql/sql_select.cc,14797,14797,140,1,mariadb_target_002642;mariadb_target_002656
mariadb_griffin_r2,mariadb,2,root/mariadb/sql/sql_select.cc:14798:0:0,/root/mariadb/sql/sql_select.cc,14798,14798,799,1,mariadb_target_002642;mariadb_target_002656
mariadb_griffin_r2,mariadb,2,root/mariadb/sql/sql_select.cc:14798:0:1,/root/mariadb/sql/sql_select.cc,14798,14798,34898,1,mariadb_target_002642;mariadb_target_002656
mariadb_griffin_r2,mariadb,2,root/mariadb/sql/sql_select.cc:14798:1:2,/root/mariadb/sql/sql_select.cc,14798,14798,631,1,mariadb_target_002642;mariadb_target_002656
mariadb_griffin_r2,mariadb,2,root/mariadb/sql/sql_select.cc:14798:1:3,/root/mariadb/sql/sql_select.cc,14798,14798,168,1,mariadb_target_002642;mariadb_target_002656
mariadb_griffin_r2,mariadb,2,root/mariadb/sql/sql_select.cc:14799:0:0,/root/mariadb/sql/sql_select.cc,14799,14799,184,1,mariadb_target_002642;mariadb_target_002656
mariadb_griffin_r2,mariadb,2,root/mariadb/sql/sql_select.cc:14799:0:1,/root/mariadb/sql/sql_select.cc,14799,14799,447,1,mariadb_target_002642;mariadb_target_002656
mariadb_griffin_r2,mariadb,2,root/mariadb/sql/sql_select.cc:14801:0:0,/root/mariadb/sql/sql_select.cc,14801,14801,184,1,mariadb_target_002642;mariadb_target_002656
mariadb_griffin_r2,mariadb,2,root/mariadb/sql/sql_select.cc:14801:0:1,/root/mariadb/sql/sql_select.cc,14801,14801,0,0,mariadb_target_002642;mariadb_target_002656
mariadb_griffin_r2,mariadb,2,root/mariadb/sql/sql_select.cc:14806:0:0,/root/mariadb/sql/sql_select.cc,14806,14806,0,0,mariadb_target_002642;mariadb_target_002656;mariadb_target_002667
mariadb_griffin_r2,mariadb,2,root/mariadb/sql/sql_select.cc:14806:0:1,/root/mariadb/sql/sql_select.cc,14806,14806,240,1,mariadb_target_002642;mariadb_target_002656;mariadb_target_002667
mariadb_griffin_r2,mariadb,2,root/mariadb/sql/sql_select.cc:14817:0:0,/root/mariadb/sql/sql_select.cc,14817,14817,1,1,mariadb_target_002642;mariadb_target_002656;mariadb_target_002667
mariadb_griffin_r2,mariadb,2,root/mariadb/sql/sql_select.cc:14817:0:1,/root/mariadb/sql/sql_select.cc,14817,14817,239,1,mariadb_target_002642;mariadb_target_002656;mariadb_target_002667
mariadb_griffin_r2,mariadb,2,root/mariadb/sql/sql_select.cc:14817:1:2,/root/mariadb/sql/sql_select.cc,14817,14817,0,0,mariadb_target_002642;mariadb_target_002656;mariadb_target_002667
mariadb_griffin_r2,mariadb,2,root/mariadb/sql/sql_select.cc:14817:1:3,/root/mariadb/sql/sql_select.cc,14817,14817,1,1,mariadb_target_002642;mariadb_target_002656;mariadb_target_002667
mariadb_griffin_r2,mariadb,2,root/mariadb/sql/sql_select.cc:14829:0:0,/root/mariadb/sql/sql_select.cc,14829,14829,228,1,mariadb_target_002642;mariadb_target_002656;mariadb_target_002667
mariadb_griffin_r2,mariadb,2,root/mariadb/sql/sql_select.cc:14829:0:1,/root/mariadb/sql/sql_select.cc,14829,14829,12,1,mariadb_target_002642;mariadb_target_002656;mariadb_target_002667
mariadb_griffin_r2,mariadb,2,root/mariadb/sql/sql_select.cc:14829:1:2,/root/mariadb/sql/sql_select.cc,14829,14829,56,1,mariadb_target_002642;mariadb_target_002656;mariadb_target_002667
mariadb_griffin_r2,mariadb,2,root/mariadb/sql/sql_select.cc:14829:1:3,/root/mariadb/sql/sql_select.cc,14829,14829,172,1,mariadb_target_002642;mariadb_target_002656;mariadb_target_002667
mariadb_griffin_r2,mariadb,2,root/mariadb/sql/sql_select.cc:14833:0:0,/root/mariadb/sql/sql_select.cc,14833,14833,0,0,mariadb_target_002642;mariadb_target_002656;mariadb_target_002667
mariadb_griffin_r2,mariadb,2,root/mariadb/sql/sql_select.cc:14833:0:1,/root/mariadb/sql/sql_select.cc,14833,14833,240,1,mariadb_target_002642;mariadb_target_002656;mariadb_target_002667
mariadb_griffin_r2,mariadb,2,root/mariadb/sql/sql_select.cc:14836:0:0,/root/mariadb/sql/sql_select.cc,14836,14836,0,0,mariadb_target_002642;mariadb_target_002656;mariadb_target_002667
mariadb_griffin_r2,mariadb,2,root/mariadb/sql/sql_select.cc:14836:0:1,/root/mariadb/sql/sql_select.cc,14836,14836,240,1,mariadb_target_002642;mariadb_target_002656;mariadb_target_002667
mariadb_griffin_r2,mariadb,2,root/mariadb/sql/sql_select.cc:14850:0:0,/root/mariadb/sql/sql_select.cc,14850,14850,0,0,mariadb_target_002642;mariadb_target_002656;mariadb_target_002667
mariadb_griffin_r2,mariadb,2,root/mariadb/sql/sql_select.cc:14850:0:1,/root/mariadb/sql/sql_select.cc,14850,14850,0,0,mariadb_target_002642;mariadb_target_002656;mariadb_target_002667
mariadb_griffin_r2,mariadb,2,root/mariadb/sql/sql_select.cc:14851:0:0,/root/mariadb/sql/sql_select.cc,14851,14851,0,0,mariadb_target_002642;mariadb_target_002656;mariadb_target_002667
mariadb_griffin_r2,mariadb,2,root/mariadb/sql/sql_select.cc:14851:0:1,/root/mariadb/sql/sql_select.cc,14851,14851,0,0,mariadb_target_002642;mariadb_target_002656;mariadb_target_002667
mariadb_griffin_r2,mariadb,2,root/mariadb/sql/sql_select.cc:14853:0:0,/root/mariadb/sql/sql_select.cc,14853,14853,0,0,mariadb_target_002642;mariadb_target_002656;mariadb_target_002667
mariadb_griffin_r2,mariadb,2,root/mariadb/sql/sql_select.cc:14853:0:1,/root/mariadb/sql/sql_select.cc,14853,14853,0,0,mariadb_target_002642;mariadb_target_002656;mariadb_target_002667
mariadb_griffin_r2,mariadb,2,root/mariadb/sql/sql_select.cc:14865:0:0,/root/mariadb/sql/sql_select.cc,14865,14865,0,0,mariadb_target_002642;mariadb_target_002656;mariadb_target_002667
mariadb_griffin_r2,mariadb,2,root/mariadb/sql/sql_select.cc:14865:0:1,/root/mariadb/sql/sql_select.cc,14865,14865,240,1,mariadb_target_002642;mariadb_target_002656;mariadb_target_002667
mariadb_griffin_r2,mariadb,2,root/mariadb/sql/sql_select.cc:14869:0:0,/root/mariadb/sql/sql_select.cc,14869,14869,1,1,mariadb_target_002642;mariadb_target_002656;mariadb_target_002667
mariadb_griffin_r2,mariadb,2,root/mariadb/sql/sql_select.cc:14869:0:1,/root/mariadb/sql/sql_select.cc,14869,14869,239,1,mariadb_target_002642;mariadb_target_002656;mariadb_target_002667
mariadb_griffin_r2,mariadb,2,root/mariadb/sql/sql_select.cc:14873:0:0,/root/mariadb/sql/sql_select.cc,14873,14873,0,0,mariadb_target_002642;mariadb_target_002656;mariadb_target_002667
mariadb_griffin_r2,mariadb,2,root/mariadb/sql/sql_select.cc:14873:0:1,/root/mariadb/sql/sql_select.cc,14873,14873,1,1,mariadb_target_002642;mariadb_target_002656;mariadb_target_002667
mariadb_griffin_r2,mariadb,2,root/mariadb/sql/sql_select.cc:14885:0:0,/root/mariadb/sql/sql_select.cc,14885,14885,0,0,mariadb_target_002642;mariadb_target_002656;mariadb_target_002667
mariadb_griffin_r2,mariadb,2,root/mariadb/sql/sql_select.cc:14885:0:1,/root/mariadb/sql/sql_select.cc,14885,14885,239,1,mariadb_target_002642;mariadb_target_002656;mariadb_target_002667
mariadb_griffin_r2,mariadb,2,root/mariadb/sql/sql_select.cc:14894:0:0,/root/mariadb/sql/sql_select.cc,14894,14894,25,1,mariadb_target_002642;mariadb_target_002656;mariadb_target_002668;mariadb_target_002669
mariadb_griffin_r2,mariadb,2,root/mariadb/sql/sql_select.cc:14894:0:1,/root/mariadb/sql/sql_select.cc,14894,14894,35839,1,mariadb_target_002642;mariadb_target_002656;mariadb_target_002668;mariadb_target_002669
mariadb_griffin_r2,mariadb,2,root/mariadb/sql/sql_select.cc:14895:0:0,/root/mariadb/sql/sql_select.cc,14895,14895,0,0,mariadb_target_002642;mariadb_target_002656;mariadb_target_002668;mariadb_target_002669
mariadb_griffin_r2,mariadb,2,root/mariadb/sql/sql_select.cc:14895:0:1,/root/mariadb/sql/sql_select.cc,14895,14895,35839,1,mariadb_target_002642;mariadb_target_002656;mariadb_target_002668;mariadb_target_002669
mariadb_griffin_r2,mariadb,2,root/mariadb/sql/sql_select.cc:14909:0:0,/root/mariadb/sql/sql_select.cc,14909,14909,0,0,mariadb_target_002642;mariadb_target_002656;mariadb_target_002670;mariadb_target_002671;mariadb_target_002672
mariadb_griffin_r2,mariadb,2,root/mariadb/sql/sql_select.cc:14909:0:1,/root/mariadb/sql/sql_select.cc,14909,14909,25,1,mariadb_target_002642;mariadb_target_002656;mariadb_target_002670;mariadb_target_002671;mariadb_target_002672
mariadb_griffin_r2,mariadb,2,root/mariadb/sql/sql_select.cc:14910:0:0,/root/mariadb/sql/sql_select.cc,14910,14910,0,0,mariadb_target_002642;mariadb_target_002656;mariadb_target_002670;mariadb_target_002671;mariadb_target_002672
mariadb_griffin_r2,mariadb,2,root/mariadb/sql/sql_select.cc:14910:0:1,/root/mariadb/sql/sql_select.cc,14910,14910,0,0,mariadb_target_002642;mariadb_target_002656;mariadb_target_002670;mariadb_target_002671;mariadb_target_002672
mariadb_griffin_r2,mariadb,2,root/mariadb/sql/sql_select.cc:14911:0:0,/root/mariadb/sql/sql_select.cc,14911,14911,0,0,mariadb_target_002642;mariadb_target_002656;mariadb_target_002670;mariadb_target_002671;mariadb_target_002672
mariadb_griffin_r2,mariadb,2,root/mariadb/sql/sql_select.cc:14911:0:1,/root/mariadb/sql/sql_select.cc,14911,14911,0,0,mariadb_target_002642;mariadb_target_002656;mariadb_target_002670;mariadb_target_002671;mariadb_target_002672
mariadb_griffin_r2,mariadb,2,root/mariadb/sql/sql_select.cc:14912:0:0,/root/mariadb/sql/sql_select.cc,14912,14912,0,0,mariadb_target_002642;mariadb_target_002656;mariadb_target_002670;mariadb_target_002671;mariadb_target_002672
mariadb_griffin_r2,mariadb,2,root/mariadb/sql/sql_select.cc:14912:0:1,/root/mariadb/sql/sql_select.cc,14912,14912,0,0,mariadb_target_002642;mariadb_target_002656;mariadb_target_002670;mariadb_target_002671;mariadb_target_002672
mariadb_griffin_r2,mariadb,2,root/mariadb/sql/sql_select.cc:14918:0:0,/root/mariadb/sql/sql_select.cc,14918,14918,2283,1,mariadb_target_002642;mariadb_target_002656;mariadb_target_002672
mariadb_griffin_r2,mariadb,2,root/mariadb/sql/sql_select.cc:14918:0:1,/root/mariadb/sql/sql_select.cc,14918,14918,33581,1,mariadb_target_002642;mariadb_target_002656;mariadb_target_002672
mariadb_griffin_r2,mariadb,2,root/mariadb/sql/sql_select.cc:14918:1:2,/root/mariadb/sql/sql_select.cc,14918,14918,2283,1,mariadb_target_002642;mariadb_target_002656;mariadb_target_002672
mariadb_griffin_r2,mariadb,2,root/mariadb/sql/sql_select.cc:14918:1:3,/root/mariadb/sql/sql_select.cc,14918,14918,0,0,mariadb_target_002642;mariadb_target_002656;mariadb_target_002672
mariadb_griffin_r2,mariadb,2,root/mariadb/sql/sql_select.cc:14919:0:0,/root/mariadb/sql/sql_select.cc,14919,14919,2283,1,mariadb_target_002642;mariadb_target_002656
mariadb_griffin_r2,mariadb,2,root/mariadb/sql/sql_select.cc:14919:0:1,/root/mariadb/sql/sql_select.cc,14919,14919,0,0,mariadb_target_002642;mariadb_target_002656
mariadb_griffin_r2,mariadb,2,root/mariadb/sql/sql_select.cc:14928:0:0,/root/mariadb/sql/sql_select.cc,14928,14928,0,0,mariadb_target_002642;mariadb_target_002656
mariadb_griffin_r2,mariadb,2,root/mariadb/sql/sql_select.cc:14928:0:1,/root/mariadb/sql/sql_select.cc,14928,14928,2283,1,mariadb_target_002642;mariadb_target_002656
mariadb_griffin_r2,mariadb,2,root/mariadb/sql/sql_select.cc:14953:0:0,/root/mariadb/sql/sql_select.cc,14953,14953,248,1,mariadb_target_002642
mariadb_griffin_r2,mariadb,2,root/mariadb/sql/sql_select.cc:14953:0:1,/root/mariadb/sql/sql_select.cc,14953,14953,45396,1,mariadb_target_002642
mariadb_griffin_r2,mariadb,2,root/mariadb/sql/sql_select.cc:14956:0:0,/root/mariadb/sql/sql_select.cc,14956,14956,248,1,mariadb_target_002642
mariadb_griffin_r2,mariadb,2,root/mariadb/sql/sql_select.cc:14956:0:1,/root/mariadb/sql/sql_select.cc,14956,14956,45396,1,mariadb_target_002642
mariadb_griffin_r2,mariadb,2,root/mariadb/sql/sql_select.cc:14960:0:0,/root/mariadb/sql/sql_select.cc,14960,14960,90076,1,mariadb_target_002642
mariadb_griffin_r2,mariadb,2,root/mariadb/sql/sql_select.cc:14960:0:1,/root/mariadb/sql/sql_select.cc,14960,14960,45644,1,mariadb_target_002642
mariadb_griffin_r2,mariadb,2,root/mariadb/sql/sql_select.cc:14963:0:0,/root/mariadb/sql/sql_select.cc,14963,14963,0,0,mariadb_target_002642
mariadb_griffin_r2,mariadb,2,root/mariadb/sql/sql_select.cc:14963:0:1,/root/mariadb/sql/sql_select.cc,14963,14963,90076,1,mariadb_target_002642
mariadb_griffin_r2,mariadb,2,root/mariadb/sql/sql_select.cc:14969:0:0,/root/mariadb/sql/sql_select.cc,14969,14969,0,0,mariadb_target_002642
mariadb_griffin_r2,mariadb,2,root/mariadb/sql/sql_select.cc:14969:0:1,/root/mariadb/sql/sql_select.cc,14969,14969,0,0,mariadb_target_002642
mariadb_griffin_r2,mariadb,2,root/mariadb/sql/sql_select.cc:14971:0:0,/root/mariadb/sql/sql_select.cc,14971,14971,0,0,mariadb_target_002642
mariadb_griffin_r2,mariadb,2,root/mariadb/sql/sql_select.cc:14971:0:1,/root/mariadb/sql/sql_select.cc,14971,14971,0,0,mariadb_target_002642
mariadb_griffin_r2,mariadb,2,root/mariadb/sql/sql_select.cc:14977:0:0,/root/mariadb/sql/sql_select.cc,14977,14977,0,0,mariadb_target_002642
mariadb_griffin_r2,mariadb,2,root/mariadb/sql/sql_select.cc:14977:0:1,/root/mariadb/sql/sql_select.cc,14977,14977,0,0,mariadb_target_002642
mariadb_griffin_r2,mariadb,2,root/mariadb/sql/sql_select.cc:14980:0:0,/root/mariadb/sql/sql_select.cc,14980,14980,0,0,mariadb_target_002642
mariadb_griffin_r2,mariadb,2,root/mariadb/sql/sql_select.cc:14980:0:1,/root/mariadb/sql/sql_select.cc,14980,14980,0,0,mariadb_target_002642
mariadb_griffin_r2,mariadb,2,root/mariadb/sql/sql_select.cc:14983:0:0,/root/mariadb/sql/sql_select.cc,14983,14983,0,0,mariadb_target_002642
mariadb_griffin_r2,mariadb,2,root/mariadb/sql/sql_select.cc:14983:0:1,/root/mariadb/sql/sql_select.cc,14983,14983,0,0,mariadb_target_002642
mariadb_griffin_r2,mariadb,2,root/mariadb/sql/sql_select.cc:14987:0:0,/root/mariadb/sql/sql_select.cc,14987,14987,0,0,mariadb_target_002642
mariadb_griffin_r2,mariadb,2,root/mariadb/sql/sql_select.cc:14987:0:1,/root/mariadb/sql/sql_select.cc,14987,14987,0,0,mariadb_target_002642
mariadb_griffin_r2,mariadb,2,root/mariadb/sql/sql_select.cc:15000:0:0,/root/mariadb/sql/sql_select.cc,15000,15000,0,0,mariadb_target_002642
mariadb_griffin_r2,mariadb,2,root/mariadb/sql/sql_select.cc:15000:0:1,/root/mariadb/sql/sql_select.cc,15000,15000,45644,1,mariadb_target_002642
mariadb_griffin_r2,mariadb,2,root/mariadb/sql/sql_select.cc:15000:1:2,/root/mariadb/sql/sql_select.cc,15000,15000,0,0,mariadb_target_002642
mariadb_griffin_r2,mariadb,2,root/mariadb/sql/sql_select.cc:15000:1:3,/root/mariadb/sql/sql_select.cc,15000,15000,0,0,mariadb_target_002642
mariadb_griffin_r2,mariadb,2,root/mariadb/sql/sql_select.cc:15011:0:0,/root/mariadb/sql/sql_select.cc,15011,15011,0,0,mariadb_target_002642
mariadb_griffin_r2,mariadb,2,root/mariadb/sql/sql_select.cc:15011:0:1,/root/mariadb/sql/sql_select.cc,15011,15011,0,0,mariadb_target_002642
mariadb_griffin_r2,mariadb,2,root/mariadb/sql/sql_select.cc:15015:0:0,/root/mariadb/sql/sql_select.cc,15015,15015,0,0,mariadb_target_002642
mariadb_griffin_r2,mariadb,2,root/mariadb/sql/sql_select.cc:15015:0:1,/root/mariadb/sql/sql_select.cc,15015,15015,0,0,mariadb_target_002642
mariadb_griffin_r2,mariadb,2,root/mariadb/sql/sql_select.cc:15028:0:0,/root/mariadb/sql/sql_select.cc,15028,15028,0,0,mariadb_target_002642;mariadb_target_002673
mariadb_griffin_r2,mariadb,2,root/mariadb/sql/sql_select.cc:15028:0:1,/root/mariadb/sql/sql_select.cc,15028,15028,0,0,mariadb_target_002642;mariadb_target_002673
mariadb_griffin_r2,mariadb,2,root/mariadb/sql/sql_select.cc:15028:1:2,/root/mariadb/sql/sql_select.cc,15028,15028,0,0,mariadb_target_002642;mariadb_target_002673
mariadb_griffin_r2,mariadb,2,root/mariadb/sql/sql_select.cc:15028:1:3,/root/mariadb/sql/sql_select.cc,15028,15028,0,0,mariadb_target_002642;mariadb_target_002673
mariadb_griffin_r2,mariadb,2,root/mariadb/sql/sql_select.cc:15030:0:0,/root/mariadb/sql/sql_select.cc,15030,15030,0,0,mariadb_target_002642;mariadb_target_002673
mariadb_griffin_r2,mariadb,2,root/mariadb/sql/sql_select.cc:15030:0:1,/root/mariadb/sql/sql_select.cc,15030,15030,0,0,mariadb_target_002642;mariadb_target_002673
mariadb_griffin_r2,mariadb,2,root/mariadb/sql/sql_select.cc:15043:0:0,/root/mariadb/sql/sql_select.cc,15043,15043,0,0,mariadb_target_002642;mariadb_target_002673
mariadb_griffin_r2,mariadb,2,root/mariadb/sql/sql_select.cc:15043:0:1,/root/mariadb/sql/sql_select.cc,15043,15043,0,0,mariadb_target_002642;mariadb_target_002673
mariadb_griffin_r2,mariadb,2,root/mariadb/sql/sql_select.cc:15045:0:0,/root/mariadb/sql/sql_select.cc,15045,15045,0,0,mariadb_target_002642;mariadb_target_002673
mariadb_griffin_r2,mariadb,2,root/mariadb/sql/sql_select.cc:15045:0:1,/root/mariadb/sql/sql_select.cc,15045,15045,0,0,mariadb_target_002642;mariadb_target_002673
mariadb_griffin_r2,mariadb,2,root/mariadb/sql/sql_select.cc:15049:0:0,/root/mariadb/sql/sql_select.cc,15049,15049,0,0,mariadb_target_002642;mariadb_target_002673
mariadb_griffin_r2,mariadb,2,root/mariadb/sql/sql_select.cc:15049:0:1,/root/mariadb/sql/sql_select.cc,15049,15049,0,0,mariadb_target_002642;mariadb_target_002673
mariadb_griffin_r2,mariadb,2,root/mariadb/sql/sql_select.cc:15074:0:0,/root/mariadb/sql/sql_select.cc,15074,15074,0,0,mariadb_target_002642;mariadb_target_002673
mariadb_griffin_r2,mariadb,2,root/mariadb/sql/sql_select.cc:15074:0:1,/root/mariadb/sql/sql_select.cc,15074,15074,0,0,mariadb_target_002642;mariadb_target_002673
mariadb_griffin_r2,mariadb,2,root/mariadb/sql/sql_select.cc:15074:1:2,/root/mariadb/sql/sql_select.cc,15074,15074,0,0,mariadb_target_002642;mariadb_target_002673
mariadb_griffin_r2,mariadb,2,root/mariadb/sql/sql_select.cc:15074:1:3,/root/mariadb/sql/sql_select.cc,15074,15074,0,0,mariadb_target_002642;mariadb_target_002673
mariadb_griffin_r2,mariadb,2,root/mariadb/sql/sql_select.cc:15078:0:0,/root/mariadb/sql/sql_select.cc,15078,15078,0,0,mariadb_target_002642;mariadb_target_002673
mariadb_griffin_r2,mariadb,2,root/mariadb/sql/sql_select.cc:15078:0:1,/root/mariadb/sql/sql_select.cc,15078,15078,0,0,mariadb_target_002642;mariadb_target_002673
mariadb_griffin_r2,mariadb,2,root/mariadb/sql/sql_select.cc:15078:1:2,/root/mariadb/sql/sql_select.cc,15078,15078,0,0,mariadb_target_002642;mariadb_target_002673
mariadb_griffin_r2,mariadb,2,root/mariadb/sql/sql_select.cc:15078:1:3,/root/mariadb/sql/sql_select.cc,15078,15078,0,0,mariadb_target_002642;mariadb_target_002673
mariadb_griffin_r2,mariadb,2,root/mariadb/sql/sql_select.cc:15079:0:0,/root/mariadb/sql/sql_select.cc,15079,15079,0,0,mariadb_target_002642;mariadb_target_002673
mariadb_griffin_r2,mariadb,2,root/mariadb/sql/sql_select.cc:15079:0:1,/root/mariadb/sql/sql_select.cc,15079,15079,0,0,mariadb_target_002642;mariadb_target_002673
mariadb_griffin_r2,mariadb,2,root/mariadb/sql/sql_select.cc:15081:0:0,/root/mariadb/sql/sql_select.cc,15081,15081,0,0,mariadb_target_002642;mariadb_target_002673
mariadb_griffin_r2,mariadb,2,root/mariadb/sql/sql_select.cc:15081:0:1,/root/mariadb/sql/sql_select.cc,15081,15081,0,0,mariadb_target_002642;mariadb_target_002673
mariadb_griffin_r2,mariadb,2,root/mariadb/sql/sql_select.cc:15081:1:2,/root/mariadb/sql/sql_select.cc,15081,15081,0,0,mariadb_target_002642;mariadb_target_002673
mariadb_griffin_r2,mariadb,2,root/mariadb/sql/sql_select.cc:15081:1:3,/root/mariadb/sql/sql_select.cc,15081,15081,0,0,mariadb_target_002642;mariadb_target_002673
mariadb_griffin_r2,mariadb,2,root/mariadb/sql/sql_select.cc:15083:0:0,/root/mariadb/sql/sql_select.cc,15083,15083,0,0,mariadb_target_002642;mariadb_target_002673
mariadb_griffin_r2,mariadb,2,root/mariadb/sql/sql_select.cc:15083:0:1,/root/mariadb/sql/sql_select.cc,15083,15083,0,0,mariadb_target_002642;mariadb_target_002673
mariadb_griffin_r2,mariadb,2,root/mariadb/sql/sql_select.cc:15085:0:0,/root/mariadb/sql/sql_select.cc,15085,15085,0,0,mariadb_target_002642;mariadb_target_002673
mariadb_griffin_r2,mariadb,2,root/mariadb/sql/sql_select.cc:15085:0:1,/root/mariadb/sql/sql_select.cc,15085,15085,0,0,mariadb_target_002642;mariadb_target_002673
mariadb_griffin_r2,mariadb,2,root/mariadb/sql/sql_select.cc:15092:0:0,/root/mariadb/sql/sql_select.cc,15092,15092,0,0,mariadb_target_002642;mariadb_target_002673
mariadb_griffin_r2,mariadb,2,root/mariadb/sql/sql_select.cc:15092:0:1,/root/mariadb/sql/sql_select.cc,15092,15092,0,0,mariadb_target_002642;mariadb_target_002673
mariadb_griffin_r2,mariadb,2,root/mariadb/sql/sql_select.cc:15107:0:0,/root/mariadb/sql/sql_select.cc,15107,15107,0,0,mariadb_target_002642;mariadb_target_002673
mariadb_griffin_r2,mariadb,2,root/mariadb/sql/sql_select.cc:15107:0:1,/root/mariadb/sql/sql_select.cc,15107,15107,0,0,mariadb_target_002642;mariadb_target_002673
mariadb_griffin_r2,mariadb,2,root/mariadb/sql/sql_select.cc:15111:0:0,/root/mariadb/sql/sql_select.cc,15111,15111,0,0,mariadb_target_002642;mariadb_target_002673
mariadb_griffin_r2,mariadb,2,root/mariadb/sql/sql_select.cc:15111:0:1,/root/mariadb/sql/sql_select.cc,15111,15111,0,0,mariadb_target_002642;mariadb_target_002673
mariadb_griffin_r2,mariadb,2,root/mariadb/sql/sql_select.cc:15116:0:0,/root/mariadb/sql/sql_select.cc,15116,15116,0,0,mariadb_target_002642;mariadb_target_002673
mariadb_griffin_r2,mariadb,2,root/mariadb/sql/sql_select.cc:15116:0:1,/root/mariadb/sql/sql_select.cc,15116,15116,0,0,mariadb_target_002642;mariadb_target_002673
mariadb_griffin_r2,mariadb,2,root/mariadb/sql/sql_select.cc:15120:0:0,/root/mariadb/sql/sql_select.cc,15120,15120,0,0,mariadb_target_002642;mariadb_target_002673
mariadb_griffin_r2,mariadb,2,root/mariadb/sql/sql_select.cc:15120:0:1,/root/mariadb/sql/sql_select.cc,15120,15120,0,0,mariadb_target_002642;mariadb_target_002673
mariadb_griffin_r2,mariadb,2,root/mariadb/sql/sql_select.cc:15126:0:0,/root/mariadb/sql/sql_select.cc,15126,15126,45564,1,mariadb_target_002642
mariadb_griffin_r2,mariadb,2,root/mariadb/sql/sql_select.cc:15126:0:1,/root/mariadb/sql/sql_select.cc,15126,15126,80,1,mariadb_target_002642
mariadb_griffin_r2,mariadb,2,root/mariadb/sql/sql_select.cc:15135:0:0,/root/mariadb/sql/sql_select.cc,15135,15135,0,0,mariadb_target_002674
mariadb_griffin_r2,mariadb,2,root/mariadb/sql/sql_select.cc:15135:0:1,/root/mariadb/sql/sql_select.cc,15135,15135,0,0,mariadb_target_002674
mariadb_griffin_r2,mariadb,2,root/mariadb/sql/sql_select.cc:15138:0:0,/root/mariadb/sql/sql_select.cc,15138,15138,0,0,mariadb_target_002674
mariadb_griffin_r2,mariadb,2,root/mariadb/sql/sql_select.cc:15138:0:1,/root/mariadb/sql/sql_select.cc,15138,15138,0,0,mariadb_target_002674
mariadb_griffin_r2,mariadb,2,root/mariadb/sql/sql_select.cc:15426:0:0,/root/mariadb/sql/sql_select.cc,15426,15426,95670,1,mariadb_target_000966;mariadb_target_002677
mariadb_griffin_r2,mariadb,2,root/mariadb/sql/sql_select.cc:15426:0:1,/root/mariadb/sql/sql_select.cc,15426,15426,93924,1,mariadb_target_000966;mariadb_target_002677
mariadb_griffin_r2,mariadb,2,root/mariadb/sql/sql_select.cc:15496:0:0,/root/mariadb/sql/sql_select.cc,15496,15496,430,1,mariadb_target_000968;mariadb_target_002679
mariadb_griffin_r2,mariadb,2,root/mariadb/sql/sql_select.cc:15496:0:1,/root/mariadb/sql/sql_select.cc,15496,15496,45717,1,mariadb_target_000968;mariadb_target_002679
mariadb_griffin_r2,mariadb,2,root/mariadb/sql/sql_select.cc:15523:0:0,/root/mariadb/sql/sql_select.cc,15523,15523,0,0,mariadb_target_002680
mariadb_griffin_r2,mariadb,2,root/mariadb/sql/sql_select.cc:15523:0:1,/root/mariadb/sql/sql_select.cc,15523,15523,430,1,mariadb_target_002680
mariadb_griffin_r2,mariadb,2,root/mariadb/sql/sql_select.cc:15523:1:2,/root/mariadb/sql/sql_select.cc,15523,15523,0,0,mariadb_target_002680
mariadb_griffin_r2,mariadb,2,root/mariadb/sql/sql_select.cc:15523:1:3,/root/mariadb/sql/sql_select.cc,15523,15523,0,0,mariadb_target_002680
mariadb_griffin_r2,mariadb,2,root/mariadb/sql/sql_select.cc:16389:0:0,/root/mariadb/sql/sql_select.cc,16389,16389,248,1,mariadb_target_002682
mariadb_griffin_r2,mariadb,2,root/mariadb/sql/sql_select.cc:16389:0:1,/root/mariadb/sql/sql_select.cc,16389,16389,45396,1,mariadb_target_002682
mariadb_griffin_r2,mariadb,2,root/mariadb/sql/sql_select.cc:16389:1:2,/root/mariadb/sql/sql_select.cc,16389,16389,80,1,mariadb_target_002682
mariadb_griffin_r2,mariadb,2,root/mariadb/sql/sql_select.cc:16389:1:3,/root/mariadb/sql/sql_select.cc,16389,16389,168,1,mariadb_target_002682
mariadb_griffin_r2,mariadb,2,root/mariadb/sql/sql_select.cc:16395:0:0,/root/mariadb/sql/sql_select.cc,16395,16395,8572,1,mariadb_target_002682
mariadb_griffin_r2,mariadb,2,root/mariadb/sql/sql_select.cc:16395:0:1,/root/mariadb/sql/sql_select.cc,16395,16395,37072,1,mariadb_target_002682
mariadb_griffin_r2,mariadb,2,root/mariadb/sql/sql_select.cc:16397:0:0,/root/mariadb/sql/sql_select.cc,16397,16397,45564,1,mariadb_target_002682
mariadb_griffin_r2,mariadb,2,root/mariadb/sql/sql_select.cc:16397:0:1,/root/mariadb/sql/sql_select.cc,16397,16397,80,1,mariadb_target_002682
mariadb_griffin_r2,mariadb,2,root/mariadb/sql/sql_select.cc:16411:0:0,/root/mariadb/sql/sql_select.cc,16411,16411,0,0,mariadb_target_002683
mariadb_griffin_r2,mariadb,2,root/mariadb/sql/sql_select.cc:16411:0:1,/root/mariadb/sql/sql_select.cc,16411,16411,80,1,mariadb_target_002683
mariadb_griffin_r2,mariadb,2,root/mariadb/sql/sql_select.cc:16466:0:0,/root/mariadb/sql/sql_select.cc,16466,16466,214,1,mariadb_target_002685;mariadb_target_002686
mariadb_griffin_r2,mariadb,2,root/mariadb/sql/sql_select.cc:16466:0:1,/root/mariadb/sql/sql_select.cc,16466,16466,45430,1,mariadb_target_002685;mariadb_target_002686
mariadb_griffin_r2,mariadb,2,root/mariadb/sql/sql_select.cc:16467:0:0,/root/mariadb/sql/sql_select.cc,16467,16467,3908,1,mariadb_target_002685;mariadb_target_002686
mariadb_griffin_r2,mariadb,2,root/mariadb/sql/sql_select.cc:16467:0:1,/root/mariadb/sql/sql_select.cc,16467,16467,41736,1,mariadb_target_002685;mariadb_target_002686
mariadb_griffin_r2,mariadb,2,root/mariadb/sql/sql_select.cc:16468:0:0,/root/mariadb/sql/sql_select.cc,16468,16468,4122,1,mariadb_target_002685;mariadb_target_002686;mariadb_target_002687
mariadb_griffin_r2,mariadb,2,root/mariadb/sql/sql_select.cc:16468:0:1,/root/mariadb/sql/sql_select.cc,16468,16468,0,0,mariadb_target_002685;mariadb_target_002686;mariadb_target_002687
mariadb_griffin_r2,mariadb,2,root/mariadb/sql/sql_select.cc:16475:0:0,/root/mariadb/sql/sql_select.cc,16475,16475,0,0,mariadb_target_002685;mariadb_target_002686;mariadb_target_002687;mariadb_target_002688;mariadb_target_002689
mariadb_griffin_r2,mariadb,2,root/mariadb/sql/sql_select.cc:16475:0:1,/root/mariadb/sql/sql_select.cc,16475,16475,4122,1,mariadb_target_002685;mariadb_target_002686;mariadb_target_002687;mariadb_target_002688;mariadb_target_002689
mariadb_griffin_r2,mariadb,2,root/mariadb/sql/sql_select.cc:16475:1:2,/root/mariadb/sql/sql_select.cc,16475,16475,0,0,mariadb_target_002685;mariadb_target_002686;mariadb_target_002687;mariadb_target_002688;mariadb_target_002689
mariadb_griffin_r2,mariadb,2,root/mariadb/sql/sql_select.cc:16475:1:3,/root/mariadb/sql/sql_select.cc,16475,16475,0,0,mariadb_target_002685;mariadb_target_002686;mariadb_target_002687;mariadb_target_002688;mariadb_target_002689
mariadb_griffin_r2,mariadb,2,root/mariadb/sql/sql_select.cc:16476:0:0,/root/mariadb/sql/sql_select.cc,16476,16476,4122,1,mariadb_target_002686;mariadb_target_002687;mariadb_target_002688;mariadb_target_002689
mariadb_griffin_r2,mariadb,2,root/mariadb/sql/sql_select.cc:16476:0:1,/root/mariadb/sql/sql_select.cc,16476,16476,0,0,mariadb_target_002686;mariadb_target_002687;mariadb_target_002688;mariadb_target_002689
mariadb_griffin_r2,mariadb,2,root/mariadb/sql/sql_select.cc:16476:1:2,/root/mariadb/sql/sql_select.cc,16476,16476,0,0,mariadb_target_002686;mariadb_target_002687;mariadb_target_002688;mariadb_target_002689
mariadb_griffin_r2,mariadb,2,root/mariadb/sql/sql_select.cc:16476:1:3,/root/mariadb/sql/sql_select.cc,16476,16476,0,0,mariadb_target_002686;mariadb_target_002687;mariadb_target_002688;mariadb_target_002689
mariadb_griffin_r2,mariadb,2,root/mariadb/sql/sql_select.cc:16476:2:4,/root/mariadb/sql/sql_select.cc,16476,16476,3910,1,mariadb_target_002686;mariadb_target_002687;mariadb_target_002688;mariadb_target_002689
mariadb_griffin_r2,mariadb,2,root/mariadb/sql/sql_select.cc:16476:2:5,/root/mariadb/sql/sql_select.cc,16476,16476,212,1,mariadb_target_002686;mariadb_target_002687;mariadb_target_002688;mariadb_target_002689
mariadb_griffin_r2,mariadb,2,root/mariadb/sql/sql_select.cc:16479:0:0,/root/mariadb/sql/sql_select.cc,16479,16479,0,0,mariadb_target_002688;mariadb_target_002689
mariadb_griffin_r2,mariadb,2,root/mariadb/sql/sql_select.cc:16479:0:1,/root/mariadb/sql/sql_select.cc,16479,16479,45644,1,mariadb_target_002688;mariadb_target_002689
mariadb_griffin_r2,mariadb,2,root/mariadb/sql/sql_select.cc:16481:0:0,/root/mariadb/sql/sql_select.cc,16481,16481,0,0,mariadb_target_002689
mariadb_griffin_r2,mariadb,2,root/mariadb/sql/sql_select.cc:16481:0:1,/root/mariadb/sql/sql_select.cc,16481,16481,0,0,mariadb_target_002689
mariadb_griffin_r2,mariadb,2,root/mariadb/sql/sql_select.cc:16490:0:0,/root/mariadb/sql/sql_select.cc,16490,16490,0,0,mariadb_target_002690;mariadb_target_002691
mariadb_griffin_r2,mariadb,2,root/mariadb/sql/sql_select.cc:16490:0:1,/root/mariadb/sql/sql_select.cc,16490,16490,0,0,mariadb_target_002690;mariadb_target_002691
mariadb_griffin_r2,mariadb,2,root/mariadb/sql/sql_select.cc:16507:0:0,/root/mariadb/sql/sql_select.cc,16507,16507,37145,1,mariadb_target_002692
mariadb_griffin_r2,mariadb,2,root/mariadb/sql/sql_select.cc:16507:0:1,/root/mariadb/sql/sql_select.cc,16507,16507,8499,1,mariadb_target_002692
mariadb_griffin_r2,mariadb,2,root/mariadb/sql/sql_select.cc:16508:0:0,/root/mariadb/sql/sql_select.cc,16508,16508,0,0,mariadb_target_002692
mariadb_griffin_r2,mariadb,2,root/mariadb/sql/sql_select.cc:16508:0:1,/root/mariadb/sql/sql_select.cc,16508,16508,45644,1,mariadb_target_002692
mariadb_griffin_r2,mariadb,2,root/mariadb/sql/sql_select.cc:16509:0:0,/root/mariadb/sql/sql_select.cc,16509,16509,0,0,mariadb_target_002692
mariadb_griffin_r2,mariadb,2,root/mariadb/sql/sql_select.cc:16509:0:1,/root/mariadb/sql/sql_select.cc,16509,16509,45644,1,mariadb_target_002692
mariadb_griffin_r2,mariadb,2,root/mariadb/sql/sql_select.cc:16511:0:0,/root/mariadb/sql/sql_select.cc,16511,16511,35864,1,mariadb_target_002692
mariadb_griffin_r2,mariadb,2,root/mariadb/sql/sql_select.cc:16511:0:1,/root/mariadb/sql/sql_select.cc,16511,16511,1281,1,mariadb_target_002692
mariadb_griffin_r2,mariadb,2,root/mariadb/sql/sql_select.cc:16511:1:2,/root/mariadb/sql/sql_select.cc,16511,16511,26,1,mariadb_target_002692
mariadb_griffin_r2,mariadb,2,root/mariadb/sql/sql_select.cc:16511:1:3,/root/mariadb/sql/sql_select.cc,16511,16511,35838,1,mariadb_target_002692
mariadb_griffin_r2,mariadb,2,root/mariadb/sql/sql_select.cc:16528:0:0,/root/mariadb/sql/sql_select.cc,16528,16528,37145,1,mariadb_target_002693
mariadb_griffin_r2,mariadb,2,root/mariadb/sql/sql_select.cc:16528:0:1,/root/mariadb/sql/sql_select.cc,16528,16528,0,0,mariadb_target_002693
mariadb_griffin_r2,mariadb,2,root/mariadb/sql/sql_select.cc:16530:0:0,/root/mariadb/sql/sql_select.cc,16530,16530,34544,1,mariadb_target_002693
mariadb_griffin_r2,mariadb,2,root/mariadb/sql/sql_select.cc:16530:0:1,/root/mariadb/sql/sql_select.cc,16530,16530,2601,1,mariadb_target_002693
mariadb_griffin_r2,mariadb,2,root/mariadb/sql/sql_select.cc:16532:0:0,/root/mariadb/sql/sql_select.cc,16532,16532,33581,1,mariadb_target_002693
mariadb_griffin_r2,mariadb,2,root/mariadb/sql/sql_select.cc:16532:0:1,/root/mariadb/sql/sql_select.cc,16532,16532,963,1,mariadb_target_002693
mariadb_griffin_r2,mariadb,2,root/mariadb/sql/sql_select.cc:16532:1:2,/root/mariadb/sql/sql_select.cc,16532,16532,26,1,mariadb_target_002693
mariadb_griffin_r2,mariadb,2,root/mariadb/sql/sql_select.cc:16532:1:3,/root/mariadb/sql/sql_select.cc,16532,16532,33555,1,mariadb_target_002693
mariadb_griffin_r2,mariadb,2,root/mariadb/sql/sql_select.cc:16534:0:0,/root/mariadb/sql/sql_select.cc,16534,16534,26,1,mariadb_target_002693
mariadb_griffin_r2,mariadb,2,root/mariadb/sql/sql_select.cc:16534:0:1,/root/mariadb/sql/sql_select.cc,16534,16534,0,0,mariadb_target_002693
mariadb_griffin_r2,mariadb,2,root/mariadb/sql/sql_select.cc:16580:0:0,/root/mariadb/sql/sql_select.cc,16580,16580,26,1,mariadb_target_002694
mariadb_griffin_r2,mariadb,2,root/mariadb/sql/sql_select.cc:16580:0:1,/root/mariadb/sql/sql_select.cc,16580,16580,37119,1,mariadb_target_002694
mariadb_griffin_r2,mariadb,2,root/mariadb/sql/sql_select.cc:16581:0:0,/root/mariadb/sql/sql_select.cc,16581,16581,26,1,mariadb_target_002694
mariadb_griffin_r2,mariadb,2,root/mariadb/sql/sql_select.cc:16581:0:1,/root/mariadb/sql/sql_select.cc,16581,16581,0,0,mariadb_target_002694
mariadb_griffin_r2,mariadb,2,root/mariadb/sql/sql_select.cc:16582:0:0,/root/mariadb/sql/sql_select.cc,16582,16582,21,1,mariadb_target_002694
mariadb_griffin_r2,mariadb,2,root/mariadb/sql/sql_select.cc:16582:0:1,/root/mariadb/sql/sql_select.cc,16582,16582,5,1,mariadb_target_002694
mariadb_griffin_r2,mariadb,2,root/mariadb/sql/sql_select.cc:16587:0:0,/root/mariadb/sql/sql_select.cc,16587,16587,0,0,mariadb_target_002694
mariadb_griffin_r2,mariadb,2,root/mariadb/sql/sql_select.cc:16587:0:1,/root/mariadb/sql/sql_select.cc,16587,16587,45644,1,mariadb_target_002694
mariadb_griffin_r2,mariadb,2,root/mariadb/sql/sql_select.cc:16621:0:0,/root/mariadb/sql/sql_select.cc,16621,16621,44943,1,mariadb_target_002697
mariadb_griffin_r2,mariadb,2,root/mariadb/sql/sql_select.cc:16621:0:1,/root/mariadb/sql/sql_select.cc,16621,16621,39130,1,mariadb_target_002697
mariadb_griffin_r2,mariadb,2,root/mariadb/sql/sql_select.cc:16623:0:0,/root/mariadb/sql/sql_select.cc,16623,16623,1488,1,mariadb_target_002697
mariadb_griffin_r2,mariadb,2,root/mariadb/sql/sql_select.cc:16623:0:1,/root/mariadb/sql/sql_select.cc,16623,16623,43455,1,mariadb_target_002697
mariadb_griffin_r2,mariadb,2,root/mariadb/sql/sql_select.cc:16625:0:0,/root/mariadb/sql/sql_select.cc,16625,16625,439,1,mariadb_target_002697
mariadb_griffin_r2,mariadb,2,root/mariadb/sql/sql_select.cc:16625:0:1,/root/mariadb/sql/sql_select.cc,16625,16625,1049,1,mariadb_target_002697
mariadb_griffin_r2,mariadb,2,root/mariadb/sql/sql_select.cc:16625:1:2,/root/mariadb/sql/sql_select.cc,16625,16625,266,1,mariadb_target_002697
mariadb_griffin_r2,mariadb,2,root/mariadb/sql/sql_select.cc:16625:1:3,/root/mariadb/sql/sql_select.cc,16625,16625,173,1,mariadb_target_002697
mariadb_griffin_r2,mariadb,2,root/mariadb/sql/sql_select.cc:16626:0:0,/root/mariadb/sql/sql_select.cc,16626,16626,0,0,mariadb_target_002697
mariadb_griffin_r2,mariadb,2,root/mariadb/sql/sql_select.cc:16626:0:1,/root/mariadb/sql/sql_select.cc,16626,16626,266,1,mariadb_target_002697
mariadb_griffin_r2,mariadb,2,root/mariadb/sql/sql_select.cc:16633:0:0,/root/mariadb/sql/sql_select.cc,16633,16633,362,1,mariadb_target_002698
mariadb_griffin_r2,mariadb,2,root/mariadb/sql/sql_select.cc:16633:0:1,/root/mariadb/sql/sql_select.cc,16633,16633,1126,1,mariadb_target_002698
mariadb_griffin_r2,mariadb,2,root/mariadb/sql/sql_select.cc:16639:0:0,/root/mariadb/sql/sql_select.cc,16639,16639,439,1,mariadb_target_002699
mariadb_griffin_r2,mariadb,2,root/mariadb/sql/sql_select.cc:16639:0:1,/root/mariadb/sql/sql_select.cc,16639,16639,1049,1,mariadb_target_002699
mariadb_griffin_r2,mariadb,2,root/mariadb/sql/sql_select.cc:16639:1:2,/root/mariadb/sql/sql_select.cc,16639,16639,173,1,mariadb_target_002699
mariadb_griffin_r2,mariadb,2,root/mariadb/sql/sql_select.cc:16639:1:3,/root/mariadb/sql/sql_select.cc,16639,16639,266,1,mariadb_target_002699
mariadb_griffin_r2,mariadb,2,root/mariadb/sql/sql_select.cc:16645:0:0,/root/mariadb/sql/sql_select.cc,16645,16645,0,0,mariadb_target_002700
mariadb_griffin_r2,mariadb,2,root/mariadb/sql/sql_select.cc:16645:0:1,/root/mariadb/sql/sql_select.cc,16645,16645,1488,1,mariadb_target_002700
mariadb_griffin_r2,mariadb,2,root/mariadb/sql/sql_select.cc:16649:0:0,/root/mariadb/sql/sql_select.cc,16649,16649,0,0,mariadb_target_002700
mariadb_griffin_r2,mariadb,2,root/mariadb/sql/sql_select.cc:16649:0:1,/root/mariadb/sql/sql_select.cc,16649,16649,0,0,mariadb_target_002700
mariadb_griffin_r2,mariadb,2,root/mariadb/sql/sql_select.cc:16650:0:0,/root/mariadb/sql/sql_select.cc,16650,16650,0,0,mariadb_target_002700
mariadb_griffin_r2,mariadb,2,root/mariadb/sql/sql_select.cc:16650:0:1,/root/mariadb/sql/sql_select.cc,16650,16650,0,0,mariadb_target_002700
mariadb_griffin_r2,mariadb,2,root/mariadb/sql/sql_select.cc:16655:0:0,/root/mariadb/sql/sql_select.cc,16655,16655,0,0,mariadb_target_002700;mariadb_target_002701
mariadb_griffin_r2,mariadb,2,root/mariadb/sql/sql_select.cc:16655:0:1,/root/mariadb/sql/sql_select.cc,16655,16655,0,0,mariadb_target_002700;mariadb_target_002701
mariadb_griffin_r2,mariadb,2,root/mariadb/sql/sql_select.cc:16656:0:0,/root/mariadb/sql/sql_select.cc,16656,16656,0,0,mariadb_target_002701
mariadb_griffin_r2,mariadb,2,root/mariadb/sql/sql_select.cc:16656:0:1,/root/mariadb/sql/sql_select.cc,16656,16656,0,0,mariadb_target_002701
mariadb_griffin_r2,mariadb,2,root/mariadb/sql/sql_select.cc:16686:0:0,/root/mariadb/sql/sql_select.cc,16686,16686,0,0,mariadb_target_000970;mariadb_target_002702
mariadb_griffin_r2,mariadb,2,root/mariadb/sql/sql_select.cc:16686:0:1,/root/mariadb/sql/sql_select.cc,16686,16686,0,0,mariadb_target_000970;mariadb_target_002702
mariadb_griffin_r2,mariadb,2,root/mariadb/sql/sql_select.cc:16689:0:0,/root/mariadb/sql/sql_select.cc,16689,16689,0,0,mariadb_target_000970;mariadb_target_002702
mariadb_griffin_r2,mariadb,2,root/mariadb/sql/sql_select.cc:16689:0:1,/root/mariadb/sql/sql_select.cc,16689,16689,0,0,mariadb_target_000970;mariadb_target_002702
mariadb_griffin_r2,mariadb,2,root/mariadb/sql/sql_select.cc:16689:1:2,/root/mariadb/sql/sql_select.cc,16689,16689,0,0,mariadb_target_000970;mariadb_target_002702
mariadb_griffin_r2,mariadb,2,root/mariadb/sql/sql_select.cc:16689:1:3,/root/mariadb/sql/sql_select.cc,16689,16689,0,0,mariadb_target_000970;mariadb_target_002702
mariadb_griffin_r2,mariadb,2,root/mariadb/sql/sql_select.cc:16732:0:0,/root/mariadb/sql/sql_select.cc,16732,16732,0,0,mariadb_target_002704;mariadb_target_002705;mariadb_target_002706
mariadb_griffin_r2,mariadb,2,root/mariadb/sql/sql_select.cc:16732:0:1,/root/mariadb/sql/sql_select.cc,16732,16732,0,0,mariadb_target_002704;mariadb_target_002705;mariadb_target_002706
mariadb_griffin_r2,mariadb,2,root/mariadb/sql/sql_select.cc:16779:0:0,/root/mariadb/sql/sql_select.cc,16779,16779,0,0,mariadb_target_002711
mariadb_griffin_r2,mariadb,2,root/mariadb/sql/sql_select.cc:16779:0:1,/root/mariadb/sql/sql_select.cc,16779,16779,115909,1,mariadb_target_002711
mariadb_griffin_r2,mariadb,2,root/mariadb/sql/sql_select.cc:16781:0:0,/root/mariadb/sql/sql_select.cc,16781,16781,1961,1,mariadb_target_002711
mariadb_griffin_r2,mariadb,2,root/mariadb/sql/sql_select.cc:16781:0:1,/root/mariadb/sql/sql_select.cc,16781,16781,113948,1,mariadb_target_002711
mariadb_griffin_r2,mariadb,2,root/mariadb/sql/sql_select.cc:16788:0:0,/root/mariadb/sql/sql_select.cc,16788,16788,10085,1,mariadb_target_002711;mariadb_target_002712
mariadb_griffin_r2,mariadb,2,root/mariadb/sql/sql_select.cc:16788:0:1,/root/mariadb/sql/sql_select.cc,16788,16788,105824,1,mariadb_target_002711;mariadb_target_002712
mariadb_griffin_r2,mariadb,2,root/mariadb/sql/sql_select.cc:16788:1:2,/root/mariadb/sql/sql_select.cc,16788,16788,3566,1,mariadb_target_002711;mariadb_target_002712
mariadb_griffin_r2,mariadb,2,root/mariadb/sql/sql_select.cc:16788:1:3,/root/mariadb/sql/sql_select.cc,16788,16788,6519,1,mariadb_target_002711;mariadb_target_002712
mariadb_griffin_r2,mariadb,2,root/mariadb/sql/sql_select.cc:16788:2:4,/root/mariadb/sql/sql_select.cc,16788,16788,3566,1,mariadb_target_002711;mariadb_target_002712
mariadb_griffin_r2,mariadb,2,root/mariadb/sql/sql_select.cc:16788:2:5,/root/mariadb/sql/sql_select.cc,16788,16788,0,0,mariadb_target_002711;mariadb_target_002712
mariadb_griffin_r2,mariadb,2,root/mariadb/sql/sql_select.cc:16792:0:0,/root/mariadb/sql/sql_select.cc,16792,16792,115087,1,mariadb_target_002711;mariadb_target_002712;mariadb_target_002713;mariadb_target_002714;mariadb_target_002715
mariadb_griffin_r2,mariadb,2,root/mariadb/sql/sql_select.cc:16792:0:1,/root/mariadb/sql/sql_select.cc,16792,16792,822,1,mariadb_target_002711;mariadb_target_002712;mariadb_target_002713;mariadb_target_002714;mariadb_target_002715
mariadb_griffin_r2,mariadb,2,root/mariadb/sql/sql_select.cc:16795:0:0,/root/mariadb/sql/sql_select.cc,16795,16795,0,0,mariadb_target_002711;mariadb_target_002712;mariadb_target_002713;mariadb_target_002714;mariadb_target_002715;mariadb_target_002716;mariadb_target_002717
mariadb_griffin_r2,mariadb,2,root/mariadb/sql/sql_select.cc:16795:0:1,/root/mariadb/sql/sql_select.cc,16795,16795,115087,1,mariadb_target_002711;mariadb_target_002712;mariadb_target_002713;mariadb_target_002714;mariadb_target_002715;mariadb_target_002716;mariadb_target_002717
mariadb_griffin_r2,mariadb,2,root/mariadb/sql/sql_select.cc:16797:0:0,/root/mariadb/sql/sql_select.cc,16797,16797,0,0,mariadb_target_002711;mariadb_target_002712;mariadb_target_002713;mariadb_target_002714;mariadb_target_002715;mariadb_target_002716;mariadb_target_002717;mariadb_target_002718
mariadb_griffin_r2,mariadb,2,root/mariadb/sql/sql_select.cc:16797:0:1,/root/mariadb/sql/sql_select.cc,16797,16797,115087,1,mariadb_target_002711;mariadb_target_002712;mariadb_target_002713;mariadb_target_002714;mariadb_target_002715;mariadb_target_002716;mariadb_target_002717;mariadb_target_002718
mariadb_griffin_r2,mariadb,2,root/mariadb/sql/sql_select.cc:16797:1:2,/root/mariadb/sql/sql_select.cc,16797,16797,0,0,mariadb_target_002711;mariadb_target_002712;mariadb_target_002713;mariadb_target_002714;mariadb_target_002715;mariadb_target_002716;mariadb_target_002717;mariadb_target_002718
mariadb_griffin_r2,mariadb,2,root/mariadb/sql/sql_select.cc:16797:1:3,/root/mariadb/sql/sql_select.cc,16797,16797,0,0,mariadb_target_002711;mariadb_target_002712;mariadb_target_002713;mariadb_target_002714;mariadb_target_002715;mariadb_target_002716;mariadb_target_002717;mariadb_target_002718
mariadb_griffin_r2,mariadb,2,root/mariadb/sql/sql_select.cc:16802:0:0,/root/mariadb/sql/sql_select.cc,16802,16802,103338,1,mariadb_target_002711;mariadb_target_002715;mariadb_target_002716;mariadb_target_002717;mariadb_target_002718
mariadb_griffin_r2,mariadb,2,root/mariadb/sql/sql_select.cc:16802:0:1,/root/mariadb/sql/sql_select.cc,16802,16802,11749,1,mariadb_target_002711;mariadb_target_002715;mariadb_target_002716;mariadb_target_002717;mariadb_target_002718
mariadb_griffin_r2,mariadb,2,root/mariadb/sql/sql_select.cc:16802:1:2,/root/mariadb/sql/sql_select.cc,16802,16802,852,1,mariadb_target_002711;mariadb_target_002715;mariadb_target_002716;mariadb_target_002717;mariadb_target_002718
mariadb_griffin_r2,mariadb,2,root/mariadb/sql/sql_select.cc:16802:1:3,/root/mariadb/sql/sql_select.cc,16802,16802,102486,1,mariadb_target_002711;mariadb_target_002715;mariadb_target_002716;mariadb_target_002717;mariadb_target_002718
mariadb_griffin_r2,mariadb,2,root/mariadb/sql/sql_select.cc:16804:0:0,/root/mariadb/sql/sql_select.cc,16804,16804,0,0,mariadb_target_002711;mariadb_target_002717;mariadb_target_002718
mariadb_griffin_r2,mariadb,2,root/mariadb/sql/sql_select.cc:16804:0:1,/root/mariadb/sql/sql_select.cc,16804,16804,852,1,mariadb_target_002711;mariadb_target_002717;mariadb_target_002718
mariadb_griffin_r2,mariadb,2,root/mariadb/sql/sql_select.cc:23998:0:0,/root/mariadb/sql/sql_select.cc,23998,23998,407,1,mariadb_target_000980;mariadb_target_002753;mariadb_target_002754;mariadb_target_002755
mariadb_griffin_r2,mariadb,2,root/mariadb/sql/sql_select.cc:23998:0:1,/root/mariadb/sql/sql_select.cc,23998,23998,149117,1,mariadb_target_000980;mariadb_target_002753;mariadb_target_002754;mariadb_target_002755
mariadb_griffin_r2,mariadb,2,root/mariadb/sql/sql_select.cc:23998:1:2,/root/mariadb/sql/sql_select.cc,23998,23998,407,1,mariadb_target_000980;mariadb_target_002753;mariadb_target_002754;mariadb_target_002755
mariadb_griffin_r2,mariadb,2,root/mariadb/sql/sql_select.cc:23998:1:3,/root/mariadb/sql/sql_select.cc,23998,23998,0,0,mariadb_target_000980;mariadb_target_002753;mariadb_target_002754;mariadb_target_002755
mariadb_griffin_r2,mariadb,2,root/mariadb/sql/sql_select.cc:24095:0:0,/root/mariadb/sql/sql_select.cc,24095,24095,0,0,mariadb_target_000981;mariadb_target_002756
mariadb_griffin_r2,mariadb,2,root/mariadb/sql/sql_select.cc:24095:0:1,/root/mariadb/sql/sql_select.cc,24095,24095,149524,1,mariadb_target_000981;mariadb_target_002756
mariadb_griffin_r2,mariadb,2,root/mariadb/sql/sql_select.cc:24105:0:0,/root/mariadb/sql/sql_select.cc,24105,24105,1658,1,mariadb_target_000981;mariadb_target_002756
mariadb_griffin_r2,mariadb,2,root/mariadb/sql/sql_select.cc:24105:0:1,/root/mariadb/sql/sql_select.cc,24105,24105,147866,1,mariadb_target_000981;mariadb_target_002756
mariadb_griffin_r2,mariadb,2,root/mariadb/sql/sql_select.cc:24245:0:0,/root/mariadb/sql/sql_select.cc,24245,24245,0,0,mariadb_target_002757
mariadb_griffin_r2,mariadb,2,root/mariadb/sql/sql_select.cc:24245:0:1,/root/mariadb/sql/sql_select.cc,24245,24245,22107,1,mariadb_target_002757
mariadb_griffin_r2,mariadb,2,root/mariadb/sql/sql_select.cc:24252:0:0,/root/mariadb/sql/sql_select.cc,24252,24252,2186,1,mariadb_target_002757
mariadb_griffin_r2,mariadb,2,root/mariadb/sql/sql_select.cc:24252:0:1,/root/mariadb/sql/sql_select.cc,24252,24252,19921,1,mariadb_target_002757
mariadb_griffin_r2,mariadb,2,root/mariadb/sql/sql_select.cc:24618:0:0,/root/mariadb/sql/sql_select.cc,24618,24618,0,0,mariadb_target_000984;mariadb_target_002761
mariadb_griffin_r2,mariadb,2,root/mariadb/sql/sql_select.cc:24618:0:1,/root/mariadb/sql/sql_select.cc,24618,24618,169810,1,mariadb_target_000984;mariadb_target_002761
mariadb_griffin_r2,mariadb,2,root/mariadb/sql/sql_select.cc:24618:1:2,/root/mariadb/sql/sql_select.cc,24618,24618,0,0,mariadb_target_000984;mariadb_target_002761
mariadb_griffin_r2,mariadb,2,root/mariadb/sql/sql_select.cc:24618:1:3,/root/mariadb/sql/sql_select.cc,24618,24618,0,0,mariadb_target_000984;mariadb_target_002761
mariadb_griffin_r2,mariadb,2,root/mariadb/sql/sql_select.cc:24621:0:0,/root/mariadb/sql/sql_select.cc,24621,24621,0,0,mariadb_target_000984;mariadb_target_002761
mariadb_griffin_r2,mariadb,2,root/mariadb/sql/sql_select.cc:24621:0:1,/root/mariadb/sql/sql_select.cc,24621,24621,0,0,mariadb_target_000984;mariadb_target_002761
mariadb_griffin_r2,mariadb,2,root/mariadb/sql/sql_select.cc:24628:0:0,/root/mariadb/sql/sql_select.cc,24628,24628,166706,1,mariadb_target_000984;mariadb_target_002761;mariadb_target_002762
mariadb_griffin_r2,mariadb,2,root/mariadb/sql/sql_select.cc:24628:0:1,/root/mariadb/sql/sql_select.cc,24628,24628,25950,1,mariadb_target_000984;mariadb_target_002761;mariadb_target_002762
mariadb_griffin_r2,mariadb,2,root/mariadb/sql/sql_select.cc:24664:0:0,/root/mariadb/sql/sql_select.cc,24664,24664,0,0,mariadb_target_002762
mariadb_griffin_r2,mariadb,2,root/mariadb/sql/sql_select.cc:24664:0:1,/root/mariadb/sql/sql_select.cc,24664,24664,491897,1,mariadb_target_002762
mariadb_griffin_r2,mariadb,2,root/mariadb/sql/sql_select.cc:24664:1:2,/root/mariadb/sql/sql_select.cc,24664,24664,1,1,mariadb_target_002762
mariadb_griffin_r2,mariadb,2,root/mariadb/sql/sql_select.cc:24664:1:3,/root/mariadb/sql/sql_select.cc,24664,24664,491896,1,mariadb_target_002762
mariadb_griffin_r2,mariadb,2,root/mariadb/sql/sql_select.cc:24666:0:0,/root/mariadb/sql/sql_select.cc,24666,24666,167808,1,mariadb_target_002762
mariadb_griffin_r2,mariadb,2,root/mariadb/sql/sql_select.cc:24666:0:1,/root/mariadb/sql/sql_select.cc,24666,24666,324088,1,mariadb_target_002762
mariadb_griffin_r2,mariadb,2,root/mariadb/sql/sql_select.cc:24668:0:0,/root/mariadb/sql/sql_select.cc,24668,24668,0,0,mariadb_target_002762
mariadb_griffin_r2,mariadb,2,root/mariadb/sql/sql_select.cc:24668:0:1,/root/mariadb/sql/sql_select.cc,24668,24668,324088,1,mariadb_target_002762
mariadb_griffin_r2,mariadb,2,root/mariadb/sql/sql_select.cc:24675:0:0,/root/mariadb/sql/sql_select.cc,24675,24675,88897,1,mariadb_target_002762
mariadb_griffin_r2,mariadb,2,root/mariadb/sql/sql_select.cc:24675:0:1,/root/mariadb/sql/sql_select.cc,24675,24675,235191,1,mariadb_target_002762
mariadb_griffin_r2,mariadb,2,root/mariadb/sql/sql_select.cc:24677:0:0,/root/mariadb/sql/sql_select.cc,24677,24677,26956,1,mariadb_target_002762
mariadb_griffin_r2,mariadb,2,root/mariadb/sql/sql_select.cc:24677:0:1,/root/mariadb/sql/sql_select.cc,24677,24677,61941,1,mariadb_target_002762
mariadb_griffin_r2,mariadb,2,root/mariadb/sql/sql_select.cc:24680:0:0,/root/mariadb/sql/sql_select.cc,24680,24680,5,1,mariadb_target_002762
mariadb_griffin_r2,mariadb,2,root/mariadb/sql/sql_select.cc:24680:0:1,/root/mariadb/sql/sql_select.cc,24680,24680,88892,1,mariadb_target_002762
mariadb_griffin_r2,mariadb,2,root/mariadb/sql/sql_select.cc:24684:0:0,/root/mariadb/sql/sql_select.cc,24684,24684,262147,1,mariadb_target_002762
mariadb_griffin_r2,mariadb,2,root/mariadb/sql/sql_select.cc:24684:0:1,/root/mariadb/sql/sql_select.cc,24684,24684,61936,1,mariadb_target_002762
mariadb_griffin_r2,mariadb,2,root/mariadb/sql/sql_select.cc:24693:0:0,/root/mariadb/sql/sql_select.cc,24693,24693,0,0,mariadb_target_002762
mariadb_griffin_r2,mariadb,2,root/mariadb/sql/sql_select.cc:24693:0:1,/root/mariadb/sql/sql_select.cc,24693,24693,262147,1,mariadb_target_002762
mariadb_griffin_r2,mariadb,2,root/mariadb/sql/sql_select.cc:24693:1:2,/root/mariadb/sql/sql_select.cc,24693,24693,0,0,mariadb_target_002762
mariadb_griffin_r2,mariadb,2,root/mariadb/sql/sql_select.cc:24693:1:3,/root/mariadb/sql/sql_select.cc,24693,24693,0,0,mariadb_target_002762
mariadb_griffin_r2,mariadb,2,root/mariadb/sql/sql_select.cc:24706:0:0,/root/mariadb/sql/sql_select.cc,24706,24706,0,0,mariadb_target_002762
mariadb_griffin_r2,mariadb,2,root/mariadb/sql/sql_select.cc:24706:0:1,/root/mariadb/sql/sql_select.cc,24706,24706,0,0,mariadb_target_002762
mariadb_griffin_r2,mariadb,2,root/mariadb/sql/sql_select.cc:24723:0:0,/root/mariadb/sql/sql_select.cc,24723,24723,0,0,mariadb_target_002762
mariadb_griffin_r2,mariadb,2,root/mariadb/sql/sql_select.cc:24723:0:1,/root/mariadb/sql/sql_select.cc,24723,24723,0,0,mariadb_target_002762
mariadb_griffin_r2,mariadb,2,root/mariadb/sql/sql_select.cc:24723:1:2,/root/mariadb/sql/sql_select.cc,24723,24723,0,0,mariadb_target_002762
mariadb_griffin_r2,mariadb,2,root/mariadb/sql/sql_select.cc:24723:1:3,/root/mariadb/sql/sql_select.cc,24723,24723,0,0,mariadb_target_002762
mariadb_griffin_r2,mariadb,2,root/mariadb/sql/sql_select.cc:24726:0:0,/root/mariadb/sql/sql_select.cc,24726,24726,0,0,mariadb_target_002762
mariadb_griffin_r2,mariadb,2,root/mariadb/sql/sql_select.cc:24726:0:1,/root/mariadb/sql/sql_select.cc,24726,24726,0,0,mariadb_target_002762
mariadb_griffin_r2,mariadb,2,root/mariadb/sql/sql_select.cc:24735:0:0,/root/mariadb/sql/sql_select.cc,24735,24735,0,0,mariadb_target_002762;mariadb_target_002764
mariadb_griffin_r2,mariadb,2,root/mariadb/sql/sql_select.cc:24735:0:1,/root/mariadb/sql/sql_select.cc,24735,24735,0,0,mariadb_target_002762;mariadb_target_002764
mariadb_griffin_r2,mariadb,2,root/mariadb/sql/sql_select.cc:24738:0:0,/root/mariadb/sql/sql_select.cc,24738,24738,0,0,mariadb_target_002762;mariadb_target_002764
mariadb_griffin_r2,mariadb,2,root/mariadb/sql/sql_select.cc:24738:0:1,/root/mariadb/sql/sql_select.cc,24738,24738,0,0,mariadb_target_002762;mariadb_target_002764
mariadb_griffin_r2,mariadb,2,root/mariadb/sql/sql_select.cc:24741:0:0,/root/mariadb/sql/sql_select.cc,24741,24741,0,0,mariadb_target_002762;mariadb_target_002764
mariadb_griffin_r2,mariadb,2,root/mariadb/sql/sql_select.cc:24741:0:1,/root/mariadb/sql/sql_select.cc,24741,24741,0,0,mariadb_target_002762;mariadb_target_002764
mariadb_griffin_r2,mariadb,2,root/mariadb/sql/sql_select.cc:24744:0:0,/root/mariadb/sql/sql_select.cc,24744,24744,0,0,mariadb_target_002762;mariadb_target_002764
mariadb_griffin_r2,mariadb,2,root/mariadb/sql/sql_select.cc:24744:0:1,/root/mariadb/sql/sql_select.cc,24744,24744,0,0,mariadb_target_002762;mariadb_target_002764
mariadb_griffin_r2,mariadb,2,root/mariadb/sql/sql_select.cc:24747:0:0,/root/mariadb/sql/sql_select.cc,24747,24747,0,0,mariadb_target_002762
mariadb_griffin_r2,mariadb,2,root/mariadb/sql/sql_select.cc:24747:0:1,/root/mariadb/sql/sql_select.cc,24747,24747,0,0,mariadb_target_002762
mariadb_griffin_r2,mariadb,2,root/mariadb/sql/sql_select.cc:24757:0:0,/root/mariadb/sql/sql_select.cc,24757,24757,0,0,mariadb_target_002762;mariadb_target_002765
mariadb_griffin_r2,mariadb,2,root/mariadb/sql/sql_select.cc:24757:0:1,/root/mariadb/sql/sql_select.cc,24757,24757,0,0,mariadb_target_002762;mariadb_target_002765
mariadb_griffin_r2,mariadb,2,root/mariadb/sql/sql_select.cc:24769:0:0,/root/mariadb/sql/sql_select.cc,24769,24769,0,0,mariadb_target_002762;mariadb_target_002766
mariadb_griffin_r2,mariadb,2,root/mariadb/sql/sql_select.cc:24769:0:1,/root/mariadb/sql/sql_select.cc,24769,24769,0,0,mariadb_target_002762;mariadb_target_002766
mariadb_griffin_r2,mariadb,2,root/mariadb/sql/sql_select.cc:24770:0:0,/root/mariadb/sql/sql_select.cc,24770,24770,0,0,mariadb_target_002762;mariadb_target_002766
mariadb_griffin_r2,mariadb,2,root/mariadb/sql/sql_select.cc:24770:0:1,/root/mariadb/sql/sql_select.cc,24770,24770,0,0,mariadb_target_002762;mariadb_target_002766
mariadb_griffin_r2,mariadb,2,root/mariadb/sql/sql_select.cc:24997:0:0,/root/mariadb/sql/sql_select.cc,24997,24997,13778,1,mariadb_target_000985;mariadb_target_002767
mariadb_griffin_r2,mariadb,2,root/mariadb/sql/sql_select.cc:24997:0:1,/root/mariadb/sql/sql_select.cc,24997,24997,34,1,mariadb_target_000985;mariadb_target_002767
mariadb_griffin_r2,mariadb,2,root/mariadb/sql/sql_select.cc:24998:0:0,/root/mariadb/sql/sql_select.cc,24998,24998,0,0,mariadb_target_000985;mariadb_target_002767
mariadb_griffin_r2,mariadb,2,root/mariadb/sql/sql_select.cc:24998:0:1,/root/mariadb/sql/sql_select.cc,24998,24998,13778,1,mariadb_target_000985;mariadb_target_002767
mariadb_griffin_r2,mariadb,2,root/mariadb/sql/sql_select.cc:25013:0:0,/root/mariadb/sql/sql_select.cc,25013,25013,0,0,mariadb_target_002768
mariadb_griffin_r2,mariadb,2,root/mariadb/sql/sql_select.cc:25013:0:1,/root/mariadb/sql/sql_select.cc,25013,25013,0,0,mariadb_target_002768
mariadb_griffin_r2,mariadb,2,root/mariadb/sql/sql_select.cc:25019:0:0,/root/mariadb/sql/sql_select.cc,25019,25019,13796,1,mariadb_target_002768
mariadb_griffin_r2,mariadb,2,root/mariadb/sql/sql_select.cc:25019:0:1,/root/mariadb/sql/sql_select.cc,25019,25019,16,1,mariadb_target_002768
mariadb_griffin_r2,mariadb,2,root/mariadb/sql/sql_select.cc:25021:0:0,/root/mariadb/sql/sql_select.cc,25021,25021,8255,1,mariadb_target_002768
mariadb_griffin_r2,mariadb,2,root/mariadb/sql/sql_select.cc:25021:0:1,/root/mariadb/sql/sql_select.cc,25021,25021,5541,1,mariadb_target_002768
mariadb_griffin_r2,mariadb,2,root/mariadb/sql/sql_select.cc:25125:0:0,/root/mariadb/sql/sql_select.cc,25125,25125,8255,1,mariadb_target_000986;mariadb_target_002769
mariadb_griffin_r2,mariadb,2,root/mariadb/sql/sql_select.cc:25125:0:1,/root/mariadb/sql/sql_select.cc,25125,25125,0,0,mariadb_target_000986;mariadb_target_002769
mariadb_griffin_r2,mariadb,2,root/mariadb/sql/sql_select.cc:25130:0:0,/root/mariadb/sql/sql_select.cc,25130,25130,0,0,mariadb_target_000986;mariadb_target_002769
mariadb_griffin_r2,mariadb,2,root/mariadb/sql/sql_select.cc:25130:0:1,/root/mariadb/sql/sql_select.cc,25130,25130,0,0,mariadb_target_000986;mariadb_target_002769
mariadb_griffin_r2,mariadb,2,root/mariadb/sql/sql_select.cc:25133:0:0,/root/mariadb/sql/sql_select.cc,25133,25133,0,0,mariadb_target_000986;mariadb_target_002769;mariadb_target_002770
mariadb_griffin_r2,mariadb,2,root/mariadb/sql/sql_select.cc:25133:0:1,/root/mariadb/sql/sql_select.cc,25133,25133,5541,1,mariadb_target_000986;mariadb_target_002769;mariadb_target_002770
mariadb_griffin_r2,mariadb,2,root/mariadb/sql/sql_select.cc:25152:0:0,/root/mariadb/sql/sql_select.cc,25152,25152,131,1,mariadb_target_002770
mariadb_griffin_r2,mariadb,2,root/mariadb/sql/sql_select.cc:25152:0:1,/root/mariadb/sql/sql_select.cc,25152,25152,2000,1,mariadb_target_002770
mariadb_griffin_r2,mariadb,2,root/mariadb/sql/sql_select.cc:25155:0:0,/root/mariadb/sql/sql_select.cc,25155,25155,0,0,mariadb_target_002770
mariadb_griffin_r2,mariadb,2,root/mariadb/sql/sql_select.cc:25155:0:1,/root/mariadb/sql/sql_select.cc,25155,25155,131,1,mariadb_target_002770
mariadb_griffin_r2,mariadb,2,root/mariadb/sql/sql_select.cc:25160:0:0,/root/mariadb/sql/sql_select.cc,25160,25160,1,1,mariadb_target_002770
mariadb_griffin_r2,mariadb,2,root/mariadb/sql/sql_select.cc:25160:0:1,/root/mariadb/sql/sql_select.cc,25160,25160,130,1,mariadb_target_002770
mariadb_griffin_r2,mariadb,2,root/mariadb/sql/sql_select.cc:25160:1:2,/root/mariadb/sql/sql_select.cc,25160,25160,1,1,mariadb_target_002770
mariadb_griffin_r2,mariadb,2,root/mariadb/sql/sql_select.cc:25160:1:3,/root/mariadb/sql/sql_select.cc,25160,25160,0,0,mariadb_target_002770
mariadb_griffin_r2,mariadb,2,root/mariadb/sql/sql_select.cc:25161:0:0,/root/mariadb/sql/sql_select.cc,25161,25161,1,1,mariadb_target_002770
mariadb_griffin_r2,mariadb,2,root/mariadb/sql/sql_select.cc:25161:0:1,/root/mariadb/sql/sql_select.cc,25161,25161,0,0,mariadb_target_002770
mariadb_griffin_r2,mariadb,2,root/mariadb/sql/sql_select.cc:25174:0:0,/root/mariadb/sql/sql_select.cc,25174,25174,90,1,mariadb_target_002770
mariadb_griffin_r2,mariadb,2,root/mariadb/sql/sql_select.cc:25174:0:1,/root/mariadb/sql/sql_select.cc,25174,25174,41,1,mariadb_target_002770
mariadb_griffin_r2,mariadb,2,root/mariadb/sql/sql_select.cc:25178:0:0,/root/mariadb/sql/sql_select.cc,25178,25178,90,1,mariadb_target_002770
mariadb_griffin_r2,mariadb,2,root/mariadb/sql/sql_select.cc:25178:0:1,/root/mariadb/sql/sql_select.cc,25178,25178,0,0,mariadb_target_002770
mariadb_griffin_r2,mariadb,2,root/mariadb/sql/sql_select.cc:25179:0:0,/root/mariadb/sql/sql_select.cc,25179,25179,0,0,mariadb_target_002770
mariadb_griffin_r2,mariadb,2,root/mariadb/sql/sql_select.cc:25179:0:1,/root/mariadb/sql/sql_select.cc,25179,25179,90,1,mariadb_target_002770
mariadb_griffin_r2,mariadb,2,root/mariadb/sql/sql_select.cc:25179:1:2,/root/mariadb/sql/sql_select.cc,25179,25179,0,0,mariadb_target_002770
mariadb_griffin_r2,mariadb,2,root/mariadb/sql/sql_select.cc:25179:1:3,/root/mariadb/sql/sql_select.cc,25179,25179,0,0,mariadb_target_002770
mariadb_griffin_r2,mariadb,2,root/mariadb/sql/sql_select.cc:25185:0:0,/root/mariadb/sql/sql_select.cc,25185,25185,2000,1,mariadb_target_002770
mariadb_griffin_r2,mariadb,2,root/mariadb/sql/sql_select.cc:25185:0:1,/root/mariadb/sql/sql_select.cc,25185,25185,0,0,mariadb_target_002770
mariadb_griffin_r2,mariadb,2,root/mariadb/sql/sql_select.cc:25191:0:0,/root/mariadb/sql/sql_select.cc,25191,25191,0,0,mariadb_target_002770
mariadb_griffin_r2,mariadb,2,root/mariadb/sql/sql_select.cc:25191:0:1,/root/mariadb/sql/sql_select.cc,25191,25191,2041,1,mariadb_target_002770
mariadb_griffin_r2,mariadb,2,root/mariadb/sql/sql_select.cc:25227:0:0,/root/mariadb/sql/sql_select.cc,25227,25227,2225,1,mariadb_target_002770
mariadb_griffin_r2,mariadb,2,root/mariadb/sql/sql_select.cc:25227:0:1,/root/mariadb/sql/sql_select.cc,25227,25227,13271,1,mariadb_target_002770
mariadb_griffin_r2,mariadb,2,root/mariadb/sql/sql_select.cc:25229:0:0,/root/mariadb/sql/sql_select.cc,25229,25229,71,1,mariadb_target_002770
mariadb_griffin_r2,mariadb,2,root/mariadb/sql/sql_select.cc:25229:0:1,/root/mariadb/sql/sql_select.cc,25229,25229,2154,1,mariadb_target_002770
mariadb_griffin_r2,mariadb,2,root/mariadb/sql/sql_select.cc:25230:0:0,/root/mariadb/sql/sql_select.cc,25230,25230,0,0,mariadb_target_002770
mariadb_griffin_r2,mariadb,2,root/mariadb/sql/sql_select.cc:25230:0:1,/root/mariadb/sql/sql_select.cc,25230,25230,2225,1,mariadb_target_002770
mariadb_griffin_r2,mariadb,2,root/mariadb/sql/sql_select.cc:25249:0:0,/root/mariadb/sql/sql_select.cc,25249,25249,15414,1,mariadb_target_000987;mariadb_target_002773
mariadb_griffin_r2,mariadb,2,root/mariadb/sql/sql_select.cc:25249:0:1,/root/mariadb/sql/sql_select.cc,25249,25249,82,1,mariadb_target_000987;mariadb_target_002773
mariadb_griffin_r2,mariadb,2,root/mariadb/sql/sql_select.cc:25250:0:0,/root/mariadb/sql/sql_select.cc,25250,25250,0,0,mariadb_target_000987;mariadb_target_002773
mariadb_griffin_r2,mariadb,2,root/mariadb/sql/sql_select.cc:25250:0:1,/root/mariadb/sql/sql_select.cc,25250,25250,82,1,mariadb_target_000987;mariadb_target_002773
mariadb_griffin_r2,mariadb,2,root/mariadb/sql/sql_select.cc:25252:0:0,/root/mariadb/sql/sql_select.cc,25252,25252,1798,1,mariadb_target_000987;mariadb_target_002773;mariadb_target_002774
mariadb_griffin_r2,mariadb,2,root/mariadb/sql/sql_select.cc:25252:0:1,/root/mariadb/sql/sql_select.cc,25252,25252,13616,1,mariadb_target_000987;mariadb_target_002773;mariadb_target_002774
mariadb_griffin_r2,mariadb,2,root/mariadb/sql/sql_select.cc:25261:0:0,/root/mariadb/sql/sql_select.cc,25261,25261,9072,1,mariadb_target_002774
mariadb_griffin_r2,mariadb,2,root/mariadb/sql/sql_select.cc:25261:0:1,/root/mariadb/sql/sql_select.cc,25261,25261,4544,1,mariadb_target_002774
mariadb_griffin_r2,mariadb,2,root/mariadb/sql/sql_select.cc:25261:1:2,/root/mariadb/sql/sql_select.cc,25261,25261,8002,1,mariadb_target_002774
mariadb_griffin_r2,mariadb,2,root/mariadb/sql/sql_select.cc:25261:1:3,/root/mariadb/sql/sql_select.cc,25261,25261,1070,1,mariadb_target_002774
mariadb_griffin_r2,mariadb,2,root/mariadb/sql/sql_select.cc:25261:2:4,/root/mariadb/sql/sql_select.cc,25261,25261,1,1,mariadb_target_002774
mariadb_griffin_r2,mariadb,2,root/mariadb/sql/sql_select.cc:25261:2:5,/root/mariadb/sql/sql_select.cc,25261,25261,8001,1,mariadb_target_002774
mariadb_griffin_r2,mariadb,2,root/mariadb/sql/sql_select.cc:25270:0:0,/root/mariadb/sql/sql_select.cc,25270,25270,13571,1,mariadb_target_002775
mariadb_griffin_r2,mariadb,2,root/mariadb/sql/sql_select.cc:25270:0:1,/root/mariadb/sql/sql_select.cc,25270,25270,45,1,mariadb_target_002775
mariadb_griffin_r2,mariadb,2,root/mariadb/sql/sql_select.cc:25271:0:0,/root/mariadb/sql/sql_select.cc,25271,25271,0,0,mariadb_target_002775
mariadb_griffin_r2,mariadb,2,root/mariadb/sql/sql_select.cc:25271:0:1,/root/mariadb/sql/sql_select.cc,25271,25271,13571,1,mariadb_target_002775
mariadb_griffin_r2,mariadb,2,root/mariadb/sql/sql_select.cc:25271:1:2,/root/mariadb/sql/sql_select.cc,25271,25271,0,0,mariadb_target_002775
mariadb_griffin_r2,mariadb,2,root/mariadb/sql/sql_select.cc:25271:1:3,/root/mariadb/sql/sql_select.cc,25271,25271,0,0,mariadb_target_002775
mariadb_griffin_r2,mariadb,2,root/mariadb/sql/sql_select.cc:25286:0:0,/root/mariadb/sql/sql_select.cc,25286,25286,13571,1,mariadb_target_000988;mariadb_target_002776
mariadb_griffin_r2,mariadb,2,root/mariadb/sql/sql_select.cc:25286:0:1,/root/mariadb/sql/sql_select.cc,25286,25286,127,1,mariadb_target_000988;mariadb_target_002776
mariadb_griffin_r2,mariadb,2,root/mariadb/sql/sql_select.cc:25303:0:0,/root/mariadb/sql/sql_select.cc,25303,25303,1,1,mariadb_target_002778
mariadb_griffin_r2,mariadb,2,root/mariadb/sql/sql_select.cc:25303:0:1,/root/mariadb/sql/sql_select.cc,25303,25303,0,0,mariadb_target_002778
mariadb_griffin_r2,mariadb,2,root/mariadb/sql/sql_select.cc:25356:0:0,/root/mariadb/sql/sql_select.cc,25356,25356,0,0,mariadb_target_000989;mariadb_target_002780
mariadb_griffin_r2,mariadb,2,root/mariadb/sql/sql_select.cc:25356:0:1,/root/mariadb/sql/sql_select.cc,25356,25356,32612,1,mariadb_target_000989;mariadb_target_002780
mariadb_griffin_r2,mariadb,2,root/mariadb/sql/sql_select.cc:25358:0:0,/root/mariadb/sql/sql_select.cc,25358,25358,0,0,mariadb_target_000989;mariadb_target_002780;mariadb_target_002781
mariadb_griffin_r2,mariadb,2,root/mariadb/sql/sql_select.cc:25358:0:1,/root/mariadb/sql/sql_select.cc,25358,25358,32612,1,mariadb_target_000989;mariadb_target_002780;mariadb_target_002781
mariadb_griffin_r2,mariadb,2,root/mariadb/sql/sql_select.cc:25365:0:0,/root/mariadb/sql/sql_select.cc,25365,25365,24,1,mariadb_target_000990;mariadb_target_002782
mariadb_griffin_r2,mariadb,2,root/mariadb/sql/sql_select.cc:25365:0:1,/root/mariadb/sql/sql_select.cc,25365,25365,32588,1,mariadb_target_000990;mariadb_target_002782
mariadb_griffin_r2,mariadb,2,root/mariadb/sql/sql_select.cc:25370:0:0,/root/mariadb/sql/sql_select.cc,25370,25370,0,0,mariadb_target_000990;mariadb_target_002782
mariadb_griffin_r2,mariadb,2,root/mariadb/sql/sql_select.cc:25370:0:1,/root/mariadb/sql/sql_select.cc,25370,25370,24,1,mariadb_target_000990;mariadb_target_002782
mariadb_griffin_r2,mariadb,2,root/mariadb/sql/sql_select.cc:25370:1:2,/root/mariadb/sql/sql_select.cc,25370,25370,0,0,mariadb_target_000990;mariadb_target_002782
mariadb_griffin_r2,mariadb,2,root/mariadb/sql/sql_select.cc:25370:1:3,/root/mariadb/sql/sql_select.cc,25370,25370,0,0,mariadb_target_000990;mariadb_target_002782
mariadb_griffin_r2,mariadb,2,root/mariadb/sql/sql_select.cc:25448:0:0,/root/mariadb/sql/sql_select.cc,25448,25448,10143,1,mariadb_target_000991;mariadb_target_002784
mariadb_griffin_r2,mariadb,2,root/mariadb/sql/sql_select.cc:25448:0:1,/root/mariadb/sql/sql_select.cc,25448,25448,0,0,mariadb_target_000991;mariadb_target_002784
mariadb_griffin_r2,mariadb,2,root/mariadb/sql/sql_select.cc:25452:0:0,/root/mariadb/sql/sql_select.cc,25452,25452,0,0,mariadb_target_000992;mariadb_target_002785
mariadb_griffin_r2,mariadb,2,root/mariadb/sql/sql_select.cc:25452:0:1,/root/mariadb/sql/sql_select.cc,25452,25452,10143,1,mariadb_target_000992;mariadb_target_002785
mariadb_griffin_r2,mariadb,2,root/mariadb/sql/sql_select.cc:25485:0:0,/root/mariadb/sql/sql_select.cc,25485,25485,0,0,mariadb_target_000993;mariadb_target_002786;mariadb_target_002787
mariadb_griffin_r2,mariadb,2,root/mariadb/sql/sql_select.cc:25485:0:1,/root/mariadb/sql/sql_select.cc,25485,25485,0,0,mariadb_target_000993;mariadb_target_002786;mariadb_target_002787
mariadb_griffin_r2,mariadb,2,root/mariadb/sql/sql_select.cc:25488:0:0,/root/mariadb/sql/sql_select.cc,25488,25488,0,0,mariadb_target_000993;mariadb_target_002786;mariadb_target_002787
mariadb_griffin_r2,mariadb,2,root/mariadb/sql/sql_select.cc:25488:0:1,/root/mariadb/sql/sql_select.cc,25488,25488,0,0,mariadb_target_000993;mariadb_target_002786;mariadb_target_002787
mariadb_griffin_r2,mariadb,2,root/mariadb/sql/sql_select.cc:25501:0:0,/root/mariadb/sql/sql_select.cc,25501,25501,0,0,mariadb_target_002788
mariadb_griffin_r2,mariadb,2,root/mariadb/sql/sql_select.cc:25501:0:1,/root/mariadb/sql/sql_select.cc,25501,25501,5,1,mariadb_target_002788
mariadb_griffin_r2,mariadb,2,root/mariadb/sql/sql_select.cc:25526:0:0,/root/mariadb/sql/sql_select.cc,25526,25526,0,0,mariadb_target_000994;mariadb_target_002789;mariadb_target_002790
mariadb_griffin_r2,mariadb,2,root/mariadb/sql/sql_select.cc:25526:0:1,/root/mariadb/sql/sql_select.cc,25526,25526,0,0,mariadb_target_000994;mariadb_target_002789;mariadb_target_002790
mariadb_griffin_r2,mariadb,2,root/mariadb/sql/sql_select.cc:25543:0:0,/root/mariadb/sql/sql_select.cc,25543,25543,0,0,mariadb_target_002791
mariadb_griffin_r2,mariadb,2,root/mariadb/sql/sql_select.cc:25543:0:1,/root/mariadb/sql/sql_select.cc,25543,25543,0,0,mariadb_target_002791
mariadb_griffin_r2,mariadb,2,root/mariadb/sql/sql_select.cc:25543:1:2,/root/mariadb/sql/sql_select.cc,25543,25543,0,0,mariadb_target_002791
mariadb_griffin_r2,mariadb,2,root/mariadb/sql/sql_select.cc:25543:1:3,/root/mariadb/sql/sql_select.cc,25543,25543,0,0,mariadb_target_002791
mariadb_griffin_r2,mariadb,2,root/mariadb/sql/sql_select.cc:25584:0:0,/root/mariadb/sql/sql_select.cc,25584,25584,44,1,mariadb_target_000995;mariadb_target_002793;mariadb_target_002794
mariadb_griffin_r2,mariadb,2,root/mariadb/sql/sql_select.cc:25584:0:1,/root/mariadb/sql/sql_select.cc,25584,25584,151084,1,mariadb_target_000995;mariadb_target_002793;mariadb_target_002794
mariadb_griffin_r2,mariadb,2,root/mariadb/sql/sql_select.cc:25584:1:2,/root/mariadb/sql/sql_select.cc,25584,25584,0,0,mariadb_target_000995;mariadb_target_002793;mariadb_target_002794
mariadb_griffin_r2,mariadb,2,root/mariadb/sql/sql_select.cc:25584:1:3,/root/mariadb/sql/sql_select.cc,25584,25584,44,1,mariadb_target_000995;mariadb_target_002793;mariadb_target_002794
mariadb_griffin_r2,mariadb,2,root/mariadb/sql/sql_select.cc:25587:0:0,/root/mariadb/sql/sql_select.cc,25587,25587,151128,1,mariadb_target_000995;mariadb_target_002793;mariadb_target_002794
mariadb_griffin_r2,mariadb,2,root/mariadb/sql/sql_select.cc:25587:0:1,/root/mariadb/sql/sql_select.cc,25587,25587,0,0,mariadb_target_000995;mariadb_target_002793;mariadb_target_002794
mariadb_griffin_r2,mariadb,2,root/mariadb/sql/sql_select.cc:25590:0:0,/root/mariadb/sql/sql_select.cc,25590,25590,148942,1,mariadb_target_000995;mariadb_target_002793;mariadb_target_002794
mariadb_griffin_r2,mariadb,2,root/mariadb/sql/sql_select.cc:25590:0:1,/root/mariadb/sql/sql_select.cc,25590,25590,2186,1,mariadb_target_000995;mariadb_target_002793;mariadb_target_002794
mariadb_griffin_r2,mariadb,2,root/mariadb/sql/sql_select.cc:25593:0:0,/root/mariadb/sql/sql_select.cc,25593,25593,0,0,mariadb_target_002794
mariadb_griffin_r2,mariadb,2,root/mariadb/sql/sql_select.cc:25593:0:1,/root/mariadb/sql/sql_select.cc,25593,25593,151128,1,mariadb_target_002794
mariadb_griffin_r2,mariadb,2,root/mariadb/sql/sql_select.cc:25606:0:0,/root/mariadb/sql/sql_select.cc,25606,25606,1205,1,mariadb_target_000996;mariadb_target_002795;mariadb_target_002796
mariadb_griffin_r2,mariadb,2,root/mariadb/sql/sql_select.cc:25606:0:1,/root/mariadb/sql/sql_select.cc,25606,25606,149923,1,mariadb_target_000996;mariadb_target_002795;mariadb_target_002796
mariadb_griffin_r2,mariadb,2,root/mariadb/sql/sql_select.cc:25606:1:2,/root/mariadb/sql/sql_select.cc,25606,25606,0,0,mariadb_target_000996;mariadb_target_002795;mariadb_target_002796
mariadb_griffin_r2,mariadb,2,root/mariadb/sql/sql_select.cc:25606:1:3,/root/mariadb/sql/sql_select.cc,25606,25606,1205,1,mariadb_target_000996;mariadb_target_002795;mariadb_target_002796
mariadb_griffin_r2,mariadb,2,root/mariadb/sql/sql_select.cc:25609:0:0,/root/mariadb/sql/sql_select.cc,25609,25609,148237,1,mariadb_target_000996;mariadb_target_002795;mariadb_target_002796
mariadb_griffin_r2,mariadb,2,root/mariadb/sql/sql_select.cc:25609:0:1,/root/mariadb/sql/sql_select.cc,25609,25609,2891,1,mariadb_target_000996;mariadb_target_002795;mariadb_target_002796
mariadb_griffin_r2,mariadb,2,root/mariadb/sql/sql_select.cc:25609:1:2,/root/mariadb/sql/sql_select.cc,25609,25609,22,1,mariadb_target_000996;mariadb_target_002795;mariadb_target_002796
mariadb_griffin_r2,mariadb,2,root/mariadb/sql/sql_select.cc:25609:1:3,/root/mariadb/sql/sql_select.cc,25609,25609,148215,1,mariadb_target_000996;mariadb_target_002795;mariadb_target_002796
mariadb_griffin_r2,mariadb,2,root/mariadb/sql/sql_select.cc:25609:2:4,/root/mariadb/sql/sql_select.cc,25609,25609,0,0,mariadb_target_000996;mariadb_target_002795;mariadb_target_002796
mariadb_griffin_r2,mariadb,2,root/mariadb/sql/sql_select.cc:25609:2:5,/root/mariadb/sql/sql_select.cc,25609,25609,22,1,mariadb_target_000996;mariadb_target_002795;mariadb_target_002796
mariadb_griffin_r2,mariadb,2,root/mariadb/sql/sql_select.cc:25613:0:0,/root/mariadb/sql/sql_select.cc,25613,25613,0,0,mariadb_target_002796
mariadb_griffin_r2,mariadb,2,root/mariadb/sql/sql_select.cc:25613:0:1,/root/mariadb/sql/sql_select.cc,25613,25613,0,0,mariadb_target_002796
mariadb_griffin_r2,mariadb,2,root/mariadb/sql/sql_select.cc:25638:0:0,/root/mariadb/sql/sql_select.cc,25638,25638,3,1,mariadb_target_002798
mariadb_griffin_r2,mariadb,2,root/mariadb/sql/sql_select.cc:25638:0:1,/root/mariadb/sql/sql_select.cc,25638,25638,151125,1,mariadb_target_002798
mariadb_griffin_r2,mariadb,2,root/mariadb/sql/sql_select.cc:25638:1:2,/root/mariadb/sql/sql_select.cc,25638,25638,0,0,mariadb_target_002798
mariadb_griffin_r2,mariadb,2,root/mariadb/sql/sql_select.cc:25638:1:3,/root/mariadb/sql/sql_select.cc,25638,25638,3,1,mariadb_target_002798
mariadb_griffin_r2,mariadb,2,root/mariadb/sql/sql_select.cc:25639:0:0,/root/mariadb/sql/sql_select.cc,25639,25639,0,0,mariadb_target_002798
mariadb_griffin_r2,mariadb,2,root/mariadb/sql/sql_select.cc:25639:0:1,/root/mariadb/sql/sql_select.cc,25639,25639,0,0,mariadb_target_002798
mariadb_griffin_r2,mariadb,2,root/mariadb/sql/sql_select.cc:25639:1:2,/root/mariadb/sql/sql_select.cc,25639,25639,0,0,mariadb_target_002798
mariadb_griffin_r2,mariadb,2,root/mariadb/sql/sql_select.cc:25639:1:3,/root/mariadb/sql/sql_select.cc,25639,25639,0,0,mariadb_target_002798
mariadb_griffin_r2,mariadb,2,root/mariadb/sql/sql_select.cc:25655:0:0,/root/mariadb/sql/sql_select.cc,25655,25655,0,0,mariadb_target_000998;mariadb_target_002799
mariadb_griffin_r2,mariadb,2,root/mariadb/sql/sql_select.cc:25655:0:1,/root/mariadb/sql/sql_select.cc,25655,25655,151128,1,mariadb_target_000998;mariadb_target_002799
mariadb_griffin_r2,mariadb,2,root/mariadb/sql/sql_select.cc:25681:0:0,/root/mariadb/sql/sql_select.cc,25681,25681,0,0,mariadb_target_002800;mariadb_target_002805
mariadb_griffin_r2,mariadb,2,root/mariadb/sql/sql_select.cc:25681:0:1,/root/mariadb/sql/sql_select.cc,25681,25681,1631,1,mariadb_target_002800;mariadb_target_002805
mariadb_griffin_r2,mariadb,2,root/mariadb/sql/sql_select.cc:25699:0:0,/root/mariadb/sql/sql_select.cc,25699,25699,0,0,mariadb_target_000999;mariadb_target_002807
mariadb_griffin_r2,mariadb,2,root/mariadb/sql/sql_select.cc:25699:0:1,/root/mariadb/sql/sql_select.cc,25699,25699,31,1,mariadb_target_000999;mariadb_target_002807
mariadb_griffin_r2,mariadb,2,root/mariadb/sql/sql_select.cc:25715:0:0,/root/mariadb/sql/sql_select.cc,25715,25715,31,1,mariadb_target_001000;mariadb_target_002809
mariadb_griffin_r2,mariadb,2,root/mariadb/sql/sql_select.cc:25715:0:1,/root/mariadb/sql/sql_select.cc,25715,25715,0,0,mariadb_target_001000;mariadb_target_002809
mariadb_griffin_r2,mariadb,2,root/mariadb/sql/sql_select.cc:25717:0:0,/root/mariadb/sql/sql_select.cc,25717,25717,31,1,mariadb_target_001000;mariadb_target_002809;mariadb_target_002810
mariadb_griffin_r2,mariadb,2,root/mariadb/sql/sql_select.cc:25717:0:1,/root/mariadb/sql/sql_select.cc,25717,25717,0,0,mariadb_target_001000;mariadb_target_002809;mariadb_target_002810
mariadb_griffin_r2,mariadb,2,root/mariadb/sql/sql_select.cc:25719:0:0,/root/mariadb/sql/sql_select.cc,25719,25719,31,1,mariadb_target_001000;mariadb_target_002809;mariadb_target_002810
mariadb_griffin_r2,mariadb,2,root/mariadb/sql/sql_select.cc:25719:0:1,/root/mariadb/sql/sql_select.cc,25719,25719,0,0,mariadb_target_001000;mariadb_target_002809;mariadb_target_002810
mariadb_griffin_r2,mariadb,2,root/mariadb/sql/sql_select.cc:25722:0:0,/root/mariadb/sql/sql_select.cc,25722,25722,19,1,mariadb_target_001000;mariadb_target_002809;mariadb_target_002810
mariadb_griffin_r2,mariadb,2,root/mariadb/sql/sql_select.cc:25722:0:1,/root/mariadb/sql/sql_select.cc,25722,25722,12,1,mariadb_target_001000;mariadb_target_002809;mariadb_target_002810
mariadb_griffin_r2,mariadb,2,root/mariadb/sql/sql_select.cc:25724:0:0,/root/mariadb/sql/sql_select.cc,25724,25724,19,1,mariadb_target_001000;mariadb_target_002809;mariadb_target_002810
mariadb_griffin_r2,mariadb,2,root/mariadb/sql/sql_select.cc:25724:0:1,/root/mariadb/sql/sql_select.cc,25724,25724,0,0,mariadb_target_001000;mariadb_target_002809;mariadb_target_002810
mariadb_griffin_r2,mariadb,2,root/mariadb/sql/sql_select.cc:25724:1:2,/root/mariadb/sql/sql_select.cc,25724,25724,0,0,mariadb_target_001000;mariadb_target_002809;mariadb_target_002810
mariadb_griffin_r2,mariadb,2,root/mariadb/sql/sql_select.cc:25724:1:3,/root/mariadb/sql/sql_select.cc,25724,25724,19,1,mariadb_target_001000;mariadb_target_002809;mariadb_target_002810
mariadb_griffin_r2,mariadb,2,root/mariadb/sql/sql_select.cc:25736:0:0,/root/mariadb/sql/sql_select.cc,25736,25736,12,1,mariadb_target_002811
mariadb_griffin_r2,mariadb,2,root/mariadb/sql/sql_select.cc:25736:0:1,/root/mariadb/sql/sql_select.cc,25736,25736,66,1,mariadb_target_002811
mariadb_griffin_r2,mariadb,2,root/mariadb/sql/sql_select.cc:25780:0:0,/root/mariadb/sql/sql_select.cc,25780,25780,0,0,mariadb_target_002813;mariadb_target_002814
mariadb_griffin_r2,mariadb,2,root/mariadb/sql/sql_select.cc:25780:0:1,/root/mariadb/sql/sql_select.cc,25780,25780,0,0,mariadb_target_002813;mariadb_target_002814
mariadb_griffin_r2,mariadb,2,root/mariadb/sql/sql_select.cc:25792:0:0,/root/mariadb/sql/sql_select.cc,25792,25792,0,0,mariadb_target_002815
mariadb_griffin_r2,mariadb,2,root/mariadb/sql/sql_select.cc:25792:0:1,/root/mariadb/sql/sql_select.cc,25792,25792,0,0,mariadb_target_002815
mariadb_griffin_r2,mariadb,2,root/mariadb/sql/sql_select.cc:25793:0:0,/root/mariadb/sql/sql_select.cc,25793,25793,0,0,mariadb_target_002815
mariadb_griffin_r2,mariadb,2,root/mariadb/sql/sql_select.cc:25793:0:1,/root/mariadb/sql/sql_select.cc,25793,25793,0,0,mariadb_target_002815
mariadb_griffin_r2,mariadb,2,root/mariadb/sql/sql_select.cc:25827:0:0,/root/mariadb/sql/sql_select.cc,25827,25827,0,0,mariadb_target_001001;mariadb_target_002816
mariadb_griffin_r2,mariadb,2,root/mariadb/sql/sql_select.cc:25827:0:1,/root/mariadb/sql/sql_select.cc,25827,25827,0,0,mariadb_target_001001;mariadb_target_002816
mariadb_griffin_r2,mariadb,2,root/mariadb/sql/sql_select.cc:25840:0:0,/root/mariadb/sql/sql_select.cc,25840,25840,0,0,mariadb_target_002818
mariadb_griffin_r2,mariadb,2,root/mariadb/sql/sql_select.cc:25840:0:1,/root/mariadb/sql/sql_select.cc,25840,25840,0,0,mariadb_target_002818
mariadb_griffin_r2,mariadb,2,root/mariadb/sql/sql_select.cc:25845:0:0,/root/mariadb/sql/sql_select.cc,25845,25845,0,0,mariadb_target_002818;mariadb_target_002819
mariadb_griffin_r2,mariadb,2,root/mariadb/sql/sql_select.cc:25845:0:1,/root/mariadb/sql/sql_select.cc,25845,25845,0,0,mariadb_target_002818;mariadb_target_002819
mariadb_griffin_r2,mariadb,2,root/mariadb/sql/sql_select.cc:25889:0:0,/root/mariadb/sql/sql_select.cc,25889,25889,337341,1,mariadb_target_001003;mariadb_target_002824;mariadb_target_002825;mariadb_target_002826
mariadb_griffin_r2,mariadb,2,root/mariadb/sql/sql_select.cc:25889:0:1,/root/mariadb/sql/sql_select.cc,25889,25889,450,1,mariadb_target_001003;mariadb_target_002824;mariadb_target_002825;mariadb_target_002826
mariadb_griffin_r2,mariadb,2,root/mariadb/sql/sql_select.cc:25891:0:0,/root/mariadb/sql/sql_select.cc,25891,25891,148395,1,mariadb_target_001003;mariadb_target_001004;mariadb_target_002824;mariadb_target_002825;mariadb_target_002826;mariadb_target_002827
mariadb_griffin_r2,mariadb,2,root/mariadb/sql/sql_select.cc:25891:0:1,/root/mariadb/sql/sql_select.cc,25891,25891,189396,1,mariadb_target_001003;mariadb_target_001004;mariadb_target_002824;mariadb_target_002825;mariadb_target_002826;mariadb_target_002827
mariadb_griffin_r2,mariadb,2,root/mariadb/sql/sql_select.cc:25893:0:0,/root/mariadb/sql/sql_select.cc,25893,25893,0,0,mariadb_target_001004;mariadb_target_002825;mariadb_target_002826;mariadb_target_002827;mariadb_target_002828
mariadb_griffin_r2,mariadb,2,root/mariadb/sql/sql_select.cc:25893:0:1,/root/mariadb/sql/sql_select.cc,25893,25893,148395,1,mariadb_target_001004;mariadb_target_002825;mariadb_target_002826;mariadb_target_002827;mariadb_target_002828
mariadb_griffin_r2,mariadb,2,root/mariadb/sql/sql_select.cc:25893:1:2,/root/mariadb/sql/sql_select.cc,25893,25893,0,0,mariadb_target_001004;mariadb_target_002825;mariadb_target_002826;mariadb_target_002827;mariadb_target_002828
mariadb_griffin_r2,mariadb,2,root/mariadb/sql/sql_select.cc:25893:1:3,/root/mariadb/sql/sql_select.cc,25893,25893,0,0,mariadb_target_001004;mariadb_target_002825;mariadb_target_002826;mariadb_target_002827;mariadb_target_002828
mariadb_griffin_r2,mariadb,2,root/mariadb/sql/sql_select.cc:25898:0:0,/root/mariadb/sql/sql_select.cc,25898,25898,189396,1,mariadb_target_001004;mariadb_target_002827;mariadb_target_002828;mariadb_target_002829
mariadb_griffin_r2,mariadb,2,root/mariadb/sql/sql_select.cc:25898:0:1,/root/mariadb/sql/sql_select.cc,25898,25898,0,0,mariadb_target_001004;mariadb_target_002827;mariadb_target_002828;mariadb_target_002829
mariadb_griffin_r2,mariadb,2,root/mariadb/sql/sql_select.cc:25899:0:0,/root/mariadb/sql/sql_select.cc,25899,25899,0,0,mariadb_target_001004;mariadb_target_002827;mariadb_target_002828;mariadb_target_002829
mariadb_griffin_r2,mariadb,2,root/mariadb/sql/sql_select.cc:25899:0:1,/root/mariadb/sql/sql_select.cc,25899,25899,189396,1,mariadb_target_001004;mariadb_target_002827;mariadb_target_002828;mariadb_target_002829
mariadb_griffin_r2,mariadb,2,root/mariadb/sql/sql_select.cc:25904:0:0,/root/mariadb/sql/sql_select.cc,25904,25904,3993,1,mariadb_target_002829
mariadb_griffin_r2,mariadb,2,root/mariadb/sql/sql_select.cc:25904:0:1,/root/mariadb/sql/sql_select.cc,25904,25904,185403,1,mariadb_target_002829
mariadb_griffin_r2,mariadb,2,root/mariadb/sql/sql_select.cc:25904:1:2,/root/mariadb/sql/sql_select.cc,25904,25904,930,1,mariadb_target_002829
mariadb_griffin_r2,mariadb,2,root/mariadb/sql/sql_select.cc:25904:1:3,/root/mariadb/sql/sql_select.cc,25904,25904,3063,1,mariadb_target_002829
mariadb_griffin_r2,mariadb,2,root/mariadb/sql/sql_select.cc:25913:0:0,/root/mariadb/sql/sql_select.cc,25913,25913,0,0,mariadb_target_002829;mariadb_target_002830
mariadb_griffin_r2,mariadb,2,root/mariadb/sql/sql_select.cc:25913:0:1,/root/mariadb/sql/sql_select.cc,25913,25913,188466,1,mariadb_target_002829;mariadb_target_002830
mariadb_griffin_r2,mariadb,2,root/mariadb/sql/sql_select.cc:25915:0:0,/root/mariadb/sql/sql_select.cc,25915,25915,0,0,mariadb_target_001005;mariadb_target_002829;mariadb_target_002830;mariadb_target_002831
mariadb_griffin_r2,mariadb,2,root/mariadb/sql/sql_select.cc:25915:0:1,/root/mariadb/sql/sql_select.cc,25915,25915,0,0,mariadb_target_001005;mariadb_target_002829;mariadb_target_002830;mariadb_target_002831
mariadb_griffin_r2,mariadb,2,root/mariadb/sql/sql_select.cc:25920:0:0,/root/mariadb/sql/sql_select.cc,25920,25920,0,0,mariadb_target_001005;mariadb_target_002831;mariadb_target_002832;mariadb_target_002833
mariadb_griffin_r2,mariadb,2,root/mariadb/sql/sql_select.cc:25920:0:1,/root/mariadb/sql/sql_select.cc,25920,25920,188466,1,mariadb_target_001005;mariadb_target_002831;mariadb_target_002832;mariadb_target_002833
mariadb_griffin_r2,mariadb,2,root/mariadb/sql/sql_select.cc:25921:0:0,/root/mariadb/sql/sql_select.cc,25921,25921,0,0,mariadb_target_001005;mariadb_target_002831;mariadb_target_002832;mariadb_target_002833
mariadb_griffin_r2,mariadb,2,root/mariadb/sql/sql_select.cc:25921:0:1,/root/mariadb/sql/sql_select.cc,25921,25921,0,0,mariadb_target_001005;mariadb_target_002831;mariadb_target_002832;mariadb_target_002833
mariadb_griffin_r2,mariadb,2,root/mariadb/sql/sql_select.cc:25928:0:0,/root/mariadb/sql/sql_select.cc,25928,25928,0,0,mariadb_target_001006;mariadb_target_002832;mariadb_target_002833;mariadb_target_002834;mariadb_target_002835
mariadb_griffin_r2,mariadb,2,root/mariadb/sql/sql_select.cc:25928:0:1,/root/mariadb/sql/sql_select.cc,25928,25928,0,0,mariadb_target_001006;mariadb_target_002832;mariadb_target_002833;mariadb_target_002834;mariadb_target_002835
mariadb_griffin_r2,mariadb,2,root/mariadb/sql/sql_select.cc:25932:0:0,/root/mariadb/sql/sql_select.cc,25932,25932,188466,1,mariadb_target_001006;mariadb_target_002834;mariadb_target_002835
mariadb_griffin_r2,mariadb,2,root/mariadb/sql/sql_select.cc:25932:0:1,/root/mariadb/sql/sql_select.cc,25932,25932,0,0,mariadb_target_001006;mariadb_target_002834;mariadb_target_002835
mariadb_griffin_r2,mariadb,2,root/mariadb/sql/sql_select.cc:25936:0:0,/root/mariadb/sql/sql_select.cc,25936,25936,2533,1,mariadb_target_002835
mariadb_griffin_r2,mariadb,2,root/mariadb/sql/sql_select.cc:25936:0:1,/root/mariadb/sql/sql_select.cc,25936,25936,185933,1,mariadb_target_002835
mariadb_griffin_r2,mariadb,2,root/mariadb/sql/sql_select.cc:25949:0:0,/root/mariadb/sql/sql_select.cc,25949,25949,1329,1,mariadb_target_001007;mariadb_target_002836;mariadb_target_002837;mariadb_target_002838
mariadb_griffin_r2,mariadb,2,root/mariadb/sql/sql_select.cc:25949:0:1,/root/mariadb/sql/sql_select.cc,25949,25949,187115,1,mariadb_target_001007;mariadb_target_002836;mariadb_target_002837;mariadb_target_002838
mariadb_griffin_r2,mariadb,2,root/mariadb/sql/sql_select.cc:25951:0:0,/root/mariadb/sql/sql_select.cc,25951,25951,0,0,mariadb_target_001007;mariadb_target_002836;mariadb_target_002837;mariadb_target_002838
mariadb_griffin_r2,mariadb,2,root/mariadb/sql/sql_select.cc:25951:0:1,/root/mariadb/sql/sql_select.cc,25951,25951,1329,1,mariadb_target_001007;mariadb_target_002836;mariadb_target_002837;mariadb_target_002838
mariadb_griffin_r2,mariadb,2,root/mariadb/sql/sql_select.cc:25959:0:0,/root/mariadb/sql/sql_select.cc,25959,25959,0,0,mariadb_target_001008;mariadb_target_002838;mariadb_target_002839
mariadb_griffin_r2,mariadb,2,root/mariadb/sql/sql_select.cc:25959:0:1,/root/mariadb/sql/sql_select.cc,25959,25959,0,0,mariadb_target_001008;mariadb_target_002838;mariadb_target_002839
mariadb_griffin_r2,mariadb,2,root/mariadb/sql/sql_select.cc:25960:0:0,/root/mariadb/sql/sql_select.cc,25960,25960,0,0,mariadb_target_001008;mariadb_target_002839
mariadb_griffin_r2,mariadb,2,root/mariadb/sql/sql_select.cc:25960:0:1,/root/mariadb/sql/sql_select.cc,25960,25960,0,0,mariadb_target_001008;mariadb_target_002839
mariadb_griffin_r2,mariadb,2,root/mariadb/sql/sql_select.cc:25961:0:0,/root/mariadb/sql/sql_select.cc,25961,25961,0,0,mariadb_target_001008;mariadb_target_002839
mariadb_griffin_r2,mariadb,2,root/mariadb/sql/sql_select.cc:25961:0:1,/root/mariadb/sql/sql_select.cc,25961,25961,0,0,mariadb_target_001008;mariadb_target_002839
mariadb_griffin_r2,mariadb,2,root/mariadb/sql/sql_select.cc:25962:0:0,/root/mariadb/sql/sql_select.cc,25962,25962,0,0,mariadb_target_001008;mariadb_target_002839
mariadb_griffin_r2,mariadb,2,root/mariadb/sql/sql_select.cc:25962:0:1,/root/mariadb/sql/sql_select.cc,25962,25962,0,0,mariadb_target_001008;mariadb_target_002839
mariadb_griffin_r2,mariadb,2,root/mariadb/sql/sql_select.cc:25962:1:2,/root/mariadb/sql/sql_select.cc,25962,25962,0,0,mariadb_target_001008;mariadb_target_002839
mariadb_griffin_r2,mariadb,2,root/mariadb/sql/sql_select.cc:25962:1:3,/root/mariadb/sql/sql_select.cc,25962,25962,0,0,mariadb_target_001008;mariadb_target_002839
mariadb_griffin_r2,mariadb,2,root/mariadb/sql/sql_select.cc:25979:0:0,/root/mariadb/sql/sql_select.cc,25979,25979,0,0,mariadb_target_001009;mariadb_target_002840
mariadb_griffin_r2,mariadb,2,root/mariadb/sql/sql_select.cc:25979:0:1,/root/mariadb/sql/sql_select.cc,25979,25979,1329,1,mariadb_target_001009;mariadb_target_002840
mariadb_griffin_r2,mariadb,2,root/mariadb/sql/sql_select.cc:25982:0:0,/root/mariadb/sql/sql_select.cc,25982,25982,0,0,mariadb_target_001009;mariadb_target_002840;mariadb_target_002841
mariadb_griffin_r2,mariadb,2,root/mariadb/sql/sql_select.cc:25982:0:1,/root/mariadb/sql/sql_select.cc,25982,25982,0,0,mariadb_target_001009;mariadb_target_002840;mariadb_target_002841
mariadb_griffin_r2,mariadb,2,root/mariadb/sql/sql_select.cc:25982:1:2,/root/mariadb/sql/sql_select.cc,25982,25982,0,0,mariadb_target_001009;mariadb_target_002840;mariadb_target_002841
mariadb_griffin_r2,mariadb,2,root/mariadb/sql/sql_select.cc:25982:1:3,/root/mariadb/sql/sql_select.cc,25982,25982,0,0,mariadb_target_001009;mariadb_target_002840;mariadb_target_002841
mariadb_griffin_r2,mariadb,2,root/mariadb/sql/sql_select.cc:25983:0:0,/root/mariadb/sql/sql_select.cc,25983,25983,0,0,mariadb_target_001009;mariadb_target_002840;mariadb_target_002841
mariadb_griffin_r2,mariadb,2,root/mariadb/sql/sql_select.cc:25983:0:1,/root/mariadb/sql/sql_select.cc,25983,25983,0,0,mariadb_target_001009;mariadb_target_002840;mariadb_target_002841
mariadb_griffin_r2,mariadb,2,root/mariadb/sql/sql_select.cc:25983:1:2,/root/mariadb/sql/sql_select.cc,25983,25983,0,0,mariadb_target_001009;mariadb_target_002840;mariadb_target_002841
mariadb_griffin_r2,mariadb,2,root/mariadb/sql/sql_select.cc:25983:1:3,/root/mariadb/sql/sql_select.cc,25983,25983,0,0,mariadb_target_001009;mariadb_target_002840;mariadb_target_002841
mariadb_griffin_r2,mariadb,2,root/mariadb/sql/sql_select.cc:25983:2:4,/root/mariadb/sql/sql_select.cc,25983,25983,0,0,mariadb_target_001009;mariadb_target_002840;mariadb_target_002841
mariadb_griffin_r2,mariadb,2,root/mariadb/sql/sql_select.cc:25983:2:5,/root/mariadb/sql/sql_select.cc,25983,25983,0,0,mariadb_target_001009;mariadb_target_002840;mariadb_target_002841
mariadb_griffin_r2,mariadb,2,root/mariadb/sql/sql_select.cc:25984:0:0,/root/mariadb/sql/sql_select.cc,25984,25984,0,0,mariadb_target_001009;mariadb_target_002840;mariadb_target_002841
mariadb_griffin_r2,mariadb,2,root/mariadb/sql/sql_select.cc:25984:0:1,/root/mariadb/sql/sql_select.cc,25984,25984,0,0,mariadb_target_001009;mariadb_target_002840;mariadb_target_002841
mariadb_griffin_r2,mariadb,2,root/mariadb/sql/sql_select.cc:25984:1:2,/root/mariadb/sql/sql_select.cc,25984,25984,0,0,mariadb_target_001009;mariadb_target_002840;mariadb_target_002841
mariadb_griffin_r2,mariadb,2,root/mariadb/sql/sql_select.cc:25984:1:3,/root/mariadb/sql/sql_select.cc,25984,25984,0,0,mariadb_target_001009;mariadb_target_002840;mariadb_target_002841
mariadb_griffin_r2,mariadb,2,root/mariadb/sql/sql_select.cc:25985:0:0,/root/mariadb/sql/sql_select.cc,25985,25985,0,0,mariadb_target_001009;mariadb_target_002840;mariadb_target_002841
mariadb_griffin_r2,mariadb,2,root/mariadb/sql/sql_select.cc:25985:0:1,/root/mariadb/sql/sql_select.cc,25985,25985,0,0,mariadb_target_001009;mariadb_target_002840;mariadb_target_002841
mariadb_griffin_r2,mariadb,2,root/mariadb/sql/sql_select.cc:25986:0:0,/root/mariadb/sql/sql_select.cc,25986,25986,0,0,mariadb_target_002841
mariadb_griffin_r2,mariadb,2,root/mariadb/sql/sql_select.cc:25986:0:1,/root/mariadb/sql/sql_select.cc,25986,25986,0,0,mariadb_target_002841
mariadb_griffin_r2,mariadb,2,root/mariadb/sql/sql_select.cc:28195:0:0,/root/mariadb/sql/sql_select.cc,28195,28195,0,0,mariadb_target_001011;mariadb_target_002844
mariadb_griffin_r2,mariadb,2,root/mariadb/sql/sql_select.cc:28195:0:1,/root/mariadb/sql/sql_select.cc,28195,28195,42,1,mariadb_target_001011;mariadb_target_002844
mariadb_griffin_r2,mariadb,2,root/mariadb/sql/sql_select.cc:28235:0:0,/root/mariadb/sql/sql_select.cc,28235,28235,0,0,mariadb_target_001012;mariadb_target_002845
mariadb_griffin_r2,mariadb,2,root/mariadb/sql/sql_select.cc:28235:0:1,/root/mariadb/sql/sql_select.cc,28235,28235,44,1,mariadb_target_001012;mariadb_target_002845
mariadb_griffin_r2,mariadb,2,root/mariadb/sql/sql_select.cc:28245:0:0,/root/mariadb/sql/sql_select.cc,28245,28245,44,1,mariadb_target_001012;mariadb_target_002845
mariadb_griffin_r2,mariadb,2,root/mariadb/sql/sql_select.cc:28245:0:1,/root/mariadb/sql/sql_select.cc,28245,28245,44,1,mariadb_target_001012;mariadb_target_002845
mariadb_griffin_r2,mariadb,2,root/mariadb/sql/sql_select.cc:28247:0:0,/root/mariadb/sql/sql_select.cc,28247,28247,42,1,mariadb_target_001012;mariadb_target_002845
mariadb_griffin_r2,mariadb,2,root/mariadb/sql/sql_select.cc:28247:0:1,/root/mariadb/sql/sql_select.cc,28247,28247,2,1,mariadb_target_001012;mariadb_target_002845
mariadb_griffin_r2,mariadb,2,root/mariadb/sql/sql_select.cc:28249:0:0,/root/mariadb/sql/sql_select.cc,28249,28249,42,1,mariadb_target_001012;mariadb_target_002845
mariadb_griffin_r2,mariadb,2,root/mariadb/sql/sql_select.cc:28249:0:1,/root/mariadb/sql/sql_select.cc,28249,28249,0,0,mariadb_target_001012;mariadb_target_002845
mariadb_griffin_r2,mariadb,2,root/mariadb/sql/sql_select.cc:28258:0:0,/root/mariadb/sql/sql_select.cc,28258,28258,0,0,mariadb_target_001012;mariadb_target_002845
mariadb_griffin_r2,mariadb,2,root/mariadb/sql/sql_select.cc:28258:0:1,/root/mariadb/sql/sql_select.cc,28258,28258,0,0,mariadb_target_001012;mariadb_target_002845
mariadb_griffin_r2,mariadb,2,root/mariadb/sql/sql_select.cc:28270:0:0,/root/mariadb/sql/sql_select.cc,28270,28270,2,1,mariadb_target_001012;mariadb_target_001013;mariadb_target_002845;mariadb_target_002846
mariadb_griffin_r2,mariadb,2,root/mariadb/sql/sql_select.cc:28270:0:1,/root/mariadb/sql/sql_select.cc,28270,28270,42,1,mariadb_target_001012;mariadb_target_001013;mariadb_target_002845;mariadb_target_002846
mariadb_griffin_r2,mariadb,2,root/mariadb/sql/sql_select.cc:28270:1:2,/root/mariadb/sql/sql_select.cc,28270,28270,2,1,mariadb_target_001012;mariadb_target_001013;mariadb_target_002845;mariadb_target_002846
mariadb_griffin_r2,mariadb,2,root/mariadb/sql/sql_select.cc:28270:1:3,/root/mariadb/sql/sql_select.cc,28270,28270,0,0,mariadb_target_001012;mariadb_target_001013;mariadb_target_002845;mariadb_target_002846
mariadb_griffin_r2,mariadb,2,root/mariadb/sql/sql_select.cc:28271:0:0,/root/mariadb/sql/sql_select.cc,28271,28271,2,1,mariadb_target_001012;mariadb_target_001013;mariadb_target_002845;mariadb_target_002846
mariadb_griffin_r2,mariadb,2,root/mariadb/sql/sql_select.cc:28271:0:1,/root/mariadb/sql/sql_select.cc,28271,28271,0,0,mariadb_target_001012;mariadb_target_001013;mariadb_target_002845;mariadb_target_002846
mariadb_griffin_r2,mariadb,2,root/mariadb/sql/sql_select.cc:28287:0:0,/root/mariadb/sql/sql_select.cc,28287,28287,42,1,mariadb_target_001012;mariadb_target_002845
mariadb_griffin_r2,mariadb,2,root/mariadb/sql/sql_select.cc:28287:0:1,/root/mariadb/sql/sql_select.cc,28287,28287,42,1,mariadb_target_001012;mariadb_target_002845
mariadb_griffin_r2,mariadb,2,root/mariadb/sql/sql_select.cc:28289:0:0,/root/mariadb/sql/sql_select.cc,28289,28289,0,0,mariadb_target_001012;mariadb_target_002845
mariadb_griffin_r2,mariadb,2,root/mariadb/sql/sql_select.cc:28289:0:1,/root/mariadb/sql/sql_select.cc,28289,28289,42,1,mariadb_target_001012;mariadb_target_002845
mariadb_griffin_r2,mariadb,2,root/mariadb/sql/sql_select.cc:28290:0:0,/root/mariadb/sql/sql_select.cc,28290,28290,0,0,mariadb_target_001012;mariadb_target_002845
mariadb_griffin_r2,mariadb,2,root/mariadb/sql/sql_select.cc:28290:0:1,/root/mariadb/sql/sql_select.cc,28290,28290,0,0,mariadb_target_001012;mariadb_target_002845
mariadb_griffin_r2,mariadb,2,root/mariadb/sql/sql_select.cc:28297:0:0,/root/mariadb/sql/sql_select.cc,28297,28297,0,0,mariadb_target_001012;mariadb_target_002845
mariadb_griffin_r2,mariadb,2,root/mariadb/sql/sql_select.cc:28297:0:1,/root/mariadb/sql/sql_select.cc,28297,28297,42,1,mariadb_target_001012;mariadb_target_002845
mariadb_griffin_r2,mariadb,2,root/mariadb/sql/sql_select.cc:29626:0:0,/root/mariadb/sql/sql_select.cc,29626,29626,0,0,mariadb_target_001014;mariadb_target_002849
mariadb_griffin_r2,mariadb,2,root/mariadb/sql/sql_select.cc:29626:0:1,/root/mariadb/sql/sql_select.cc,29626,29626,8638,1,mariadb_target_001014;mariadb_target_002849
mariadb_griffin_r2,mariadb,2,root/mariadb/sql/sql_select.cc:30346:0:0,/root/mariadb/sql/sql_select.cc,30346,30346,0,0,mariadb_target_001015;mariadb_target_002851
mariadb_griffin_r2,mariadb,2,root/mariadb/sql/sql_select.cc:30346:0:1,/root/mariadb/sql/sql_select.cc,30346,30346,0,0,mariadb_target_001015;mariadb_target_002851
mariadb_griffin_r2,mariadb,2,root/mariadb/sql/sql_select.cc:32439:0:0,/root/mariadb/sql/sql_select.cc,32439,32439,0,0,mariadb_target_001017;mariadb_target_002868
mariadb_griffin_r2,mariadb,2,root/mariadb/sql/sql_select.cc:32439:0:1,/root/mariadb/sql/sql_select.cc,32439,32439,262,1,mariadb_target_001017;mariadb_target_002868
mariadb_griffin_r2,mariadb,2,root/mariadb/sql/sql_select.cc:32442:0:0,/root/mariadb/sql/sql_select.cc,32442,32442,262,1,mariadb_target_001017;mariadb_target_002868
mariadb_griffin_r2,mariadb,2,root/mariadb/sql/sql_select.cc:32442:0:1,/root/mariadb/sql/sql_select.cc,32442,32442,0,0,mariadb_target_001017;mariadb_target_002868
mariadb_griffin_r2,mariadb,2,root/mariadb/sql/sql_select.cc:32444:0:0,/root/mariadb/sql/sql_select.cc,32444,32444,0,0,mariadb_target_001017;mariadb_target_002868
mariadb_griffin_r2,mariadb,2,root/mariadb/sql/sql_select.cc:32444:0:1,/root/mariadb/sql/sql_select.cc,32444,32444,262,1,mariadb_target_001017;mariadb_target_002868
mariadb_griffin_r2,mariadb,2,root/mariadb/sql/sql_select.cc:32843:0:0,/root/mariadb/sql/sql_select.cc,32843,32843,1755,1,mariadb_target_001019;mariadb_target_002874
mariadb_griffin_r2,mariadb,2,root/mariadb/sql/sql_select.cc:32843:0:1,/root/mariadb/sql/sql_select.cc,32843,32843,731,1,mariadb_target_001019;mariadb_target_002874
mariadb_griffin_r2,mariadb,2,root/mariadb/sql/sql_select.cc:32862:0:0,/root/mariadb/sql/sql_select.cc,32862,32862,328,1,mariadb_target_001020;mariadb_target_002875
mariadb_griffin_r2,mariadb,2,root/mariadb/sql/sql_select.cc:32862:0:1,/root/mariadb/sql/sql_select.cc,32862,32862,403,1,mariadb_target_001020;mariadb_target_002875
mariadb_griffin_r2,mariadb,2,root/mariadb/sql/sql_select.cc:32866:0:0,/root/mariadb/sql/sql_select.cc,32866,32866,328,1,mariadb_target_001020;mariadb_target_002875
mariadb_griffin_r2,mariadb,2,root/mariadb/sql/sql_select.cc:32866:0:1,/root/mariadb/sql/sql_select.cc,32866,32866,403,1,mariadb_target_001020;mariadb_target_002875
mariadb_griffin_r2,mariadb,2,root/mariadb/sql/sql_select.cc:32870:0:0,/root/mariadb/sql/sql_select.cc,32870,32870,7,1,mariadb_target_001020;mariadb_target_002875
mariadb_griffin_r2,mariadb,2,root/mariadb/sql/sql_select.cc:32870:0:1,/root/mariadb/sql/sql_select.cc,32870,32870,321,1,mariadb_target_001020;mariadb_target_002875
mariadb_griffin_r2,mariadb,2,root/mariadb/sql/sql_select.cc:32911:0:0,/root/mariadb/sql/sql_select.cc,32911,32911,22826,1,mariadb_target_001022;mariadb_target_002879
mariadb_griffin_r2,mariadb,2,root/mariadb/sql/sql_select.cc:32911:0:1,/root/mariadb/sql/sql_select.cc,32911,32911,14166,1,mariadb_target_001022;mariadb_target_002879
mariadb_griffin_r2,mariadb,2,root/mariadb/sql/sql_select.cc:32915:0:0,/root/mariadb/sql/sql_select.cc,32915,32915,6333,1,mariadb_target_001022;mariadb_target_002879
mariadb_griffin_r2,mariadb,2,root/mariadb/sql/sql_select.cc:32915:0:1,/root/mariadb/sql/sql_select.cc,32915,32915,30659,1,mariadb_target_001022;mariadb_target_002879
mariadb_griffin_r2,mariadb,2,root/mariadb/sql/sql_select.cc:32919:0:0,/root/mariadb/sql/sql_select.cc,32919,32919,45644,1,mariadb_target_001022;mariadb_target_002879
mariadb_griffin_r2,mariadb,2,root/mariadb/sql/sql_select.cc:32919:0:1,/root/mariadb/sql/sql_select.cc,32919,32919,36992,1,mariadb_target_001022;mariadb_target_002879
mariadb_griffin_r2,mariadb,2,root/mariadb/sql/sql_select.cc:34111:0:0,/root/mariadb/sql/sql_select.cc,34111,34111,0,0,mariadb_target_001023;mariadb_target_002884
mariadb_griffin_r2,mariadb,2,root/mariadb/sql/sql_select.cc:34111:0:1,/root/mariadb/sql/sql_select.cc,34111,34111,0,0,mariadb_target_001023;mariadb_target_002884
mariadb_griffin_r2,mariadb,2,root/mariadb/sql/sql_select.cc:34113:0:0,/root/mariadb/sql/sql_select.cc,34113,34113,0,0,mariadb_target_001023;mariadb_target_002884
mariadb_griffin_r2,mariadb,2,root/mariadb/sql/sql_select.cc:34113:0:1,/root/mariadb/sql/sql_select.cc,34113,34113,0,0,mariadb_target_001023;mariadb_target_002884
mariadb_griffin_r2,mariadb,2,root/mariadb/sql/sql_select.cc:34116:0:0,/root/mariadb/sql/sql_select.cc,34116,34116,0,0,mariadb_target_001023;mariadb_target_002884
mariadb_griffin_r2,mariadb,2,root/mariadb/sql/sql_select.cc:34116:0:1,/root/mariadb/sql/sql_select.cc,34116,34116,0,0,mariadb_target_001023;mariadb_target_002884
mariadb_griffin_r2,mariadb,2,root/mariadb/sql/sql_select.cc:34120:0:0,/root/mariadb/sql/sql_select.cc,34120,34120,0,0,mariadb_target_001023;mariadb_target_002884
mariadb_griffin_r2,mariadb,2,root/mariadb/sql/sql_select.cc:34120:0:1,/root/mariadb/sql/sql_select.cc,34120,34120,0,0,mariadb_target_001023;mariadb_target_002884
mariadb_griffin_r2,mariadb,2,root/mariadb/sql/sql_select.cc:34120:1:2,/root/mariadb/sql/sql_select.cc,34120,34120,0,0,mariadb_target_001023;mariadb_target_002884
mariadb_griffin_r2,mariadb,2,root/mariadb/sql/sql_select.cc:34120:1:3,/root/mariadb/sql/sql_select.cc,34120,34120,0,0,mariadb_target_001023;mariadb_target_002884
mariadb_griffin_r2,mariadb,2,root/mariadb/sql/sql_select.cc:34195:0:0,/root/mariadb/sql/sql_select.cc,34195,34195,56708,1,mariadb_target_001024;mariadb_target_002888
mariadb_griffin_r2,mariadb,2,root/mariadb/sql/sql_select.cc:34195:0:1,/root/mariadb/sql/sql_select.cc,34195,34195,39869,1,mariadb_target_001024;mariadb_target_002888
mariadb_griffin_r2,mariadb,2,root/mariadb/sql/sql_select.cc:34200:0:0,/root/mariadb/sql/sql_select.cc,34200,34200,0,0,mariadb_target_002890
mariadb_griffin_r2,mariadb,2,root/mariadb/sql/sql_select.cc:34200:0:1,/root/mariadb/sql/sql_select.cc,34200,34200,56708,1,mariadb_target_002890
mariadb_griffin_r2,mariadb,2,root/mariadb/sql/sql_select.cc:34201:0:0,/root/mariadb/sql/sql_select.cc,34201,34201,2942,1,mariadb_target_002890
mariadb_griffin_r2,mariadb,2,root/mariadb/sql/sql_select.cc:34201:0:1,/root/mariadb/sql/sql_select.cc,34201,34201,53766,1,mariadb_target_002890
mariadb_griffin_r2,mariadb,2,root/mariadb/sql/sql_select.cc:34202:0:0,/root/mariadb/sql/sql_select.cc,34202,34202,0,0,mariadb_target_002890
mariadb_griffin_r2,mariadb,2,root/mariadb/sql/sql_select.cc:34202:0:1,/root/mariadb/sql/sql_select.cc,34202,34202,56708,1,mariadb_target_002890
mariadb_griffin_r2,mariadb,2,root/mariadb/sql/sql_select.cc:34203:0:0,/root/mariadb/sql/sql_select.cc,34203,34203,11749,1,mariadb_target_002890
mariadb_griffin_r2,mariadb,2,root/mariadb/sql/sql_select.cc:34203:0:1,/root/mariadb/sql/sql_select.cc,34203,34203,44959,1,mariadb_target_002890
mariadb_griffin_r2,mariadb,2,root/mariadb/sql/sql_select.cc:34204:0:0,/root/mariadb/sql/sql_select.cc,34204,34204,0,0,mariadb_target_002890
mariadb_griffin_r2,mariadb,2,root/mariadb/sql/sql_select.cc:34204:0:1,/root/mariadb/sql/sql_select.cc,34204,34204,56708,1,mariadb_target_002890
mariadb_griffin_r2,mariadb,2,root/mariadb/sql/sql_select.cc:34206:0:0,/root/mariadb/sql/sql_select.cc,34206,34206,1140,1,mariadb_target_002890
mariadb_griffin_r2,mariadb,2,root/mariadb/sql/sql_select.cc:34206:0:1,/root/mariadb/sql/sql_select.cc,34206,34206,55568,1,mariadb_target_002890
mariadb_griffin_r2,mariadb,2,root/mariadb/sql/sql_select.cc:34207:0:0,/root/mariadb/sql/sql_select.cc,34207,34207,6,1,mariadb_target_002890
mariadb_griffin_r2,mariadb,2,root/mariadb/sql/sql_select.cc:34207:0:1,/root/mariadb/sql/sql_select.cc,34207,34207,56702,1,mariadb_target_002890
mariadb_griffin_r2,mariadb,2,root/mariadb/sql/sql_select.cc:34208:0:0,/root/mariadb/sql/sql_select.cc,34208,34208,3726,1,mariadb_target_002890
mariadb_griffin_r2,mariadb,2,root/mariadb/sql/sql_select.cc:34208:0:1,/root/mariadb/sql/sql_select.cc,34208,34208,52982,1,mariadb_target_002890
mariadb_griffin_r2,mariadb,2,root/mariadb/sql/sql_select.cc:34209:0:0,/root/mariadb/sql/sql_select.cc,34209,34209,0,0,mariadb_target_002890
mariadb_griffin_r2,mariadb,2,root/mariadb/sql/sql_select.cc:34209:0:1,/root/mariadb/sql/sql_select.cc,34209,34209,4872,1,mariadb_target_002890
mariadb_griffin_r2,mariadb,2,root/mariadb/sql/sql_select.cc:34209:1:2,/root/mariadb/sql/sql_select.cc,34209,34209,0,0,mariadb_target_002890
mariadb_griffin_r2,mariadb,2,root/mariadb/sql/sql_select.cc:34209:1:3,/root/mariadb/sql/sql_select.cc,34209,34209,0,0,mariadb_target_002890
mariadb_griffin_r2,mariadb,2,root/mariadb/sql/sql_select.cc:34212:0:0,/root/mariadb/sql/sql_select.cc,34212,34212,0,0,mariadb_target_002890
mariadb_griffin_r2,mariadb,2,root/mariadb/sql/sql_select.cc:34212:0:1,/root/mariadb/sql/sql_select.cc,34212,34212,56708,1,mariadb_target_002890
mariadb_griffin_r2,mariadb,2,root/mariadb/sql/sql_select.cc:34213:0:0,/root/mariadb/sql/sql_select.cc,34213,34213,37111,1,mariadb_target_002890
mariadb_griffin_r2,mariadb,2,root/mariadb/sql/sql_select.cc:34213:0:1,/root/mariadb/sql/sql_select.cc,34213,34213,19597,1,mariadb_target_002890
mariadb_griffin_r2,mariadb,2,root/mariadb/sql/sql_select.cc:34214:0:0,/root/mariadb/sql/sql_select.cc,34214,34214,0,0,mariadb_target_002890
mariadb_griffin_r2,mariadb,2,root/mariadb/sql/sql_select.cc:34214:0:1,/root/mariadb/sql/sql_select.cc,34214,34214,56708,1,mariadb_target_002890
mariadb_griffin_r2,mariadb,2,root/mariadb/sql/sql_select.cc:34216:0:0,/root/mariadb/sql/sql_select.cc,34216,34216,32571,1,mariadb_target_002890
mariadb_griffin_r2,mariadb,2,root/mariadb/sql/sql_select.cc:34216:0:1,/root/mariadb/sql/sql_select.cc,34216,34216,4540,1,mariadb_target_002890
mariadb_griffin_r2,mariadb,2,root/mariadb/sql/sql_select.cc:34217:0:0,/root/mariadb/sql/sql_select.cc,34217,34217,3260,1,mariadb_target_002890
mariadb_griffin_r2,mariadb,2,root/mariadb/sql/sql_select.cc:34217:0:1,/root/mariadb/sql/sql_select.cc,34217,34217,1280,1,mariadb_target_002890
mariadb_griffin_r2,mariadb,2,root/mariadb/sql/sql_select.cc:34218:0:0,/root/mariadb/sql/sql_select.cc,34218,34218,35830,1,mariadb_target_002890
mariadb_griffin_r2,mariadb,2,root/mariadb/sql/sql_select.cc:34218:0:1,/root/mariadb/sql/sql_select.cc,34218,34218,1281,1,mariadb_target_002890
mariadb_griffin_r2,mariadb,2,root/mariadb/sql/sql_select.cc:34218:1:2,/root/mariadb/sql/sql_select.cc,34218,34218,26,1,mariadb_target_002890
mariadb_griffin_r2,mariadb,2,root/mariadb/sql/sql_select.cc:34218:1:3,/root/mariadb/sql/sql_select.cc,34218,34218,35804,1,mariadb_target_002890
mariadb_griffin_r2,mariadb,2,root/mariadb/sql/sql_select.cc:34218:2:4,/root/mariadb/sql/sql_select.cc,34218,34218,26,1,mariadb_target_002890
mariadb_griffin_r2,mariadb,2,root/mariadb/sql/sql_select.cc:34218:2:5,/root/mariadb/sql/sql_select.cc,34218,34218,0,0,mariadb_target_002890
mariadb_griffin_r2,mariadb,2,root/mariadb/sql/sql_select.cc:34219:0:0,/root/mariadb/sql/sql_select.cc,34219,34219,5,1,mariadb_target_002890
mariadb_griffin_r2,mariadb,2,root/mariadb/sql/sql_select.cc:34219:0:1,/root/mariadb/sql/sql_select.cc,34219,34219,21,1,mariadb_target_002890
mariadb_griffin_r2,mariadb,2,root/mariadb/sql/sql_select.cc:34220:0:0,/root/mariadb/sql/sql_select.cc,34220,34220,5,1,mariadb_target_002890
mariadb_griffin_r2,mariadb,2,root/mariadb/sql/sql_select.cc:34220:0:1,/root/mariadb/sql/sql_select.cc,34220,34220,0,0,mariadb_target_002890
mariadb_griffin_r2,mariadb,2,root/mariadb/sql/sql_select.cc:34223:0:0,/root/mariadb/sql/sql_select.cc,34223,34223,0,0,mariadb_target_002890
mariadb_griffin_r2,mariadb,2,root/mariadb/sql/sql_select.cc:34223:0:1,/root/mariadb/sql/sql_select.cc,34223,34223,56708,1,mariadb_target_002890
mariadb_griffin_r2,mariadb,2,root/mariadb/sql/sql_select.cc:34224:0:0,/root/mariadb/sql/sql_select.cc,34224,34224,34,1,mariadb_target_002890
mariadb_griffin_r2,mariadb,2,root/mariadb/sql/sql_select.cc:34224:0:1,/root/mariadb/sql/sql_select.cc,34224,34224,56674,1,mariadb_target_002890
mariadb_griffin_r2,mariadb,2,root/mariadb/sql/sql_select.cc:34225:0:0,/root/mariadb/sql/sql_select.cc,34225,34225,31,1,mariadb_target_002890
mariadb_griffin_r2,mariadb,2,root/mariadb/sql/sql_select.cc:34225:0:1,/root/mariadb/sql/sql_select.cc,34225,34225,3,1,mariadb_target_002890
mariadb_griffin_r2,mariadb,2,root/mariadb/sql/sql_select.cc:34226:0:0,/root/mariadb/sql/sql_select.cc,34226,34226,0,0,mariadb_target_002890
mariadb_griffin_r2,mariadb,2,root/mariadb/sql/sql_select.cc:34226:0:1,/root/mariadb/sql/sql_select.cc,34226,34226,3,1,mariadb_target_002890
mariadb_griffin_r2,mariadb,2,root/mariadb/sql/sql_select.cc:34227:0:0,/root/mariadb/sql/sql_select.cc,34227,34227,18,1,mariadb_target_002890
mariadb_griffin_r2,mariadb,2,root/mariadb/sql/sql_select.cc:34227:0:1,/root/mariadb/sql/sql_select.cc,34227,34227,13,1,mariadb_target_002890
mariadb_griffin_r2,mariadb,2,root/mariadb/sql/sql_select.cc:34228:0:0,/root/mariadb/sql/sql_select.cc,34228,34228,18,1,mariadb_target_002890
mariadb_griffin_r2,mariadb,2,root/mariadb/sql/sql_select.cc:34228:0:1,/root/mariadb/sql/sql_select.cc,34228,34228,0,0,mariadb_target_002890
mariadb_griffin_r2,mariadb,2,root/mariadb/sql/sql_select.cc:34234:0:0,/root/mariadb/sql/sql_select.cc,34234,34234,0,0,mariadb_target_002890
mariadb_griffin_r2,mariadb,2,root/mariadb/sql/sql_select.cc:34234:0:1,/root/mariadb/sql/sql_select.cc,34234,34234,56708,1,mariadb_target_002890
mariadb_griffin_r2,mariadb,2,root/mariadb/sql/sql_select.cc:34239:0:0,/root/mariadb/sql/sql_select.cc,34239,34239,23,1,mariadb_target_002890
mariadb_griffin_r2,mariadb,2,root/mariadb/sql/sql_select.cc:34239:0:1,/root/mariadb/sql/sql_select.cc,34239,34239,56685,1,mariadb_target_002890
mariadb_griffin_r2,mariadb,2,root/mariadb/sql/sql_select.cc:34240:0:0,/root/mariadb/sql/sql_select.cc,34240,34240,23,1,mariadb_target_002890
mariadb_griffin_r2,mariadb,2,root/mariadb/sql/sql_select.cc:34240:0:1,/root/mariadb/sql/sql_select.cc,34240,34240,0,0,mariadb_target_002890
mariadb_griffin_r2,mariadb,2,root/mariadb/sql/sql_select.cc:34344:0:0,/root/mariadb/sql/sql_select.cc,34344,34344,0,0,mariadb_target_002893
mariadb_griffin_r2,mariadb,2,root/mariadb/sql/sql_select.cc:34344:0:1,/root/mariadb/sql/sql_select.cc,34344,34344,134067,1,mariadb_target_002893
mariadb_griffin_r2,mariadb,2,root/mariadb/sql/sql_select.cc:34359:0:0,/root/mariadb/sql/sql_select.cc,34359,34359,0,0,mariadb_target_002895
mariadb_griffin_r2,mariadb,2,root/mariadb/sql/sql_select.cc:34359:0:1,/root/mariadb/sql/sql_select.cc,34359,34359,0,0,mariadb_target_002895
mariadb_griffin_r2,mariadb,2,root/mariadb/sql/sql_select.cc:34360:0:0,/root/mariadb/sql/sql_select.cc,34360,34360,0,0,mariadb_target_002895
mariadb_griffin_r2,mariadb,2,root/mariadb/sql/sql_select.cc:34360:0:1,/root/mariadb/sql/sql_select.cc,34360,34360,0,0,mariadb_target_002895
mariadb_griffin_r2,mariadb,2,root/mariadb/sql/sql_select.cc:34368:0:0,/root/mariadb/sql/sql_select.cc,34368,34368,0,0,mariadb_target_002895
mariadb_griffin_r2,mariadb,2,root/mariadb/sql/sql_select.cc:34368:0:1,/root/mariadb/sql/sql_select.cc,34368,34368,0,0,mariadb_target_002895
mariadb_griffin_r2,mariadb,2,root/mariadb/sql/sql_select.cc:34488:0:0,/root/mariadb/sql/sql_select.cc,34488,34488,0,0,mariadb_target_001026;mariadb_target_002897
mariadb_griffin_r2,mariadb,2,root/mariadb/sql/sql_select.cc:34488:0:1,/root/mariadb/sql/sql_select.cc,34488,34488,0,0,mariadb_target_001026;mariadb_target_002897
mariadb_griffin_r2,mariadb,2,root/mariadb/sql/sql_select.h:2156:0:0,/root/mariadb/sql/sql_select.h,2156,2156,0,0,mariadb_target_002930
mariadb_griffin_r2,mariadb,2,root/mariadb/sql/sql_select.h:2156:0:1,/root/mariadb/sql/sql_select.h,2156,2156,40568,1,mariadb_target_002930
mariadb_griffin_r2,mariadb,2,root/mariadb/sql/sql_select.h:2206:0:0,/root/mariadb/sql/sql_select.h,2206,2206,6505,1,mariadb_target_002932;mariadb_target_002933
mariadb_griffin_r2,mariadb,2,root/mariadb/sql/sql_select.h:2206:0:1,/root/mariadb/sql/sql_select.h,2206,2206,4396,1,mariadb_target_002932;mariadb_target_002933
mariadb_griffin_r2,mariadb,2,root/mariadb/sql/sql_select.h:2214:0:0,/root/mariadb/sql/sql_select.h,2214,2214,10891,1,mariadb_target_002933;mariadb_target_002934
mariadb_griffin_r2,mariadb,2,root/mariadb/sql/sql_select.h:2214:0:1,/root/mariadb/sql/sql_select.h,2214,2214,10,1,mariadb_target_002933;mariadb_target_002934
mariadb_griffin_r2,mariadb,2,root/mariadb/sql/sql_select.h:2214:1:2,/root/mariadb/sql/sql_select.h,2214,2214,1,1,mariadb_target_002933;mariadb_target_002934
mariadb_griffin_r2,mariadb,2,root/mariadb/sql/sql_select.h:2214:1:3,/root/mariadb/sql/sql_select.h,2214,2214,10890,1,mariadb_target_002933;mariadb_target_002934
mariadb_griffin_r2,mariadb,2,root/mariadb/sql/sql_select.h:2217:0:0,/root/mariadb/sql/sql_select.h,2217,2217,2174,1,mariadb_target_002934
mariadb_griffin_r2,mariadb,2,root/mariadb/sql/sql_select.h:2217:0:1,/root/mariadb/sql/sql_select.h,2217,2217,8727,1,mariadb_target_002934
mariadb_griffin_r2,mariadb,2,root/mariadb/sql/sql_select.h:2217:1:2,/root/mariadb/sql/sql_select.h,2217,2217,4,1,mariadb_target_002934
mariadb_griffin_r2,mariadb,2,root/mariadb/sql/sql_select.h:2217:1:3,/root/mariadb/sql/sql_select.h,2217,2217,8723,1,mariadb_target_002934
mariadb_griffin_r2,mariadb,2,root/mariadb/sql/sql_select.h:2218:0:0,/root/mariadb/sql/sql_select.h,2218,2218,298,1,mariadb_target_002934
mariadb_griffin_r2,mariadb,2,root/mariadb/sql/sql_select.h:2218:0:1,/root/mariadb/sql/sql_select.h,2218,2218,10603,1,mariadb_target_002934
mariadb_griffin_r2,mariadb,2,root/mariadb/sql/sql_select.h:2218:1:2,/root/mariadb/sql/sql_select.h,2218,2218,4,1,mariadb_target_002934
mariadb_griffin_r2,mariadb,2,root/mariadb/sql/sql_select.h:2218:1:3,/root/mariadb/sql/sql_select.h,2218,2218,10599,1,mariadb_target_002934
mariadb_griffin_r2,mariadb,2,root/mariadb/sql/sql_select.h:2218:2:4,/root/mariadb/sql/sql_select.h,2218,2218,0,0,mariadb_target_002934
mariadb_griffin_r2,mariadb,2,root/mariadb/sql/sql_select.h:2218:2:5,/root/mariadb/sql/sql_select.h,2218,2218,10599,1,mariadb_target_002934
mariadb_griffin_r2,mariadb,2,root/mariadb/sql/sql_select.h:2248:0:0,/root/mariadb/sql/sql_select.h,2248,2248,3,1,mariadb_target_001039;mariadb_target_002935
mariadb_griffin_r2,mariadb,2,root/mariadb/sql/sql_select.h:2248:0:1,/root/mariadb/sql/sql_select.h,2248,2248,0,0,mariadb_target_001039;mariadb_target_002935
mariadb_griffin_r2,mariadb,2,root/mariadb/sql/sql_select.h:2254:0:0,/root/mariadb/sql/sql_select.h,2254,2254,0,0,mariadb_target_001039;mariadb_target_001040;mariadb_target_002935;mariadb_target_002936
mariadb_griffin_r2,mariadb,2,root/mariadb/sql/sql_select.h:2254:0:1,/root/mariadb/sql/sql_select.h,2254,2254,3,1,mariadb_target_001039;mariadb_target_001040;mariadb_target_002935;mariadb_target_002936
mariadb_griffin_r2,mariadb,2,root/mariadb/sql/sql_select.h:2256:0:0,/root/mariadb/sql/sql_select.h,2256,2256,0,0,mariadb_target_001039;mariadb_target_001040;mariadb_target_002935;mariadb_target_002936
mariadb_griffin_r2,mariadb,2,root/mariadb/sql/sql_select.h:2256:0:1,/root/mariadb/sql/sql_select.h,2256,2256,0,0,mariadb_target_001039;mariadb_target_001040;mariadb_target_002935;mariadb_target_002936
mariadb_griffin_r2,mariadb,2,root/mariadb/sql/sql_select.h:2257:0:0,/root/mariadb/sql/sql_select.h,2257,2257,0,0,mariadb_target_001040;mariadb_target_002936
mariadb_griffin_r2,mariadb,2,root/mariadb/sql/sql_select.h:2257:0:1,/root/mariadb/sql/sql_select.h,2257,2257,0,0,mariadb_target_001040;mariadb_target_002936
mariadb_griffin_r2,mariadb,2,root/mariadb/sql/sql_select.h:2263:0:0,/root/mariadb/sql/sql_select.h,2263,2263,3,1,mariadb_target_001040;mariadb_target_002936;mariadb_target_002937
mariadb_griffin_r2,mariadb,2,root/mariadb/sql/sql_select.h:2263:0:1,/root/mariadb/sql/sql_select.h,2263,2263,0,0,mariadb_target_001040;mariadb_target_002936;mariadb_target_002937
mariadb_griffin_r2,mariadb,2,root/mariadb/sql/sql_select.h:2263:1:2,/root/mariadb/sql/sql_select.h,2263,2263,0,0,mariadb_target_001040;mariadb_target_002936;mariadb_target_002937
mariadb_griffin_r2,mariadb,2,root/mariadb/sql/sql_select.h:2263:1:3,/root/mariadb/sql/sql_select.h,2263,2263,3,1,mariadb_target_001040;mariadb_target_002936;mariadb_target_002937
mariadb_griffin_r2,mariadb,2,root/mariadb/sql/sql_select.h:2267:0:0,/root/mariadb/sql/sql_select.h,2267,2267,0,0,mariadb_target_002937
mariadb_griffin_r2,mariadb,2,root/mariadb/sql/sql_select.h:2267:0:1,/root/mariadb/sql/sql_select.h,2267,2267,3,1,mariadb_target_002937
mariadb_griffin_r2,mariadb,2,root/mariadb/sql/sql_select.h:2267:1:2,/root/mariadb/sql/sql_select.h,2267,2267,0,0,mariadb_target_002937
mariadb_griffin_r2,mariadb,2,root/mariadb/sql/sql_select.h:2267:1:3,/root/mariadb/sql/sql_select.h,2267,2267,3,1,mariadb_target_002937
mariadb_griffin_r2,mariadb,2,root/mariadb/sql/sql_select.h:2268:0:0,/root/mariadb/sql/sql_select.h,2268,2268,0,0,mariadb_target_002937
mariadb_griffin_r2,mariadb,2,root/mariadb/sql/sql_select.h:2268:0:1,/root/mariadb/sql/sql_select.h,2268,2268,3,1,mariadb_target_002937
mariadb_griffin_r2,mariadb,2,root/mariadb/sql/sql_statistics.cc:2037:0:0,/root/mariadb/sql/sql_statistics.cc,2037,2037,0,0,mariadb_target_001045;mariadb_target_002943
mariadb_griffin_r2,mariadb,2,root/mariadb/sql/sql_statistics.cc:2037:0:1,/root/mariadb/sql/sql_statistics.cc,2037,2037,0,0,mariadb_target_001045;mariadb_target_002943
mariadb_griffin_r2,mariadb,2,root/mariadb/sql/sql_statistics.cc:2475:0:0,/root/mariadb/sql/sql_statistics.cc,2475,2475,0,0,mariadb_target_001046;mariadb_target_002944
mariadb_griffin_r2,mariadb,2,root/mariadb/sql/sql_statistics.cc:2475:0:1,/root/mariadb/sql/sql_statistics.cc,2475,2475,0,0,mariadb_target_001046;mariadb_target_002944
mariadb_griffin_r2,mariadb,2,root/mariadb/sql/sql_string.cc:254:0:0,/root/mariadb/sql/sql_string.cc,254,254,0,0,mariadb_target_002946
mariadb_griffin_r2,mariadb,2,root/mariadb/sql/sql_string.cc:254:0:1,/root/mariadb/sql/sql_string.cc,254,254,6787,1,mariadb_target_002946
mariadb_griffin_r2,mariadb,2,root/mariadb/sql/sql_string.cc:256:0:0,/root/mariadb/sql/sql_string.cc,256,256,4041,1,mariadb_target_002946
mariadb_griffin_r2,mariadb,2,root/mariadb/sql/sql_string.cc:256:0:1,/root/mariadb/sql/sql_string.cc,256,256,2746,1,mariadb_target_002946
mariadb_griffin_r2,mariadb,2,root/mariadb/sql/sql_string.cc:265:0:0,/root/mariadb/sql/sql_string.cc,265,265,0,0,mariadb_target_001048;mariadb_target_002947
mariadb_griffin_r2,mariadb,2,root/mariadb/sql/sql_string.cc:265:0:1,/root/mariadb/sql/sql_string.cc,265,265,56128,1,mariadb_target_001048;mariadb_target_002947
mariadb_griffin_r2,mariadb,2,root/mariadb/sql/sql_string.cc:267:0:0,/root/mariadb/sql/sql_string.cc,267,267,0,0,mariadb_target_001048;mariadb_target_002947
mariadb_griffin_r2,mariadb,2,root/mariadb/sql/sql_string.cc:267:0:1,/root/mariadb/sql/sql_string.cc,267,267,56128,1,mariadb_target_001048;mariadb_target_002947
mariadb_griffin_r2,mariadb,2,root/mariadb/sql/sql_string.cc:267:1:2,/root/mariadb/sql/sql_string.cc,267,267,0,0,mariadb_target_001048;mariadb_target_002947
mariadb_griffin_r2,mariadb,2,root/mariadb/sql/sql_string.cc:267:1:3,/root/mariadb/sql/sql_string.cc,267,267,0,0,mariadb_target_001048;mariadb_target_002947
mariadb_griffin_r2,mariadb,2,root/mariadb/sql/sql_string.cc:276:0:0,/root/mariadb/sql/sql_string.cc,276,276,56088,1,mariadb_target_002948
mariadb_griffin_r2,mariadb,2,root/mariadb/sql/sql_string.cc:276:0:1,/root/mariadb/sql/sql_string.cc,276,276,40,1,mariadb_target_002948
mariadb_griffin_r2,mariadb,2,root/mariadb/sql/sql_string.h:1150:0:0,/root/mariadb/sql/sql_string.h,1150,1150,0,0,mariadb_target_001050;mariadb_target_002950
mariadb_griffin_r2,mariadb,2,root/mariadb/sql/sql_string.h:1150:0:1,/root/mariadb/sql/sql_string.h,1150,1150,550,1,mariadb_target_001050;mariadb_target_002950
mariadb_griffin_r2,mariadb,2,root/mariadb/sql/sql_table.cc:544:0:0,/root/mariadb/sql/sql_table.cc,544,544,0,0,mariadb_target_002961
mariadb_griffin_r2,mariadb,2,root/mariadb/sql/sql_table.cc:544:0:1,/root/mariadb/sql/sql_table.cc,544,544,0,0,mariadb_target_002961
mariadb_griffin_r2,mariadb,2,root/mariadb/sql/sql_table.cc:7900:0:0,/root/mariadb/sql/sql_table.cc,7900,7900,0,0,mariadb_target_001060;mariadb_target_002962;mariadb_target_002963
mariadb_griffin_r2,mariadb,2,root/mariadb/sql/sql_table.cc:7900:0:1,/root/mariadb/sql/sql_table.cc,7900,7900,91,1,mariadb_target_001060;mariadb_target_002962;mariadb_target_002963
mariadb_griffin_r2,mariadb,2,root/mariadb/sql/sql_table.cc:8481:0:0,/root/mariadb/sql/sql_table.cc,8481,8481,0,0,mariadb_target_001061;mariadb_target_002964
mariadb_griffin_r2,mariadb,2,root/mariadb/sql/sql_table.cc:8481:0:1,/root/mariadb/sql/sql_table.cc,8481,8481,0,0,mariadb_target_001061;mariadb_target_002964
mariadb_griffin_r2,mariadb,2,root/mariadb/sql/sql_table.cc:10327:0:0,/root/mariadb/sql/sql_table.cc,10327,10327,0,0,mariadb_target_001054;mariadb_target_002954
mariadb_griffin_r2,mariadb,2,root/mariadb/sql/sql_table.cc:10327:0:1,/root/mariadb/sql/sql_table.cc,10327,10327,0,0,mariadb_target_001054;mariadb_target_002954
mariadb_griffin_r2,mariadb,2,root/mariadb/sql/sql_table.cc:10328:0:0,/root/mariadb/sql/sql_table.cc,10328,10328,0,0,mariadb_target_001054;mariadb_target_002954
mariadb_griffin_r2,mariadb,2,root/mariadb/sql/sql_table.cc:10328:0:1,/root/mariadb/sql/sql_table.cc,10328,10328,0,0,mariadb_target_001054;mariadb_target_002954
mariadb_griffin_r2,mariadb,2,root/mariadb/sql/sql_table.cc:13531:0:0,/root/mariadb/sql/sql_table.cc,13531,13531,171,1,mariadb_target_001058;mariadb_target_002958
mariadb_griffin_r2,mariadb,2,root/mariadb/sql/sql_table.cc:13531:0:1,/root/mariadb/sql/sql_table.cc,13531,13531,844,1,mariadb_target_001058;mariadb_target_002958
mariadb_griffin_r2,mariadb,2,root/mariadb/sql/sql_table.cc:13532:0:0,/root/mariadb/sql/sql_table.cc,13532,13532,171,1,mariadb_target_001058;mariadb_target_002958
mariadb_griffin_r2,mariadb,2,root/mariadb/sql/sql_table.cc:13532:0:1,/root/mariadb/sql/sql_table.cc,13532,13532,0,0,mariadb_target_001058;mariadb_target_002958
mariadb_griffin_r2,mariadb,2,root/mariadb/sql/sql_table.cc:13533:0:0,/root/mariadb/sql/sql_table.cc,13533,13533,16,1,mariadb_target_001058;mariadb_target_002958
mariadb_griffin_r2,mariadb,2,root/mariadb/sql/sql_table.cc:13533:0:1,/root/mariadb/sql/sql_table.cc,13533,13533,828,1,mariadb_target_001058;mariadb_target_002958
mariadb_griffin_r2,mariadb,2,root/mariadb/sql/sql_table.cc:13536:0:0,/root/mariadb/sql/sql_table.cc,13536,13536,0,0,mariadb_target_001058;mariadb_target_002958
mariadb_griffin_r2,mariadb,2,root/mariadb/sql/sql_table.cc:13536:0:1,/root/mariadb/sql/sql_table.cc,13536,13536,828,1,mariadb_target_001058;mariadb_target_002958
mariadb_griffin_r2,mariadb,2,root/mariadb/sql/sql_table.cc:13785:0:0,/root/mariadb/sql/sql_table.cc,13785,13785,0,0,mariadb_target_002959
mariadb_griffin_r2,mariadb,2,root/mariadb/sql/sql_table.cc:13785:0:1,/root/mariadb/sql/sql_table.cc,13785,13785,0,0,mariadb_target_002959
mariadb_griffin_r2,mariadb,2,root/mariadb/sql/sql_tvc.cc:317:0:0,/root/mariadb/sql/sql_tvc.cc,317,317,0,0,mariadb_target_002967
mariadb_griffin_r2,mariadb,2,root/mariadb/sql/sql_tvc.cc:317:0:1,/root/mariadb/sql/sql_tvc.cc,317,317,14,1,mariadb_target_002967
mariadb_griffin_r2,mariadb,2,root/mariadb/sql/sql_tvc.cc:320:0:0,/root/mariadb/sql/sql_tvc.cc,320,320,0,0,mariadb_target_002967
mariadb_griffin_r2,mariadb,2,root/mariadb/sql/sql_tvc.cc:320:0:1,/root/mariadb/sql/sql_tvc.cc,320,320,0,0,mariadb_target_002967
mariadb_griffin_r2,mariadb,2,root/mariadb/sql/sql_tvc.cc:323:0:0,/root/mariadb/sql/sql_tvc.cc,323,323,0,0,mariadb_target_002967
mariadb_griffin_r2,mariadb,2,root/mariadb/sql/sql_tvc.cc:323:0:1,/root/mariadb/sql/sql_tvc.cc,323,323,0,0,mariadb_target_002967
mariadb_griffin_r2,mariadb,2,root/mariadb/sql/sql_type.cc:488:0:0,/root/mariadb/sql/sql_type.cc,488,488,12,1,mariadb_target_001065;mariadb_target_002969
mariadb_griffin_r2,mariadb,2,root/mariadb/sql/sql_type.cc:488:0:1,/root/mariadb/sql/sql_type.cc,488,488,3,1,mariadb_target_001065;mariadb_target_002969
mariadb_griffin_r2,mariadb,2,root/mariadb/sql/sql_type_fixedbin.h:274:0:0,/root/mariadb/sql/sql_type_fixedbin.h,274,274,0,0,mariadb_target_001070;mariadb_target_001071;mariadb_target_002987;mariadb_target_002988
mariadb_griffin_r2,mariadb,2,root/mariadb/sql/sql_type_fixedbin.h:274:0:1,/root/mariadb/sql/sql_type_fixedbin.h,274,274,0,0,mariadb_target_001070;mariadb_target_001071;mariadb_target_002987;mariadb_target_002988
mariadb_griffin_r2,mariadb,2,root/mariadb/sql/sql_type_fixedbin.h:274:1:2,/root/mariadb/sql/sql_type_fixedbin.h,274,274,0,0,mariadb_target_001070;mariadb_target_001071;mariadb_target_002987;mariadb_target_002988
mariadb_griffin_r2,mariadb,2,root/mariadb/sql/sql_type_fixedbin.h:274:1:3,/root/mariadb/sql/sql_type_fixedbin.h,274,274,0,0,mariadb_target_001070;mariadb_target_001071;mariadb_target_002987;mariadb_target_002988
mariadb_griffin_r2,mariadb,2,root/mariadb/sql/sql_type_fixedbin.h:274:2:4,/root/mariadb/sql/sql_type_fixedbin.h,274,274,0,0,mariadb_target_001070;mariadb_target_001071;mariadb_target_002987;mariadb_target_002988
mariadb_griffin_r2,mariadb,2,root/mariadb/sql/sql_type_fixedbin.h:274:2:5,/root/mariadb/sql/sql_type_fixedbin.h,274,274,0,0,mariadb_target_001070;mariadb_target_001071;mariadb_target_002987;mariadb_target_002988
mariadb_griffin_r2,mariadb,2,root/mariadb/sql/sql_type_fixedbin.h:274:3:6,/root/mariadb/sql/sql_type_fixedbin.h,274,274,0,0,mariadb_target_001070;mariadb_target_001071;mariadb_target_002987;mariadb_target_002988
mariadb_griffin_r2,mariadb,2,root/mariadb/sql/sql_type_fixedbin.h:274:3:7,/root/mariadb/sql/sql_type_fixedbin.h,274,274,0,0,mariadb_target_001070;mariadb_target_001071;mariadb_target_002987;mariadb_target_002988
mariadb_griffin_r2,mariadb,2,root/mariadb/sql/sql_type_fixedbin.h:454:0:0,/root/mariadb/sql/sql_type_fixedbin.h,454,454,0,0,mariadb_target_001073;mariadb_target_001074;mariadb_target_002990;mariadb_target_002991
mariadb_griffin_r2,mariadb,2,root/mariadb/sql/sql_type_fixedbin.h:454:0:1,/root/mariadb/sql/sql_type_fixedbin.h,454,454,0,0,mariadb_target_001073;mariadb_target_001074;mariadb_target_002990;mariadb_target_002991
mariadb_griffin_r2,mariadb,2,root/mariadb/sql/sql_type_fixedbin.h:454:1:2,/root/mariadb/sql/sql_type_fixedbin.h,454,454,0,0,mariadb_target_001073;mariadb_target_001074;mariadb_target_002990;mariadb_target_002991
mariadb_griffin_r2,mariadb,2,root/mariadb/sql/sql_type_fixedbin.h:454:1:3,/root/mariadb/sql/sql_type_fixedbin.h,454,454,0,0,mariadb_target_001073;mariadb_target_001074;mariadb_target_002990;mariadb_target_002991
mariadb_griffin_r2,mariadb,2,root/mariadb/sql/sql_type_fixedbin.h:454:2:4,/root/mariadb/sql/sql_type_fixedbin.h,454,454,0,0,mariadb_target_001073;mariadb_target_001074;mariadb_target_002990;mariadb_target_002991
mariadb_griffin_r2,mariadb,2,root/mariadb/sql/sql_type_fixedbin.h:454:2:5,/root/mariadb/sql/sql_type_fixedbin.h,454,454,0,0,mariadb_target_001073;mariadb_target_001074;mariadb_target_002990;mariadb_target_002991
mariadb_griffin_r2,mariadb,2,root/mariadb/sql/sql_type_fixedbin.h:454:3:6,/root/mariadb/sql/sql_type_fixedbin.h,454,454,0,0,mariadb_target_001073;mariadb_target_001074;mariadb_target_002990;mariadb_target_002991
mariadb_griffin_r2,mariadb,2,root/mariadb/sql/sql_type_fixedbin.h:454:3:7,/root/mariadb/sql/sql_type_fixedbin.h,454,454,0,0,mariadb_target_001073;mariadb_target_001074;mariadb_target_002990;mariadb_target_002991
mariadb_griffin_r2,mariadb,2,root/mariadb/sql/sql_type_fixedbin.h:555:0:0,/root/mariadb/sql/sql_type_fixedbin.h,555,555,0,0,mariadb_target_001075;mariadb_target_002992
mariadb_griffin_r2,mariadb,2,root/mariadb/sql/sql_type_fixedbin.h:555:0:1,/root/mariadb/sql/sql_type_fixedbin.h,555,555,0,0,mariadb_target_001075;mariadb_target_002992
mariadb_griffin_r2,mariadb,2,root/mariadb/sql/sql_type_fixedbin.h:555:1:2,/root/mariadb/sql/sql_type_fixedbin.h,555,555,0,0,mariadb_target_001075;mariadb_target_002992
mariadb_griffin_r2,mariadb,2,root/mariadb/sql/sql_type_fixedbin.h:555:1:3,/root/mariadb/sql/sql_type_fixedbin.h,555,555,0,0,mariadb_target_001075;mariadb_target_002992
mariadb_griffin_r2,mariadb,2,root/mariadb/sql/sql_type_fixedbin.h:555:2:4,/root/mariadb/sql/sql_type_fixedbin.h,555,555,0,0,mariadb_target_001075;mariadb_target_002992
mariadb_griffin_r2,mariadb,2,root/mariadb/sql/sql_type_fixedbin.h:555:2:5,/root/mariadb/sql/sql_type_fixedbin.h,555,555,0,0,mariadb_target_001075;mariadb_target_002992
mariadb_griffin_r2,mariadb,2,root/mariadb/sql/sql_type_fixedbin.h:555:3:6,/root/mariadb/sql/sql_type_fixedbin.h,555,555,0,0,mariadb_target_001075;mariadb_target_002992
mariadb_griffin_r2,mariadb,2,root/mariadb/sql/sql_type_fixedbin.h:555:3:7,/root/mariadb/sql/sql_type_fixedbin.h,555,555,0,0,mariadb_target_001075;mariadb_target_002992
mariadb_griffin_r2,mariadb,2,root/mariadb/sql/sql_type_fixedbin.h:556:0:0,/root/mariadb/sql/sql_type_fixedbin.h,556,556,0,0,mariadb_target_001075;mariadb_target_002992
mariadb_griffin_r2,mariadb,2,root/mariadb/sql/sql_type_fixedbin.h:556:0:1,/root/mariadb/sql/sql_type_fixedbin.h,556,556,0,0,mariadb_target_001075;mariadb_target_002992
mariadb_griffin_r2,mariadb,2,root/mariadb/sql/sql_type_fixedbin.h:556:1:2,/root/mariadb/sql/sql_type_fixedbin.h,556,556,0,0,mariadb_target_001075;mariadb_target_002992
mariadb_griffin_r2,mariadb,2,root/mariadb/sql/sql_type_fixedbin.h:556:1:3,/root/mariadb/sql/sql_type_fixedbin.h,556,556,0,0,mariadb_target_001075;mariadb_target_002992
mariadb_griffin_r2,mariadb,2,root/mariadb/sql/sql_type_fixedbin.h:556:2:4,/root/mariadb/sql/sql_type_fixedbin.h,556,556,0,0,mariadb_target_001075;mariadb_target_002992
mariadb_griffin_r2,mariadb,2,root/mariadb/sql/sql_type_fixedbin.h:556:2:5,/root/mariadb/sql/sql_type_fixedbin.h,556,556,0,0,mariadb_target_001075;mariadb_target_002992
mariadb_griffin_r2,mariadb,2,root/mariadb/sql/sql_type_fixedbin.h:556:3:6,/root/mariadb/sql/sql_type_fixedbin.h,556,556,0,0,mariadb_target_001075;mariadb_target_002992
mariadb_griffin_r2,mariadb,2,root/mariadb/sql/sql_type_fixedbin.h:556:3:7,/root/mariadb/sql/sql_type_fixedbin.h,556,556,0,0,mariadb_target_001075;mariadb_target_002992
mariadb_griffin_r2,mariadb,2,root/mariadb/sql/sql_type_fixedbin.h:845:0:0,/root/mariadb/sql/sql_type_fixedbin.h,845,845,0,0,mariadb_target_001076;mariadb_target_001077;mariadb_target_002994;mariadb_target_002995;mariadb_target_002996
mariadb_griffin_r2,mariadb,2,root/mariadb/sql/sql_type_fixedbin.h:845:0:1,/root/mariadb/sql/sql_type_fixedbin.h,845,845,0,0,mariadb_target_001076;mariadb_target_001077;mariadb_target_002994;mariadb_target_002995;mariadb_target_002996
mariadb_griffin_r2,mariadb,2,root/mariadb/sql/sql_type_fixedbin.h:845:1:2,/root/mariadb/sql/sql_type_fixedbin.h,845,845,0,0,mariadb_target_001076;mariadb_target_001077;mariadb_target_002994;mariadb_target_002995;mariadb_target_002996
mariadb_griffin_r2,mariadb,2,root/mariadb/sql/sql_type_fixedbin.h:845:1:3,/root/mariadb/sql/sql_type_fixedbin.h,845,845,0,0,mariadb_target_001076;mariadb_target_001077;mariadb_target_002994;mariadb_target_002995;mariadb_target_002996
mariadb_griffin_r2,mariadb,2,root/mariadb/sql/sql_type_fixedbin.h:845:2:4,/root/mariadb/sql/sql_type_fixedbin.h,845,845,0,0,mariadb_target_001076;mariadb_target_001077;mariadb_target_002994;mariadb_target_002995;mariadb_target_002996
mariadb_griffin_r2,mariadb,2,root/mariadb/sql/sql_type_fixedbin.h:845:2:5,/root/mariadb/sql/sql_type_fixedbin.h,845,845,0,0,mariadb_target_001076;mariadb_target_001077;mariadb_target_002994;mariadb_target_002995;mariadb_target_002996
mariadb_griffin_r2,mariadb,2,root/mariadb/sql/sql_type_fixedbin.h:845:3:6,/root/mariadb/sql/sql_type_fixedbin.h,845,845,0,0,mariadb_target_001076;mariadb_target_001077;mariadb_target_002994;mariadb_target_002995;mariadb_target_002996
mariadb_griffin_r2,mariadb,2,root/mariadb/sql/sql_type_fixedbin.h:845:3:7,/root/mariadb/sql/sql_type_fixedbin.h,845,845,0,0,mariadb_target_001076;mariadb_target_001077;mariadb_target_002994;mariadb_target_002995;mariadb_target_002996
mariadb_griffin_r2,mariadb,2,root/mariadb/sql/sql_type_fixedbin.h:851:0:0,/root/mariadb/sql/sql_type_fixedbin.h,851,851,0,0,mariadb_target_001077;mariadb_target_001078;mariadb_target_002996;mariadb_target_002997;mariadb_target_002998
mariadb_griffin_r2,mariadb,2,root/mariadb/sql/sql_type_fixedbin.h:851:0:1,/root/mariadb/sql/sql_type_fixedbin.h,851,851,0,0,mariadb_target_001077;mariadb_target_001078;mariadb_target_002996;mariadb_target_002997;mariadb_target_002998
mariadb_griffin_r2,mariadb,2,root/mariadb/sql/sql_type_fixedbin.h:851:1:2,/root/mariadb/sql/sql_type_fixedbin.h,851,851,0,0,mariadb_target_001077;mariadb_target_001078;mariadb_target_002996;mariadb_target_002997;mariadb_target_002998
mariadb_griffin_r2,mariadb,2,root/mariadb/sql/sql_type_fixedbin.h:851:1:3,/root/mariadb/sql/sql_type_fixedbin.h,851,851,0,0,mariadb_target_001077;mariadb_target_001078;mariadb_target_002996;mariadb_target_002997;mariadb_target_002998
mariadb_griffin_r2,mariadb,2,root/mariadb/sql/sql_type_fixedbin.h:851:2:4,/root/mariadb/sql/sql_type_fixedbin.h,851,851,0,0,mariadb_target_001077;mariadb_target_001078;mariadb_target_002996;mariadb_target_002997;mariadb_target_002998
mariadb_griffin_r2,mariadb,2,root/mariadb/sql/sql_type_fixedbin.h:851:2:5,/root/mariadb/sql/sql_type_fixedbin.h,851,851,0,0,mariadb_target_001077;mariadb_target_001078;mariadb_target_002996;mariadb_target_002997;mariadb_target_002998
mariadb_griffin_r2,mariadb,2,root/mariadb/sql/sql_type_fixedbin.h:851:3:6,/root/mariadb/sql/sql_type_fixedbin.h,851,851,0,0,mariadb_target_001077;mariadb_target_001078;mariadb_target_002996;mariadb_target_002997;mariadb_target_002998
mariadb_griffin_r2,mariadb,2,root/mariadb/sql/sql_type_fixedbin.h:851:3:7,/root/mariadb/sql/sql_type_fixedbin.h,851,851,0,0,mariadb_target_001077;mariadb_target_001078;mariadb_target_002996;mariadb_target_002997;mariadb_target_002998
mariadb_griffin_r2,mariadb,2,root/mariadb/sql/sql_type_fixedbin.h:854:0:0,/root/mariadb/sql/sql_type_fixedbin.h,854,854,0,0,mariadb_target_001077;mariadb_target_001078;mariadb_target_002996;mariadb_target_002997;mariadb_target_002998
mariadb_griffin_r2,mariadb,2,root/mariadb/sql/sql_type_fixedbin.h:854:0:1,/root/mariadb/sql/sql_type_fixedbin.h,854,854,0,0,mariadb_target_001077;mariadb_target_001078;mariadb_target_002996;mariadb_target_002997;mariadb_target_002998
mariadb_griffin_r2,mariadb,2,root/mariadb/sql/sql_type_fixedbin.h:854:1:2,/root/mariadb/sql/sql_type_fixedbin.h,854,854,0,0,mariadb_target_001077;mariadb_target_001078;mariadb_target_002996;mariadb_target_002997;mariadb_target_002998
mariadb_griffin_r2,mariadb,2,root/mariadb/sql/sql_type_fixedbin.h:854:1:3,/root/mariadb/sql/sql_type_fixedbin.h,854,854,0,0,mariadb_target_001077;mariadb_target_001078;mariadb_target_002996;mariadb_target_002997;mariadb_target_002998
mariadb_griffin_r2,mariadb,2,root/mariadb/sql/sql_type_fixedbin.h:854:2:4,/root/mariadb/sql/sql_type_fixedbin.h,854,854,0,0,mariadb_target_001077;mariadb_target_001078;mariadb_target_002996;mariadb_target_002997;mariadb_target_002998
mariadb_griffin_r2,mariadb,2,root/mariadb/sql/sql_type_fixedbin.h:854:2:5,/root/mariadb/sql/sql_type_fixedbin.h,854,854,0,0,mariadb_target_001077;mariadb_target_001078;mariadb_target_002996;mariadb_target_002997;mariadb_target_002998
mariadb_griffin_r2,mariadb,2,root/mariadb/sql/sql_type_fixedbin.h:854:3:6,/root/mariadb/sql/sql_type_fixedbin.h,854,854,0,0,mariadb_target_001077;mariadb_target_001078;mariadb_target_002996;mariadb_target_002997;mariadb_target_002998
mariadb_griffin_r2,mariadb,2,root/mariadb/sql/sql_type_fixedbin.h:854:3:7,/root/mariadb/sql/sql_type_fixedbin.h,854,854,0,0,mariadb_target_001077;mariadb_target_001078;mariadb_target_002996;mariadb_target_002997;mariadb_target_002998
mariadb_griffin_r2,mariadb,2,root/mariadb/sql/sql_type_fixedbin.h:854:4:8,/root/mariadb/sql/sql_type_fixedbin.h,854,854,0,0,mariadb_target_001077;mariadb_target_001078;mariadb_target_002996;mariadb_target_002997;mariadb_target_002998
mariadb_griffin_r2,mariadb,2,root/mariadb/sql/sql_type_fixedbin.h:854:4:9,/root/mariadb/sql/sql_type_fixedbin.h,854,854,0,0,mariadb_target_001077;mariadb_target_001078;mariadb_target_002996;mariadb_target_002997;mariadb_target_002998
mariadb_griffin_r2,mariadb,2,root/mariadb/sql/sql_type_fixedbin.h:854:5:10,/root/mariadb/sql/sql_type_fixedbin.h,854,854,0,0,mariadb_target_001077;mariadb_target_001078;mariadb_target_002996;mariadb_target_002997;mariadb_target_002998
mariadb_griffin_r2,mariadb,2,root/mariadb/sql/sql_type_fixedbin.h:854:5:11,/root/mariadb/sql/sql_type_fixedbin.h,854,854,0,0,mariadb_target_001077;mariadb_target_001078;mariadb_target_002996;mariadb_target_002997;mariadb_target_002998
mariadb_griffin_r2,mariadb,2,root/mariadb/sql/sql_type_fixedbin.h:854:6:12,/root/mariadb/sql/sql_type_fixedbin.h,854,854,0,0,mariadb_target_001077;mariadb_target_001078;mariadb_target_002996;mariadb_target_002997;mariadb_target_002998
mariadb_griffin_r2,mariadb,2,root/mariadb/sql/sql_type_fixedbin.h:854:6:13,/root/mariadb/sql/sql_type_fixedbin.h,854,854,0,0,mariadb_target_001077;mariadb_target_001078;mariadb_target_002996;mariadb_target_002997;mariadb_target_002998
mariadb_griffin_r2,mariadb,2,root/mariadb/sql/sql_type_fixedbin.h:854:7:14,/root/mariadb/sql/sql_type_fixedbin.h,854,854,0,0,mariadb_target_001077;mariadb_target_001078;mariadb_target_002996;mariadb_target_002997;mariadb_target_002998
mariadb_griffin_r2,mariadb,2,root/mariadb/sql/sql_type_fixedbin.h:854:7:15,/root/mariadb/sql/sql_type_fixedbin.h,854,854,0,0,mariadb_target_001077;mariadb_target_001078;mariadb_target_002996;mariadb_target_002997;mariadb_target_002998
mariadb_griffin_r2,mariadb,2,root/mariadb/sql/sql_type_fixedbin.h:930:0:0,/root/mariadb/sql/sql_type_fixedbin.h,930,930,0,0,mariadb_target_001082;mariadb_target_003005;mariadb_target_003006
mariadb_griffin_r2,mariadb,2,root/mariadb/sql/sql_type_fixedbin.h:930:0:1,/root/mariadb/sql/sql_type_fixedbin.h,930,930,0,0,mariadb_target_001082;mariadb_target_003005;mariadb_target_003006
mariadb_griffin_r2,mariadb,2,root/mariadb/sql/sql_type_fixedbin.h:930:1:2,/root/mariadb/sql/sql_type_fixedbin.h,930,930,0,0,mariadb_target_001082;mariadb_target_003005;mariadb_target_003006
mariadb_griffin_r2,mariadb,2,root/mariadb/sql/sql_type_fixedbin.h:930:1:3,/root/mariadb/sql/sql_type_fixedbin.h,930,930,0,0,mariadb_target_001082;mariadb_target_003005;mariadb_target_003006
mariadb_griffin_r2,mariadb,2,root/mariadb/sql/sql_type_fixedbin.h:930:2:4,/root/mariadb/sql/sql_type_fixedbin.h,930,930,0,0,mariadb_target_001082;mariadb_target_003005;mariadb_target_003006
mariadb_griffin_r2,mariadb,2,root/mariadb/sql/sql_type_fixedbin.h:930:2:5,/root/mariadb/sql/sql_type_fixedbin.h,930,930,0,0,mariadb_target_001082;mariadb_target_003005;mariadb_target_003006
mariadb_griffin_r2,mariadb,2,root/mariadb/sql/sql_type_fixedbin.h:930:3:6,/root/mariadb/sql/sql_type_fixedbin.h,930,930,0,0,mariadb_target_001082;mariadb_target_003005;mariadb_target_003006
mariadb_griffin_r2,mariadb,2,root/mariadb/sql/sql_type_fixedbin.h:930:3:7,/root/mariadb/sql/sql_type_fixedbin.h,930,930,0,0,mariadb_target_001082;mariadb_target_003005;mariadb_target_003006
mariadb_griffin_r2,mariadb,2,root/mariadb/sql/sql_type_fixedbin.h:930:4:8,/root/mariadb/sql/sql_type_fixedbin.h,930,930,0,0,mariadb_target_001082;mariadb_target_003005;mariadb_target_003006
mariadb_griffin_r2,mariadb,2,root/mariadb/sql/sql_type_fixedbin.h:930:4:9,/root/mariadb/sql/sql_type_fixedbin.h,930,930,0,0,mariadb_target_001082;mariadb_target_003005;mariadb_target_003006
mariadb_griffin_r2,mariadb,2,root/mariadb/sql/sql_type_fixedbin.h:930:5:10,/root/mariadb/sql/sql_type_fixedbin.h,930,930,0,0,mariadb_target_001082;mariadb_target_003005;mariadb_target_003006
mariadb_griffin_r2,mariadb,2,root/mariadb/sql/sql_type_fixedbin.h:930:5:11,/root/mariadb/sql/sql_type_fixedbin.h,930,930,0,0,mariadb_target_001082;mariadb_target_003005;mariadb_target_003006
mariadb_griffin_r2,mariadb,2,root/mariadb/sql/sql_type_fixedbin.h:930:6:12,/root/mariadb/sql/sql_type_fixedbin.h,930,930,0,0,mariadb_target_001082;mariadb_target_003005;mariadb_target_003006
mariadb_griffin_r2,mariadb,2,root/mariadb/sql/sql_type_fixedbin.h:930:6:13,/root/mariadb/sql/sql_type_fixedbin.h,930,930,0,0,mariadb_target_001082;mariadb_target_003005;mariadb_target_003006
mariadb_griffin_r2,mariadb,2,root/mariadb/sql/sql_type_fixedbin.h:930:7:14,/root/mariadb/sql/sql_type_fixedbin.h,930,930,0,0,mariadb_target_001082;mariadb_target_003005;mariadb_target_003006
mariadb_griffin_r2,mariadb,2,root/mariadb/sql/sql_type_fixedbin.h:930:7:15,/root/mariadb/sql/sql_type_fixedbin.h,930,930,0,0,mariadb_target_001082;mariadb_target_003005;mariadb_target_003006
mariadb_griffin_r2,mariadb,2,root/mariadb/sql/sql_type_fixedbin.h:930:8:16,/root/mariadb/sql/sql_type_fixedbin.h,930,930,0,0,mariadb_target_001082;mariadb_target_003005;mariadb_target_003006
mariadb_griffin_r2,mariadb,2,root/mariadb/sql/sql_type_fixedbin.h:930:8:17,/root/mariadb/sql/sql_type_fixedbin.h,930,930,0,0,mariadb_target_001082;mariadb_target_003005;mariadb_target_003006
mariadb_griffin_r2,mariadb,2,root/mariadb/sql/sql_type_fixedbin.h:930:9:18,/root/mariadb/sql/sql_type_fixedbin.h,930,930,0,0,mariadb_target_001082;mariadb_target_003005;mariadb_target_003006
mariadb_griffin_r2,mariadb,2,root/mariadb/sql/sql_type_fixedbin.h:930:9:19,/root/mariadb/sql/sql_type_fixedbin.h,930,930,0,0,mariadb_target_001082;mariadb_target_003005;mariadb_target_003006
mariadb_griffin_r2,mariadb,2,root/mariadb/sql/sql_type_fixedbin.h:930:10:20,/root/mariadb/sql/sql_type_fixedbin.h,930,930,0,0,mariadb_target_001082;mariadb_target_003005;mariadb_target_003006
mariadb_griffin_r2,mariadb,2,root/mariadb/sql/sql_type_fixedbin.h:930:10:21,/root/mariadb/sql/sql_type_fixedbin.h,930,930,0,0,mariadb_target_001082;mariadb_target_003005;mariadb_target_003006
mariadb_griffin_r2,mariadb,2,root/mariadb/sql/sql_type_fixedbin.h:930:11:22,/root/mariadb/sql/sql_type_fixedbin.h,930,930,0,0,mariadb_target_001082;mariadb_target_003005;mariadb_target_003006
mariadb_griffin_r2,mariadb,2,root/mariadb/sql/sql_type_fixedbin.h:930:11:23,/root/mariadb/sql/sql_type_fixedbin.h,930,930,0,0,mariadb_target_001082;mariadb_target_003005;mariadb_target_003006
mariadb_griffin_r2,mariadb,2,root/mariadb/sql/sql_type_fixedbin.h:990:0:0,/root/mariadb/sql/sql_type_fixedbin.h,990,990,0,0,mariadb_target_001085;mariadb_target_001086;mariadb_target_003009;mariadb_target_003010
mariadb_griffin_r2,mariadb,2,root/mariadb/sql/sql_type_fixedbin.h:990:0:1,/root/mariadb/sql/sql_type_fixedbin.h,990,990,0,0,mariadb_target_001085;mariadb_target_001086;mariadb_target_003009;mariadb_target_003010
mariadb_griffin_r2,mariadb,2,root/mariadb/sql/sql_type_fixedbin.h:990:1:2,/root/mariadb/sql/sql_type_fixedbin.h,990,990,0,0,mariadb_target_001085;mariadb_target_001086;mariadb_target_003009;mariadb_target_003010
mariadb_griffin_r2,mariadb,2,root/mariadb/sql/sql_type_fixedbin.h:990:1:3,/root/mariadb/sql/sql_type_fixedbin.h,990,990,0,0,mariadb_target_001085;mariadb_target_001086;mariadb_target_003009;mariadb_target_003010
mariadb_griffin_r2,mariadb,2,root/mariadb/sql/sql_type_fixedbin.h:990:2:4,/root/mariadb/sql/sql_type_fixedbin.h,990,990,0,0,mariadb_target_001085;mariadb_target_001086;mariadb_target_003009;mariadb_target_003010
mariadb_griffin_r2,mariadb,2,root/mariadb/sql/sql_type_fixedbin.h:990:2:5,/root/mariadb/sql/sql_type_fixedbin.h,990,990,0,0,mariadb_target_001085;mariadb_target_001086;mariadb_target_003009;mariadb_target_003010
mariadb_griffin_r2,mariadb,2,root/mariadb/sql/sql_type_fixedbin.h:990:3:6,/root/mariadb/sql/sql_type_fixedbin.h,990,990,0,0,mariadb_target_001085;mariadb_target_001086;mariadb_target_003009;mariadb_target_003010
mariadb_griffin_r2,mariadb,2,root/mariadb/sql/sql_type_fixedbin.h:990:3:7,/root/mariadb/sql/sql_type_fixedbin.h,990,990,0,0,mariadb_target_001085;mariadb_target_001086;mariadb_target_003009;mariadb_target_003010
mariadb_griffin_r2,mariadb,2,root/mariadb/sql/sql_type_fixedbin.h:998:0:0,/root/mariadb/sql/sql_type_fixedbin.h,998,998,0,0,mariadb_target_001086;mariadb_target_003010;mariadb_target_003011
mariadb_griffin_r2,mariadb,2,root/mariadb/sql/sql_type_fixedbin.h:998:0:1,/root/mariadb/sql/sql_type_fixedbin.h,998,998,0,0,mariadb_target_001086;mariadb_target_003010;mariadb_target_003011
mariadb_griffin_r2,mariadb,2,root/mariadb/sql/sql_type_fixedbin.h:998:1:2,/root/mariadb/sql/sql_type_fixedbin.h,998,998,0,0,mariadb_target_001086;mariadb_target_003010;mariadb_target_003011
mariadb_griffin_r2,mariadb,2,root/mariadb/sql/sql_type_fixedbin.h:998:1:3,/root/mariadb/sql/sql_type_fixedbin.h,998,998,0,0,mariadb_target_001086;mariadb_target_003010;mariadb_target_003011
mariadb_griffin_r2,mariadb,2,root/mariadb/sql/sql_type_fixedbin.h:998:2:4,/root/mariadb/sql/sql_type_fixedbin.h,998,998,0,0,mariadb_target_001086;mariadb_target_003010;mariadb_target_003011
mariadb_griffin_r2,mariadb,2,root/mariadb/sql/sql_type_fixedbin.h:998:2:5,/root/mariadb/sql/sql_type_fixedbin.h,998,998,0,0,mariadb_target_001086;mariadb_target_003010;mariadb_target_003011
mariadb_griffin_r2,mariadb,2,root/mariadb/sql/sql_type_fixedbin.h:998:3:6,/root/mariadb/sql/sql_type_fixedbin.h,998,998,0,0,mariadb_target_001086;mariadb_target_003010;mariadb_target_003011
mariadb_griffin_r2,mariadb,2,root/mariadb/sql/sql_type_fixedbin.h:998:3:7,/root/mariadb/sql/sql_type_fixedbin.h,998,998,0,0,mariadb_target_001086;mariadb_target_003010;mariadb_target_003011
mariadb_griffin_r2,mariadb,2,root/mariadb/sql/sql_type_fixedbin.h:998:4:8,/root/mariadb/sql/sql_type_fixedbin.h,998,998,0,0,mariadb_target_001086;mariadb_target_003010;mariadb_target_003011
mariadb_griffin_r2,mariadb,2,root/mariadb/sql/sql_type_fixedbin.h:998:4:9,/root/mariadb/sql/sql_type_fixedbin.h,998,998,0,0,mariadb_target_001086;mariadb_target_003010;mariadb_target_003011
mariadb_griffin_r2,mariadb,2,root/mariadb/sql/sql_type_fixedbin.h:998:5:10,/root/mariadb/sql/sql_type_fixedbin.h,998,998,0,0,mariadb_target_001086;mariadb_target_003010;mariadb_target_003011
mariadb_griffin_r2,mariadb,2,root/mariadb/sql/sql_type_fixedbin.h:998:5:11,/root/mariadb/sql/sql_type_fixedbin.h,998,998,0,0,mariadb_target_001086;mariadb_target_003010;mariadb_target_003011
mariadb_griffin_r2,mariadb,2,root/mariadb/sql/sql_type_fixedbin.h:998:6:12,/root/mariadb/sql/sql_type_fixedbin.h,998,998,0,0,mariadb_target_001086;mariadb_target_003010;mariadb_target_003011
mariadb_griffin_r2,mariadb,2,root/mariadb/sql/sql_type_fixedbin.h:998:6:13,/root/mariadb/sql/sql_type_fixedbin.h,998,998,0,0,mariadb_target_001086;mariadb_target_003010;mariadb_target_003011
mariadb_griffin_r2,mariadb,2,root/mariadb/sql/sql_type_fixedbin.h:998:7:14,/root/mariadb/sql/sql_type_fixedbin.h,998,998,0,0,mariadb_target_001086;mariadb_target_003010;mariadb_target_003011
mariadb_griffin_r2,mariadb,2,root/mariadb/sql/sql_type_fixedbin.h:998:7:15,/root/mariadb/sql/sql_type_fixedbin.h,998,998,0,0,mariadb_target_001086;mariadb_target_003010;mariadb_target_003011
mariadb_griffin_r2,mariadb,2,root/mariadb/sql/sql_type_fixedbin.h:1014:0:0,/root/mariadb/sql/sql_type_fixedbin.h,1014,1014,0,0,mariadb_target_001069;mariadb_target_002986
mariadb_griffin_r2,mariadb,2,root/mariadb/sql/sql_type_fixedbin.h:1014:0:1,/root/mariadb/sql/sql_type_fixedbin.h,1014,1014,0,0,mariadb_target_001069;mariadb_target_002986
mariadb_griffin_r2,mariadb,2,root/mariadb/sql/sql_type_fixedbin.h:1014:1:2,/root/mariadb/sql/sql_type_fixedbin.h,1014,1014,0,0,mariadb_target_001069;mariadb_target_002986
mariadb_griffin_r2,mariadb,2,root/mariadb/sql/sql_type_fixedbin.h:1014:1:3,/root/mariadb/sql/sql_type_fixedbin.h,1014,1014,0,0,mariadb_target_001069;mariadb_target_002986
mariadb_griffin_r2,mariadb,2,root/mariadb/sql/sql_type_fixedbin.h:1014:2:4,/root/mariadb/sql/sql_type_fixedbin.h,1014,1014,0,0,mariadb_target_001069;mariadb_target_002986
mariadb_griffin_r2,mariadb,2,root/mariadb/sql/sql_type_fixedbin.h:1014:2:5,/root/mariadb/sql/sql_type_fixedbin.h,1014,1014,0,0,mariadb_target_001069;mariadb_target_002986
mariadb_griffin_r2,mariadb,2,root/mariadb/sql/sql_type_fixedbin.h:1014:3:6,/root/mariadb/sql/sql_type_fixedbin.h,1014,1014,0,0,mariadb_target_001069;mariadb_target_002986
mariadb_griffin_r2,mariadb,2,root/mariadb/sql/sql_type_fixedbin.h:1014:3:7,/root/mariadb/sql/sql_type_fixedbin.h,1014,1014,0,0,mariadb_target_001069;mariadb_target_002986
mariadb_griffin_r2,mariadb,2,root/mariadb/sql/sql_type_fixedbin.h:1024:0:0,/root/mariadb/sql/sql_type_fixedbin.h,1024,1024,0,0,mariadb_target_001069;mariadb_target_002986
mariadb_griffin_r2,mariadb,2,root/mariadb/sql/sql_type_fixedbin.h:1024:0:1,/root/mariadb/sql/sql_type_fixedbin.h,1024,1024,0,0,mariadb_target_001069;mariadb_target_002986
mariadb_griffin_r2,mariadb,2,root/mariadb/sql/sql_type_fixedbin.h:1024:1:2,/root/mariadb/sql/sql_type_fixedbin.h,1024,1024,0,0,mariadb_target_001069;mariadb_target_002986
mariadb_griffin_r2,mariadb,2,root/mariadb/sql/sql_type_fixedbin.h:1024:1:3,/root/mariadb/sql/sql_type_fixedbin.h,1024,1024,0,0,mariadb_target_001069;mariadb_target_002986
mariadb_griffin_r2,mariadb,2,root/mariadb/sql/sql_type_fixedbin.h:1024:2:4,/root/mariadb/sql/sql_type_fixedbin.h,1024,1024,0,0,mariadb_target_001069;mariadb_target_002986
mariadb_griffin_r2,mariadb,2,root/mariadb/sql/sql_type_fixedbin.h:1024:2:5,/root/mariadb/sql/sql_type_fixedbin.h,1024,1024,0,0,mariadb_target_001069;mariadb_target_002986
mariadb_griffin_r2,mariadb,2,root/mariadb/sql/sql_type_fixedbin.h:1024:3:6,/root/mariadb/sql/sql_type_fixedbin.h,1024,1024,0,0,mariadb_target_001069;mariadb_target_002986
mariadb_griffin_r2,mariadb,2,root/mariadb/sql/sql_type_fixedbin.h:1024:3:7,/root/mariadb/sql/sql_type_fixedbin.h,1024,1024,0,0,mariadb_target_001069;mariadb_target_002986
mariadb_griffin_r2,mariadb,2,root/mariadb/sql/sql_type_fixedbin.h:1027:0:0,/root/mariadb/sql/sql_type_fixedbin.h,1027,1027,0,0,mariadb_target_001069;mariadb_target_002986
mariadb_griffin_r2,mariadb,2,root/mariadb/sql/sql_type_fixedbin.h:1027:0:1,/root/mariadb/sql/sql_type_fixedbin.h,1027,1027,0,0,mariadb_target_001069;mariadb_target_002986
mariadb_griffin_r2,mariadb,2,root/mariadb/sql/sql_type_fixedbin.h:1027:1:2,/root/mariadb/sql/sql_type_fixedbin.h,1027,1027,0,0,mariadb_target_001069;mariadb_target_002986
mariadb_griffin_r2,mariadb,2,root/mariadb/sql/sql_type_fixedbin.h:1027:1:3,/root/mariadb/sql/sql_type_fixedbin.h,1027,1027,0,0,mariadb_target_001069;mariadb_target_002986
mariadb_griffin_r2,mariadb,2,root/mariadb/sql/sql_type_fixedbin.h:1027:2:4,/root/mariadb/sql/sql_type_fixedbin.h,1027,1027,0,0,mariadb_target_001069;mariadb_target_002986
mariadb_griffin_r2,mariadb,2,root/mariadb/sql/sql_type_fixedbin.h:1027:2:5,/root/mariadb/sql/sql_type_fixedbin.h,1027,1027,0,0,mariadb_target_001069;mariadb_target_002986
mariadb_griffin_r2,mariadb,2,root/mariadb/sql/sql_type_fixedbin.h:1027:3:6,/root/mariadb/sql/sql_type_fixedbin.h,1027,1027,0,0,mariadb_target_001069;mariadb_target_002986
mariadb_griffin_r2,mariadb,2,root/mariadb/sql/sql_type_fixedbin.h:1027:3:7,/root/mariadb/sql/sql_type_fixedbin.h,1027,1027,0,0,mariadb_target_001069;mariadb_target_002986
mariadb_griffin_r2,mariadb,2,root/mariadb/sql/sql_type_fixedbin.h:1027:4:8,/root/mariadb/sql/sql_type_fixedbin.h,1027,1027,0,0,mariadb_target_001069;mariadb_target_002986
mariadb_griffin_r2,mariadb,2,root/mariadb/sql/sql_type_fixedbin.h:1027:4:9,/root/mariadb/sql/sql_type_fixedbin.h,1027,1027,0,0,mariadb_target_001069;mariadb_target_002986
mariadb_griffin_r2,mariadb,2,root/mariadb/sql/sql_type_fixedbin.h:1027:5:10,/root/mariadb/sql/sql_type_fixedbin.h,1027,1027,0,0,mariadb_target_001069;mariadb_target_002986
mariadb_griffin_r2,mariadb,2,root/mariadb/sql/sql_type_fixedbin.h:1027:5:11,/root/mariadb/sql/sql_type_fixedbin.h,1027,1027,0,0,mariadb_target_001069;mariadb_target_002986
mariadb_griffin_r2,mariadb,2,root/mariadb/sql/sql_type_fixedbin.h:1027:6:12,/root/mariadb/sql/sql_type_fixedbin.h,1027,1027,0,0,mariadb_target_001069;mariadb_target_002986
mariadb_griffin_r2,mariadb,2,root/mariadb/sql/sql_type_fixedbin.h:1027:6:13,/root/mariadb/sql/sql_type_fixedbin.h,1027,1027,0,0,mariadb_target_001069;mariadb_target_002986
mariadb_griffin_r2,mariadb,2,root/mariadb/sql/sql_type_fixedbin.h:1027:7:14,/root/mariadb/sql/sql_type_fixedbin.h,1027,1027,0,0,mariadb_target_001069;mariadb_target_002986
mariadb_griffin_r2,mariadb,2,root/mariadb/sql/sql_type_fixedbin.h:1027:7:15,/root/mariadb/sql/sql_type_fixedbin.h,1027,1027,0,0,mariadb_target_001069;mariadb_target_002986
mariadb_griffin_r2,mariadb,2,root/mariadb/sql/sql_type_fixedbin.h:1031:0:0,/root/mariadb/sql/sql_type_fixedbin.h,1031,1031,0,0,mariadb_target_001069;mariadb_target_002986
mariadb_griffin_r2,mariadb,2,root/mariadb/sql/sql_type_fixedbin.h:1031:0:1,/root/mariadb/sql/sql_type_fixedbin.h,1031,1031,0,0,mariadb_target_001069;mariadb_target_002986
mariadb_griffin_r2,mariadb,2,root/mariadb/sql/sql_type_fixedbin.h:1031:1:2,/root/mariadb/sql/sql_type_fixedbin.h,1031,1031,0,0,mariadb_target_001069;mariadb_target_002986
mariadb_griffin_r2,mariadb,2,root/mariadb/sql/sql_type_fixedbin.h:1031:1:3,/root/mariadb/sql/sql_type_fixedbin.h,1031,1031,0,0,mariadb_target_001069;mariadb_target_002986
mariadb_griffin_r2,mariadb,2,root/mariadb/sql/sql_type_fixedbin.h:1031:2:4,/root/mariadb/sql/sql_type_fixedbin.h,1031,1031,0,0,mariadb_target_001069;mariadb_target_002986
mariadb_griffin_r2,mariadb,2,root/mariadb/sql/sql_type_fixedbin.h:1031:2:5,/root/mariadb/sql/sql_type_fixedbin.h,1031,1031,0,0,mariadb_target_001069;mariadb_target_002986
mariadb_griffin_r2,mariadb,2,root/mariadb/sql/sql_type_fixedbin.h:1031:3:6,/root/mariadb/sql/sql_type_fixedbin.h,1031,1031,0,0,mariadb_target_001069;mariadb_target_002986
mariadb_griffin_r2,mariadb,2,root/mariadb/sql/sql_type_fixedbin.h:1031:3:7,/root/mariadb/sql/sql_type_fixedbin.h,1031,1031,0,0,mariadb_target_001069;mariadb_target_002986
mariadb_griffin_r2,mariadb,2,root/mariadb/sql/sql_type_fixedbin.h:1038:0:0,/root/mariadb/sql/sql_type_fixedbin.h,1038,1038,0,0,mariadb_target_001069;mariadb_target_002986
mariadb_griffin_r2,mariadb,2,root/mariadb/sql/sql_type_fixedbin.h:1038:0:1,/root/mariadb/sql/sql_type_fixedbin.h,1038,1038,0,0,mariadb_target_001069;mariadb_target_002986
mariadb_griffin_r2,mariadb,2,root/mariadb/sql/sql_type_fixedbin.h:1038:1:2,/root/mariadb/sql/sql_type_fixedbin.h,1038,1038,0,0,mariadb_target_001069;mariadb_target_002986
mariadb_griffin_r2,mariadb,2,root/mariadb/sql/sql_type_fixedbin.h:1038:1:3,/root/mariadb/sql/sql_type_fixedbin.h,1038,1038,0,0,mariadb_target_001069;mariadb_target_002986
mariadb_griffin_r2,mariadb,2,root/mariadb/sql/sql_type_fixedbin.h:1038:2:4,/root/mariadb/sql/sql_type_fixedbin.h,1038,1038,0,0,mariadb_target_001069;mariadb_target_002986
mariadb_griffin_r2,mariadb,2,root/mariadb/sql/sql_type_fixedbin.h:1038:2:5,/root/mariadb/sql/sql_type_fixedbin.h,1038,1038,0,0,mariadb_target_001069;mariadb_target_002986
mariadb_griffin_r2,mariadb,2,root/mariadb/sql/sql_type_fixedbin.h:1038:3:6,/root/mariadb/sql/sql_type_fixedbin.h,1038,1038,0,0,mariadb_target_001069;mariadb_target_002986
mariadb_griffin_r2,mariadb,2,root/mariadb/sql/sql_type_fixedbin.h:1038:3:7,/root/mariadb/sql/sql_type_fixedbin.h,1038,1038,0,0,mariadb_target_001069;mariadb_target_002986
mariadb_griffin_r2,mariadb,2,root/mariadb/sql/sql_type_fixedbin.h:1044:0:0,/root/mariadb/sql/sql_type_fixedbin.h,1044,1044,0,0,mariadb_target_001069;mariadb_target_002986
mariadb_griffin_r2,mariadb,2,root/mariadb/sql/sql_type_fixedbin.h:1044:0:1,/root/mariadb/sql/sql_type_fixedbin.h,1044,1044,0,0,mariadb_target_001069;mariadb_target_002986
mariadb_griffin_r2,mariadb,2,root/mariadb/sql/sql_type_fixedbin.h:1044:1:2,/root/mariadb/sql/sql_type_fixedbin.h,1044,1044,0,0,mariadb_target_001069;mariadb_target_002986
mariadb_griffin_r2,mariadb,2,root/mariadb/sql/sql_type_fixedbin.h:1044:1:3,/root/mariadb/sql/sql_type_fixedbin.h,1044,1044,0,0,mariadb_target_001069;mariadb_target_002986
mariadb_griffin_r2,mariadb,2,root/mariadb/sql/sql_type_fixedbin.h:1044:2:4,/root/mariadb/sql/sql_type_fixedbin.h,1044,1044,0,0,mariadb_target_001069;mariadb_target_002986
mariadb_griffin_r2,mariadb,2,root/mariadb/sql/sql_type_fixedbin.h:1044:2:5,/root/mariadb/sql/sql_type_fixedbin.h,1044,1044,0,0,mariadb_target_001069;mariadb_target_002986
mariadb_griffin_r2,mariadb,2,root/mariadb/sql/sql_type_fixedbin.h:1044:3:6,/root/mariadb/sql/sql_type_fixedbin.h,1044,1044,0,0,mariadb_target_001069;mariadb_target_002986
mariadb_griffin_r2,mariadb,2,root/mariadb/sql/sql_type_fixedbin.h:1044:3:7,/root/mariadb/sql/sql_type_fixedbin.h,1044,1044,0,0,mariadb_target_001069;mariadb_target_002986
mariadb_griffin_r2,mariadb,2,root/mariadb/sql/sql_type_fixedbin.h:1051:0:0,/root/mariadb/sql/sql_type_fixedbin.h,1051,1051,0,0,mariadb_target_001069;mariadb_target_002986
mariadb_griffin_r2,mariadb,2,root/mariadb/sql/sql_type_fixedbin.h:1051:0:1,/root/mariadb/sql/sql_type_fixedbin.h,1051,1051,0,0,mariadb_target_001069;mariadb_target_002986
mariadb_griffin_r2,mariadb,2,root/mariadb/sql/sql_type_fixedbin.h:1051:1:2,/root/mariadb/sql/sql_type_fixedbin.h,1051,1051,0,0,mariadb_target_001069;mariadb_target_002986
mariadb_griffin_r2,mariadb,2,root/mariadb/sql/sql_type_fixedbin.h:1051:1:3,/root/mariadb/sql/sql_type_fixedbin.h,1051,1051,0,0,mariadb_target_001069;mariadb_target_002986
mariadb_griffin_r2,mariadb,2,root/mariadb/sql/sql_type_fixedbin.h:1051:2:4,/root/mariadb/sql/sql_type_fixedbin.h,1051,1051,0,0,mariadb_target_001069;mariadb_target_002986
mariadb_griffin_r2,mariadb,2,root/mariadb/sql/sql_type_fixedbin.h:1051:2:5,/root/mariadb/sql/sql_type_fixedbin.h,1051,1051,0,0,mariadb_target_001069;mariadb_target_002986
mariadb_griffin_r2,mariadb,2,root/mariadb/sql/sql_type_fixedbin.h:1051:3:6,/root/mariadb/sql/sql_type_fixedbin.h,1051,1051,0,0,mariadb_target_001069;mariadb_target_002986
mariadb_griffin_r2,mariadb,2,root/mariadb/sql/sql_type_fixedbin.h:1051:3:7,/root/mariadb/sql/sql_type_fixedbin.h,1051,1051,0,0,mariadb_target_001069;mariadb_target_002986
mariadb_griffin_r2,mariadb,2,root/mariadb/sql/sql_type_fixedbin.h:1058:0:0,/root/mariadb/sql/sql_type_fixedbin.h,1058,1058,0,0,mariadb_target_001069;mariadb_target_002986
mariadb_griffin_r2,mariadb,2,root/mariadb/sql/sql_type_fixedbin.h:1058:0:1,/root/mariadb/sql/sql_type_fixedbin.h,1058,1058,0,0,mariadb_target_001069;mariadb_target_002986
mariadb_griffin_r2,mariadb,2,root/mariadb/sql/sql_type_fixedbin.h:1058:1:2,/root/mariadb/sql/sql_type_fixedbin.h,1058,1058,0,0,mariadb_target_001069;mariadb_target_002986
mariadb_griffin_r2,mariadb,2,root/mariadb/sql/sql_type_fixedbin.h:1058:1:3,/root/mariadb/sql/sql_type_fixedbin.h,1058,1058,0,0,mariadb_target_001069;mariadb_target_002986
mariadb_griffin_r2,mariadb,2,root/mariadb/sql/sql_type_fixedbin.h:1058:2:4,/root/mariadb/sql/sql_type_fixedbin.h,1058,1058,0,0,mariadb_target_001069;mariadb_target_002986
mariadb_griffin_r2,mariadb,2,root/mariadb/sql/sql_type_fixedbin.h:1058:2:5,/root/mariadb/sql/sql_type_fixedbin.h,1058,1058,0,0,mariadb_target_001069;mariadb_target_002986
mariadb_griffin_r2,mariadb,2,root/mariadb/sql/sql_type_fixedbin.h:1058:3:6,/root/mariadb/sql/sql_type_fixedbin.h,1058,1058,0,0,mariadb_target_001069;mariadb_target_002986
mariadb_griffin_r2,mariadb,2,root/mariadb/sql/sql_type_fixedbin.h:1058:3:7,/root/mariadb/sql/sql_type_fixedbin.h,1058,1058,0,0,mariadb_target_001069;mariadb_target_002986
mariadb_griffin_r2,mariadb,2,root/mariadb/sql/sql_type_fixedbin.h:1064:0:0,/root/mariadb/sql/sql_type_fixedbin.h,1064,1064,0,0,mariadb_target_001069;mariadb_target_002986
mariadb_griffin_r2,mariadb,2,root/mariadb/sql/sql_type_fixedbin.h:1064:0:1,/root/mariadb/sql/sql_type_fixedbin.h,1064,1064,0,0,mariadb_target_001069;mariadb_target_002986
mariadb_griffin_r2,mariadb,2,root/mariadb/sql/sql_type_fixedbin.h:1064:1:2,/root/mariadb/sql/sql_type_fixedbin.h,1064,1064,0,0,mariadb_target_001069;mariadb_target_002986
mariadb_griffin_r2,mariadb,2,root/mariadb/sql/sql_type_fixedbin.h:1064:1:3,/root/mariadb/sql/sql_type_fixedbin.h,1064,1064,0,0,mariadb_target_001069;mariadb_target_002986
mariadb_griffin_r2,mariadb,2,root/mariadb/sql/sql_type_fixedbin.h:1064:2:4,/root/mariadb/sql/sql_type_fixedbin.h,1064,1064,0,0,mariadb_target_001069;mariadb_target_002986
mariadb_griffin_r2,mariadb,2,root/mariadb/sql/sql_type_fixedbin.h:1064:2:5,/root/mariadb/sql/sql_type_fixedbin.h,1064,1064,0,0,mariadb_target_001069;mariadb_target_002986
mariadb_griffin_r2,mariadb,2,root/mariadb/sql/sql_type_fixedbin.h:1064:3:6,/root/mariadb/sql/sql_type_fixedbin.h,1064,1064,0,0,mariadb_target_001069;mariadb_target_002986
mariadb_griffin_r2,mariadb,2,root/mariadb/sql/sql_type_fixedbin.h:1064:3:7,/root/mariadb/sql/sql_type_fixedbin.h,1064,1064,0,0,mariadb_target_001069;mariadb_target_002986
mariadb_griffin_r2,mariadb,2,root/mariadb/sql/sql_type_fixedbin.h:1071:0:0,/root/mariadb/sql/sql_type_fixedbin.h,1071,1071,0,0,mariadb_target_001069;mariadb_target_002986
mariadb_griffin_r2,mariadb,2,root/mariadb/sql/sql_type_fixedbin.h:1071:0:1,/root/mariadb/sql/sql_type_fixedbin.h,1071,1071,0,0,mariadb_target_001069;mariadb_target_002986
mariadb_griffin_r2,mariadb,2,root/mariadb/sql/sql_type_fixedbin.h:1071:1:2,/root/mariadb/sql/sql_type_fixedbin.h,1071,1071,0,0,mariadb_target_001069;mariadb_target_002986
mariadb_griffin_r2,mariadb,2,root/mariadb/sql/sql_type_fixedbin.h:1071:1:3,/root/mariadb/sql/sql_type_fixedbin.h,1071,1071,0,0,mariadb_target_001069;mariadb_target_002986
mariadb_griffin_r2,mariadb,2,root/mariadb/sql/sql_type_fixedbin.h:1071:2:4,/root/mariadb/sql/sql_type_fixedbin.h,1071,1071,0,0,mariadb_target_001069;mariadb_target_002986
mariadb_griffin_r2,mariadb,2,root/mariadb/sql/sql_type_fixedbin.h:1071:2:5,/root/mariadb/sql/sql_type_fixedbin.h,1071,1071,0,0,mariadb_target_001069;mariadb_target_002986
mariadb_griffin_r2,mariadb,2,root/mariadb/sql/sql_type_fixedbin.h:1071:3:6,/root/mariadb/sql/sql_type_fixedbin.h,1071,1071,0,0,mariadb_target_001069;mariadb_target_002986
mariadb_griffin_r2,mariadb,2,root/mariadb/sql/sql_type_fixedbin.h:1071:3:7,/root/mariadb/sql/sql_type_fixedbin.h,1071,1071,0,0,mariadb_target_001069;mariadb_target_002986
mariadb_griffin_r2,mariadb,2,root/mariadb/sql/sql_type_geom.cc:887:0:0,/root/mariadb/sql/sql_type_geom.cc,887,887,0,0,mariadb_target_001087;mariadb_target_003012
mariadb_griffin_r2,mariadb,2,root/mariadb/sql/sql_type_geom.cc:887:0:1,/root/mariadb/sql/sql_type_geom.cc,887,887,40,1,mariadb_target_001087;mariadb_target_003012
mariadb_griffin_r2,mariadb,2,root/mariadb/sql/sql_type_geom.cc:891:0:0,/root/mariadb/sql/sql_type_geom.cc,891,891,0,0,mariadb_target_001087;mariadb_target_003012;mariadb_target_003013
mariadb_griffin_r2,mariadb,2,root/mariadb/sql/sql_type_geom.cc:891:0:1,/root/mariadb/sql/sql_type_geom.cc,891,891,40,1,mariadb_target_001087;mariadb_target_003012;mariadb_target_003013
mariadb_griffin_r2,mariadb,2,root/mariadb/sql/sql_type_geom.cc:891:1:2,/root/mariadb/sql/sql_type_geom.cc,891,891,0,0,mariadb_target_001087;mariadb_target_003012;mariadb_target_003013
mariadb_griffin_r2,mariadb,2,root/mariadb/sql/sql_type_geom.cc:891:1:3,/root/mariadb/sql/sql_type_geom.cc,891,891,40,1,mariadb_target_001087;mariadb_target_003012;mariadb_target_003013
mariadb_griffin_r2,mariadb,2,root/mariadb/sql/sql_type_geom.cc:894:0:0,/root/mariadb/sql/sql_type_geom.cc,894,894,0,0,mariadb_target_003013
mariadb_griffin_r2,mariadb,2,root/mariadb/sql/sql_type_geom.cc:894:0:1,/root/mariadb/sql/sql_type_geom.cc,894,894,40,1,mariadb_target_003013
mariadb_griffin_r2,mariadb,2,root/mariadb/sql/sql_type_geom.cc:895:0:0,/root/mariadb/sql/sql_type_geom.cc,895,895,0,0,mariadb_target_003013
mariadb_griffin_r2,mariadb,2,root/mariadb/sql/sql_type_geom.cc:895:0:1,/root/mariadb/sql/sql_type_geom.cc,895,895,0,0,mariadb_target_003013
mariadb_griffin_r2,mariadb,2,root/mariadb/sql/sql_type_geom.cc:896:0:0,/root/mariadb/sql/sql_type_geom.cc,896,896,0,0,mariadb_target_003013
mariadb_griffin_r2,mariadb,2,root/mariadb/sql/sql_type_geom.cc:896:0:1,/root/mariadb/sql/sql_type_geom.cc,896,896,0,0,mariadb_target_003013
mariadb_griffin_r2,mariadb,2,root/mariadb/sql/sql_type_geom.cc:901:0:0,/root/mariadb/sql/sql_type_geom.cc,901,901,0,0,mariadb_target_003013
mariadb_griffin_r2,mariadb,2,root/mariadb/sql/sql_type_geom.cc:901:0:1,/root/mariadb/sql/sql_type_geom.cc,901,901,0,0,mariadb_target_003013
mariadb_griffin_r2,mariadb,2,root/mariadb/sql/sql_type_geom.cc:903:0:0,/root/mariadb/sql/sql_type_geom.cc,903,903,0,0,mariadb_target_003013
mariadb_griffin_r2,mariadb,2,root/mariadb/sql/sql_type_geom.cc:903:0:1,/root/mariadb/sql/sql_type_geom.cc,903,903,0,0,mariadb_target_003013
mariadb_griffin_r2,mariadb,2,root/mariadb/sql/sql_type_geom.cc:907:0:0,/root/mariadb/sql/sql_type_geom.cc,907,907,0,0,mariadb_target_003013
mariadb_griffin_r2,mariadb,2,root/mariadb/sql/sql_type_geom.cc:907:0:1,/root/mariadb/sql/sql_type_geom.cc,907,907,0,0,mariadb_target_003013
mariadb_griffin_r2,mariadb,2,root/mariadb/sql/sql_type_geom.cc:918:0:0,/root/mariadb/sql/sql_type_geom.cc,918,918,40,1,mariadb_target_003013
mariadb_griffin_r2,mariadb,2,root/mariadb/sql/sql_type_geom.cc:918:0:1,/root/mariadb/sql/sql_type_geom.cc,918,918,0,0,mariadb_target_003013
mariadb_griffin_r2,mariadb,2,root/mariadb/sql/sql_type_geom.cc:918:1:2,/root/mariadb/sql/sql_type_geom.cc,918,918,0,0,mariadb_target_003013
mariadb_griffin_r2,mariadb,2,root/mariadb/sql/sql_type_geom.cc:918:1:3,/root/mariadb/sql/sql_type_geom.cc,918,918,0,0,mariadb_target_003013
mariadb_griffin_r2,mariadb,2,root/mariadb/sql/sql_type_geom.cc:919:0:0,/root/mariadb/sql/sql_type_geom.cc,919,919,40,1,mariadb_target_003013
mariadb_griffin_r2,mariadb,2,root/mariadb/sql/sql_type_geom.cc:919:0:1,/root/mariadb/sql/sql_type_geom.cc,919,919,0,0,mariadb_target_003013
mariadb_griffin_r2,mariadb,2,root/mariadb/sql/sql_type_geom.cc:944:0:0,/root/mariadb/sql/sql_type_geom.cc,944,944,0,0,mariadb_target_003014
mariadb_griffin_r2,mariadb,2,root/mariadb/sql/sql_type_geom.cc:944:0:1,/root/mariadb/sql/sql_type_geom.cc,944,944,0,0,mariadb_target_003014
mariadb_griffin_r2,mariadb,2,root/mariadb/sql/sql_type_geom.h:430:0:0,/root/mariadb/sql/sql_type_geom.h,430,430,0,0,mariadb_target_001088;mariadb_target_003015
mariadb_griffin_r2,mariadb,2,root/mariadb/sql/sql_type_geom.h:430:0:1,/root/mariadb/sql/sql_type_geom.h,430,430,0,0,mariadb_target_001088;mariadb_target_003015
mariadb_griffin_r2,mariadb,2,root/mariadb/sql/sql_udf.h:98:0:0,/root/mariadb/sql/sql_udf.h,98,98,0,0,mariadb_target_001090;mariadb_target_003018
mariadb_griffin_r2,mariadb,2,root/mariadb/sql/sql_udf.h:98:0:1,/root/mariadb/sql/sql_udf.h,98,98,0,0,mariadb_target_001090;mariadb_target_003018
mariadb_griffin_r2,mariadb,2,root/mariadb/sql/sql_udf.h:122:0:0,/root/mariadb/sql/sql_udf.h,122,122,0,0,mariadb_target_001089;mariadb_target_003017
mariadb_griffin_r2,mariadb,2,root/mariadb/sql/sql_udf.h:122:0:1,/root/mariadb/sql/sql_udf.h,122,122,0,0,mariadb_target_001089;mariadb_target_003017
mariadb_griffin_r2,mariadb,2,root/mariadb/sql/sql_window.cc:138:0:0,/root/mariadb/sql/sql_window.cc,138,138,0,0,mariadb_target_001091;mariadb_target_003019
mariadb_griffin_r2,mariadb,2,root/mariadb/sql/sql_window.cc:138:0:1,/root/mariadb/sql/sql_window.cc,138,138,0,0,mariadb_target_001091;mariadb_target_003019
mariadb_griffin_r2,mariadb,2,root/mariadb/sql/sql_window.cc:177:0:0,/root/mariadb/sql/sql_window.cc,177,177,0,0,mariadb_target_001092;mariadb_target_003020
mariadb_griffin_r2,mariadb,2,root/mariadb/sql/sql_window.cc:177:0:1,/root/mariadb/sql/sql_window.cc,177,177,0,0,mariadb_target_001092;mariadb_target_003020
mariadb_griffin_r2,mariadb,2,root/mariadb/sql/table.cc:6618:0:0,/root/mariadb/sql/table.cc,6618,6618,0,0,mariadb_target_001099;mariadb_target_003035
mariadb_griffin_r2,mariadb,2,root/mariadb/sql/table.cc:6618:0:1,/root/mariadb/sql/table.cc,6618,6618,0,0,mariadb_target_001099;mariadb_target_003035
mariadb_griffin_r2,mariadb,2,root/mariadb/sql/table.cc:9405:0:0,/root/mariadb/sql/table.cc,9405,9405,1,1,mariadb_target_003038
mariadb_griffin_r2,mariadb,2,root/mariadb/sql/table.cc:9405:0:1,/root/mariadb/sql/table.cc,9405,9405,0,0,mariadb_target_003038
mariadb_griffin_r2,mariadb,2,root/mariadb/sql/table.cc:9405:1:2,/root/mariadb/sql/table.cc,9405,9405,0,0,mariadb_target_003038
mariadb_griffin_r2,mariadb,2,root/mariadb/sql/table.cc:9405:1:3,/root/mariadb/sql/table.cc,9405,9405,1,1,mariadb_target_003038
mariadb_griffin_r2,mariadb,2,root/mariadb/sql/table.cc:9421:0:0,/root/mariadb/sql/table.cc,9421,9421,1,1,mariadb_target_003038
mariadb_griffin_r2,mariadb,2,root/mariadb/sql/table.cc:9421:0:1,/root/mariadb/sql/table.cc,9421,9421,0,0,mariadb_target_003038
mariadb_griffin_r2,mariadb,2,root/mariadb/sql/table.cc:10702:0:0,/root/mariadb/sql/table.cc,10702,10702,0,0,mariadb_target_001095;mariadb_target_001096;mariadb_target_003023;mariadb_target_003024;mariadb_target_003025;mariadb_target_003026
mariadb_griffin_r2,mariadb,2,root/mariadb/sql/table.cc:10702:0:1,/root/mariadb/sql/table.cc,10702,10702,0,0,mariadb_target_001095;mariadb_target_001096;mariadb_target_003023;mariadb_target_003024;mariadb_target_003025;mariadb_target_003026
mariadb_griffin_r2,mariadb,2,root/mariadb/sql/table.cc:10702:1:2,/root/mariadb/sql/table.cc,10702,10702,0,0,mariadb_target_001095;mariadb_target_001096;mariadb_target_003023;mariadb_target_003024;mariadb_target_003025;mariadb_target_003026
mariadb_griffin_r2,mariadb,2,root/mariadb/sql/table.cc:10702:1:3,/root/mariadb/sql/table.cc,10702,10702,0,0,mariadb_target_001095;mariadb_target_001096;mariadb_target_003023;mariadb_target_003024;mariadb_target_003025;mariadb_target_003026
mariadb_griffin_r2,mariadb,2,root/mariadb/sql/table.cc:10714:0:0,/root/mariadb/sql/table.cc,10714,10714,0,0,mariadb_target_003027;mariadb_target_003028
mariadb_griffin_r2,mariadb,2,root/mariadb/sql/table.cc:10714:0:1,/root/mariadb/sql/table.cc,10714,10714,0,0,mariadb_target_003027;mariadb_target_003028
mariadb_griffin_r2,mariadb,2,root/mariadb/sql/table.cc:10724:0:0,/root/mariadb/sql/table.cc,10724,10724,0,0,mariadb_target_001097;mariadb_target_003029;mariadb_target_003030
mariadb_griffin_r2,mariadb,2,root/mariadb/sql/table.cc:10724:0:1,/root/mariadb/sql/table.cc,10724,10724,0,0,mariadb_target_001097;mariadb_target_003029;mariadb_target_003030
mariadb_griffin_r2,mariadb,2,root/mariadb/sql/table.cc:10724:1:2,/root/mariadb/sql/table.cc,10724,10724,0,0,mariadb_target_001097;mariadb_target_003029;mariadb_target_003030
mariadb_griffin_r2,mariadb,2,root/mariadb/sql/table.cc:10724:1:3,/root/mariadb/sql/table.cc,10724,10724,0,0,mariadb_target_001097;mariadb_target_003029;mariadb_target_003030
mariadb_griffin_r2,mariadb,2,root/mariadb/sql/table.cc:10735:0:0,/root/mariadb/sql/table.cc,10735,10735,0,0,mariadb_target_003031;mariadb_target_003032
mariadb_griffin_r2,mariadb,2,root/mariadb/sql/table.cc:10735:0:1,/root/mariadb/sql/table.cc,10735,10735,0,0,mariadb_target_003031;mariadb_target_003032
mariadb_griffin_r2,mariadb,2,root/mariadb/sql/table.cc:10738:0:0,/root/mariadb/sql/table.cc,10738,10738,0,0,mariadb_target_003031;mariadb_target_003032
mariadb_griffin_r2,mariadb,2,root/mariadb/sql/table.cc:10738:0:1,/root/mariadb/sql/table.cc,10738,10738,0,0,mariadb_target_003031;mariadb_target_003032
mariadb_griffin_r2,mariadb,2,root/mariadb/sql/table.cc:10738:1:2,/root/mariadb/sql/table.cc,10738,10738,0,0,mariadb_target_003031;mariadb_target_003032
mariadb_griffin_r2,mariadb,2,root/mariadb/sql/table.cc:10738:1:3,/root/mariadb/sql/table.cc,10738,10738,0,0,mariadb_target_003031;mariadb_target_003032
mariadb_griffin_r2,mariadb,2,root/mariadb/sql/table.cc:10738:2:4,/root/mariadb/sql/table.cc,10738,10738,0,0,mariadb_target_003031;mariadb_target_003032
mariadb_griffin_r2,mariadb,2,root/mariadb/sql/table.cc:10738:2:5,/root/mariadb/sql/table.cc,10738,10738,0,0,mariadb_target_003031;mariadb_target_003032
mariadb_griffin_r2,mariadb,2,root/mariadb/sql/table.cc:11067:0:0,/root/mariadb/sql/table.cc,11067,11067,191,1,mariadb_target_001098;mariadb_target_003033
mariadb_griffin_r2,mariadb,2,root/mariadb/sql/table.cc:11067:0:1,/root/mariadb/sql/table.cc,11067,11067,175414,1,mariadb_target_001098;mariadb_target_003033
mariadb_griffin_r2,mariadb,2,root/mariadb/sql/table.cc:11071:0:0,/root/mariadb/sql/table.cc,11071,11071,191,1,mariadb_target_001098;mariadb_target_003033
mariadb_griffin_r2,mariadb,2,root/mariadb/sql/table.cc:11071:0:1,/root/mariadb/sql/table.cc,11071,11071,0,0,mariadb_target_001098;mariadb_target_003033
mariadb_griffin_r2,mariadb,2,root/mariadb/sql/table.cc:11075:0:0,/root/mariadb/sql/table.cc,11075,11075,203433,1,mariadb_target_001098;mariadb_target_003033
mariadb_griffin_r2,mariadb,2,root/mariadb/sql/table.cc:11075:0:1,/root/mariadb/sql/table.cc,11075,11075,9449,1,mariadb_target_001098;mariadb_target_003033
mariadb_griffin_r2,mariadb,2,root/mariadb/sql/table.cc:11077:0:0,/root/mariadb/sql/table.cc,11077,11077,165965,1,mariadb_target_003034
mariadb_griffin_r2,mariadb,2,root/mariadb/sql/table.cc:11077:0:1,/root/mariadb/sql/table.cc,11077,11077,37468,1,mariadb_target_003034
mariadb_griffin_r2,mariadb,2,root/mariadb/sql/wsrep_mysqld.cc:3944:0:0,/root/mariadb/sql/wsrep_mysqld.cc,3944,3944,0,0,mariadb_target_003040
mariadb_griffin_r2,mariadb,2,root/mariadb/sql/wsrep_mysqld.cc:3944:0:1,/root/mariadb/sql/wsrep_mysqld.cc,3944,3944,0,0,mariadb_target_003040
mariadb_griffin_r2,mariadb,2,root/mariadb/sql/wsrep_mysqld.cc:3944:1:2,/root/mariadb/sql/wsrep_mysqld.cc,3944,3944,0,0,mariadb_target_003040
mariadb_griffin_r2,mariadb,2,root/mariadb/sql/wsrep_mysqld.cc:3944:1:3,/root/mariadb/sql/wsrep_mysqld.cc,3944,3944,0,0,mariadb_target_003040
mariadb_griffin_r2,mariadb,2,root/mariadb/sql/wsrep_mysqld.cc:3944:2:4,/root/mariadb/sql/wsrep_mysqld.cc,3944,3944,0,0,mariadb_target_003040
mariadb_griffin_r2,mariadb,2,root/mariadb/sql/wsrep_mysqld.cc:3944:2:5,/root/mariadb/sql/wsrep_mysqld.cc,3944,3944,0,0,mariadb_target_003040
mariadb_griffin_r2,mariadb,2,root/mariadb/sql/wsrep_mysqld.cc:3944:3:6,/root/mariadb/sql/wsrep_mysqld.cc,3944,3944,0,0,mariadb_target_003040
mariadb_griffin_r2,mariadb,2,root/mariadb/sql/wsrep_mysqld.cc:3944:3:7,/root/mariadb/sql/wsrep_mysqld.cc,3944,3944,0,0,mariadb_target_003040
mariadb_griffin_r2,mariadb,2,root/mariadb/sql/wsrep_mysqld.cc:3944:4:8,/root/mariadb/sql/wsrep_mysqld.cc,3944,3944,0,0,mariadb_target_003040
mariadb_griffin_r2,mariadb,2,root/mariadb/sql/wsrep_mysqld.cc:3944:4:9,/root/mariadb/sql/wsrep_mysqld.cc,3944,3944,0,0,mariadb_target_003040
mariadb_griffin_r2,mariadb,2,root/mariadb/sql/wsrep_mysqld.cc:3949:0:0,/root/mariadb/sql/wsrep_mysqld.cc,3949,3949,0,0,mariadb_target_003040;mariadb_target_003041
mariadb_griffin_r2,mariadb,2,root/mariadb/sql/wsrep_mysqld.cc:3949:0:1,/root/mariadb/sql/wsrep_mysqld.cc,3949,3949,0,0,mariadb_target_003040;mariadb_target_003041
mariadb_griffin_r2,mariadb,2,root/mariadb/sql/wsrep_mysqld.cc:3958:0:0,/root/mariadb/sql/wsrep_mysqld.cc,3958,3958,0,0,mariadb_target_003041
mariadb_griffin_r2,mariadb,2,root/mariadb/sql/wsrep_mysqld.cc:3958:0:1,/root/mariadb/sql/wsrep_mysqld.cc,3958,3958,0,0,mariadb_target_003041
mariadb_griffin_r2,mariadb,2,root/mariadb/sql/wsrep_mysqld.cc:3963:0:0,/root/mariadb/sql/wsrep_mysqld.cc,3963,3963,0,0,mariadb_target_003041
mariadb_griffin_r2,mariadb,2,root/mariadb/sql/wsrep_mysqld.cc:3963:0:1,/root/mariadb/sql/wsrep_mysqld.cc,3963,3963,0,0,mariadb_target_003041
mariadb_griffin_r2,mariadb,2,root/mariadb/sql/wsrep_mysqld.cc:3963:1:2,/root/mariadb/sql/wsrep_mysqld.cc,3963,3963,0,0,mariadb_target_003041
mariadb_griffin_r2,mariadb,2,root/mariadb/sql/wsrep_mysqld.cc:3963:1:3,/root/mariadb/sql/wsrep_mysqld.cc,3963,3963,0,0,mariadb_target_003041
mariadb_griffin_r2,mariadb,2,root/mariadb/sql/wsrep_mysqld.cc:3963:2:4,/root/mariadb/sql/wsrep_mysqld.cc,3963,3963,0,0,mariadb_target_003041
mariadb_griffin_r2,mariadb,2,root/mariadb/sql/wsrep_mysqld.cc:3963:2:5,/root/mariadb/sql/wsrep_mysqld.cc,3963,3963,0,0,mariadb_target_003041
mariadb_griffin_r2,mariadb,2,root/mariadb/sql/wsrep_mysqld.cc:3963:3:6,/root/mariadb/sql/wsrep_mysqld.cc,3963,3963,0,0,mariadb_target_003041
mariadb_griffin_r2,mariadb,2,root/mariadb/sql/wsrep_mysqld.cc:3963:3:7,/root/mariadb/sql/wsrep_mysqld.cc,3963,3963,0,0,mariadb_target_003041
mariadb_griffin_r2,mariadb,2,root/mariadb/sql/wsrep_mysqld.cc:3963:4:8,/root/mariadb/sql/wsrep_mysqld.cc,3963,3963,0,0,mariadb_target_003041
mariadb_griffin_r2,mariadb,2,root/mariadb/sql/wsrep_mysqld.cc:3963:4:9,/root/mariadb/sql/wsrep_mysqld.cc,3963,3963,0,0,mariadb_target_003041
mariadb_griffin_r2,mariadb,2,root/mariadb/storage/innobase/handler/ha_innodb.cc:15367:0:0,/root/mariadb/storage/innobase/handler/ha_innodb.cc,15367,15367,0,0,mariadb_target_001246
mariadb_griffin_r2,mariadb,2,root/mariadb/storage/innobase/handler/ha_innodb.cc:15367:0:1,/root/mariadb/storage/innobase/handler/ha_innodb.cc,15367,15367,124,1,mariadb_target_001246
mariadb_griffin_r2,mariadb,2,root/mariadb/storage/innobase/handler/ha_innodb.cc:15368:0:0,/root/mariadb/storage/innobase/handler/ha_innodb.cc,15368,15368,0,0,mariadb_target_001246
mariadb_griffin_r2,mariadb,2,root/mariadb/storage/innobase/handler/ha_innodb.cc:15368:0:1,/root/mariadb/storage/innobase/handler/ha_innodb.cc,15368,15368,0,0,mariadb_target_001246
mariadb_griffin_r2,mariadb,2,root/mariadb/storage/innobase/handler/ha_innodb.cc:15377:0:0,/root/mariadb/storage/innobase/handler/ha_innodb.cc,15377,15377,129,1,mariadb_target_001246
mariadb_griffin_r2,mariadb,2,root/mariadb/storage/innobase/handler/ha_innodb.cc:15377:0:1,/root/mariadb/storage/innobase/handler/ha_innodb.cc,15377,15377,124,1,mariadb_target_001246
mariadb_griffin_r2,mariadb,2,root/mariadb/storage/perfschema/pfs_events_statements.cc:157:0:0,/root/mariadb/storage/perfschema/pfs_events_statements.cc,157,157,0,0,mariadb_target_002471
mariadb_griffin_r2,mariadb,2,root/mariadb/storage/perfschema/pfs_events_statements.cc:157:0:1,/root/mariadb/storage/perfschema/pfs_events_statements.cc,157,157,0,0,mariadb_target_002471
