"MySQL priority local memory sinks","Lightweight MySQL memory sink query. It reports memory/copy/allocation calls and metadata accesses inside Stage-0 priority functions without running global taint flow.","warning","MySQL priority function reaches local memory sink 'memcpy'","/libs/mysql/containers/buffers/buffer_sequence_view.h","143","7","143","17"
"MySQL priority local memory sinks","Lightweight MySQL memory sink query. It reports memory/copy/allocation calls and metadata accesses inside Stage-0 priority functions without running global taint flow.","warning","MySQL priority function reaches local memory sink 'memcpy'","/include/my_char_traits.h","80","37","80","42"
"MySQL priority local memory sinks","Lightweight MySQL memory sink query. It reports memory/copy/allocation calls and metadata accesses inside Stage-0 priority functions without running global taint flow.","warning","MySQL priority function reads table/field metadata 'table'","/sql/field.h","3819","30","3819","34"
"MySQL priority local memory sinks","Lightweight MySQL memory sink query. It reports memory/copy/allocation calls and metadata accesses inside Stage-0 priority functions without running global taint flow.","warning","MySQL priority function reads table/field metadata 'field'","/sql/item.h","4605","53","4605","57"
"MySQL priority local memory sinks","Lightweight MySQL memory sink query. It reports memory/copy/allocation calls and metadata accesses inside Stage-0 priority functions without running global taint flow.","warning","MySQL priority function reads table/field metadata 'm_table_ref'","/sql/item.h","6329","25","6329","35"
"MySQL priority local memory sinks","Lightweight MySQL memory sink query. It reports memory/copy/allocation calls and metadata accesses inside Stage-0 priority functions without running global taint flow.","warning","MySQL priority function reads table/field metadata 'result_field'","/sql/item_cmpfunc.h","392","29","392","40"
"MySQL priority local memory sinks","Lightweight MySQL memory sink query. It reports memory/copy/allocation calls and metadata accesses inside Stage-0 priority functions without running global taint flow.","warning","MySQL priority function reads table/field metadata 'table'","/sql/handler.h","7600","5","7600","9"
"MySQL priority local memory sinks","Lightweight MySQL memory sink query. It reports memory/copy/allocation calls and metadata accesses inside Stage-0 priority functions without running global taint flow.","warning","MySQL priority function reaches local memory sink 'memset'","/storage/innobase/include/ut0bitset.h","101","24","101","29"
"MySQL priority local memory sinks","Lightweight MySQL memory sink query. It reports memory/copy/allocation calls and metadata accesses inside Stage-0 priority functions without running global taint flow.","warning","MySQL priority function reaches local memory sink 'memset'","/storage/innobase/log/log0meb.cc","100","5","100","10"
"MySQL priority local memory sinks","Lightweight MySQL memory sink query. It reports memory/copy/allocation calls and metadata accesses inside Stage-0 priority functions without running global taint flow.","warning","MySQL priority function reads table/field metadata 'table'","/storage/ndb/plugin/ha_ndbcluster_cond.cc","296","41","296","45"
"MySQL priority local memory sinks","Lightweight MySQL memory sink query. It reports memory/copy/allocation calls and metadata accesses inside Stage-0 priority functions without running global taint flow.","warning","MySQL priority function reads table/field metadata 'table'","/storage/ndb/plugin/ha_ndbcluster_cond.cc","296","55","296","59"
"MySQL priority local memory sinks","Lightweight MySQL memory sink query. It reports memory/copy/allocation calls and metadata accesses inside Stage-0 priority functions without running global taint flow.","warning","MySQL priority function reads table/field metadata 'table'","/storage/ndb/plugin/ha_ndbcluster_cond.cc","299","40","299","44"
"MySQL priority local memory sinks","Lightweight MySQL memory sink query. It reports memory/copy/allocation calls and metadata accesses inside Stage-0 priority functions without running global taint flow.","warning","MySQL priority function reads table/field metadata 'table'","/storage/ndb/include/util/HashMap2.hpp","340","14","340","18"
"MySQL priority local memory sinks","Lightweight MySQL memory sink query. It reports memory/copy/allocation calls and metadata accesses inside Stage-0 priority functions without running global taint flow.","warning","MySQL priority function reaches local memory sink 'memset'","/storage/ndb/src/common/debugger/signaldata/DictTabInfo.cpp","397","3","397","13"
"MySQL priority local memory sinks","Lightweight MySQL memory sink query. It reports memory/copy/allocation calls and metadata accesses inside Stage-0 priority functions without running global taint flow.","warning","MySQL priority function reaches local memory sink 'memset'","/storage/ndb/src/common/debugger/signaldata/DictTabInfo.cpp","398","3","398","13"
"MySQL priority local memory sinks","Lightweight MySQL memory sink query. It reports memory/copy/allocation calls and metadata accesses inside Stage-0 priority functions without running global taint flow.","warning","MySQL priority function reaches local memory sink 'memset'","/storage/ndb/src/common/debugger/signaldata/DictTabInfo.cpp","399","3","399","13"
"MySQL priority local memory sinks","Lightweight MySQL memory sink query. It reports memory/copy/allocation calls and metadata accesses inside Stage-0 priority functions without running global taint flow.","warning","MySQL priority function reaches local memory sink 'memset'","/storage/ndb/src/common/debugger/signaldata/DictTabInfo.cpp","400","3","400","13"
"MySQL priority local memory sinks","Lightweight MySQL memory sink query. It reports memory/copy/allocation calls and metadata accesses inside Stage-0 priority functions without running global taint flow.","warning","MySQL priority function reaches local memory sink 'memset'","/storage/ndb/src/common/debugger/signaldata/DictTabInfo.cpp","401","3","401","13"
"MySQL priority local memory sinks","Lightweight MySQL memory sink query. It reports memory/copy/allocation calls and metadata accesses inside Stage-0 priority functions without running global taint flow.","warning","MySQL priority function reaches local memory sink 'memset'","/storage/ndb/src/common/debugger/signaldata/DictTabInfo.cpp","354","41","354","51"
"MySQL priority local memory sinks","Lightweight MySQL memory sink query. It reports memory/copy/allocation calls and metadata accesses inside Stage-0 priority functions without running global taint flow.","warning","MySQL priority function reaches local memory sink 'memset'","/storage/ndb/src/common/debugger/signaldata/DictTabInfo.cpp","301","3","301","13"
"MySQL priority local memory sinks","Lightweight MySQL memory sink query. It reports memory/copy/allocation calls and metadata accesses inside Stage-0 priority functions without running global taint flow.","warning","MySQL priority function reaches local memory sink 'memset'","/storage/ndb/src/common/debugger/signaldata/DictTabInfo.cpp","283","3","283","13"
"MySQL priority local memory sinks","Lightweight MySQL memory sink query. It reports memory/copy/allocation calls and metadata accesses inside Stage-0 priority functions without running global taint flow.","warning","MySQL priority function reaches local memory sink 'memset'","/storage/ndb/src/common/debugger/signaldata/DictTabInfo.cpp","294","3","294","13"
"MySQL priority local memory sinks","Lightweight MySQL memory sink query. It reports memory/copy/allocation calls and metadata accesses inside Stage-0 priority functions without running global taint flow.","warning","MySQL priority function reaches local memory sink 'memset'","/storage/ndb/src/common/debugger/signaldata/DictTabInfo.cpp","212","3","212","13"
"MySQL priority local memory sinks","Lightweight MySQL memory sink query. It reports memory/copy/allocation calls and metadata accesses inside Stage-0 priority functions without running global taint flow.","warning","MySQL priority function reaches local memory sink 'memset'","/storage/ndb/src/common/debugger/signaldata/DictTabInfo.cpp","228","3","228","13"
"MySQL priority local memory sinks","Lightweight MySQL memory sink query. It reports memory/copy/allocation calls and metadata accesses inside Stage-0 priority functions without running global taint flow.","warning","MySQL priority function reaches local memory sink 'memset'","/storage/ndb/src/common/debugger/signaldata/DictTabInfo.cpp","144","3","144","13"
"MySQL priority local memory sinks","Lightweight MySQL memory sink query. It reports memory/copy/allocation calls and metadata accesses inside Stage-0 priority functions without running global taint flow.","warning","MySQL priority function reaches local memory sink 'memset'","/storage/ndb/src/common/debugger/signaldata/DictTabInfo.cpp","146","3","146","13"
"MySQL priority local memory sinks","Lightweight MySQL memory sink query. It reports memory/copy/allocation calls and metadata accesses inside Stage-0 priority functions without running global taint flow.","warning","MySQL priority function reaches local memory sink 'memset'","/storage/ndb/src/common/debugger/signaldata/DictTabInfo.cpp","173","3","173","13"
"MySQL priority local memory sinks","Lightweight MySQL memory sink query. It reports memory/copy/allocation calls and metadata accesses inside Stage-0 priority functions without running global taint flow.","warning","MySQL priority function reaches local memory sink 'memset'","/storage/ndb/src/common/debugger/signaldata/DictTabInfo.cpp","174","3","174","13"
"MySQL priority local memory sinks","Lightweight MySQL memory sink query. It reports memory/copy/allocation calls and metadata accesses inside Stage-0 priority functions without running global taint flow.","warning","MySQL priority function reaches local memory sink 'memset'","/storage/ndb/src/common/debugger/signaldata/DictTabInfo.cpp","175","3","175","13"
"MySQL priority local memory sinks","Lightweight MySQL memory sink query. It reports memory/copy/allocation calls and metadata accesses inside Stage-0 priority functions without running global taint flow.","warning","MySQL priority function reaches local memory sink 'memset'","/storage/ndb/src/common/debugger/signaldata/DictTabInfo.cpp","176","3","176","13"
"MySQL priority local memory sinks","Lightweight MySQL memory sink query. It reports memory/copy/allocation calls and metadata accesses inside Stage-0 priority functions without running global taint flow.","warning","MySQL priority function reaches local memory sink 'memset'","/storage/ndb/src/common/util/ndbxfrm_file.cpp","88","3","88","8"
"MySQL priority local memory sinks","Lightweight MySQL memory sink query. It reports memory/copy/allocation calls and metadata accesses inside Stage-0 priority functions without running global taint flow.","warning","MySQL priority function reaches local memory sink 'memset'","/storage/ndb/src/kernel/blocks/dblqh/Dblqh.hpp","1104","21","1104","26"
"MySQL priority local memory sinks","Lightweight MySQL memory sink query. It reports memory/copy/allocation calls and metadata accesses inside Stage-0 priority functions without running global taint flow.","warning","MySQL priority function reaches local memory sink 'memcpy'","/storage/ndb/src/kernel/blocks/diskpage.cpp","36","3","36","8"
"MySQL priority local memory sinks","Lightweight MySQL memory sink query. It reports memory/copy/allocation calls and metadata accesses inside Stage-0 priority functions without running global taint flow.","warning","MySQL priority function reaches local memory sink 'memcpy'","/storage/ndb/src/ndbapi/ClusterMgr.hpp","307","9","307","14"
"MySQL priority local memory sinks","Lightweight MySQL memory sink query. It reports memory/copy/allocation calls and metadata accesses inside Stage-0 priority functions without running global taint flow.","warning","MySQL priority function reaches local memory sink 'memset'","/storage/ndb/src/ndbapi/ClusterMgr.hpp","309","9","309","14"
"MySQL priority local memory sinks","Lightweight MySQL memory sink query. It reports memory/copy/allocation calls and metadata accesses inside Stage-0 priority functions without running global taint flow.","warning","MySQL priority function reaches local memory sink 'memset'","/storage/ndb/include/util/NdbPack.hpp","685","3","685","8"
"MySQL priority local memory sinks","Lightweight MySQL memory sink query. It reports memory/copy/allocation calls and metadata accesses inside Stage-0 priority functions without running global taint flow.","warning","MySQL priority function reaches local memory sink 'memset'","/storage/ndb/src/ndbapi/NdbQueryOperation.cpp","3681","5","3681","10"
"MySQL priority local memory sinks","Lightweight MySQL memory sink query. It reports memory/copy/allocation calls and metadata accesses inside Stage-0 priority functions without running global taint flow.","warning","MySQL priority function reaches local memory sink 'memset'","/storage/ndb/src/ndbapi/NdbQueryOperation.cpp","3685","5","3685","10"
"MySQL priority local memory sinks","Lightweight MySQL memory sink query. It reports memory/copy/allocation calls and metadata accesses inside Stage-0 priority functions without running global taint flow.","warning","MySQL priority function reaches local memory sink 'memcpy'","/storage/ndb/test/ndbapi/testIndexStat.cpp","430","18","430","23"
"MySQL priority local memory sinks","Lightweight MySQL memory sink query. It reports memory/copy/allocation calls and metadata accesses inside Stage-0 priority functions without running global taint flow.","warning","MySQL priority function reaches local memory sink 'memset'","/storage/ndb/test/ndbapi/testIndexStat.cpp","414","3","414","8"
"MySQL priority local memory sinks","Lightweight MySQL memory sink query. It reports memory/copy/allocation calls and metadata accesses inside Stage-0 priority functions without running global taint flow.","warning","MySQL priority function reaches local memory sink 'memcpy'","/storage/ndb/test/ndbapi/testOIBasic.cpp","1705","7","1705","12"
"MySQL priority local memory sinks","Lightweight MySQL memory sink query. It reports memory/copy/allocation calls and metadata accesses inside Stage-0 priority functions without running global taint flow.","warning","MySQL priority function reaches local memory sink 'memcpy'","/storage/ndb/test/ndbapi/testOIBasic.cpp","1708","7","1708","12"
"MySQL priority local memory sinks","Lightweight MySQL memory sink query. It reports memory/copy/allocation calls and metadata accesses inside Stage-0 priority functions without running global taint flow.","warning","MySQL priority function reaches local memory sink 'memcpy'","/storage/ndb/test/ndbapi/testOIBasic.cpp","1711","7","1711","12"
"MySQL priority local memory sinks","Lightweight MySQL memory sink query. It reports memory/copy/allocation calls and metadata accesses inside Stage-0 priority functions without running global taint flow.","warning","MySQL priority function reaches local memory sink 'memset'","/storage/ndb/test/ndbapi/test_event_merge.cpp","474","5","474","10"
"MySQL priority local memory sinks","Lightweight MySQL memory sink query. It reports memory/copy/allocation calls and metadata accesses inside Stage-0 priority functions without running global taint flow.","warning","MySQL priority function reaches local memory sink 'memset'","/storage/ndb/test/ndbapi/test_event_merge.cpp","476","5","476","10"
"MySQL priority local memory sinks","Lightweight MySQL memory sink query. It reports memory/copy/allocation calls and metadata accesses inside Stage-0 priority functions without running global taint flow.","warning","MySQL priority function reaches local memory sink 'memcpy'","/storage/ndb/tools/NdbImportUtil.cpp","2145","3","2145","8"
"MySQL priority local memory sinks","Lightweight MySQL memory sink query. It reports memory/copy/allocation calls and metadata accesses inside Stage-0 priority functions without running global taint flow.","warning","MySQL priority function reaches local memory sink 'memset'","/storage/perfschema/pfs_data_lock.h","49","5","49","10"
"MySQL priority local memory sinks","Lightweight MySQL memory sink query. It reports memory/copy/allocation calls and metadata accesses inside Stage-0 priority functions without running global taint flow.","warning","MySQL priority function reaches local memory sink 'memset'","/storage/perfschema/pfs_data_lock.h","124","5","124","10"
"MySQL priority local memory sinks","Lightweight MySQL memory sink query. It reports memory/copy/allocation calls and metadata accesses inside Stage-0 priority functions without running global taint flow.","warning","MySQL priority function reaches local memory sink 'memset'","/storage/perfschema/pfs_data_lock.h","126","5","126","10"
"MySQL priority local memory sinks","Lightweight MySQL memory sink query. It reports memory/copy/allocation calls and metadata accesses inside Stage-0 priority functions without running global taint flow.","warning","MySQL priority function reaches local memory sink 'memset'","/sql/field.h","1073","5","1073","10"
"MySQL priority local memory sinks","Lightweight MySQL memory sink query. It reports memory/copy/allocation calls and metadata accesses inside Stage-0 priority functions without running global taint flow.","warning","MySQL priority function reads table/field metadata 'table'","/sql/parse_tree_items.cc","476","44","476","48"
"MySQL priority local memory sinks","Lightweight MySQL memory sink query. It reports memory/copy/allocation calls and metadata accesses inside Stage-0 priority functions without running global taint flow.","warning","MySQL priority function reads table/field metadata 'table'","/sql/parse_tree_items.cc","477","44","477","48"
"MySQL priority local memory sinks","Lightweight MySQL memory sink query. It reports memory/copy/allocation calls and metadata accesses inside Stage-0 priority functions without running global taint flow.","warning","MySQL priority function reads table/field metadata 'table'","/sql/parse_tree_items.cc","480","21","480","25"
"MySQL priority local memory sinks","Lightweight MySQL memory sink query. It reports memory/copy/allocation calls and metadata accesses inside Stage-0 priority functions without running global taint flow.","warning","MySQL priority function reads table/field metadata 'table'","/sql/parse_tree_items.cc","480","40","480","44"
"MySQL priority local memory sinks","Lightweight MySQL memory sink query. It reports memory/copy/allocation calls and metadata accesses inside Stage-0 priority functions without running global taint flow.","warning","MySQL priority function reaches local memory sink 'memset'","/sql/persisted_variable.cc","285","3","285","8"
"MySQL priority local memory sinks","Lightweight MySQL memory sink query. It reports memory/copy/allocation calls and metadata accesses inside Stage-0 priority functions without running global taint flow.","warning","MySQL priority function reaches local memory sink 'memcpy'","/sql/persisted_variable.cc","287","3","287","8"
"MySQL priority local memory sinks","Lightweight MySQL memory sink query. It reports memory/copy/allocation calls and metadata accesses inside Stage-0 priority functions without running global taint flow.","warning","MySQL priority function reads table/field metadata 'm_table_ref'","/sql/range_optimizer/range_analysis.cc","979","40","979","50"
"MySQL priority local memory sinks","Lightweight MySQL memory sink query. It reports memory/copy/allocation calls and metadata accesses inside Stage-0 priority functions without running global taint flow.","warning","MySQL priority function reaches local memory sink 'memset'","/sql/resourcegroups/resource_group_mgr.cc","367","3","367","8"
"MySQL priority local memory sinks","Lightweight MySQL memory sink query. It reports memory/copy/allocation calls and metadata accesses inside Stage-0 priority functions without running global taint flow.","warning","MySQL priority function reaches local memory sink 'memcpy'","/sql/sql_digest.h","151","7","151","12"
"MySQL priority local memory sinks","Lightweight MySQL memory sink query. It reports memory/copy/allocation calls and metadata accesses inside Stage-0 priority functions without running global taint flow.","warning","MySQL priority function reaches local memory sink 'memcpy'","/sql/sql_digest.h","152","7","152","12"
"MySQL priority local memory sinks","Lightweight MySQL memory sink query. It reports memory/copy/allocation calls and metadata accesses inside Stage-0 priority functions without running global taint flow.","warning","MySQL priority function reaches local memory sink 'memset'","/sql/sql_digest.h","132","5","132","10"
"MySQL priority local memory sinks","Lightweight MySQL memory sink query. It reports memory/copy/allocation calls and metadata accesses inside Stage-0 priority functions without running global taint flow.","warning","MySQL priority function reads table/field metadata 'field'","/sql/item.h","4459","12","4459","16"
"MySQL priority local memory sinks","Lightweight MySQL memory sink query. It reports memory/copy/allocation calls and metadata accesses inside Stage-0 priority functions without running global taint flow.","warning","MySQL priority function reads table/field metadata 'field'","/sql/item.h","4457","51","4457","55"
"MySQL priority local memory sinks","Lightweight MySQL memory sink query. It reports memory/copy/allocation calls and metadata accesses inside Stage-0 priority functions without running global taint flow.","warning","MySQL priority function reads table/field metadata 'field'","/sql/item.h","4455","12","4455","16"
"MySQL priority local memory sinks","Lightweight MySQL memory sink query. It reports memory/copy/allocation calls and metadata accesses inside Stage-0 priority functions without running global taint flow.","warning","MySQL priority function reads table/field metadata 'field'","/sql/item.h","4450","50","4450","54"
"MySQL priority local memory sinks","Lightweight MySQL memory sink query. It reports memory/copy/allocation calls and metadata accesses inside Stage-0 priority functions without running global taint flow.","warning","MySQL priority function reads table/field metadata 'field'","/sql/item.h","4449","40","4449","44"
"MySQL priority local memory sinks","Lightweight MySQL memory sink query. It reports memory/copy/allocation calls and metadata accesses inside Stage-0 priority functions without running global taint flow.","warning","MySQL priority function reads table/field metadata 'field'","/sql/item.h","4448","39","4448","43"
"MySQL priority local memory sinks","Lightweight MySQL memory sink query. It reports memory/copy/allocation calls and metadata accesses inside Stage-0 priority functions without running global taint flow.","warning","MySQL priority function reads table/field metadata 'field'","/sql/item.h","7363","12","7363","16"
"MySQL priority local memory sinks","Lightweight MySQL memory sink query. It reports memory/copy/allocation calls and metadata accesses inside Stage-0 priority functions without running global taint flow.","warning","MySQL priority function reads table/field metadata 'm_field'","/sql/json_duality_view/content_tree.h","83","32","83","38"
"MySQL priority local memory sinks","Lightweight MySQL memory sink query. It reports memory/copy/allocation calls and metadata accesses inside Stage-0 priority functions without running global taint flow.","warning","MySQL priority function reaches local memory sink 'my_malloc'","/sql/server_component/mysql_command_services_imp.cc","70","50","70","58"
"MySQL priority local memory sinks","Lightweight MySQL memory sink query. It reports memory/copy/allocation calls and metadata accesses inside Stage-0 priority functions without running global taint flow.","warning","MySQL priority function reads table/field metadata 'field'","/sql/server_component/persistent_dynamic_loader.cc","270","28","270","32"
"MySQL priority local memory sinks","Lightweight MySQL memory sink query. It reports memory/copy/allocation calls and metadata accesses inside Stage-0 priority functions without running global taint flow.","warning","MySQL priority function reads table/field metadata 'field'","/sql/server_component/persistent_dynamic_loader.cc","272","28","272","32"
"MySQL priority local memory sinks","Lightweight MySQL memory sink query. It reports memory/copy/allocation calls and metadata accesses inside Stage-0 priority functions without running global taint flow.","warning","MySQL priority function reads table/field metadata 'field'","/sql/server_component/persistent_dynamic_loader.cc","274","24","274","28"
"MySQL priority local memory sinks","Lightweight MySQL memory sink query. It reports memory/copy/allocation calls and metadata accesses inside Stage-0 priority functions without running global taint flow.","warning","MySQL priority function reaches local memory sink 'memset'","/sql/xa.h","138","5","138","10"
"MySQL priority local memory sinks","Lightweight MySQL memory sink query. It reports memory/copy/allocation calls and metadata accesses inside Stage-0 priority functions without running global taint flow.","warning","MySQL priority function reads table/field metadata 'table'","/sql/sql_cmd_ddl_table.cc","361","23","361","27"
"MySQL priority local memory sinks","Lightweight MySQL memory sink query. It reports memory/copy/allocation calls and metadata accesses inside Stage-0 priority functions without running global taint flow.","warning","MySQL priority function reads table/field metadata 'table'","/sql/sql_cursor.cc","466","10","466","14"
"MySQL priority local memory sinks","Lightweight MySQL memory sink query. It reports memory/copy/allocation calls and metadata accesses inside Stage-0 priority functions without running global taint flow.","warning","MySQL priority function reads table/field metadata 'table'","/sql/sql_cursor.cc","484","23","484","27"
"MySQL priority local memory sinks","Lightweight MySQL memory sink query. It reports memory/copy/allocation calls and metadata accesses inside Stage-0 priority functions without running global taint flow.","warning","MySQL priority function reads table/field metadata 'field'","/sql/range_optimizer/path_helpers.h","139","53","139","57"
"MySQL priority local memory sinks","Lightweight MySQL memory sink query. It reports memory/copy/allocation calls and metadata accesses inside Stage-0 priority functions without running global taint flow.","warning","MySQL priority function reads table/field metadata 'table'","/sql/range_optimizer/path_helpers.h","139","60","139","64"
"MySQL priority local memory sinks","Lightweight MySQL memory sink query. It reports memory/copy/allocation calls and metadata accesses inside Stage-0 priority functions without running global taint flow.","warning","MySQL priority function reads table/field metadata 'table'","/sql/sql_delete.cc","802","48","802","52"
"MySQL priority local memory sinks","Lightweight MySQL memory sink query. It reports memory/copy/allocation calls and metadata accesses inside Stage-0 priority functions without running global taint flow.","warning","MySQL priority function reads table/field metadata 'table'","/sql/sql_delete.cc","806","21","806","25"
"MySQL priority local memory sinks","Lightweight MySQL memory sink query. It reports memory/copy/allocation calls and metadata accesses inside Stage-0 priority functions without running global taint flow.","warning","MySQL priority function reads table/field metadata 'table'","/sql/sql_delete.cc","827","46","827","50"
"MySQL priority local memory sinks","Lightweight MySQL memory sink query. It reports memory/copy/allocation calls and metadata accesses inside Stage-0 priority functions without running global taint flow.","warning","MySQL priority function reads table/field metadata 'table'","/sql/sql_delete.cc","881","12","881","16"
"MySQL priority local memory sinks","Lightweight MySQL memory sink query. It reports memory/copy/allocation calls and metadata accesses inside Stage-0 priority functions without running global taint flow.","warning","MySQL priority function reads table/field metadata 'table'","/sql/sql_delete.cc","881","32","881","36"
"MySQL priority local memory sinks","Lightweight MySQL memory sink query. It reports memory/copy/allocation calls and metadata accesses inside Stage-0 priority functions without running global taint flow.","warning","MySQL priority function reads table/field metadata 'table'","/sql/sql_handler.cc","443","26","443","30"
"MySQL priority local memory sinks","Lightweight MySQL memory sink query. It reports memory/copy/allocation calls and metadata accesses inside Stage-0 priority functions without running global taint flow.","warning","MySQL priority function reads table/field metadata 'table'","/sql/sql_handler.cc","457","28","457","32"
"MySQL priority local memory sinks","Lightweight MySQL memory sink query. It reports memory/copy/allocation calls and metadata accesses inside Stage-0 priority functions without running global taint flow.","warning","MySQL priority function reads table/field metadata 'table'","/sql/sql_handler.cc","480","20","480","24"
"MySQL priority local memory sinks","Lightweight MySQL memory sink query. It reports memory/copy/allocation calls and metadata accesses inside Stage-0 priority functions without running global taint flow.","warning","MySQL priority function reads table/field metadata 'table'","/sql/sql_handler.cc","511","23","511","27"
"MySQL priority local memory sinks","Lightweight MySQL memory sink query. It reports memory/copy/allocation calls and metadata accesses inside Stage-0 priority functions without running global taint flow.","warning","MySQL priority function reads table/field metadata 'table'","/sql/sql_handler.cc","512","23","512","27"
"MySQL priority local memory sinks","Lightweight MySQL memory sink query. It reports memory/copy/allocation calls and metadata accesses inside Stage-0 priority functions without running global taint flow.","warning","MySQL priority function reads table/field metadata 'table'","/sql/sql_handler.cc","552","11","552","15"
"MySQL priority local memory sinks","Lightweight MySQL memory sink query. It reports memory/copy/allocation calls and metadata accesses inside Stage-0 priority functions without running global taint flow.","warning","MySQL priority function reads table/field metadata 'table'","/sql/sql_handler.cc","552","32","552","36"
"MySQL priority local memory sinks","Lightweight MySQL memory sink query. It reports memory/copy/allocation calls and metadata accesses inside Stage-0 priority functions without running global taint flow.","warning","MySQL priority function reads table/field metadata 'table'","/sql/sql_handler.cc","553","11","553","15"
"MySQL priority local memory sinks","Lightweight MySQL memory sink query. It reports memory/copy/allocation calls and metadata accesses inside Stage-0 priority functions without running global taint flow.","warning","MySQL priority function reads table/field metadata 'key_part'","/sql/sql_handler.cc","678","44","678","51"
"MySQL priority local memory sinks","Lightweight MySQL memory sink query. It reports memory/copy/allocation calls and metadata accesses inside Stage-0 priority functions without running global taint flow.","warning","MySQL priority function reads table/field metadata 'field'","/sql/sql_handler.cc","706","45","706","49"
"MySQL priority local memory sinks","Lightweight MySQL memory sink query. It reports memory/copy/allocation calls and metadata accesses inside Stage-0 priority functions without running global taint flow.","warning","MySQL priority function reads table/field metadata 'table'","/sql/sql_handler.cc","771","16","771","20"
"MySQL priority local memory sinks","Lightweight MySQL memory sink query. It reports memory/copy/allocation calls and metadata accesses inside Stage-0 priority functions without running global taint flow.","warning","MySQL priority function reads table/field metadata 'table'","/sql/sql_handler.cc","786","46","786","50"
"MySQL priority local memory sinks","Lightweight MySQL memory sink query. It reports memory/copy/allocation calls and metadata accesses inside Stage-0 priority functions without running global taint flow.","warning","MySQL priority function reads table/field metadata 'table'","/sql/sql_handler.cc","787","18","787","22"
"MySQL priority local memory sinks","Lightweight MySQL memory sink query. It reports memory/copy/allocation calls and metadata accesses inside Stage-0 priority functions without running global taint flow.","warning","MySQL priority function reaches local memory sink 'memcpy'","/sql/sql_handler.cc","192","3","192","8"
"MySQL priority local memory sinks","Lightweight MySQL memory sink query. It reports memory/copy/allocation calls and metadata accesses inside Stage-0 priority functions without running global taint flow.","warning","MySQL priority function reaches local memory sink 'memcpy'","/sql/sql_handler.cc","193","3","193","8"
"MySQL priority local memory sinks","Lightweight MySQL memory sink query. It reports memory/copy/allocation calls and metadata accesses inside Stage-0 priority functions without running global taint flow.","warning","MySQL priority function reaches local memory sink 'memcpy'","/sql/sql_handler.cc","194","3","194","8"
"MySQL priority local memory sinks","Lightweight MySQL memory sink query. It reports memory/copy/allocation calls and metadata accesses inside Stage-0 priority functions without running global taint flow.","warning","MySQL priority function reads table/field metadata 'table'","/sql/sql_handler.cc","200","18","200","22"
"MySQL priority local memory sinks","Lightweight MySQL memory sink query. It reports memory/copy/allocation calls and metadata accesses inside Stage-0 priority functions without running global taint flow.","warning","MySQL priority function reads table/field metadata 'table'","/sql/sql_insert.cc","512","70","512","74"
"MySQL priority local memory sinks","Lightweight MySQL memory sink query. It reports memory/copy/allocation calls and metadata accesses inside Stage-0 priority functions without running global taint flow.","warning","MySQL priority function reads table/field metadata 'table'","/sql/sql_insert.cc","520","55","520","59"
"MySQL priority local memory sinks","Lightweight MySQL memory sink query. It reports memory/copy/allocation calls and metadata accesses inside Stage-0 priority functions without running global taint flow.","warning","MySQL priority function reads table/field metadata 'field'","/sql/sql_insert.cc","618","45","618","49"
"MySQL priority local memory sinks","Lightweight MySQL memory sink query. It reports memory/copy/allocation calls and metadata accesses inside Stage-0 priority functions without running global taint flow.","warning","MySQL priority function reaches local memory sink 'memcpy'","/sql/sql_insert.cc","626","7","626","53"
"MySQL priority local memory sinks","Lightweight MySQL memory sink query. It reports memory/copy/allocation calls and metadata accesses inside Stage-0 priority functions without running global taint flow.","warning","MySQL priority function reads table/field metadata 'table'","/sql/sql_insert.cc","2360","44","2360","48"
"MySQL priority local memory sinks","Lightweight MySQL memory sink query. It reports memory/copy/allocation calls and metadata accesses inside Stage-0 priority functions without running global taint flow.","warning","MySQL priority function reads table/field metadata 'table'","/sql/sql_insert.cc","2361","5","2361","9"
"MySQL priority local memory sinks","Lightweight MySQL memory sink query. It reports memory/copy/allocation calls and metadata accesses inside Stage-0 priority functions without running global taint flow.","warning","MySQL priority function reads table/field metadata 'table'","/sql/sql_insert.cc","2362","7","2362","11"
"MySQL priority local memory sinks","Lightweight MySQL memory sink query. It reports memory/copy/allocation calls and metadata accesses inside Stage-0 priority functions without running global taint flow.","warning","MySQL priority function reads table/field metadata 'table'","/sql/sql_insert.cc","2363","5","2363","9"
"MySQL priority local memory sinks","Lightweight MySQL memory sink query. It reports memory/copy/allocation calls and metadata accesses inside Stage-0 priority functions without running global taint flow.","warning","MySQL priority function reads table/field metadata 'table'","/sql/sql_insert.cc","2364","5","2364","9"
"MySQL priority local memory sinks","Lightweight MySQL memory sink query. It reports memory/copy/allocation calls and metadata accesses inside Stage-0 priority functions without running global taint flow.","warning","MySQL priority function reads table/field metadata 'table'","/sql/sql_insert.cc","2365","5","2365","9"
"MySQL priority local memory sinks","Lightweight MySQL memory sink query. It reports memory/copy/allocation calls and metadata accesses inside Stage-0 priority functions without running global taint flow.","warning","MySQL priority function reads table/field metadata 'table'","/sql/sql_insert.cc","2293","3","2293","7"
"MySQL priority local memory sinks","Lightweight MySQL memory sink query. It reports memory/copy/allocation calls and metadata accesses inside Stage-0 priority functions without running global taint flow.","warning","MySQL priority function reads table/field metadata 'table'","/sql/sql_insert.cc","2293","35","2293","39"
"MySQL priority local memory sinks","Lightweight MySQL memory sink query. It reports memory/copy/allocation calls and metadata accesses inside Stage-0 priority functions without running global taint flow.","warning","MySQL priority function reads table/field metadata 'table'","/sql/sql_insert.cc","2295","41","2295","45"
"MySQL priority local memory sinks","Lightweight MySQL memory sink query. It reports memory/copy/allocation calls and metadata accesses inside Stage-0 priority functions without running global taint flow.","warning","MySQL priority function reads table/field metadata 'table'","/sql/sql_insert.cc","2295","48","2295","52"
"MySQL priority local memory sinks","Lightweight MySQL memory sink query. It reports memory/copy/allocation calls and metadata accesses inside Stage-0 priority functions without running global taint flow.","warning","MySQL priority function reads table/field metadata 'table'","/sql/sql_insert.cc","2297","43","2297","47"
"MySQL priority local memory sinks","Lightweight MySQL memory sink query. It reports memory/copy/allocation calls and metadata accesses inside Stage-0 priority functions without running global taint flow.","warning","MySQL priority function reads table/field metadata 'table'","/sql/sql_insert.cc","2297","50","2297","54"
"MySQL priority local memory sinks","Lightweight MySQL memory sink query. It reports memory/copy/allocation calls and metadata accesses inside Stage-0 priority functions without running global taint flow.","warning","MySQL priority function reads table/field metadata 'table'","/sql/sql_insert.cc","1192","44","1192","48"
"MySQL priority local memory sinks","Lightweight MySQL memory sink query. It reports memory/copy/allocation calls and metadata accesses inside Stage-0 priority functions without running global taint flow.","warning","MySQL priority function reads table/field metadata 'table'","/sql/sql_optimizer.cc","415","34","415","38"
"MySQL priority local memory sinks","Lightweight MySQL memory sink query. It reports memory/copy/allocation calls and metadata accesses inside Stage-0 priority functions without running global taint flow.","warning","MySQL priority function reads table/field metadata 'item'","/sql/sql_optimizer.cc","876","16","876","19"
"MySQL priority local memory sinks","Lightweight MySQL memory sink query. It reports memory/copy/allocation calls and metadata accesses inside Stage-0 priority functions without running global taint flow.","warning","MySQL priority function reads table/field metadata 'item'","/sql/sql_optimizer.cc","949","32","949","35"
"MySQL priority local memory sinks","Lightweight MySQL memory sink query. It reports memory/copy/allocation calls and metadata accesses inside Stage-0 priority functions without running global taint flow.","warning","MySQL priority function reads table/field metadata 'table'","/sql/sql_partition_admin.cc","614","21","614","25"
"MySQL priority local memory sinks","Lightweight MySQL memory sink query. It reports memory/copy/allocation calls and metadata accesses inside Stage-0 priority functions without running global taint flow.","warning","MySQL priority function reads table/field metadata 'table'","/sql/sql_partition_admin.cc","615","21","615","25"
"MySQL priority local memory sinks","Lightweight MySQL memory sink query. It reports memory/copy/allocation calls and metadata accesses inside Stage-0 priority functions without running global taint flow.","warning","MySQL priority function reads table/field metadata 'table'","/sql/sql_partition_admin.cc","616","37","616","41"
"MySQL priority local memory sinks","Lightweight MySQL memory sink query. It reports memory/copy/allocation calls and metadata accesses inside Stage-0 priority functions without running global taint flow.","warning","MySQL priority function reads table/field metadata 'table'","/sql/sql_partition_admin.cc","621","23","621","27"
"MySQL priority local memory sinks","Lightweight MySQL memory sink query. It reports memory/copy/allocation calls and metadata accesses inside Stage-0 priority functions without running global taint flow.","warning","MySQL priority function reads table/field metadata 'table'","/sql/sql_partition_admin.cc","629","20","629","24"
"MySQL priority local memory sinks","Lightweight MySQL memory sink query. It reports memory/copy/allocation calls and metadata accesses inside Stage-0 priority functions without running global taint flow.","warning","MySQL priority function reads table/field metadata 'table'","/sql/sql_partition_admin.cc","645","39","645","43"
"MySQL priority local memory sinks","Lightweight MySQL memory sink query. It reports memory/copy/allocation calls and metadata accesses inside Stage-0 priority functions without running global taint flow.","warning","MySQL priority function reads table/field metadata 'table'","/sql/sql_partition_admin.cc","692","22","692","26"
"MySQL priority local memory sinks","Lightweight MySQL memory sink query. It reports memory/copy/allocation calls and metadata accesses inside Stage-0 priority functions without running global taint flow.","warning","MySQL priority function reads table/field metadata 'table'","/sql/sql_partition_admin.cc","696","31","696","35"
"MySQL priority local memory sinks","Lightweight MySQL memory sink query. It reports memory/copy/allocation calls and metadata accesses inside Stage-0 priority functions without running global taint flow.","warning","MySQL priority function reads table/field metadata 'table'","/sql/sql_partition_admin.cc","698","49","698","53"
"MySQL priority local memory sinks","Lightweight MySQL memory sink query. It reports memory/copy/allocation calls and metadata accesses inside Stage-0 priority functions without running global taint flow.","warning","MySQL priority function reads table/field metadata 'table'","/sql/sql_partition_admin.cc","751","20","751","24"
"MySQL priority local memory sinks","Lightweight MySQL memory sink query. It reports memory/copy/allocation calls and metadata accesses inside Stage-0 priority functions without running global taint flow.","warning","MySQL priority function reads table/field metadata 'table'","/sql/sql_partition_admin.cc","758","49","758","53"
"MySQL priority local memory sinks","Lightweight MySQL memory sink query. It reports memory/copy/allocation calls and metadata accesses inside Stage-0 priority functions without running global taint flow.","warning","MySQL priority function reads table/field metadata 'item'","/sql/sql_resolver.cc","960","14","960","17"
"MySQL priority local memory sinks","Lightweight MySQL memory sink query. It reports memory/copy/allocation calls and metadata accesses inside Stage-0 priority functions without running global taint flow.","warning","MySQL priority function reads table/field metadata 'item'","/sql/sql_resolver.cc","963","14","963","17"
"MySQL priority local memory sinks","Lightweight MySQL memory sink query. It reports memory/copy/allocation calls and metadata accesses inside Stage-0 priority functions without running global taint flow.","warning","MySQL priority function reads table/field metadata 'item'","/sql/sql_resolver.cc","968","13","968","16"
"MySQL priority local memory sinks","Lightweight MySQL memory sink query. It reports memory/copy/allocation calls and metadata accesses inside Stage-0 priority functions without running global taint flow.","warning","MySQL priority function reads table/field metadata 'item'","/sql/sql_resolver.cc","970","13","970","16"
"MySQL priority local memory sinks","Lightweight MySQL memory sink query. It reports memory/copy/allocation calls and metadata accesses inside Stage-0 priority functions without running global taint flow.","warning","MySQL priority function reads table/field metadata 'table'","/sql/sql_servers.cc","833","5","833","9"
"MySQL priority local memory sinks","Lightweight MySQL memory sink query. It reports memory/copy/allocation calls and metadata accesses inside Stage-0 priority functions without running global taint flow.","warning","MySQL priority function reads table/field metadata 'table'","/sql/sql_servers.cc","836","5","836","9"
"MySQL priority local memory sinks","Lightweight MySQL memory sink query. It reports memory/copy/allocation calls and metadata accesses inside Stage-0 priority functions without running global taint flow.","warning","MySQL priority function reads table/field metadata 'field'","/sql/sql_servers.cc","836","12","836","16"
"MySQL priority local memory sinks","Lightweight MySQL memory sink query. It reports memory/copy/allocation calls and metadata accesses inside Stage-0 priority functions without running global taint flow.","warning","MySQL priority function reads table/field metadata 'table'","/sql/sql_servers.cc","839","13","839","17"
"MySQL priority local memory sinks","Lightweight MySQL memory sink query. It reports memory/copy/allocation calls and metadata accesses inside Stage-0 priority functions without running global taint flow.","warning","MySQL priority function reads table/field metadata 'table'","/sql/sql_servers.cc","840","9","840","13"
"MySQL priority local memory sinks","Lightweight MySQL memory sink query. It reports memory/copy/allocation calls and metadata accesses inside Stage-0 priority functions without running global taint flow.","warning","MySQL priority function reads table/field metadata 'table'","/sql/sql_servers.cc","840","30","840","34"
"MySQL priority local memory sinks","Lightweight MySQL memory sink query. It reports memory/copy/allocation calls and metadata accesses inside Stage-0 priority functions without running global taint flow.","warning","MySQL priority function reads table/field metadata 'field'","/sql/sql_servers.cc","840","37","840","41"
"MySQL priority local memory sinks","Lightweight MySQL memory sink query. It reports memory/copy/allocation calls and metadata accesses inside Stage-0 priority functions without running global taint flow.","warning","MySQL priority function reads table/field metadata 'table'","/sql/sql_servers.cc","844","9","844","13"
"MySQL priority local memory sinks","Lightweight MySQL memory sink query. It reports memory/copy/allocation calls and metadata accesses inside Stage-0 priority functions without running global taint flow.","warning","MySQL priority function reads table/field metadata 'table'","/sql/sql_servers.cc","851","20","851","24"
"MySQL priority local memory sinks","Lightweight MySQL memory sink query. It reports memory/copy/allocation calls and metadata accesses inside Stage-0 priority functions without running global taint flow.","warning","MySQL priority function reads table/field metadata 'table'","/sql/sql_servers.cc","851","47","851","51"
"MySQL priority local memory sinks","Lightweight MySQL memory sink query. It reports memory/copy/allocation calls and metadata accesses inside Stage-0 priority functions without running global taint flow.","warning","MySQL priority function reads table/field metadata 'table'","/sql/sql_servers.cc","852","9","852","13"
"MySQL priority local memory sinks","Lightweight MySQL memory sink query. It reports memory/copy/allocation calls and metadata accesses inside Stage-0 priority functions without running global taint flow.","warning","MySQL priority function reads table/field metadata 'table'","/sql/sql_servers.cc","770","5","770","9"
"MySQL priority local memory sinks","Lightweight MySQL memory sink query. It reports memory/copy/allocation calls and metadata accesses inside Stage-0 priority functions without running global taint flow.","warning","MySQL priority function reads table/field metadata 'table'","/sql/sql_servers.cc","773","5","773","9"
"MySQL priority local memory sinks","Lightweight MySQL memory sink query. It reports memory/copy/allocation calls and metadata accesses inside Stage-0 priority functions without running global taint flow.","warning","MySQL priority function reads table/field metadata 'field'","/sql/sql_servers.cc","773","12","773","16"
"MySQL priority local memory sinks","Lightweight MySQL memory sink query. It reports memory/copy/allocation calls and metadata accesses inside Stage-0 priority functions without running global taint flow.","warning","MySQL priority function reads table/field metadata 'table'","/sql/sql_servers.cc","777","13","777","17"
"MySQL priority local memory sinks","Lightweight MySQL memory sink query. It reports memory/copy/allocation calls and metadata accesses inside Stage-0 priority functions without running global taint flow.","warning","MySQL priority function reads table/field metadata 'table'","/sql/sql_servers.cc","778","9","778","13"
"MySQL priority local memory sinks","Lightweight MySQL memory sink query. It reports memory/copy/allocation calls and metadata accesses inside Stage-0 priority functions without running global taint flow.","warning","MySQL priority function reads table/field metadata 'table'","/sql/sql_servers.cc","778","30","778","34"
"MySQL priority local memory sinks","Lightweight MySQL memory sink query. It reports memory/copy/allocation calls and metadata accesses inside Stage-0 priority functions without running global taint flow.","warning","MySQL priority function reads table/field metadata 'field'","/sql/sql_servers.cc","778","37","778","41"
"MySQL priority local memory sinks","Lightweight MySQL memory sink query. It reports memory/copy/allocation calls and metadata accesses inside Stage-0 priority functions without running global taint flow.","warning","MySQL priority function reads table/field metadata 'table'","/sql/sql_servers.cc","782","9","782","13"
"MySQL priority local memory sinks","Lightweight MySQL memory sink query. It reports memory/copy/allocation calls and metadata accesses inside Stage-0 priority functions without running global taint flow.","warning","MySQL priority function reaches local memory sink 'memcpy'","/sql/sql_servers.cc","788","7","788","36"
"MySQL priority local memory sinks","Lightweight MySQL memory sink query. It reports memory/copy/allocation calls and metadata accesses inside Stage-0 priority functions without running global taint flow.","warning","MySQL priority function reads table/field metadata 'table'","/sql/sql_servers.cc","788","20","788","24"
"MySQL priority local memory sinks","Lightweight MySQL memory sink query. It reports memory/copy/allocation calls and metadata accesses inside Stage-0 priority functions without running global taint flow.","warning","MySQL priority function reads table/field metadata 'table'","/sql/sql_servers.cc","789","46","789","50"
"MySQL priority local memory sinks","Lightweight MySQL memory sink query. It reports memory/copy/allocation calls and metadata accesses inside Stage-0 priority functions without running global taint flow.","warning","MySQL priority function reads table/field metadata 'table'","/sql/sql_servers.cc","790","20","790","24"
"MySQL priority local memory sinks","Lightweight MySQL memory sink query. It reports memory/copy/allocation calls and metadata accesses inside Stage-0 priority functions without running global taint flow.","warning","MySQL priority function reads table/field metadata 'table'","/sql/sql_servers.cc","790","47","790","51"
"MySQL priority local memory sinks","Lightweight MySQL memory sink query. It reports memory/copy/allocation calls and metadata accesses inside Stage-0 priority functions without running global taint flow.","warning","MySQL priority function reads table/field metadata 'table'","/sql/sql_servers.cc","791","47","791","51"
"MySQL priority local memory sinks","Lightweight MySQL memory sink query. It reports memory/copy/allocation calls and metadata accesses inside Stage-0 priority functions without running global taint flow.","warning","MySQL priority function reads table/field metadata 'table'","/sql/sql_servers.cc","793","9","793","13"
"MySQL priority local memory sinks","Lightweight MySQL memory sink query. It reports memory/copy/allocation calls and metadata accesses inside Stage-0 priority functions without running global taint flow.","warning","MySQL priority function reads table/field metadata 'table'","/sql/sql_servers.cc","803","21","803","25"
"MySQL priority local memory sinks","Lightweight MySQL memory sink query. It reports memory/copy/allocation calls and metadata accesses inside Stage-0 priority functions without running global taint flow.","warning","MySQL priority function reads table/field metadata 'table'","/sql/sql_servers.cc","700","5","700","9"
"MySQL priority local memory sinks","Lightweight MySQL memory sink query. It reports memory/copy/allocation calls and metadata accesses inside Stage-0 priority functions without running global taint flow.","warning","MySQL priority function reads table/field metadata 'table'","/sql/sql_servers.cc","701","18","701","22"
"MySQL priority local memory sinks","Lightweight MySQL memory sink query. It reports memory/copy/allocation calls and metadata accesses inside Stage-0 priority functions without running global taint flow.","warning","MySQL priority function reads table/field metadata 'table'","/sql/sql_servers.cc","704","5","704","9"
"MySQL priority local memory sinks","Lightweight MySQL memory sink query. It reports memory/copy/allocation calls and metadata accesses inside Stage-0 priority functions without running global taint flow.","warning","MySQL priority function reads table/field metadata 'field'","/sql/sql_servers.cc","704","12","704","16"
"MySQL priority local memory sinks","Lightweight MySQL memory sink query. It reports memory/copy/allocation calls and metadata accesses inside Stage-0 priority functions without running global taint flow.","warning","MySQL priority function reads table/field metadata 'table'","/sql/sql_servers.cc","709","13","709","17"
"MySQL priority local memory sinks","Lightweight MySQL memory sink query. It reports memory/copy/allocation calls and metadata accesses inside Stage-0 priority functions without running global taint flow.","warning","MySQL priority function reads table/field metadata 'table'","/sql/sql_servers.cc","710","9","710","13"
"MySQL priority local memory sinks","Lightweight MySQL memory sink query. It reports memory/copy/allocation calls and metadata accesses inside Stage-0 priority functions without running global taint flow.","warning","MySQL priority function reads table/field metadata 'table'","/sql/sql_servers.cc","710","30","710","34"
"MySQL priority local memory sinks","Lightweight MySQL memory sink query. It reports memory/copy/allocation calls and metadata accesses inside Stage-0 priority functions without running global taint flow.","warning","MySQL priority function reads table/field metadata 'field'","/sql/sql_servers.cc","710","37","710","41"
"MySQL priority local memory sinks","Lightweight MySQL memory sink query. It reports memory/copy/allocation calls and metadata accesses inside Stage-0 priority functions without running global taint flow.","warning","MySQL priority function reads table/field metadata 'table'","/sql/sql_servers.cc","719","7","719","11"
"MySQL priority local memory sinks","Lightweight MySQL memory sink query. It reports memory/copy/allocation calls and metadata accesses inside Stage-0 priority functions without running global taint flow.","warning","MySQL priority function reads table/field metadata 'table'","/sql/sql_servers.cc","722","42","722","46"
"MySQL priority local memory sinks","Lightweight MySQL memory sink query. It reports memory/copy/allocation calls and metadata accesses inside Stage-0 priority functions without running global taint flow.","warning","MySQL priority function reads table/field metadata 'table'","/sql/sql_servers.cc","725","20","725","24"
"MySQL priority local memory sinks","Lightweight MySQL memory sink query. It reports memory/copy/allocation calls and metadata accesses inside Stage-0 priority functions without running global taint flow.","warning","MySQL priority function reads table/field metadata 'table'","/sql/sql_servers.cc","725","46","725","50"
"MySQL priority local memory sinks","Lightweight MySQL memory sink query. It reports memory/copy/allocation calls and metadata accesses inside Stage-0 priority functions without running global taint flow.","warning","MySQL priority function reads table/field metadata 'table'","/sql/sql_servers.cc","726","9","726","13"
"MySQL priority local memory sinks","Lightweight MySQL memory sink query. It reports memory/copy/allocation calls and metadata accesses inside Stage-0 priority functions without running global taint flow.","warning","MySQL priority function reads table/field metadata 'table'","/sql/sql_union.cc","246","10","246","14"
"MySQL priority local memory sinks","Lightweight MySQL memory sink query. It reports memory/copy/allocation calls and metadata accesses inside Stage-0 priority functions without running global taint flow.","warning","MySQL priority function reads table/field metadata 'table'","/sql/sql_union.cc","246","18","246","22"
"MySQL priority local memory sinks","Lightweight MySQL memory sink query. It reports memory/copy/allocation calls and metadata accesses inside Stage-0 priority functions without running global taint flow.","warning","MySQL priority function reads table/field metadata 'table'","/sql/sql_update.cc","1725","42","1725","46"
"MySQL priority local memory sinks","Lightweight MySQL memory sink query. It reports memory/copy/allocation calls and metadata accesses inside Stage-0 priority functions without running global taint flow.","warning","MySQL priority function reads table/field metadata 'table'","/sql/sql_update.cc","1756","15","1756","19"
"MySQL priority local memory sinks","Lightweight MySQL memory sink query. It reports memory/copy/allocation calls and metadata accesses inside Stage-0 priority functions without running global taint flow.","warning","MySQL priority function reads table/field metadata 'table'","/sql/sql_update.cc","1761","16","1761","20"
"MySQL priority local memory sinks","Lightweight MySQL memory sink query. It reports memory/copy/allocation calls and metadata accesses inside Stage-0 priority functions without running global taint flow.","warning","MySQL priority function reads table/field metadata 'table'","/sql/sql_update.cc","1761","37","1761","41"
"MySQL priority local memory sinks","Lightweight MySQL memory sink query. It reports memory/copy/allocation calls and metadata accesses inside Stage-0 priority functions without running global taint flow.","warning","MySQL priority function reads table/field metadata 'table'","/sql/sql_update.cc","1762","74","1762","78"
"MySQL priority local memory sinks","Lightweight MySQL memory sink query. It reports memory/copy/allocation calls and metadata accesses inside Stage-0 priority functions without running global taint flow.","warning","MySQL priority function reads table/field metadata 'item'","/sql/sql_update.cc","223","18","223","21"
"MySQL priority local memory sinks","Lightweight MySQL memory sink query. It reports memory/copy/allocation calls and metadata accesses inside Stage-0 priority functions without running global taint flow.","warning","MySQL priority function reads table/field metadata 'table'","/sql/sql_update.cc","2474","9","2474","13"
"MySQL priority local memory sinks","Lightweight MySQL memory sink query. It reports memory/copy/allocation calls and metadata accesses inside Stage-0 priority functions without running global taint flow.","warning","MySQL priority function reads table/field metadata 'table'","/sql/sql_update.cc","2285","32","2285","36"
"MySQL priority local memory sinks","Lightweight MySQL memory sink query. It reports memory/copy/allocation calls and metadata accesses inside Stage-0 priority functions without running global taint flow.","warning","MySQL priority function reads table/field metadata 'table'","/sql/sql_update.cc","2287","21","2287","25"
"MySQL priority local memory sinks","Lightweight MySQL memory sink query. It reports memory/copy/allocation calls and metadata accesses inside Stage-0 priority functions without running global taint flow.","warning","MySQL priority function reads table/field metadata 'm_table_ref'","/sql/sql_update.cc","2342","65","2342","75"
"MySQL priority local memory sinks","Lightweight MySQL memory sink query. It reports memory/copy/allocation calls and metadata accesses inside Stage-0 priority functions without running global taint flow.","warning","MySQL priority function reads table/field metadata 'table'","/sql/sql_update.cc","2347","31","2347","35"
"MySQL priority local memory sinks","Lightweight MySQL memory sink query. It reports memory/copy/allocation calls and metadata accesses inside Stage-0 priority functions without running global taint flow.","warning","MySQL priority function reads table/field metadata 'item'","/sql/sql_update.cc","2395","46","2395","49"
"MySQL priority local memory sinks","Lightweight MySQL memory sink query. It reports memory/copy/allocation calls and metadata accesses inside Stage-0 priority functions without running global taint flow.","warning","MySQL priority function reads table/field metadata 'table'","/sql/sql_update.cc","2405","20","2405","24"
"MySQL priority local memory sinks","Lightweight MySQL memory sink query. It reports memory/copy/allocation calls and metadata accesses inside Stage-0 priority functions without running global taint flow.","warning","MySQL priority function reads table/field metadata 'table'","/sql/sql_update.cc","2405","53","2405","57"
"MySQL priority local memory sinks","Lightweight MySQL memory sink query. It reports memory/copy/allocation calls and metadata accesses inside Stage-0 priority functions without running global taint flow.","warning","MySQL priority function reads table/field metadata 'table'","/sql/sql_update.cc","2415","59","2415","63"
"MySQL priority local memory sinks","Lightweight MySQL memory sink query. It reports memory/copy/allocation calls and metadata accesses inside Stage-0 priority functions without running global taint flow.","warning","MySQL priority function reads table/field metadata 'item'","/sql/sql_update.cc","2441","12","2441","15"
"MySQL priority local memory sinks","Lightweight MySQL memory sink query. It reports memory/copy/allocation calls and metadata accesses inside Stage-0 priority functions without running global taint flow.","warning","MySQL priority function reads table/field metadata 'table'","/sql/sql_update.cc","1968","32","1968","36"
"MySQL priority local memory sinks","Lightweight MySQL memory sink query. It reports memory/copy/allocation calls and metadata accesses inside Stage-0 priority functions without running global taint flow.","warning","MySQL priority function reads table/field metadata 'm_table_ref'","/sql/sql_update.cc","2006","26","2006","36"
"MySQL priority local memory sinks","Lightweight MySQL memory sink query. It reports memory/copy/allocation calls and metadata accesses inside Stage-0 priority functions without running global taint flow.","warning","MySQL priority function reads table/field metadata 'table'","/sql/sql_update.cc","2024","33","2024","37"
"MySQL priority local memory sinks","Lightweight MySQL memory sink query. It reports memory/copy/allocation calls and metadata accesses inside Stage-0 priority functions without running global taint flow.","warning","MySQL priority function reaches local memory sink 'memdup_root'","/sql/table.h","1355","20","1355","30"
"MySQL priority local memory sinks","Lightweight MySQL memory sink query. It reports memory/copy/allocation calls and metadata accesses inside Stage-0 priority functions without running global taint flow.","warning","MySQL priority function reaches local memory sink 'memcpy'","/sql-common/sql_string.cc","247","32","247","37"
"MySQL priority local memory sinks","Lightweight MySQL memory sink query. It reports memory/copy/allocation calls and metadata accesses inside Stage-0 priority functions without running global taint flow.","warning","MySQL priority function reaches local memory sink 'memmove'","/sql-common/sql_string.cc","239","21","239","27"
"MySQL priority local memory sinks","Lightweight MySQL memory sink query. It reports memory/copy/allocation calls and metadata accesses inside Stage-0 priority functions without running global taint flow.","warning","MySQL priority function reaches local memory sink 'memset'","/storage/innobase/include/lob0lob.h","292","17","292","22"
"MySQL priority local memory sinks","Lightweight MySQL memory sink query. It reports memory/copy/allocation calls and metadata accesses inside Stage-0 priority functions without running global taint flow.","warning","MySQL priority function reaches local memory sink 'memcpy'","/storage/innobase/include/lob0lob.h","269","38","269","43"
"MySQL priority local memory sinks","Lightweight MySQL memory sink query. It reports memory/copy/allocation calls and metadata accesses inside Stage-0 priority functions without running global taint flow.","warning","MySQL priority function reads table/field metadata 'table'","/storage/innobase/btr/btr0load.cc","358","63","358","67"
"MySQL priority local memory sinks","Lightweight MySQL memory sink query. It reports memory/copy/allocation calls and metadata accesses inside Stage-0 priority functions without running global taint flow.","warning","MySQL priority function reads table/field metadata 'table'","/storage/innobase/btr/btr0load.cc","369","57","369","61"
"MySQL priority local memory sinks","Lightweight MySQL memory sink query. It reports memory/copy/allocation calls and metadata accesses inside Stage-0 priority functions without running global taint flow.","warning","MySQL priority function reads table/field metadata 'table'","/storage/innobase/btr/btr0load.cc","384","55","384","59"
"MySQL priority local memory sinks","Lightweight MySQL memory sink query. It reports memory/copy/allocation calls and metadata accesses inside Stage-0 priority functions without running global taint flow.","warning","MySQL priority function reaches local memory sink 'memset'","/storage/innobase/clone/clone0desc.cc","173","7","173","12"
"MySQL priority local memory sinks","Lightweight MySQL memory sink query. It reports memory/copy/allocation calls and metadata accesses inside Stage-0 priority functions without running global taint flow.","warning","MySQL priority function reads table/field metadata 'table'","/storage/innobase/ddl/ddl0bulk.cc","156","35","156","39"
"MySQL priority local memory sinks","Lightweight MySQL memory sink query. It reports memory/copy/allocation calls and metadata accesses inside Stage-0 priority functions without running global taint flow.","warning","MySQL priority function reads table/field metadata 'table'","/storage/innobase/handler/ha_innodb.cc","18423","21","18423","25"
"MySQL priority local memory sinks","Lightweight MySQL memory sink query. It reports memory/copy/allocation calls and metadata accesses inside Stage-0 priority functions without running global taint flow.","warning","MySQL priority function reads table/field metadata 'table'","/storage/innobase/handler/ha_innodb.cc","18423","47","18423","51"
"MySQL priority local memory sinks","Lightweight MySQL memory sink query. It reports memory/copy/allocation calls and metadata accesses inside Stage-0 priority functions without running global taint flow.","warning","MySQL priority function reads table/field metadata 'table'","/storage/innobase/handler/ha_innodb.cc","18424","46","18424","50"
"MySQL priority local memory sinks","Lightweight MySQL memory sink query. It reports memory/copy/allocation calls and metadata accesses inside Stage-0 priority functions without running global taint flow.","warning","MySQL priority function reads table/field metadata 'field'","/sql/auth/sql_auth_cache.cc","1046","16","1046","20"
"MySQL priority local memory sinks","Lightweight MySQL memory sink query. It reports memory/copy/allocation calls and metadata accesses inside Stage-0 priority functions without running global taint flow.","warning","MySQL priority function reads table/field metadata 'field'","/sql/auth/sql_auth_cache.cc","1049","16","1049","20"
"MySQL priority local memory sinks","Lightweight MySQL memory sink query. It reports memory/copy/allocation calls and metadata accesses inside Stage-0 priority functions without running global taint flow.","warning","MySQL priority function reads table/field metadata 'field'","/sql/auth/sql_auth_cache.cc","1050","16","1050","20"
"MySQL priority local memory sinks","Lightweight MySQL memory sink query. It reports memory/copy/allocation calls and metadata accesses inside Stage-0 priority functions without running global taint flow.","warning","MySQL priority function reads table/field metadata 'field'","/sql/auth/sql_auth_cache.cc","1051","16","1051","20"
"MySQL priority local memory sinks","Lightweight MySQL memory sink query. It reports memory/copy/allocation calls and metadata accesses inside Stage-0 priority functions without running global taint flow.","warning","MySQL priority function reads table/field metadata 'field'","/sql/auth/sql_auth_cache.cc","1056","16","1056","20"
"MySQL priority local memory sinks","Lightweight MySQL memory sink query. It reports memory/copy/allocation calls and metadata accesses inside Stage-0 priority functions without running global taint flow.","warning","MySQL priority function reads table/field metadata 'field'","/sql/auth/sql_auth_cache.cc","1089","38","1089","42"
"MySQL priority local memory sinks","Lightweight MySQL memory sink query. It reports memory/copy/allocation calls and metadata accesses inside Stage-0 priority functions without running global taint flow.","warning","MySQL priority function reads table/field metadata 'field'","/sql/auth/sql_auth_cache.cc","1087","24","1087","28"
"MySQL priority local memory sinks","Lightweight MySQL memory sink query. It reports memory/copy/allocation calls and metadata accesses inside Stage-0 priority functions without running global taint flow.","warning","MySQL priority function reaches local memory sink 'strmake_root'","/sql/auth/sql_auth_cache.cc","497","23","497","34"
"MySQL priority local memory sinks","Lightweight MySQL memory sink query. It reports memory/copy/allocation calls and metadata accesses inside Stage-0 priority functions without running global taint flow.","warning","MySQL priority function reaches local memory sink 'memcpy'","/sql/auth/sql_auth_cache.cc","506","5","506","10"
"MySQL priority local memory sinks","Lightweight MySQL memory sink query. It reports memory/copy/allocation calls and metadata accesses inside Stage-0 priority functions without running global taint flow.","warning","MySQL priority function reads table/field metadata 'field'","/sql/auth/sql_auth_cache.cc","571","30","571","34"
"MySQL priority local memory sinks","Lightweight MySQL memory sink query. It reports memory/copy/allocation calls and metadata accesses inside Stage-0 priority functions without running global taint flow.","warning","MySQL priority function reads table/field metadata 'field'","/sql/auth/sql_auth_cache.cc","572","30","572","34"
"MySQL priority local memory sinks","Lightweight MySQL memory sink query. It reports memory/copy/allocation calls and metadata accesses inside Stage-0 priority functions without running global taint flow.","warning","MySQL priority function reads table/field metadata 'field'","/sql/auth/sql_auth_cache.cc","573","30","573","34"
"MySQL priority local memory sinks","Lightweight MySQL memory sink query. It reports memory/copy/allocation calls and metadata accesses inside Stage-0 priority functions without running global taint flow.","warning","MySQL priority function reads table/field metadata 'field'","/sql/auth/sql_auth_cache.cc","574","30","574","34"
"MySQL priority local memory sinks","Lightweight MySQL memory sink query. It reports memory/copy/allocation calls and metadata accesses inside Stage-0 priority functions without running global taint flow.","warning","MySQL priority function reads table/field metadata 'field'","/sql/auth/sql_auth_cache.cc","575","15","575","19"
"MySQL priority local memory sinks","Lightweight MySQL memory sink query. It reports memory/copy/allocation calls and metadata accesses inside Stage-0 priority functions without running global taint flow.","warning","MySQL priority function reaches local memory sink 'memset'","/sql/daemon_proxy_keyring/daemon_proxy_keyring.cc","216","7","216","12"
"MySQL priority local memory sinks","Lightweight MySQL memory sink query. It reports memory/copy/allocation calls and metadata accesses inside Stage-0 priority functions without running global taint flow.","warning","MySQL priority function reaches local memory sink 'memset'","/sql/daemon_proxy_keyring/daemon_proxy_keyring.cc","217","7","217","12"
"MySQL priority local memory sinks","Lightweight MySQL memory sink query. It reports memory/copy/allocation calls and metadata accesses inside Stage-0 priority functions without running global taint flow.","warning","MySQL priority function reaches local memory sink 'strmake_root'","/sql/dd_table_share.cc","884","35","884","46"
"MySQL priority local memory sinks","Lightweight MySQL memory sink query. It reports memory/copy/allocation calls and metadata accesses inside Stage-0 priority functions without running global taint flow.","warning","MySQL priority function reaches local memory sink 'strmake_root'","/sql/dd_table_share.cc","893","10","893","21"
"MySQL priority local memory sinks","Lightweight MySQL memory sink query. It reports memory/copy/allocation calls and metadata accesses inside Stage-0 priority functions without running global taint flow.","warning","MySQL priority function reads table/field metadata 'table'","/sql/field.cc","9103","3","9103","32"
"MySQL priority local memory sinks","Lightweight MySQL memory sink query. It reports memory/copy/allocation calls and metadata accesses inside Stage-0 priority functions without running global taint flow.","warning","MySQL priority function reaches local memory sink 'memset'","/sql/field.cc","9113","5","9113","10"
"MySQL priority local memory sinks","Lightweight MySQL memory sink query. It reports memory/copy/allocation calls and metadata accesses inside Stage-0 priority functions without running global taint flow.","warning","MySQL priority function reaches local memory sink 'memset'","/sql/field.cc","9121","3","9121","8"
"MySQL priority local memory sinks","Lightweight MySQL memory sink query. It reports memory/copy/allocation calls and metadata accesses inside Stage-0 priority functions without running global taint flow.","warning","MySQL priority function reaches local memory sink 'memcpy'","/sql/field.cc","9122","3","9122","8"
"MySQL priority local memory sinks","Lightweight MySQL memory sink query. It reports memory/copy/allocation calls and metadata accesses inside Stage-0 priority functions without running global taint flow.","warning","MySQL priority function reads table/field metadata 'table'","/sql/field.cc","8367","3","8367","32"
"MySQL priority local memory sinks","Lightweight MySQL memory sink query. It reports memory/copy/allocation calls and metadata accesses inside Stage-0 priority functions without running global taint flow.","warning","MySQL priority function reads table/field metadata 'table'","/sql/field.cc","8332","3","8332","32"
"MySQL priority local memory sinks","Lightweight MySQL memory sink query. It reports memory/copy/allocation calls and metadata accesses inside Stage-0 priority functions without running global taint flow.","warning","MySQL priority function reads table/field metadata 'field'","/sql/field.cc","10153","48","10153","52"
"MySQL priority local memory sinks","Lightweight MySQL memory sink query. It reports memory/copy/allocation calls and metadata accesses inside Stage-0 priority functions without running global taint flow.","warning","MySQL priority function reads table/field metadata 'field'","/sql/field.cc","9827","23","9827","27"
"MySQL priority local memory sinks","Lightweight MySQL memory sink query. It reports memory/copy/allocation calls and metadata accesses inside Stage-0 priority functions without running global taint flow.","warning","MySQL priority function reads table/field metadata 'field'","/sql/field.cc","9822","23","9822","27"
"MySQL priority local memory sinks","Lightweight MySQL memory sink query. It reports memory/copy/allocation calls and metadata accesses inside Stage-0 priority functions without running global taint flow.","warning","MySQL priority function reads table/field metadata 'field'","/sql/field.cc","9818","23","9818","27"
"MySQL priority local memory sinks","Lightweight MySQL memory sink query. It reports memory/copy/allocation calls and metadata accesses inside Stage-0 priority functions without running global taint flow.","warning","MySQL priority function reads table/field metadata 'table'","/sql/field.cc","10074","15","10074","19"
"MySQL priority local memory sinks","Lightweight MySQL memory sink query. It reports memory/copy/allocation calls and metadata accesses inside Stage-0 priority functions without running global taint flow.","warning","MySQL priority function reads table/field metadata 'table'","/sql/field.cc","10074","23","10074","27"
"MySQL priority local memory sinks","Lightweight MySQL memory sink query. It reports memory/copy/allocation calls and metadata accesses inside Stage-0 priority functions without running global taint flow.","warning","MySQL priority function reads table/field metadata 'table'","/sql/field.cc","7035","3","7035","31"
"MySQL priority local memory sinks","Lightweight MySQL memory sink query. It reports memory/copy/allocation calls and metadata accesses inside Stage-0 priority functions without running global taint flow.","warning","MySQL priority function reaches local memory sink 'memcpy'","/sql/field.cc","7011","5","7011","10"
"MySQL priority local memory sinks","Lightweight MySQL memory sink query. It reports memory/copy/allocation calls and metadata accesses inside Stage-0 priority functions without running global taint flow.","warning","MySQL priority function reads table/field metadata 'table'","/sql/field.cc","6170","3","6170","31"
"MySQL priority local memory sinks","Lightweight MySQL memory sink query. It reports memory/copy/allocation calls and metadata accesses inside Stage-0 priority functions without running global taint flow.","warning","MySQL priority function reads table/field metadata 'table'","/sql/field.cc","6150","3","6150","31"
"MySQL priority local memory sinks","Lightweight MySQL memory sink query. It reports memory/copy/allocation calls and metadata accesses inside Stage-0 priority functions without running global taint flow.","warning","MySQL priority function reads table/field metadata 'table'","/sql/field.cc","6130","3","6130","31"
"MySQL priority local memory sinks","Lightweight MySQL memory sink query. It reports memory/copy/allocation calls and metadata accesses inside Stage-0 priority functions without running global taint flow.","warning","MySQL priority function reads table/field metadata 'table'","/sql/field.cc","6021","3","6021","32"
"MySQL priority local memory sinks","Lightweight MySQL memory sink query. It reports memory/copy/allocation calls and metadata accesses inside Stage-0 priority functions without running global taint flow.","warning","MySQL priority function reads table/field metadata 'table'","/sql/field.cc","5570","3","5570","31"
"MySQL priority local memory sinks","Lightweight MySQL memory sink query. It reports memory/copy/allocation calls and metadata accesses inside Stage-0 priority functions without running global taint flow.","warning","MySQL priority function reads table/field metadata 'table'","/sql/field.cc","5443","3","5443","31"
"MySQL priority local memory sinks","Lightweight MySQL memory sink query. It reports memory/copy/allocation calls and metadata accesses inside Stage-0 priority functions without running global taint flow.","warning","MySQL priority function reads table/field metadata 'table'","/sql/field.cc","5431","3","5431","31"
"MySQL priority local memory sinks","Lightweight MySQL memory sink query. It reports memory/copy/allocation calls and metadata accesses inside Stage-0 priority functions without running global taint flow.","warning","MySQL priority function reads table/field metadata 'table'","/sql/field.cc","5419","3","5419","31"
"MySQL priority local memory sinks","Lightweight MySQL memory sink query. It reports memory/copy/allocation calls and metadata accesses inside Stage-0 priority functions without running global taint flow.","warning","MySQL priority function reads table/field metadata 'table'","/sql/field.cc","5400","3","5400","31"
"MySQL priority local memory sinks","Lightweight MySQL memory sink query. It reports memory/copy/allocation calls and metadata accesses inside Stage-0 priority functions without running global taint flow.","warning","MySQL priority function reads table/field metadata 'table'","/sql/field.cc","5480","3","5480","31"
"MySQL priority local memory sinks","Lightweight MySQL memory sink query. It reports memory/copy/allocation calls and metadata accesses inside Stage-0 priority functions without running global taint flow.","warning","MySQL priority function reads table/field metadata 'table'","/sql/field.cc","5502","3","5502","31"
"MySQL priority local memory sinks","Lightweight MySQL memory sink query. It reports memory/copy/allocation calls and metadata accesses inside Stage-0 priority functions without running global taint flow.","warning","MySQL priority function reads table/field metadata 'table'","/sql/field.cc","5780","3","5780","31"
"MySQL priority local memory sinks","Lightweight MySQL memory sink query. It reports memory/copy/allocation calls and metadata accesses inside Stage-0 priority functions without running global taint flow.","warning","MySQL priority function reads table/field metadata 'table'","/sql/field.cc","5774","3","5774","31"
"MySQL priority local memory sinks","Lightweight MySQL memory sink query. It reports memory/copy/allocation calls and metadata accesses inside Stage-0 priority functions without running global taint flow.","warning","MySQL priority function reads table/field metadata 'table'","/sql/field.cc","5767","3","5767","31"
"MySQL priority local memory sinks","Lightweight MySQL memory sink query. It reports memory/copy/allocation calls and metadata accesses inside Stage-0 priority functions without running global taint flow.","warning","MySQL priority function reads table/field metadata 'table'","/sql/field.cc","5678","3","5678","31"
"MySQL priority local memory sinks","Lightweight MySQL memory sink query. It reports memory/copy/allocation calls and metadata accesses inside Stage-0 priority functions without running global taint flow.","warning","MySQL priority function reads table/field metadata 'table'","/sql/field.cc","5649","3","5649","32"
"MySQL priority local memory sinks","Lightweight MySQL memory sink query. It reports memory/copy/allocation calls and metadata accesses inside Stage-0 priority functions without running global taint flow.","warning","MySQL priority function reads table/field metadata 'table'","/sql/field.cc","5582","3","5582","32"
"MySQL priority local memory sinks","Lightweight MySQL memory sink query. It reports memory/copy/allocation calls and metadata accesses inside Stage-0 priority functions without running global taint flow.","warning","MySQL priority function reads table/field metadata 'table'","/sql/field.cc","4984","3","4984","31"
"MySQL priority local memory sinks","Lightweight MySQL memory sink query. It reports memory/copy/allocation calls and metadata accesses inside Stage-0 priority functions without running global taint flow.","warning","MySQL priority function reads table/field metadata 'table'","/sql/field.cc","4977","3","4977","31"
"MySQL priority local memory sinks","Lightweight MySQL memory sink query. It reports memory/copy/allocation calls and metadata accesses inside Stage-0 priority functions without running global taint flow.","warning","MySQL priority function reads table/field metadata 'table'","/sql/field.cc","4992","3","4992","31"
"MySQL priority local memory sinks","Lightweight MySQL memory sink query. It reports memory/copy/allocation calls and metadata accesses inside Stage-0 priority functions without running global taint flow.","warning","MySQL priority function reads table/field metadata 'table'","/sql/field.cc","5209","3","5209","31"
"MySQL priority local memory sinks","Lightweight MySQL memory sink query. It reports memory/copy/allocation calls and metadata accesses inside Stage-0 priority functions without running global taint flow.","warning","MySQL priority function reads table/field metadata 'table'","/sql/field.cc","5203","3","5203","31"
"MySQL priority local memory sinks","Lightweight MySQL memory sink query. It reports memory/copy/allocation calls and metadata accesses inside Stage-0 priority functions without running global taint flow.","warning","MySQL priority function reads table/field metadata 'table'","/sql/field.cc","4862","3","4862","32"
"MySQL priority local memory sinks","Lightweight MySQL memory sink query. It reports memory/copy/allocation calls and metadata accesses inside Stage-0 priority functions without running global taint flow.","warning","MySQL priority function reads table/field metadata 'table'","/sql/field.cc","4807","3","4807","32"
"MySQL priority local memory sinks","Lightweight MySQL memory sink query. It reports memory/copy/allocation calls and metadata accesses inside Stage-0 priority functions without running global taint flow.","warning","MySQL priority function reads table/field metadata 'table'","/sql/field.cc","4886","3","4886","32"
"MySQL priority local memory sinks","Lightweight MySQL memory sink query. It reports memory/copy/allocation calls and metadata accesses inside Stage-0 priority functions without running global taint flow.","warning","MySQL priority function reads table/field metadata 'table'","/sql/field.cc","4660","3","4660","31"
"MySQL priority local memory sinks","Lightweight MySQL memory sink query. It reports memory/copy/allocation calls and metadata accesses inside Stage-0 priority functions without running global taint flow.","warning","MySQL priority function reads table/field metadata 'table'","/sql/field.cc","4663","7","4663","11"
"MySQL priority local memory sinks","Lightweight MySQL memory sink query. It reports memory/copy/allocation calls and metadata accesses inside Stage-0 priority functions without running global taint flow.","warning","MySQL priority function reads table/field metadata 'table'","/sql/field.cc","4663","16","4663","20"
"MySQL priority local memory sinks","Lightweight MySQL memory sink query. It reports memory/copy/allocation calls and metadata accesses inside Stage-0 priority functions without running global taint flow.","warning","MySQL priority function reads table/field metadata 'table'","/sql/field.cc","4615","3","4615","31"
"MySQL priority local memory sinks","Lightweight MySQL memory sink query. It reports memory/copy/allocation calls and metadata accesses inside Stage-0 priority functions without running global taint flow.","warning","MySQL priority function reads table/field metadata 'table'","/sql/field.cc","4618","7","4618","11"
"MySQL priority local memory sinks","Lightweight MySQL memory sink query. It reports memory/copy/allocation calls and metadata accesses inside Stage-0 priority functions without running global taint flow.","warning","MySQL priority function reads table/field metadata 'table'","/sql/field.cc","4607","3","4607","31"
"MySQL priority local memory sinks","Lightweight MySQL memory sink query. It reports memory/copy/allocation calls and metadata accesses inside Stage-0 priority functions without running global taint flow.","warning","MySQL priority function reads table/field metadata 'table'","/sql/field.cc","4608","7","4608","11"
"MySQL priority local memory sinks","Lightweight MySQL memory sink query. It reports memory/copy/allocation calls and metadata accesses inside Stage-0 priority functions without running global taint flow.","warning","MySQL priority function reads table/field metadata 'table'","/sql/field.cc","4479","3","4479","32"
"MySQL priority local memory sinks","Lightweight MySQL memory sink query. It reports memory/copy/allocation calls and metadata accesses inside Stage-0 priority functions without running global taint flow.","warning","MySQL priority function reads table/field metadata 'table'","/sql/field.cc","4483","7","4483","11"
"MySQL priority local memory sinks","Lightweight MySQL memory sink query. It reports memory/copy/allocation calls and metadata accesses inside Stage-0 priority functions without running global taint flow.","warning","MySQL priority function reads table/field metadata 'table'","/sql/field.cc","4339","3","4339","31"
"MySQL priority local memory sinks","Lightweight MySQL memory sink query. It reports memory/copy/allocation calls and metadata accesses inside Stage-0 priority functions without running global taint flow.","warning","MySQL priority function reads table/field metadata 'table'","/sql/field.cc","4342","7","4342","11"
"MySQL priority local memory sinks","Lightweight MySQL memory sink query. It reports memory/copy/allocation calls and metadata accesses inside Stage-0 priority functions without running global taint flow.","warning","MySQL priority function reads table/field metadata 'table'","/sql/field.cc","4342","16","4342","20"
"MySQL priority local memory sinks","Lightweight MySQL memory sink query. It reports memory/copy/allocation calls and metadata accesses inside Stage-0 priority functions without running global taint flow.","warning","MySQL priority function reads table/field metadata 'table'","/sql/field.cc","4331","7","4331","11"
"MySQL priority local memory sinks","Lightweight MySQL memory sink query. It reports memory/copy/allocation calls and metadata accesses inside Stage-0 priority functions without running global taint flow.","warning","MySQL priority function reads table/field metadata 'table'","/sql/field.cc","4322","3","4322","31"
"MySQL priority local memory sinks","Lightweight MySQL memory sink query. It reports memory/copy/allocation calls and metadata accesses inside Stage-0 priority functions without running global taint flow.","warning","MySQL priority function reads table/field metadata 'table'","/sql/field.cc","4323","7","4323","11"
"MySQL priority local memory sinks","Lightweight MySQL memory sink query. It reports memory/copy/allocation calls and metadata accesses inside Stage-0 priority functions without running global taint flow.","warning","MySQL priority function reads table/field metadata 'table'","/sql/field.cc","4303","3","4303","32"
"MySQL priority local memory sinks","Lightweight MySQL memory sink query. It reports memory/copy/allocation calls and metadata accesses inside Stage-0 priority functions without running global taint flow.","warning","MySQL priority function reads table/field metadata 'table'","/sql/field.cc","4309","7","4309","11"
"MySQL priority local memory sinks","Lightweight MySQL memory sink query. It reports memory/copy/allocation calls and metadata accesses inside Stage-0 priority functions without running global taint flow.","warning","MySQL priority function reads table/field metadata 'table'","/sql/field.cc","3991","3","3991","31"
"MySQL priority local memory sinks","Lightweight MySQL memory sink query. It reports memory/copy/allocation calls and metadata accesses inside Stage-0 priority functions without running global taint flow.","warning","MySQL priority function reads table/field metadata 'table'","/sql/field.cc","3998","7","3998","11"
"MySQL priority local memory sinks","Lightweight MySQL memory sink query. It reports memory/copy/allocation calls and metadata accesses inside Stage-0 priority functions without running global taint flow.","warning","MySQL priority function reads table/field metadata 'table'","/sql/field.cc","3981","3","3981","31"
"MySQL priority local memory sinks","Lightweight MySQL memory sink query. It reports memory/copy/allocation calls and metadata accesses inside Stage-0 priority functions without running global taint flow.","warning","MySQL priority function reads table/field metadata 'table'","/sql/field.cc","3983","7","3983","11"
"MySQL priority local memory sinks","Lightweight MySQL memory sink query. It reports memory/copy/allocation calls and metadata accesses inside Stage-0 priority functions without running global taint flow.","warning","MySQL priority function reads table/field metadata 'table'","/sql/field.cc","3971","3","3971","31"
"MySQL priority local memory sinks","Lightweight MySQL memory sink query. It reports memory/copy/allocation calls and metadata accesses inside Stage-0 priority functions without running global taint flow.","warning","MySQL priority function reads table/field metadata 'table'","/sql/field.cc","3973","7","3973","11"
"MySQL priority local memory sinks","Lightweight MySQL memory sink query. It reports memory/copy/allocation calls and metadata accesses inside Stage-0 priority functions without running global taint flow.","warning","MySQL priority function reads table/field metadata 'table'","/sql/field.cc","3933","3","3933","32"
"MySQL priority local memory sinks","Lightweight MySQL memory sink query. It reports memory/copy/allocation calls and metadata accesses inside Stage-0 priority functions without running global taint flow.","warning","MySQL priority function reads table/field metadata 'table'","/sql/field.cc","3963","7","3963","11"
"MySQL priority local memory sinks","Lightweight MySQL memory sink query. It reports memory/copy/allocation calls and metadata accesses inside Stage-0 priority functions without running global taint flow.","warning","MySQL priority function reads table/field metadata 'table'","/sql/field.cc","3889","3","3889","32"
"MySQL priority local memory sinks","Lightweight MySQL memory sink query. It reports memory/copy/allocation calls and metadata accesses inside Stage-0 priority functions without running global taint flow.","warning","MySQL priority function reads table/field metadata 'table'","/sql/field.cc","3916","7","3916","11"
"MySQL priority local memory sinks","Lightweight MySQL memory sink query. It reports memory/copy/allocation calls and metadata accesses inside Stage-0 priority functions without running global taint flow.","warning","MySQL priority function reads table/field metadata 'table'","/sql/field.cc","3874","3","3874","32"
"MySQL priority local memory sinks","Lightweight MySQL memory sink query. It reports memory/copy/allocation calls and metadata accesses inside Stage-0 priority functions without running global taint flow.","warning","MySQL priority function reads table/field metadata 'table'","/sql/field.cc","3881","7","3881","11"
"MySQL priority local memory sinks","Lightweight MySQL memory sink query. It reports memory/copy/allocation calls and metadata accesses inside Stage-0 priority functions without running global taint flow.","warning","MySQL priority function reads table/field metadata 'table'","/sql/field.cc","3818","3","3818","31"
"MySQL priority local memory sinks","Lightweight MySQL memory sink query. It reports memory/copy/allocation calls and metadata accesses inside Stage-0 priority functions without running global taint flow.","warning","MySQL priority function reads table/field metadata 'table'","/sql/field.cc","3812","3","3812","31"
"MySQL priority local memory sinks","Lightweight MySQL memory sink query. It reports memory/copy/allocation calls and metadata accesses inside Stage-0 priority functions without running global taint flow.","warning","MySQL priority function reads table/field metadata 'table'","/sql/field.cc","3806","3","3806","31"
"MySQL priority local memory sinks","Lightweight MySQL memory sink query. It reports memory/copy/allocation calls and metadata accesses inside Stage-0 priority functions without running global taint flow.","warning","MySQL priority function reads table/field metadata 'table'","/sql/field.cc","3770","3","3770","32"
"MySQL priority local memory sinks","Lightweight MySQL memory sink query. It reports memory/copy/allocation calls and metadata accesses inside Stage-0 priority functions without running global taint flow.","warning","MySQL priority function reads table/field metadata 'table'","/sql/field.cc","3737","3","3737","32"
"MySQL priority local memory sinks","Lightweight MySQL memory sink query. It reports memory/copy/allocation calls and metadata accesses inside Stage-0 priority functions without running global taint flow.","warning","MySQL priority function reads table/field metadata 'table'","/sql/field.cc","3725","3","3725","32"
"MySQL priority local memory sinks","Lightweight MySQL memory sink query. It reports memory/copy/allocation calls and metadata accesses inside Stage-0 priority functions without running global taint flow.","warning","MySQL priority function reads table/field metadata 'table'","/sql/field.cc","3647","3","3647","31"
"MySQL priority local memory sinks","Lightweight MySQL memory sink query. It reports memory/copy/allocation calls and metadata accesses inside Stage-0 priority functions without running global taint flow.","warning","MySQL priority function reads table/field metadata 'table'","/sql/field.cc","3654","7","3654","11"
"MySQL priority local memory sinks","Lightweight MySQL memory sink query. It reports memory/copy/allocation calls and metadata accesses inside Stage-0 priority functions without running global taint flow.","warning","MySQL priority function reads table/field metadata 'table'","/sql/field.cc","3637","3","3637","31"
"MySQL priority local memory sinks","Lightweight MySQL memory sink query. It reports memory/copy/allocation calls and metadata accesses inside Stage-0 priority functions without running global taint flow.","warning","MySQL priority function reads table/field metadata 'table'","/sql/field.cc","3639","7","3639","11"
"MySQL priority local memory sinks","Lightweight MySQL memory sink query. It reports memory/copy/allocation calls and metadata accesses inside Stage-0 priority functions without running global taint flow.","warning","MySQL priority function reads table/field metadata 'table'","/sql/field.cc","3627","3","3627","31"
"MySQL priority local memory sinks","Lightweight MySQL memory sink query. It reports memory/copy/allocation calls and metadata accesses inside Stage-0 priority functions without running global taint flow.","warning","MySQL priority function reads table/field metadata 'table'","/sql/field.cc","3629","7","3629","11"
"MySQL priority local memory sinks","Lightweight MySQL memory sink query. It reports memory/copy/allocation calls and metadata accesses inside Stage-0 priority functions without running global taint flow.","warning","MySQL priority function reads table/field metadata 'table'","/sql/field.cc","3590","3","3590","32"
"MySQL priority local memory sinks","Lightweight MySQL memory sink query. It reports memory/copy/allocation calls and metadata accesses inside Stage-0 priority functions without running global taint flow.","warning","MySQL priority function reads table/field metadata 'table'","/sql/field.cc","3619","7","3619","11"
"MySQL priority local memory sinks","Lightweight MySQL memory sink query. It reports memory/copy/allocation calls and metadata accesses inside Stage-0 priority functions without running global taint flow.","warning","MySQL priority function reads table/field metadata 'table'","/sql/field.cc","3555","3","3555","32"
"MySQL priority local memory sinks","Lightweight MySQL memory sink query. It reports memory/copy/allocation calls and metadata accesses inside Stage-0 priority functions without running global taint flow.","warning","MySQL priority function reads table/field metadata 'table'","/sql/field.cc","3582","7","3582","11"
"MySQL priority local memory sinks","Lightweight MySQL memory sink query. It reports memory/copy/allocation calls and metadata accesses inside Stage-0 priority functions without running global taint flow.","warning","MySQL priority function reads table/field metadata 'table'","/sql/field.cc","3540","3","3540","32"
"MySQL priority local memory sinks","Lightweight MySQL memory sink query. It reports memory/copy/allocation calls and metadata accesses inside Stage-0 priority functions without running global taint flow.","warning","MySQL priority function reads table/field metadata 'table'","/sql/field.cc","3547","7","3547","11"
"MySQL priority local memory sinks","Lightweight MySQL memory sink query. It reports memory/copy/allocation calls and metadata accesses inside Stage-0 priority functions without running global taint flow.","warning","MySQL priority function reads table/field metadata 'table'","/sql/field.cc","3480","3","3480","31"
"MySQL priority local memory sinks","Lightweight MySQL memory sink query. It reports memory/copy/allocation calls and metadata accesses inside Stage-0 priority functions without running global taint flow.","warning","MySQL priority function reads table/field metadata 'table'","/sql/field.cc","3474","3","3474","31"
"MySQL priority local memory sinks","Lightweight MySQL memory sink query. It reports memory/copy/allocation calls and metadata accesses inside Stage-0 priority functions without running global taint flow.","warning","MySQL priority function reads table/field metadata 'table'","/sql/field.cc","3468","3","3468","31"
"MySQL priority local memory sinks","Lightweight MySQL memory sink query. It reports memory/copy/allocation calls and metadata accesses inside Stage-0 priority functions without running global taint flow.","warning","MySQL priority function reads table/field metadata 'table'","/sql/field.cc","3437","3","3437","32"
"MySQL priority local memory sinks","Lightweight MySQL memory sink query. It reports memory/copy/allocation calls and metadata accesses inside Stage-0 priority functions without running global taint flow.","warning","MySQL priority function reads table/field metadata 'table'","/sql/field.cc","3407","3","3407","32"
"MySQL priority local memory sinks","Lightweight MySQL memory sink query. It reports memory/copy/allocation calls and metadata accesses inside Stage-0 priority functions without running global taint flow.","warning","MySQL priority function reads table/field metadata 'table'","/sql/field.cc","3397","3","3397","32"
"MySQL priority local memory sinks","Lightweight MySQL memory sink query. It reports memory/copy/allocation calls and metadata accesses inside Stage-0 priority functions without running global taint flow.","warning","MySQL priority function reads table/field metadata 'table'","/sql/field.cc","2846","3","2846","31"
"MySQL priority local memory sinks","Lightweight MySQL memory sink query. It reports memory/copy/allocation calls and metadata accesses inside Stage-0 priority functions without running global taint flow.","warning","MySQL priority function reads table/field metadata 'table'","/sql/field.cc","2836","3","2836","31"
"MySQL priority local memory sinks","Lightweight MySQL memory sink query. It reports memory/copy/allocation calls and metadata accesses inside Stage-0 priority functions without running global taint flow.","warning","MySQL priority function reads table/field metadata 'table'","/sql/field.cc","2828","3","2828","31"
"MySQL priority local memory sinks","Lightweight MySQL memory sink query. It reports memory/copy/allocation calls and metadata accesses inside Stage-0 priority functions without running global taint flow.","warning","MySQL priority function reads table/field metadata 'table'","/sql/field.cc","2798","3","2798","32"
"MySQL priority local memory sinks","Lightweight MySQL memory sink query. It reports memory/copy/allocation calls and metadata accesses inside Stage-0 priority functions without running global taint flow.","warning","MySQL priority function reaches local memory sink 'memcpy'","/sql/field.cc","2819","3","2819","8"
"MySQL priority local memory sinks","Lightweight MySQL memory sink query. It reports memory/copy/allocation calls and metadata accesses inside Stage-0 priority functions without running global taint flow.","warning","MySQL priority function reaches local memory sink 'memset'","/sql/field.cc","2822","5","2822","10"
"MySQL priority local memory sinks","Lightweight MySQL memory sink query. It reports memory/copy/allocation calls and metadata accesses inside Stage-0 priority functions without running global taint flow.","warning","MySQL priority function reads table/field metadata 'table'","/sql/field.cc","2766","3","2766","32"
"MySQL priority local memory sinks","Lightweight MySQL memory sink query. It reports memory/copy/allocation calls and metadata accesses inside Stage-0 priority functions without running global taint flow.","warning","MySQL priority function reaches local memory sink 'memcpy'","/sql/field.cc","2792","5","2792","10"
"MySQL priority local memory sinks","Lightweight MySQL memory sink query. It reports memory/copy/allocation calls and metadata accesses inside Stage-0 priority functions without running global taint flow.","warning","MySQL priority function reads table/field metadata 'table'","/sql/field.cc","2436","3","2436","32"
"MySQL priority local memory sinks","Lightweight MySQL memory sink query. It reports memory/copy/allocation calls and metadata accesses inside Stage-0 priority functions without running global taint flow.","warning","MySQL priority function reads table/field metadata 'table'","/sql/field.cc","6525","3","6525","31"
"MySQL priority local memory sinks","Lightweight MySQL memory sink query. It reports memory/copy/allocation calls and metadata accesses inside Stage-0 priority functions without running global taint flow.","warning","MySQL priority function reads table/field metadata 'table'","/sql/field.cc","6508","3","6508","31"
"MySQL priority local memory sinks","Lightweight MySQL memory sink query. It reports memory/copy/allocation calls and metadata accesses inside Stage-0 priority functions without running global taint flow.","warning","MySQL priority function reads table/field metadata 'table'","/sql/field.cc","6490","3","6490","31"
"MySQL priority local memory sinks","Lightweight MySQL memory sink query. It reports memory/copy/allocation calls and metadata accesses inside Stage-0 priority functions without running global taint flow.","warning","MySQL priority function reads table/field metadata 'table'","/sql/field.cc","6460","3","6460","32"
"MySQL priority local memory sinks","Lightweight MySQL memory sink query. It reports memory/copy/allocation calls and metadata accesses inside Stage-0 priority functions without running global taint flow.","warning","MySQL priority function reads table/field metadata 'table'","/sql/field.cc","8223","3","8223","31"
"MySQL priority local memory sinks","Lightweight MySQL memory sink query. It reports memory/copy/allocation calls and metadata accesses inside Stage-0 priority functions without running global taint flow.","warning","MySQL priority function reads table/field metadata 'table'","/sql/field.cc","8224","40","8224","44"
"MySQL priority local memory sinks","Lightweight MySQL memory sink query. It reports memory/copy/allocation calls and metadata accesses inside Stage-0 priority functions without running global taint flow.","warning","MySQL priority function reads table/field metadata 'table'","/sql/field.cc","8171","3","8171","32"
"MySQL priority local memory sinks","Lightweight MySQL memory sink query. It reports memory/copy/allocation calls and metadata accesses inside Stage-0 priority functions without running global taint flow.","warning","MySQL priority function reads table/field metadata 'table'","/sql/field.cc","8126","3","8126","32"
"MySQL priority local memory sinks","Lightweight MySQL memory sink query. It reports memory/copy/allocation calls and metadata accesses inside Stage-0 priority functions without running global taint flow.","warning","MySQL priority function reads table/field metadata 'table'","/sql/field.cc","3211","3","3211","31"
"MySQL priority local memory sinks","Lightweight MySQL memory sink query. It reports memory/copy/allocation calls and metadata accesses inside Stage-0 priority functions without running global taint flow.","warning","MySQL priority function reads table/field metadata 'table'","/sql/field.cc","3193","3","3193","31"
"MySQL priority local memory sinks","Lightweight MySQL memory sink query. It reports memory/copy/allocation calls and metadata accesses inside Stage-0 priority functions without running global taint flow.","warning","MySQL priority function reads table/field metadata 'table'","/sql/field.cc","3185","3","3185","31"
"MySQL priority local memory sinks","Lightweight MySQL memory sink query. It reports memory/copy/allocation calls and metadata accesses inside Stage-0 priority functions without running global taint flow.","warning","MySQL priority function reads table/field metadata 'table'","/sql/field.cc","3159","3","3159","32"
"MySQL priority local memory sinks","Lightweight MySQL memory sink query. It reports memory/copy/allocation calls and metadata accesses inside Stage-0 priority functions without running global taint flow.","warning","MySQL priority function reads table/field metadata 'table'","/sql/field.cc","3148","3","3148","32"
"MySQL priority local memory sinks","Lightweight MySQL memory sink query. It reports memory/copy/allocation calls and metadata accesses inside Stage-0 priority functions without running global taint flow.","warning","MySQL priority function reads table/field metadata 'table'","/sql/field.cc","3079","3","3079","32"
"MySQL priority local memory sinks","Lightweight MySQL memory sink query. It reports memory/copy/allocation calls and metadata accesses inside Stage-0 priority functions without running global taint flow.","warning","MySQL priority function reads table/field metadata 'table'","/sql/field.cc","3037","3","3037","32"
"MySQL priority local memory sinks","Lightweight MySQL memory sink query. It reports memory/copy/allocation calls and metadata accesses inside Stage-0 priority functions without running global taint flow.","warning","MySQL priority function reads table/field metadata 'm_field'","/sql/field.cc","10435","10","10435","16"
"MySQL priority local memory sinks","Lightweight MySQL memory sink query. It reports memory/copy/allocation calls and metadata accesses inside Stage-0 priority functions without running global taint flow.","warning","MySQL priority function reads table/field metadata 'table'","/sql/field.cc","4180","7","4180","11"
"MySQL priority local memory sinks","Lightweight MySQL memory sink query. It reports memory/copy/allocation calls and metadata accesses inside Stage-0 priority functions without running global taint flow.","warning","MySQL priority function reads table/field metadata 'table'","/sql/field.cc","4166","3","4166","31"
"MySQL priority local memory sinks","Lightweight MySQL memory sink query. It reports memory/copy/allocation calls and metadata accesses inside Stage-0 priority functions without running global taint flow.","warning","MySQL priority function reads table/field metadata 'table'","/sql/field.cc","4167","7","4167","11"
"MySQL priority local memory sinks","Lightweight MySQL memory sink query. It reports memory/copy/allocation calls and metadata accesses inside Stage-0 priority functions without running global taint flow.","warning","MySQL priority function reads table/field metadata 'table'","/sql/field.cc","4153","3","4153","31"
"MySQL priority local memory sinks","Lightweight MySQL memory sink query. It reports memory/copy/allocation calls and metadata accesses inside Stage-0 priority functions without running global taint flow.","warning","MySQL priority function reads table/field metadata 'table'","/sql/field.cc","4155","7","4155","11"
"MySQL priority local memory sinks","Lightweight MySQL memory sink query. It reports memory/copy/allocation calls and metadata accesses inside Stage-0 priority functions without running global taint flow.","warning","MySQL priority function reads table/field metadata 'table'","/sql/field.cc","4129","3","4129","32"
"MySQL priority local memory sinks","Lightweight MySQL memory sink query. It reports memory/copy/allocation calls and metadata accesses inside Stage-0 priority functions without running global taint flow.","warning","MySQL priority function reads table/field metadata 'table'","/sql/field.cc","4145","7","4145","11"
"MySQL priority local memory sinks","Lightweight MySQL memory sink query. It reports memory/copy/allocation calls and metadata accesses inside Stage-0 priority functions without running global taint flow.","warning","MySQL priority function reads table/field metadata 'table'","/sql/field.cc","4094","3","4094","32"
"MySQL priority local memory sinks","Lightweight MySQL memory sink query. It reports memory/copy/allocation calls and metadata accesses inside Stage-0 priority functions without running global taint flow.","warning","MySQL priority function reads table/field metadata 'table'","/sql/field.cc","4121","7","4121","11"
"MySQL priority local memory sinks","Lightweight MySQL memory sink query. It reports memory/copy/allocation calls and metadata accesses inside Stage-0 priority functions without running global taint flow.","warning","MySQL priority function reads table/field metadata 'table'","/sql/field.cc","4070","3","4070","32"
"MySQL priority local memory sinks","Lightweight MySQL memory sink query. It reports memory/copy/allocation calls and metadata accesses inside Stage-0 priority functions without running global taint flow.","warning","MySQL priority function reads table/field metadata 'table'","/sql/field.cc","4086","7","4086","11"
"MySQL priority local memory sinks","Lightweight MySQL memory sink query. It reports memory/copy/allocation calls and metadata accesses inside Stage-0 priority functions without running global taint flow.","warning","MySQL priority function reads table/field metadata 'table'","/sql/field.cc","10205","3","10205","7"
"MySQL priority local memory sinks","Lightweight MySQL memory sink query. It reports memory/copy/allocation calls and metadata accesses inside Stage-0 priority functions without running global taint flow.","warning","MySQL priority function reads table/field metadata 'table'","/sql/field.cc","7105","3","7105","31"
"MySQL priority local memory sinks","Lightweight MySQL memory sink query. It reports memory/copy/allocation calls and metadata accesses inside Stage-0 priority functions without running global taint flow.","warning","MySQL priority function reads table/field metadata 'table'","/sql/field.cc","7095","3","7095","31"
"MySQL priority local memory sinks","Lightweight MySQL memory sink query. It reports memory/copy/allocation calls and metadata accesses inside Stage-0 priority functions without running global taint flow.","warning","MySQL priority function reads table/field metadata 'table'","/sql/field.cc","7084","3","7084","31"
"MySQL priority local memory sinks","Lightweight MySQL memory sink query. It reports memory/copy/allocation calls and metadata accesses inside Stage-0 priority functions without running global taint flow.","warning","MySQL priority function reads table/field metadata 'table'","/sql/field.cc","7077","7","7077","11"
"MySQL priority local memory sinks","Lightweight MySQL memory sink query. It reports memory/copy/allocation calls and metadata accesses inside Stage-0 priority functions without running global taint flow.","warning","MySQL priority function reads table/field metadata 'table'","/sql/field.cc","6968","3","6968","32"
"MySQL priority local memory sinks","Lightweight MySQL memory sink query. It reports memory/copy/allocation calls and metadata accesses inside Stage-0 priority functions without running global taint flow.","warning","MySQL priority function reads table/field metadata 'table'","/sql/field.cc","6970","7","6970","11"
"MySQL priority local memory sinks","Lightweight MySQL memory sink query. It reports memory/copy/allocation calls and metadata accesses inside Stage-0 priority functions without running global taint flow.","warning","MySQL priority function reads table/field metadata 'table'","/sql/field.cc","6973","25","6973","29"
"MySQL priority local memory sinks","Lightweight MySQL memory sink query. It reports memory/copy/allocation calls and metadata accesses inside Stage-0 priority functions without running global taint flow.","warning","MySQL priority function reads table/field metadata 'table'","/sql/field.cc","6053","3","6053","32"
"MySQL priority local memory sinks","Lightweight MySQL memory sink query. It reports memory/copy/allocation calls and metadata accesses inside Stage-0 priority functions without running global taint flow.","warning","MySQL priority function reads table/field metadata 'table'","/sql/field.cc","8007","3","8007","31"
"MySQL priority local memory sinks","Lightweight MySQL memory sink query. It reports memory/copy/allocation calls and metadata accesses inside Stage-0 priority functions without running global taint flow.","warning","MySQL priority function reads table/field metadata 'table'","/sql/field.cc","8020","3","8020","31"
"MySQL priority local memory sinks","Lightweight MySQL memory sink query. It reports memory/copy/allocation calls and metadata accesses inside Stage-0 priority functions without running global taint flow.","warning","MySQL priority function reads table/field metadata 'table'","/sql/field.cc","8026","3","8026","31"
"MySQL priority local memory sinks","Lightweight MySQL memory sink query. It reports memory/copy/allocation calls and metadata accesses inside Stage-0 priority functions without running global taint flow.","warning","MySQL priority function reads table/field metadata 'table'","/sql/field.cc","7818","3","7818","31"
"MySQL priority local memory sinks","Lightweight MySQL memory sink query. It reports memory/copy/allocation calls and metadata accesses inside Stage-0 priority functions without running global taint flow.","warning","MySQL priority function reads table/field metadata 'table'","/sql/field.cc","7810","3","7810","31"
"MySQL priority local memory sinks","Lightweight MySQL memory sink query. It reports memory/copy/allocation calls and metadata accesses inside Stage-0 priority functions without running global taint flow.","warning","MySQL priority function reads table/field metadata 'table'","/sql/field.cc","7802","3","7802","31"
"MySQL priority local memory sinks","Lightweight MySQL memory sink query. It reports memory/copy/allocation calls and metadata accesses inside Stage-0 priority functions without running global taint flow.","warning","MySQL priority function reads table/field metadata 'table'","/sql/field.cc","7784","3","7784","31"
"MySQL priority local memory sinks","Lightweight MySQL memory sink query. It reports memory/copy/allocation calls and metadata accesses inside Stage-0 priority functions without running global taint flow.","warning","MySQL priority function reads table/field metadata 'table'","/sql/field.cc","8810","3","8810","31"
"MySQL priority local memory sinks","Lightweight MySQL memory sink query. It reports memory/copy/allocation calls and metadata accesses inside Stage-0 priority functions without running global taint flow.","warning","MySQL priority function reaches local memory sink 'memcpy'","/sql/field.cc","8817","3","8817","8"
"MySQL priority local memory sinks","Lightweight MySQL memory sink query. It reports memory/copy/allocation calls and metadata accesses inside Stage-0 priority functions without running global taint flow.","warning","MySQL priority function reads table/field metadata 'table'","/sql/field.cc","8780","3","8780","31"
"MySQL priority local memory sinks","Lightweight MySQL memory sink query. It reports memory/copy/allocation calls and metadata accesses inside Stage-0 priority functions without running global taint flow.","warning","MySQL priority function reads table/field metadata 'table'","/sql/field.cc","8715","3","8715","32"
"MySQL priority local memory sinks","Lightweight MySQL memory sink query. It reports memory/copy/allocation calls and metadata accesses inside Stage-0 priority functions without running global taint flow.","warning","MySQL priority function reaches local memory sink 'memset'","/sql/field.cc","8728","5","8728","10"
"MySQL priority local memory sinks","Lightweight MySQL memory sink query. It reports memory/copy/allocation calls and metadata accesses inside Stage-0 priority functions without running global taint flow.","warning","MySQL priority function reaches local memory sink 'memset'","/sql/field.cc","8738","5","8738","10"
"MySQL priority local memory sinks","Lightweight MySQL memory sink query. It reports memory/copy/allocation calls and metadata accesses inside Stage-0 priority functions without running global taint flow.","warning","MySQL priority function reaches local memory sink 'memcpy'","/sql/field.cc","8739","5","8739","10"
"MySQL priority local memory sinks","Lightweight MySQL memory sink query. It reports memory/copy/allocation calls and metadata accesses inside Stage-0 priority functions without running global taint flow.","warning","MySQL priority function reaches local memory sink 'memcpy'","/sql/field.cc","8742","5","8742","10"
"MySQL priority local memory sinks","Lightweight MySQL memory sink query. It reports memory/copy/allocation calls and metadata accesses inside Stage-0 priority functions without running global taint flow.","warning","MySQL priority function reaches local memory sink 'memcpy'","/sql/field.cc","8748","5","8748","10"
"MySQL priority local memory sinks","Lightweight MySQL memory sink query. It reports memory/copy/allocation calls and metadata accesses inside Stage-0 priority functions without running global taint flow.","warning","MySQL priority function reaches local memory sink 'memset'","/sql/field.cc","8707","3","8707","8"
"MySQL priority local memory sinks","Lightweight MySQL memory sink query. It reports memory/copy/allocation calls and metadata accesses inside Stage-0 priority functions without running global taint flow.","warning","MySQL priority function reads table/field metadata 'table'","/sql/field.cc","7607","3","7607","32"
"MySQL priority local memory sinks","Lightweight MySQL memory sink query. It reports memory/copy/allocation calls and metadata accesses inside Stage-0 priority functions without running global taint flow.","warning","MySQL priority function reads table/field metadata 'field'","/sql/item.cc","10864","44","10864","48"
"MySQL priority local memory sinks","Lightweight MySQL memory sink query. It reports memory/copy/allocation calls and metadata accesses inside Stage-0 priority functions without running global taint flow.","warning","MySQL priority function reads table/field metadata 'field'","/sql/item.cc","2955","51","2955","55"
"MySQL priority local memory sinks","Lightweight MySQL memory sink query. It reports memory/copy/allocation calls and metadata accesses inside Stage-0 priority functions without running global taint flow.","warning","MySQL priority function reads table/field metadata 'field'","/sql/item.cc","2956","26","2956","30"
"MySQL priority local memory sinks","Lightweight MySQL memory sink query. It reports memory/copy/allocation calls and metadata accesses inside Stage-0 priority functions without running global taint flow.","warning","MySQL priority function reads table/field metadata 'field'","/sql/item.cc","2957","23","2957","27"
"MySQL priority local memory sinks","Lightweight MySQL memory sink query. It reports memory/copy/allocation calls and metadata accesses inside Stage-0 priority functions without running global taint flow.","warning","MySQL priority function reads table/field metadata 'field'","/sql/item.cc","2958","21","2958","25"
"MySQL priority local memory sinks","Lightweight MySQL memory sink query. It reports memory/copy/allocation calls and metadata accesses inside Stage-0 priority functions without running global taint flow.","warning","MySQL priority function reads table/field metadata 'field'","/sql/item.cc","2959","22","2959","26"
"MySQL priority local memory sinks","Lightweight MySQL memory sink query. It reports memory/copy/allocation calls and metadata accesses inside Stage-0 priority functions without running global taint flow.","warning","MySQL priority function reads table/field metadata 'field'","/sql/item.cc","2960","7","2960","11"
"MySQL priority local memory sinks","Lightweight MySQL memory sink query. It reports memory/copy/allocation calls and metadata accesses inside Stage-0 priority functions without running global taint flow.","warning","MySQL priority function reads table/field metadata 'table'","/sql/item.cc","2960","14","2960","18"
"MySQL priority local memory sinks","Lightweight MySQL memory sink query. It reports memory/copy/allocation calls and metadata accesses inside Stage-0 priority functions without running global taint flow.","warning","MySQL priority function reads table/field metadata 'field'","/sql/item.cc","2961","25","2961","29"
"MySQL priority local memory sinks","Lightweight MySQL memory sink query. It reports memory/copy/allocation calls and metadata accesses inside Stage-0 priority functions without running global taint flow.","warning","MySQL priority function reads table/field metadata 'field'","/sql/item.cc","2962","14","2962","18"
"MySQL priority local memory sinks","Lightweight MySQL memory sink query. It reports memory/copy/allocation calls and metadata accesses inside Stage-0 priority functions without running global taint flow.","warning","MySQL priority function reads table/field metadata 'field'","/sql/item.cc","2966","16","2966","20"
"MySQL priority local memory sinks","Lightweight MySQL memory sink query. It reports memory/copy/allocation calls and metadata accesses inside Stage-0 priority functions without running global taint flow.","warning","MySQL priority function reads table/field metadata 'field'","/sql/item.cc","2967","14","2967","18"
"MySQL priority local memory sinks","Lightweight MySQL memory sink query. It reports memory/copy/allocation calls and metadata accesses inside Stage-0 priority functions without running global taint flow.","warning","MySQL priority function reads table/field metadata 'field'","/sql/item.cc","2968","19","2968","23"
"MySQL priority local memory sinks","Lightweight MySQL memory sink query. It reports memory/copy/allocation calls and metadata accesses inside Stage-0 priority functions without running global taint flow.","warning","MySQL priority function reads table/field metadata 'field'","/sql/item.cc","2969","17","2969","21"
"MySQL priority local memory sinks","Lightweight MySQL memory sink query. It reports memory/copy/allocation calls and metadata accesses inside Stage-0 priority functions without running global taint flow.","warning","MySQL priority function reads table/field metadata 'field'","/sql/item.cc","2969","35","2969","39"
"MySQL priority local memory sinks","Lightweight MySQL memory sink query. It reports memory/copy/allocation calls and metadata accesses inside Stage-0 priority functions without running global taint flow.","warning","MySQL priority function reads table/field metadata 'field'","/sql/item.cc","2969","56","2969","60"
"MySQL priority local memory sinks","Lightweight MySQL memory sink query. It reports memory/copy/allocation calls and metadata accesses inside Stage-0 priority functions without running global taint flow.","warning","MySQL priority function reads table/field metadata 'field'","/sql/item.cc","2970","17","2970","21"
"MySQL priority local memory sinks","Lightweight MySQL memory sink query. It reports memory/copy/allocation calls and metadata accesses inside Stage-0 priority functions without running global taint flow.","warning","MySQL priority function reads table/field metadata 'field'","/sql/item.cc","2971","41","2971","45"
"MySQL priority local memory sinks","Lightweight MySQL memory sink query. It reports memory/copy/allocation calls and metadata accesses inside Stage-0 priority functions without running global taint flow.","warning","MySQL priority function reads table/field metadata 'field'","/sql/item.cc","9622","7","9622","11"
"MySQL priority local memory sinks","Lightweight MySQL memory sink query. It reports memory/copy/allocation calls and metadata accesses inside Stage-0 priority functions without running global taint flow.","warning","MySQL priority function reads table/field metadata 'field'","/sql/item.cc","9622","25","9622","29"
"MySQL priority local memory sinks","Lightweight MySQL memory sink query. It reports memory/copy/allocation calls and metadata accesses inside Stage-0 priority functions without running global taint flow.","warning","MySQL priority function reads table/field metadata 'table'","/sql/item.cc","9622","32","9622","36"
"MySQL priority local memory sinks","Lightweight MySQL memory sink query. It reports memory/copy/allocation calls and metadata accesses inside Stage-0 priority functions without running global taint flow.","warning","MySQL priority function reads table/field metadata 'm_table_ref'","/sql/item.cc","9602","10","9602","20"
"MySQL priority local memory sinks","Lightweight MySQL memory sink query. It reports memory/copy/allocation calls and metadata accesses inside Stage-0 priority functions without running global taint flow.","warning","MySQL priority function reads table/field metadata 'table'","/sql/item.cc","9602","23","9602","27"
"MySQL priority local memory sinks","Lightweight MySQL memory sink query. It reports memory/copy/allocation calls and metadata accesses inside Stage-0 priority functions without running global taint flow.","warning","MySQL priority function reads table/field metadata 'field'","/sql/item.cc","9605","3","9605","7"
"MySQL priority local memory sinks","Lightweight MySQL memory sink query. It reports memory/copy/allocation calls and metadata accesses inside Stage-0 priority functions without running global taint flow.","warning","MySQL priority function reads table/field metadata 'table'","/sql/item.cc","9605","10","9605","14"
"MySQL priority local memory sinks","Lightweight MySQL memory sink query. It reports memory/copy/allocation calls and metadata accesses inside Stage-0 priority functions without running global taint flow.","warning","MySQL priority function reads table/field metadata 'm_table_ref'","/sql/item.cc","9605","18","9605","28"
"MySQL priority local memory sinks","Lightweight MySQL memory sink query. It reports memory/copy/allocation calls and metadata accesses inside Stage-0 priority functions without running global taint flow.","warning","MySQL priority function reads table/field metadata 'table'","/sql/item.cc","9605","31","9605","35"
"MySQL priority local memory sinks","Lightweight MySQL memory sink query. It reports memory/copy/allocation calls and metadata accesses inside Stage-0 priority functions without running global taint flow.","warning","MySQL priority function reads table/field metadata 'field'","/sql/item.cc","9607","3","9607","7"
"MySQL priority local memory sinks","Lightweight MySQL memory sink query. It reports memory/copy/allocation calls and metadata accesses inside Stage-0 priority functions without running global taint flow.","warning","MySQL priority function reads table/field metadata 'field'","/sql/item.cc","9608","19","9608","23"
"MySQL priority local memory sinks","Lightweight MySQL memory sink query. It reports memory/copy/allocation calls and metadata accesses inside Stage-0 priority functions without running global taint flow.","warning","MySQL priority function reads table/field metadata 'table'","/sql/item.cc","9608","26","9608","30"
"MySQL priority local memory sinks","Lightweight MySQL memory sink query. It reports memory/copy/allocation calls and metadata accesses inside Stage-0 priority functions without running global taint flow.","warning","MySQL priority function reads table/field metadata 'field'","/sql/item.cc","9609","23","9609","27"
"MySQL priority local memory sinks","Lightweight MySQL memory sink query. It reports memory/copy/allocation calls and metadata accesses inside Stage-0 priority functions without running global taint flow.","warning","MySQL priority function reads table/field metadata 'table'","/sql/item.cc","9609","30","9609","34"
"MySQL priority local memory sinks","Lightweight MySQL memory sink query. It reports memory/copy/allocation calls and metadata accesses inside Stage-0 priority functions without running global taint flow.","warning","MySQL priority function reads table/field metadata 'field'","/sql/item.cc","9612","8","9612","12"
"MySQL priority local memory sinks","Lightweight MySQL memory sink query. It reports memory/copy/allocation calls and metadata accesses inside Stage-0 priority functions without running global taint flow.","warning","MySQL priority function reads table/field metadata 'field'","/sql/item.cc","9612","44","9612","48"
"MySQL priority local memory sinks","Lightweight MySQL memory sink query. It reports memory/copy/allocation calls and metadata accesses inside Stage-0 priority functions without running global taint flow.","warning","MySQL priority function reads table/field metadata 'field'","/sql/item.cc","9613","8","9613","12"
"MySQL priority local memory sinks","Lightweight MySQL memory sink query. It reports memory/copy/allocation calls and metadata accesses inside Stage-0 priority functions without running global taint flow.","warning","MySQL priority function reads table/field metadata 'field'","/sql/item.cc","9617","20","9617","24"
"MySQL priority local memory sinks","Lightweight MySQL memory sink query. It reports memory/copy/allocation calls and metadata accesses inside Stage-0 priority functions without running global taint flow.","warning","MySQL priority function reads table/field metadata 'field'","/sql/item.cc","9536","35","9536","39"
"MySQL priority local memory sinks","Lightweight MySQL memory sink query. It reports memory/copy/allocation calls and metadata accesses inside Stage-0 priority functions without running global taint flow.","warning","MySQL priority function reads table/field metadata 'table'","/sql/item.cc","9539","57","9539","61"
"MySQL priority local memory sinks","Lightweight MySQL memory sink query. It reports memory/copy/allocation calls and metadata accesses inside Stage-0 priority functions without running global taint flow.","warning","MySQL priority function reads table/field metadata 'table'","/sql/item.cc","9540","57","9540","61"
"MySQL priority local memory sinks","Lightweight MySQL memory sink query. It reports memory/copy/allocation calls and metadata accesses inside Stage-0 priority functions without running global taint flow.","warning","MySQL priority function reads table/field metadata 'table'","/sql/item.cc","9541","36","9541","40"
"MySQL priority local memory sinks","Lightweight MySQL memory sink query. It reports memory/copy/allocation calls and metadata accesses inside Stage-0 priority functions without running global taint flow.","warning","MySQL priority function reads table/field metadata 'm_table_ref'","/sql/item.cc","9788","3","9788","13"
"MySQL priority local memory sinks","Lightweight MySQL memory sink query. It reports memory/copy/allocation calls and metadata accesses inside Stage-0 priority functions without running global taint flow.","warning","MySQL priority function reads table/field metadata 'field'","/sql/item.cc","9760","3","9760","7"
"MySQL priority local memory sinks","Lightweight MySQL memory sink query. It reports memory/copy/allocation calls and metadata accesses inside Stage-0 priority functions without running global taint flow.","warning","MySQL priority function reads table/field metadata 'field'","/sql/item.cc","9762","13","9762","17"
"MySQL priority local memory sinks","Lightweight MySQL memory sink query. It reports memory/copy/allocation calls and metadata accesses inside Stage-0 priority functions without running global taint flow.","warning","MySQL priority function reads table/field metadata 'field'","/sql/item.cc","9733","5","9733","9"
"MySQL priority local memory sinks","Lightweight MySQL memory sink query. It reports memory/copy/allocation calls and metadata accesses inside Stage-0 priority functions without running global taint flow.","warning","MySQL priority function reads table/field metadata 'field'","/sql/item.cc","9735","15","9735","19"
"MySQL priority local memory sinks","Lightweight MySQL memory sink query. It reports memory/copy/allocation calls and metadata accesses inside Stage-0 priority functions without running global taint flow.","warning","MySQL priority function reads table/field metadata 'm_table_ref'","/sql/item.cc","6376","10","6376","20"
"MySQL priority local memory sinks","Lightweight MySQL memory sink query. It reports memory/copy/allocation calls and metadata accesses inside Stage-0 priority functions without running global taint flow.","warning","MySQL priority function reads table/field metadata 'field'","/sql/item.cc","6382","3","6382","7"
"MySQL priority local memory sinks","Lightweight MySQL memory sink query. It reports memory/copy/allocation calls and metadata accesses inside Stage-0 priority functions without running global taint flow.","warning","MySQL priority function reads table/field metadata 'm_table_ref'","/sql/item.cc","6349","7","6349","17"
"MySQL priority local memory sinks","Lightweight MySQL memory sink query. It reports memory/copy/allocation calls and metadata accesses inside Stage-0 priority functions without running global taint flow.","warning","MySQL priority function reads table/field metadata 'm_table_ref'","/sql/item.cc","6349","34","6349","44"
"MySQL priority local memory sinks","Lightweight MySQL memory sink query. It reports memory/copy/allocation calls and metadata accesses inside Stage-0 priority functions without running global taint flow.","warning","MySQL priority function reads table/field metadata 'm_table_ref'","/sql/item.cc","6350","8","6350","18"
"MySQL priority local memory sinks","Lightweight MySQL memory sink query. It reports memory/copy/allocation calls and metadata accesses inside Stage-0 priority functions without running global taint flow.","warning","MySQL priority function reads table/field metadata 'field'","/sql/item.cc","6351","5","6351","9"
"MySQL priority local memory sinks","Lightweight MySQL memory sink query. It reports memory/copy/allocation calls and metadata accesses inside Stage-0 priority functions without running global taint flow.","warning","MySQL priority function reads table/field metadata 'result_field'","/sql/item.cc","6356","3","6356","14"
"MySQL priority local memory sinks","Lightweight MySQL memory sink query. It reports memory/copy/allocation calls and metadata accesses inside Stage-0 priority functions without running global taint flow.","warning","MySQL priority function reads table/field metadata 'field'","/sql/item.cc","6356","18","6356","22"
"MySQL priority local memory sinks","Lightweight MySQL memory sink query. It reports memory/copy/allocation calls and metadata accesses inside Stage-0 priority functions without running global taint flow.","warning","MySQL priority function reads table/field metadata 'm_table_ref'","/sql/item.cc","6362","7","6362","17"
"MySQL priority local memory sinks","Lightweight MySQL memory sink query. It reports memory/copy/allocation calls and metadata accesses inside Stage-0 priority functions without running global taint flow.","warning","MySQL priority function reads table/field metadata 'm_table_ref'","/sql/item.cc","6321","11","6321","21"
"MySQL priority local memory sinks","Lightweight MySQL memory sink query. It reports memory/copy/allocation calls and metadata accesses inside Stage-0 priority functions without running global taint flow.","warning","MySQL priority function reads table/field metadata 'field'","/sql/item.cc","6321","37","6321","41"
"MySQL priority local memory sinks","Lightweight MySQL memory sink query. It reports memory/copy/allocation calls and metadata accesses inside Stage-0 priority functions without running global taint flow.","warning","MySQL priority function reads table/field metadata 'm_table_ref'","/sql/item.cc","6322","11","6322","21"
"MySQL priority local memory sinks","Lightweight MySQL memory sink query. It reports memory/copy/allocation calls and metadata accesses inside Stage-0 priority functions without running global taint flow.","warning","MySQL priority function reads table/field metadata 'm_table_ref'","/sql/item.cc","6323","12","6323","22"
"MySQL priority local memory sinks","Lightweight MySQL memory sink query. It reports memory/copy/allocation calls and metadata accesses inside Stage-0 priority functions without running global taint flow.","warning","MySQL priority function reads table/field metadata 'm_table_ref'","/sql/item.cc","6324","12","6324","22"
"MySQL priority local memory sinks","Lightweight MySQL memory sink query. It reports memory/copy/allocation calls and metadata accesses inside Stage-0 priority functions without running global taint flow.","warning","MySQL priority function reads table/field metadata 'field'","/sql/item.cc","6325","11","6325","15"
"MySQL priority local memory sinks","Lightweight MySQL memory sink query. It reports memory/copy/allocation calls and metadata accesses inside Stage-0 priority functions without running global taint flow.","warning","MySQL priority function reads table/field metadata 'm_table_ref'","/sql/item.cc","6326","11","6326","21"
"MySQL priority local memory sinks","Lightweight MySQL memory sink query. It reports memory/copy/allocation calls and metadata accesses inside Stage-0 priority functions without running global taint flow.","warning","MySQL priority function reads table/field metadata 'm_table_ref'","/sql/item.cc","6327","13","6327","23"
"MySQL priority local memory sinks","Lightweight MySQL memory sink query. It reports memory/copy/allocation calls and metadata accesses inside Stage-0 priority functions without running global taint flow.","warning","MySQL priority function reads table/field metadata 'm_table_ref'","/sql/item.cc","6328","13","6328","23"
"MySQL priority local memory sinks","Lightweight MySQL memory sink query. It reports memory/copy/allocation calls and metadata accesses inside Stage-0 priority functions without running global taint flow.","warning","MySQL priority function reads table/field metadata 'field'","/sql/item.cc","6329","11","6329","15"
"MySQL priority local memory sinks","Lightweight MySQL memory sink query. It reports memory/copy/allocation calls and metadata accesses inside Stage-0 priority functions without running global taint flow.","warning","MySQL priority function reads table/field metadata 'm_table_ref'","/sql/item.cc","6330","7","6330","17"
"MySQL priority local memory sinks","Lightweight MySQL memory sink query. It reports memory/copy/allocation calls and metadata accesses inside Stage-0 priority functions without running global taint flow.","warning","MySQL priority function reads table/field metadata 'm_table_ref'","/sql/item.cc","6330","33","6330","43"
"MySQL priority local memory sinks","Lightweight MySQL memory sink query. It reports memory/copy/allocation calls and metadata accesses inside Stage-0 priority functions without running global taint flow.","warning","MySQL priority function reads table/field metadata 'table'","/sql/item.cc","6330","46","6330","50"
"MySQL priority local memory sinks","Lightweight MySQL memory sink query. It reports memory/copy/allocation calls and metadata accesses inside Stage-0 priority functions without running global taint flow.","warning","MySQL priority function reads table/field metadata 'field'","/sql/item.cc","6331","7","6331","11"
"MySQL priority local memory sinks","Lightweight MySQL memory sink query. It reports memory/copy/allocation calls and metadata accesses inside Stage-0 priority functions without running global taint flow.","warning","MySQL priority function reads table/field metadata 'field'","/sql/item.cc","6332","5","6332","9"
"MySQL priority local memory sinks","Lightweight MySQL memory sink query. It reports memory/copy/allocation calls and metadata accesses inside Stage-0 priority functions without running global taint flow.","warning","MySQL priority function reads table/field metadata 'result_field'","/sql/item.cc","6332","13","6332","24"
"MySQL priority local memory sinks","Lightweight MySQL memory sink query. It reports memory/copy/allocation calls and metadata accesses inside Stage-0 priority functions without running global taint flow.","warning","MySQL priority function reads table/field metadata 'm_table_ref'","/sql/item.cc","6332","28","6332","38"
"MySQL priority local memory sinks","Lightweight MySQL memory sink query. It reports memory/copy/allocation calls and metadata accesses inside Stage-0 priority functions without running global taint flow.","warning","MySQL priority function reads table/field metadata 'table'","/sql/item.cc","6332","41","6332","45"
"MySQL priority local memory sinks","Lightweight MySQL memory sink query. It reports memory/copy/allocation calls and metadata accesses inside Stage-0 priority functions without running global taint flow.","warning","MySQL priority function reads table/field metadata 'field'","/sql/item.cc","6332","48","6332","52"
"MySQL priority local memory sinks","Lightweight MySQL memory sink query. It reports memory/copy/allocation calls and metadata accesses inside Stage-0 priority functions without running global taint flow.","warning","MySQL priority function reads table/field metadata 'field'","/sql/item.cc","6333","25","6333","29"
"MySQL priority local memory sinks","Lightweight MySQL memory sink query. It reports memory/copy/allocation calls and metadata accesses inside Stage-0 priority functions without running global taint flow.","warning","MySQL priority function reads table/field metadata 'field'","/sql/item.cc","6335","44","6335","48"
"MySQL priority local memory sinks","Lightweight MySQL memory sink query. It reports memory/copy/allocation calls and metadata accesses inside Stage-0 priority functions without running global taint flow.","warning","MySQL priority function reads table/field metadata 'field'","/sql/item.cc","3422","25","3422","29"
"MySQL priority local memory sinks","Lightweight MySQL memory sink query. It reports memory/copy/allocation calls and metadata accesses inside Stage-0 priority functions without running global taint flow.","warning","MySQL priority function reads table/field metadata 'table'","/sql/item.cc","3422","32","3422","36"
"MySQL priority local memory sinks","Lightweight MySQL memory sink query. It reports memory/copy/allocation calls and metadata accesses inside Stage-0 priority functions without running global taint flow.","warning","MySQL priority function reads table/field metadata 'table'","/sql/item.cc","3424","15","3424","19"
"MySQL priority local memory sinks","Lightweight MySQL memory sink query. It reports memory/copy/allocation calls and metadata accesses inside Stage-0 priority functions without running global taint flow.","warning","MySQL priority function reads table/field metadata 'field'","/sql/item.cc","1099","9","1099","13"
"MySQL priority local memory sinks","Lightweight MySQL memory sink query. It reports memory/copy/allocation calls and metadata accesses inside Stage-0 priority functions without running global taint flow.","warning","MySQL priority function reads table/field metadata 'field'","/sql/item.cc","1099","29","1099","33"
"MySQL priority local memory sinks","Lightweight MySQL memory sink query. It reports memory/copy/allocation calls and metadata accesses inside Stage-0 priority functions without running global taint flow.","warning","MySQL priority function reads table/field metadata 'field'","/sql/item.cc","1066","29","1066","33"
"MySQL priority local memory sinks","Lightweight MySQL memory sink query. It reports memory/copy/allocation calls and metadata accesses inside Stage-0 priority functions without running global taint flow.","warning","MySQL priority function reads table/field metadata 'field'","/sql/item.cc","1066","49","1066","53"
"MySQL priority local memory sinks","Lightweight MySQL memory sink query. It reports memory/copy/allocation calls and metadata accesses inside Stage-0 priority functions without running global taint flow.","warning","MySQL priority function reads table/field metadata 'field'","/sql/item.cc","1067","19","1067","23"
"MySQL priority local memory sinks","Lightweight MySQL memory sink query. It reports memory/copy/allocation calls and metadata accesses inside Stage-0 priority functions without running global taint flow.","warning","MySQL priority function reads table/field metadata 'table'","/sql/item.cc","1067","26","1067","30"
"MySQL priority local memory sinks","Lightweight MySQL memory sink query. It reports memory/copy/allocation calls and metadata accesses inside Stage-0 priority functions without running global taint flow.","warning","MySQL priority function reads table/field metadata 'field'","/sql/item.cc","1067","43","1067","47"
"MySQL priority local memory sinks","Lightweight MySQL memory sink query. It reports memory/copy/allocation calls and metadata accesses inside Stage-0 priority functions without running global taint flow.","warning","MySQL priority function reads table/field metadata 'field'","/sql/item.cc","1057","29","1057","33"
"MySQL priority local memory sinks","Lightweight MySQL memory sink query. It reports memory/copy/allocation calls and metadata accesses inside Stage-0 priority functions without running global taint flow.","warning","MySQL priority function reads table/field metadata 'field'","/sql/item.cc","1057","49","1057","53"
"MySQL priority local memory sinks","Lightweight MySQL memory sink query. It reports memory/copy/allocation calls and metadata accesses inside Stage-0 priority functions without running global taint flow.","warning","MySQL priority function reads table/field metadata 'm_table_ref'","/sql/item.cc","1059","7","1059","17"
"MySQL priority local memory sinks","Lightweight MySQL memory sink query. It reports memory/copy/allocation calls and metadata accesses inside Stage-0 priority functions without running global taint flow.","warning","MySQL priority function reads table/field metadata 'table'","/sql/item.cc","1059","20","1059","24"
"MySQL priority local memory sinks","Lightweight MySQL memory sink query. It reports memory/copy/allocation calls and metadata accesses inside Stage-0 priority functions without running global taint flow.","warning","MySQL priority function reads table/field metadata 'field'","/sql/item.cc","1060","37","1060","41"
"MySQL priority local memory sinks","Lightweight MySQL memory sink query. It reports memory/copy/allocation calls and metadata accesses inside Stage-0 priority functions without running global taint flow.","warning","MySQL priority function reads table/field metadata 'field'","/sql/item.cc","3352","16","3352","20"
"MySQL priority local memory sinks","Lightweight MySQL memory sink query. It reports memory/copy/allocation calls and metadata accesses inside Stage-0 priority functions without running global taint flow.","warning","MySQL priority function reads table/field metadata 'field'","/sql/item.cc","3354","7","3354","11"
"MySQL priority local memory sinks","Lightweight MySQL memory sink query. It reports memory/copy/allocation calls and metadata accesses inside Stage-0 priority functions without running global taint flow.","warning","MySQL priority function reads table/field metadata 'field'","/sql/item.cc","3362","16","3362","20"
"MySQL priority local memory sinks","Lightweight MySQL memory sink query. It reports memory/copy/allocation calls and metadata accesses inside Stage-0 priority functions without running global taint flow.","warning","MySQL priority function reads table/field metadata 'field'","/sql/item.cc","3364","7","3364","11"
"MySQL priority local memory sinks","Lightweight MySQL memory sink query. It reports memory/copy/allocation calls and metadata accesses inside Stage-0 priority functions without running global taint flow.","warning","MySQL priority function reads table/field metadata 'm_table_ref'","/sql/item.cc","3416","7","3416","17"
"MySQL priority local memory sinks","Lightweight MySQL memory sink query. It reports memory/copy/allocation calls and metadata accesses inside Stage-0 priority functions without running global taint flow.","warning","MySQL priority function reads table/field metadata 'm_table_ref'","/sql/item.cc","3417","7","3417","17"
"MySQL priority local memory sinks","Lightweight MySQL memory sink query. It reports memory/copy/allocation calls and metadata accesses inside Stage-0 priority functions without running global taint flow.","warning","MySQL priority function reads table/field metadata 'table'","/sql/item.cc","3417","20","3417","24"
"MySQL priority local memory sinks","Lightweight MySQL memory sink query. It reports memory/copy/allocation calls and metadata accesses inside Stage-0 priority functions without running global taint flow.","warning","MySQL priority function reads table/field metadata 'm_table_ref'","/sql/item.cc","3418","59","3418","69"
"MySQL priority local memory sinks","Lightweight MySQL memory sink query. It reports memory/copy/allocation calls and metadata accesses inside Stage-0 priority functions without running global taint flow.","warning","MySQL priority function reads table/field metadata 'field'","/sql/item.cc","7005","7","7005","11"
"MySQL priority local memory sinks","Lightweight MySQL memory sink query. It reports memory/copy/allocation calls and metadata accesses inside Stage-0 priority functions without running global taint flow.","warning","MySQL priority function reads table/field metadata 'field'","/sql/item.cc","7006","26","7006","30"
"MySQL priority local memory sinks","Lightweight MySQL memory sink query. It reports memory/copy/allocation calls and metadata accesses inside Stage-0 priority functions without running global taint flow.","warning","MySQL priority function reads table/field metadata 'field'","/sql/item.cc","7008","14","7008","18"
"MySQL priority local memory sinks","Lightweight MySQL memory sink query. It reports memory/copy/allocation calls and metadata accesses inside Stage-0 priority functions without running global taint flow.","warning","MySQL priority function reads table/field metadata 'field'","/sql/item.cc","7013","31","7013","35"
"MySQL priority local memory sinks","Lightweight MySQL memory sink query. It reports memory/copy/allocation calls and metadata accesses inside Stage-0 priority functions without running global taint flow.","warning","MySQL priority function reads table/field metadata 'field'","/sql/item.cc","6951","3","6951","7"
"MySQL priority local memory sinks","Lightweight MySQL memory sink query. It reports memory/copy/allocation calls and metadata accesses inside Stage-0 priority functions without running global taint flow.","warning","MySQL priority function reads table/field metadata 'field'","/sql/item.cc","6961","14","6961","18"
"MySQL priority local memory sinks","Lightweight MySQL memory sink query. It reports memory/copy/allocation calls and metadata accesses inside Stage-0 priority functions without running global taint flow.","warning","MySQL priority function reads table/field metadata 'm_table_ref'","/sql/item.cc","6103","7","6103","17"
"MySQL priority local memory sinks","Lightweight MySQL memory sink query. It reports memory/copy/allocation calls and metadata accesses inside Stage-0 priority functions without running global taint flow.","warning","MySQL priority function reads table/field metadata 'm_table_ref'","/sql/item.cc","6107","33","6107","43"
"MySQL priority local memory sinks","Lightweight MySQL memory sink query. It reports memory/copy/allocation calls and metadata accesses inside Stage-0 priority functions without running global taint flow.","warning","MySQL priority function reads table/field metadata 'field'","/sql/item.cc","6108","15","6108","19"
"MySQL priority local memory sinks","Lightweight MySQL memory sink query. It reports memory/copy/allocation calls and metadata accesses inside Stage-0 priority functions without running global taint flow.","warning","MySQL priority function reads table/field metadata 'm_table_ref'","/sql/item.cc","6115","5","6115","15"
"MySQL priority local memory sinks","Lightweight MySQL memory sink query. It reports memory/copy/allocation calls and metadata accesses inside Stage-0 priority functions without running global taint flow.","warning","MySQL priority function reads table/field metadata 'field'","/sql/item.cc","6118","10","6118","14"
"MySQL priority local memory sinks","Lightweight MySQL memory sink query. It reports memory/copy/allocation calls and metadata accesses inside Stage-0 priority functions without running global taint flow.","warning","MySQL priority function reads table/field metadata 'field'","/sql/item.cc","6170","48","6170","52"
"MySQL priority local memory sinks","Lightweight MySQL memory sink query. It reports memory/copy/allocation calls and metadata accesses inside Stage-0 priority functions without running global taint flow.","warning","MySQL priority function reads table/field metadata 'field'","/sql/item.cc","6259","62","6259","66"
"MySQL priority local memory sinks","Lightweight MySQL memory sink query. It reports memory/copy/allocation calls and metadata accesses inside Stage-0 priority functions without running global taint flow.","warning","MySQL priority function reads table/field metadata 'table'","/sql/item.cc","6259","69","6259","73"
"MySQL priority local memory sinks","Lightweight MySQL memory sink query. It reports memory/copy/allocation calls and metadata accesses inside Stage-0 priority functions without running global taint flow.","warning","MySQL priority function reads table/field metadata 'm_table_ref'","/sql/item.cc","6281","27","6281","37"
"MySQL priority local memory sinks","Lightweight MySQL memory sink query. It reports memory/copy/allocation calls and metadata accesses inside Stage-0 priority functions without running global taint flow.","warning","MySQL priority function reads table/field metadata 'm_table_ref'","/sql/item.cc","6282","30","6282","40"
"MySQL priority local memory sinks","Lightweight MySQL memory sink query. It reports memory/copy/allocation calls and metadata accesses inside Stage-0 priority functions without running global taint flow.","warning","MySQL priority function reads table/field metadata 'field'","/sql/item.cc","6283","12","6283","16"
"MySQL priority local memory sinks","Lightweight MySQL memory sink query. It reports memory/copy/allocation calls and metadata accesses inside Stage-0 priority functions without running global taint flow.","warning","MySQL priority function reads table/field metadata 'table'","/sql/item.cc","6283","19","6283","23"
"MySQL priority local memory sinks","Lightweight MySQL memory sink query. It reports memory/copy/allocation calls and metadata accesses inside Stage-0 priority functions without running global taint flow.","warning","MySQL priority function reads table/field metadata 'm_table_ref'","/sql/item.cc","6283","28","6283","38"
"MySQL priority local memory sinks","Lightweight MySQL memory sink query. It reports memory/copy/allocation calls and metadata accesses inside Stage-0 priority functions without running global taint flow.","warning","MySQL priority function reads table/field metadata 'table'","/sql/item.cc","6283","41","6283","45"
"MySQL priority local memory sinks","Lightweight MySQL memory sink query. It reports memory/copy/allocation calls and metadata accesses inside Stage-0 priority functions without running global taint flow.","warning","MySQL priority function reads table/field metadata 'm_table_ref'","/sql/item.cc","6284","46","6284","56"
"MySQL priority local memory sinks","Lightweight MySQL memory sink query. It reports memory/copy/allocation calls and metadata accesses inside Stage-0 priority functions without running global taint flow.","warning","MySQL priority function reads table/field metadata 'field'","/sql/item.cc","6304","5","6304","9"
"MySQL priority local memory sinks","Lightweight MySQL memory sink query. It reports memory/copy/allocation calls and metadata accesses inside Stage-0 priority functions without running global taint flow.","warning","MySQL priority function reads table/field metadata 'table'","/sql/item.cc","6304","12","6304","16"
"MySQL priority local memory sinks","Lightweight MySQL memory sink query. It reports memory/copy/allocation calls and metadata accesses inside Stage-0 priority functions without running global taint flow.","warning","MySQL priority function reads table/field metadata 'field'","/sql/item.cc","3312","16","3312","20"
"MySQL priority local memory sinks","Lightweight MySQL memory sink query. It reports memory/copy/allocation calls and metadata accesses inside Stage-0 priority functions without running global taint flow.","warning","MySQL priority function reads table/field metadata 'field'","/sql/item.cc","3314","34","3314","38"
"MySQL priority local memory sinks","Lightweight MySQL memory sink query. It reports memory/copy/allocation calls and metadata accesses inside Stage-0 priority functions without running global taint flow.","warning","MySQL priority function reads table/field metadata 'field'","/sql/item.cc","3304","21","3304","25"
"MySQL priority local memory sinks","Lightweight MySQL memory sink query. It reports memory/copy/allocation calls and metadata accesses inside Stage-0 priority functions without running global taint flow.","warning","MySQL priority function reads table/field metadata 'field'","/sql/item.cc","3306","10","3306","14"
"MySQL priority local memory sinks","Lightweight MySQL memory sink query. It reports memory/copy/allocation calls and metadata accesses inside Stage-0 priority functions without running global taint flow.","warning","MySQL priority function reads table/field metadata 'field'","/sql/item.cc","3337","21","3337","25"
"MySQL priority local memory sinks","Lightweight MySQL memory sink query. It reports memory/copy/allocation calls and metadata accesses inside Stage-0 priority functions without running global taint flow.","warning","MySQL priority function reads table/field metadata 'field'","/sql/item.cc","3338","10","3338","14"
"MySQL priority local memory sinks","Lightweight MySQL memory sink query. It reports memory/copy/allocation calls and metadata accesses inside Stage-0 priority functions without running global taint flow.","warning","MySQL priority function reads table/field metadata 'field'","/sql/item.cc","3331","21","3331","25"
"MySQL priority local memory sinks","Lightweight MySQL memory sink query. It reports memory/copy/allocation calls and metadata accesses inside Stage-0 priority functions without running global taint flow.","warning","MySQL priority function reads table/field metadata 'field'","/sql/item.cc","3332","10","3332","14"
"MySQL priority local memory sinks","Lightweight MySQL memory sink query. It reports memory/copy/allocation calls and metadata accesses inside Stage-0 priority functions without running global taint flow.","warning","MySQL priority function reads table/field metadata 'field'","/sql/item.cc","3325","21","3325","25"
"MySQL priority local memory sinks","Lightweight MySQL memory sink query. It reports memory/copy/allocation calls and metadata accesses inside Stage-0 priority functions without running global taint flow.","warning","MySQL priority function reads table/field metadata 'field'","/sql/item.cc","3326","10","3326","14"
"MySQL priority local memory sinks","Lightweight MySQL memory sink query. It reports memory/copy/allocation calls and metadata accesses inside Stage-0 priority functions without running global taint flow.","warning","MySQL priority function reads table/field metadata 'field'","/sql/item.cc","3319","21","3319","25"
"MySQL priority local memory sinks","Lightweight MySQL memory sink query. It reports memory/copy/allocation calls and metadata accesses inside Stage-0 priority functions without running global taint flow.","warning","MySQL priority function reads table/field metadata 'field'","/sql/item.cc","3320","10","3320","14"
"MySQL priority local memory sinks","Lightweight MySQL memory sink query. It reports memory/copy/allocation calls and metadata accesses inside Stage-0 priority functions without running global taint flow.","warning","MySQL priority function reads table/field metadata 'field'","/sql/item.cc","3394","31","3394","35"
"MySQL priority local memory sinks","Lightweight MySQL memory sink query. It reports memory/copy/allocation calls and metadata accesses inside Stage-0 priority functions without running global taint flow.","warning","MySQL priority function reads table/field metadata 'field'","/sql/item.cc","3394","71","3394","75"
"MySQL priority local memory sinks","Lightweight MySQL memory sink query. It reports memory/copy/allocation calls and metadata accesses inside Stage-0 priority functions without running global taint flow.","warning","MySQL priority function reads table/field metadata 'field'","/sql/item.cc","7022","7","7022","11"
"MySQL priority local memory sinks","Lightweight MySQL memory sink query. It reports memory/copy/allocation calls and metadata accesses inside Stage-0 priority functions without running global taint flow.","warning","MySQL priority function reads table/field metadata 'field'","/sql/item.cc","7035","13","7035","17"
"MySQL priority local memory sinks","Lightweight MySQL memory sink query. It reports memory/copy/allocation calls and metadata accesses inside Stage-0 priority functions without running global taint flow.","warning","MySQL priority function reads table/field metadata 'field'","/sql/item.cc","7038","36","7038","40"
"MySQL priority local memory sinks","Lightweight MySQL memory sink query. It reports memory/copy/allocation calls and metadata accesses inside Stage-0 priority functions without running global taint flow.","warning","MySQL priority function reads table/field metadata 'm_table_ref'","/sql/item.cc","3144","3","3144","13"
"MySQL priority local memory sinks","Lightweight MySQL memory sink query. It reports memory/copy/allocation calls and metadata accesses inside Stage-0 priority functions without running global taint flow.","warning","MySQL priority function reads table/field metadata 'table'","/sql/item.cc","3144","28","3144","32"
"MySQL priority local memory sinks","Lightweight MySQL memory sink query. It reports memory/copy/allocation calls and metadata accesses inside Stage-0 priority functions without running global taint flow.","warning","MySQL priority function reads table/field metadata 'm_table_ref'","/sql/item.cc","3145","10","3145","20"
"MySQL priority local memory sinks","Lightweight MySQL memory sink query. It reports memory/copy/allocation calls and metadata accesses inside Stage-0 priority functions without running global taint flow.","warning","MySQL priority function reads table/field metadata 'm_table_ref'","/sql/item.cc","3145","36","3145","46"
"MySQL priority local memory sinks","Lightweight MySQL memory sink query. It reports memory/copy/allocation calls and metadata accesses inside Stage-0 priority functions without running global taint flow.","warning","MySQL priority function reads table/field metadata 'table'","/sql/item.cc","3145","49","3145","53"
"MySQL priority local memory sinks","Lightweight MySQL memory sink query. It reports memory/copy/allocation calls and metadata accesses inside Stage-0 priority functions without running global taint flow.","warning","MySQL priority function reads table/field metadata 'table'","/sql/item.cc","3145","69","3145","73"
"MySQL priority local memory sinks","Lightweight MySQL memory sink query. It reports memory/copy/allocation calls and metadata accesses inside Stage-0 priority functions without running global taint flow.","warning","MySQL priority function reads table/field metadata 'field'","/sql/item.cc","3149","3","3149","7"
"MySQL priority local memory sinks","Lightweight MySQL memory sink query. It reports memory/copy/allocation calls and metadata accesses inside Stage-0 priority functions without running global taint flow.","warning","MySQL priority function reads table/field metadata 'result_field'","/sql/item.cc","3149","11","3149","22"
"MySQL priority local memory sinks","Lightweight MySQL memory sink query. It reports memory/copy/allocation calls and metadata accesses inside Stage-0 priority functions without running global taint flow.","warning","MySQL priority function reads table/field metadata 'field'","/sql/item.cc","3150","16","3150","20"
"MySQL priority local memory sinks","Lightweight MySQL memory sink query. It reports memory/copy/allocation calls and metadata accesses inside Stage-0 priority functions without running global taint flow.","warning","MySQL priority function reads table/field metadata 'field'","/sql/item.cc","3150","40","3150","44"
"MySQL priority local memory sinks","Lightweight MySQL memory sink query. It reports memory/copy/allocation calls and metadata accesses inside Stage-0 priority functions without running global taint flow.","warning","MySQL priority function reads table/field metadata 'field'","/sql/item.cc","3151","16","3151","20"
"MySQL priority local memory sinks","Lightweight MySQL memory sink query. It reports memory/copy/allocation calls and metadata accesses inside Stage-0 priority functions without running global taint flow.","warning","MySQL priority function reads table/field metadata 'table'","/sql/item.cc","3151","23","3151","27"
"MySQL priority local memory sinks","Lightweight MySQL memory sink query. It reports memory/copy/allocation calls and metadata accesses inside Stage-0 priority functions without running global taint flow.","warning","MySQL priority function reads table/field metadata 'm_table_ref'","/sql/item.cc","3152","7","3152","17"
"MySQL priority local memory sinks","Lightweight MySQL memory sink query. It reports memory/copy/allocation calls and metadata accesses inside Stage-0 priority functions without running global taint flow.","warning","MySQL priority function reads table/field metadata 'm_table_ref'","/sql/item.cc","3153","18","3153","28"
"MySQL priority local memory sinks","Lightweight MySQL memory sink query. It reports memory/copy/allocation calls and metadata accesses inside Stage-0 priority functions without running global taint flow.","warning","MySQL priority function reads table/field metadata 'm_table_ref'","/sql/item.cc","3154","22","3154","32"
"MySQL priority local memory sinks","Lightweight MySQL memory sink query. It reports memory/copy/allocation calls and metadata accesses inside Stage-0 priority functions without running global taint flow.","warning","MySQL priority function reads table/field metadata 'm_table_ref'","/sql/item.cc","3156","25","3156","35"
"MySQL priority local memory sinks","Lightweight MySQL memory sink query. It reports memory/copy/allocation calls and metadata accesses inside Stage-0 priority functions without running global taint flow.","warning","MySQL priority function reads table/field metadata 'm_table_ref'","/sql/item.cc","3157","9","3157","19"
"MySQL priority local memory sinks","Lightweight MySQL memory sink query. It reports memory/copy/allocation calls and metadata accesses inside Stage-0 priority functions without running global taint flow.","warning","MySQL priority function reads table/field metadata 'field'","/sql/item.cc","3173","14","3173","18"
"MySQL priority local memory sinks","Lightweight MySQL memory sink query. It reports memory/copy/allocation calls and metadata accesses inside Stage-0 priority functions without running global taint flow.","warning","MySQL priority function reads table/field metadata 'field'","/sql/item.cc","3180","7","3180","11"
"MySQL priority local memory sinks","Lightweight MySQL memory sink query. It reports memory/copy/allocation calls and metadata accesses inside Stage-0 priority functions without running global taint flow.","warning","MySQL priority function reads table/field metadata 'table'","/sql/item.cc","3180","14","3180","18"
"MySQL priority local memory sinks","Lightweight MySQL memory sink query. It reports memory/copy/allocation calls and metadata accesses inside Stage-0 priority functions without running global taint flow.","warning","MySQL priority function reads table/field metadata 'field'","/sql/item.cc","3182","5","3182","9"
"MySQL priority local memory sinks","Lightweight MySQL memory sink query. It reports memory/copy/allocation calls and metadata accesses inside Stage-0 priority functions without running global taint flow.","warning","MySQL priority function reads table/field metadata 'table'","/sql/item.cc","3182","12","3182","16"
"MySQL priority local memory sinks","Lightweight MySQL memory sink query. It reports memory/copy/allocation calls and metadata accesses inside Stage-0 priority functions without running global taint flow.","warning","MySQL priority function reads table/field metadata 'field'","/sql/item.cc","3182","42","3182","46"
"MySQL priority local memory sinks","Lightweight MySQL memory sink query. It reports memory/copy/allocation calls and metadata accesses inside Stage-0 priority functions without running global taint flow.","warning","MySQL priority function reads table/field metadata 'field'","/sql/item.cc","9430","3","9430","7"
"MySQL priority local memory sinks","Lightweight MySQL memory sink query. It reports memory/copy/allocation calls and metadata accesses inside Stage-0 priority functions without running global taint flow.","warning","MySQL priority function reads table/field metadata 'field'","/sql/item.cc","9431","19","9431","23"
"MySQL priority local memory sinks","Lightweight MySQL memory sink query. It reports memory/copy/allocation calls and metadata accesses inside Stage-0 priority functions without running global taint flow.","warning","MySQL priority function reads table/field metadata 'table'","/sql/item.cc","9431","26","9431","30"
"MySQL priority local memory sinks","Lightweight MySQL memory sink query. It reports memory/copy/allocation calls and metadata accesses inside Stage-0 priority functions without running global taint flow.","warning","MySQL priority function reads table/field metadata 'field'","/sql/item.cc","9432","23","9432","27"
"MySQL priority local memory sinks","Lightweight MySQL memory sink query. It reports memory/copy/allocation calls and metadata accesses inside Stage-0 priority functions without running global taint flow.","warning","MySQL priority function reads table/field metadata 'table'","/sql/item.cc","9432","30","9432","34"
"MySQL priority local memory sinks","Lightweight MySQL memory sink query. It reports memory/copy/allocation calls and metadata accesses inside Stage-0 priority functions without running global taint flow.","warning","MySQL priority function reads table/field metadata 'field'","/sql/item.cc","9434","3","9434","7"
"MySQL priority local memory sinks","Lightweight MySQL memory sink query. It reports memory/copy/allocation calls and metadata accesses inside Stage-0 priority functions without running global taint flow.","warning","MySQL priority function reads table/field metadata 'table'","/sql/item.cc","9434","10","9434","14"
"MySQL priority local memory sinks","Lightweight MySQL memory sink query. It reports memory/copy/allocation calls and metadata accesses inside Stage-0 priority functions without running global taint flow.","warning","MySQL priority function reads table/field metadata 'field'","/sql/item.cc","9434","34","9434","38"
"MySQL priority local memory sinks","Lightweight MySQL memory sink query. It reports memory/copy/allocation calls and metadata accesses inside Stage-0 priority functions without running global taint flow.","warning","MySQL priority function reads table/field metadata 'field'","/sql/item.cc","9397","18","9397","22"
"MySQL priority local memory sinks","Lightweight MySQL memory sink query. It reports memory/copy/allocation calls and metadata accesses inside Stage-0 priority functions without running global taint flow.","warning","MySQL priority function reads table/field metadata 'field'","/sql/item.cc","9398","19","9398","23"
"MySQL priority local memory sinks","Lightweight MySQL memory sink query. It reports memory/copy/allocation calls and metadata accesses inside Stage-0 priority functions without running global taint flow.","warning","MySQL priority function reads table/field metadata 'field'","/sql/item.cc","9399","58","9399","62"
"MySQL priority local memory sinks","Lightweight MySQL memory sink query. It reports memory/copy/allocation calls and metadata accesses inside Stage-0 priority functions without running global taint flow.","warning","MySQL priority function reads table/field metadata 'field'","/sql/item.cc","9403","18","9403","22"
"MySQL priority local memory sinks","Lightweight MySQL memory sink query. It reports memory/copy/allocation calls and metadata accesses inside Stage-0 priority functions without running global taint flow.","warning","MySQL priority function reads table/field metadata 'field'","/sql/item.cc","9408","39","9408","43"
"MySQL priority local memory sinks","Lightweight MySQL memory sink query. It reports memory/copy/allocation calls and metadata accesses inside Stage-0 priority functions without running global taint flow.","warning","MySQL priority function reads table/field metadata 'table'","/sql/item.cc","9411","43","9411","47"
"MySQL priority local memory sinks","Lightweight MySQL memory sink query. It reports memory/copy/allocation calls and metadata accesses inside Stage-0 priority functions without running global taint flow.","warning","MySQL priority function reads table/field metadata 'table'","/sql/item.cc","9412","34","9412","38"
"MySQL priority local memory sinks","Lightweight MySQL memory sink query. It reports memory/copy/allocation calls and metadata accesses inside Stage-0 priority functions without running global taint flow.","warning","MySQL priority function reads table/field metadata 'field'","/sql/item.cc","9422","3","9422","7"
"MySQL priority local memory sinks","Lightweight MySQL memory sink query. It reports memory/copy/allocation calls and metadata accesses inside Stage-0 priority functions without running global taint flow.","warning","MySQL priority function reads table/field metadata 'table'","/sql/item.cc","9422","10","9422","14"
"MySQL priority local memory sinks","Lightweight MySQL memory sink query. It reports memory/copy/allocation calls and metadata accesses inside Stage-0 priority functions without running global taint flow.","warning","MySQL priority function reads table/field metadata 'field'","/sql/item.cc","9422","34","9422","38"
"MySQL priority local memory sinks","Lightweight MySQL memory sink query. It reports memory/copy/allocation calls and metadata accesses inside Stage-0 priority functions without running global taint flow.","warning","MySQL priority function reads table/field metadata 'm_table_ref'","/sql/item.cc","9466","27","9466","37"
"MySQL priority local memory sinks","Lightweight MySQL memory sink query. It reports memory/copy/allocation calls and metadata accesses inside Stage-0 priority functions without running global taint flow.","warning","MySQL priority function reads table/field metadata 'table'","/sql/item.cc","9483","39","9483","43"
"MySQL priority local memory sinks","Lightweight MySQL memory sink query. It reports memory/copy/allocation calls and metadata accesses inside Stage-0 priority functions without running global taint flow.","warning","MySQL priority function reads table/field metadata 'table'","/sql/item.cc","9486","37","9486","41"
"MySQL priority local memory sinks","Lightweight MySQL memory sink query. It reports memory/copy/allocation calls and metadata accesses inside Stage-0 priority functions without running global taint flow.","warning","MySQL priority function reads table/field metadata 'm_table_ref'","/sql/item.cc","1389","7","1389","17"
"MySQL priority local memory sinks","Lightweight MySQL memory sink query. It reports memory/copy/allocation calls and metadata accesses inside Stage-0 priority functions without running global taint flow.","warning","MySQL priority function reads table/field metadata 'm_table_ref'","/sql/item.cc","1395","17","1395","27"
"MySQL priority local memory sinks","Lightweight MySQL memory sink query. It reports memory/copy/allocation calls and metadata accesses inside Stage-0 priority functions without running global taint flow.","warning","MySQL priority function reads table/field metadata 'm_table_ref'","/sql/item.cc","9086","7","9086","17"
"MySQL priority local memory sinks","Lightweight MySQL memory sink query. It reports memory/copy/allocation calls and metadata accesses inside Stage-0 priority functions without running global taint flow.","warning","MySQL priority function reads table/field metadata 'm_table_ref'","/sql/item.cc","9088","25","9088","35"
"MySQL priority local memory sinks","Lightweight MySQL memory sink query. It reports memory/copy/allocation calls and metadata accesses inside Stage-0 priority functions without running global taint flow.","warning","MySQL priority function reads table/field metadata 'result_field'","/sql/item.cc","11282","3","11282","14"
"MySQL priority local memory sinks","Lightweight MySQL memory sink query. It reports memory/copy/allocation calls and metadata accesses inside Stage-0 priority functions without running global taint flow.","warning","MySQL priority function reads table/field metadata 'result_field'","/sql/item.cc","8825","3","8825","14"
"MySQL priority local memory sinks","Lightweight MySQL memory sink query. It reports memory/copy/allocation calls and metadata accesses inside Stage-0 priority functions without running global taint flow.","warning","MySQL priority function reaches local memory sink 'memset'","/sql/item.cc","4706","7","4706","12"
"MySQL priority local memory sinks","Lightweight MySQL memory sink query. It reports memory/copy/allocation calls and metadata accesses inside Stage-0 priority functions without running global taint flow.","warning","MySQL priority function reads table/field metadata 'field'","/sql/item_cmpfunc.cc","5707","25","5707","29"
"MySQL priority local memory sinks","Lightweight MySQL memory sink query. It reports memory/copy/allocation calls and metadata accesses inside Stage-0 priority functions without running global taint flow.","warning","MySQL priority function reads table/field metadata 'field'","/sql/item_cmpfunc.cc","3383","21","3383","25"
"MySQL priority local memory sinks","Lightweight MySQL memory sink query. It reports memory/copy/allocation calls and metadata accesses inside Stage-0 priority functions without running global taint flow.","warning","MySQL priority function reads table/field metadata 'table'","/sql/item_cmpfunc.cc","7769","66","7769","70"
"MySQL priority local memory sinks","Lightweight MySQL memory sink query. It reports memory/copy/allocation calls and metadata accesses inside Stage-0 priority functions without running global taint flow.","warning","MySQL priority function reads table/field metadata 'table'","/sql/item_cmpfunc.cc","7774","64","7774","68"
"MySQL priority local memory sinks","Lightweight MySQL memory sink query. It reports memory/copy/allocation calls and metadata accesses inside Stage-0 priority functions without running global taint flow.","warning","MySQL priority function reads table/field metadata 'field'","/sql/item_cmpfunc.cc","6595","60","6595","64"
"MySQL priority local memory sinks","Lightweight MySQL memory sink query. It reports memory/copy/allocation calls and metadata accesses inside Stage-0 priority functions without running global taint flow.","warning","MySQL priority function reads table/field metadata 'field'","/sql/item_cmpfunc.cc","7548","21","7548","25"
"MySQL priority local memory sinks","Lightweight MySQL memory sink query. It reports memory/copy/allocation calls and metadata accesses inside Stage-0 priority functions without running global taint flow.","warning","MySQL priority function reads table/field metadata 'table'","/sql/item_cmpfunc.cc","7548","28","7548","32"
"MySQL priority local memory sinks","Lightweight MySQL memory sink query. It reports memory/copy/allocation calls and metadata accesses inside Stage-0 priority functions without running global taint flow.","warning","MySQL priority function reads table/field metadata 'table'","/sql/item_subselect.cc","3854","7","3854","11"
"MySQL priority local memory sinks","Lightweight MySQL memory sink query. It reports memory/copy/allocation calls and metadata accesses inside Stage-0 priority functions without running global taint flow.","warning","MySQL priority function reads table/field metadata 'table'","/sql/item_subselect.cc","3855","9","3855","13"
"MySQL priority local memory sinks","Lightweight MySQL memory sink query. It reports memory/copy/allocation calls and metadata accesses inside Stage-0 priority functions without running global taint flow.","warning","MySQL priority function reads table/field metadata 'table'","/sql/item_subselect.cc","3856","7","3856","11"
"MySQL priority local memory sinks","Lightweight MySQL memory sink query. It reports memory/copy/allocation calls and metadata accesses inside Stage-0 priority functions without running global taint flow.","warning","MySQL priority function reads table/field metadata 'table'","/sql/item_subselect.cc","3860","5","3860","9"
"MySQL priority local memory sinks","Lightweight MySQL memory sink query. It reports memory/copy/allocation calls and metadata accesses inside Stage-0 priority functions without running global taint flow.","warning","MySQL priority function reaches local memory sink 'memset'","/plugin/group_replication/libmysqlgcs/src/bindings/xcom/xcom/xcom_base.cc","1324","3","1324","8"
"MySQL priority local memory sinks","Lightweight MySQL memory sink query. It reports memory/copy/allocation calls and metadata accesses inside Stage-0 priority functions without running global taint flow.","warning","MySQL priority function reaches local memory sink 'memcpy'","/plugin/keyring/common/keyring_key.cc","68","5","68","10"
"MySQL priority local memory sinks","Lightweight MySQL memory sink query. It reports memory/copy/allocation calls and metadata accesses inside Stage-0 priority functions without running global taint flow.","warning","MySQL priority function reaches local memory sink 'memset'","/plugin/test_service_sql_api/test_session_detach.cc","140","5","140","10"
"MySQL priority local memory sinks","Lightweight MySQL memory sink query. It reports memory/copy/allocation calls and metadata accesses inside Stage-0 priority functions without running global taint flow.","warning","MySQL priority function reaches local memory sink 'memset'","/plugin/test_service_sql_api/test_session_detach.cc","141","5","141","10"
"MySQL priority local memory sinks","Lightweight MySQL memory sink query. It reports memory/copy/allocation calls and metadata accesses inside Stage-0 priority functions without running global taint flow.","warning","MySQL priority function reaches local memory sink 'memset'","/plugin/test_service_sql_api/test_session_detach.cc","142","5","142","10"
"MySQL priority local memory sinks","Lightweight MySQL memory sink query. It reports memory/copy/allocation calls and metadata accesses inside Stage-0 priority functions without running global taint flow.","warning","MySQL priority function reaches local memory sink 'memset'","/plugin/test_service_sql_api/test_session_detach.cc","143","5","143","10"
"MySQL priority local memory sinks","Lightweight MySQL memory sink query. It reports memory/copy/allocation calls and metadata accesses inside Stage-0 priority functions without running global taint flow.","warning","MySQL priority function reaches local memory sink 'memset'","/plugin/test_service_sql_api/test_session_detach.cc","144","5","144","10"
"MySQL priority local memory sinks","Lightweight MySQL memory sink query. It reports memory/copy/allocation calls and metadata accesses inside Stage-0 priority functions without running global taint flow.","warning","MySQL priority function reaches local memory sink 'memset'","/plugin/test_service_sql_api/test_session_detach.cc","145","5","145","10"
"MySQL priority local memory sinks","Lightweight MySQL memory sink query. It reports memory/copy/allocation calls and metadata accesses inside Stage-0 priority functions without running global taint flow.","warning","MySQL priority function reaches local memory sink 'memset'","/plugin/test_service_sql_api/test_session_detach.cc","146","5","146","10"
"MySQL priority local memory sinks","Lightweight MySQL memory sink query. It reports memory/copy/allocation calls and metadata accesses inside Stage-0 priority functions without running global taint flow.","warning","MySQL priority function reaches local memory sink 'memset'","/plugin/test_service_sql_api/test_session_detach.cc","147","5","147","10"
"MySQL priority local memory sinks","Lightweight MySQL memory sink query. It reports memory/copy/allocation calls and metadata accesses inside Stage-0 priority functions without running global taint flow.","warning","MySQL priority function reaches local memory sink 'memset'","/plugin/test_service_sql_api/test_session_detach.cc","148","5","148","10"
"MySQL priority local memory sinks","Lightweight MySQL memory sink query. It reports memory/copy/allocation calls and metadata accesses inside Stage-0 priority functions without running global taint flow.","warning","MySQL priority function reaches local memory sink 'memset'","/plugin/test_service_sql_api/test_session_detach.cc","149","5","149","10"
"MySQL priority local memory sinks","Lightweight MySQL memory sink query. It reports memory/copy/allocation calls and metadata accesses inside Stage-0 priority functions without running global taint flow.","warning","MySQL priority function reaches local memory sink 'memset'","/plugin/test_service_sql_api/test_session_detach.cc","150","5","150","10"
"MySQL priority local memory sinks","Lightweight MySQL memory sink query. It reports memory/copy/allocation calls and metadata accesses inside Stage-0 priority functions without running global taint flow.","warning","MySQL priority function reaches local memory sink 'memset'","/plugin/test_service_sql_api/test_session_detach.cc","151","5","151","10"
"MySQL priority local memory sinks","Lightweight MySQL memory sink query. It reports memory/copy/allocation calls and metadata accesses inside Stage-0 priority functions without running global taint flow.","warning","MySQL priority function reaches local memory sink 'memset'","/plugin/test_service_sql_api/test_session_detach.cc","152","5","152","10"
"MySQL priority local memory sinks","Lightweight MySQL memory sink query. It reports memory/copy/allocation calls and metadata accesses inside Stage-0 priority functions without running global taint flow.","warning","MySQL priority function reaches local memory sink 'memset'","/plugin/test_service_sql_api/test_session_detach.cc","153","5","153","10"
"MySQL priority local memory sinks","Lightweight MySQL memory sink query. It reports memory/copy/allocation calls and metadata accesses inside Stage-0 priority functions without running global taint flow.","warning","MySQL priority function reaches local memory sink 'memset'","/plugin/test_service_sql_api/test_session_detach.cc","159","5","159","10"
"MySQL priority local memory sinks","Lightweight MySQL memory sink query. It reports memory/copy/allocation calls and metadata accesses inside Stage-0 priority functions without running global taint flow.","warning","MySQL priority function reaches local memory sink 'memset'","/plugin/test_service_sql_api/test_session_detach.cc","162","5","162","10"
"MySQL priority local memory sinks","Lightweight MySQL memory sink query. It reports memory/copy/allocation calls and metadata accesses inside Stage-0 priority functions without running global taint flow.","warning","MySQL priority function reaches local memory sink 'memset'","/plugin/test_service_sql_api/test_session_detach.cc","163","5","163","10"
"MySQL priority local memory sinks","Lightweight MySQL memory sink query. It reports memory/copy/allocation calls and metadata accesses inside Stage-0 priority functions without running global taint flow.","warning","MySQL priority function reaches local memory sink 'memset'","/plugin/test_service_sql_api/test_session_info.cc","159","5","159","10"
"MySQL priority local memory sinks","Lightweight MySQL memory sink query. It reports memory/copy/allocation calls and metadata accesses inside Stage-0 priority functions without running global taint flow.","warning","MySQL priority function reaches local memory sink 'memset'","/plugin/test_service_sql_api/test_session_info.cc","160","5","160","10"
"MySQL priority local memory sinks","Lightweight MySQL memory sink query. It reports memory/copy/allocation calls and metadata accesses inside Stage-0 priority functions without running global taint flow.","warning","MySQL priority function reaches local memory sink 'memset'","/plugin/test_service_sql_api/test_session_info.cc","161","5","161","10"
"MySQL priority local memory sinks","Lightweight MySQL memory sink query. It reports memory/copy/allocation calls and metadata accesses inside Stage-0 priority functions without running global taint flow.","warning","MySQL priority function reaches local memory sink 'memset'","/plugin/test_service_sql_api/test_session_info.cc","162","5","162","10"
"MySQL priority local memory sinks","Lightweight MySQL memory sink query. It reports memory/copy/allocation calls and metadata accesses inside Stage-0 priority functions without running global taint flow.","warning","MySQL priority function reaches local memory sink 'memset'","/plugin/test_service_sql_api/test_session_info.cc","163","5","163","10"
"MySQL priority local memory sinks","Lightweight MySQL memory sink query. It reports memory/copy/allocation calls and metadata accesses inside Stage-0 priority functions without running global taint flow.","warning","MySQL priority function reaches local memory sink 'memset'","/plugin/test_service_sql_api/test_session_info.cc","164","5","164","10"
"MySQL priority local memory sinks","Lightweight MySQL memory sink query. It reports memory/copy/allocation calls and metadata accesses inside Stage-0 priority functions without running global taint flow.","warning","MySQL priority function reaches local memory sink 'memset'","/plugin/test_service_sql_api/test_session_info.cc","165","5","165","10"
"MySQL priority local memory sinks","Lightweight MySQL memory sink query. It reports memory/copy/allocation calls and metadata accesses inside Stage-0 priority functions without running global taint flow.","warning","MySQL priority function reaches local memory sink 'memset'","/plugin/test_service_sql_api/test_session_info.cc","166","5","166","10"
"MySQL priority local memory sinks","Lightweight MySQL memory sink query. It reports memory/copy/allocation calls and metadata accesses inside Stage-0 priority functions without running global taint flow.","warning","MySQL priority function reaches local memory sink 'memset'","/plugin/test_service_sql_api/test_session_info.cc","167","5","167","10"
"MySQL priority local memory sinks","Lightweight MySQL memory sink query. It reports memory/copy/allocation calls and metadata accesses inside Stage-0 priority functions without running global taint flow.","warning","MySQL priority function reaches local memory sink 'memset'","/plugin/test_service_sql_api/test_session_info.cc","168","5","168","10"
"MySQL priority local memory sinks","Lightweight MySQL memory sink query. It reports memory/copy/allocation calls and metadata accesses inside Stage-0 priority functions without running global taint flow.","warning","MySQL priority function reaches local memory sink 'memset'","/plugin/test_service_sql_api/test_session_info.cc","169","5","169","10"
"MySQL priority local memory sinks","Lightweight MySQL memory sink query. It reports memory/copy/allocation calls and metadata accesses inside Stage-0 priority functions without running global taint flow.","warning","MySQL priority function reaches local memory sink 'memset'","/plugin/test_service_sql_api/test_session_info.cc","170","5","170","10"
"MySQL priority local memory sinks","Lightweight MySQL memory sink query. It reports memory/copy/allocation calls and metadata accesses inside Stage-0 priority functions without running global taint flow.","warning","MySQL priority function reaches local memory sink 'memset'","/plugin/test_service_sql_api/test_session_info.cc","171","5","171","10"
"MySQL priority local memory sinks","Lightweight MySQL memory sink query. It reports memory/copy/allocation calls and metadata accesses inside Stage-0 priority functions without running global taint flow.","warning","MySQL priority function reaches local memory sink 'memset'","/plugin/test_service_sql_api/test_session_info.cc","172","5","172","10"
"MySQL priority local memory sinks","Lightweight MySQL memory sink query. It reports memory/copy/allocation calls and metadata accesses inside Stage-0 priority functions without running global taint flow.","warning","MySQL priority function reaches local memory sink 'memset'","/plugin/test_service_sql_api/test_session_info.cc","178","5","178","10"
"MySQL priority local memory sinks","Lightweight MySQL memory sink query. It reports memory/copy/allocation calls and metadata accesses inside Stage-0 priority functions without running global taint flow.","warning","MySQL priority function reaches local memory sink 'memset'","/plugin/test_service_sql_api/test_session_info.cc","181","5","181","10"
"MySQL priority local memory sinks","Lightweight MySQL memory sink query. It reports memory/copy/allocation calls and metadata accesses inside Stage-0 priority functions without running global taint flow.","warning","MySQL priority function reaches local memory sink 'memset'","/plugin/test_service_sql_api/test_session_info.cc","182","5","182","10"
"MySQL priority local memory sinks","Lightweight MySQL memory sink query. It reports memory/copy/allocation calls and metadata accesses inside Stage-0 priority functions without running global taint flow.","warning","MySQL priority function reaches local memory sink 'memset'","/plugin/test_service_sql_api/test_sql_2_sessions.cc","155","5","155","10"
"MySQL priority local memory sinks","Lightweight MySQL memory sink query. It reports memory/copy/allocation calls and metadata accesses inside Stage-0 priority functions without running global taint flow.","warning","MySQL priority function reaches local memory sink 'memset'","/plugin/test_service_sql_api/test_sql_2_sessions.cc","156","5","156","10"
"MySQL priority local memory sinks","Lightweight MySQL memory sink query. It reports memory/copy/allocation calls and metadata accesses inside Stage-0 priority functions without running global taint flow.","warning","MySQL priority function reaches local memory sink 'memset'","/plugin/test_service_sql_api/test_sql_2_sessions.cc","157","5","157","10"
"MySQL priority local memory sinks","Lightweight MySQL memory sink query. It reports memory/copy/allocation calls and metadata accesses inside Stage-0 priority functions without running global taint flow.","warning","MySQL priority function reaches local memory sink 'memset'","/plugin/test_service_sql_api/test_sql_2_sessions.cc","158","5","158","10"
"MySQL priority local memory sinks","Lightweight MySQL memory sink query. It reports memory/copy/allocation calls and metadata accesses inside Stage-0 priority functions without running global taint flow.","warning","MySQL priority function reaches local memory sink 'memset'","/plugin/test_service_sql_api/test_sql_2_sessions.cc","159","5","159","10"
"MySQL priority local memory sinks","Lightweight MySQL memory sink query. It reports memory/copy/allocation calls and metadata accesses inside Stage-0 priority functions without running global taint flow.","warning","MySQL priority function reaches local memory sink 'memset'","/plugin/test_service_sql_api/test_sql_2_sessions.cc","160","5","160","10"
"MySQL priority local memory sinks","Lightweight MySQL memory sink query. It reports memory/copy/allocation calls and metadata accesses inside Stage-0 priority functions without running global taint flow.","warning","MySQL priority function reaches local memory sink 'memset'","/plugin/test_service_sql_api/test_sql_2_sessions.cc","161","5","161","10"
"MySQL priority local memory sinks","Lightweight MySQL memory sink query. It reports memory/copy/allocation calls and metadata accesses inside Stage-0 priority functions without running global taint flow.","warning","MySQL priority function reaches local memory sink 'memset'","/plugin/test_service_sql_api/test_sql_2_sessions.cc","162","5","162","10"
"MySQL priority local memory sinks","Lightweight MySQL memory sink query. It reports memory/copy/allocation calls and metadata accesses inside Stage-0 priority functions without running global taint flow.","warning","MySQL priority function reaches local memory sink 'memset'","/plugin/test_service_sql_api/test_sql_2_sessions.cc","163","5","163","10"
"MySQL priority local memory sinks","Lightweight MySQL memory sink query. It reports memory/copy/allocation calls and metadata accesses inside Stage-0 priority functions without running global taint flow.","warning","MySQL priority function reaches local memory sink 'memset'","/plugin/test_service_sql_api/test_sql_2_sessions.cc","164","5","164","10"
"MySQL priority local memory sinks","Lightweight MySQL memory sink query. It reports memory/copy/allocation calls and metadata accesses inside Stage-0 priority functions without running global taint flow.","warning","MySQL priority function reaches local memory sink 'memset'","/plugin/test_service_sql_api/test_sql_2_sessions.cc","165","5","165","10"
"MySQL priority local memory sinks","Lightweight MySQL memory sink query. It reports memory/copy/allocation calls and metadata accesses inside Stage-0 priority functions without running global taint flow.","warning","MySQL priority function reaches local memory sink 'memset'","/plugin/test_service_sql_api/test_sql_2_sessions.cc","166","5","166","10"
"MySQL priority local memory sinks","Lightweight MySQL memory sink query. It reports memory/copy/allocation calls and metadata accesses inside Stage-0 priority functions without running global taint flow.","warning","MySQL priority function reaches local memory sink 'memset'","/plugin/test_service_sql_api/test_sql_2_sessions.cc","167","5","167","10"
"MySQL priority local memory sinks","Lightweight MySQL memory sink query. It reports memory/copy/allocation calls and metadata accesses inside Stage-0 priority functions without running global taint flow.","warning","MySQL priority function reaches local memory sink 'memset'","/plugin/test_service_sql_api/test_sql_2_sessions.cc","168","5","168","10"
"MySQL priority local memory sinks","Lightweight MySQL memory sink query. It reports memory/copy/allocation calls and metadata accesses inside Stage-0 priority functions without running global taint flow.","warning","MySQL priority function reaches local memory sink 'memset'","/plugin/test_service_sql_api/test_sql_2_sessions.cc","174","5","174","10"
"MySQL priority local memory sinks","Lightweight MySQL memory sink query. It reports memory/copy/allocation calls and metadata accesses inside Stage-0 priority functions without running global taint flow.","warning","MySQL priority function reaches local memory sink 'memset'","/plugin/test_service_sql_api/test_sql_2_sessions.cc","177","5","177","10"
"MySQL priority local memory sinks","Lightweight MySQL memory sink query. It reports memory/copy/allocation calls and metadata accesses inside Stage-0 priority functions without running global taint flow.","warning","MySQL priority function reaches local memory sink 'memset'","/plugin/test_service_sql_api/test_sql_2_sessions.cc","178","5","178","10"
"MySQL priority local memory sinks","Lightweight MySQL memory sink query. It reports memory/copy/allocation calls and metadata accesses inside Stage-0 priority functions without running global taint flow.","warning","MySQL priority function reaches local memory sink 'memset'","/plugin/test_service_sql_api/test_sql_all_col_types.cc","143","5","143","10"
"MySQL priority local memory sinks","Lightweight MySQL memory sink query. It reports memory/copy/allocation calls and metadata accesses inside Stage-0 priority functions without running global taint flow.","warning","MySQL priority function reaches local memory sink 'memset'","/plugin/test_service_sql_api/test_sql_all_col_types.cc","144","5","144","10"
"MySQL priority local memory sinks","Lightweight MySQL memory sink query. It reports memory/copy/allocation calls and metadata accesses inside Stage-0 priority functions without running global taint flow.","warning","MySQL priority function reaches local memory sink 'memset'","/plugin/test_service_sql_api/test_sql_all_col_types.cc","145","5","145","10"
"MySQL priority local memory sinks","Lightweight MySQL memory sink query. It reports memory/copy/allocation calls and metadata accesses inside Stage-0 priority functions without running global taint flow.","warning","MySQL priority function reaches local memory sink 'memset'","/plugin/test_service_sql_api/test_sql_all_col_types.cc","146","5","146","10"
"MySQL priority local memory sinks","Lightweight MySQL memory sink query. It reports memory/copy/allocation calls and metadata accesses inside Stage-0 priority functions without running global taint flow.","warning","MySQL priority function reaches local memory sink 'memset'","/plugin/test_service_sql_api/test_sql_all_col_types.cc","147","5","147","10"
"MySQL priority local memory sinks","Lightweight MySQL memory sink query. It reports memory/copy/allocation calls and metadata accesses inside Stage-0 priority functions without running global taint flow.","warning","MySQL priority function reaches local memory sink 'memset'","/plugin/test_service_sql_api/test_sql_all_col_types.cc","148","5","148","10"
"MySQL priority local memory sinks","Lightweight MySQL memory sink query. It reports memory/copy/allocation calls and metadata accesses inside Stage-0 priority functions without running global taint flow.","warning","MySQL priority function reaches local memory sink 'memset'","/plugin/test_service_sql_api/test_sql_all_col_types.cc","149","5","149","10"
"MySQL priority local memory sinks","Lightweight MySQL memory sink query. It reports memory/copy/allocation calls and metadata accesses inside Stage-0 priority functions without running global taint flow.","warning","MySQL priority function reaches local memory sink 'memset'","/plugin/test_service_sql_api/test_sql_all_col_types.cc","150","5","150","10"
"MySQL priority local memory sinks","Lightweight MySQL memory sink query. It reports memory/copy/allocation calls and metadata accesses inside Stage-0 priority functions without running global taint flow.","warning","MySQL priority function reaches local memory sink 'memset'","/plugin/test_service_sql_api/test_sql_all_col_types.cc","151","5","151","10"
"MySQL priority local memory sinks","Lightweight MySQL memory sink query. It reports memory/copy/allocation calls and metadata accesses inside Stage-0 priority functions without running global taint flow.","warning","MySQL priority function reaches local memory sink 'memset'","/plugin/test_service_sql_api/test_sql_all_col_types.cc","152","5","152","10"
"MySQL priority local memory sinks","Lightweight MySQL memory sink query. It reports memory/copy/allocation calls and metadata accesses inside Stage-0 priority functions without running global taint flow.","warning","MySQL priority function reaches local memory sink 'memset'","/plugin/test_service_sql_api/test_sql_all_col_types.cc","153","5","153","10"
"MySQL priority local memory sinks","Lightweight MySQL memory sink query. It reports memory/copy/allocation calls and metadata accesses inside Stage-0 priority functions without running global taint flow.","warning","MySQL priority function reaches local memory sink 'memset'","/plugin/test_service_sql_api/test_sql_all_col_types.cc","154","5","154","10"
"MySQL priority local memory sinks","Lightweight MySQL memory sink query. It reports memory/copy/allocation calls and metadata accesses inside Stage-0 priority functions without running global taint flow.","warning","MySQL priority function reaches local memory sink 'memset'","/plugin/test_service_sql_api/test_sql_all_col_types.cc","155","5","155","10"
"MySQL priority local memory sinks","Lightweight MySQL memory sink query. It reports memory/copy/allocation calls and metadata accesses inside Stage-0 priority functions without running global taint flow.","warning","MySQL priority function reaches local memory sink 'memset'","/plugin/test_service_sql_api/test_sql_all_col_types.cc","161","5","161","10"
"MySQL priority local memory sinks","Lightweight MySQL memory sink query. It reports memory/copy/allocation calls and metadata accesses inside Stage-0 priority functions without running global taint flow.","warning","MySQL priority function reaches local memory sink 'memset'","/plugin/test_service_sql_api/test_sql_all_col_types.cc","164","5","164","10"
"MySQL priority local memory sinks","Lightweight MySQL memory sink query. It reports memory/copy/allocation calls and metadata accesses inside Stage-0 priority functions without running global taint flow.","warning","MySQL priority function reaches local memory sink 'memset'","/plugin/test_service_sql_api/test_sql_all_col_types.cc","165","5","165","10"
"MySQL priority local memory sinks","Lightweight MySQL memory sink query. It reports memory/copy/allocation calls and metadata accesses inside Stage-0 priority functions without running global taint flow.","warning","MySQL priority function reaches local memory sink 'memset'","/plugin/test_service_sql_api/test_sql_commit.cc","149","5","149","10"
"MySQL priority local memory sinks","Lightweight MySQL memory sink query. It reports memory/copy/allocation calls and metadata accesses inside Stage-0 priority functions without running global taint flow.","warning","MySQL priority function reaches local memory sink 'memset'","/plugin/test_service_sql_api/test_sql_commit.cc","150","5","150","10"
"MySQL priority local memory sinks","Lightweight MySQL memory sink query. It reports memory/copy/allocation calls and metadata accesses inside Stage-0 priority functions without running global taint flow.","warning","MySQL priority function reaches local memory sink 'memset'","/plugin/test_service_sql_api/test_sql_commit.cc","151","5","151","10"
"MySQL priority local memory sinks","Lightweight MySQL memory sink query. It reports memory/copy/allocation calls and metadata accesses inside Stage-0 priority functions without running global taint flow.","warning","MySQL priority function reaches local memory sink 'memset'","/plugin/test_service_sql_api/test_sql_commit.cc","157","5","157","10"
"MySQL priority local memory sinks","Lightweight MySQL memory sink query. It reports memory/copy/allocation calls and metadata accesses inside Stage-0 priority functions without running global taint flow.","warning","MySQL priority function reaches local memory sink 'memset'","/plugin/test_service_sql_api/test_sql_commit.cc","160","5","160","10"
"MySQL priority local memory sinks","Lightweight MySQL memory sink query. It reports memory/copy/allocation calls and metadata accesses inside Stage-0 priority functions without running global taint flow.","warning","MySQL priority function reaches local memory sink 'memset'","/plugin/test_service_sql_api/test_sql_commit.cc","161","5","161","10"
"MySQL priority local memory sinks","Lightweight MySQL memory sink query. It reports memory/copy/allocation calls and metadata accesses inside Stage-0 priority functions without running global taint flow.","warning","MySQL priority function reaches local memory sink 'memset'","/plugin/test_service_sql_api/test_sql_complex.cc","226","5","226","10"
"MySQL priority local memory sinks","Lightweight MySQL memory sink query. It reports memory/copy/allocation calls and metadata accesses inside Stage-0 priority functions without running global taint flow.","warning","MySQL priority function reaches local memory sink 'memset'","/plugin/test_service_sql_api/test_sql_complex.cc","227","5","227","10"
"MySQL priority local memory sinks","Lightweight MySQL memory sink query. It reports memory/copy/allocation calls and metadata accesses inside Stage-0 priority functions without running global taint flow.","warning","MySQL priority function reaches local memory sink 'memset'","/plugin/test_service_sql_api/test_sql_complex.cc","228","5","228","10"
"MySQL priority local memory sinks","Lightweight MySQL memory sink query. It reports memory/copy/allocation calls and metadata accesses inside Stage-0 priority functions without running global taint flow.","warning","MySQL priority function reaches local memory sink 'memset'","/plugin/test_service_sql_api/test_sql_complex.cc","234","5","234","10"
"MySQL priority local memory sinks","Lightweight MySQL memory sink query. It reports memory/copy/allocation calls and metadata accesses inside Stage-0 priority functions without running global taint flow.","warning","MySQL priority function reaches local memory sink 'memset'","/plugin/test_service_sql_api/test_sql_complex.cc","237","5","237","10"
"MySQL priority local memory sinks","Lightweight MySQL memory sink query. It reports memory/copy/allocation calls and metadata accesses inside Stage-0 priority functions without running global taint flow.","warning","MySQL priority function reaches local memory sink 'memset'","/plugin/test_service_sql_api/test_sql_complex.cc","238","5","238","10"
"MySQL priority local memory sinks","Lightweight MySQL memory sink query. It reports memory/copy/allocation calls and metadata accesses inside Stage-0 priority functions without running global taint flow.","warning","MySQL priority function reaches local memory sink 'memset'","/plugin/test_service_sql_api/test_sql_errors.cc","157","5","157","10"
"MySQL priority local memory sinks","Lightweight MySQL memory sink query. It reports memory/copy/allocation calls and metadata accesses inside Stage-0 priority functions without running global taint flow.","warning","MySQL priority function reaches local memory sink 'memset'","/plugin/test_service_sql_api/test_sql_errors.cc","158","5","158","10"
"MySQL priority local memory sinks","Lightweight MySQL memory sink query. It reports memory/copy/allocation calls and metadata accesses inside Stage-0 priority functions without running global taint flow.","warning","MySQL priority function reaches local memory sink 'memset'","/plugin/test_service_sql_api/test_sql_errors.cc","159","5","159","10"
"MySQL priority local memory sinks","Lightweight MySQL memory sink query. It reports memory/copy/allocation calls and metadata accesses inside Stage-0 priority functions without running global taint flow.","warning","MySQL priority function reaches local memory sink 'memset'","/plugin/test_service_sql_api/test_sql_errors.cc","160","5","160","10"
"MySQL priority local memory sinks","Lightweight MySQL memory sink query. It reports memory/copy/allocation calls and metadata accesses inside Stage-0 priority functions without running global taint flow.","warning","MySQL priority function reaches local memory sink 'memset'","/plugin/test_service_sql_api/test_sql_errors.cc","161","5","161","10"
"MySQL priority local memory sinks","Lightweight MySQL memory sink query. It reports memory/copy/allocation calls and metadata accesses inside Stage-0 priority functions without running global taint flow.","warning","MySQL priority function reaches local memory sink 'memset'","/plugin/test_service_sql_api/test_sql_errors.cc","162","5","162","10"
"MySQL priority local memory sinks","Lightweight MySQL memory sink query. It reports memory/copy/allocation calls and metadata accesses inside Stage-0 priority functions without running global taint flow.","warning","MySQL priority function reaches local memory sink 'memset'","/plugin/test_service_sql_api/test_sql_errors.cc","163","5","163","10"
"MySQL priority local memory sinks","Lightweight MySQL memory sink query. It reports memory/copy/allocation calls and metadata accesses inside Stage-0 priority functions without running global taint flow.","warning","MySQL priority function reaches local memory sink 'memset'","/plugin/test_service_sql_api/test_sql_errors.cc","164","5","164","10"
"MySQL priority local memory sinks","Lightweight MySQL memory sink query. It reports memory/copy/allocation calls and metadata accesses inside Stage-0 priority functions without running global taint flow.","warning","MySQL priority function reaches local memory sink 'memset'","/plugin/test_service_sql_api/test_sql_errors.cc","165","5","165","10"
"MySQL priority local memory sinks","Lightweight MySQL memory sink query. It reports memory/copy/allocation calls and metadata accesses inside Stage-0 priority functions without running global taint flow.","warning","MySQL priority function reaches local memory sink 'memset'","/plugin/test_service_sql_api/test_sql_errors.cc","166","5","166","10"
"MySQL priority local memory sinks","Lightweight MySQL memory sink query. It reports memory/copy/allocation calls and metadata accesses inside Stage-0 priority functions without running global taint flow.","warning","MySQL priority function reaches local memory sink 'memset'","/plugin/test_service_sql_api/test_sql_errors.cc","167","5","167","10"
"MySQL priority local memory sinks","Lightweight MySQL memory sink query. It reports memory/copy/allocation calls and metadata accesses inside Stage-0 priority functions without running global taint flow.","warning","MySQL priority function reaches local memory sink 'memset'","/plugin/test_service_sql_api/test_sql_errors.cc","168","5","168","10"
"MySQL priority local memory sinks","Lightweight MySQL memory sink query. It reports memory/copy/allocation calls and metadata accesses inside Stage-0 priority functions without running global taint flow.","warning","MySQL priority function reaches local memory sink 'memset'","/plugin/test_service_sql_api/test_sql_errors.cc","169","5","169","10"
"MySQL priority local memory sinks","Lightweight MySQL memory sink query. It reports memory/copy/allocation calls and metadata accesses inside Stage-0 priority functions without running global taint flow.","warning","MySQL priority function reaches local memory sink 'memset'","/plugin/test_service_sql_api/test_sql_errors.cc","170","5","170","10"
"MySQL priority local memory sinks","Lightweight MySQL memory sink query. It reports memory/copy/allocation calls and metadata accesses inside Stage-0 priority functions without running global taint flow.","warning","MySQL priority function reaches local memory sink 'memset'","/plugin/test_service_sql_api/test_sql_errors.cc","176","5","176","10"
"MySQL priority local memory sinks","Lightweight MySQL memory sink query. It reports memory/copy/allocation calls and metadata accesses inside Stage-0 priority functions without running global taint flow.","warning","MySQL priority function reaches local memory sink 'memset'","/plugin/test_service_sql_api/test_sql_errors.cc","179","5","179","10"
"MySQL priority local memory sinks","Lightweight MySQL memory sink query. It reports memory/copy/allocation calls and metadata accesses inside Stage-0 priority functions without running global taint flow.","warning","MySQL priority function reaches local memory sink 'memset'","/plugin/test_service_sql_api/test_sql_errors.cc","180","5","180","10"
"MySQL priority local memory sinks","Lightweight MySQL memory sink query. It reports memory/copy/allocation calls and metadata accesses inside Stage-0 priority functions without running global taint flow.","warning","MySQL priority function reaches local memory sink 'memset'","/plugin/test_service_sql_api/test_sql_lock.cc","139","5","139","10"
"MySQL priority local memory sinks","Lightweight MySQL memory sink query. It reports memory/copy/allocation calls and metadata accesses inside Stage-0 priority functions without running global taint flow.","warning","MySQL priority function reaches local memory sink 'memset'","/plugin/test_service_sql_api/test_sql_lock.cc","140","5","140","10"
"MySQL priority local memory sinks","Lightweight MySQL memory sink query. It reports memory/copy/allocation calls and metadata accesses inside Stage-0 priority functions without running global taint flow.","warning","MySQL priority function reaches local memory sink 'memset'","/plugin/test_service_sql_api/test_sql_lock.cc","141","5","141","10"
"MySQL priority local memory sinks","Lightweight MySQL memory sink query. It reports memory/copy/allocation calls and metadata accesses inside Stage-0 priority functions without running global taint flow.","warning","MySQL priority function reaches local memory sink 'memset'","/plugin/test_service_sql_api/test_sql_lock.cc","142","5","142","10"
"MySQL priority local memory sinks","Lightweight MySQL memory sink query. It reports memory/copy/allocation calls and metadata accesses inside Stage-0 priority functions without running global taint flow.","warning","MySQL priority function reaches local memory sink 'memset'","/plugin/test_service_sql_api/test_sql_lock.cc","143","5","143","10"
"MySQL priority local memory sinks","Lightweight MySQL memory sink query. It reports memory/copy/allocation calls and metadata accesses inside Stage-0 priority functions without running global taint flow.","warning","MySQL priority function reaches local memory sink 'memset'","/plugin/test_service_sql_api/test_sql_lock.cc","144","5","144","10"
"MySQL priority local memory sinks","Lightweight MySQL memory sink query. It reports memory/copy/allocation calls and metadata accesses inside Stage-0 priority functions without running global taint flow.","warning","MySQL priority function reaches local memory sink 'memset'","/plugin/test_service_sql_api/test_sql_lock.cc","145","5","145","10"
"MySQL priority local memory sinks","Lightweight MySQL memory sink query. It reports memory/copy/allocation calls and metadata accesses inside Stage-0 priority functions without running global taint flow.","warning","MySQL priority function reaches local memory sink 'memset'","/plugin/test_service_sql_api/test_sql_lock.cc","146","5","146","10"
"MySQL priority local memory sinks","Lightweight MySQL memory sink query. It reports memory/copy/allocation calls and metadata accesses inside Stage-0 priority functions without running global taint flow.","warning","MySQL priority function reaches local memory sink 'memset'","/plugin/test_service_sql_api/test_sql_lock.cc","147","5","147","10"
"MySQL priority local memory sinks","Lightweight MySQL memory sink query. It reports memory/copy/allocation calls and metadata accesses inside Stage-0 priority functions without running global taint flow.","warning","MySQL priority function reaches local memory sink 'memset'","/plugin/test_service_sql_api/test_sql_lock.cc","148","5","148","10"
"MySQL priority local memory sinks","Lightweight MySQL memory sink query. It reports memory/copy/allocation calls and metadata accesses inside Stage-0 priority functions without running global taint flow.","warning","MySQL priority function reaches local memory sink 'memset'","/plugin/test_service_sql_api/test_sql_lock.cc","149","5","149","10"
"MySQL priority local memory sinks","Lightweight MySQL memory sink query. It reports memory/copy/allocation calls and metadata accesses inside Stage-0 priority functions without running global taint flow.","warning","MySQL priority function reaches local memory sink 'memset'","/plugin/test_service_sql_api/test_sql_lock.cc","150","5","150","10"
"MySQL priority local memory sinks","Lightweight MySQL memory sink query. It reports memory/copy/allocation calls and metadata accesses inside Stage-0 priority functions without running global taint flow.","warning","MySQL priority function reaches local memory sink 'memset'","/plugin/test_service_sql_api/test_sql_lock.cc","151","5","151","10"
"MySQL priority local memory sinks","Lightweight MySQL memory sink query. It reports memory/copy/allocation calls and metadata accesses inside Stage-0 priority functions without running global taint flow.","warning","MySQL priority function reaches local memory sink 'memset'","/plugin/test_service_sql_api/test_sql_lock.cc","152","5","152","10"
"MySQL priority local memory sinks","Lightweight MySQL memory sink query. It reports memory/copy/allocation calls and metadata accesses inside Stage-0 priority functions without running global taint flow.","warning","MySQL priority function reaches local memory sink 'memset'","/plugin/test_service_sql_api/test_sql_lock.cc","158","5","158","10"
"MySQL priority local memory sinks","Lightweight MySQL memory sink query. It reports memory/copy/allocation calls and metadata accesses inside Stage-0 priority functions without running global taint flow.","warning","MySQL priority function reaches local memory sink 'memset'","/plugin/test_service_sql_api/test_sql_lock.cc","161","5","161","10"
"MySQL priority local memory sinks","Lightweight MySQL memory sink query. It reports memory/copy/allocation calls and metadata accesses inside Stage-0 priority functions without running global taint flow.","warning","MySQL priority function reaches local memory sink 'memset'","/plugin/test_service_sql_api/test_sql_lock.cc","162","5","162","10"
"MySQL priority local memory sinks","Lightweight MySQL memory sink query. It reports memory/copy/allocation calls and metadata accesses inside Stage-0 priority functions without running global taint flow.","warning","MySQL priority function reaches local memory sink 'memset'","/plugin/test_service_sql_api/test_sql_processlist.cc","151","5","151","10"
"MySQL priority local memory sinks","Lightweight MySQL memory sink query. It reports memory/copy/allocation calls and metadata accesses inside Stage-0 priority functions without running global taint flow.","warning","MySQL priority function reaches local memory sink 'memset'","/plugin/test_service_sql_api/test_sql_processlist.cc","152","5","152","10"
"MySQL priority local memory sinks","Lightweight MySQL memory sink query. It reports memory/copy/allocation calls and metadata accesses inside Stage-0 priority functions without running global taint flow.","warning","MySQL priority function reaches local memory sink 'memset'","/plugin/test_service_sql_api/test_sql_processlist.cc","153","5","153","10"
"MySQL priority local memory sinks","Lightweight MySQL memory sink query. It reports memory/copy/allocation calls and metadata accesses inside Stage-0 priority functions without running global taint flow.","warning","MySQL priority function reaches local memory sink 'memset'","/plugin/test_service_sql_api/test_sql_processlist.cc","154","5","154","10"
"MySQL priority local memory sinks","Lightweight MySQL memory sink query. It reports memory/copy/allocation calls and metadata accesses inside Stage-0 priority functions without running global taint flow.","warning","MySQL priority function reaches local memory sink 'memset'","/plugin/test_service_sql_api/test_sql_processlist.cc","155","5","155","10"
"MySQL priority local memory sinks","Lightweight MySQL memory sink query. It reports memory/copy/allocation calls and metadata accesses inside Stage-0 priority functions without running global taint flow.","warning","MySQL priority function reaches local memory sink 'memset'","/plugin/test_service_sql_api/test_sql_processlist.cc","156","5","156","10"
"MySQL priority local memory sinks","Lightweight MySQL memory sink query. It reports memory/copy/allocation calls and metadata accesses inside Stage-0 priority functions without running global taint flow.","warning","MySQL priority function reaches local memory sink 'memset'","/plugin/test_service_sql_api/test_sql_processlist.cc","157","5","157","10"
"MySQL priority local memory sinks","Lightweight MySQL memory sink query. It reports memory/copy/allocation calls and metadata accesses inside Stage-0 priority functions without running global taint flow.","warning","MySQL priority function reaches local memory sink 'memset'","/plugin/test_service_sql_api/test_sql_processlist.cc","158","5","158","10"
"MySQL priority local memory sinks","Lightweight MySQL memory sink query. It reports memory/copy/allocation calls and metadata accesses inside Stage-0 priority functions without running global taint flow.","warning","MySQL priority function reaches local memory sink 'memset'","/plugin/test_service_sql_api/test_sql_processlist.cc","159","5","159","10"
"MySQL priority local memory sinks","Lightweight MySQL memory sink query. It reports memory/copy/allocation calls and metadata accesses inside Stage-0 priority functions without running global taint flow.","warning","MySQL priority function reaches local memory sink 'memset'","/plugin/test_service_sql_api/test_sql_processlist.cc","160","5","160","10"
"MySQL priority local memory sinks","Lightweight MySQL memory sink query. It reports memory/copy/allocation calls and metadata accesses inside Stage-0 priority functions without running global taint flow.","warning","MySQL priority function reaches local memory sink 'memset'","/plugin/test_service_sql_api/test_sql_processlist.cc","161","5","161","10"
"MySQL priority local memory sinks","Lightweight MySQL memory sink query. It reports memory/copy/allocation calls and metadata accesses inside Stage-0 priority functions without running global taint flow.","warning","MySQL priority function reaches local memory sink 'memset'","/plugin/test_service_sql_api/test_sql_processlist.cc","162","5","162","10"
"MySQL priority local memory sinks","Lightweight MySQL memory sink query. It reports memory/copy/allocation calls and metadata accesses inside Stage-0 priority functions without running global taint flow.","warning","MySQL priority function reaches local memory sink 'memset'","/plugin/test_service_sql_api/test_sql_processlist.cc","163","5","163","10"
"MySQL priority local memory sinks","Lightweight MySQL memory sink query. It reports memory/copy/allocation calls and metadata accesses inside Stage-0 priority functions without running global taint flow.","warning","MySQL priority function reaches local memory sink 'memset'","/plugin/test_service_sql_api/test_sql_processlist.cc","164","5","164","10"
"MySQL priority local memory sinks","Lightweight MySQL memory sink query. It reports memory/copy/allocation calls and metadata accesses inside Stage-0 priority functions without running global taint flow.","warning","MySQL priority function reaches local memory sink 'memset'","/plugin/test_service_sql_api/test_sql_processlist.cc","170","5","170","10"
"MySQL priority local memory sinks","Lightweight MySQL memory sink query. It reports memory/copy/allocation calls and metadata accesses inside Stage-0 priority functions without running global taint flow.","warning","MySQL priority function reaches local memory sink 'memset'","/plugin/test_service_sql_api/test_sql_processlist.cc","173","5","173","10"
"MySQL priority local memory sinks","Lightweight MySQL memory sink query. It reports memory/copy/allocation calls and metadata accesses inside Stage-0 priority functions without running global taint flow.","warning","MySQL priority function reaches local memory sink 'memset'","/plugin/test_service_sql_api/test_sql_processlist.cc","174","5","174","10"
"MySQL priority local memory sinks","Lightweight MySQL memory sink query. It reports memory/copy/allocation calls and metadata accesses inside Stage-0 priority functions without running global taint flow.","warning","MySQL priority function reaches local memory sink 'memset'","/plugin/test_service_sql_api/test_sql_replication.cc","147","5","147","10"
"MySQL priority local memory sinks","Lightweight MySQL memory sink query. It reports memory/copy/allocation calls and metadata accesses inside Stage-0 priority functions without running global taint flow.","warning","MySQL priority function reaches local memory sink 'memset'","/plugin/test_service_sql_api/test_sql_replication.cc","148","5","148","10"
"MySQL priority local memory sinks","Lightweight MySQL memory sink query. It reports memory/copy/allocation calls and metadata accesses inside Stage-0 priority functions without running global taint flow.","warning","MySQL priority function reaches local memory sink 'memset'","/plugin/test_service_sql_api/test_sql_replication.cc","149","5","149","10"
"MySQL priority local memory sinks","Lightweight MySQL memory sink query. It reports memory/copy/allocation calls and metadata accesses inside Stage-0 priority functions without running global taint flow.","warning","MySQL priority function reaches local memory sink 'memset'","/plugin/test_service_sql_api/test_sql_replication.cc","155","5","155","10"
"MySQL priority local memory sinks","Lightweight MySQL memory sink query. It reports memory/copy/allocation calls and metadata accesses inside Stage-0 priority functions without running global taint flow.","warning","MySQL priority function reaches local memory sink 'memset'","/plugin/test_service_sql_api/test_sql_replication.cc","158","5","158","10"
"MySQL priority local memory sinks","Lightweight MySQL memory sink query. It reports memory/copy/allocation calls and metadata accesses inside Stage-0 priority functions without running global taint flow.","warning","MySQL priority function reaches local memory sink 'memset'","/plugin/test_service_sql_api/test_sql_replication.cc","159","5","159","10"
"MySQL priority local memory sinks","Lightweight MySQL memory sink query. It reports memory/copy/allocation calls and metadata accesses inside Stage-0 priority functions without running global taint flow.","warning","MySQL priority function reaches local memory sink 'memset'","/plugin/test_service_sql_api/test_sql_reset_connection.cc","130","5","130","10"
"MySQL priority local memory sinks","Lightweight MySQL memory sink query. It reports memory/copy/allocation calls and metadata accesses inside Stage-0 priority functions without running global taint flow.","warning","MySQL priority function reaches local memory sink 'memset'","/plugin/test_service_sql_api/test_sql_reset_connection.cc","131","5","131","10"
"MySQL priority local memory sinks","Lightweight MySQL memory sink query. It reports memory/copy/allocation calls and metadata accesses inside Stage-0 priority functions without running global taint flow.","warning","MySQL priority function reaches local memory sink 'memset'","/plugin/test_service_sql_api/test_sql_reset_connection.cc","132","5","132","10"
"MySQL priority local memory sinks","Lightweight MySQL memory sink query. It reports memory/copy/allocation calls and metadata accesses inside Stage-0 priority functions without running global taint flow.","warning","MySQL priority function reaches local memory sink 'memset'","/plugin/test_service_sql_api/test_sql_reset_connection.cc","138","5","138","10"
"MySQL priority local memory sinks","Lightweight MySQL memory sink query. It reports memory/copy/allocation calls and metadata accesses inside Stage-0 priority functions without running global taint flow.","warning","MySQL priority function reaches local memory sink 'memset'","/plugin/test_service_sql_api/test_sql_reset_connection.cc","141","5","141","10"
"MySQL priority local memory sinks","Lightweight MySQL memory sink query. It reports memory/copy/allocation calls and metadata accesses inside Stage-0 priority functions without running global taint flow.","warning","MySQL priority function reaches local memory sink 'memset'","/plugin/test_service_sql_api/test_sql_reset_connection.cc","142","5","142","10"
"MySQL priority local memory sinks","Lightweight MySQL memory sink query. It reports memory/copy/allocation calls and metadata accesses inside Stage-0 priority functions without running global taint flow.","warning","MySQL priority function reaches local memory sink 'memset'","/plugin/test_service_sql_api/test_sql_shutdown.cc","139","5","139","10"
"MySQL priority local memory sinks","Lightweight MySQL memory sink query. It reports memory/copy/allocation calls and metadata accesses inside Stage-0 priority functions without running global taint flow.","warning","MySQL priority function reaches local memory sink 'memset'","/plugin/test_service_sql_api/test_sql_shutdown.cc","140","5","140","10"
"MySQL priority local memory sinks","Lightweight MySQL memory sink query. It reports memory/copy/allocation calls and metadata accesses inside Stage-0 priority functions without running global taint flow.","warning","MySQL priority function reaches local memory sink 'memset'","/plugin/test_service_sql_api/test_sql_shutdown.cc","141","5","141","10"
"MySQL priority local memory sinks","Lightweight MySQL memory sink query. It reports memory/copy/allocation calls and metadata accesses inside Stage-0 priority functions without running global taint flow.","warning","MySQL priority function reaches local memory sink 'memset'","/plugin/test_service_sql_api/test_sql_shutdown.cc","142","5","142","10"
"MySQL priority local memory sinks","Lightweight MySQL memory sink query. It reports memory/copy/allocation calls and metadata accesses inside Stage-0 priority functions without running global taint flow.","warning","MySQL priority function reaches local memory sink 'memset'","/plugin/test_service_sql_api/test_sql_shutdown.cc","143","5","143","10"
"MySQL priority local memory sinks","Lightweight MySQL memory sink query. It reports memory/copy/allocation calls and metadata accesses inside Stage-0 priority functions without running global taint flow.","warning","MySQL priority function reaches local memory sink 'memset'","/plugin/test_service_sql_api/test_sql_shutdown.cc","144","5","144","10"
"MySQL priority local memory sinks","Lightweight MySQL memory sink query. It reports memory/copy/allocation calls and metadata accesses inside Stage-0 priority functions without running global taint flow.","warning","MySQL priority function reaches local memory sink 'memset'","/plugin/test_service_sql_api/test_sql_shutdown.cc","145","5","145","10"
"MySQL priority local memory sinks","Lightweight MySQL memory sink query. It reports memory/copy/allocation calls and metadata accesses inside Stage-0 priority functions without running global taint flow.","warning","MySQL priority function reaches local memory sink 'memset'","/plugin/test_service_sql_api/test_sql_shutdown.cc","146","5","146","10"
"MySQL priority local memory sinks","Lightweight MySQL memory sink query. It reports memory/copy/allocation calls and metadata accesses inside Stage-0 priority functions without running global taint flow.","warning","MySQL priority function reaches local memory sink 'memset'","/plugin/test_service_sql_api/test_sql_shutdown.cc","147","5","147","10"
"MySQL priority local memory sinks","Lightweight MySQL memory sink query. It reports memory/copy/allocation calls and metadata accesses inside Stage-0 priority functions without running global taint flow.","warning","MySQL priority function reaches local memory sink 'memset'","/plugin/test_service_sql_api/test_sql_shutdown.cc","148","5","148","10"
"MySQL priority local memory sinks","Lightweight MySQL memory sink query. It reports memory/copy/allocation calls and metadata accesses inside Stage-0 priority functions without running global taint flow.","warning","MySQL priority function reaches local memory sink 'memset'","/plugin/test_service_sql_api/test_sql_shutdown.cc","149","5","149","10"
"MySQL priority local memory sinks","Lightweight MySQL memory sink query. It reports memory/copy/allocation calls and metadata accesses inside Stage-0 priority functions without running global taint flow.","warning","MySQL priority function reaches local memory sink 'memset'","/plugin/test_service_sql_api/test_sql_shutdown.cc","150","5","150","10"
"MySQL priority local memory sinks","Lightweight MySQL memory sink query. It reports memory/copy/allocation calls and metadata accesses inside Stage-0 priority functions without running global taint flow.","warning","MySQL priority function reaches local memory sink 'memset'","/plugin/test_service_sql_api/test_sql_shutdown.cc","151","5","151","10"
"MySQL priority local memory sinks","Lightweight MySQL memory sink query. It reports memory/copy/allocation calls and metadata accesses inside Stage-0 priority functions without running global taint flow.","warning","MySQL priority function reaches local memory sink 'memset'","/plugin/test_service_sql_api/test_sql_shutdown.cc","152","5","152","10"
"MySQL priority local memory sinks","Lightweight MySQL memory sink query. It reports memory/copy/allocation calls and metadata accesses inside Stage-0 priority functions without running global taint flow.","warning","MySQL priority function reaches local memory sink 'memset'","/plugin/test_service_sql_api/test_sql_shutdown.cc","158","5","158","10"
"MySQL priority local memory sinks","Lightweight MySQL memory sink query. It reports memory/copy/allocation calls and metadata accesses inside Stage-0 priority functions without running global taint flow.","warning","MySQL priority function reaches local memory sink 'memset'","/plugin/test_service_sql_api/test_sql_shutdown.cc","161","5","161","10"
"MySQL priority local memory sinks","Lightweight MySQL memory sink query. It reports memory/copy/allocation calls and metadata accesses inside Stage-0 priority functions without running global taint flow.","warning","MySQL priority function reaches local memory sink 'memset'","/plugin/test_service_sql_api/test_sql_shutdown.cc","162","5","162","10"
"MySQL priority local memory sinks","Lightweight MySQL memory sink query. It reports memory/copy/allocation calls and metadata accesses inside Stage-0 priority functions without running global taint flow.","warning","MySQL priority function reaches local memory sink 'memset'","/plugin/test_service_sql_api/test_sql_sqlmode.cc","201","5","201","10"
"MySQL priority local memory sinks","Lightweight MySQL memory sink query. It reports memory/copy/allocation calls and metadata accesses inside Stage-0 priority functions without running global taint flow.","warning","MySQL priority function reaches local memory sink 'memset'","/plugin/test_service_sql_api/test_sql_sqlmode.cc","202","5","202","10"
"MySQL priority local memory sinks","Lightweight MySQL memory sink query. It reports memory/copy/allocation calls and metadata accesses inside Stage-0 priority functions without running global taint flow.","warning","MySQL priority function reaches local memory sink 'memset'","/plugin/test_service_sql_api/test_sql_sqlmode.cc","203","5","203","10"
"MySQL priority local memory sinks","Lightweight MySQL memory sink query. It reports memory/copy/allocation calls and metadata accesses inside Stage-0 priority functions without running global taint flow.","warning","MySQL priority function reaches local memory sink 'memset'","/plugin/test_service_sql_api/test_sql_sqlmode.cc","209","5","209","10"
"MySQL priority local memory sinks","Lightweight MySQL memory sink query. It reports memory/copy/allocation calls and metadata accesses inside Stage-0 priority functions without running global taint flow.","warning","MySQL priority function reaches local memory sink 'memset'","/plugin/test_service_sql_api/test_sql_sqlmode.cc","212","5","212","10"
"MySQL priority local memory sinks","Lightweight MySQL memory sink query. It reports memory/copy/allocation calls and metadata accesses inside Stage-0 priority functions without running global taint flow.","warning","MySQL priority function reaches local memory sink 'memset'","/plugin/test_service_sql_api/test_sql_sqlmode.cc","213","5","213","10"
"MySQL priority local memory sinks","Lightweight MySQL memory sink query. It reports memory/copy/allocation calls and metadata accesses inside Stage-0 priority functions without running global taint flow.","warning","MySQL priority function reaches local memory sink 'memset'","/plugin/test_service_sql_api/test_sql_stored_procedures_functions.cc","174","5","174","10"
"MySQL priority local memory sinks","Lightweight MySQL memory sink query. It reports memory/copy/allocation calls and metadata accesses inside Stage-0 priority functions without running global taint flow.","warning","MySQL priority function reaches local memory sink 'memset'","/plugin/test_service_sql_api/test_sql_stored_procedures_functions.cc","175","5","175","10"
"MySQL priority local memory sinks","Lightweight MySQL memory sink query. It reports memory/copy/allocation calls and metadata accesses inside Stage-0 priority functions without running global taint flow.","warning","MySQL priority function reaches local memory sink 'memset'","/plugin/test_service_sql_api/test_sql_stored_procedures_functions.cc","176","5","176","10"
"MySQL priority local memory sinks","Lightweight MySQL memory sink query. It reports memory/copy/allocation calls and metadata accesses inside Stage-0 priority functions without running global taint flow.","warning","MySQL priority function reaches local memory sink 'memset'","/plugin/test_service_sql_api/test_sql_stored_procedures_functions.cc","182","5","182","10"
"MySQL priority local memory sinks","Lightweight MySQL memory sink query. It reports memory/copy/allocation calls and metadata accesses inside Stage-0 priority functions without running global taint flow.","warning","MySQL priority function reaches local memory sink 'memset'","/plugin/test_service_sql_api/test_sql_stored_procedures_functions.cc","185","5","185","10"
"MySQL priority local memory sinks","Lightweight MySQL memory sink query. It reports memory/copy/allocation calls and metadata accesses inside Stage-0 priority functions without running global taint flow.","warning","MySQL priority function reaches local memory sink 'memset'","/plugin/test_service_sql_api/test_sql_stored_procedures_functions.cc","186","5","186","10"
"MySQL priority local memory sinks","Lightweight MySQL memory sink query. It reports memory/copy/allocation calls and metadata accesses inside Stage-0 priority functions without running global taint flow.","warning","MySQL priority function reaches local memory sink 'memset'","/plugin/test_service_sql_api/test_sql_views_triggers.cc","176","5","176","10"
"MySQL priority local memory sinks","Lightweight MySQL memory sink query. It reports memory/copy/allocation calls and metadata accesses inside Stage-0 priority functions without running global taint flow.","warning","MySQL priority function reaches local memory sink 'memset'","/plugin/test_service_sql_api/test_sql_views_triggers.cc","177","5","177","10"
"MySQL priority local memory sinks","Lightweight MySQL memory sink query. It reports memory/copy/allocation calls and metadata accesses inside Stage-0 priority functions without running global taint flow.","warning","MySQL priority function reaches local memory sink 'memset'","/plugin/test_service_sql_api/test_sql_views_triggers.cc","178","5","178","10"
"MySQL priority local memory sinks","Lightweight MySQL memory sink query. It reports memory/copy/allocation calls and metadata accesses inside Stage-0 priority functions without running global taint flow.","warning","MySQL priority function reaches local memory sink 'memset'","/plugin/test_service_sql_api/test_sql_views_triggers.cc","184","5","184","10"
"MySQL priority local memory sinks","Lightweight MySQL memory sink query. It reports memory/copy/allocation calls and metadata accesses inside Stage-0 priority functions without running global taint flow.","warning","MySQL priority function reaches local memory sink 'memset'","/plugin/test_service_sql_api/test_sql_views_triggers.cc","187","5","187","10"
"MySQL priority local memory sinks","Lightweight MySQL memory sink query. It reports memory/copy/allocation calls and metadata accesses inside Stage-0 priority functions without running global taint flow.","warning","MySQL priority function reaches local memory sink 'memset'","/plugin/test_service_sql_api/test_sql_views_triggers.cc","188","5","188","10"
"MySQL priority local memory sinks","Lightweight MySQL memory sink query. It reports memory/copy/allocation calls and metadata accesses inside Stage-0 priority functions without running global taint flow.","warning","MySQL priority function reaches local memory sink 'memset'","/plugin/test_service_sql_api/test_x_sessions_init.cc","78","5","78","10"
"MySQL priority local memory sinks","Lightweight MySQL memory sink query. It reports memory/copy/allocation calls and metadata accesses inside Stage-0 priority functions without running global taint flow.","warning","MySQL priority function reaches local memory sink 'memset'","/plugin/test_service_sql_api/test_x_sessions_init.cc","80","5","80","10"
"MySQL priority local memory sinks","Lightweight MySQL memory sink query. It reports memory/copy/allocation calls and metadata accesses inside Stage-0 priority functions without running global taint flow.","warning","MySQL priority function reaches local memory sink 'memset'","/plugin/test_service_sql_api/test_x_sessions_init.cc","81","5","81","10"
"MySQL priority local memory sinks","Lightweight MySQL memory sink query. It reports memory/copy/allocation calls and metadata accesses inside Stage-0 priority functions without running global taint flow.","warning","MySQL priority function reaches local memory sink 'memcpy'","/extra/icu/icu-release-77-1/source/common/locid.cpp","1935","13","1935","56"
"MySQL priority local memory sinks","Lightweight MySQL memory sink query. It reports memory/copy/allocation calls and metadata accesses inside Stage-0 priority functions without running global taint flow.","warning","MySQL priority function reaches local memory sink 'memcpy'","/extra/icu/icu-release-77-1/source/common/locid.cpp","1942","13","1942","54"
"MySQL priority local memory sinks","Lightweight MySQL memory sink query. It reports memory/copy/allocation calls and metadata accesses inside Stage-0 priority functions without running global taint flow.","warning","MySQL priority function reaches local memory sink 'memcpy'","/extra/icu/icu-release-77-1/source/common/locid.cpp","1949","13","1949","77"
"MySQL priority local memory sinks","Lightweight MySQL memory sink query. It reports memory/copy/allocation calls and metadata accesses inside Stage-0 priority functions without running global taint flow.","warning","MySQL priority function reads table/field metadata 'table'","/extra/icu/icu-release-77-1/source/common/umutablecptrie.cpp","794","23","794","27"
"MySQL priority local memory sinks","Lightweight MySQL memory sink query. It reports memory/copy/allocation calls and metadata accesses inside Stage-0 priority functions without running global taint flow.","warning","MySQL priority function reads table/field metadata 'table'","/extra/icu/icu-release-77-1/source/common/umutablecptrie.cpp","795","13","795","17"
"MySQL priority local memory sinks","Lightweight MySQL memory sink query. It reports memory/copy/allocation calls and metadata accesses inside Stage-0 priority functions without running global taint flow.","warning","MySQL priority function reads table/field metadata 'table'","/extra/icu/icu-release-77-1/source/common/umutablecptrie.cpp","796","17","796","21"
"MySQL priority local memory sinks","Lightweight MySQL memory sink query. It reports memory/copy/allocation calls and metadata accesses inside Stage-0 priority functions without running global taint flow.","warning","MySQL priority function reaches local memory sink 'memset'","/extra/icu/icu-release-77-1/source/common/umutablecptrie.cpp","802","9","802","41"
"MySQL priority local memory sinks","Lightweight MySQL memory sink query. It reports memory/copy/allocation calls and metadata accesses inside Stage-0 priority functions without running global taint flow.","warning","MySQL priority function reads table/field metadata 'table'","/extra/icu/icu-release-77-1/source/common/umutablecptrie.cpp","802","21","802","25"
"MySQL priority local memory sinks","Lightweight MySQL memory sink query. It reports memory/copy/allocation calls and metadata accesses inside Stage-0 priority functions without running global taint flow.","warning","MySQL priority function reaches local memory sink 'memcpy'","/extra/icu/icu-release-77-1/source/i18n/pluralranges.cpp","99","5","101","42"
"MySQL priority local memory sinks","Lightweight MySQL memory sink query. It reports memory/copy/allocation calls and metadata accesses inside Stage-0 priority functions without running global taint flow.","warning","MySQL priority function reaches local memory sink 'memset'","/extra/icu/icu-release-77-1/source/i18n/rbnf.cpp","1482","5","1482","46"
"MySQL priority local memory sinks","Lightweight MySQL memory sink query. It reports memory/copy/allocation calls and metadata accesses inside Stage-0 priority functions without running global taint flow.","warning","MySQL priority function reaches local memory sink 'memset'","/extra/protobuf/protobuf-24.4/php/ext/google/protobuf/php-upb.c","2633","5","2633","10"
"MySQL priority local memory sinks","Lightweight MySQL memory sink query. It reports memory/copy/allocation calls and metadata accesses inside Stage-0 priority functions without running global taint flow.","warning","MySQL priority function reaches local memory sink 'memset'","/client/mysqlbinlog.cc","898","9","898","14"
