"DBMS stale type descriptor access","Flags cached TupleDesc / type-related fields read inside evaluation or output paths where DDL may change layout (ExprEvalRowtypeCache class of issues).","warning","Cached descriptor field 'table' in 'save_in_field' — review invalidation after DDL (stale TupleDesc / rowtype cache pattern).","/storage/ndb/plugin/ha_ndbcluster_cond.cc","296","41","296","45"
"DBMS stale type descriptor access","Flags cached TupleDesc / type-related fields read inside evaluation or output paths where DDL may change layout (ExprEvalRowtypeCache class of issues).","warning","Cached descriptor field 'table' in 'save_in_field' — review invalidation after DDL (stale TupleDesc / rowtype cache pattern).","/storage/ndb/plugin/ha_ndbcluster_cond.cc","296","55","296","59"
"DBMS stale type descriptor access","Flags cached TupleDesc / type-related fields read inside evaluation or output paths where DDL may change layout (ExprEvalRowtypeCache class of issues).","warning","Cached descriptor field 'table' in 'save_in_field' — review invalidation after DDL (stale TupleDesc / rowtype cache pattern).","/storage/ndb/plugin/ha_ndbcluster_cond.cc","299","40","299","44"
"DBMS stale type descriptor access","Flags cached TupleDesc / type-related fields read inside evaluation or output paths where DDL may change layout (ExprEvalRowtypeCache class of issues).","warning","Cached descriptor field 'm_table_ref' in 'get_mm_tree' — review invalidation after DDL (stale TupleDesc / rowtype cache pattern).","/sql/range_optimizer/range_analysis.cc","979","40","979","50"
"MySQL PGQS descriptor and metadata risk anchors","Reports MySQL SQL-layer priority functions that combine Item/Field/TABLE metadata, descriptor-sensitive semantic calls, or local memory sinks.","warning","MySQL PGQS priority function 'init' touches Item/Field/TABLE descriptor metadata","/sql/handler.h","7598","8","7598","11"
"MySQL PGQS descriptor and metadata risk anchors","Reports MySQL SQL-layer priority functions that combine Item/Field/TABLE metadata, descriptor-sensitive semantic calls, or local memory sinks.","warning","MySQL PGQS priority function 'init' touches Item/Field/TABLE descriptor metadata","/sql/handler.h","5033","8","5033","11"
"MySQL PGQS descriptor and metadata risk anchors","Reports MySQL SQL-layer priority functions that combine Item/Field/TABLE metadata, descriptor-sensitive semantic calls, or local memory sinks.","warning","MySQL PGQS priority function 'make_field' touches Item/Field/TABLE descriptor metadata","/sql/field.cc","9559","8","9559","17"
"MySQL PGQS descriptor and metadata risk anchors","Reports MySQL SQL-layer priority functions that combine Item/Field/TABLE metadata, descriptor-sensitive semantic calls, or local memory sinks.","warning","MySQL PGQS priority function 'make_field' touches Item/Field/TABLE descriptor metadata","/sql/field.cc","9552","8","9552","17"
"MySQL PGQS descriptor and metadata risk anchors","Reports MySQL SQL-layer priority functions that combine Item/Field/TABLE metadata, descriptor-sensitive semantic calls, or local memory sinks.","warning","MySQL PGQS priority function 'make_field' touches Item/Field/TABLE descriptor metadata","/sql/field.cc","9539","8","9539","17"
"MySQL PGQS descriptor and metadata risk anchors","Reports MySQL SQL-layer priority functions that combine Item/Field/TABLE metadata, descriptor-sensitive semantic calls, or local memory sinks.","warning","MySQL PGQS priority function 'make_field' touches Item/Field/TABLE descriptor metadata","/sql/field.cc","9310","8","9310","17"
"MySQL PGQS descriptor and metadata risk anchors","Reports MySQL SQL-layer priority functions that combine Item/Field/TABLE metadata, descriptor-sensitive semantic calls, or local memory sinks.","warning","MySQL PGQS priority function 'sql_type' touches Item/Field/TABLE descriptor metadata","/sql/field.cc","9126","6","9126","32"
"MySQL PGQS descriptor and metadata risk anchors","Reports MySQL SQL-layer priority functions that combine Item/Field/TABLE metadata, descriptor-sensitive semantic calls, or local memory sinks.","warning","MySQL PGQS priority function 'store' touches Item/Field/TABLE descriptor metadata
MySQL PGQS priority function 'store' combines descriptor metadata with a memory-sensitive sink","/sql/field.cc","9101","24","9101","47"
"MySQL PGQS descriptor and metadata risk anchors","Reports MySQL SQL-layer priority functions that combine Item/Field/TABLE metadata, descriptor-sensitive semantic calls, or local memory sinks.","warning","MySQL PGQS priority function 'val_str' touches Item/Field/TABLE descriptor metadata","/sql/field.cc","8385","9","8385","26"
"MySQL PGQS descriptor and metadata risk anchors","Reports MySQL SQL-layer priority functions that combine Item/Field/TABLE metadata, descriptor-sensitive semantic calls, or local memory sinks.","warning","MySQL PGQS priority function 'store' touches Item/Field/TABLE descriptor metadata","/sql/field.cc","8366","24","8366","39"
"MySQL PGQS descriptor and metadata risk anchors","Reports MySQL SQL-layer priority functions that combine Item/Field/TABLE metadata, descriptor-sensitive semantic calls, or local memory sinks.","warning","MySQL PGQS priority function 'store' touches Item/Field/TABLE descriptor metadata","/sql/field.cc","8330","24","8330","39"
"MySQL PGQS descriptor and metadata risk anchors","Reports MySQL SQL-layer priority functions that combine Item/Field/TABLE metadata, descriptor-sensitive semantic calls, or local memory sinks.","warning","MySQL PGQS priority function 'val_str' touches Item/Field/TABLE descriptor metadata","/sql/field.cc","8244","9","8244","27"
"MySQL PGQS descriptor and metadata risk anchors","Reports MySQL SQL-layer priority functions that combine Item/Field/TABLE metadata, descriptor-sensitive semantic calls, or local memory sinks.","warning","MySQL PGQS priority function 'val_int' touches Item/Field/TABLE descriptor metadata","/sql/field.cc","8222","10","8222","28"
"MySQL PGQS descriptor and metadata risk anchors","Reports MySQL SQL-layer priority functions that combine Item/Field/TABLE metadata, descriptor-sensitive semantic calls, or local memory sinks.","warning","MySQL PGQS priority function 'store' touches Item/Field/TABLE descriptor metadata","/sql/field.cc","8170","24","8170","40"
"MySQL PGQS descriptor and metadata risk anchors","Reports MySQL SQL-layer priority functions that combine Item/Field/TABLE metadata, descriptor-sensitive semantic calls, or local memory sinks.","warning","MySQL PGQS priority function 'store' touches Item/Field/TABLE descriptor metadata","/sql/field.cc","8124","24","8124","40"
"MySQL PGQS descriptor and metadata risk anchors","Reports MySQL SQL-layer priority functions that combine Item/Field/TABLE metadata, descriptor-sensitive semantic calls, or local memory sinks.","warning","MySQL PGQS priority function 'sql_type' touches Item/Field/TABLE descriptor metadata","/sql/field.cc","10152","6","10152","32"
"MySQL PGQS descriptor and metadata risk anchors","Reports MySQL SQL-layer priority functions that combine Item/Field/TABLE metadata, descriptor-sensitive semantic calls, or local memory sinks.","warning","MySQL PGQS priority function 'store' touches Item/Field/TABLE descriptor metadata","/sql/field.cc","9825","24","9825","47"
"MySQL PGQS descriptor and metadata risk anchors","Reports MySQL SQL-layer priority functions that combine Item/Field/TABLE metadata, descriptor-sensitive semantic calls, or local memory sinks.","warning","MySQL PGQS priority function 'store' touches Item/Field/TABLE descriptor metadata","/sql/field.cc","9821","24","9821","47"
"MySQL PGQS descriptor and metadata risk anchors","Reports MySQL SQL-layer priority functions that combine Item/Field/TABLE metadata, descriptor-sensitive semantic calls, or local memory sinks.","warning","MySQL PGQS priority function 'store' touches Item/Field/TABLE descriptor metadata","/sql/field.cc","9816","24","9816","47"
"MySQL PGQS descriptor and metadata risk anchors","Reports MySQL SQL-layer priority functions that combine Item/Field/TABLE metadata, descriptor-sensitive semantic calls, or local memory sinks.","warning","MySQL PGQS priority function 'init' touches Item/Field/TABLE descriptor metadata
MySQL PGQS priority function 'init' calls descriptor/type-resolution helper","/sql/field.cc","10019","6","10019","28"
"MySQL PGQS descriptor and metadata risk anchors","Reports MySQL SQL-layer priority functions that combine Item/Field/TABLE metadata, descriptor-sensitive semantic calls, or local memory sinks.","warning","MySQL PGQS priority function 'reset' touches Item/Field/TABLE descriptor metadata","/sql/field.h","3816","26","3816","30"
"MySQL PGQS descriptor and metadata risk anchors","Reports MySQL SQL-layer priority functions that combine Item/Field/TABLE metadata, descriptor-sensitive semantic calls, or local memory sinks.","warning","MySQL PGQS priority function 'val_str' touches Item/Field/TABLE descriptor metadata","/sql/field.cc","7034","9","7034","29"
"MySQL PGQS descriptor and metadata risk anchors","Reports MySQL SQL-layer priority functions that combine Item/Field/TABLE metadata, descriptor-sensitive semantic calls, or local memory sinks.","warning","MySQL PGQS priority function 'sql_type' touches Item/Field/TABLE descriptor metadata","/sql/field.cc","6627","6","6627","30"
"MySQL PGQS descriptor and metadata risk anchors","Reports MySQL SQL-layer priority functions that combine Item/Field/TABLE metadata, descriptor-sensitive semantic calls, or local memory sinks.","warning","MySQL PGQS priority function 'val_str' touches Item/Field/TABLE descriptor metadata","/sql/field.cc","6524","9","6524","32"
"MySQL PGQS descriptor and metadata risk anchors","Reports MySQL SQL-layer priority functions that combine Item/Field/TABLE metadata, descriptor-sensitive semantic calls, or local memory sinks.","warning","MySQL PGQS priority function 'val_int' touches Item/Field/TABLE descriptor metadata","/sql/field.cc","6507","10","6507","33"
"MySQL PGQS descriptor and metadata risk anchors","Reports MySQL SQL-layer priority functions that combine Item/Field/TABLE metadata, descriptor-sensitive semantic calls, or local memory sinks.","warning","MySQL PGQS priority function 'val_real' touches Item/Field/TABLE descriptor metadata","/sql/field.cc","6489","8","6489","32"
"MySQL PGQS descriptor and metadata risk anchors","Reports MySQL SQL-layer priority functions that combine Item/Field/TABLE metadata, descriptor-sensitive semantic calls, or local memory sinks.","warning","MySQL PGQS priority function 'store' touches Item/Field/TABLE descriptor metadata","/sql/field.cc","6481","24","6481","45"
"MySQL PGQS descriptor and metadata risk anchors","Reports MySQL SQL-layer priority functions that combine Item/Field/TABLE metadata, descriptor-sensitive semantic calls, or local memory sinks.","warning","MySQL PGQS priority function 'store' touches Item/Field/TABLE descriptor metadata","/sql/field.cc","6458","24","6458","45"
"MySQL PGQS descriptor and metadata risk anchors","Reports MySQL SQL-layer priority functions that combine Item/Field/TABLE metadata, descriptor-sensitive semantic calls, or local memory sinks.","warning","MySQL PGQS priority function 'sql_type' touches Item/Field/TABLE descriptor metadata","/sql/field.cc","6270","6","6270","27"
"MySQL PGQS descriptor and metadata risk anchors","Reports MySQL SQL-layer priority functions that combine Item/Field/TABLE metadata, descriptor-sensitive semantic calls, or local memory sinks.","warning","MySQL PGQS priority function 'val_str' touches Item/Field/TABLE descriptor metadata","/sql/field.cc","6169","9","6169","29"
"MySQL PGQS descriptor and metadata risk anchors","Reports MySQL SQL-layer priority functions that combine Item/Field/TABLE metadata, descriptor-sensitive semantic calls, or local memory sinks.","warning","MySQL PGQS priority function 'val_int' touches Item/Field/TABLE descriptor metadata","/sql/field.cc","6149","10","6149","30"
"MySQL PGQS descriptor and metadata risk anchors","Reports MySQL SQL-layer priority functions that combine Item/Field/TABLE metadata, descriptor-sensitive semantic calls, or local memory sinks.","warning","MySQL PGQS priority function 'val_real' touches Item/Field/TABLE descriptor metadata","/sql/field.cc","6129","8","6129","29"
"MySQL PGQS descriptor and metadata risk anchors","Reports MySQL SQL-layer priority functions that combine Item/Field/TABLE metadata, descriptor-sensitive semantic calls, or local memory sinks.","warning","MySQL PGQS priority function 'store' touches Item/Field/TABLE descriptor metadata","/sql/field.cc","6019","24","6019","42"
"MySQL PGQS descriptor and metadata risk anchors","Reports MySQL SQL-layer priority functions that combine Item/Field/TABLE metadata, descriptor-sensitive semantic calls, or local memory sinks.","warning","MySQL PGQS priority function 'reset' touches Item/Field/TABLE descriptor metadata","/sql/field.h","3250","26","3250","30"
"MySQL PGQS descriptor and metadata risk anchors","Reports MySQL SQL-layer priority functions that combine Item/Field/TABLE metadata, descriptor-sensitive semantic calls, or local memory sinks.","warning","MySQL PGQS priority function 'val_time' touches Item/Field/TABLE descriptor metadata","/sql/field.cc","5569","6","5569","25"
"MySQL PGQS descriptor and metadata risk anchors","Reports MySQL SQL-layer priority functions that combine Item/Field/TABLE metadata, descriptor-sensitive semantic calls, or local memory sinks.","warning","MySQL PGQS priority function 'val_date_temporal' touches Item/Field/TABLE descriptor metadata","/sql/field.cc","5442","10","5442","38"
"MySQL PGQS descriptor and metadata risk anchors","Reports MySQL SQL-layer priority functions that combine Item/Field/TABLE metadata, descriptor-sensitive semantic calls, or local memory sinks.","warning","MySQL PGQS priority function 'val_datetime' touches Item/Field/TABLE descriptor metadata","/sql/field.cc","5430","6","5430","29"
"MySQL PGQS descriptor and metadata risk anchors","Reports MySQL SQL-layer priority functions that combine Item/Field/TABLE metadata, descriptor-sensitive semantic calls, or local memory sinks.","warning","MySQL PGQS priority function 'val_date' touches Item/Field/TABLE descriptor metadata","/sql/field.cc","5418","6","5418","25"
"MySQL PGQS descriptor and metadata risk anchors","Reports MySQL SQL-layer priority functions that combine Item/Field/TABLE metadata, descriptor-sensitive semantic calls, or local memory sinks.","warning","MySQL PGQS priority function 'val_str' touches Item/Field/TABLE descriptor metadata","/sql/field.cc","5399","9","5399","27"
"MySQL PGQS descriptor and metadata risk anchors","Reports MySQL SQL-layer priority functions that combine Item/Field/TABLE metadata, descriptor-sensitive semantic calls, or local memory sinks.","warning","MySQL PGQS priority function 'val_int' touches Item/Field/TABLE descriptor metadata","/sql/field.cc","5479","10","5479","28"
"MySQL PGQS descriptor and metadata risk anchors","Reports MySQL SQL-layer priority functions that combine Item/Field/TABLE metadata, descriptor-sensitive semantic calls, or local memory sinks.","warning","MySQL PGQS priority function 'val_real' touches Item/Field/TABLE descriptor metadata","/sql/field.cc","5501","8","5501","27"
"MySQL PGQS descriptor and metadata risk anchors","Reports MySQL SQL-layer priority functions that combine Item/Field/TABLE metadata, descriptor-sensitive semantic calls, or local memory sinks.","warning","MySQL PGQS priority function 'val_str' touches Item/Field/TABLE descriptor metadata","/sql/field.cc","5779","9","5779","27"
"MySQL PGQS descriptor and metadata risk anchors","Reports MySQL SQL-layer priority functions that combine Item/Field/TABLE metadata, descriptor-sensitive semantic calls, or local memory sinks.","warning","MySQL PGQS priority function 'val_date_temporal' touches Item/Field/TABLE descriptor metadata","/sql/field.cc","5773","10","5773","38"
"MySQL PGQS descriptor and metadata risk anchors","Reports MySQL SQL-layer priority functions that combine Item/Field/TABLE metadata, descriptor-sensitive semantic calls, or local memory sinks.","warning","MySQL PGQS priority function 'val_int' touches Item/Field/TABLE descriptor metadata","/sql/field.cc","5766","10","5766","28"
"MySQL PGQS descriptor and metadata risk anchors","Reports MySQL SQL-layer priority functions that combine Item/Field/TABLE metadata, descriptor-sensitive semantic calls, or local memory sinks.","warning","MySQL PGQS priority function 'val_str' touches Item/Field/TABLE descriptor metadata","/sql/field.cc","5685","9","5685","27"
"MySQL PGQS descriptor and metadata risk anchors","Reports MySQL SQL-layer priority functions that combine Item/Field/TABLE metadata, descriptor-sensitive semantic calls, or local memory sinks.","warning","MySQL PGQS priority function 'val_int' touches Item/Field/TABLE descriptor metadata","/sql/field.cc","5677","10","5677","28"
"MySQL PGQS descriptor and metadata risk anchors","Reports MySQL SQL-layer priority functions that combine Item/Field/TABLE metadata, descriptor-sensitive semantic calls, or local memory sinks.","warning","MySQL PGQS priority function 'store' touches Item/Field/TABLE descriptor metadata","/sql/field.cc","5648","24","5648","40"
"MySQL PGQS descriptor and metadata risk anchors","Reports MySQL SQL-layer priority functions that combine Item/Field/TABLE metadata, descriptor-sensitive semantic calls, or local memory sinks.","warning","MySQL PGQS priority function 'store' touches Item/Field/TABLE descriptor metadata","/sql/field.cc","5580","24","5580","40"
"MySQL PGQS descriptor and metadata risk anchors","Reports MySQL SQL-layer priority functions that combine Item/Field/TABLE metadata, descriptor-sensitive semantic calls, or local memory sinks.","warning","MySQL PGQS priority function 'val_int' touches Item/Field/TABLE descriptor metadata","/sql/field.cc","5208","10","5208","51"
"MySQL PGQS descriptor and metadata risk anchors","Reports MySQL SQL-layer priority functions that combine Item/Field/TABLE metadata, descriptor-sensitive semantic calls, or local memory sinks.","warning","MySQL PGQS priority function 'val_real' touches Item/Field/TABLE descriptor metadata","/sql/field.cc","5202","8","5202","50"
"MySQL PGQS descriptor and metadata risk anchors","Reports MySQL SQL-layer priority functions that combine Item/Field/TABLE metadata, descriptor-sensitive semantic calls, or local memory sinks.","warning","MySQL PGQS priority function 'val_date_temporal_at_utc' touches Item/Field/TABLE descriptor metadata","/sql/field.cc","4983","10","4983","59"
"MySQL PGQS descriptor and metadata risk anchors","Reports MySQL SQL-layer priority functions that combine Item/Field/TABLE metadata, descriptor-sensitive semantic calls, or local memory sinks.","warning","MySQL PGQS priority function 'val_date_temporal' touches Item/Field/TABLE descriptor metadata","/sql/field.cc","4976","10","4976","52"
"MySQL PGQS descriptor and metadata risk anchors","Reports MySQL SQL-layer priority functions that combine Item/Field/TABLE metadata, descriptor-sensitive semantic calls, or local memory sinks.","warning","MySQL PGQS priority function 'val_str' touches Item/Field/TABLE descriptor metadata","/sql/field.cc","4991","9","4991","41"
"MySQL PGQS descriptor and metadata risk anchors","Reports MySQL SQL-layer priority functions that combine Item/Field/TABLE metadata, descriptor-sensitive semantic calls, or local memory sinks.","warning","MySQL PGQS priority function 'store' touches Item/Field/TABLE descriptor metadata","/sql/field.cc","4861","24","4861","44"
"MySQL PGQS descriptor and metadata risk anchors","Reports MySQL SQL-layer priority functions that combine Item/Field/TABLE metadata, descriptor-sensitive semantic calls, or local memory sinks.","warning","MySQL PGQS priority function 'store' touches Item/Field/TABLE descriptor metadata","/sql/field.cc","4806","24","4806","44"
"MySQL PGQS descriptor and metadata risk anchors","Reports MySQL SQL-layer priority functions that combine Item/Field/TABLE metadata, descriptor-sensitive semantic calls, or local memory sinks.","warning","MySQL PGQS priority function 'store' touches Item/Field/TABLE descriptor metadata","/sql/field.cc","4884","24","4884","44"
"MySQL PGQS descriptor and metadata risk anchors","Reports MySQL SQL-layer priority functions that combine Item/Field/TABLE metadata, descriptor-sensitive semantic calls, or local memory sinks.","warning","MySQL PGQS priority function 'sql_type' touches Item/Field/TABLE descriptor metadata","/sql/field.cc","4740","6","4740","27"
"MySQL PGQS descriptor and metadata risk anchors","Reports MySQL SQL-layer priority functions that combine Item/Field/TABLE metadata, descriptor-sensitive semantic calls, or local memory sinks.","warning","MySQL PGQS priority function 'val_str' touches Item/Field/TABLE descriptor metadata","/sql/field.cc","4659","9","4659","29"
"MySQL PGQS descriptor and metadata risk anchors","Reports MySQL SQL-layer priority functions that combine Item/Field/TABLE metadata, descriptor-sensitive semantic calls, or local memory sinks.","warning","MySQL PGQS priority function 'val_int' touches Item/Field/TABLE descriptor metadata","/sql/field.cc","4614","10","4614","30"
"MySQL PGQS descriptor and metadata risk anchors","Reports MySQL SQL-layer priority functions that combine Item/Field/TABLE metadata, descriptor-sensitive semantic calls, or local memory sinks.","warning","MySQL PGQS priority function 'val_real' touches Item/Field/TABLE descriptor metadata","/sql/field.cc","4606","8","4606","29"
"MySQL PGQS descriptor and metadata risk anchors","Reports MySQL SQL-layer priority functions that combine Item/Field/TABLE metadata, descriptor-sensitive semantic calls, or local memory sinks.","warning","MySQL PGQS priority function 'store' touches Item/Field/TABLE descriptor metadata","/sql/field.cc","4478","24","4478","42"
"MySQL PGQS descriptor and metadata risk anchors","Reports MySQL SQL-layer priority functions that combine Item/Field/TABLE metadata, descriptor-sensitive semantic calls, or local memory sinks.","warning","MySQL PGQS priority function 'sql_type' touches Item/Field/TABLE descriptor metadata","/sql/field.cc","4435","6","4435","26"
"MySQL PGQS descriptor and metadata risk anchors","Reports MySQL SQL-layer priority functions that combine Item/Field/TABLE metadata, descriptor-sensitive semantic calls, or local memory sinks.","warning","MySQL PGQS priority function 'val_str' touches Item/Field/TABLE descriptor metadata","/sql/field.cc","4338","9","4338","28"
"MySQL PGQS descriptor and metadata risk anchors","Reports MySQL SQL-layer priority functions that combine Item/Field/TABLE metadata, descriptor-sensitive semantic calls, or local memory sinks.","warning","MySQL PGQS priority function 'val_int' touches Item/Field/TABLE descriptor metadata","/sql/field.cc","4329","10","4329","29"
"MySQL PGQS descriptor and metadata risk anchors","Reports MySQL SQL-layer priority functions that combine Item/Field/TABLE metadata, descriptor-sensitive semantic calls, or local memory sinks.","warning","MySQL PGQS priority function 'val_real' touches Item/Field/TABLE descriptor metadata","/sql/field.cc","4321","8","4321","28"
"MySQL PGQS descriptor and metadata risk anchors","Reports MySQL SQL-layer priority functions that combine Item/Field/TABLE metadata, descriptor-sensitive semantic calls, or local memory sinks.","warning","MySQL PGQS priority function 'store' touches Item/Field/TABLE descriptor metadata","/sql/field.cc","4302","24","4302","41"
"MySQL PGQS descriptor and metadata risk anchors","Reports MySQL SQL-layer priority functions that combine Item/Field/TABLE metadata, descriptor-sensitive semantic calls, or local memory sinks.","warning","MySQL PGQS priority function 'val_str' touches Item/Field/TABLE descriptor metadata","/sql/field.cc","3990","9","3990","27"
"MySQL PGQS descriptor and metadata risk anchors","Reports MySQL SQL-layer priority functions that combine Item/Field/TABLE metadata, descriptor-sensitive semantic calls, or local memory sinks.","warning","MySQL PGQS priority function 'val_int' touches Item/Field/TABLE descriptor metadata","/sql/field.cc","3980","10","3980","28"
"MySQL PGQS descriptor and metadata risk anchors","Reports MySQL SQL-layer priority functions that combine Item/Field/TABLE metadata, descriptor-sensitive semantic calls, or local memory sinks.","warning","MySQL PGQS priority function 'val_real' touches Item/Field/TABLE descriptor metadata","/sql/field.cc","3970","8","3970","27"
"MySQL PGQS descriptor and metadata risk anchors","Reports MySQL SQL-layer priority functions that combine Item/Field/TABLE metadata, descriptor-sensitive semantic calls, or local memory sinks.","warning","MySQL PGQS priority function 'store' touches Item/Field/TABLE descriptor metadata","/sql/field.cc","3932","24","3932","40"
"MySQL PGQS descriptor and metadata risk anchors","Reports MySQL SQL-layer priority functions that combine Item/Field/TABLE metadata, descriptor-sensitive semantic calls, or local memory sinks.","warning","MySQL PGQS priority function 'store' touches Item/Field/TABLE descriptor metadata","/sql/field.cc","3888","24","3888","40"
"MySQL PGQS descriptor and metadata risk anchors","Reports MySQL SQL-layer priority functions that combine Item/Field/TABLE metadata, descriptor-sensitive semantic calls, or local memory sinks.","warning","MySQL PGQS priority function 'store' touches Item/Field/TABLE descriptor metadata","/sql/field.cc","3872","24","3872","40"
"MySQL PGQS descriptor and metadata risk anchors","Reports MySQL SQL-layer priority functions that combine Item/Field/TABLE metadata, descriptor-sensitive semantic calls, or local memory sinks.","warning","MySQL PGQS priority function 'val_str' touches Item/Field/TABLE descriptor metadata","/sql/field.cc","3817","9","3817","29"
"MySQL PGQS descriptor and metadata risk anchors","Reports MySQL SQL-layer priority functions that combine Item/Field/TABLE metadata, descriptor-sensitive semantic calls, or local memory sinks.","warning","MySQL PGQS priority function 'val_int' touches Item/Field/TABLE descriptor metadata","/sql/field.cc","3811","10","3811","30"
"MySQL PGQS descriptor and metadata risk anchors","Reports MySQL SQL-layer priority functions that combine Item/Field/TABLE metadata, descriptor-sensitive semantic calls, or local memory sinks.","warning","MySQL PGQS priority function 'val_real' touches Item/Field/TABLE descriptor metadata","/sql/field.cc","3805","8","3805","29"
"MySQL PGQS descriptor and metadata risk anchors","Reports MySQL SQL-layer priority functions that combine Item/Field/TABLE metadata, descriptor-sensitive semantic calls, or local memory sinks.","warning","MySQL PGQS priority function 'store' touches Item/Field/TABLE descriptor metadata","/sql/field.cc","3769","24","3769","42"
"MySQL PGQS descriptor and metadata risk anchors","Reports MySQL SQL-layer priority functions that combine Item/Field/TABLE metadata, descriptor-sensitive semantic calls, or local memory sinks.","warning","MySQL PGQS priority function 'store' touches Item/Field/TABLE descriptor metadata","/sql/field.cc","3736","24","3736","42"
"MySQL PGQS descriptor and metadata risk anchors","Reports MySQL SQL-layer priority functions that combine Item/Field/TABLE metadata, descriptor-sensitive semantic calls, or local memory sinks.","warning","MySQL PGQS priority function 'store' touches Item/Field/TABLE descriptor metadata","/sql/field.cc","3723","24","3723","42"
"MySQL PGQS descriptor and metadata risk anchors","Reports MySQL SQL-layer priority functions that combine Item/Field/TABLE metadata, descriptor-sensitive semantic calls, or local memory sinks.","warning","MySQL PGQS priority function 'val_str' touches Item/Field/TABLE descriptor metadata","/sql/field.cc","3646","9","3646","28"
"MySQL PGQS descriptor and metadata risk anchors","Reports MySQL SQL-layer priority functions that combine Item/Field/TABLE metadata, descriptor-sensitive semantic calls, or local memory sinks.","warning","MySQL PGQS priority function 'val_int' touches Item/Field/TABLE descriptor metadata","/sql/field.cc","3636","10","3636","29"
"MySQL PGQS descriptor and metadata risk anchors","Reports MySQL SQL-layer priority functions that combine Item/Field/TABLE metadata, descriptor-sensitive semantic calls, or local memory sinks.","warning","MySQL PGQS priority function 'val_real' touches Item/Field/TABLE descriptor metadata","/sql/field.cc","3626","8","3626","28"
"MySQL PGQS descriptor and metadata risk anchors","Reports MySQL SQL-layer priority functions that combine Item/Field/TABLE metadata, descriptor-sensitive semantic calls, or local memory sinks.","warning","MySQL PGQS priority function 'store' touches Item/Field/TABLE descriptor metadata","/sql/field.cc","3589","24","3589","41"
"MySQL PGQS descriptor and metadata risk anchors","Reports MySQL SQL-layer priority functions that combine Item/Field/TABLE metadata, descriptor-sensitive semantic calls, or local memory sinks.","warning","MySQL PGQS priority function 'store' touches Item/Field/TABLE descriptor metadata","/sql/field.cc","3554","24","3554","41"
"MySQL PGQS descriptor and metadata risk anchors","Reports MySQL SQL-layer priority functions that combine Item/Field/TABLE metadata, descriptor-sensitive semantic calls, or local memory sinks.","warning","MySQL PGQS priority function 'store' touches Item/Field/TABLE descriptor metadata","/sql/field.cc","3538","24","3538","41"
"MySQL PGQS descriptor and metadata risk anchors","Reports MySQL SQL-layer priority functions that combine Item/Field/TABLE metadata, descriptor-sensitive semantic calls, or local memory sinks.","warning","MySQL PGQS priority function 'sql_type' touches Item/Field/TABLE descriptor metadata","/sql/field.cc","3524","6","3524","25"
"MySQL PGQS descriptor and metadata risk anchors","Reports MySQL SQL-layer priority functions that combine Item/Field/TABLE metadata, descriptor-sensitive semantic calls, or local memory sinks.","warning","MySQL PGQS priority function 'val_str' touches Item/Field/TABLE descriptor metadata","/sql/field.cc","3479","9","3479","27"
"MySQL PGQS descriptor and metadata risk anchors","Reports MySQL SQL-layer priority functions that combine Item/Field/TABLE metadata, descriptor-sensitive semantic calls, or local memory sinks.","warning","MySQL PGQS priority function 'val_int' touches Item/Field/TABLE descriptor metadata","/sql/field.cc","3473","10","3473","28"
"MySQL PGQS descriptor and metadata risk anchors","Reports MySQL SQL-layer priority functions that combine Item/Field/TABLE metadata, descriptor-sensitive semantic calls, or local memory sinks.","warning","MySQL PGQS priority function 'val_real' touches Item/Field/TABLE descriptor metadata","/sql/field.cc","3467","8","3467","27"
"MySQL PGQS descriptor and metadata risk anchors","Reports MySQL SQL-layer priority functions that combine Item/Field/TABLE metadata, descriptor-sensitive semantic calls, or local memory sinks.","warning","MySQL PGQS priority function 'store' touches Item/Field/TABLE descriptor metadata","/sql/field.cc","3436","24","3436","40"
"MySQL PGQS descriptor and metadata risk anchors","Reports MySQL SQL-layer priority functions that combine Item/Field/TABLE metadata, descriptor-sensitive semantic calls, or local memory sinks.","warning","MySQL PGQS priority function 'store' touches Item/Field/TABLE descriptor metadata","/sql/field.cc","3406","24","3406","40"
"MySQL PGQS descriptor and metadata risk anchors","Reports MySQL SQL-layer priority functions that combine Item/Field/TABLE metadata, descriptor-sensitive semantic calls, or local memory sinks.","warning","MySQL PGQS priority function 'store' touches Item/Field/TABLE descriptor metadata","/sql/field.cc","3395","24","3395","40"
"MySQL PGQS descriptor and metadata risk anchors","Reports MySQL SQL-layer priority functions that combine Item/Field/TABLE metadata, descriptor-sensitive semantic calls, or local memory sinks.","warning","MySQL PGQS priority function 'val_str' touches Item/Field/TABLE descriptor metadata","/sql/field.cc","3210","9","3210","34"
"MySQL PGQS descriptor and metadata risk anchors","Reports MySQL SQL-layer priority functions that combine Item/Field/TABLE metadata, descriptor-sensitive semantic calls, or local memory sinks.","warning","MySQL PGQS priority function 'val_int' touches Item/Field/TABLE descriptor metadata","/sql/field.cc","3192","10","3192","35"
"MySQL PGQS descriptor and metadata risk anchors","Reports MySQL SQL-layer priority functions that combine Item/Field/TABLE metadata, descriptor-sensitive semantic calls, or local memory sinks.","warning","MySQL PGQS priority function 'val_real' touches Item/Field/TABLE descriptor metadata","/sql/field.cc","3184","8","3184","34"
"MySQL PGQS descriptor and metadata risk anchors","Reports MySQL SQL-layer priority functions that combine Item/Field/TABLE metadata, descriptor-sensitive semantic calls, or local memory sinks.","warning","MySQL PGQS priority function 'store' touches Item/Field/TABLE descriptor metadata","/sql/field.cc","3157","24","3157","47"
"MySQL PGQS descriptor and metadata risk anchors","Reports MySQL SQL-layer priority functions that combine Item/Field/TABLE metadata, descriptor-sensitive semantic calls, or local memory sinks.","warning","MySQL PGQS priority function 'store' touches Item/Field/TABLE descriptor metadata","/sql/field.cc","3147","24","3147","47"
"MySQL PGQS descriptor and metadata risk anchors","Reports MySQL SQL-layer priority functions that combine Item/Field/TABLE metadata, descriptor-sensitive semantic calls, or local memory sinks.","warning","MySQL PGQS priority function 'store' touches Item/Field/TABLE descriptor metadata","/sql/field.cc","3077","24","3077","47"
"MySQL PGQS descriptor and metadata risk anchors","Reports MySQL SQL-layer priority functions that combine Item/Field/TABLE metadata, descriptor-sensitive semantic calls, or local memory sinks.","warning","MySQL PGQS priority function 'store_value' touches Item/Field/TABLE descriptor metadata","/sql/field.cc","3035","24","3035","53"
"MySQL PGQS descriptor and metadata risk anchors","Reports MySQL SQL-layer priority functions that combine Item/Field/TABLE metadata, descriptor-sensitive semantic calls, or local memory sinks.","warning","MySQL PGQS priority function 'sql_type' touches Item/Field/TABLE descriptor metadata","/sql/field.cc","2914","6","2914","28"
"MySQL PGQS descriptor and metadata risk anchors","Reports MySQL SQL-layer priority functions that combine Item/Field/TABLE metadata, descriptor-sensitive semantic calls, or local memory sinks.","warning","MySQL PGQS priority function 'val_str' touches Item/Field/TABLE descriptor metadata","/sql/field.cc","2845","9","2845","30"
"MySQL PGQS descriptor and metadata risk anchors","Reports MySQL SQL-layer priority functions that combine Item/Field/TABLE metadata, descriptor-sensitive semantic calls, or local memory sinks.","warning","MySQL PGQS priority function 'val_int' touches Item/Field/TABLE descriptor metadata","/sql/field.cc","2835","10","2835","31"
"MySQL PGQS descriptor and metadata risk anchors","Reports MySQL SQL-layer priority functions that combine Item/Field/TABLE metadata, descriptor-sensitive semantic calls, or local memory sinks.","warning","MySQL PGQS priority function 'val_real' touches Item/Field/TABLE descriptor metadata","/sql/field.cc","2827","8","2827","30"
"MySQL PGQS descriptor and metadata risk anchors","Reports MySQL SQL-layer priority functions that combine Item/Field/TABLE metadata, descriptor-sensitive semantic calls, or local memory sinks.","warning","MySQL PGQS priority function 'store' touches Item/Field/TABLE descriptor metadata
MySQL PGQS priority function 'store' combines descriptor metadata with a memory-sensitive sink","/sql/field.cc","2797","24","2797","43"
"MySQL PGQS descriptor and metadata risk anchors","Reports MySQL SQL-layer priority functions that combine Item/Field/TABLE metadata, descriptor-sensitive semantic calls, or local memory sinks.","warning","MySQL PGQS priority function 'store' touches Item/Field/TABLE descriptor metadata
MySQL PGQS priority function 'store' combines descriptor metadata with a memory-sensitive sink","/sql/field.cc","2765","24","2765","43"
"MySQL PGQS descriptor and metadata risk anchors","Reports MySQL SQL-layer priority functions that combine Item/Field/TABLE metadata, descriptor-sensitive semantic calls, or local memory sinks.","warning","MySQL PGQS priority function 'store' touches Item/Field/TABLE descriptor metadata","/sql/field.cc","2434","24","2434","43"
"MySQL PGQS descriptor and metadata risk anchors","Reports MySQL SQL-layer priority functions that combine Item/Field/TABLE metadata, descriptor-sensitive semantic calls, or local memory sinks.","warning","MySQL PGQS priority function 'type' touches Item/Field/TABLE descriptor metadata","/sql/field.cc","10434","18","10434","43"
"MySQL PGQS descriptor and metadata risk anchors","Reports MySQL SQL-layer priority functions that combine Item/Field/TABLE metadata, descriptor-sensitive semantic calls, or local memory sinks.","warning","MySQL PGQS priority function 'eq' touches Item/Field/TABLE descriptor metadata","/sql/field.h","4379","8","4379","9"
"MySQL PGQS descriptor and metadata risk anchors","Reports MySQL SQL-layer priority functions that combine Item/Field/TABLE metadata, descriptor-sensitive semantic calls, or local memory sinks.","warning","MySQL PGQS priority function 'eq' touches Item/Field/TABLE descriptor metadata","/sql/field.h","1025","16","1025","17"
"MySQL PGQS descriptor and metadata risk anchors","Reports MySQL SQL-layer priority functions that combine Item/Field/TABLE metadata, descriptor-sensitive semantic calls, or local memory sinks.","warning","MySQL PGQS priority function 'sql_type' touches Item/Field/TABLE descriptor metadata","/sql/field.cc","8969","6","8969","24"
"MySQL PGQS descriptor and metadata risk anchors","Reports MySQL SQL-layer priority functions that combine Item/Field/TABLE metadata, descriptor-sensitive semantic calls, or local memory sinks.","warning","MySQL PGQS priority function 'store' touches Item/Field/TABLE descriptor metadata
MySQL PGQS priority function 'store' combines descriptor metadata with a memory-sensitive sink","/sql/field.cc","8713","24","8713","39"
"MySQL PGQS descriptor and metadata risk anchors","Reports MySQL SQL-layer priority functions that combine Item/Field/TABLE metadata, descriptor-sensitive semantic calls, or local memory sinks.","warning","MySQL PGQS priority function 'val_str' touches Item/Field/TABLE descriptor metadata
MySQL PGQS priority function 'val_str' combines descriptor metadata with a memory-sensitive sink","/sql/field.cc","8809","9","8809","26"
"MySQL PGQS descriptor and metadata risk anchors","Reports MySQL SQL-layer priority functions that combine Item/Field/TABLE metadata, descriptor-sensitive semantic calls, or local memory sinks.","warning","MySQL PGQS priority function 'val_int' touches Item/Field/TABLE descriptor metadata","/sql/field.cc","8779","10","8779","27"
"MySQL PGQS descriptor and metadata risk anchors","Reports MySQL SQL-layer priority functions that combine Item/Field/TABLE metadata, descriptor-sensitive semantic calls, or local memory sinks.","warning","MySQL PGQS priority function 'val_str' touches Item/Field/TABLE descriptor metadata","/sql/field.cc","4173","9","4173","31"
"MySQL PGQS descriptor and metadata risk anchors","Reports MySQL SQL-layer priority functions that combine Item/Field/TABLE metadata, descriptor-sensitive semantic calls, or local memory sinks.","warning","MySQL PGQS priority function 'val_int' touches Item/Field/TABLE descriptor metadata","/sql/field.cc","4165","10","4165","32"
"MySQL PGQS descriptor and metadata risk anchors","Reports MySQL SQL-layer priority functions that combine Item/Field/TABLE metadata, descriptor-sensitive semantic calls, or local memory sinks.","warning","MySQL PGQS priority function 'val_real' touches Item/Field/TABLE descriptor metadata","/sql/field.cc","4152","8","4152","31"
"MySQL PGQS descriptor and metadata risk anchors","Reports MySQL SQL-layer priority functions that combine Item/Field/TABLE metadata, descriptor-sensitive semantic calls, or local memory sinks.","warning","MySQL PGQS priority function 'store' touches Item/Field/TABLE descriptor metadata","/sql/field.cc","4128","24","4128","44"
"MySQL PGQS descriptor and metadata risk anchors","Reports MySQL SQL-layer priority functions that combine Item/Field/TABLE metadata, descriptor-sensitive semantic calls, or local memory sinks.","warning","MySQL PGQS priority function 'store' touches Item/Field/TABLE descriptor metadata","/sql/field.cc","4093","24","4093","44"
"MySQL PGQS descriptor and metadata risk anchors","Reports MySQL SQL-layer priority functions that combine Item/Field/TABLE metadata, descriptor-sensitive semantic calls, or local memory sinks.","warning","MySQL PGQS priority function 'store' touches Item/Field/TABLE descriptor metadata","/sql/field.cc","4068","24","4068","44"
"MySQL PGQS descriptor and metadata risk anchors","Reports MySQL SQL-layer priority functions that combine Item/Field/TABLE metadata, descriptor-sensitive semantic calls, or local memory sinks.","warning","MySQL PGQS priority function 'val_datetime' calls descriptor/type-resolution helper","/sql/field.cc","2227","6","2227","28"
"MySQL PGQS descriptor and metadata risk anchors","Reports MySQL SQL-layer priority functions that combine Item/Field/TABLE metadata, descriptor-sensitive semantic calls, or local memory sinks.","warning","MySQL PGQS priority function 'val_time' calls descriptor/type-resolution helper","/sql/field.cc","2232","6","2232","24"
"MySQL PGQS descriptor and metadata risk anchors","Reports MySQL SQL-layer priority functions that combine Item/Field/TABLE metadata, descriptor-sensitive semantic calls, or local memory sinks.","warning","MySQL PGQS priority function 'val_date' calls descriptor/type-resolution helper","/sql/field.cc","2222","6","2222","24"
"MySQL PGQS descriptor and metadata risk anchors","Reports MySQL SQL-layer priority functions that combine Item/Field/TABLE metadata, descriptor-sensitive semantic calls, or local memory sinks.","warning","MySQL PGQS priority function 'val_datetime' touches Item/Field/TABLE descriptor metadata","/sql/field.cc","8006","6","8006","29"
"MySQL PGQS descriptor and metadata risk anchors","Reports MySQL SQL-layer priority functions that combine Item/Field/TABLE metadata, descriptor-sensitive semantic calls, or local memory sinks.","warning","MySQL PGQS priority function 'val_date' touches Item/Field/TABLE descriptor metadata","/sql/field.cc","8019","6","8019","25"
"MySQL PGQS descriptor and metadata risk anchors","Reports MySQL SQL-layer priority functions that combine Item/Field/TABLE metadata, descriptor-sensitive semantic calls, or local memory sinks.","warning","MySQL PGQS priority function 'val_time' touches Item/Field/TABLE descriptor metadata","/sql/field.cc","8025","6","8025","25"
"MySQL PGQS descriptor and metadata risk anchors","Reports MySQL SQL-layer priority functions that combine Item/Field/TABLE metadata, descriptor-sensitive semantic calls, or local memory sinks.","warning","MySQL PGQS priority function 'val_str' touches Item/Field/TABLE descriptor metadata","/sql/field.cc","7817","9","7817","27"
"MySQL PGQS descriptor and metadata risk anchors","Reports MySQL SQL-layer priority functions that combine Item/Field/TABLE metadata, descriptor-sensitive semantic calls, or local memory sinks.","warning","MySQL PGQS priority function 'val_real' touches Item/Field/TABLE descriptor metadata","/sql/field.cc","7809","8","7809","27"
"MySQL PGQS descriptor and metadata risk anchors","Reports MySQL SQL-layer priority functions that combine Item/Field/TABLE metadata, descriptor-sensitive semantic calls, or local memory sinks.","warning","MySQL PGQS priority function 'val_int' touches Item/Field/TABLE descriptor metadata","/sql/field.cc","7801","10","7801","28"
"MySQL PGQS descriptor and metadata risk anchors","Reports MySQL SQL-layer priority functions that combine Item/Field/TABLE metadata, descriptor-sensitive semantic calls, or local memory sinks.","warning","MySQL PGQS priority function 'val_json' touches Item/Field/TABLE descriptor metadata","/sql/field.cc","7782","6","7782","25"
"MySQL PGQS descriptor and metadata risk anchors","Reports MySQL SQL-layer priority functions that combine Item/Field/TABLE metadata, descriptor-sensitive semantic calls, or local memory sinks.","warning","MySQL PGQS priority function 'store' touches Item/Field/TABLE descriptor metadata","/sql/field.cc","7769","24","7769","40"
"MySQL PGQS descriptor and metadata risk anchors","Reports MySQL SQL-layer priority functions that combine Item/Field/TABLE metadata, descriptor-sensitive semantic calls, or local memory sinks.","warning","MySQL PGQS priority function 'store' touches Item/Field/TABLE descriptor metadata","/sql/field.cc","7605","24","7605","40"
"MySQL PGQS descriptor and metadata risk anchors","Reports MySQL SQL-layer priority functions that combine Item/Field/TABLE metadata, descriptor-sensitive semantic calls, or local memory sinks.","warning","MySQL PGQS priority function 'init' touches Item/Field/TABLE descriptor metadata","/sql/field.cc","10204","6","10204","16"
"MySQL PGQS descriptor and metadata risk anchors","Reports MySQL SQL-layer priority functions that combine Item/Field/TABLE metadata, descriptor-sensitive semantic calls, or local memory sinks.","warning","MySQL PGQS priority function 'val_str' touches Item/Field/TABLE descriptor metadata","/sql/field.cc","7104","9","7104","27"
"MySQL PGQS descriptor and metadata risk anchors","Reports MySQL SQL-layer priority functions that combine Item/Field/TABLE metadata, descriptor-sensitive semantic calls, or local memory sinks.","warning","MySQL PGQS priority function 'val_int' touches Item/Field/TABLE descriptor metadata","/sql/field.cc","7094","10","7094","28"
"MySQL PGQS descriptor and metadata risk anchors","Reports MySQL SQL-layer priority functions that combine Item/Field/TABLE metadata, descriptor-sensitive semantic calls, or local memory sinks.","warning","MySQL PGQS priority function 'val_real' touches Item/Field/TABLE descriptor metadata","/sql/field.cc","7083","8","7083","27"
"MySQL PGQS descriptor and metadata risk anchors","Reports MySQL SQL-layer priority functions that combine Item/Field/TABLE metadata, descriptor-sensitive semantic calls, or local memory sinks.","warning","MySQL PGQS priority function 'store' touches Item/Field/TABLE descriptor metadata","/sql/field.cc","7070","24","7070","40"
"MySQL PGQS descriptor and metadata risk anchors","Reports MySQL SQL-layer priority functions that combine Item/Field/TABLE metadata, descriptor-sensitive semantic calls, or local memory sinks.","warning","MySQL PGQS priority function 'store' touches Item/Field/TABLE descriptor metadata","/sql/field.cc","6966","24","6966","40"
"MySQL PGQS descriptor and metadata risk anchors","Reports MySQL SQL-layer priority functions that combine Item/Field/TABLE metadata, descriptor-sensitive semantic calls, or local memory sinks.","warning","MySQL PGQS priority function 'store' touches Item/Field/TABLE descriptor metadata","/sql/field.cc","6052","24","6052","39"
"MySQL PGQS descriptor and metadata risk anchors","Reports MySQL SQL-layer priority functions that combine Item/Field/TABLE metadata, descriptor-sensitive semantic calls, or local memory sinks.","warning","MySQL PGQS priority function 'ItemsAreEqual' touches Item/Field/TABLE descriptor metadata","/sql/item.cc","11568","6","11568","18"
"MySQL PGQS descriptor and metadata risk anchors","Reports MySQL SQL-layer priority functions that combine Item/Field/TABLE metadata, descriptor-sensitive semantic calls, or local memory sinks.","warning","MySQL PGQS priority function 'ItemToString' touches Item/Field/TABLE descriptor metadata","/sql/item.cc","11476","8","11476","19"
"MySQL PGQS descriptor and metadata risk anchors","Reports MySQL SQL-layer priority functions that combine Item/Field/TABLE metadata, descriptor-sensitive semantic calls, or local memory sinks.","warning","MySQL PGQS priority function 'ItemToString' touches Item/Field/TABLE descriptor metadata","/sql/item.cc","11466","8","11466","19"
"MySQL PGQS descriptor and metadata risk anchors","Reports MySQL SQL-layer priority functions that combine Item/Field/TABLE metadata, descriptor-sensitive semantic calls, or local memory sinks.","warning","MySQL PGQS priority function 'is_null_on_empty_table' touches Item/Field/TABLE descriptor metadata","/sql/item.cc","5978","6","5978","27"
"MySQL PGQS descriptor and metadata risk anchors","Reports MySQL SQL-layer priority functions that combine Item/Field/TABLE metadata, descriptor-sensitive semantic calls, or local memory sinks.","warning","MySQL PGQS priority function 'stored_field_cmp_to_item' touches Item/Field/TABLE descriptor metadata
MySQL PGQS priority function 'stored_field_cmp_to_item' calls descriptor/type-resolution helper","/sql/item.cc","9952","5","9952","28"
"MySQL PGQS descriptor and metadata risk anchors","Reports MySQL SQL-layer priority functions that combine Item/Field/TABLE metadata, descriptor-sensitive semantic calls, or local memory sinks.","warning","MySQL PGQS priority function 'resolve_const_item' touches Item/Field/TABLE descriptor metadata
MySQL PGQS priority function 'resolve_const_item' calls descriptor/type-resolution helper","/sql/item.cc","9818","6","9818","23"
"MySQL PGQS descriptor and metadata risk anchors","Reports MySQL SQL-layer priority functions that combine Item/Field/TABLE metadata, descriptor-sensitive semantic calls, or local memory sinks.","warning","MySQL PGQS priority function 'item_cmp_type' touches Item/Field/TABLE descriptor metadata","/sql/item.cc","9793","13","9793","25"
"MySQL PGQS descriptor and metadata risk anchors","Reports MySQL SQL-layer priority functions that combine Item/Field/TABLE metadata, descriptor-sensitive semantic calls, or local memory sinks.","warning","MySQL PGQS priority function 'convert_const_strings' touches Item/Field/TABLE descriptor metadata","/sql/item.cc","2860","6","2860","26"
"MySQL PGQS descriptor and metadata risk anchors","Reports MySQL SQL-layer priority functions that combine Item/Field/TABLE metadata, descriptor-sensitive semantic calls, or local memory sinks.","warning","MySQL PGQS priority function 'WalkItem' touches Item/Field/TABLE descriptor metadata","/sql/item.h","3879","13","3879","20"
"MySQL PGQS descriptor and metadata risk anchors","Reports MySQL SQL-layer priority functions that combine Item/Field/TABLE metadata, descriptor-sensitive semantic calls, or local memory sinks.","warning","MySQL PGQS priority function 'WalkItem' touches Item/Field/TABLE descriptor metadata","/sql/item.h","3870","13","3870","20"
"MySQL PGQS descriptor and metadata risk anchors","Reports MySQL SQL-layer priority functions that combine Item/Field/TABLE metadata, descriptor-sensitive semantic calls, or local memory sinks.","warning","MySQL PGQS priority function 'val_str' touches Item/Field/TABLE descriptor metadata","/sql/item.cc","7749","9","7749","26"
"MySQL PGQS descriptor and metadata risk anchors","Reports MySQL SQL-layer priority functions that combine Item/Field/TABLE metadata, descriptor-sensitive semantic calls, or local memory sinks.","warning","MySQL PGQS priority function 'add_used_tables' touches Item/Field/TABLE descriptor metadata","/sql/item.cc","11275","6","11275","40"
"MySQL PGQS descriptor and metadata risk anchors","Reports MySQL SQL-layer priority functions that combine Item/Field/TABLE metadata, descriptor-sensitive semantic calls, or local memory sinks.","warning","MySQL PGQS priority function 'used_tables' touches Item/Field/TABLE descriptor metadata","/sql/item.h","7450","13","7450","23"
"MySQL PGQS descriptor and metadata risk anchors","Reports MySQL SQL-layer priority functions that combine Item/Field/TABLE metadata, descriptor-sensitive semantic calls, or local memory sinks.","warning","MySQL PGQS priority function 'val_datetime' touches Item/Field/TABLE descriptor metadata","/sql/item.cc","11260","6","11260","37"
"MySQL PGQS descriptor and metadata risk anchors","Reports MySQL SQL-layer priority functions that combine Item/Field/TABLE metadata, descriptor-sensitive semantic calls, or local memory sinks.","warning","MySQL PGQS priority function 'val_time' touches Item/Field/TABLE descriptor metadata","/sql/item.cc","11267","6","11267","33"
"MySQL PGQS descriptor and metadata risk anchors","Reports MySQL SQL-layer priority functions that combine Item/Field/TABLE metadata, descriptor-sensitive semantic calls, or local memory sinks.","warning","MySQL PGQS priority function 'val_date' touches Item/Field/TABLE descriptor metadata","/sql/item.cc","11253","6","11253","33"
"MySQL PGQS descriptor and metadata risk anchors","Reports MySQL SQL-layer priority functions that combine Item/Field/TABLE metadata, descriptor-sensitive semantic calls, or local memory sinks.","warning","MySQL PGQS priority function 'val_json' touches Item/Field/TABLE descriptor metadata","/sql/item.cc","11212","6","11212","33"
"MySQL PGQS descriptor and metadata risk anchors","Reports MySQL SQL-layer priority functions that combine Item/Field/TABLE metadata, descriptor-sensitive semantic calls, or local memory sinks.","warning","MySQL PGQS priority function 'val_str' touches Item/Field/TABLE descriptor metadata","/sql/item.cc","11221","9","11221","35"
"MySQL PGQS descriptor and metadata risk anchors","Reports MySQL SQL-layer priority functions that combine Item/Field/TABLE metadata, descriptor-sensitive semantic calls, or local memory sinks.","warning","MySQL PGQS priority function 'val_bool' touches Item/Field/TABLE descriptor metadata","/sql/item.cc","11204","6","11204","33"
"MySQL PGQS descriptor and metadata risk anchors","Reports MySQL SQL-layer priority functions that combine Item/Field/TABLE metadata, descriptor-sensitive semantic calls, or local memory sinks.","warning","MySQL PGQS priority function 'val_int' touches Item/Field/TABLE descriptor metadata","/sql/item.cc","11189","10","11189","36"
"MySQL PGQS descriptor and metadata risk anchors","Reports MySQL SQL-layer priority functions that combine Item/Field/TABLE metadata, descriptor-sensitive semantic calls, or local memory sinks.","warning","MySQL PGQS priority function 'val_real' touches Item/Field/TABLE descriptor metadata","/sql/item.cc","11182","8","11182","35"
"MySQL PGQS descriptor and metadata risk anchors","Reports MySQL SQL-layer priority functions that combine Item/Field/TABLE metadata, descriptor-sensitive semantic calls, or local memory sinks.","warning","MySQL PGQS priority function 'eq' touches Item/Field/TABLE descriptor metadata","/sql/item.cc","11178","6","11178","27"
"MySQL PGQS descriptor and metadata risk anchors","Reports MySQL SQL-layer priority functions that combine Item/Field/TABLE metadata, descriptor-sensitive semantic calls, or local memory sinks.","warning","MySQL PGQS priority function 'Item_values_column' touches Item/Field/TABLE descriptor metadata","/sql/item.cc","11174","1","11174","38"
"MySQL PGQS descriptor and metadata risk anchors","Reports MySQL SQL-layer priority functions that combine Item/Field/TABLE metadata, descriptor-sensitive semantic calls, or local memory sinks.","warning","MySQL PGQS priority function 'save_in_field_inner' touches Item/Field/TABLE descriptor metadata","/sql/item.cc","11166","24","11166","62"
"MySQL PGQS descriptor and metadata risk anchors","Reports MySQL SQL-layer priority functions that combine Item/Field/TABLE metadata, descriptor-sensitive semantic calls, or local memory sinks.","warning","MySQL PGQS priority function 'make_field' touches Item/Field/TABLE descriptor metadata","/sql/item.h","7360","8","7360","17"
"MySQL PGQS descriptor and metadata risk anchors","Reports MySQL SQL-layer priority functions that combine Item/Field/TABLE metadata, descriptor-sensitive semantic calls, or local memory sinks.","warning","MySQL PGQS priority function 'make_field' touches Item/Field/TABLE descriptor metadata
MySQL PGQS priority function 'make_field' calls descriptor/type-resolution helper","/sql/item.cc","6699","6","6699","21"
"MySQL PGQS descriptor and metadata risk anchors","Reports MySQL SQL-layer priority functions that combine Item/Field/TABLE metadata, descriptor-sensitive semantic calls, or local memory sinks.","warning","MySQL PGQS priority function 'unify_types' touches Item/Field/TABLE descriptor metadata
MySQL PGQS priority function 'unify_types' calls descriptor/type-resolution helper","/sql/item.cc","10922","6","10922","37"
"MySQL PGQS descriptor and metadata risk anchors","Reports MySQL SQL-layer priority functions that combine Item/Field/TABLE metadata, descriptor-sensitive semantic calls, or local memory sinks.","warning","MySQL PGQS priority function 'unify_types' touches Item/Field/TABLE descriptor metadata
MySQL PGQS priority function 'unify_types' calls descriptor/type-resolution helper","/sql/item.cc","10958","6","10958","37"
"MySQL PGQS descriptor and metadata risk anchors","Reports MySQL SQL-layer priority functions that combine Item/Field/TABLE metadata, descriptor-sensitive semantic calls, or local memory sinks.","warning","MySQL PGQS priority function 'result_type' calls descriptor/type-resolution helper","/sql/item.cc","10844","13","10844","44"
"MySQL PGQS descriptor and metadata risk anchors","Reports MySQL SQL-layer priority functions that combine Item/Field/TABLE metadata, descriptor-sensitive semantic calls, or local memory sinks.","warning","MySQL PGQS priority function 'set_typelib' touches Item/Field/TABLE descriptor metadata
MySQL PGQS priority function 'set_typelib' calls descriptor/type-resolution helper","/sql/item.cc","11117","6","11117","37"
"MySQL PGQS descriptor and metadata risk anchors","Reports MySQL SQL-layer priority functions that combine Item/Field/TABLE metadata, descriptor-sensitive semantic calls, or local memory sinks.","warning","MySQL PGQS priority function 'val_str' touches Item/Field/TABLE descriptor metadata","/sql/item.cc","10490","9","10490","32"
"MySQL PGQS descriptor and metadata risk anchors","Reports MySQL SQL-layer priority functions that combine Item/Field/TABLE metadata, descriptor-sensitive semantic calls, or local memory sinks.","warning","MySQL PGQS priority function 'store_value' touches Item/Field/TABLE descriptor metadata","/sql/item.cc","10469","6","10469","33"
"MySQL PGQS descriptor and metadata risk anchors","Reports MySQL SQL-layer priority functions that combine Item/Field/TABLE metadata, descriptor-sensitive semantic calls, or local memory sinks.","warning","MySQL PGQS priority function 'val_datetime' calls descriptor/type-resolution helper","/sql/item.cc","10367","6","10367","38"
"MySQL PGQS descriptor and metadata risk anchors","Reports MySQL SQL-layer priority functions that combine Item/Field/TABLE metadata, descriptor-sensitive semantic calls, or local memory sinks.","warning","MySQL PGQS priority function 'val_time' calls descriptor/type-resolution helper","/sql/item.cc","10398","6","10398","34"
"MySQL PGQS descriptor and metadata risk anchors","Reports MySQL SQL-layer priority functions that combine Item/Field/TABLE metadata, descriptor-sensitive semantic calls, or local memory sinks.","warning","MySQL PGQS priority function 'val_str' calls descriptor/type-resolution helper","/sql/item.cc","10314","9","10314","36"
"MySQL PGQS descriptor and metadata risk anchors","Reports MySQL SQL-layer priority functions that combine Item/Field/TABLE metadata, descriptor-sensitive semantic calls, or local memory sinks.","warning","MySQL PGQS priority function 'val_date_temporal' calls descriptor/type-resolution helper","/sql/item.cc","10428","10","10428","47"
"MySQL PGQS descriptor and metadata risk anchors","Reports MySQL SQL-layer priority functions that combine Item/Field/TABLE metadata, descriptor-sensitive semantic calls, or local memory sinks.","warning","MySQL PGQS priority function 'store' touches Item/Field/TABLE descriptor metadata","/sql/item.cc","10309","6","10309","31"
"MySQL PGQS descriptor and metadata risk anchors","Reports MySQL SQL-layer priority functions that combine Item/Field/TABLE metadata, descriptor-sensitive semantic calls, or local memory sinks.","warning","MySQL PGQS priority function 'store_value' touches Item/Field/TABLE descriptor metadata
MySQL PGQS priority function 'store_value' calls descriptor/type-resolution helper","/sql/item.cc","10301","6","10301","37"
"MySQL PGQS descriptor and metadata risk anchors","Reports MySQL SQL-layer priority functions that combine Item/Field/TABLE metadata, descriptor-sensitive semantic calls, or local memory sinks.","warning","MySQL PGQS priority function 'cleanup' touches Item/Field/TABLE descriptor metadata","/sql/item.cc","10122","6","10122","24"
"MySQL PGQS descriptor and metadata risk anchors","Reports MySQL SQL-layer priority functions that combine Item/Field/TABLE metadata, descriptor-sensitive semantic calls, or local memory sinks.","warning","MySQL PGQS priority function 'store' touches Item/Field/TABLE descriptor metadata","/sql/item.cc","10757","6","10757","26"
"MySQL PGQS descriptor and metadata risk anchors","Reports MySQL SQL-layer priority functions that combine Item/Field/TABLE metadata, descriptor-sensitive semantic calls, or local memory sinks.","warning","MySQL PGQS priority function 'store_value' touches Item/Field/TABLE descriptor metadata","/sql/item.cc","10674","6","10674","32"
"MySQL PGQS descriptor and metadata risk anchors","Reports MySQL SQL-layer priority functions that combine Item/Field/TABLE metadata, descriptor-sensitive semantic calls, or local memory sinks.","warning","MySQL PGQS priority function 'save_in_field_inner' touches Item/Field/TABLE descriptor metadata","/sql/item.cc","10723","24","10723","58"
"MySQL PGQS descriptor and metadata risk anchors","Reports MySQL SQL-layer priority functions that combine Item/Field/TABLE metadata, descriptor-sensitive semantic calls, or local memory sinks.","warning","MySQL PGQS priority function 'store_value' touches Item/Field/TABLE descriptor metadata","/sql/item.cc","10614","6","10614","36"
"MySQL PGQS descriptor and metadata risk anchors","Reports MySQL SQL-layer priority functions that combine Item/Field/TABLE metadata, descriptor-sensitive semantic calls, or local memory sinks.","warning","MySQL PGQS priority function 'store_value' touches Item/Field/TABLE descriptor metadata","/sql/item.cc","10573","6","10573","33"
"MySQL PGQS descriptor and metadata risk anchors","Reports MySQL SQL-layer priority functions that combine Item/Field/TABLE metadata, descriptor-sensitive semantic calls, or local memory sinks.","warning","MySQL PGQS priority function 'store_value' touches Item/Field/TABLE descriptor metadata","/sql/item.cc","10142","6","10142","32"
"MySQL PGQS descriptor and metadata risk anchors","Reports MySQL SQL-layer priority functions that combine Item/Field/TABLE metadata, descriptor-sensitive semantic calls, or local memory sinks.","warning","MySQL PGQS priority function 'cleanup' touches Item/Field/TABLE descriptor metadata","/sql/item.cc","9783","6","9783","32"
"MySQL PGQS descriptor and metadata risk anchors","Reports MySQL SQL-layer priority functions that combine Item/Field/TABLE metadata, descriptor-sensitive semantic calls, or local memory sinks.","warning","MySQL PGQS priority function 'bind_fields' touches Item/Field/TABLE descriptor metadata","/sql/item.cc","9744","6","9744","36"
"MySQL PGQS descriptor and metadata risk anchors","Reports MySQL SQL-layer priority functions that combine Item/Field/TABLE metadata, descriptor-sensitive semantic calls, or local memory sinks.","warning","MySQL PGQS priority function 'fix_fields' touches Item/Field/TABLE descriptor metadata","/sql/item.cc","9708","6","9708","35"
"MySQL PGQS descriptor and metadata risk anchors","Reports MySQL SQL-layer priority functions that combine Item/Field/TABLE metadata, descriptor-sensitive semantic calls, or local memory sinks.","warning","MySQL PGQS priority function 'eq' touches Item/Field/TABLE descriptor metadata","/sql/item.cc","9672","6","9672","27"
"MySQL PGQS descriptor and metadata risk anchors","Reports MySQL SQL-layer priority functions that combine Item/Field/TABLE metadata, descriptor-sensitive semantic calls, or local memory sinks.","warning","MySQL PGQS priority function 'hash' touches Item/Field/TABLE descriptor metadata","/sql/item.cc","9633","10","9633","32"
"MySQL PGQS descriptor and metadata risk anchors","Reports MySQL SQL-layer priority functions that combine Item/Field/TABLE metadata, descriptor-sensitive semantic calls, or local memory sinks.","warning","MySQL PGQS priority function 'cleanup' touches Item/Field/TABLE descriptor metadata","/sql/item.cc","9620","6","9620","31"
"MySQL PGQS descriptor and metadata risk anchors","Reports MySQL SQL-layer priority functions that combine Item/Field/TABLE metadata, descriptor-sensitive semantic calls, or local memory sinks.","warning","MySQL PGQS priority function 'bind_fields' touches Item/Field/TABLE descriptor metadata","/sql/item.cc","9598","6","9598","35"
"MySQL PGQS descriptor and metadata risk anchors","Reports MySQL SQL-layer priority functions that combine Item/Field/TABLE metadata, descriptor-sensitive semantic calls, or local memory sinks.","warning","MySQL PGQS priority function 'fix_fields' touches Item/Field/TABLE descriptor metadata","/sql/item.cc","9515","6","9515","34"
"MySQL PGQS descriptor and metadata risk anchors","Reports MySQL SQL-layer priority functions that combine Item/Field/TABLE metadata, descriptor-sensitive semantic calls, or local memory sinks.","warning","MySQL PGQS priority function 'eq' touches Item/Field/TABLE descriptor metadata","/sql/item.cc","9510","6","9510","26"
"MySQL PGQS descriptor and metadata risk anchors","Reports MySQL SQL-layer priority functions that combine Item/Field/TABLE metadata, descriptor-sensitive semantic calls, or local memory sinks.","warning","MySQL PGQS priority function 'do_itemize' touches Item/Field/TABLE descriptor metadata","/sql/item.h","6743","8","6743","17"
"MySQL PGQS descriptor and metadata risk anchors","Reports MySQL SQL-layer priority functions that combine Item/Field/TABLE metadata, descriptor-sensitive semantic calls, or local memory sinks.","warning","MySQL PGQS priority function 'do_itemize' touches Item/Field/TABLE descriptor metadata","/sql/item.cc","3039","6","3039","27"
"MySQL PGQS descriptor and metadata risk anchors","Reports MySQL SQL-layer priority functions that combine Item/Field/TABLE metadata, descriptor-sensitive semantic calls, or local memory sinks.","warning","MySQL PGQS priority function 'save_in_field_inner' touches Item/Field/TABLE descriptor metadata","/sql/item.h","6719","26","6719","44"
"MySQL PGQS descriptor and metadata risk anchors","Reports MySQL SQL-layer priority functions that combine Item/Field/TABLE metadata, descriptor-sensitive semantic calls, or local memory sinks.","warning","MySQL PGQS priority function 'save_in_field_inner' touches Item/Field/TABLE descriptor metadata","/sql/item.cc","7019","24","7019","54"
"MySQL PGQS descriptor and metadata risk anchors","Reports MySQL SQL-layer priority functions that combine Item/Field/TABLE metadata, descriptor-sensitive semantic calls, or local memory sinks.","warning","MySQL PGQS priority function 'val_time' touches Item/Field/TABLE descriptor metadata","/sql/item.h","6537","8","6537","15"
"MySQL PGQS descriptor and metadata risk anchors","Reports MySQL SQL-layer priority functions that combine Item/Field/TABLE metadata, descriptor-sensitive semantic calls, or local memory sinks.","warning","MySQL PGQS priority function 'hash' touches Item/Field/TABLE descriptor metadata","/sql/item.cc","7351","10","7351","32"
"MySQL PGQS descriptor and metadata risk anchors","Reports MySQL SQL-layer priority functions that combine Item/Field/TABLE metadata, descriptor-sensitive semantic calls, or local memory sinks.","warning","MySQL PGQS priority function 'save_in_field_inner' touches Item/Field/TABLE descriptor metadata","/sql/item.h","6502","26","6502","44"
"MySQL PGQS descriptor and metadata risk anchors","Reports MySQL SQL-layer priority functions that combine Item/Field/TABLE metadata, descriptor-sensitive semantic calls, or local memory sinks.","warning","MySQL PGQS priority function 'save_in_field' touches Item/Field/TABLE descriptor metadata","/sql/item.cc","7066","24","7066","42"
"MySQL PGQS descriptor and metadata risk anchors","Reports MySQL SQL-layer priority functions that combine Item/Field/TABLE metadata, descriptor-sensitive semantic calls, or local memory sinks.","warning","MySQL PGQS priority function 'ref_item' touches Item/Field/TABLE descriptor metadata","/sql/item.h","6063","9","6063","16"
"MySQL PGQS descriptor and metadata risk anchors","Reports MySQL SQL-layer priority functions that combine Item/Field/TABLE metadata, descriptor-sensitive semantic calls, or local memory sinks.","warning","MySQL PGQS priority function 'val_datetime' touches Item/Field/TABLE descriptor metadata","/sql/item.cc","5381","6","5381","39"
"MySQL PGQS descriptor and metadata risk anchors","Reports MySQL SQL-layer priority functions that combine Item/Field/TABLE metadata, descriptor-sensitive semantic calls, or local memory sinks.","warning","MySQL PGQS priority function 'val_date' touches Item/Field/TABLE descriptor metadata","/sql/item.cc","5375","6","5375","35"
"MySQL PGQS descriptor and metadata risk anchors","Reports MySQL SQL-layer priority functions that combine Item/Field/TABLE metadata, descriptor-sensitive semantic calls, or local memory sinks.","warning","MySQL PGQS priority function 'val_time' touches Item/Field/TABLE descriptor metadata","/sql/item.cc","5369","6","5369","35"
"MySQL PGQS descriptor and metadata risk anchors","Reports MySQL SQL-layer priority functions that combine Item/Field/TABLE metadata, descriptor-sensitive semantic calls, or local memory sinks.","warning","MySQL PGQS priority function 'val_bool' touches Item/Field/TABLE descriptor metadata","/sql/item.cc","5357","6","5357","35"
"MySQL PGQS descriptor and metadata risk anchors","Reports MySQL SQL-layer priority functions that combine Item/Field/TABLE metadata, descriptor-sensitive semantic calls, or local memory sinks.","warning","MySQL PGQS priority function 'val_str' touches Item/Field/TABLE descriptor metadata","/sql/item.cc","5363","9","5363","37"
"MySQL PGQS descriptor and metadata risk anchors","Reports MySQL SQL-layer priority functions that combine Item/Field/TABLE metadata, descriptor-sensitive semantic calls, or local memory sinks.","warning","MySQL PGQS priority function 'val_date_temporal' touches Item/Field/TABLE descriptor metadata","/sql/item.cc","5345","10","5345","48"
"MySQL PGQS descriptor and metadata risk anchors","Reports MySQL SQL-layer priority functions that combine Item/Field/TABLE metadata, descriptor-sensitive semantic calls, or local memory sinks.","warning","MySQL PGQS priority function 'val_int' touches Item/Field/TABLE descriptor metadata","/sql/item.cc","5339","10","5339","38"
"MySQL PGQS descriptor and metadata risk anchors","Reports MySQL SQL-layer priority functions that combine Item/Field/TABLE metadata, descriptor-sensitive semantic calls, or local memory sinks.","warning","MySQL PGQS priority function 'val_real' touches Item/Field/TABLE descriptor metadata","/sql/item.cc","5333","8","5333","37"
"MySQL PGQS descriptor and metadata risk anchors","Reports MySQL SQL-layer priority functions that combine Item/Field/TABLE metadata, descriptor-sensitive semantic calls, or local memory sinks.","warning","MySQL PGQS priority function 'fix_fields' touches Item/Field/TABLE descriptor metadata","/sql/item.cc","9115","6","9115","31"
"MySQL PGQS descriptor and metadata risk anchors","Reports MySQL SQL-layer priority functions that combine Item/Field/TABLE metadata, descriptor-sensitive semantic calls, or local memory sinks.","warning","MySQL PGQS priority function 'eq' touches Item/Field/TABLE descriptor metadata","/sql/item.cc","7646","6","7646","24"
"MySQL PGQS descriptor and metadata risk anchors","Reports MySQL SQL-layer priority functions that combine Item/Field/TABLE metadata, descriptor-sensitive semantic calls, or local memory sinks.","warning","MySQL PGQS priority function 'save_in_field_inner' touches Item/Field/TABLE descriptor metadata
MySQL PGQS priority function 'save_in_field_inner' calls descriptor/type-resolution helper","/sql/item.cc","7591","24","7591","59"
"MySQL PGQS descriptor and metadata risk anchors","Reports MySQL SQL-layer priority functions that combine Item/Field/TABLE metadata, descriptor-sensitive semantic calls, or local memory sinks.","warning","MySQL PGQS priority function 'make_field' touches Item/Field/TABLE descriptor metadata","/sql/item.cc","6703","6","6703","34"
"MySQL PGQS descriptor and metadata risk anchors","Reports MySQL SQL-layer priority functions that combine Item/Field/TABLE metadata, descriptor-sensitive semantic calls, or local memory sinks.","warning","MySQL PGQS priority function 'eq' touches Item/Field/TABLE descriptor metadata","/sql/item.cc","1545","6","1545","20"
"MySQL PGQS descriptor and metadata risk anchors","Reports MySQL SQL-layer priority functions that combine Item/Field/TABLE metadata, descriptor-sensitive semantic calls, or local memory sinks.","warning","MySQL PGQS priority function 'init' touches Item/Field/TABLE descriptor metadata","/sql/item.h","5581","8","5581","11"
"MySQL PGQS descriptor and metadata risk anchors","Reports MySQL SQL-layer priority functions that combine Item/Field/TABLE metadata, descriptor-sensitive semantic calls, or local memory sinks.","warning","MySQL PGQS priority function 'save_in_field_inner' touches Item/Field/TABLE descriptor metadata","/sql/item.cc","7216","24","7216","55"
"MySQL PGQS descriptor and metadata risk anchors","Reports MySQL SQL-layer priority functions that combine Item/Field/TABLE metadata, descriptor-sensitive semantic calls, or local memory sinks.","warning","MySQL PGQS priority function 'save_in_field_inner' touches Item/Field/TABLE descriptor metadata","/sql/item.cc","7222","24","7222","53"
"MySQL PGQS descriptor and metadata risk anchors","Reports MySQL SQL-layer priority functions that combine Item/Field/TABLE metadata, descriptor-sensitive semantic calls, or local memory sinks.","warning","MySQL PGQS priority function 'save_in_field_inner' touches Item/Field/TABLE descriptor metadata","/sql/item.cc","7272","24","7272","57"
"MySQL PGQS descriptor and metadata risk anchors","Reports MySQL SQL-layer priority functions that combine Item/Field/TABLE metadata, descriptor-sensitive semantic calls, or local memory sinks.","warning","MySQL PGQS priority function 'eq' touches Item/Field/TABLE descriptor metadata","/sql/item.cc","3904","6","3904","18"
"MySQL PGQS descriptor and metadata risk anchors","Reports MySQL SQL-layer priority functions that combine Item/Field/TABLE metadata, descriptor-sensitive semantic calls, or local memory sinks.","warning","MySQL PGQS priority function 'save_in_field_inner' touches Item/Field/TABLE descriptor metadata","/sql/item.cc","7061","24","7061","53"
"MySQL PGQS descriptor and metadata risk anchors","Reports MySQL SQL-layer priority functions that combine Item/Field/TABLE metadata, descriptor-sensitive semantic calls, or local memory sinks.","warning","MySQL PGQS priority function 'do_itemize' touches Item/Field/TABLE descriptor metadata","/sql/item.cc","11555","6","11555","30"
"MySQL PGQS descriptor and metadata risk anchors","Reports MySQL SQL-layer priority functions that combine Item/Field/TABLE metadata, descriptor-sensitive semantic calls, or local memory sinks.","warning","MySQL PGQS priority function 'make_field' touches Item/Field/TABLE descriptor metadata","/sql/item.cc","2952","6","2952","36"
"MySQL PGQS descriptor and metadata risk anchors","Reports MySQL SQL-layer priority functions that combine Item/Field/TABLE metadata, descriptor-sensitive semantic calls, or local memory sinks.","warning","MySQL PGQS priority function 'val_datetime' touches Item/Field/TABLE descriptor metadata","/sql/item.h","4458","8","4458","19"
"MySQL PGQS descriptor and metadata risk anchors","Reports MySQL SQL-layer priority functions that combine Item/Field/TABLE metadata, descriptor-sensitive semantic calls, or local memory sinks.","warning","MySQL PGQS priority function 'val_time' touches Item/Field/TABLE descriptor metadata","/sql/item.h","4457","8","4457","15"
"MySQL PGQS descriptor and metadata risk anchors","Reports MySQL SQL-layer priority functions that combine Item/Field/TABLE metadata, descriptor-sensitive semantic calls, or local memory sinks.","warning","MySQL PGQS priority function 'val_date' touches Item/Field/TABLE descriptor metadata","/sql/item.h","4454","8","4454","15"
"MySQL PGQS descriptor and metadata risk anchors","Reports MySQL SQL-layer priority functions that combine Item/Field/TABLE metadata, descriptor-sensitive semantic calls, or local memory sinks.","warning","MySQL PGQS priority function 'val_str' touches Item/Field/TABLE descriptor metadata","/sql/item.h","4450","11","4450","17"
"MySQL PGQS descriptor and metadata risk anchors","Reports MySQL SQL-layer priority functions that combine Item/Field/TABLE metadata, descriptor-sensitive semantic calls, or local memory sinks.","warning","MySQL PGQS priority function 'val_int' touches Item/Field/TABLE descriptor metadata","/sql/item.h","4449","12","4449","18"
"MySQL PGQS descriptor and metadata risk anchors","Reports MySQL SQL-layer priority functions that combine Item/Field/TABLE metadata, descriptor-sensitive semantic calls, or local memory sinks.","warning","MySQL PGQS priority function 'val_real' touches Item/Field/TABLE descriptor metadata","/sql/item.h","4448","10","4448","17"
"MySQL PGQS descriptor and metadata risk anchors","Reports MySQL SQL-layer priority functions that combine Item/Field/TABLE metadata, descriptor-sensitive semantic calls, or local memory sinks.","warning","MySQL PGQS priority function 'fix_fields' touches Item/Field/TABLE descriptor metadata","/sql/item.cc","2965","6","2965","36"
"MySQL PGQS descriptor and metadata risk anchors","Reports MySQL SQL-layer priority functions that combine Item/Field/TABLE metadata, descriptor-sensitive semantic calls, or local memory sinks.","warning","MySQL PGQS priority function 'save_in_field_inner' touches Item/Field/TABLE descriptor metadata","/sql/item.h","4159","26","4159","44"
"MySQL PGQS descriptor and metadata risk anchors","Reports MySQL SQL-layer priority functions that combine Item/Field/TABLE metadata, descriptor-sensitive semantic calls, or local memory sinks.","warning","MySQL PGQS priority function 'result_type' touches Item/Field/TABLE descriptor metadata
MySQL PGQS priority function 'result_type' calls descriptor/type-resolution helper","/sql/item.h","4151","15","4151","25"
"MySQL PGQS descriptor and metadata risk anchors","Reports MySQL SQL-layer priority functions that combine Item/Field/TABLE metadata, descriptor-sensitive semantic calls, or local memory sinks.","warning","MySQL PGQS priority function 'hash' touches Item/Field/TABLE descriptor metadata","/sql/item.cc","2206","10","2206","30"
"MySQL PGQS descriptor and metadata risk anchors","Reports MySQL SQL-layer priority functions that combine Item/Field/TABLE metadata, descriptor-sensitive semantic calls, or local memory sinks.","warning","MySQL PGQS priority function 'val_datetime' touches Item/Field/TABLE descriptor metadata","/sql/item.cc","2107","6","2107","34"
"MySQL PGQS descriptor and metadata risk anchors","Reports MySQL SQL-layer priority functions that combine Item/Field/TABLE metadata, descriptor-sensitive semantic calls, or local memory sinks.","warning","MySQL PGQS priority function 'val_time' touches Item/Field/TABLE descriptor metadata","/sql/item.cc","2112","6","2112","30"
"MySQL PGQS descriptor and metadata risk anchors","Reports MySQL SQL-layer priority functions that combine Item/Field/TABLE metadata, descriptor-sensitive semantic calls, or local memory sinks.","warning","MySQL PGQS priority function 'val_str' touches Item/Field/TABLE descriptor metadata","/sql/item.cc","2089","9","2089","32"
"MySQL PGQS descriptor and metadata risk anchors","Reports MySQL SQL-layer priority functions that combine Item/Field/TABLE metadata, descriptor-sensitive semantic calls, or local memory sinks.","warning","MySQL PGQS priority function 'val_int' touches Item/Field/TABLE descriptor metadata","/sql/item.cc","2082","10","2082","33"
"MySQL PGQS descriptor and metadata risk anchors","Reports MySQL SQL-layer priority functions that combine Item/Field/TABLE metadata, descriptor-sensitive semantic calls, or local memory sinks.","warning","MySQL PGQS priority function 'val_real' touches Item/Field/TABLE descriptor metadata","/sql/item.cc","2075","8","2075","32"
"MySQL PGQS descriptor and metadata risk anchors","Reports MySQL SQL-layer priority functions that combine Item/Field/TABLE metadata, descriptor-sensitive semantic calls, or local memory sinks.","warning","MySQL PGQS priority function 'fix_fields' touches Item/Field/TABLE descriptor metadata","/sql/item.cc","2171","6","2171","32"
"MySQL PGQS descriptor and metadata risk anchors","Reports MySQL SQL-layer priority functions that combine Item/Field/TABLE metadata, descriptor-sensitive semantic calls, or local memory sinks.","warning","MySQL PGQS priority function 'do_itemize' touches Item/Field/TABLE descriptor metadata","/sql/item.cc","2124","6","2124","32"
"MySQL PGQS descriptor and metadata risk anchors","Reports MySQL SQL-layer priority functions that combine Item/Field/TABLE metadata, descriptor-sensitive semantic calls, or local memory sinks.","warning","MySQL PGQS priority function 'result_type' calls descriptor/type-resolution helper","/sql/item.h","4093","15","4093","25"
"MySQL PGQS descriptor and metadata risk anchors","Reports MySQL SQL-layer priority functions that combine Item/Field/TABLE metadata, descriptor-sensitive semantic calls, or local memory sinks.","warning","MySQL PGQS priority function 'val_json' touches Item/Field/TABLE descriptor metadata","/sql/item.cc","2005","6","2005","27"
"MySQL PGQS descriptor and metadata risk anchors","Reports MySQL SQL-layer priority functions that combine Item/Field/TABLE metadata, descriptor-sensitive semantic calls, or local memory sinks.","warning","MySQL PGQS priority function 'result_type' calls descriptor/type-resolution helper","/sql/item.h","4065","15","4065","25"
"MySQL PGQS descriptor and metadata risk anchors","Reports MySQL SQL-layer priority functions that combine Item/Field/TABLE metadata, descriptor-sensitive semantic calls, or local memory sinks.","warning","MySQL PGQS priority function 'save_in_field_inner' touches Item/Field/TABLE descriptor metadata","/sql/item.h","4004","31","4004","67"
"MySQL PGQS descriptor and metadata risk anchors","Reports MySQL SQL-layer priority functions that combine Item/Field/TABLE metadata, descriptor-sensitive semantic calls, or local memory sinks.","warning","MySQL PGQS priority function 'send' calls descriptor/type-resolution helper","/sql/item.cc","7787","6","7787","15"
"MySQL PGQS descriptor and metadata risk anchors","Reports MySQL SQL-layer priority functions that combine Item/Field/TABLE metadata, descriptor-sensitive semantic calls, or local memory sinks.","warning","MySQL PGQS priority function 'make_field' touches Item/Field/TABLE descriptor metadata","/sql/item.h","3998","13","3998","40"
"MySQL PGQS descriptor and metadata risk anchors","Reports MySQL SQL-layer priority functions that combine Item/Field/TABLE metadata, descriptor-sensitive semantic calls, or local memory sinks.","warning","MySQL PGQS priority function 'val_datetime' touches Item/Field/TABLE descriptor metadata","/sql/item.cc","1956","6","1956","35"
"MySQL PGQS descriptor and metadata risk anchors","Reports MySQL SQL-layer priority functions that combine Item/Field/TABLE metadata, descriptor-sensitive semantic calls, or local memory sinks.","warning","MySQL PGQS priority function 'val_time' touches Item/Field/TABLE descriptor metadata","/sql/item.cc","1962","6","1962","31"
"MySQL PGQS descriptor and metadata risk anchors","Reports MySQL SQL-layer priority functions that combine Item/Field/TABLE metadata, descriptor-sensitive semantic calls, or local memory sinks.","warning","MySQL PGQS priority function 'val_json' touches Item/Field/TABLE descriptor metadata","/sql/item.cc","1944","6","1944","31"
"MySQL PGQS descriptor and metadata risk anchors","Reports MySQL SQL-layer priority functions that combine Item/Field/TABLE metadata, descriptor-sensitive semantic calls, or local memory sinks.","warning","MySQL PGQS priority function 'val_str' touches Item/Field/TABLE descriptor metadata","/sql/item.cc","1903","9","1903","33"
"MySQL PGQS descriptor and metadata risk anchors","Reports MySQL SQL-layer priority functions that combine Item/Field/TABLE metadata, descriptor-sensitive semantic calls, or local memory sinks.","warning","MySQL PGQS priority function 'val_int' touches Item/Field/TABLE descriptor metadata","/sql/item.cc","1895","10","1895","34"
"MySQL PGQS descriptor and metadata risk anchors","Reports MySQL SQL-layer priority functions that combine Item/Field/TABLE metadata, descriptor-sensitive semantic calls, or local memory sinks.","warning","MySQL PGQS priority function 'val_real' touches Item/Field/TABLE descriptor metadata","/sql/item.cc","1887","8","1887","33"
"MySQL PGQS descriptor and metadata risk anchors","Reports MySQL SQL-layer priority functions that combine Item/Field/TABLE metadata, descriptor-sensitive semantic calls, or local memory sinks.","warning","MySQL PGQS priority function 'fix_fields' touches Item/Field/TABLE descriptor metadata
MySQL PGQS priority function 'fix_fields' calls descriptor/type-resolution helper","/sql/item.cc","1864","6","1864","33"
"MySQL PGQS descriptor and metadata risk anchors","Reports MySQL SQL-layer priority functions that combine Item/Field/TABLE metadata, descriptor-sensitive semantic calls, or local memory sinks.","warning","MySQL PGQS priority function 'strip_db_table_name_processor' touches Item/Field/TABLE descriptor metadata","/sql/item.cc","11460","6","11460","46"
"MySQL PGQS descriptor and metadata risk anchors","Reports MySQL SQL-layer priority functions that combine Item/Field/TABLE metadata, descriptor-sensitive semantic calls, or local memory sinks.","warning","MySQL PGQS priority function 'reset_field' touches Item/Field/TABLE descriptor metadata","/sql/item.cc","6375","6","6375","28"
"MySQL PGQS descriptor and metadata risk anchors","Reports MySQL SQL-layer priority functions that combine Item/Field/TABLE metadata, descriptor-sensitive semantic calls, or local memory sinks.","warning","MySQL PGQS priority function 'cleanup' touches Item/Field/TABLE descriptor metadata","/sql/item.cc","6338","6","6338","24"
"MySQL PGQS descriptor and metadata risk anchors","Reports MySQL SQL-layer priority functions that combine Item/Field/TABLE metadata, descriptor-sensitive semantic calls, or local memory sinks.","warning","MySQL PGQS priority function 'bind_fields' touches Item/Field/TABLE descriptor metadata","/sql/item.cc","6309","6","6309","28"
"MySQL PGQS descriptor and metadata risk anchors","Reports MySQL SQL-layer priority functions that combine Item/Field/TABLE metadata, descriptor-sensitive semantic calls, or local memory sinks.","warning","MySQL PGQS priority function 'used_tables_for_level' touches Item/Field/TABLE descriptor metadata","/sql/item.cc","3421","6","3421","38"
"MySQL PGQS descriptor and metadata risk anchors","Reports MySQL SQL-layer priority functions that combine Item/Field/TABLE metadata, descriptor-sensitive semantic calls, or local memory sinks.","warning","MySQL PGQS priority function 'find_item_in_field_list_processor' touches Item/Field/TABLE descriptor metadata","/sql/item.cc","1093","6","1093","50"
"MySQL PGQS descriptor and metadata risk anchors","Reports MySQL SQL-layer priority functions that combine Item/Field/TABLE metadata, descriptor-sensitive semantic calls, or local memory sinks.","warning","MySQL PGQS priority function 'add_field_to_cond_set_processor' touches Item/Field/TABLE descriptor metadata","/sql/item.cc","1064","6","1064","48"
"MySQL PGQS descriptor and metadata risk anchors","Reports MySQL SQL-layer priority functions that combine Item/Field/TABLE metadata, descriptor-sensitive semantic calls, or local memory sinks.","warning","MySQL PGQS priority function 'add_field_to_set_processor' touches Item/Field/TABLE descriptor metadata","/sql/item.cc","1055","6","1055","43"
"MySQL PGQS descriptor and metadata risk anchors","Reports MySQL SQL-layer priority functions that combine Item/Field/TABLE metadata, descriptor-sensitive semantic calls, or local memory sinks.","warning","MySQL PGQS priority function 'collect_outer_field_processor' touches Item/Field/TABLE descriptor metadata","/sql/item.cc","985","6","985","46"
"MySQL PGQS descriptor and metadata risk anchors","Reports MySQL SQL-layer priority functions that combine Item/Field/TABLE metadata, descriptor-sensitive semantic calls, or local memory sinks.","warning","MySQL PGQS priority function 'collect_item_field_or_view_ref_processor' touches Item/Field/TABLE descriptor metadata","/sql/item.cc","1033","6","1033","57"
"MySQL PGQS descriptor and metadata risk anchors","Reports MySQL SQL-layer priority functions that combine Item/Field/TABLE metadata, descriptor-sensitive semantic calls, or local memory sinks.","warning","MySQL PGQS priority function 'collect_item_field_or_ref_processor' touches Item/Field/TABLE descriptor metadata","/sql/item.cc","1017","6","1017","52"
"MySQL PGQS descriptor and metadata risk anchors","Reports MySQL SQL-layer priority functions that combine Item/Field/TABLE metadata, descriptor-sensitive semantic calls, or local memory sinks.","warning","MySQL PGQS priority function 'collect_item_field_processor' touches Item/Field/TABLE descriptor metadata","/sql/item.cc","973","6","973","45"
"MySQL PGQS descriptor and metadata risk anchors","Reports MySQL SQL-layer priority functions that combine Item/Field/TABLE metadata, descriptor-sensitive semantic calls, or local memory sinks.","warning","MySQL PGQS priority function 'val_datetime' touches Item/Field/TABLE descriptor metadata","/sql/item.cc","3351","6","3351","29"
"MySQL PGQS descriptor and metadata risk anchors","Reports MySQL SQL-layer priority functions that combine Item/Field/TABLE metadata, descriptor-sensitive semantic calls, or local memory sinks.","warning","MySQL PGQS priority function 'val_time' touches Item/Field/TABLE descriptor metadata","/sql/item.cc","3361","6","3361","25"
"MySQL PGQS descriptor and metadata risk anchors","Reports MySQL SQL-layer priority functions that combine Item/Field/TABLE metadata, descriptor-sensitive semantic calls, or local memory sinks.","warning","MySQL PGQS priority function 'result_type' touches Item/Field/TABLE descriptor metadata
MySQL PGQS priority function 'result_type' calls descriptor/type-resolution helper","/sql/item.h","4605","15","4605","25"
"MySQL PGQS descriptor and metadata risk anchors","Reports MySQL SQL-layer priority functions that combine Item/Field/TABLE metadata, descriptor-sensitive semantic calls, or local memory sinks.","warning","MySQL PGQS priority function 'used_tables' touches Item/Field/TABLE descriptor metadata","/sql/item.cc","3415","11","3415","33"
"MySQL PGQS descriptor and metadata risk anchors","Reports MySQL SQL-layer priority functions that combine Item/Field/TABLE metadata, descriptor-sensitive semantic calls, or local memory sinks.","warning","MySQL PGQS priority function 'save_org_in_field' touches Item/Field/TABLE descriptor metadata","/sql/item.cc","7004","6","7004","34"
"MySQL PGQS descriptor and metadata risk anchors","Reports MySQL SQL-layer priority functions that combine Item/Field/TABLE metadata, descriptor-sensitive semantic calls, or local memory sinks.","warning","MySQL PGQS priority function 'make_field' touches Item/Field/TABLE descriptor metadata","/sql/item.cc","6950","6","6950","27"
"MySQL PGQS descriptor and metadata risk anchors","Reports MySQL SQL-layer priority functions that combine Item/Field/TABLE metadata, descriptor-sensitive semantic calls, or local memory sinks.","warning","MySQL PGQS priority function 'fix_fields' touches Item/Field/TABLE descriptor metadata","/sql/item.cc","6093","6","6093","27"
"MySQL PGQS descriptor and metadata risk anchors","Reports MySQL SQL-layer priority functions that combine Item/Field/TABLE metadata, descriptor-sensitive semantic calls, or local memory sinks.","warning","MySQL PGQS priority function 'reset_field' touches Item/Field/TABLE descriptor metadata","/sql/item.cc","3193","6","3193","28"
"MySQL PGQS descriptor and metadata risk anchors","Reports MySQL SQL-layer priority functions that combine Item/Field/TABLE metadata, descriptor-sensitive semantic calls, or local memory sinks.","warning","MySQL PGQS priority function 'val_json' touches Item/Field/TABLE descriptor metadata
MySQL PGQS priority function 'val_json' calls descriptor/type-resolution helper","/sql/item.cc","3309","6","3309","25"
"MySQL PGQS descriptor and metadata risk anchors","Reports MySQL SQL-layer priority functions that combine Item/Field/TABLE metadata, descriptor-sensitive semantic calls, or local memory sinks.","warning","MySQL PGQS priority function 'val_str' touches Item/Field/TABLE descriptor metadata","/sql/item.cc","3302","9","3302","27"
"MySQL PGQS descriptor and metadata risk anchors","Reports MySQL SQL-layer priority functions that combine Item/Field/TABLE metadata, descriptor-sensitive semantic calls, or local memory sinks.","warning","MySQL PGQS priority function 'val_date_temporal_at_utc' touches Item/Field/TABLE descriptor metadata","/sql/item.cc","3335","10","3335","45"
"MySQL PGQS descriptor and metadata risk anchors","Reports MySQL SQL-layer priority functions that combine Item/Field/TABLE metadata, descriptor-sensitive semantic calls, or local memory sinks.","warning","MySQL PGQS priority function 'val_date_temporal' touches Item/Field/TABLE descriptor metadata","/sql/item.cc","3329","10","3329","38"
"MySQL PGQS descriptor and metadata risk anchors","Reports MySQL SQL-layer priority functions that combine Item/Field/TABLE metadata, descriptor-sensitive semantic calls, or local memory sinks.","warning","MySQL PGQS priority function 'val_int' touches Item/Field/TABLE descriptor metadata","/sql/item.cc","3323","10","3323","28"
"MySQL PGQS descriptor and metadata risk anchors","Reports MySQL SQL-layer priority functions that combine Item/Field/TABLE metadata, descriptor-sensitive semantic calls, or local memory sinks.","warning","MySQL PGQS priority function 'val_real' touches Item/Field/TABLE descriptor metadata","/sql/item.cc","3317","8","3317","27"
"MySQL PGQS descriptor and metadata risk anchors","Reports MySQL SQL-layer priority functions that combine Item/Field/TABLE metadata, descriptor-sensitive semantic calls, or local memory sinks.","warning","MySQL PGQS priority function 'eq' touches Item/Field/TABLE descriptor metadata","/sql/item.cc","3377","6","3377","19"
"MySQL PGQS descriptor and metadata risk anchors","Reports MySQL SQL-layer priority functions that combine Item/Field/TABLE metadata, descriptor-sensitive semantic calls, or local memory sinks.","warning","MySQL PGQS priority function 'set_field' touches Item/Field/TABLE descriptor metadata","/sql/item.cc","3143","6","3143","26"
"MySQL PGQS descriptor and metadata risk anchors","Reports MySQL SQL-layer priority functions that combine Item/Field/TABLE metadata, descriptor-sensitive semantic calls, or local memory sinks.","warning","MySQL PGQS priority function 'store_value' touches Item/Field/TABLE descriptor metadata","/sql/item.cc","10202","6","10202","33"
"MySQL PGQS descriptor and metadata risk anchors","Reports MySQL SQL-layer priority functions that combine Item/Field/TABLE metadata, descriptor-sensitive semantic calls, or local memory sinks.","warning","MySQL PGQS priority function 'val_str' calls descriptor/type-resolution helper","/sql/item.cc","10209","9","10209","32"
"MySQL PGQS descriptor and metadata risk anchors","Reports MySQL SQL-layer priority functions that combine Item/Field/TABLE metadata, descriptor-sensitive semantic calls, or local memory sinks.","warning","MySQL PGQS priority function 'store' touches Item/Field/TABLE descriptor metadata","/sql/item.cc","10222","6","10222","27"
"MySQL PGQS descriptor and metadata risk anchors","Reports MySQL SQL-layer priority functions that combine Item/Field/TABLE metadata, descriptor-sensitive semantic calls, or local memory sinks.","warning","MySQL PGQS priority function 'result_type' touches Item/Field/TABLE descriptor metadata
MySQL PGQS priority function 'result_type' calls descriptor/type-resolution helper","/sql/item.h","7028","15","7028","25"
"MySQL PGQS descriptor and metadata risk anchors","Reports MySQL SQL-layer priority functions that combine Item/Field/TABLE metadata, descriptor-sensitive semantic calls, or local memory sinks.","warning","MySQL PGQS priority function 'store' touches Item/Field/TABLE descriptor metadata","/sql/item.cc","10073","6","10073","22"
"MySQL PGQS descriptor and metadata risk anchors","Reports MySQL SQL-layer priority functions that combine Item/Field/TABLE metadata, descriptor-sensitive semantic calls, or local memory sinks.","warning","MySQL PGQS priority function 'eq' touches Item/Field/TABLE descriptor metadata","/sql/item.h","6970","8","6970","9"
"MySQL PGQS descriptor and metadata risk anchors","Reports MySQL SQL-layer priority functions that combine Item/Field/TABLE metadata, descriptor-sensitive semantic calls, or local memory sinks.","warning","MySQL PGQS priority function 'hash' touches Item/Field/TABLE descriptor metadata","/sql/item.cc","10097","10","10097","25"
"MySQL PGQS descriptor and metadata risk anchors","Reports MySQL SQL-layer priority functions that combine Item/Field/TABLE metadata, descriptor-sensitive semantic calls, or local memory sinks.","warning","MySQL PGQS priority function 'used_tables' touches Item/Field/TABLE descriptor metadata","/sql/item.h","6963","13","6963","23"
"MySQL PGQS descriptor and metadata risk anchors","Reports MySQL SQL-layer priority functions that combine Item/Field/TABLE metadata, descriptor-sensitive semantic calls, or local memory sinks.","warning","MySQL PGQS priority function 'make_field' touches Item/Field/TABLE descriptor metadata","/sql/item.cc","5297","6","5297","27"
"MySQL PGQS descriptor and metadata risk anchors","Reports MySQL SQL-layer priority functions that combine Item/Field/TABLE metadata, descriptor-sensitive semantic calls, or local memory sinks.","warning","MySQL PGQS priority function 'set_param_type_and_swap_value' touches Item/Field/TABLE descriptor metadata","/sql/item.cc","5175","6","5175","46"
"MySQL PGQS descriptor and metadata risk anchors","Reports MySQL SQL-layer priority functions that combine Item/Field/TABLE metadata, descriptor-sensitive semantic calls, or local memory sinks.","warning","MySQL PGQS priority function 'eq' touches Item/Field/TABLE descriptor metadata","/sql/item.cc","5089","6","5089","19"
"MySQL PGQS descriptor and metadata risk anchors","Reports MySQL SQL-layer priority functions that combine Item/Field/TABLE metadata, descriptor-sensitive semantic calls, or local memory sinks.","warning","MySQL PGQS priority function 'convert_value' calls descriptor/type-resolution helper","/sql/item.cc","4794","6","4794","30"
"MySQL PGQS descriptor and metadata risk anchors","Reports MySQL SQL-layer priority functions that combine Item/Field/TABLE metadata, descriptor-sensitive semantic calls, or local memory sinks.","warning","MySQL PGQS priority function 'copy_param_actual_type' touches Item/Field/TABLE descriptor metadata
MySQL PGQS priority function 'copy_param_actual_type' combines descriptor metadata with a memory-sensitive sink","/sql/item.cc","4680","6","4680","39"
"MySQL PGQS descriptor and metadata risk anchors","Reports MySQL SQL-layer priority functions that combine Item/Field/TABLE metadata, descriptor-sensitive semantic calls, or local memory sinks.","warning","MySQL PGQS priority function 'val_json' calls descriptor/type-resolution helper","/sql/item.cc","4669","6","4669","25"
"MySQL PGQS descriptor and metadata risk anchors","Reports MySQL SQL-layer priority functions that combine Item/Field/TABLE metadata, descriptor-sensitive semantic calls, or local memory sinks.","warning","MySQL PGQS priority function 'val_str' calls descriptor/type-resolution helper","/sql/item.cc","4633","9","4633","27"
"MySQL PGQS descriptor and metadata risk anchors","Reports MySQL SQL-layer priority functions that combine Item/Field/TABLE metadata, descriptor-sensitive semantic calls, or local memory sinks.","warning","MySQL PGQS priority function 'val_int' calls descriptor/type-resolution helper","/sql/item.cc","4569","10","4569","28"
"MySQL PGQS descriptor and metadata risk anchors","Reports MySQL SQL-layer priority functions that combine Item/Field/TABLE metadata, descriptor-sensitive semantic calls, or local memory sinks.","warning","MySQL PGQS priority function 'val_real' calls descriptor/type-resolution helper","/sql/item.cc","4530","8","4530","27"
"MySQL PGQS descriptor and metadata risk anchors","Reports MySQL SQL-layer priority functions that combine Item/Field/TABLE metadata, descriptor-sensitive semantic calls, or local memory sinks.","warning","MySQL PGQS priority function 'propagate_type' touches Item/Field/TABLE descriptor metadata
MySQL PGQS priority function 'propagate_type' calls descriptor/type-resolution helper","/sql/item.cc","4074","6","4074","31"
"MySQL PGQS descriptor and metadata risk anchors","Reports MySQL SQL-layer priority functions that combine Item/Field/TABLE metadata, descriptor-sensitive semantic calls, or local memory sinks.","warning","MySQL PGQS priority function 'fix_fields' touches Item/Field/TABLE descriptor metadata
MySQL PGQS priority function 'fix_fields' calls descriptor/type-resolution helper","/sql/item.cc","4020","6","4020","27"
"MySQL PGQS descriptor and metadata risk anchors","Reports MySQL SQL-layer priority functions that combine Item/Field/TABLE metadata, descriptor-sensitive semantic calls, or local memory sinks.","warning","MySQL PGQS priority function 'result_type' touches Item/Field/TABLE descriptor metadata","/sql/item.h","5057","15","5057","25"
"MySQL PGQS descriptor and metadata risk anchors","Reports MySQL SQL-layer priority functions that combine Item/Field/TABLE metadata, descriptor-sensitive semantic calls, or local memory sinks.","warning","MySQL PGQS priority function 'do_itemize' touches Item/Field/TABLE descriptor metadata","/sql/item.cc","3956","6","3956","27"
"MySQL PGQS descriptor and metadata risk anchors","Reports MySQL SQL-layer priority functions that combine Item/Field/TABLE metadata, descriptor-sensitive semantic calls, or local memory sinks.","warning","MySQL PGQS priority function 'save_in_field_inner' touches Item/Field/TABLE descriptor metadata","/sql/item.cc","4458","24","4458","54"
"MySQL PGQS descriptor and metadata risk anchors","Reports MySQL SQL-layer priority functions that combine Item/Field/TABLE metadata, descriptor-sensitive semantic calls, or local memory sinks.","warning","MySQL PGQS priority function 'eq' touches Item/Field/TABLE descriptor metadata","/sql/item.cc","7306","6","7306","17"
"MySQL PGQS descriptor and metadata risk anchors","Reports MySQL SQL-layer priority functions that combine Item/Field/TABLE metadata, descriptor-sensitive semantic calls, or local memory sinks.","warning","MySQL PGQS priority function 'save_in_field_inner' touches Item/Field/TABLE descriptor metadata","/sql/item.cc","7266","24","7266","52"
"MySQL PGQS descriptor and metadata risk anchors","Reports MySQL SQL-layer priority functions that combine Item/Field/TABLE metadata, descriptor-sensitive semantic calls, or local memory sinks.","warning","MySQL PGQS priority function 'init' touches Item/Field/TABLE descriptor metadata","/sql/item.cc","3539","6","3539","19"
"MySQL PGQS descriptor and metadata risk anchors","Reports MySQL SQL-layer priority functions that combine Item/Field/TABLE metadata, descriptor-sensitive semantic calls, or local memory sinks.","warning","MySQL PGQS priority function 'eq' touches Item/Field/TABLE descriptor metadata","/sql/item.cc","7456","6","7456","19"
"MySQL PGQS descriptor and metadata risk anchors","Reports MySQL SQL-layer priority functions that combine Item/Field/TABLE metadata, descriptor-sensitive semantic calls, or local memory sinks.","warning","MySQL PGQS priority function 'save_in_field_inner' touches Item/Field/TABLE descriptor metadata","/sql/item.cc","7424","24","7424","54"
"MySQL PGQS descriptor and metadata risk anchors","Reports MySQL SQL-layer priority functions that combine Item/Field/TABLE metadata, descriptor-sensitive semantic calls, or local memory sinks.","warning","MySQL PGQS priority function 'init' touches Item/Field/TABLE descriptor metadata","/sql/item.cc","7407","6","7407","21"
"MySQL PGQS descriptor and metadata risk anchors","Reports MySQL SQL-layer priority functions that combine Item/Field/TABLE metadata, descriptor-sensitive semantic calls, or local memory sinks.","warning","MySQL PGQS priority function 'eq' touches Item/Field/TABLE descriptor metadata","/sql/item.cc","3705","6","3705","21"
"MySQL PGQS descriptor and metadata risk anchors","Reports MySQL SQL-layer priority functions that combine Item/Field/TABLE metadata, descriptor-sensitive semantic calls, or local memory sinks.","warning","MySQL PGQS priority function 'Item_decimal' touches Item/Field/TABLE descriptor metadata","/sql/item.cc","3632","1","3632","26"
"MySQL PGQS descriptor and metadata risk anchors","Reports MySQL SQL-layer priority functions that combine Item/Field/TABLE metadata, descriptor-sensitive semantic calls, or local memory sinks.","warning","MySQL PGQS priority function 'Item_decimal' touches Item/Field/TABLE descriptor metadata","/sql/item.cc","3602","1","3602","26"
"MySQL PGQS descriptor and metadata risk anchors","Reports MySQL SQL-layer priority functions that combine Item/Field/TABLE metadata, descriptor-sensitive semantic calls, or local memory sinks.","warning","MySQL PGQS priority function 'save_in_field_inner' touches Item/Field/TABLE descriptor metadata","/sql/item.cc","7299","24","7299","56"
"MySQL PGQS descriptor and metadata risk anchors","Reports MySQL SQL-layer priority functions that combine Item/Field/TABLE metadata, descriptor-sensitive semantic calls, or local memory sinks.","warning","MySQL PGQS priority function 'used_tables' touches Item/Field/TABLE descriptor metadata","/sql/item.h","3921","13","3921","23"
"MySQL PGQS descriptor and metadata risk anchors","Reports MySQL SQL-layer priority functions that combine Item/Field/TABLE metadata, descriptor-sensitive semantic calls, or local memory sinks.","warning","MySQL PGQS priority function 'is_blob_field' calls descriptor/type-resolution helper","/sql/item.cc","1846","6","1846","24"
"MySQL PGQS descriptor and metadata risk anchors","Reports MySQL SQL-layer priority functions that combine Item/Field/TABLE metadata, descriptor-sensitive semantic calls, or local memory sinks.","warning","MySQL PGQS priority function 'save_date_in_field' touches Item/Field/TABLE descriptor metadata","/sql/item.cc","535","24","535","47"
"MySQL PGQS descriptor and metadata risk anchors","Reports MySQL SQL-layer priority functions that combine Item/Field/TABLE metadata, descriptor-sensitive semantic calls, or local memory sinks.","warning","MySQL PGQS priority function 'save_time_in_field' touches Item/Field/TABLE descriptor metadata","/sql/item.cc","526","24","526","47"
"MySQL PGQS descriptor and metadata risk anchors","Reports MySQL SQL-layer priority functions that combine Item/Field/TABLE metadata, descriptor-sensitive semantic calls, or local memory sinks.","warning","MySQL PGQS priority function 'val_bool' calls descriptor/type-resolution helper","/sql/item.cc","246","6","246","19"
"MySQL PGQS descriptor and metadata risk anchors","Reports MySQL SQL-layer priority functions that combine Item/Field/TABLE metadata, descriptor-sensitive semantic calls, or local memory sinks.","warning","MySQL PGQS priority function 'aggregate_type' touches Item/Field/TABLE descriptor metadata
MySQL PGQS priority function 'aggregate_type' calls descriptor/type-resolution helper","/sql/item.cc","609","6","609","25"
"MySQL PGQS descriptor and metadata risk anchors","Reports MySQL SQL-layer priority functions that combine Item/Field/TABLE metadata, descriptor-sensitive semantic calls, or local memory sinks.","warning","MySQL PGQS priority function 'eq' touches Item/Field/TABLE descriptor metadata","/sql/item.cc","1476","6","1476","13"
"MySQL PGQS descriptor and metadata risk anchors","Reports MySQL SQL-layer priority functions that combine Item/Field/TABLE metadata, descriptor-sensitive semantic calls, or local memory sinks.","warning","MySQL PGQS priority function 'save_org_in_field' touches Item/Field/TABLE descriptor metadata","/sql/item.h","1430","16","1430","32"
"MySQL PGQS descriptor and metadata risk anchors","Reports MySQL SQL-layer priority functions that combine Item/Field/TABLE metadata, descriptor-sensitive semantic calls, or local memory sinks.","warning","MySQL PGQS priority function 'save_in_field_inner' touches Item/Field/TABLE descriptor metadata
MySQL PGQS priority function 'save_in_field_inner' calls descriptor/type-resolution helper","/sql/item.cc","7098","24","7098","48"
"MySQL PGQS descriptor and metadata risk anchors","Reports MySQL SQL-layer priority functions that combine Item/Field/TABLE metadata, descriptor-sensitive semantic calls, or local memory sinks.","warning","MySQL PGQS priority function 'propagate_type' calls descriptor/type-resolution helper","/sql/item.h","1327","8","1327","21"
"MySQL PGQS descriptor and metadata risk anchors","Reports MySQL SQL-layer priority functions that combine Item/Field/TABLE metadata, descriptor-sensitive semantic calls, or local memory sinks.","warning","MySQL PGQS priority function 'Type_properties' touches Item/Field/TABLE descriptor metadata
MySQL PGQS priority function 'Type_properties' calls descriptor/type-resolution helper","/sql/item.cc","130","1","130","32"
"MySQL PGQS descriptor and metadata risk anchors","Reports MySQL SQL-layer priority functions that combine Item/Field/TABLE metadata, descriptor-sensitive semantic calls, or local memory sinks.","warning","MySQL PGQS priority function 'do_itemize' touches Item/Field/TABLE descriptor metadata","/sql/item.cc","777","6","777","21"
"MySQL PGQS descriptor and metadata risk anchors","Reports MySQL SQL-layer priority functions that combine Item/Field/TABLE metadata, descriptor-sensitive semantic calls, or local memory sinks.","warning","MySQL PGQS priority function 'collect_item_field_or_view_ref_processor' touches Item/Field/TABLE descriptor metadata","/sql/item.cc","6574","6","6574","65"
"MySQL PGQS descriptor and metadata risk anchors","Reports MySQL SQL-layer priority functions that combine Item/Field/TABLE metadata, descriptor-sensitive semantic calls, or local memory sinks.","warning","MySQL PGQS priority function 'hash' touches Item/Field/TABLE descriptor metadata","/sql/item.cc","9448","10","9448","33"
"MySQL PGQS descriptor and metadata risk anchors","Reports MySQL SQL-layer priority functions that combine Item/Field/TABLE metadata, descriptor-sensitive semantic calls, or local memory sinks.","warning","MySQL PGQS priority function 'bind_fields' touches Item/Field/TABLE descriptor metadata","/sql/item.cc","9427","6","9427","36"
"MySQL PGQS descriptor and metadata risk anchors","Reports MySQL SQL-layer priority functions that combine Item/Field/TABLE metadata, descriptor-sensitive semantic calls, or local memory sinks.","warning","MySQL PGQS priority function 'fix_fields' touches Item/Field/TABLE descriptor metadata","/sql/item.cc","9377","6","9377","35"
"MySQL PGQS descriptor and metadata risk anchors","Reports MySQL SQL-layer priority functions that combine Item/Field/TABLE metadata, descriptor-sensitive semantic calls, or local memory sinks.","warning","MySQL PGQS priority function 'eq' touches Item/Field/TABLE descriptor metadata","/sql/item.cc","9372","6","9372","27"
"MySQL PGQS descriptor and metadata risk anchors","Reports MySQL SQL-layer priority functions that combine Item/Field/TABLE metadata, descriptor-sensitive semantic calls, or local memory sinks.","warning","MySQL PGQS priority function 'do_itemize' touches Item/Field/TABLE descriptor metadata","/sql/item.cc","9356","6","9356","35"
"MySQL PGQS descriptor and metadata risk anchors","Reports MySQL SQL-layer priority functions that combine Item/Field/TABLE metadata, descriptor-sensitive semantic calls, or local memory sinks.","warning","MySQL PGQS priority function 'save_in_field_inner' touches Item/Field/TABLE descriptor metadata
MySQL PGQS priority function 'save_in_field_inner' calls descriptor/type-resolution helper","/sql/item.cc","9453","24","9453","62"
"MySQL PGQS descriptor and metadata risk anchors","Reports MySQL SQL-layer priority functions that combine Item/Field/TABLE metadata, descriptor-sensitive semantic calls, or local memory sinks.","warning","MySQL PGQS priority function 'save_in_field_inner' touches Item/Field/TABLE descriptor metadata","/sql/item.cc","9269","24","9269","57"
"MySQL PGQS descriptor and metadata risk anchors","Reports MySQL SQL-layer priority functions that combine Item/Field/TABLE metadata, descriptor-sensitive semantic calls, or local memory sinks.","warning","MySQL PGQS priority function 'collect_item_field_or_view_ref_processor' touches Item/Field/TABLE descriptor metadata","/sql/item.cc","9277","6","9277","60"
"MySQL PGQS descriptor and metadata risk anchors","Reports MySQL SQL-layer priority functions that combine Item/Field/TABLE metadata, descriptor-sensitive semantic calls, or local memory sinks.","warning","MySQL PGQS priority function 'check_column_privileges' touches Item/Field/TABLE descriptor metadata","/sql/item.cc","1386","6","1386","43"
"MySQL PGQS descriptor and metadata risk anchors","Reports MySQL SQL-layer priority functions that combine Item/Field/TABLE metadata, descriptor-sensitive semantic calls, or local memory sinks.","warning","MySQL PGQS priority function 'eq' touches Item/Field/TABLE descriptor metadata","/sql/item.cc","9199","6","9199","22"
"MySQL PGQS descriptor and metadata risk anchors","Reports MySQL SQL-layer priority functions that combine Item/Field/TABLE metadata, descriptor-sensitive semantic calls, or local memory sinks.","warning","MySQL PGQS priority function 'used_tables' touches Item/Field/TABLE descriptor metadata","/sql/item.h","6286","13","6286","23"
"MySQL PGQS descriptor and metadata risk anchors","Reports MySQL SQL-layer priority functions that combine Item/Field/TABLE metadata, descriptor-sensitive semantic calls, or local memory sinks.","warning","MySQL PGQS priority function 'fix_fields' touches Item/Field/TABLE descriptor metadata","/sql/item.cc","9067","6","9067","30"
"MySQL PGQS descriptor and metadata risk anchors","Reports MySQL SQL-layer priority functions that combine Item/Field/TABLE metadata, descriptor-sensitive semantic calls, or local memory sinks.","warning","MySQL PGQS priority function 'collect_item_field_or_ref_processor' touches Item/Field/TABLE descriptor metadata","/sql/item.cc","9047","6","9047","50"
"MySQL PGQS descriptor and metadata risk anchors","Reports MySQL SQL-layer priority functions that combine Item/Field/TABLE metadata, descriptor-sensitive semantic calls, or local memory sinks.","warning","MySQL PGQS priority function 'result_type' calls descriptor/type-resolution helper","/sql/item.h","6094","15","6094","25"
"MySQL PGQS descriptor and metadata risk anchors","Reports MySQL SQL-layer priority functions that combine Item/Field/TABLE metadata, descriptor-sensitive semantic calls, or local memory sinks.","warning","MySQL PGQS priority function 'cleanup' touches Item/Field/TABLE descriptor metadata","/sql/item.cc","8822","6","8822","22"
"MySQL PGQS descriptor and metadata risk anchors","Reports MySQL SQL-layer priority functions that combine Item/Field/TABLE metadata, descriptor-sensitive semantic calls, or local memory sinks.","warning","MySQL PGQS priority function 'hash' touches Item/Field/TABLE descriptor metadata","/sql/item.cc","8900","10","8900","23"
"MySQL PGQS descriptor and metadata risk anchors","Reports MySQL SQL-layer priority functions that combine Item/Field/TABLE metadata, descriptor-sensitive semantic calls, or local memory sinks.","warning","MySQL PGQS priority function 'fix_fields' touches Item/Field/TABLE descriptor metadata","/sql/item.cc","8560","6","8560","25"
"MySQL PGQS descriptor and metadata risk anchors","Reports MySQL SQL-layer priority functions that combine Item/Field/TABLE metadata, descriptor-sensitive semantic calls, or local memory sinks.","warning","MySQL PGQS priority function 'make_field' touches Item/Field/TABLE descriptor metadata","/sql/item.cc","9000","6","9000","25"
"MySQL PGQS descriptor and metadata risk anchors","Reports MySQL SQL-layer priority functions that combine Item/Field/TABLE metadata, descriptor-sensitive semantic calls, or local memory sinks.","warning","MySQL PGQS priority function 'eq' touches Item/Field/TABLE descriptor metadata","/sql/item.h","6071","8","6071","9"
"MySQL PGQS descriptor and metadata risk anchors","Reports MySQL SQL-layer priority functions that combine Item/Field/TABLE metadata, descriptor-sensitive semantic calls, or local memory sinks.","warning","MySQL PGQS priority function 'save_in_field_inner' touches Item/Field/TABLE descriptor metadata","/sql/item.cc","8992","24","8992","52"
"MySQL PGQS descriptor and metadata risk anchors","Reports MySQL SQL-layer priority functions that combine Item/Field/TABLE metadata, descriptor-sensitive semantic calls, or local memory sinks.","warning","MySQL PGQS priority function 'hash' touches Item/Field/TABLE descriptor metadata","/sql/item.cc","3271","10","3271","25"
"MySQL PGQS descriptor and metadata risk anchors","Reports MySQL SQL-layer priority functions that combine Item/Field/TABLE metadata, descriptor-sensitive semantic calls, or local memory sinks.","warning","MySQL PGQS priority function 'do_itemize' touches Item/Field/TABLE descriptor metadata","/sql/item.cc","928","6","928","27"
"MySQL PGQS descriptor and metadata risk anchors","Reports MySQL SQL-layer priority functions that combine Item/Field/TABLE metadata, descriptor-sensitive semantic calls, or local memory sinks.","warning","MySQL PGQS priority function 'cleanup' touches Item/Field/TABLE descriptor metadata","/sql/item.cc","11279","6","11279","31"
"MySQL PGQS descriptor and metadata risk anchors","Reports MySQL SQL-layer priority functions that combine Item/Field/TABLE metadata, descriptor-sensitive semantic calls, or local memory sinks.","warning","MySQL PGQS priority function 'cleanup' touches Item/Field/TABLE descriptor metadata","/sql/item_subselect.cc","3847","6","3847","38"
"MySQL PGQS descriptor and metadata risk anchors","Reports MySQL SQL-layer priority functions that combine Item/Field/TABLE metadata, descriptor-sensitive semantic calls, or local memory sinks.","warning","MySQL PGQS priority function 'fix_fields' touches Item/Field/TABLE descriptor metadata","/sql/item_subselect.cc","2833","6","2833","38"
"MySQL PGQS descriptor and metadata risk anchors","Reports MySQL SQL-layer priority functions that combine Item/Field/TABLE metadata, descriptor-sensitive semantic calls, or local memory sinks.","warning","MySQL PGQS priority function 'update_used_tables' touches Item/Field/TABLE descriptor metadata","/sql/item_subselect.cc","879","6","879","39"
"MySQL PGQS descriptor and metadata risk anchors","Reports MySQL SQL-layer priority functions that combine Item/Field/TABLE metadata, descriptor-sensitive semantic calls, or local memory sinks.","warning","MySQL PGQS priority function 'used_tables' touches Item/Field/TABLE descriptor metadata","/sql/item_subselect.h","164","13","164","23"
"MySQL PGQS descriptor and metadata risk anchors","Reports MySQL SQL-layer priority functions that combine Item/Field/TABLE metadata, descriptor-sensitive semantic calls, or local memory sinks.","warning","MySQL PGQS priority function 'fix_fields' touches Item/Field/TABLE descriptor metadata","/sql/item_subselect.cc","618","6","618","31"
"MySQL PGQS descriptor and metadata risk anchors","Reports MySQL SQL-layer priority functions that combine Item/Field/TABLE metadata, descriptor-sensitive semantic calls, or local memory sinks.","warning","MySQL PGQS priority function 'result_type' calls descriptor/type-resolution helper","/sql/item_func.h","3578","20","3578","30"
"MySQL PGQS descriptor and metadata risk anchors","Reports MySQL SQL-layer priority functions that combine Item/Field/TABLE metadata, descriptor-sensitive semantic calls, or local memory sinks.","warning","MySQL PGQS priority function 'result_type' calls descriptor/type-resolution helper","/sql/item_func.h","2310","15","2310","25"
"MySQL PGQS descriptor and metadata risk anchors","Reports MySQL SQL-layer priority functions that combine Item/Field/TABLE metadata, descriptor-sensitive semantic calls, or local memory sinks.","warning","MySQL PGQS priority function 'resolve_type' touches Item/Field/TABLE descriptor metadata
MySQL PGQS priority function 'resolve_type' calls descriptor/type-resolution helper","/sql/item_func.h","2124","8","2124","19"
"MySQL PGQS descriptor and metadata risk anchors","Reports MySQL SQL-layer priority functions that combine Item/Field/TABLE metadata, descriptor-sensitive semantic calls, or local memory sinks.","warning","MySQL PGQS priority function 'val_datetime' touches Item/Field/TABLE descriptor metadata","/sql/item_func.h","2034","8","2034","19"
"MySQL PGQS descriptor and metadata risk anchors","Reports MySQL SQL-layer priority functions that combine Item/Field/TABLE metadata, descriptor-sensitive semantic calls, or local memory sinks.","warning","MySQL PGQS priority function 'val_time' touches Item/Field/TABLE descriptor metadata","/sql/item_func.h","2028","8","2028","15"
"MySQL PGQS descriptor and metadata risk anchors","Reports MySQL SQL-layer priority functions that combine Item/Field/TABLE metadata, descriptor-sensitive semantic calls, or local memory sinks.","warning","MySQL PGQS priority function 'val_date' touches Item/Field/TABLE descriptor metadata","/sql/item_func.h","2022","8","2022","15"
"MySQL PGQS descriptor and metadata risk anchors","Reports MySQL SQL-layer priority functions that combine Item/Field/TABLE metadata, descriptor-sensitive semantic calls, or local memory sinks.","warning","MySQL PGQS priority function 'result_type' touches Item/Field/TABLE descriptor metadata","/sql/item_func.h","2011","20","2011","30"
"MySQL PGQS descriptor and metadata risk anchors","Reports MySQL SQL-layer priority functions that combine Item/Field/TABLE metadata, descriptor-sensitive semantic calls, or local memory sinks.","warning","MySQL PGQS priority function 'resolve_type' touches Item/Field/TABLE descriptor metadata
MySQL PGQS priority function 'resolve_type' calls descriptor/type-resolution helper","/sql/item_func.h","1843","8","1843","19"
"MySQL PGQS descriptor and metadata risk anchors","Reports MySQL SQL-layer priority functions that combine Item/Field/TABLE metadata, descriptor-sensitive semantic calls, or local memory sinks.","warning","MySQL PGQS priority function 'result_type' touches Item/Field/TABLE descriptor metadata","/sql/item_func.h","1657","20","1657","30"
"MySQL PGQS descriptor and metadata risk anchors","Reports MySQL SQL-layer priority functions that combine Item/Field/TABLE metadata, descriptor-sensitive semantic calls, or local memory sinks.","warning","MySQL PGQS priority function 'resolve_type' touches Item/Field/TABLE descriptor metadata","/sql/item_func.h","1220","8","1220","19"
"MySQL PGQS descriptor and metadata risk anchors","Reports MySQL SQL-layer priority functions that combine Item/Field/TABLE metadata, descriptor-sensitive semantic calls, or local memory sinks.","warning","MySQL PGQS priority function 'resolve_type' touches Item/Field/TABLE descriptor metadata","/sql/item_func.h","1180","8","1180","19"
"MySQL PGQS descriptor and metadata risk anchors","Reports MySQL SQL-layer priority functions that combine Item/Field/TABLE metadata, descriptor-sensitive semantic calls, or local memory sinks.","warning","MySQL PGQS priority function 'result_type' touches Item/Field/TABLE descriptor metadata","/sql/item_func.h","914","20","914","30"
"MySQL PGQS descriptor and metadata risk anchors","Reports MySQL SQL-layer priority functions that combine Item/Field/TABLE metadata, descriptor-sensitive semantic calls, or local memory sinks.","warning","MySQL PGQS priority function 'resolve_type' touches Item/Field/TABLE descriptor metadata","/sql/item_func.h","1791","8","1791","19"
"MySQL PGQS descriptor and metadata risk anchors","Reports MySQL SQL-layer priority functions that combine Item/Field/TABLE metadata, descriptor-sensitive semantic calls, or local memory sinks.","warning","MySQL PGQS priority function 'result_type' touches Item/Field/TABLE descriptor metadata
MySQL PGQS priority function 'result_type' calls descriptor/type-resolution helper","/sql/item_func.h","1790","15","1790","25"
"MySQL PGQS descriptor and metadata risk anchors","Reports MySQL SQL-layer priority functions that combine Item/Field/TABLE metadata, descriptor-sensitive semantic calls, or local memory sinks.","warning","MySQL PGQS priority function 'used_tables' touches Item/Field/TABLE descriptor metadata","/sql/item_func.h","1777","13","1777","23"
"MySQL PGQS descriptor and metadata risk anchors","Reports MySQL SQL-layer priority functions that combine Item/Field/TABLE metadata, descriptor-sensitive semantic calls, or local memory sinks.","warning","MySQL PGQS priority function 'cleanup' touches Item/Field/TABLE descriptor metadata","/sql/item_func.h","3655","8","3655","14"
"MySQL PGQS descriptor and metadata risk anchors","Reports MySQL SQL-layer priority functions that combine Item/Field/TABLE metadata, descriptor-sensitive semantic calls, or local memory sinks.","warning","MySQL PGQS priority function 'save_in_field_inner' touches Item/Field/TABLE descriptor metadata","/sql/item_func.h","3417","26","3417","44"
"MySQL PGQS descriptor and metadata risk anchors","Reports MySQL SQL-layer priority functions that combine Item/Field/TABLE metadata, descriptor-sensitive semantic calls, or local memory sinks.","warning","MySQL PGQS priority function 'save_org_in_field' touches Item/Field/TABLE descriptor metadata","/sql/item_func.h","3409","8","3409","24"
"MySQL PGQS descriptor and metadata risk anchors","Reports MySQL SQL-layer priority functions that combine Item/Field/TABLE metadata, descriptor-sensitive semantic calls, or local memory sinks.","warning","MySQL PGQS priority function 'result_type' touches Item/Field/TABLE descriptor metadata","/sql/item_func.h","3396","20","3396","30"
"MySQL PGQS descriptor and metadata risk anchors","Reports MySQL SQL-layer priority functions that combine Item/Field/TABLE metadata, descriptor-sensitive semantic calls, or local memory sinks.","warning","MySQL PGQS priority function 'used_tables' touches Item/Field/TABLE descriptor metadata","/sql/item_func.h","533","13","533","23"
"MySQL PGQS descriptor and metadata risk anchors","Reports MySQL SQL-layer priority functions that combine Item/Field/TABLE metadata, descriptor-sensitive semantic calls, or local memory sinks.","warning","MySQL PGQS priority function 'type' touches Item/Field/TABLE descriptor metadata","/sql/item_func.h","3342","15","3342","18"
"MySQL PGQS descriptor and metadata risk anchors","Reports MySQL SQL-layer priority functions that combine Item/Field/TABLE metadata, descriptor-sensitive semantic calls, or local memory sinks.","warning","MySQL PGQS priority function 'val_int' touches Item/Field/TABLE descriptor metadata","/sql/item_cmpfunc.cc","6529","10","6529","30"
"MySQL PGQS descriptor and metadata risk anchors","Reports MySQL SQL-layer priority functions that combine Item/Field/TABLE metadata, descriptor-sensitive semantic calls, or local memory sinks.","warning","MySQL PGQS priority function 'val_int' touches Item/Field/TABLE descriptor metadata","/sql/item_cmpfunc.cc","6485","10","6485","31"
"MySQL PGQS descriptor and metadata risk anchors","Reports MySQL SQL-layer priority functions that combine Item/Field/TABLE metadata, descriptor-sensitive semantic calls, or local memory sinks.","warning","MySQL PGQS priority function 'hash' touches Item/Field/TABLE descriptor metadata","/sql/item_cmpfunc.cc","7015","10","7015","29"
"MySQL PGQS descriptor and metadata risk anchors","Reports MySQL SQL-layer priority functions that combine Item/Field/TABLE metadata, descriptor-sensitive semantic calls, or local memory sinks.","warning","MySQL PGQS priority function 'resolve_type' touches Item/Field/TABLE descriptor metadata
MySQL PGQS priority function 'resolve_type' calls descriptor/type-resolution helper","/sql/item_cmpfunc.cc","809","6","809","33"
"MySQL PGQS descriptor and metadata risk anchors","Reports MySQL SQL-layer priority functions that combine Item/Field/TABLE metadata, descriptor-sensitive semantic calls, or local memory sinks.","warning","MySQL PGQS priority function 'fix_fields' touches Item/Field/TABLE descriptor metadata","/sql/item_cmpfunc.cc","6893","6","6893","31"
"MySQL PGQS descriptor and metadata risk anchors","Reports MySQL SQL-layer priority functions that combine Item/Field/TABLE metadata, descriptor-sensitive semantic calls, or local memory sinks.","warning","MySQL PGQS priority function 'val_int' touches Item/Field/TABLE descriptor metadata","/sql/item_cmpfunc.cc","6811","10","6811","32"
"MySQL PGQS descriptor and metadata risk anchors","Reports MySQL SQL-layer priority functions that combine Item/Field/TABLE metadata, descriptor-sensitive semantic calls, or local memory sinks.","warning","MySQL PGQS priority function 'hash' touches Item/Field/TABLE descriptor metadata","/sql/item_cmpfunc.cc","6779","10","6779","34"
"MySQL PGQS descriptor and metadata risk anchors","Reports MySQL SQL-layer priority functions that combine Item/Field/TABLE metadata, descriptor-sensitive semantic calls, or local memory sinks.","warning","MySQL PGQS priority function 'val_int' touches Item/Field/TABLE descriptor metadata","/sql/item_cmpfunc.cc","6768","10","6768","37"
"MySQL PGQS descriptor and metadata risk anchors","Reports MySQL SQL-layer priority functions that combine Item/Field/TABLE metadata, descriptor-sensitive semantic calls, or local memory sinks.","warning","MySQL PGQS priority function 'resolve_type' touches Item/Field/TABLE descriptor metadata
MySQL PGQS priority function 'resolve_type' calls descriptor/type-resolution helper","/sql/item_cmpfunc.cc","5510","6","5510","31"
"MySQL PGQS descriptor and metadata risk anchors","Reports MySQL SQL-layer priority functions that combine Item/Field/TABLE metadata, descriptor-sensitive semantic calls, or local memory sinks.","warning","MySQL PGQS priority function 'fix_fields' touches Item/Field/TABLE descriptor metadata","/sql/item_cmpfunc.cc","5498","6","5498","29"
"MySQL PGQS descriptor and metadata risk anchors","Reports MySQL SQL-layer priority functions that combine Item/Field/TABLE metadata, descriptor-sensitive semantic calls, or local memory sinks.","warning","MySQL PGQS priority function 'val_int' touches Item/Field/TABLE descriptor metadata
MySQL PGQS priority function 'val_int' calls descriptor/type-resolution helper","/sql/item_cmpfunc.cc","5850","10","5850","30"
"MySQL PGQS descriptor and metadata risk anchors","Reports MySQL SQL-layer priority functions that combine Item/Field/TABLE metadata, descriptor-sensitive semantic calls, or local memory sinks.","warning","MySQL PGQS priority function 'hash' touches Item/Field/TABLE descriptor metadata","/sql/item_cmpfunc.cc","4526","10","4526","29"
"MySQL PGQS descriptor and metadata risk anchors","Reports MySQL SQL-layer priority functions that combine Item/Field/TABLE metadata, descriptor-sensitive semantic calls, or local memory sinks.","warning","MySQL PGQS priority function 'result_type' touches Item/Field/TABLE descriptor metadata","/sql/item_cmpfunc.h","2163","20","2163","30"
"MySQL PGQS descriptor and metadata risk anchors","Reports MySQL SQL-layer priority functions that combine Item/Field/TABLE metadata, descriptor-sensitive semantic calls, or local memory sinks.","warning","MySQL PGQS priority function 'resolve_type_inner' touches Item/Field/TABLE descriptor metadata
MySQL PGQS priority function 'resolve_type_inner' calls descriptor/type-resolution helper","/sql/item_cmpfunc.cc","4362","6","4362","39"
"MySQL PGQS descriptor and metadata risk anchors","Reports MySQL SQL-layer priority functions that combine Item/Field/TABLE metadata, descriptor-sensitive semantic calls, or local memory sinks.","warning","MySQL PGQS priority function 'resolve_type' touches Item/Field/TABLE descriptor metadata
MySQL PGQS priority function 'resolve_type' calls descriptor/type-resolution helper","/sql/item_cmpfunc.cc","4310","6","4310","33"
"MySQL PGQS descriptor and metadata risk anchors","Reports MySQL SQL-layer priority functions that combine Item/Field/TABLE metadata, descriptor-sensitive semantic calls, or local memory sinks.","warning","MySQL PGQS priority function 'fix_fields' touches Item/Field/TABLE descriptor metadata","/sql/item_cmpfunc.cc","4273","6","4273","31"
"MySQL PGQS descriptor and metadata risk anchors","Reports MySQL SQL-layer priority functions that combine Item/Field/TABLE metadata, descriptor-sensitive semantic calls, or local memory sinks.","warning","MySQL PGQS priority function 'val_datetime' touches Item/Field/TABLE descriptor metadata
MySQL PGQS priority function 'val_datetime' calls descriptor/type-resolution helper","/sql/item_cmpfunc.cc","4245","6","4245","33"
"MySQL PGQS descriptor and metadata risk anchors","Reports MySQL SQL-layer priority functions that combine Item/Field/TABLE metadata, descriptor-sensitive semantic calls, or local memory sinks.","warning","MySQL PGQS priority function 'val_time' touches Item/Field/TABLE descriptor metadata
MySQL PGQS priority function 'val_time' calls descriptor/type-resolution helper","/sql/item_cmpfunc.cc","4259","6","4259","29"
"MySQL PGQS descriptor and metadata risk anchors","Reports MySQL SQL-layer priority functions that combine Item/Field/TABLE metadata, descriptor-sensitive semantic calls, or local memory sinks.","warning","MySQL PGQS priority function 'val_date' touches Item/Field/TABLE descriptor metadata
MySQL PGQS priority function 'val_date' calls descriptor/type-resolution helper","/sql/item_cmpfunc.cc","4231","6","4231","29"
"MySQL PGQS descriptor and metadata risk anchors","Reports MySQL SQL-layer priority functions that combine Item/Field/TABLE metadata, descriptor-sensitive semantic calls, or local memory sinks.","warning","MySQL PGQS priority function 'val_json' touches Item/Field/TABLE descriptor metadata
MySQL PGQS priority function 'val_json' calls descriptor/type-resolution helper","/sql/item_cmpfunc.cc","4210","6","4210","29"
"MySQL PGQS descriptor and metadata risk anchors","Reports MySQL SQL-layer priority functions that combine Item/Field/TABLE metadata, descriptor-sensitive semantic calls, or local memory sinks.","warning","MySQL PGQS priority function 'val_str' touches Item/Field/TABLE descriptor metadata
MySQL PGQS priority function 'val_str' calls descriptor/type-resolution helper","/sql/item_cmpfunc.cc","4127","9","4127","31"
"MySQL PGQS descriptor and metadata risk anchors","Reports MySQL SQL-layer priority functions that combine Item/Field/TABLE metadata, descriptor-sensitive semantic calls, or local memory sinks.","warning","MySQL PGQS priority function 'val_int' touches Item/Field/TABLE descriptor metadata
MySQL PGQS priority function 'val_int' calls descriptor/type-resolution helper","/sql/item_cmpfunc.cc","4153","10","4153","32"
"MySQL PGQS descriptor and metadata risk anchors","Reports MySQL SQL-layer priority functions that combine Item/Field/TABLE metadata, descriptor-sensitive semantic calls, or local memory sinks.","warning","MySQL PGQS priority function 'val_real' touches Item/Field/TABLE descriptor metadata
MySQL PGQS priority function 'val_real' calls descriptor/type-resolution helper","/sql/item_cmpfunc.cc","4172","8","4172","31"
"MySQL PGQS descriptor and metadata risk anchors","Reports MySQL SQL-layer priority functions that combine Item/Field/TABLE metadata, descriptor-sensitive semantic calls, or local memory sinks.","warning","MySQL PGQS priority function 'store_value' touches Item/Field/TABLE descriptor metadata","/sql/item_cmpfunc.cc","5250","6","5250","34"
"MySQL PGQS descriptor and metadata risk anchors","Reports MySQL SQL-layer priority functions that combine Item/Field/TABLE metadata, descriptor-sensitive semantic calls, or local memory sinks.","warning","MySQL PGQS priority function 'store_value' touches Item/Field/TABLE descriptor metadata","/sql/item_cmpfunc.cc","5276","6","5276","35"
"MySQL PGQS descriptor and metadata risk anchors","Reports MySQL SQL-layer priority functions that combine Item/Field/TABLE metadata, descriptor-sensitive semantic calls, or local memory sinks.","warning","MySQL PGQS priority function 'store_value' touches Item/Field/TABLE descriptor metadata
MySQL PGQS priority function 'store_value' calls descriptor/type-resolution helper","/sql/item_cmpfunc.cc","5109","6","5109","31"
"MySQL PGQS descriptor and metadata risk anchors","Reports MySQL SQL-layer priority functions that combine Item/Field/TABLE metadata, descriptor-sensitive semantic calls, or local memory sinks.","warning","MySQL PGQS priority function 'resolve_type_inner' touches Item/Field/TABLE descriptor metadata
MySQL PGQS priority function 'resolve_type_inner' calls descriptor/type-resolution helper","/sql/item_cmpfunc.cc","3968","6","3968","41"
"MySQL PGQS descriptor and metadata risk anchors","Reports MySQL SQL-layer priority functions that combine Item/Field/TABLE metadata, descriptor-sensitive semantic calls, or local memory sinks.","warning","MySQL PGQS priority function 'resolve_type' touches Item/Field/TABLE descriptor metadata
MySQL PGQS priority function 'resolve_type' calls descriptor/type-resolution helper","/sql/item_cmpfunc.cc","3954","6","3954","35"
"MySQL PGQS descriptor and metadata risk anchors","Reports MySQL SQL-layer priority functions that combine Item/Field/TABLE metadata, descriptor-sensitive semantic calls, or local memory sinks.","warning","MySQL PGQS priority function 'result_type' touches Item/Field/TABLE descriptor metadata","/sql/item_cmpfunc.h","1652","15","1652","25"
"MySQL PGQS descriptor and metadata risk anchors","Reports MySQL SQL-layer priority functions that combine Item/Field/TABLE metadata, descriptor-sensitive semantic calls, or local memory sinks.","warning","MySQL PGQS priority function 'val_json' touches Item/Field/TABLE descriptor metadata","/sql/item_cmpfunc.cc","4048","6","4048","31"
"MySQL PGQS descriptor and metadata risk anchors","Reports MySQL SQL-layer priority functions that combine Item/Field/TABLE metadata, descriptor-sensitive semantic calls, or local memory sinks.","warning","MySQL PGQS priority function 'val_str' touches Item/Field/TABLE descriptor metadata","/sql/item_cmpfunc.cc","4023","9","4023","33"
"MySQL PGQS descriptor and metadata risk anchors","Reports MySQL SQL-layer priority functions that combine Item/Field/TABLE metadata, descriptor-sensitive semantic calls, or local memory sinks.","warning","MySQL PGQS priority function 'val_int' touches Item/Field/TABLE descriptor metadata","/sql/item_cmpfunc.cc","4011","10","4011","34"
"MySQL PGQS descriptor and metadata risk anchors","Reports MySQL SQL-layer priority functions that combine Item/Field/TABLE metadata, descriptor-sensitive semantic calls, or local memory sinks.","warning","MySQL PGQS priority function 'val_real' touches Item/Field/TABLE descriptor metadata","/sql/item_cmpfunc.cc","3999","8","3999","33"
"MySQL PGQS descriptor and metadata risk anchors","Reports MySQL SQL-layer priority functions that combine Item/Field/TABLE metadata, descriptor-sensitive semantic calls, or local memory sinks.","warning","MySQL PGQS priority function 'resolve_type' touches Item/Field/TABLE descriptor metadata","/sql/item_cmpfunc.h","1631","8","1631","19"
"MySQL PGQS descriptor and metadata risk anchors","Reports MySQL SQL-layer priority functions that combine Item/Field/TABLE metadata, descriptor-sensitive semantic calls, or local memory sinks.","warning","MySQL PGQS priority function 'val_int' touches Item/Field/TABLE descriptor metadata","/sql/item_cmpfunc.h","1625","12","1625","18"
"MySQL PGQS descriptor and metadata risk anchors","Reports MySQL SQL-layer priority functions that combine Item/Field/TABLE metadata, descriptor-sensitive semantic calls, or local memory sinks.","warning","MySQL PGQS priority function 'resolve_type_inner' touches Item/Field/TABLE descriptor metadata
MySQL PGQS priority function 'resolve_type_inner' calls descriptor/type-resolution helper","/sql/item_cmpfunc.cc","3840","6","3840","37"
"MySQL PGQS descriptor and metadata risk anchors","Reports MySQL SQL-layer priority functions that combine Item/Field/TABLE metadata, descriptor-sensitive semantic calls, or local memory sinks.","warning","MySQL PGQS priority function 'resolve_type' touches Item/Field/TABLE descriptor metadata
MySQL PGQS priority function 'resolve_type' calls descriptor/type-resolution helper","/sql/item_cmpfunc.cc","3826","6","3826","31"
"MySQL PGQS descriptor and metadata risk anchors","Reports MySQL SQL-layer priority functions that combine Item/Field/TABLE metadata, descriptor-sensitive semantic calls, or local memory sinks.","warning","MySQL PGQS priority function 'fix_fields' touches Item/Field/TABLE descriptor metadata","/sql/item_cmpfunc.cc","3804","6","3804","29"
"MySQL PGQS descriptor and metadata risk anchors","Reports MySQL SQL-layer priority functions that combine Item/Field/TABLE metadata, descriptor-sensitive semantic calls, or local memory sinks.","warning","MySQL PGQS priority function 'result_type' touches Item/Field/TABLE descriptor metadata","/sql/item_cmpfunc.h","1594","20","1594","30"
"MySQL PGQS descriptor and metadata risk anchors","Reports MySQL SQL-layer priority functions that combine Item/Field/TABLE metadata, descriptor-sensitive semantic calls, or local memory sinks.","warning","MySQL PGQS priority function 'val_datetime' touches Item/Field/TABLE descriptor metadata","/sql/item_cmpfunc.cc","3938","6","3938","31"
"MySQL PGQS descriptor and metadata risk anchors","Reports MySQL SQL-layer priority functions that combine Item/Field/TABLE metadata, descriptor-sensitive semantic calls, or local memory sinks.","warning","MySQL PGQS priority function 'val_time' touches Item/Field/TABLE descriptor metadata","/sql/item_cmpfunc.cc","3946","6","3946","27"
"MySQL PGQS descriptor and metadata risk anchors","Reports MySQL SQL-layer priority functions that combine Item/Field/TABLE metadata, descriptor-sensitive semantic calls, or local memory sinks.","warning","MySQL PGQS priority function 'val_date' touches Item/Field/TABLE descriptor metadata","/sql/item_cmpfunc.cc","3930","6","3930","27"
"MySQL PGQS descriptor and metadata risk anchors","Reports MySQL SQL-layer priority functions that combine Item/Field/TABLE metadata, descriptor-sensitive semantic calls, or local memory sinks.","warning","MySQL PGQS priority function 'val_json' touches Item/Field/TABLE descriptor metadata","/sql/item_cmpfunc.cc","3919","6","3919","27"
"MySQL PGQS descriptor and metadata risk anchors","Reports MySQL SQL-layer priority functions that combine Item/Field/TABLE metadata, descriptor-sensitive semantic calls, or local memory sinks.","warning","MySQL PGQS priority function 'val_str' touches Item/Field/TABLE descriptor metadata
MySQL PGQS priority function 'val_str' calls descriptor/type-resolution helper","/sql/item_cmpfunc.cc","3886","9","3886","29"
"MySQL PGQS descriptor and metadata risk anchors","Reports MySQL SQL-layer priority functions that combine Item/Field/TABLE metadata, descriptor-sensitive semantic calls, or local memory sinks.","warning","MySQL PGQS priority function 'val_int' touches Item/Field/TABLE descriptor metadata","/sql/item_cmpfunc.cc","3877","10","3877","30"
"MySQL PGQS descriptor and metadata risk anchors","Reports MySQL SQL-layer priority functions that combine Item/Field/TABLE metadata, descriptor-sensitive semantic calls, or local memory sinks.","warning","MySQL PGQS priority function 'val_real' touches Item/Field/TABLE descriptor metadata","/sql/item_cmpfunc.cc","3868","8","3868","29"
"MySQL PGQS descriptor and metadata risk anchors","Reports MySQL SQL-layer priority functions that combine Item/Field/TABLE metadata, descriptor-sensitive semantic calls, or local memory sinks.","warning","MySQL PGQS priority function 'val_json' touches Item/Field/TABLE descriptor metadata","/sql/item_cmpfunc.cc","3729","6","3729","31"
"MySQL PGQS descriptor and metadata risk anchors","Reports MySQL SQL-layer priority functions that combine Item/Field/TABLE metadata, descriptor-sensitive semantic calls, or local memory sinks.","warning","MySQL PGQS priority function 'result_type' touches Item/Field/TABLE descriptor metadata","/sql/item_cmpfunc.h","1533","20","1533","30"
"MySQL PGQS descriptor and metadata risk anchors","Reports MySQL SQL-layer priority functions that combine Item/Field/TABLE metadata, descriptor-sensitive semantic calls, or local memory sinks.","warning","MySQL PGQS priority function 'resolve_type_inner' touches Item/Field/TABLE descriptor metadata
MySQL PGQS priority function 'resolve_type_inner' calls descriptor/type-resolution helper","/sql/item_cmpfunc.cc","4649","6","4649","43"
"MySQL PGQS descriptor and metadata risk anchors","Reports MySQL SQL-layer priority functions that combine Item/Field/TABLE metadata, descriptor-sensitive semantic calls, or local memory sinks.","warning","MySQL PGQS priority function 'resolve_type' touches Item/Field/TABLE descriptor metadata
MySQL PGQS priority function 'resolve_type' calls descriptor/type-resolution helper","/sql/item_cmpfunc.cc","4640","6","4640","37"
"MySQL PGQS descriptor and metadata risk anchors","Reports MySQL SQL-layer priority functions that combine Item/Field/TABLE metadata, descriptor-sensitive semantic calls, or local memory sinks.","warning","MySQL PGQS priority function 'val_json' touches Item/Field/TABLE descriptor metadata","/sql/item_cmpfunc.cc","4566","6","4566","33"
"MySQL PGQS descriptor and metadata risk anchors","Reports MySQL SQL-layer priority functions that combine Item/Field/TABLE metadata, descriptor-sensitive semantic calls, or local memory sinks.","warning","MySQL PGQS priority function 'update_used_tables' touches Item/Field/TABLE descriptor metadata","/sql/item_cmpfunc.cc","3140","6","3140","43"
"MySQL PGQS descriptor and metadata risk anchors","Reports MySQL SQL-layer priority functions that combine Item/Field/TABLE metadata, descriptor-sensitive semantic calls, or local memory sinks.","warning","MySQL PGQS priority function 'resolve_type' touches Item/Field/TABLE descriptor metadata
MySQL PGQS priority function 'resolve_type' calls descriptor/type-resolution helper","/sql/item_cmpfunc.cc","3082","6","3082","37"
"MySQL PGQS descriptor and metadata risk anchors","Reports MySQL SQL-layer priority functions that combine Item/Field/TABLE metadata, descriptor-sensitive semantic calls, or local memory sinks.","warning","MySQL PGQS priority function 'val_int' touches Item/Field/TABLE descriptor metadata
MySQL PGQS priority function 'val_int' calls descriptor/type-resolution helper","/sql/item_cmpfunc.cc","3179","10","3179","36"
"MySQL PGQS descriptor and metadata risk anchors","Reports MySQL SQL-layer priority functions that combine Item/Field/TABLE metadata, descriptor-sensitive semantic calls, or local memory sinks.","warning","MySQL PGQS priority function 'do_itemize' touches Item/Field/TABLE descriptor metadata","/sql/item_cmpfunc.cc","3061","6","3061","35"
"MySQL PGQS descriptor and metadata risk anchors","Reports MySQL SQL-layer priority functions that combine Item/Field/TABLE metadata, descriptor-sensitive semantic calls, or local memory sinks.","warning","MySQL PGQS priority function 'resolve_type' touches Item/Field/TABLE descriptor metadata
MySQL PGQS priority function 'resolve_type' calls descriptor/type-resolution helper","/sql/item_cmpfunc.cc","744","6","744","34"
"MySQL PGQS descriptor and metadata risk anchors","Reports MySQL SQL-layer priority functions that combine Item/Field/TABLE metadata, descriptor-sensitive semantic calls, or local memory sinks.","warning","MySQL PGQS priority function 'val_int' touches Item/Field/TABLE descriptor metadata","/sql/item_cmpfunc.cc","3034","10","3034","34"
"MySQL PGQS descriptor and metadata risk anchors","Reports MySQL SQL-layer priority functions that combine Item/Field/TABLE metadata, descriptor-sensitive semantic calls, or local memory sinks.","warning","MySQL PGQS priority function 'resolve_type' touches Item/Field/TABLE descriptor metadata
MySQL PGQS priority function 'resolve_type' calls descriptor/type-resolution helper","/sql/item_cmpfunc.cc","3311","6","3311","36"
"MySQL PGQS descriptor and metadata risk anchors","Reports MySQL SQL-layer priority functions that combine Item/Field/TABLE metadata, descriptor-sensitive semantic calls, or local memory sinks.","warning","MySQL PGQS priority function 'fix_fields' touches Item/Field/TABLE descriptor metadata
MySQL PGQS priority function 'fix_fields' calls descriptor/type-resolution helper","/sql/item_cmpfunc.cc","3270","6","3270","34"
"MySQL PGQS descriptor and metadata risk anchors","Reports MySQL SQL-layer priority functions that combine Item/Field/TABLE metadata, descriptor-sensitive semantic calls, or local memory sinks.","warning","MySQL PGQS priority function 'val_int' touches Item/Field/TABLE descriptor metadata","/sql/item_cmpfunc.cc","3570","10","3570","35"
"MySQL PGQS descriptor and metadata risk anchors","Reports MySQL SQL-layer priority functions that combine Item/Field/TABLE metadata, descriptor-sensitive semantic calls, or local memory sinks.","warning","MySQL PGQS priority function 'eq_specific' touches Item/Field/TABLE descriptor metadata","/sql/item_cmpfunc.cc","3055","6","3055","35"
"MySQL PGQS descriptor and metadata risk anchors","Reports MySQL SQL-layer priority functions that combine Item/Field/TABLE metadata, descriptor-sensitive semantic calls, or local memory sinks.","warning","MySQL PGQS priority function 'val_int' touches Item/Field/TABLE descriptor metadata","/sql/item_cmpfunc.cc","3014","10","3014","37"
"MySQL PGQS descriptor and metadata risk anchors","Reports MySQL SQL-layer priority functions that combine Item/Field/TABLE metadata, descriptor-sensitive semantic calls, or local memory sinks.","warning","MySQL PGQS priority function 'val_int' touches Item/Field/TABLE descriptor metadata","/sql/item_cmpfunc.cc","568","10","568","35"
"MySQL PGQS descriptor and metadata risk anchors","Reports MySQL SQL-layer priority functions that combine Item/Field/TABLE metadata, descriptor-sensitive semantic calls, or local memory sinks.","warning","MySQL PGQS priority function 'hash' touches Item/Field/TABLE descriptor metadata","/sql/item_cmpfunc.cc","7748","10","7748","34"
"MySQL PGQS descriptor and metadata risk anchors","Reports MySQL SQL-layer priority functions that combine Item/Field/TABLE metadata, descriptor-sensitive semantic calls, or local memory sinks.","warning","MySQL PGQS priority function 'fix_fields' touches Item/Field/TABLE descriptor metadata","/sql/item_cmpfunc.h","935","8","935","17"
"MySQL PGQS descriptor and metadata risk anchors","Reports MySQL SQL-layer priority functions that combine Item/Field/TABLE metadata, descriptor-sensitive semantic calls, or local memory sinks.","warning","MySQL PGQS priority function 'val_int' touches Item/Field/TABLE descriptor metadata","/sql/item_cmpfunc.cc","7652","10","7652","37"
"MySQL PGQS descriptor and metadata risk anchors","Reports MySQL SQL-layer priority functions that combine Item/Field/TABLE metadata, descriptor-sensitive semantic calls, or local memory sinks.","warning","MySQL PGQS priority function 'val_int' touches Item/Field/TABLE descriptor metadata","/sql/item_cmpfunc.cc","7641","10","7641","43"
"MySQL PGQS descriptor and metadata risk anchors","Reports MySQL SQL-layer priority functions that combine Item/Field/TABLE metadata, descriptor-sensitive semantic calls, or local memory sinks.","warning","MySQL PGQS priority function 'val_int' touches Item/Field/TABLE descriptor metadata","/sql/item_cmpfunc.cc","7078","10","7078","31"
"MySQL PGQS descriptor and metadata risk anchors","Reports MySQL SQL-layer priority functions that combine Item/Field/TABLE metadata, descriptor-sensitive semantic calls, or local memory sinks.","warning","MySQL PGQS priority function 'do_itemize' touches Item/Field/TABLE descriptor metadata","/sql/item_cmpfunc.cc","7025","6","7025","30"
"MySQL PGQS descriptor and metadata risk anchors","Reports MySQL SQL-layer priority functions that combine Item/Field/TABLE metadata, descriptor-sensitive semantic calls, or local memory sinks.","warning","MySQL PGQS priority function 'val_int' touches Item/Field/TABLE descriptor metadata","/sql/item_cmpfunc.cc","2354","10","2354","33"
"MySQL PGQS descriptor and metadata risk anchors","Reports MySQL SQL-layer priority functions that combine Item/Field/TABLE metadata, descriptor-sensitive semantic calls, or local memory sinks.","warning","MySQL PGQS priority function 'cleanup' touches Item/Field/TABLE descriptor metadata","/sql/item_cmpfunc.h","392","8","392","14"
"MySQL PGQS descriptor and metadata risk anchors","Reports MySQL SQL-layer priority functions that combine Item/Field/TABLE metadata, descriptor-sensitive semantic calls, or local memory sinks.","warning","MySQL PGQS priority function 'eq_specific' touches Item/Field/TABLE descriptor metadata","/sql/item_cmpfunc.cc","7619","6","7619","31"
"MySQL PGQS descriptor and metadata risk anchors","Reports MySQL SQL-layer priority functions that combine Item/Field/TABLE metadata, descriptor-sensitive semantic calls, or local memory sinks.","warning","MySQL PGQS priority function 'hash' touches Item/Field/TABLE descriptor metadata","/sql/item_cmpfunc.cc","7608","10","7608","28"
"MySQL PGQS descriptor and metadata risk anchors","Reports MySQL SQL-layer priority functions that combine Item/Field/TABLE metadata, descriptor-sensitive semantic calls, or local memory sinks.","warning","MySQL PGQS priority function 'update_used_tables' touches Item/Field/TABLE descriptor metadata","/sql/item_cmpfunc.cc","7524","6","7524","38"
"MySQL PGQS descriptor and metadata risk anchors","Reports MySQL SQL-layer priority functions that combine Item/Field/TABLE metadata, descriptor-sensitive semantic calls, or local memory sinks.","warning","MySQL PGQS priority function 'fix_fields' touches Item/Field/TABLE descriptor metadata","/sql/item_cmpfunc.cc","7394","6","7394","30"
"MySQL PGQS descriptor and metadata risk anchors","Reports MySQL SQL-layer priority functions that combine Item/Field/TABLE metadata, descriptor-sensitive semantic calls, or local memory sinks.","warning","MySQL PGQS priority function 'resolve_type' touches Item/Field/TABLE descriptor metadata
MySQL PGQS priority function 'resolve_type' calls descriptor/type-resolution helper","/sql/item_cmpfunc.cc","7564","6","7564","32"
"MySQL PGQS descriptor and metadata risk anchors","Reports MySQL SQL-layer priority functions that combine Item/Field/TABLE metadata, descriptor-sensitive semantic calls, or local memory sinks.","warning","MySQL PGQS priority function 'val_int' touches Item/Field/TABLE descriptor metadata","/sql/item_cmpfunc.cc","7539","10","7539","31"
"MySQL PGQS descriptor and metadata risk anchors","Reports MySQL SQL-layer priority functions that combine Item/Field/TABLE metadata, descriptor-sensitive semantic calls, or local memory sinks.","warning","MySQL PGQS priority function 'update_used_tables' touches Item/Field/TABLE descriptor metadata","/sql/item_cmpfunc.cc","6742","6","6742","46"
"MySQL PGQS descriptor and metadata risk anchors","Reports MySQL SQL-layer priority functions that combine Item/Field/TABLE metadata, descriptor-sensitive semantic calls, or local memory sinks.","warning","MySQL PGQS priority function 'resolve_type' touches Item/Field/TABLE descriptor metadata","/sql/item_cmpfunc.cc","6733","6","6733","40"
"MySQL PGQS descriptor and metadata risk anchors","Reports MySQL SQL-layer priority functions that combine Item/Field/TABLE metadata, descriptor-sensitive semantic calls, or local memory sinks.","warning","MySQL PGQS priority function 'val_int' touches Item/Field/TABLE descriptor metadata","/sql/item_cmpfunc.cc","6721","10","6721","39"
"MySQL PGQS descriptor and metadata risk anchors","Reports MySQL SQL-layer priority functions that combine Item/Field/TABLE metadata, descriptor-sensitive semantic calls, or local memory sinks.","warning","MySQL PGQS priority function 'fix_fields' touches Item/Field/TABLE descriptor metadata","/sql/item_cmpfunc.cc","6592","6","6592","33"
"MySQL PGQS descriptor and metadata risk anchors","Reports MySQL SQL-layer priority functions that combine Item/Field/TABLE metadata, descriptor-sensitive semantic calls, or local memory sinks.","warning","MySQL PGQS priority function 'hash' touches Item/Field/TABLE descriptor metadata","/sql/item_cmpfunc.cc","6717","10","6717","31"
"MySQL PGQS descriptor and metadata risk anchors","Reports MySQL SQL-layer priority functions that combine Item/Field/TABLE metadata, descriptor-sensitive semantic calls, or local memory sinks.","warning","MySQL PGQS priority function 'update_used_tables' touches Item/Field/TABLE descriptor metadata","/sql/item_cmpfunc.cc","6545","6","6545","41"
"MySQL PGQS descriptor and metadata risk anchors","Reports MySQL SQL-layer priority functions that combine Item/Field/TABLE metadata, descriptor-sensitive semantic calls, or local memory sinks.","warning","MySQL PGQS priority function 'resolve_type' touches Item/Field/TABLE descriptor metadata","/sql/item_cmpfunc.cc","6677","6","6677","35"
"MySQL PGQS descriptor and metadata risk anchors","Reports MySQL SQL-layer priority functions that combine Item/Field/TABLE metadata, descriptor-sensitive semantic calls, or local memory sinks.","warning","MySQL PGQS priority function 'val_int' touches Item/Field/TABLE descriptor metadata","/sql/item_cmpfunc.cc","6704","10","6704","34"
"MySQL PGQS descriptor and metadata risk anchors","Reports MySQL SQL-layer priority functions that combine Item/Field/TABLE metadata, descriptor-sensitive semantic calls, or local memory sinks.","warning","MySQL PGQS priority function 'update_used_tables' touches Item/Field/TABLE descriptor metadata","/sql/item_cmpfunc.cc","2681","6","2681","42"
"MySQL PGQS descriptor and metadata risk anchors","Reports MySQL SQL-layer priority functions that combine Item/Field/TABLE metadata, descriptor-sensitive semantic calls, or local memory sinks.","warning","MySQL PGQS priority function 'cleanup' touches Item/Field/TABLE descriptor metadata","/sql/item_cmpfunc.cc","2663","6","2663","31"
"MySQL PGQS descriptor and metadata risk anchors","Reports MySQL SQL-layer priority functions that combine Item/Field/TABLE metadata, descriptor-sensitive semantic calls, or local memory sinks.","warning","MySQL PGQS priority function 'val_int' touches Item/Field/TABLE descriptor metadata","/sql/item_cmpfunc.cc","2577","10","2577","35"
"MySQL PGQS descriptor and metadata risk anchors","Reports MySQL SQL-layer priority functions that combine Item/Field/TABLE metadata, descriptor-sensitive semantic calls, or local memory sinks.","warning","MySQL PGQS priority function 'hash' touches Item/Field/TABLE descriptor metadata","/sql/item_cmpfunc.cc","2495","10","2495","32"
"MySQL PGQS descriptor and metadata risk anchors","Reports MySQL SQL-layer priority functions that combine Item/Field/TABLE metadata, descriptor-sensitive semantic calls, or local memory sinks.","warning","MySQL PGQS priority function 'fix_fields' touches Item/Field/TABLE descriptor metadata","/sql/item_cmpfunc.cc","2429","6","2429","34"
"MySQL PGQS descriptor and metadata risk anchors","Reports MySQL SQL-layer priority functions that combine Item/Field/TABLE metadata, descriptor-sensitive semantic calls, or local memory sinks.","warning","MySQL PGQS priority function 'val_int' touches Item/Field/TABLE descriptor metadata","/sql/item_cmpfunc.cc","516","10","516","35"
"MySQL PGQS descriptor and metadata risk anchors","Reports MySQL SQL-layer priority functions that combine Item/Field/TABLE metadata, descriptor-sensitive semantic calls, or local memory sinks.","warning","MySQL PGQS priority function 'val_int' touches Item/Field/TABLE descriptor metadata","/sql/item_cmpfunc.cc","480","10","480","31"
"MySQL PGQS descriptor and metadata risk anchors","Reports MySQL SQL-layer priority functions that combine Item/Field/TABLE metadata, descriptor-sensitive semantic calls, or local memory sinks.","warning","MySQL PGQS priority function 'store_value' touches Item/Field/TABLE descriptor metadata","/sql/item_cmpfunc.cc","5165","6","5165","30"
"MySQL PGQS descriptor and metadata risk anchors","Reports MySQL SQL-layer priority functions that combine Item/Field/TABLE metadata, descriptor-sensitive semantic calls, or local memory sinks.","warning","MySQL PGQS priority function 'store_value' touches Item/Field/TABLE descriptor metadata","/sql/item_cmpfunc.h","1979","8","1979","18"
"MySQL PGQS descriptor and metadata risk anchors","Reports MySQL SQL-layer priority functions that combine Item/Field/TABLE metadata, descriptor-sensitive semantic calls, or local memory sinks.","warning","MySQL PGQS priority function 'store_value' touches Item/Field/TABLE descriptor metadata","/sql/item_cmpfunc.h","2023","8","2023","18"
"MySQL PGQS descriptor and metadata risk anchors","Reports MySQL SQL-layer priority functions that combine Item/Field/TABLE metadata, descriptor-sensitive semantic calls, or local memory sinks.","warning","MySQL PGQS priority function 'store_value' touches Item/Field/TABLE descriptor metadata","/sql/item_cmpfunc.h","2063","8","2063","18"
"MySQL PGQS descriptor and metadata risk anchors","Reports MySQL SQL-layer priority functions that combine Item/Field/TABLE metadata, descriptor-sensitive semantic calls, or local memory sinks.","warning","MySQL PGQS priority function 'hash' touches Item/Field/TABLE descriptor metadata","/sql/item_cmpfunc.cc","6422","10","6422","24"
"MySQL PGQS descriptor and metadata risk anchors","Reports MySQL SQL-layer priority functions that combine Item/Field/TABLE metadata, descriptor-sensitive semantic calls, or local memory sinks.","warning","MySQL PGQS priority function 'update_used_tables' touches Item/Field/TABLE descriptor metadata","/sql/item_cmpfunc.cc","6383","6","6383","34"
"MySQL PGQS descriptor and metadata risk anchors","Reports MySQL SQL-layer priority functions that combine Item/Field/TABLE metadata, descriptor-sensitive semantic calls, or local memory sinks.","warning","MySQL PGQS priority function 'used_tables' touches Item/Field/TABLE descriptor metadata","/sql/item_cmpfunc.h","2609","13","2609","23"
"MySQL PGQS descriptor and metadata risk anchors","Reports MySQL SQL-layer priority functions that combine Item/Field/TABLE metadata, descriptor-sensitive semantic calls, or local memory sinks.","warning","MySQL PGQS priority function 'eq' touches Item/Field/TABLE descriptor metadata","/sql/item_cmpfunc.cc","6254","6","6254","18"
"MySQL PGQS descriptor and metadata risk anchors","Reports MySQL SQL-layer priority functions that combine Item/Field/TABLE metadata, descriptor-sensitive semantic calls, or local memory sinks.","warning","MySQL PGQS priority function 'fix_fields' touches Item/Field/TABLE descriptor metadata","/sql/item_cmpfunc.cc","6015","6","6015","26"
"MySQL PGQS descriptor and metadata risk anchors","Reports MySQL SQL-layer priority functions that combine Item/Field/TABLE metadata, descriptor-sensitive semantic calls, or local memory sinks.","warning","MySQL PGQS priority function 'do_itemize' touches Item/Field/TABLE descriptor metadata","/sql/item_cmpfunc.cc","5990","6","5990","26"
"MySQL PGQS descriptor and metadata risk anchors","Reports MySQL SQL-layer priority functions that combine Item/Field/TABLE metadata, descriptor-sensitive semantic calls, or local memory sinks.","warning","MySQL PGQS priority function 'result_type' touches Item/Field/TABLE descriptor metadata","/sql/item_sum.h","1073","20","1073","30"
"MySQL PGQS descriptor and metadata risk anchors","Reports MySQL SQL-layer priority functions that combine Item/Field/TABLE metadata, descriptor-sensitive semantic calls, or local memory sinks.","warning","MySQL PGQS priority function 'result_type' touches Item/Field/TABLE descriptor metadata","/sql/item_sum.h","2700","20","2700","30"
"MySQL PGQS descriptor and metadata risk anchors","Reports MySQL SQL-layer priority functions that combine Item/Field/TABLE metadata, descriptor-sensitive semantic calls, or local memory sinks.","warning","MySQL PGQS priority function 'result_type' touches Item/Field/TABLE descriptor metadata","/sql/item_sum.h","2628","20","2628","30"
"MySQL PGQS descriptor and metadata risk anchors","Reports MySQL SQL-layer priority functions that combine Item/Field/TABLE metadata, descriptor-sensitive semantic calls, or local memory sinks.","warning","MySQL PGQS priority function 'result_type' touches Item/Field/TABLE descriptor metadata","/sql/item_sum.h","2551","20","2551","30"
"MySQL PGQS descriptor and metadata risk anchors","Reports MySQL SQL-layer priority functions that combine Item/Field/TABLE metadata, descriptor-sensitive semantic calls, or local memory sinks.","warning","MySQL PGQS priority function 'fix_fields' touches Item/Field/TABLE descriptor metadata","/sql/item_sum.h","1991","8","1991","17"
"MySQL PGQS descriptor and metadata risk anchors","Reports MySQL SQL-layer priority functions that combine Item/Field/TABLE metadata, descriptor-sensitive semantic calls, or local memory sinks.","warning","MySQL PGQS priority function 'result_type' touches Item/Field/TABLE descriptor metadata","/sql/item_sum.h","1710","20","1710","30"
"MySQL PGQS descriptor and metadata risk anchors","Reports MySQL SQL-layer priority functions that combine Item/Field/TABLE metadata, descriptor-sensitive semantic calls, or local memory sinks.","warning","MySQL PGQS priority function 'result_type' touches Item/Field/TABLE descriptor metadata","/sql/item_sum.h","1871","20","1871","30"
"MySQL PGQS descriptor and metadata risk anchors","Reports MySQL SQL-layer priority functions that combine Item/Field/TABLE metadata, descriptor-sensitive semantic calls, or local memory sinks.","warning","MySQL PGQS priority function 'result_type' touches Item/Field/TABLE descriptor metadata","/sql/item_sum.h","1161","20","1161","30"
"MySQL PGQS descriptor and metadata risk anchors","Reports MySQL SQL-layer priority functions that combine Item/Field/TABLE metadata, descriptor-sensitive semantic calls, or local memory sinks.","warning","MySQL PGQS priority function 'update_used_tables' touches Item/Field/TABLE descriptor metadata","/sql/item_row.cc","145","6","145","33"
"MySQL PGQS descriptor and metadata risk anchors","Reports MySQL SQL-layer priority functions that combine Item/Field/TABLE metadata, descriptor-sensitive semantic calls, or local memory sinks.","warning","MySQL PGQS priority function 'used_tables' touches Item/Field/TABLE descriptor metadata","/sql/item_row.h","142","13","142","23"
"MySQL PGQS descriptor and metadata risk anchors","Reports MySQL SQL-layer priority functions that combine Item/Field/TABLE metadata, descriptor-sensitive semantic calls, or local memory sinks.","warning","MySQL PGQS priority function 'accept' touches Item/Field/TABLE descriptor metadata","/sql/sql_update.cc","3074","6","3074","27"
"MySQL PGQS descriptor and metadata risk anchors","Reports MySQL SQL-layer priority functions that combine Item/Field/TABLE metadata, descriptor-sensitive semantic calls, or local memory sinks.","warning","MySQL PGQS priority function 'execute_inner' touches Item/Field/TABLE descriptor metadata","/sql/sql_update.cc","1891","6","1891","34"
"MySQL PGQS descriptor and metadata risk anchors","Reports MySQL SQL-layer priority functions that combine Item/Field/TABLE metadata, descriptor-sensitive semantic calls, or local memory sinks.","warning","MySQL PGQS priority function 'prepare_inner' touches Item/Field/TABLE descriptor metadata","/sql/sql_update.cc","1530","6","1530","34"
"MySQL PGQS descriptor and metadata risk anchors","Reports MySQL SQL-layer priority functions that combine Item/Field/TABLE metadata, descriptor-sensitive semantic calls, or local memory sinks.","warning","MySQL PGQS priority function 'check_privileges' touches Item/Field/TABLE descriptor metadata","/sql/sql_update.cc","196","6","196","37"
"MySQL PGQS descriptor and metadata risk anchors","Reports MySQL SQL-layer priority functions that combine Item/Field/TABLE metadata, descriptor-sensitive semantic calls, or local memory sinks.","warning","MySQL PGQS priority function 'precheck' touches Item/Field/TABLE descriptor metadata","/sql/sql_update.cc","130","6","130","29"
"MySQL PGQS descriptor and metadata risk anchors","Reports MySQL SQL-layer priority functions that combine Item/Field/TABLE metadata, descriptor-sensitive semantic calls, or local memory sinks.","warning","MySQL PGQS priority function 'cleanup' touches Item/Field/TABLE descriptor metadata","/sql/sql_update.cc","2471","6","2471","33"
"MySQL PGQS descriptor and metadata risk anchors","Reports MySQL SQL-layer priority functions that combine Item/Field/TABLE metadata, descriptor-sensitive semantic calls, or local memory sinks.","warning","MySQL PGQS priority function 'optimize' touches Item/Field/TABLE descriptor metadata","/sql/sql_update.cc","2271","6","2271","34"
"MySQL PGQS descriptor and metadata risk anchors","Reports MySQL SQL-layer priority functions that combine Item/Field/TABLE metadata, descriptor-sensitive semantic calls, or local memory sinks.","warning","MySQL PGQS priority function 'prepare' touches Item/Field/TABLE descriptor metadata","/sql/sql_update.cc","1914","6","1914","33"
"MySQL PGQS descriptor and metadata risk anchors","Reports MySQL SQL-layer priority functions that combine Item/Field/TABLE metadata, descriptor-sensitive semantic calls, or local memory sinks.","warning","MySQL PGQS priority function 'update_used_tables' touches Item/Field/TABLE descriptor metadata","/sql/item_subselect.cc","2911","6","2911","42"
"MySQL PGQS descriptor and metadata risk anchors","Reports MySQL SQL-layer priority functions that combine Item/Field/TABLE metadata, descriptor-sensitive semantic calls, or local memory sinks.","warning","MySQL PGQS priority function 'do_itemize' touches Item/Field/TABLE descriptor metadata","/sql/item_subselect.cc","1517","6","1517","34"
"MySQL PGQS descriptor and metadata risk anchors","Reports MySQL SQL-layer priority functions that combine Item/Field/TABLE metadata, descriptor-sensitive semantic calls, or local memory sinks.","warning","MySQL PGQS priority function 'resolve_type' touches Item/Field/TABLE descriptor metadata","/sql/item_subselect.cc","1169","6","1169","43"
"MySQL PGQS descriptor and metadata risk anchors","Reports MySQL SQL-layer priority functions that combine Item/Field/TABLE metadata, descriptor-sensitive semantic calls, or local memory sinks.","warning","MySQL PGQS priority function 'result_type' calls descriptor/type-resolution helper","/sql/item_subselect.cc","1164","18","1164","54"
"MySQL PGQS descriptor and metadata risk anchors","Reports MySQL SQL-layer priority functions that combine Item/Field/TABLE metadata, descriptor-sensitive semantic calls, or local memory sinks.","warning","MySQL PGQS priority function 'val_bool' touches Item/Field/TABLE descriptor metadata","/sql/item_subselect.cc","1322","6","1322","39"
"MySQL PGQS descriptor and metadata risk anchors","Reports MySQL SQL-layer priority functions that combine Item/Field/TABLE metadata, descriptor-sensitive semantic calls, or local memory sinks.","warning","MySQL PGQS priority function 'val_datetime' touches Item/Field/TABLE descriptor metadata","/sql/item_subselect.cc","1310","6","1310","43"
"MySQL PGQS descriptor and metadata risk anchors","Reports MySQL SQL-layer priority functions that combine Item/Field/TABLE metadata, descriptor-sensitive semantic calls, or local memory sinks.","warning","MySQL PGQS priority function 'val_time' touches Item/Field/TABLE descriptor metadata","/sql/item_subselect.cc","1299","6","1299","39"
"MySQL PGQS descriptor and metadata risk anchors","Reports MySQL SQL-layer priority functions that combine Item/Field/TABLE metadata, descriptor-sensitive semantic calls, or local memory sinks.","warning","MySQL PGQS priority function 'val_date' touches Item/Field/TABLE descriptor metadata","/sql/item_subselect.cc","1288","6","1288","39"
"MySQL PGQS descriptor and metadata risk anchors","Reports MySQL SQL-layer priority functions that combine Item/Field/TABLE metadata, descriptor-sensitive semantic calls, or local memory sinks.","warning","MySQL PGQS priority function 'val_json' touches Item/Field/TABLE descriptor metadata","/sql/item_subselect.cc","1277","6","1277","39"
"MySQL PGQS descriptor and metadata risk anchors","Reports MySQL SQL-layer priority functions that combine Item/Field/TABLE metadata, descriptor-sensitive semantic calls, or local memory sinks.","warning","MySQL PGQS priority function 'val_str' touches Item/Field/TABLE descriptor metadata","/sql/item_subselect.cc","1254","9","1254","41"
"MySQL PGQS descriptor and metadata risk anchors","Reports MySQL SQL-layer priority functions that combine Item/Field/TABLE metadata, descriptor-sensitive semantic calls, or local memory sinks.","warning","MySQL PGQS priority function 'val_int' touches Item/Field/TABLE descriptor metadata","/sql/item_subselect.cc","1243","10","1243","42"
"MySQL PGQS descriptor and metadata risk anchors","Reports MySQL SQL-layer priority functions that combine Item/Field/TABLE metadata, descriptor-sensitive semantic calls, or local memory sinks.","warning","MySQL PGQS priority function 'val_real' touches Item/Field/TABLE descriptor metadata","/sql/item_subselect.cc","1232","8","1232","41"
"MySQL PGQS descriptor and metadata risk anchors","Reports MySQL SQL-layer priority functions that combine Item/Field/TABLE metadata, descriptor-sensitive semantic calls, or local memory sinks.","warning","MySQL PGQS priority function 'store' touches Item/Field/TABLE descriptor metadata","/sql/item_subselect.cc","1155","6","1155","36"
"MySQL PGQS descriptor and metadata risk anchors","Reports MySQL SQL-layer priority functions that combine Item/Field/TABLE metadata, descriptor-sensitive semantic calls, or local memory sinks.","warning","MySQL PGQS priority function 'reset' touches Item/Field/TABLE descriptor metadata","/sql/item_subselect.cc","1150","6","1150","36"
"MySQL PGQS descriptor and metadata risk anchors","Reports MySQL SQL-layer priority functions that combine Item/Field/TABLE metadata, descriptor-sensitive semantic calls, or local memory sinks.","warning","MySQL PGQS priority function 'fix_fields' touches Item/Field/TABLE descriptor metadata","/sql/item_subselect.cc","356","6","356","41"
"MySQL PGQS descriptor and metadata risk anchors","Reports MySQL SQL-layer priority functions that combine Item/Field/TABLE metadata, descriptor-sensitive semantic calls, or local memory sinks.","warning","MySQL PGQS priority function 'val_int' touches Item/Field/TABLE descriptor metadata","/sql/item_strfunc.cc","4066","10","4066","47"
"MySQL PGQS descriptor and metadata risk anchors","Reports MySQL SQL-layer priority functions that combine Item/Field/TABLE metadata, descriptor-sensitive semantic calls, or local memory sinks.","warning","MySQL PGQS priority function 'eq_specific' touches Item/Field/TABLE descriptor metadata","/sql/item_strfunc.cc","3284","6","3284","41"
"MySQL PGQS descriptor and metadata risk anchors","Reports MySQL SQL-layer priority functions that combine Item/Field/TABLE metadata, descriptor-sensitive semantic calls, or local memory sinks.","warning","MySQL PGQS priority function 'eq' touches Item/Field/TABLE descriptor metadata","/sql/item_strfunc.cc","3177","6","3177","32"
"MySQL PGQS descriptor and metadata risk anchors","Reports MySQL SQL-layer priority functions that combine Item/Field/TABLE metadata, descriptor-sensitive semantic calls, or local memory sinks.","warning","MySQL PGQS priority function 'eq_specific' touches Item/Field/TABLE descriptor metadata","/sql/item_strfunc.cc","3113","6","3113","40"
"MySQL PGQS descriptor and metadata risk anchors","Reports MySQL SQL-layer priority functions that combine Item/Field/TABLE metadata, descriptor-sensitive semantic calls, or local memory sinks.","warning","MySQL PGQS priority function 'eq_specific' touches Item/Field/TABLE descriptor metadata","/sql/item_strfunc.cc","3498","6","3498","36"
"MySQL PGQS descriptor and metadata risk anchors","Reports MySQL SQL-layer priority functions that combine Item/Field/TABLE metadata, descriptor-sensitive semantic calls, or local memory sinks.","warning","MySQL PGQS priority function 'resolve_type' touches Item/Field/TABLE descriptor metadata","/sql/item_strfunc.h","971","8","971","19"
"MySQL PGQS descriptor and metadata risk anchors","Reports MySQL SQL-layer priority functions that combine Item/Field/TABLE metadata, descriptor-sensitive semantic calls, or local memory sinks.","warning","MySQL PGQS priority function 'val_int' touches Item/Field/TABLE descriptor metadata","/sql/item_strfunc.cc","2440","10","2440","31"
"MySQL PGQS descriptor and metadata risk anchors","Reports MySQL SQL-layer priority functions that combine Item/Field/TABLE metadata, descriptor-sensitive semantic calls, or local memory sinks.","warning","MySQL PGQS priority function 'val_real' touches Item/Field/TABLE descriptor metadata","/sql/item_strfunc.cc","2428","8","2428","30"
"MySQL PGQS descriptor and metadata risk anchors","Reports MySQL SQL-layer priority functions that combine Item/Field/TABLE metadata, descriptor-sensitive semantic calls, or local memory sinks.","warning","MySQL PGQS priority function 'val_datetime' touches Item/Field/TABLE descriptor metadata","/sql/item_timefunc.cc","4150","6","4150","48"
"MySQL PGQS descriptor and metadata risk anchors","Reports MySQL SQL-layer priority functions that combine Item/Field/TABLE metadata, descriptor-sensitive semantic calls, or local memory sinks.","warning","MySQL PGQS priority function 'val_datetime' touches Item/Field/TABLE descriptor metadata","/sql/item_timefunc.cc","4066","6","4066","49"
"MySQL PGQS descriptor and metadata risk anchors","Reports MySQL SQL-layer priority functions that combine Item/Field/TABLE metadata, descriptor-sensitive semantic calls, or local memory sinks.","warning","MySQL PGQS priority function 'val_int' touches Item/Field/TABLE descriptor metadata","/sql/item_timefunc.cc","3687","10","3687","42"
"MySQL PGQS descriptor and metadata risk anchors","Reports MySQL SQL-layer priority functions that combine Item/Field/TABLE metadata, descriptor-sensitive semantic calls, or local memory sinks.","warning","MySQL PGQS priority function 'val_time' touches Item/Field/TABLE descriptor metadata","/sql/item_timefunc.cc","3579","6","3579","33"
"MySQL PGQS descriptor and metadata risk anchors","Reports MySQL SQL-layer priority functions that combine Item/Field/TABLE metadata, descriptor-sensitive semantic calls, or local memory sinks.","warning","MySQL PGQS priority function 'resolve_type' touches Item/Field/TABLE descriptor metadata","/sql/item_timefunc.h","1656","8","1656","19"
"MySQL PGQS descriptor and metadata risk anchors","Reports MySQL SQL-layer priority functions that combine Item/Field/TABLE metadata, descriptor-sensitive semantic calls, or local memory sinks.","warning","MySQL PGQS priority function 'val_time' touches Item/Field/TABLE descriptor metadata","/sql/item_timefunc.cc","3498","6","3498","33"
"MySQL PGQS descriptor and metadata risk anchors","Reports MySQL SQL-layer priority functions that combine Item/Field/TABLE metadata, descriptor-sensitive semantic calls, or local memory sinks.","warning","MySQL PGQS priority function 'resolve_type' touches Item/Field/TABLE descriptor metadata","/sql/item_timefunc.h","1632","8","1632","19"
"MySQL PGQS descriptor and metadata risk anchors","Reports MySQL SQL-layer priority functions that combine Item/Field/TABLE metadata, descriptor-sensitive semantic calls, or local memory sinks.","warning","MySQL PGQS priority function 'val_datetime' touches Item/Field/TABLE descriptor metadata","/sql/item_timefunc.cc","3281","6","3281","37"
"MySQL PGQS descriptor and metadata risk anchors","Reports MySQL SQL-layer priority functions that combine Item/Field/TABLE metadata, descriptor-sensitive semantic calls, or local memory sinks.","warning","MySQL PGQS priority function 'val_datetime' touches Item/Field/TABLE descriptor metadata","/sql/item_timefunc.cc","3184","6","3184","41"
"MySQL PGQS descriptor and metadata risk anchors","Reports MySQL SQL-layer priority functions that combine Item/Field/TABLE metadata, descriptor-sensitive semantic calls, or local memory sinks.","warning","MySQL PGQS priority function 'resolve_type' touches Item/Field/TABLE descriptor metadata","/sql/item_timefunc.h","1561","8","1561","19"
"MySQL PGQS descriptor and metadata risk anchors","Reports MySQL SQL-layer priority functions that combine Item/Field/TABLE metadata, descriptor-sensitive semantic calls, or local memory sinks.","warning","MySQL PGQS priority function 'resolve_type' touches Item/Field/TABLE descriptor metadata","/sql/item_timefunc.h","1523","8","1523","19"
"MySQL PGQS descriptor and metadata risk anchors","Reports MySQL SQL-layer priority functions that combine Item/Field/TABLE metadata, descriptor-sensitive semantic calls, or local memory sinks.","warning","MySQL PGQS priority function 'val_datetime' touches Item/Field/TABLE descriptor metadata","/sql/item_timefunc.cc","3241","6","3241","37"
"MySQL PGQS descriptor and metadata risk anchors","Reports MySQL SQL-layer priority functions that combine Item/Field/TABLE metadata, descriptor-sensitive semantic calls, or local memory sinks.","warning","MySQL PGQS priority function 'resolve_type' touches Item/Field/TABLE descriptor metadata","/sql/item_timefunc.h","1481","8","1481","19"
"MySQL PGQS descriptor and metadata risk anchors","Reports MySQL SQL-layer priority functions that combine Item/Field/TABLE metadata, descriptor-sensitive semantic calls, or local memory sinks.","warning","MySQL PGQS priority function 'eq_specific' touches Item/Field/TABLE descriptor metadata","/sql/item_timefunc.cc","3164","6","3164","30"
"MySQL PGQS descriptor and metadata risk anchors","Reports MySQL SQL-layer priority functions that combine Item/Field/TABLE metadata, descriptor-sensitive semantic calls, or local memory sinks.","warning","MySQL PGQS priority function 'eq_specific' touches Item/Field/TABLE descriptor metadata","/sql/item_timefunc.cc","2909","6","2909","40"
"MySQL PGQS descriptor and metadata risk anchors","Reports MySQL SQL-layer priority functions that combine Item/Field/TABLE metadata, descriptor-sensitive semantic calls, or local memory sinks.","warning","MySQL PGQS priority function 'val_time' touches Item/Field/TABLE descriptor metadata","/sql/item_timefunc.cc","2448","6","2448","36"
"MySQL PGQS descriptor and metadata risk anchors","Reports MySQL SQL-layer priority functions that combine Item/Field/TABLE metadata, descriptor-sensitive semantic calls, or local memory sinks.","warning","MySQL PGQS priority function 'resolve_type' touches Item/Field/TABLE descriptor metadata","/sql/item_timefunc.h","1357","8","1357","19"
"MySQL PGQS descriptor and metadata risk anchors","Reports MySQL SQL-layer priority functions that combine Item/Field/TABLE metadata, descriptor-sensitive semantic calls, or local memory sinks.","warning","MySQL PGQS priority function 'val_datetime' touches Item/Field/TABLE descriptor metadata","/sql/item_timefunc.cc","2724","6","2724","39"
"MySQL PGQS descriptor and metadata risk anchors","Reports MySQL SQL-layer priority functions that combine Item/Field/TABLE metadata, descriptor-sensitive semantic calls, or local memory sinks.","warning","MySQL PGQS priority function 'val_datetime' touches Item/Field/TABLE descriptor metadata","/sql/item_timefunc.cc","2660","6","2660","42"
"MySQL PGQS descriptor and metadata risk anchors","Reports MySQL SQL-layer priority functions that combine Item/Field/TABLE metadata, descriptor-sensitive semantic calls, or local memory sinks.","warning","MySQL PGQS priority function 'eq_specific' touches Item/Field/TABLE descriptor metadata","/sql/item_timefunc.cc","2498","6","2498","39"
"MySQL PGQS descriptor and metadata risk anchors","Reports MySQL SQL-layer priority functions that combine Item/Field/TABLE metadata, descriptor-sensitive semantic calls, or local memory sinks.","warning","MySQL PGQS priority function 'val_datetime' touches Item/Field/TABLE descriptor metadata","/sql/item_timefunc.cc","2191","6","2191","38"
"MySQL PGQS descriptor and metadata risk anchors","Reports MySQL SQL-layer priority functions that combine Item/Field/TABLE metadata, descriptor-sensitive semantic calls, or local memory sinks.","warning","MySQL PGQS priority function 'val_datetime' touches Item/Field/TABLE descriptor metadata
MySQL PGQS priority function 'val_datetime' calls descriptor/type-resolution helper","/sql/item_timefunc.cc","1133","6","1133","41"
"MySQL PGQS descriptor and metadata risk anchors","Reports MySQL SQL-layer priority functions that combine Item/Field/TABLE metadata, descriptor-sensitive semantic calls, or local memory sinks.","warning","MySQL PGQS priority function 'eq_specific' touches Item/Field/TABLE descriptor metadata","/sql/item_timefunc.cc","1061","6","1061","39"
"MySQL PGQS descriptor and metadata risk anchors","Reports MySQL SQL-layer priority functions that combine Item/Field/TABLE metadata, descriptor-sensitive semantic calls, or local memory sinks.","warning","MySQL PGQS priority function 'eq_specific' touches Item/Field/TABLE descriptor metadata","/sql/item_timefunc.cc","1078","6","1078","35"
"MySQL PGQS descriptor and metadata risk anchors","Reports MySQL SQL-layer priority functions that combine Item/Field/TABLE metadata, descriptor-sensitive semantic calls, or local memory sinks.","warning","MySQL PGQS priority function 'eq_specific' touches Item/Field/TABLE descriptor metadata","/sql/item_timefunc.cc","1045","6","1045","35"
"MySQL PGQS descriptor and metadata risk anchors","Reports MySQL SQL-layer priority functions that combine Item/Field/TABLE metadata, descriptor-sensitive semantic calls, or local memory sinks.","warning","MySQL PGQS priority function 'save_in_field_inner' touches Item/Field/TABLE descriptor metadata","/sql/item_timefunc.h","727","26","727","44"
"MySQL PGQS descriptor and metadata risk anchors","Reports MySQL SQL-layer priority functions that combine Item/Field/TABLE metadata, descriptor-sensitive semantic calls, or local memory sinks.","warning","MySQL PGQS priority function 'save_in_field_inner' touches Item/Field/TABLE descriptor metadata","/sql/item_timefunc.h","663","26","663","44"
"MySQL PGQS descriptor and metadata risk anchors","Reports MySQL SQL-layer priority functions that combine Item/Field/TABLE metadata, descriptor-sensitive semantic calls, or local memory sinks.","warning","MySQL PGQS priority function 'save_in_field_inner' touches Item/Field/TABLE descriptor metadata","/sql/item_timefunc.h","623","26","623","44"
"MySQL PGQS descriptor and metadata risk anchors","Reports MySQL SQL-layer priority functions that combine Item/Field/TABLE metadata, descriptor-sensitive semantic calls, or local memory sinks.","warning","MySQL PGQS priority function 'val_datetime' calls descriptor/type-resolution helper","/sql/item_timefunc.cc","916","6","916","44"
"MySQL PGQS descriptor and metadata risk anchors","Reports MySQL SQL-layer priority functions that combine Item/Field/TABLE metadata, descriptor-sensitive semantic calls, or local memory sinks.","warning","MySQL PGQS priority function 'val_time' calls descriptor/type-resolution helper","/sql/item_timefunc.cc","952","6","952","40"
"MySQL PGQS descriptor and metadata risk anchors","Reports MySQL SQL-layer priority functions that combine Item/Field/TABLE metadata, descriptor-sensitive semantic calls, or local memory sinks.","warning","MySQL PGQS priority function 'resolve_type' touches Item/Field/TABLE descriptor metadata","/sql/item_timefunc.h","445","8","445","19"
"MySQL PGQS descriptor and metadata risk anchors","Reports MySQL SQL-layer priority functions that combine Item/Field/TABLE metadata, descriptor-sensitive semantic calls, or local memory sinks.","warning","MySQL PGQS priority function 'val_int_endpoint' touches Item/Field/TABLE descriptor metadata
MySQL PGQS priority function 'val_int_endpoint' calls descriptor/type-resolution helper","/sql/item_timefunc.cc","2006","10","2006","51"
"MySQL PGQS descriptor and metadata risk anchors","Reports MySQL SQL-layer priority functions that combine Item/Field/TABLE metadata, descriptor-sensitive semantic calls, or local memory sinks.","warning","MySQL PGQS priority function 'val_int' touches Item/Field/TABLE descriptor metadata
MySQL PGQS priority function 'val_int' calls descriptor/type-resolution helper","/sql/item_timefunc.cc","1831","10","1831","36"
"MySQL PGQS descriptor and metadata risk anchors","Reports MySQL SQL-layer priority functions that combine Item/Field/TABLE metadata, descriptor-sensitive semantic calls, or local memory sinks.","warning","MySQL PGQS priority function 'val_int' touches Item/Field/TABLE descriptor metadata","/sql/item_timefunc.cc","1744","10","1744","36"
"MySQL PGQS descriptor and metadata risk anchors","Reports MySQL SQL-layer priority functions that combine Item/Field/TABLE metadata, descriptor-sensitive semantic calls, or local memory sinks.","warning","MySQL PGQS priority function 'val_int' touches Item/Field/TABLE descriptor metadata","/sql/item_timefunc.cc","1725","10","1725","32"
"MySQL PGQS descriptor and metadata risk anchors","Reports MySQL SQL-layer priority functions that combine Item/Field/TABLE metadata, descriptor-sensitive semantic calls, or local memory sinks.","warning","MySQL PGQS priority function 'val_int_endpoint' touches Item/Field/TABLE descriptor metadata
MySQL PGQS priority function 'val_int_endpoint' calls descriptor/type-resolution helper","/sql/item_timefunc.cc","1308","10","1308","44"
"MySQL PGQS descriptor and metadata risk anchors","Reports MySQL SQL-layer priority functions that combine Item/Field/TABLE metadata, descriptor-sensitive semantic calls, or local memory sinks.","warning","MySQL PGQS priority function 'val_int' touches Item/Field/TABLE descriptor metadata","/sql/item_timefunc.cc","1197","10","1197","39"
"MySQL PGQS descriptor and metadata risk anchors","Reports MySQL SQL-layer priority functions that combine Item/Field/TABLE metadata, descriptor-sensitive semantic calls, or local memory sinks.","warning","MySQL PGQS priority function 'val_int' touches Item/Field/TABLE descriptor metadata","/sql/item_timefunc.cc","1178","10","1178","38"
"MySQL PGQS descriptor and metadata risk anchors","Reports MySQL SQL-layer priority functions that combine Item/Field/TABLE metadata, descriptor-sensitive semantic calls, or local memory sinks.","warning","MySQL PGQS priority function 'resolve_type' touches Item/Field/TABLE descriptor metadata","/sql/item_json_func.h","1157","8","1157","19"
"MySQL PGQS descriptor and metadata risk anchors","Reports MySQL SQL-layer priority functions that combine Item/Field/TABLE metadata, descriptor-sensitive semantic calls, or local memory sinks.","warning","MySQL PGQS priority function 'resolve_type' touches Item/Field/TABLE descriptor metadata","/sql/item_json_func.h","987","8","987","19"
"MySQL PGQS descriptor and metadata risk anchors","Reports MySQL SQL-layer priority functions that combine Item/Field/TABLE metadata, descriptor-sensitive semantic calls, or local memory sinks.","warning","MySQL PGQS priority function 'resolve_type' touches Item/Field/TABLE descriptor metadata","/sql/item_json_func.h","953","8","953","19"
"MySQL PGQS descriptor and metadata risk anchors","Reports MySQL SQL-layer priority functions that combine Item/Field/TABLE metadata, descriptor-sensitive semantic calls, or local memory sinks.","warning","MySQL PGQS priority function 'filesort' touches Item/Field/TABLE descriptor metadata","/sql/filesort.cc","367","6","367","13"
"MySQL PGQS descriptor and metadata risk anchors","Reports MySQL SQL-layer priority functions that combine Item/Field/TABLE metadata, descriptor-sensitive semantic calls, or local memory sinks.","warning","MySQL PGQS priority function 'val_int' touches Item/Field/TABLE descriptor metadata","/sql/item_geofunc_relchecks.cc","68","10","68","44"
"MySQL PGQS descriptor and metadata risk anchors","Reports MySQL SQL-layer priority functions that combine Item/Field/TABLE metadata, descriptor-sensitive semantic calls, or local memory sinks.","warning","MySQL PGQS priority function 'resolve_type' touches Item/Field/TABLE descriptor metadata
MySQL PGQS priority function 'resolve_type' calls descriptor/type-resolution helper","/sql/item_geofunc.h","907","8","907","19"
"MySQL PGQS descriptor and metadata risk anchors","Reports MySQL SQL-layer priority functions that combine Item/Field/TABLE metadata, descriptor-sensitive semantic calls, or local memory sinks.","warning","MySQL PGQS priority function 'ItemToQuerySubstrNoCharLimit' touches Item/Field/TABLE descriptor metadata","/sql/item.cc","11482","13","11482","40"
"MySQL PGQS descriptor and metadata risk anchors","Reports MySQL SQL-layer priority functions that combine Item/Field/TABLE metadata, descriptor-sensitive semantic calls, or local memory sinks.","warning","MySQL PGQS priority function 'real_data_type' touches Item/Field/TABLE descriptor metadata
MySQL PGQS priority function 'real_data_type' calls descriptor/type-resolution helper","/sql/item.cc","10855","25","10855","38"
"MySQL PGQS descriptor and metadata risk anchors","Reports MySQL SQL-layer priority functions that combine Item/Field/TABLE metadata, descriptor-sensitive semantic calls, or local memory sinks.","warning","MySQL PGQS priority function 'WalkItem' touches Item/Field/TABLE descriptor metadata","/sql/item.h","3870","13","3870","13"
"MySQL PGQS descriptor and metadata risk anchors","Reports MySQL SQL-layer priority functions that combine Item/Field/TABLE metadata, descriptor-sensitive semantic calls, or local memory sinks.","warning","MySQL PGQS priority function 'WalkItem' touches Item/Field/TABLE descriptor metadata","/sql/item.h","3879","13","3879","13"
"MySQL PGQS descriptor and metadata risk anchors","Reports MySQL SQL-layer priority functions that combine Item/Field/TABLE metadata, descriptor-sensitive semantic calls, or local memory sinks.","warning","MySQL PGQS priority function 'cleanup' touches Item/Field/TABLE descriptor metadata","/sql/item_xmlfunc.h","73","8","73","14"
"MySQL PGQS descriptor and metadata risk anchors","Reports MySQL SQL-layer priority functions that combine Item/Field/TABLE metadata, descriptor-sensitive semantic calls, or local memory sinks.","warning","MySQL PGQS priority function 'resolve_type' touches Item/Field/TABLE descriptor metadata","/sql/item_gtid_func.cc","162","6","162","42"
"MySQL PGQS descriptor and metadata risk anchors","Reports MySQL SQL-layer priority functions that combine Item/Field/TABLE metadata, descriptor-sensitive semantic calls, or local memory sinks.","warning","MySQL PGQS priority function 'val_int' touches Item/Field/TABLE descriptor metadata","/sql/item_gtid_func.cc","132","10","132","39"
"MySQL PGQS descriptor and metadata risk anchors","Reports MySQL SQL-layer priority functions that combine Item/Field/TABLE metadata, descriptor-sensitive semantic calls, or local memory sinks.","warning","MySQL PGQS priority function 'do_itemize' touches Item/Field/TABLE descriptor metadata","/sql/item_gtid_func.cc","40","6","40","48"
"MySQL PGQS descriptor and metadata risk anchors","Reports MySQL SQL-layer priority functions that combine Item/Field/TABLE metadata, descriptor-sensitive semantic calls, or local memory sinks.","warning","MySQL PGQS priority function 'val_int' touches Item/Field/TABLE descriptor metadata","/sql/item_gtid_func.cc","58","10","58","49"
"MySQL PGQS descriptor and metadata risk anchors","Reports MySQL SQL-layer priority functions that combine Item/Field/TABLE metadata, descriptor-sensitive semantic calls, or local memory sinks.","warning","MySQL PGQS priority function 'val_int' touches Item/Field/TABLE descriptor metadata
MySQL PGQS priority function 'val_int' calls descriptor/type-resolution helper","/sql/item_inetfunc.cc","195","10","195","42"
"MySQL PGQS descriptor and metadata risk anchors","Reports MySQL SQL-layer priority functions that combine Item/Field/TABLE metadata, descriptor-sensitive semantic calls, or local memory sinks.","warning","MySQL PGQS priority function 'val_str' touches Item/Field/TABLE descriptor metadata","/sql/item_inetfunc.cc","131","9","131","36"
"MySQL PGQS descriptor and metadata risk anchors","Reports MySQL SQL-layer priority functions that combine Item/Field/TABLE metadata, descriptor-sensitive semantic calls, or local memory sinks.","warning","MySQL PGQS priority function 'val_int' touches Item/Field/TABLE descriptor metadata","/sql/item_inetfunc.cc","59","10","59","37"
"MySQL PGQS descriptor and metadata risk anchors","Reports MySQL SQL-layer priority functions that combine Item/Field/TABLE metadata, descriptor-sensitive semantic calls, or local memory sinks.","warning","MySQL PGQS priority function 'val_int' touches Item/Field/TABLE descriptor metadata
MySQL PGQS priority function 'val_int' calls descriptor/type-resolution helper","/sql/item_pfs_func.cc","111","10","111","41"
"MySQL PGQS descriptor and metadata risk anchors","Reports MySQL SQL-layer priority functions that combine Item/Field/TABLE metadata, descriptor-sensitive semantic calls, or local memory sinks.","warning","MySQL PGQS priority function 'cleanup' touches Item/Field/TABLE descriptor metadata","/sql/item_subselect.cc","983","6","983","43"
"MySQL PGQS descriptor and metadata risk anchors","Reports MySQL SQL-layer priority functions that combine Item/Field/TABLE metadata, descriptor-sensitive semantic calls, or local memory sinks.","warning","MySQL PGQS priority function 'resolve_type' touches Item/Field/TABLE descriptor metadata","/sql/item_xmlfunc.cc","186","8","186","19"
"MySQL PGQS descriptor and metadata risk anchors","Reports MySQL SQL-layer priority functions that combine Item/Field/TABLE metadata, descriptor-sensitive semantic calls, or local memory sinks.","warning","MySQL PGQS priority function 'val_int' touches Item/Field/TABLE descriptor metadata","/sql/item_xmlfunc.cc","500","12","500","18"
"MySQL PGQS descriptor and metadata risk anchors","Reports MySQL SQL-layer priority functions that combine Item/Field/TABLE metadata, descriptor-sensitive semantic calls, or local memory sinks.","warning","MySQL PGQS priority function 'val_real' touches Item/Field/TABLE descriptor metadata","/sql/item_xmlfunc.cc","464","10","464","17"
"MySQL PGQS descriptor and metadata risk anchors","Reports MySQL SQL-layer priority functions that combine Item/Field/TABLE metadata, descriptor-sensitive semantic calls, or local memory sinks.","warning","MySQL PGQS priority function 'val_int' touches Item/Field/TABLE descriptor metadata","/sql/item_xmlfunc.cc","445","12","445","18"
"MySQL PGQS descriptor and metadata risk anchors","Reports MySQL SQL-layer priority functions that combine Item/Field/TABLE metadata, descriptor-sensitive semantic calls, or local memory sinks.","warning","MySQL PGQS priority function 'val_int' touches Item/Field/TABLE descriptor metadata","/sql/item_xmlfunc.cc","427","12","427","18"
"MySQL PGQS descriptor and metadata risk anchors","Reports MySQL SQL-layer priority functions that combine Item/Field/TABLE metadata, descriptor-sensitive semantic calls, or local memory sinks.","warning","MySQL PGQS priority function 'val_real' touches Item/Field/TABLE descriptor metadata","/sql/item_xmlfunc.cc","386","10","386","17"
"MySQL PGQS descriptor and metadata risk anchors","Reports MySQL SQL-layer priority functions that combine Item/Field/TABLE metadata, descriptor-sensitive semantic calls, or local memory sinks.","warning","MySQL PGQS priority function 'val_int' touches Item/Field/TABLE descriptor metadata","/sql/item_xmlfunc.cc","368","12","368","18"
"MySQL PGQS descriptor and metadata risk anchors","Reports MySQL SQL-layer priority functions that combine Item/Field/TABLE metadata, descriptor-sensitive semantic calls, or local memory sinks.","warning","MySQL PGQS priority function 'test_quick_select' touches Item/Field/TABLE descriptor metadata","/sql/range_optimizer/range_optimizer.cc","484","5","484","21"
"MySQL PGQS descriptor and metadata risk anchors","Reports MySQL SQL-layer priority functions that combine Item/Field/TABLE metadata, descriptor-sensitive semantic calls, or local memory sinks.","warning","MySQL PGQS priority function 'unique_key_range' touches Item/Field/TABLE descriptor metadata","/sql/range_optimizer/path_helpers.h","131","13","131","28"
"MySQL PGQS descriptor and metadata risk anchors","Reports MySQL SQL-layer priority functions that combine Item/Field/TABLE metadata, descriptor-sensitive semantic calls, or local memory sinks.","warning","MySQL PGQS priority function 'resolve_type' touches Item/Field/TABLE descriptor metadata","/sql/item_json_func.h","504","8","504","19"
"MySQL PGQS descriptor and metadata risk anchors","Reports MySQL SQL-layer priority functions that combine Item/Field/TABLE metadata, descriptor-sensitive semantic calls, or local memory sinks.","warning","MySQL PGQS priority function 'resolve_type' touches Item/Field/TABLE descriptor metadata","/sql/item_sum.h","2480","8","2480","19"
"MySQL PGQS descriptor and metadata risk anchors","Reports MySQL SQL-layer priority functions that combine Item/Field/TABLE metadata, descriptor-sensitive semantic calls, or local memory sinks.","warning","MySQL PGQS priority function 'result_type' calls descriptor/type-resolution helper","/sql/item_sum.h","2796","15","2796","25"
"MySQL PGQS descriptor and metadata risk anchors","Reports MySQL SQL-layer priority functions that combine Item/Field/TABLE metadata, descriptor-sensitive semantic calls, or local memory sinks.","warning","MySQL PGQS priority function 'used_tables' touches Item/Field/TABLE descriptor metadata","/sql/item_sum.h","587","13","587","23"
"MySQL PGQS descriptor and metadata risk anchors","Reports MySQL SQL-layer priority functions that combine Item/Field/TABLE metadata, descriptor-sensitive semantic calls, or local memory sinks.","warning","MySQL PGQS priority function 'reset' touches Item/Field/TABLE descriptor metadata","/sql/range_optimizer/index_range_scan_plan.cc","175","8","175","12"
"MySQL PGQS descriptor and metadata risk anchors","Reports MySQL SQL-layer priority functions that combine Item/Field/TABLE metadata, descriptor-sensitive semantic calls, or local memory sinks.","warning","MySQL PGQS priority function 'get_mm_tree' touches Item/Field/TABLE descriptor metadata","/sql/range_optimizer/range_analysis.cc","845","11","845","21"
"MySQL PGQS descriptor and metadata risk anchors","Reports MySQL SQL-layer priority functions that combine Item/Field/TABLE metadata, descriptor-sensitive semantic calls, or local memory sinks.","warning","MySQL PGQS priority function 'init' touches Item/Field/TABLE descriptor metadata","/sql/sql_base.cc","9562","8","9562","11"
"MySQL PGQS descriptor and metadata risk anchors","Reports MySQL SQL-layer priority functions that combine Item/Field/TABLE metadata, descriptor-sensitive semantic calls, or local memory sinks.","warning","MySQL PGQS priority function 'execute_inner' touches Item/Field/TABLE descriptor metadata
MySQL PGQS priority function 'execute_inner' combines descriptor metadata with a memory-sensitive sink","/sql/sql_insert.cc","482","6","482","41"
"MySQL PGQS descriptor and metadata risk anchors","Reports MySQL SQL-layer priority functions that combine Item/Field/TABLE metadata, descriptor-sensitive semantic calls, or local memory sinks.","warning","MySQL PGQS priority function 'accept' touches Item/Field/TABLE descriptor metadata","/sql/sql_insert.cc","3381","6","3381","32"
"MySQL PGQS descriptor and metadata risk anchors","Reports MySQL SQL-layer priority functions that combine Item/Field/TABLE metadata, descriptor-sensitive semantic calls, or local memory sinks.","warning","MySQL PGQS priority function 'restore_cmd_properties' touches Item/Field/TABLE descriptor metadata","/sql/sql_insert.cc","1732","6","1732","48"
"MySQL PGQS descriptor and metadata risk anchors","Reports MySQL SQL-layer priority functions that combine Item/Field/TABLE metadata, descriptor-sensitive semantic calls, or local memory sinks.","warning","MySQL PGQS priority function 'prepare_inner' touches Item/Field/TABLE descriptor metadata","/sql/sql_insert.cc","1048","6","1048","39"
"MySQL PGQS descriptor and metadata risk anchors","Reports MySQL SQL-layer priority functions that combine Item/Field/TABLE metadata, descriptor-sensitive semantic calls, or local memory sinks.","warning","MySQL PGQS priority function 'check_privileges' touches Item/Field/TABLE descriptor metadata","/sql/sql_insert.cc","447","6","447","42"
"MySQL PGQS descriptor and metadata risk anchors","Reports MySQL SQL-layer priority functions that combine Item/Field/TABLE metadata, descriptor-sensitive semantic calls, or local memory sinks.","warning","MySQL PGQS priority function 'precheck' touches Item/Field/TABLE descriptor metadata","/sql/sql_insert.cc","432","6","432","34"
"MySQL PGQS descriptor and metadata risk anchors","Reports MySQL SQL-layer priority functions that combine Item/Field/TABLE metadata, descriptor-sensitive semantic calls, or local memory sinks.","warning","MySQL PGQS priority function 'precheck' touches Item/Field/TABLE descriptor metadata","/sql/sql_delete.cc","160","6","160","29"
"MySQL PGQS descriptor and metadata risk anchors","Reports MySQL SQL-layer priority functions that combine Item/Field/TABLE metadata, descriptor-sensitive semantic calls, or local memory sinks.","warning","MySQL PGQS priority function 'prepare_inner' touches Item/Field/TABLE descriptor metadata","/sql/sql_delete.cc","731","6","731","34"
"MySQL PGQS descriptor and metadata risk anchors","Reports MySQL SQL-layer priority functions that combine Item/Field/TABLE metadata, descriptor-sensitive semantic calls, or local memory sinks.","warning","MySQL PGQS priority function 'execute_inner' touches Item/Field/TABLE descriptor metadata","/sql/sql_delete.cc","945","6","945","34"
"MySQL PGQS descriptor and metadata risk anchors","Reports MySQL SQL-layer priority functions that combine Item/Field/TABLE metadata, descriptor-sensitive semantic calls, or local memory sinks.","warning","MySQL PGQS priority function 'prepare' touches Item/Field/TABLE descriptor metadata","/sql/sql_insert.cc","2284","6","2284","33"
"MySQL PGQS descriptor and metadata risk anchors","Reports MySQL SQL-layer priority functions that combine Item/Field/TABLE metadata, descriptor-sensitive semantic calls, or local memory sinks.","warning","MySQL PGQS priority function 'cleanup' touches Item/Field/TABLE descriptor metadata","/sql/sql_insert.cc","2356","6","2356","33"
