idx	elapsed_ms	seed	rc	action
1	721	/root/SQLeek/experiment/RQ2/replay/output/sqlaser_mysql827_formal_mysql97_replay_20260713_141356/work/r2/queue_time_named/time:721,seq:000001,id:000000,orig:1000.sql	0	seed
2	721	/root/SQLeek/experiment/RQ2/replay/output/sqlaser_mysql827_formal_mysql97_replay_20260713_141356/work/r2/queue_time_named/time:721,seq:000002,id:000001,orig:1001.sql	0	seed
3	721	/root/SQLeek/experiment/RQ2/replay/output/sqlaser_mysql827_formal_mysql97_replay_20260713_141356/work/r2/queue_time_named/time:721,seq:000003,id:000002,orig:1113.sql	0	seed
4	721	/root/SQLeek/experiment/RQ2/replay/output/sqlaser_mysql827_formal_mysql97_replay_20260713_141356/work/r2/queue_time_named/time:721,seq:000004,id:000003,orig:1125.sql	0	seed
5	721	/root/SQLeek/experiment/RQ2/replay/output/sqlaser_mysql827_formal_mysql97_replay_20260713_141356/work/r2/queue_time_named/time:721,seq:000005,id:000004,orig:1164.sql	0	seed
6	721	/root/SQLeek/experiment/RQ2/replay/output/sqlaser_mysql827_formal_mysql97_replay_20260713_141356/work/r2/queue_time_named/time:721,seq:000006,id:000005,orig:1207.sql	0	seed
7	721	/root/SQLeek/experiment/RQ2/replay/output/sqlaser_mysql827_formal_mysql97_replay_20260713_141356/work/r2/queue_time_named/time:721,seq:000007,id:000006,orig:1215.sql	0	seed
8	721	/root/SQLeek/experiment/RQ2/replay/output/sqlaser_mysql827_formal_mysql97_replay_20260713_141356/work/r2/queue_time_named/time:721,seq:000008,id:000007,orig:1257.sql	0	seed
9	721	/root/SQLeek/experiment/RQ2/replay/output/sqlaser_mysql827_formal_mysql97_replay_20260713_141356/work/r2/queue_time_named/time:721,seq:000009,id:000008,orig:1316.sql	0	seed
10	721	/root/SQLeek/experiment/RQ2/replay/output/sqlaser_mysql827_formal_mysql97_replay_20260713_141356/work/r2/queue_time_named/time:721,seq:000010,id:000009,orig:1353.sql	0	seed
11	721	/root/SQLeek/experiment/RQ2/replay/output/sqlaser_mysql827_formal_mysql97_replay_20260713_141356/work/r2/queue_time_named/time:721,seq:000011,id:000010,orig:1357.sql	0	seed
12	721	/root/SQLeek/experiment/RQ2/replay/output/sqlaser_mysql827_formal_mysql97_replay_20260713_141356/work/r2/queue_time_named/time:721,seq:000012,id:000011,orig:1365.sql	0	seed
13	721	/root/SQLeek/experiment/RQ2/replay/output/sqlaser_mysql827_formal_mysql97_replay_20260713_141356/work/r2/queue_time_named/time:721,seq:000013,id:000012,orig:1369.sql	0	seed
14	721	/root/SQLeek/experiment/RQ2/replay/output/sqlaser_mysql827_formal_mysql97_replay_20260713_141356/work/r2/queue_time_named/time:721,seq:000014,id:000013,orig:1373.sql	0	seed
15	721	/root/SQLeek/experiment/RQ2/replay/output/sqlaser_mysql827_formal_mysql97_replay_20260713_141356/work/r2/queue_time_named/time:721,seq:000015,id:000014,orig:1554.sql	0	seed
16	721	/root/SQLeek/experiment/RQ2/replay/output/sqlaser_mysql827_formal_mysql97_replay_20260713_141356/work/r2/queue_time_named/time:721,seq:000016,id:000015,orig:1631.sql	0	seed
17	721	/root/SQLeek/experiment/RQ2/replay/output/sqlaser_mysql827_formal_mysql97_replay_20260713_141356/work/r2/queue_time_named/time:721,seq:000017,id:000016,orig:1782.sql	0	seed
18	721	/root/SQLeek/experiment/RQ2/replay/output/sqlaser_mysql827_formal_mysql97_replay_20260713_141356/work/r2/queue_time_named/time:721,seq:000018,id:000017,orig:1840.sql	0	seed
19	721	/root/SQLeek/experiment/RQ2/replay/output/sqlaser_mysql827_formal_mysql97_replay_20260713_141356/work/r2/queue_time_named/time:721,seq:000019,id:000018,orig:1900.sql	0	seed
20	721	/root/SQLeek/experiment/RQ2/replay/output/sqlaser_mysql827_formal_mysql97_replay_20260713_141356/work/r2/queue_time_named/time:721,seq:000020,id:000019,orig:1908.sql	0	seed
21	721	/root/SQLeek/experiment/RQ2/replay/output/sqlaser_mysql827_formal_mysql97_replay_20260713_141356/work/r2/queue_time_named/time:721,seq:000021,id:000020,orig:2.txt	0	seed
22	721	/root/SQLeek/experiment/RQ2/replay/output/sqlaser_mysql827_formal_mysql97_replay_20260713_141356/work/r2/queue_time_named/time:721,seq:000022,id:000021,orig:2041.sql	0	seed
23	721	/root/SQLeek/experiment/RQ2/replay/output/sqlaser_mysql827_formal_mysql97_replay_20260713_141356/work/r2/queue_time_named/time:721,seq:000023,id:000022,orig:2105.sql	0	seed
24	721	/root/SQLeek/experiment/RQ2/replay/output/sqlaser_mysql827_formal_mysql97_replay_20260713_141356/work/r2/queue_time_named/time:721,seq:000024,id:000023,orig:2109.sql	0	seed
25	721	/root/SQLeek/experiment/RQ2/replay/output/sqlaser_mysql827_formal_mysql97_replay_20260713_141356/work/r2/queue_time_named/time:721,seq:000025,id:000024,orig:2157.sql	0	seed
26	721	/root/SQLeek/experiment/RQ2/replay/output/sqlaser_mysql827_formal_mysql97_replay_20260713_141356/work/r2/queue_time_named/time:721,seq:000026,id:000025,orig:2304.sql	0	seed
27	721	/root/SQLeek/experiment/RQ2/replay/output/sqlaser_mysql827_formal_mysql97_replay_20260713_141356/work/r2/queue_time_named/time:721,seq:000027,id:000026,orig:2539.sql	0	seed
28	721	/root/SQLeek/experiment/RQ2/replay/output/sqlaser_mysql827_formal_mysql97_replay_20260713_141356/work/r2/queue_time_named/time:721,seq:000028,id:000027,orig:2619.sql	0	seed
29	721	/root/SQLeek/experiment/RQ2/replay/output/sqlaser_mysql827_formal_mysql97_replay_20260713_141356/work/r2/queue_time_named/time:721,seq:000029,id:000028,orig:2700.sql	0	seed
30	721	/root/SQLeek/experiment/RQ2/replay/output/sqlaser_mysql827_formal_mysql97_replay_20260713_141356/work/r2/queue_time_named/time:721,seq:000030,id:000029,orig:2704.sql	0	seed
31	721	/root/SQLeek/experiment/RQ2/replay/output/sqlaser_mysql827_formal_mysql97_replay_20260713_141356/work/r2/queue_time_named/time:721,seq:000031,id:000030,orig:2708.sql	0	seed
32	721	/root/SQLeek/experiment/RQ2/replay/output/sqlaser_mysql827_formal_mysql97_replay_20260713_141356/work/r2/queue_time_named/time:721,seq:000032,id:000031,orig:2712.sql	0	seed
33	721	/root/SQLeek/experiment/RQ2/replay/output/sqlaser_mysql827_formal_mysql97_replay_20260713_141356/work/r2/queue_time_named/time:721,seq:000033,id:000032,orig:2716.sql	0	seed
34	721	/root/SQLeek/experiment/RQ2/replay/output/sqlaser_mysql827_formal_mysql97_replay_20260713_141356/work/r2/queue_time_named/time:721,seq:000034,id:000033,orig:2724.sql	0	seed
35	721	/root/SQLeek/experiment/RQ2/replay/output/sqlaser_mysql827_formal_mysql97_replay_20260713_141356/work/r2/queue_time_named/time:721,seq:000035,id:000034,orig:2728.sql	0	seed
36	721	/root/SQLeek/experiment/RQ2/replay/output/sqlaser_mysql827_formal_mysql97_replay_20260713_141356/work/r2/queue_time_named/time:721,seq:000036,id:000035,orig:2732.sql	0	seed
37	721	/root/SQLeek/experiment/RQ2/replay/output/sqlaser_mysql827_formal_mysql97_replay_20260713_141356/work/r2/queue_time_named/time:721,seq:000037,id:000036,orig:2736.sql	0	seed
38	721	/root/SQLeek/experiment/RQ2/replay/output/sqlaser_mysql827_formal_mysql97_replay_20260713_141356/work/r2/queue_time_named/time:721,seq:000038,id:000037,orig:2740.sql	0	seed
39	721	/root/SQLeek/experiment/RQ2/replay/output/sqlaser_mysql827_formal_mysql97_replay_20260713_141356/work/r2/queue_time_named/time:721,seq:000039,id:000038,orig:2744.sql	0	seed
40	721	/root/SQLeek/experiment/RQ2/replay/output/sqlaser_mysql827_formal_mysql97_replay_20260713_141356/work/r2/queue_time_named/time:721,seq:000040,id:000039,orig:2774.sql	0	seed
41	721	/root/SQLeek/experiment/RQ2/replay/output/sqlaser_mysql827_formal_mysql97_replay_20260713_141356/work/r2/queue_time_named/time:721,seq:000041,id:000040,orig:2946.sql	0	seed
42	721	/root/SQLeek/experiment/RQ2/replay/output/sqlaser_mysql827_formal_mysql97_replay_20260713_141356/work/r2/queue_time_named/time:721,seq:000042,id:000041,orig:3.txt	0	seed
43	721	/root/SQLeek/experiment/RQ2/replay/output/sqlaser_mysql827_formal_mysql97_replay_20260713_141356/work/r2/queue_time_named/time:721,seq:000043,id:000042,orig:3064.sql	0	seed
44	721	/root/SQLeek/experiment/RQ2/replay/output/sqlaser_mysql827_formal_mysql97_replay_20260713_141356/work/r2/queue_time_named/time:721,seq:000044,id:000043,orig:3647.sql	0	seed
45	721	/root/SQLeek/experiment/RQ2/replay/output/sqlaser_mysql827_formal_mysql97_replay_20260713_141356/work/r2/queue_time_named/time:721,seq:000045,id:000044,orig:3675.sql	0	seed
46	721	/root/SQLeek/experiment/RQ2/replay/output/sqlaser_mysql827_formal_mysql97_replay_20260713_141356/work/r2/queue_time_named/time:721,seq:000046,id:000045,orig:37.sql	0	seed
47	721	/root/SQLeek/experiment/RQ2/replay/output/sqlaser_mysql827_formal_mysql97_replay_20260713_141356/work/r2/queue_time_named/time:721,seq:000047,id:000046,orig:3717.sql	0	seed
48	721	/root/SQLeek/experiment/RQ2/replay/output/sqlaser_mysql827_formal_mysql97_replay_20260713_141356/work/r2/queue_time_named/time:721,seq:000048,id:000047,orig:3725.sql	0	seed
49	721	/root/SQLeek/experiment/RQ2/replay/output/sqlaser_mysql827_formal_mysql97_replay_20260713_141356/work/r2/queue_time_named/time:721,seq:000049,id:000048,orig:3729.sql	0	seed
50	721	/root/SQLeek/experiment/RQ2/replay/output/sqlaser_mysql827_formal_mysql97_replay_20260713_141356/work/r2/queue_time_named/time:721,seq:000050,id:000049,orig:3745.sql	0	seed
51	721	/root/SQLeek/experiment/RQ2/replay/output/sqlaser_mysql827_formal_mysql97_replay_20260713_141356/work/r2/queue_time_named/time:721,seq:000051,id:000050,orig:3756.sql	0	seed
52	721	/root/SQLeek/experiment/RQ2/replay/output/sqlaser_mysql827_formal_mysql97_replay_20260713_141356/work/r2/queue_time_named/time:721,seq:000052,id:000051,orig:3760.sql	0	seed
53	721	/root/SQLeek/experiment/RQ2/replay/output/sqlaser_mysql827_formal_mysql97_replay_20260713_141356/work/r2/queue_time_named/time:721,seq:000053,id:000052,orig:3764.sql	0	seed
54	721	/root/SQLeek/experiment/RQ2/replay/output/sqlaser_mysql827_formal_mysql97_replay_20260713_141356/work/r2/queue_time_named/time:721,seq:000054,id:000053,orig:3768.sql	0	seed
55	721	/root/SQLeek/experiment/RQ2/replay/output/sqlaser_mysql827_formal_mysql97_replay_20260713_141356/work/r2/queue_time_named/time:721,seq:000055,id:000054,orig:3784.sql	0	seed
56	725	/root/SQLeek/experiment/RQ2/replay/output/sqlaser_mysql827_formal_mysql97_replay_20260713_141356/work/r2/queue_time_named/time:725,seq:000056,id:000055,orig:3804.sql	0	seed
57	725	/root/SQLeek/experiment/RQ2/replay/output/sqlaser_mysql827_formal_mysql97_replay_20260713_141356/work/r2/queue_time_named/time:725,seq:000057,id:000056,orig:3831.sql	0	seed
58	725	/root/SQLeek/experiment/RQ2/replay/output/sqlaser_mysql827_formal_mysql97_replay_20260713_141356/work/r2/queue_time_named/time:725,seq:000058,id:000057,orig:3851.sql	0	seed
59	725	/root/SQLeek/experiment/RQ2/replay/output/sqlaser_mysql827_formal_mysql97_replay_20260713_141356/work/r2/queue_time_named/time:725,seq:000059,id:000058,orig:3998.sql	0	seed
60	725	/root/SQLeek/experiment/RQ2/replay/output/sqlaser_mysql827_formal_mysql97_replay_20260713_141356/work/r2/queue_time_named/time:725,seq:000060,id:000059,orig:4.txt	0	seed
61	725	/root/SQLeek/experiment/RQ2/replay/output/sqlaser_mysql827_formal_mysql97_replay_20260713_141356/work/r2/queue_time_named/time:725,seq:000061,id:000060,orig:4002.sql	0	seed
62	725	/root/SQLeek/experiment/RQ2/replay/output/sqlaser_mysql827_formal_mysql97_replay_20260713_141356/work/r2/queue_time_named/time:725,seq:000062,id:000061,orig:4006.sql	0	seed
63	725	/root/SQLeek/experiment/RQ2/replay/output/sqlaser_mysql827_formal_mysql97_replay_20260713_141356/work/r2/queue_time_named/time:725,seq:000063,id:000062,orig:4010.sql	0	seed
64	725	/root/SQLeek/experiment/RQ2/replay/output/sqlaser_mysql827_formal_mysql97_replay_20260713_141356/work/r2/queue_time_named/time:725,seq:000064,id:000063,orig:4014.sql	0	seed
65	725	/root/SQLeek/experiment/RQ2/replay/output/sqlaser_mysql827_formal_mysql97_replay_20260713_141356/work/r2/queue_time_named/time:725,seq:000065,id:000064,orig:4018.sql	0	seed
66	725	/root/SQLeek/experiment/RQ2/replay/output/sqlaser_mysql827_formal_mysql97_replay_20260713_141356/work/r2/queue_time_named/time:725,seq:000066,id:000065,orig:4022.sql	0	seed
67	725	/root/SQLeek/experiment/RQ2/replay/output/sqlaser_mysql827_formal_mysql97_replay_20260713_141356/work/r2/queue_time_named/time:725,seq:000067,id:000066,orig:4026.sql	0	seed
68	725	/root/SQLeek/experiment/RQ2/replay/output/sqlaser_mysql827_formal_mysql97_replay_20260713_141356/work/r2/queue_time_named/time:725,seq:000068,id:000067,orig:4172.sql	0	seed
69	725	/root/SQLeek/experiment/RQ2/replay/output/sqlaser_mysql827_formal_mysql97_replay_20260713_141356/work/r2/queue_time_named/time:725,seq:000069,id:000068,orig:4176.sql	0	seed
70	725	/root/SQLeek/experiment/RQ2/replay/output/sqlaser_mysql827_formal_mysql97_replay_20260713_141356/work/r2/queue_time_named/time:725,seq:000070,id:000069,orig:4180.sql	0	seed
71	725	/root/SQLeek/experiment/RQ2/replay/output/sqlaser_mysql827_formal_mysql97_replay_20260713_141356/work/r2/queue_time_named/time:725,seq:000071,id:000070,orig:4188.sql	0	seed
72	725	/root/SQLeek/experiment/RQ2/replay/output/sqlaser_mysql827_formal_mysql97_replay_20260713_141356/work/r2/queue_time_named/time:725,seq:000072,id:000071,orig:4192.sql	0	seed
73	725	/root/SQLeek/experiment/RQ2/replay/output/sqlaser_mysql827_formal_mysql97_replay_20260713_141356/work/r2/queue_time_named/time:725,seq:000073,id:000072,orig:4196.sql	0	seed
74	725	/root/SQLeek/experiment/RQ2/replay/output/sqlaser_mysql827_formal_mysql97_replay_20260713_141356/work/r2/queue_time_named/time:725,seq:000074,id:000073,orig:4200.sql	0	seed
75	725	/root/SQLeek/experiment/RQ2/replay/output/sqlaser_mysql827_formal_mysql97_replay_20260713_141356/work/r2/queue_time_named/time:725,seq:000075,id:000074,orig:4204.sql	0	seed
76	725	/root/SQLeek/experiment/RQ2/replay/output/sqlaser_mysql827_formal_mysql97_replay_20260713_141356/work/r2/queue_time_named/time:725,seq:000076,id:000075,orig:4208.sql	0	seed
77	725	/root/SQLeek/experiment/RQ2/replay/output/sqlaser_mysql827_formal_mysql97_replay_20260713_141356/work/r2/queue_time_named/time:725,seq:000077,id:000076,orig:4252.sql	0	seed
78	725	/root/SQLeek/experiment/RQ2/replay/output/sqlaser_mysql827_formal_mysql97_replay_20260713_141356/work/r2/queue_time_named/time:725,seq:000078,id:000077,orig:4359.sql	0	seed
79	725	/root/SQLeek/experiment/RQ2/replay/output/sqlaser_mysql827_formal_mysql97_replay_20260713_141356/work/r2/queue_time_named/time:725,seq:000079,id:000078,orig:4398.sql	0	seed
80	725	/root/SQLeek/experiment/RQ2/replay/output/sqlaser_mysql827_formal_mysql97_replay_20260713_141356/work/r2/queue_time_named/time:725,seq:000080,id:000079,orig:4402.sql	0	seed
81	725	/root/SQLeek/experiment/RQ2/replay/output/sqlaser_mysql827_formal_mysql97_replay_20260713_141356/work/r2/queue_time_named/time:725,seq:000081,id:000080,orig:4410.sql	0	seed
82	725	/root/SQLeek/experiment/RQ2/replay/output/sqlaser_mysql827_formal_mysql97_replay_20260713_141356/work/r2/queue_time_named/time:725,seq:000082,id:000081,orig:4414.sql	0	seed
83	725	/root/SQLeek/experiment/RQ2/replay/output/sqlaser_mysql827_formal_mysql97_replay_20260713_141356/work/r2/queue_time_named/time:725,seq:000083,id:000082,orig:4418.sql	0	seed
84	725	/root/SQLeek/experiment/RQ2/replay/output/sqlaser_mysql827_formal_mysql97_replay_20260713_141356/work/r2/queue_time_named/time:725,seq:000084,id:000083,orig:4422.sql	0	seed
85	725	/root/SQLeek/experiment/RQ2/replay/output/sqlaser_mysql827_formal_mysql97_replay_20260713_141356/work/r2/queue_time_named/time:725,seq:000085,id:000084,orig:4450.sql	0	seed
86	725	/root/SQLeek/experiment/RQ2/replay/output/sqlaser_mysql827_formal_mysql97_replay_20260713_141356/work/r2/queue_time_named/time:725,seq:000086,id:000085,orig:4562.sql	0	seed
87	725	/root/SQLeek/experiment/RQ2/replay/output/sqlaser_mysql827_formal_mysql97_replay_20260713_141356/work/r2/queue_time_named/time:725,seq:000087,id:000086,orig:4566.sql	0	seed
88	725	/root/SQLeek/experiment/RQ2/replay/output/sqlaser_mysql827_formal_mysql97_replay_20260713_141356/work/r2/queue_time_named/time:725,seq:000088,id:000087,orig:4709.sql	0	seed
89	725	/root/SQLeek/experiment/RQ2/replay/output/sqlaser_mysql827_formal_mysql97_replay_20260713_141356/work/r2/queue_time_named/time:725,seq:000089,id:000088,orig:4860.sql	0	seed
90	725	/root/SQLeek/experiment/RQ2/replay/output/sqlaser_mysql827_formal_mysql97_replay_20260713_141356/work/r2/queue_time_named/time:725,seq:000090,id:000089,orig:4872.sql	0	seed
91	725	/root/SQLeek/experiment/RQ2/replay/output/sqlaser_mysql827_formal_mysql97_replay_20260713_141356/work/r2/queue_time_named/time:725,seq:000091,id:000090,orig:492.sql	0	seed
92	725	/root/SQLeek/experiment/RQ2/replay/output/sqlaser_mysql827_formal_mysql97_replay_20260713_141356/work/r2/queue_time_named/time:725,seq:000092,id:000091,orig:4921.sql	0	seed
93	725	/root/SQLeek/experiment/RQ2/replay/output/sqlaser_mysql827_formal_mysql97_replay_20260713_141356/work/r2/queue_time_named/time:725,seq:000093,id:000092,orig:5.txt	0	seed
94	725	/root/SQLeek/experiment/RQ2/replay/output/sqlaser_mysql827_formal_mysql97_replay_20260713_141356/work/r2/queue_time_named/time:725,seq:000094,id:000093,orig:586.sql	0	seed
95	725	/root/SQLeek/experiment/RQ2/replay/output/sqlaser_mysql827_formal_mysql97_replay_20260713_141356/work/r2/queue_time_named/time:725,seq:000095,id:000094,orig:590.sql	0	seed
96	725	/root/SQLeek/experiment/RQ2/replay/output/sqlaser_mysql827_formal_mysql97_replay_20260713_141356/work/r2/queue_time_named/time:725,seq:000096,id:000095,orig:594.sql	0	seed
97	725	/root/SQLeek/experiment/RQ2/replay/output/sqlaser_mysql827_formal_mysql97_replay_20260713_141356/work/r2/queue_time_named/time:725,seq:000097,id:000096,orig:598.sql	0	seed
98	725	/root/SQLeek/experiment/RQ2/replay/output/sqlaser_mysql827_formal_mysql97_replay_20260713_141356/work/r2/queue_time_named/time:725,seq:000098,id:000097,orig:6.txt	0	seed
99	725	/root/SQLeek/experiment/RQ2/replay/output/sqlaser_mysql827_formal_mysql97_replay_20260713_141356/work/r2/queue_time_named/time:725,seq:000099,id:000098,orig:610.sql	0	seed
100	725	/root/SQLeek/experiment/RQ2/replay/output/sqlaser_mysql827_formal_mysql97_replay_20260713_141356/work/r2/queue_time_named/time:725,seq:000100,id:000099,orig:638.sql	0	seed
101	725	/root/SQLeek/experiment/RQ2/replay/output/sqlaser_mysql827_formal_mysql97_replay_20260713_141356/work/r2/queue_time_named/time:725,seq:000101,id:000100,orig:7.txt	0	seed
102	725	/root/SQLeek/experiment/RQ2/replay/output/sqlaser_mysql827_formal_mysql97_replay_20260713_141356/work/r2/queue_time_named/time:725,seq:000102,id:000101,orig:748.sql	0	seed
103	725	/root/SQLeek/experiment/RQ2/replay/output/sqlaser_mysql827_formal_mysql97_replay_20260713_141356/work/r2/queue_time_named/time:725,seq:000103,id:000102,orig:752.sql	0	seed
104	725	/root/SQLeek/experiment/RQ2/replay/output/sqlaser_mysql827_formal_mysql97_replay_20260713_141356/work/r2/queue_time_named/time:725,seq:000104,id:000103,orig:772.sql	0	seed
105	725	/root/SQLeek/experiment/RQ2/replay/output/sqlaser_mysql827_formal_mysql97_replay_20260713_141356/work/r2/queue_time_named/time:725,seq:000105,id:000104,orig:780.sql	0	seed
106	725	/root/SQLeek/experiment/RQ2/replay/output/sqlaser_mysql827_formal_mysql97_replay_20260713_141356/work/r2/queue_time_named/time:725,seq:000106,id:000105,orig:784.sql	0	seed
107	725	/root/SQLeek/experiment/RQ2/replay/output/sqlaser_mysql827_formal_mysql97_replay_20260713_141356/work/r2/queue_time_named/time:725,seq:000107,id:000106,orig:788.sql	0	seed
108	725	/root/SQLeek/experiment/RQ2/replay/output/sqlaser_mysql827_formal_mysql97_replay_20260713_141356/work/r2/queue_time_named/time:725,seq:000108,id:000107,orig:8.txt	0	seed
109	725	/root/SQLeek/experiment/RQ2/replay/output/sqlaser_mysql827_formal_mysql97_replay_20260713_141356/work/r2/queue_time_named/time:725,seq:000109,id:000108,orig:new	0	seed
110	725	/root/SQLeek/experiment/RQ2/replay/output/sqlaser_mysql827_formal_mysql97_replay_20260713_141356/work/r2/queue_time_named/time:725,seq:000110,id:000109,orig:z.txt	0	seed
111	43862	/root/SQLeek/experiment/RQ2/replay/output/sqlaser_mysql827_formal_mysql97_replay_20260713_141356/work/r2/queue_time_named/time:43862,seq:000111,id:000110,src:000000,op:SQL fuzz,pos:0,+cov	0	seed
112	44086	/root/SQLeek/experiment/RQ2/replay/output/sqlaser_mysql827_formal_mysql97_replay_20260713_141356/work/r2/queue_time_named/time:44086,seq:000112,id:000111,src:000000,op:SQL fuzz,pos:0,+cov	0	seed
113	44266	/root/SQLeek/experiment/RQ2/replay/output/sqlaser_mysql827_formal_mysql97_replay_20260713_141356/work/r2/queue_time_named/time:44266,seq:000113,id:000112,src:000000,op:SQL fuzz,pos:0,+cov	0	seed
114	44498	/root/SQLeek/experiment/RQ2/replay/output/sqlaser_mysql827_formal_mysql97_replay_20260713_141356/work/r2/queue_time_named/time:44498,seq:000114,id:000113,src:000000,op:SQL fuzz,pos:0,+cov	0	seed
115	44702	/root/SQLeek/experiment/RQ2/replay/output/sqlaser_mysql827_formal_mysql97_replay_20260713_141356/work/r2/queue_time_named/time:44702,seq:000115,id:000114,src:000000,op:SQL fuzz,pos:0,+cov	0	seed
116	44898	/root/SQLeek/experiment/RQ2/replay/output/sqlaser_mysql827_formal_mysql97_replay_20260713_141356/work/r2/queue_time_named/time:44898,seq:000116,id:000115,src:000000,op:SQL fuzz,pos:0,+cov	0	seed
117	45102	/root/SQLeek/experiment/RQ2/replay/output/sqlaser_mysql827_formal_mysql97_replay_20260713_141356/work/r2/queue_time_named/time:45102,seq:000117,id:000116,src:000000,op:SQL fuzz,pos:0,+cov	0	seed
118	45310	/root/SQLeek/experiment/RQ2/replay/output/sqlaser_mysql827_formal_mysql97_replay_20260713_141356/work/r2/queue_time_named/time:45310,seq:000118,id:000117,src:000000,op:SQL fuzz,pos:0,+cov	0	seed
119	45686	/root/SQLeek/experiment/RQ2/replay/output/sqlaser_mysql827_formal_mysql97_replay_20260713_141356/work/r2/queue_time_named/time:45686,seq:000119,id:000118,src:000000,op:SQL fuzz,pos:0,+cov	0	seed
120	46342	/root/SQLeek/experiment/RQ2/replay/output/sqlaser_mysql827_formal_mysql97_replay_20260713_141356/work/r2/queue_time_named/time:46342,seq:000120,id:000119,src:000000,op:SQL fuzz,pos:0,+cov	0	seed
121	47982	/root/SQLeek/experiment/RQ2/replay/output/sqlaser_mysql827_formal_mysql97_replay_20260713_141356/work/r2/queue_time_named/time:47982,seq:000121,id:000120,src:000000,op:SQL fuzz,pos:0,+cov	0	seed
122	48294	/root/SQLeek/experiment/RQ2/replay/output/sqlaser_mysql827_formal_mysql97_replay_20260713_141356/work/r2/queue_time_named/time:48294,seq:000122,id:000121,src:000000,op:SQL fuzz,pos:0,+cov	0	seed
123	48542	/root/SQLeek/experiment/RQ2/replay/output/sqlaser_mysql827_formal_mysql97_replay_20260713_141356/work/r2/queue_time_named/time:48542,seq:000123,id:000122,src:000000,op:SQL fuzz,pos:0,+cov	0	seed
124	48770	/root/SQLeek/experiment/RQ2/replay/output/sqlaser_mysql827_formal_mysql97_replay_20260713_141356/work/r2/queue_time_named/time:48770,seq:000124,id:000123,src:000000,op:SQL fuzz,pos:0,+cov	0	seed
125	48958	/root/SQLeek/experiment/RQ2/replay/output/sqlaser_mysql827_formal_mysql97_replay_20260713_141356/work/r2/queue_time_named/time:48958,seq:000125,id:000124,src:000000,op:SQL fuzz,pos:0,+cov	0	seed
126	49242	/root/SQLeek/experiment/RQ2/replay/output/sqlaser_mysql827_formal_mysql97_replay_20260713_141356/work/r2/queue_time_named/time:49242,seq:000126,id:000125,src:000000,op:SQL fuzz,pos:0,+cov	0	seed
127	49426	/root/SQLeek/experiment/RQ2/replay/output/sqlaser_mysql827_formal_mysql97_replay_20260713_141356/work/r2/queue_time_named/time:49426,seq:000127,id:000126,src:000000,op:SQL fuzz,pos:0,+cov	0	seed
128	49858	/root/SQLeek/experiment/RQ2/replay/output/sqlaser_mysql827_formal_mysql97_replay_20260713_141356/work/r2/queue_time_named/time:49858,seq:000128,id:000127,src:000000,op:SQL fuzz,pos:0,+cov	0	seed
129	50090	/root/SQLeek/experiment/RQ2/replay/output/sqlaser_mysql827_formal_mysql97_replay_20260713_141356/work/r2/queue_time_named/time:50090,seq:000129,id:000128,src:000000,op:SQL fuzz,pos:0,+cov	0	seed
130	50346	/root/SQLeek/experiment/RQ2/replay/output/sqlaser_mysql827_formal_mysql97_replay_20260713_141356/work/r2/queue_time_named/time:50346,seq:000130,id:000129,src:000000,op:SQL fuzz,pos:0,+cov	0	seed
131	50634	/root/SQLeek/experiment/RQ2/replay/output/sqlaser_mysql827_formal_mysql97_replay_20260713_141356/work/r2/queue_time_named/time:50634,seq:000131,id:000130,src:000000,op:SQL fuzz,pos:0,+cov	0	seed
132	50942	/root/SQLeek/experiment/RQ2/replay/output/sqlaser_mysql827_formal_mysql97_replay_20260713_141356/work/r2/queue_time_named/time:50942,seq:000132,id:000131,src:000000,op:SQL fuzz,pos:0,+cov	0	seed
133	51430	/root/SQLeek/experiment/RQ2/replay/output/sqlaser_mysql827_formal_mysql97_replay_20260713_141356/work/r2/queue_time_named/time:51430,seq:000133,id:000132,src:000000,op:SQL fuzz,pos:0,+cov	0	seed
134	51630	/root/SQLeek/experiment/RQ2/replay/output/sqlaser_mysql827_formal_mysql97_replay_20260713_141356/work/r2/queue_time_named/time:51630,seq:000134,id:000133,src:000000,op:SQL fuzz,pos:0,+cov	0	seed
135	51818	/root/SQLeek/experiment/RQ2/replay/output/sqlaser_mysql827_formal_mysql97_replay_20260713_141356/work/r2/queue_time_named/time:51818,seq:000135,id:000134,src:000000,op:SQL fuzz,pos:0,+cov	0	seed
136	51962	/root/SQLeek/experiment/RQ2/replay/output/sqlaser_mysql827_formal_mysql97_replay_20260713_141356/work/r2/queue_time_named/time:51962,seq:000136,id:000135,src:000000,op:SQL fuzz,pos:0,+cov	0	seed
137	52174	/root/SQLeek/experiment/RQ2/replay/output/sqlaser_mysql827_formal_mysql97_replay_20260713_141356/work/r2/queue_time_named/time:52174,seq:000137,id:000136,src:000000,op:SQL fuzz,pos:0,+cov	0	seed
138	52582	/root/SQLeek/experiment/RQ2/replay/output/sqlaser_mysql827_formal_mysql97_replay_20260713_141356/work/r2/queue_time_named/time:52582,seq:000138,id:000137,src:000000,op:SQL fuzz,pos:0,+cov	0	seed
139	52806	/root/SQLeek/experiment/RQ2/replay/output/sqlaser_mysql827_formal_mysql97_replay_20260713_141356/work/r2/queue_time_named/time:52806,seq:000139,id:000138,src:000000,op:SQL fuzz,pos:0,+cov	0	seed
140	53270	/root/SQLeek/experiment/RQ2/replay/output/sqlaser_mysql827_formal_mysql97_replay_20260713_141356/work/r2/queue_time_named/time:53270,seq:000140,id:000139,src:000000,op:SQL fuzz,pos:0,+cov	0	seed
141	53486	/root/SQLeek/experiment/RQ2/replay/output/sqlaser_mysql827_formal_mysql97_replay_20260713_141356/work/r2/queue_time_named/time:53486,seq:000141,id:000140,src:000000,op:SQL fuzz,pos:0,+cov	0	seed
142	53926	/root/SQLeek/experiment/RQ2/replay/output/sqlaser_mysql827_formal_mysql97_replay_20260713_141356/work/r2/queue_time_named/time:53926,seq:000142,id:000141,src:000000,op:SQL fuzz,pos:0,+cov	0	seed
143	54458	/root/SQLeek/experiment/RQ2/replay/output/sqlaser_mysql827_formal_mysql97_replay_20260713_141356/work/r2/queue_time_named/time:54458,seq:000143,id:000142,src:000000,op:SQL fuzz,pos:0,+cov	0	seed
144	54646	/root/SQLeek/experiment/RQ2/replay/output/sqlaser_mysql827_formal_mysql97_replay_20260713_141356/work/r2/queue_time_named/time:54646,seq:000144,id:000143,src:000000,op:SQL fuzz,pos:0,+cov	0	seed
145	55078	/root/SQLeek/experiment/RQ2/replay/output/sqlaser_mysql827_formal_mysql97_replay_20260713_141356/work/r2/queue_time_named/time:55078,seq:000145,id:000144,src:000000,op:SQL fuzz,pos:0,+cov	0	seed
146	55534	/root/SQLeek/experiment/RQ2/replay/output/sqlaser_mysql827_formal_mysql97_replay_20260713_141356/work/r2/queue_time_named/time:55534,seq:000146,id:000145,src:000000,op:SQL fuzz,pos:0,+cov	0	seed
147	55782	/root/SQLeek/experiment/RQ2/replay/output/sqlaser_mysql827_formal_mysql97_replay_20260713_141356/work/r2/queue_time_named/time:55782,seq:000147,id:000146,src:000000,op:SQL fuzz,pos:0,+cov	0	seed
148	56002	/root/SQLeek/experiment/RQ2/replay/output/sqlaser_mysql827_formal_mysql97_replay_20260713_141356/work/r2/queue_time_named/time:56002,seq:000148,id:000147,src:000000,op:SQL fuzz,pos:0,+cov	0	seed
149	56294	/root/SQLeek/experiment/RQ2/replay/output/sqlaser_mysql827_formal_mysql97_replay_20260713_141356/work/r2/queue_time_named/time:56294,seq:000149,id:000148,src:000000,op:SQL fuzz,pos:0,+cov	0	seed
150	56486	/root/SQLeek/experiment/RQ2/replay/output/sqlaser_mysql827_formal_mysql97_replay_20260713_141356/work/r2/queue_time_named/time:56486,seq:000150,id:000149,src:000000,op:SQL fuzz,pos:0,+cov	0	seed
151	57098	/root/SQLeek/experiment/RQ2/replay/output/sqlaser_mysql827_formal_mysql97_replay_20260713_141356/work/r2/queue_time_named/time:57098,seq:000151,id:000150,src:000000,op:SQL fuzz,pos:0,+cov	0	seed
152	57438	/root/SQLeek/experiment/RQ2/replay/output/sqlaser_mysql827_formal_mysql97_replay_20260713_141356/work/r2/queue_time_named/time:57438,seq:000152,id:000151,src:000000,op:SQL fuzz,pos:0,+cov	0	seed
153	58462	/root/SQLeek/experiment/RQ2/replay/output/sqlaser_mysql827_formal_mysql97_replay_20260713_141356/work/r2/queue_time_named/time:58462,seq:000153,id:000152,src:000000,op:SQL fuzz,pos:0,+cov	0	seed
154	58718	/root/SQLeek/experiment/RQ2/replay/output/sqlaser_mysql827_formal_mysql97_replay_20260713_141356/work/r2/queue_time_named/time:58718,seq:000154,id:000153,src:000000,op:SQL fuzz,pos:0,+cov	0	seed
155	59150	/root/SQLeek/experiment/RQ2/replay/output/sqlaser_mysql827_formal_mysql97_replay_20260713_141356/work/r2/queue_time_named/time:59150,seq:000155,id:000154,src:000000,op:SQL fuzz,pos:0,+cov	0	seed
156	59546	/root/SQLeek/experiment/RQ2/replay/output/sqlaser_mysql827_formal_mysql97_replay_20260713_141356/work/r2/queue_time_named/time:59546,seq:000156,id:000155,src:000000,op:SQL fuzz,pos:0,+cov	0	seed
157	59814	/root/SQLeek/experiment/RQ2/replay/output/sqlaser_mysql827_formal_mysql97_replay_20260713_141356/work/r2/queue_time_named/time:59814,seq:000157,id:000156,src:000000,op:SQL fuzz,pos:0,+cov	0	seed
158	60030	/root/SQLeek/experiment/RQ2/replay/output/sqlaser_mysql827_formal_mysql97_replay_20260713_141356/work/r2/queue_time_named/time:60030,seq:000158,id:000157,src:000000,op:SQL fuzz,pos:0,+cov	0	seed
159	60614	/root/SQLeek/experiment/RQ2/replay/output/sqlaser_mysql827_formal_mysql97_replay_20260713_141356/work/r2/queue_time_named/time:60614,seq:000159,id:000158,src:000000,op:SQL fuzz,pos:0,+cov	0	seed
160	60998	/root/SQLeek/experiment/RQ2/replay/output/sqlaser_mysql827_formal_mysql97_replay_20260713_141356/work/r2/queue_time_named/time:60998,seq:000160,id:000159,src:000000,op:SQL fuzz,pos:0,+cov	0	seed
161	61162	/root/SQLeek/experiment/RQ2/replay/output/sqlaser_mysql827_formal_mysql97_replay_20260713_141356/work/r2/queue_time_named/time:61162,seq:000161,id:000160,src:000000,op:SQL fuzz,pos:0,+cov	0	seed
162	64642	/root/SQLeek/experiment/RQ2/replay/output/sqlaser_mysql827_formal_mysql97_replay_20260713_141356/work/r2/queue_time_named/time:64642,seq:000162,id:000161,src:000000,op:SQL fuzz,pos:0,+cov	0	seed
163	64958	/root/SQLeek/experiment/RQ2/replay/output/sqlaser_mysql827_formal_mysql97_replay_20260713_141356/work/r2/queue_time_named/time:64958,seq:000163,id:000162,src:000000,op:SQL fuzz,pos:0,+cov	0	seed
164	65210	/root/SQLeek/experiment/RQ2/replay/output/sqlaser_mysql827_formal_mysql97_replay_20260713_141356/work/r2/queue_time_named/time:65210,seq:000164,id:000163,src:000000,op:SQL fuzz,pos:0,+cov	0	seed
165	65642	/root/SQLeek/experiment/RQ2/replay/output/sqlaser_mysql827_formal_mysql97_replay_20260713_141356/work/r2/queue_time_named/time:65642,seq:000165,id:000164,src:000000,op:SQL fuzz,pos:0,+cov	0	seed
166	65902	/root/SQLeek/experiment/RQ2/replay/output/sqlaser_mysql827_formal_mysql97_replay_20260713_141356/work/r2/queue_time_named/time:65902,seq:000166,id:000165,src:000000,op:SQL fuzz,pos:0,+cov	0	seed
167	66126	/root/SQLeek/experiment/RQ2/replay/output/sqlaser_mysql827_formal_mysql97_replay_20260713_141356/work/r2/queue_time_named/time:66126,seq:000167,id:000166,src:000000,op:SQL fuzz,pos:0,+cov	0	seed
168	66342	/root/SQLeek/experiment/RQ2/replay/output/sqlaser_mysql827_formal_mysql97_replay_20260713_141356/work/r2/queue_time_named/time:66342,seq:000168,id:000167,src:000000,op:SQL fuzz,pos:0,+cov	0	seed
169	66838	/root/SQLeek/experiment/RQ2/replay/output/sqlaser_mysql827_formal_mysql97_replay_20260713_141356/work/r2/queue_time_named/time:66838,seq:000169,id:000168,src:000000,op:SQL fuzz,pos:0,+cov	0	seed
170	67062	/root/SQLeek/experiment/RQ2/replay/output/sqlaser_mysql827_formal_mysql97_replay_20260713_141356/work/r2/queue_time_named/time:67062,seq:000170,id:000169,src:000001,op:SQL fuzz,pos:0,+cov	0	seed
171	67286	/root/SQLeek/experiment/RQ2/replay/output/sqlaser_mysql827_formal_mysql97_replay_20260713_141356/work/r2/queue_time_named/time:67286,seq:000171,id:000170,src:000001,op:SQL fuzz,pos:0,+cov	0	seed
172	67542	/root/SQLeek/experiment/RQ2/replay/output/sqlaser_mysql827_formal_mysql97_replay_20260713_141356/work/r2/queue_time_named/time:67542,seq:000172,id:000171,src:000001,op:SQL fuzz,pos:0,+cov	0	seed
173	67718	/root/SQLeek/experiment/RQ2/replay/output/sqlaser_mysql827_formal_mysql97_replay_20260713_141356/work/r2/queue_time_named/time:67718,seq:000173,id:000172,src:000001,op:SQL fuzz,pos:0,+cov	0	seed
174	67858	/root/SQLeek/experiment/RQ2/replay/output/sqlaser_mysql827_formal_mysql97_replay_20260713_141356/work/r2/queue_time_named/time:67858,seq:000174,id:000173,src:000001,op:SQL fuzz,pos:0,+cov	0	seed
175	68082	/root/SQLeek/experiment/RQ2/replay/output/sqlaser_mysql827_formal_mysql97_replay_20260713_141356/work/r2/queue_time_named/time:68082,seq:000175,id:000174,src:000001,op:SQL fuzz,pos:0,+cov	0	seed
176	68294	/root/SQLeek/experiment/RQ2/replay/output/sqlaser_mysql827_formal_mysql97_replay_20260713_141356/work/r2/queue_time_named/time:68294,seq:000176,id:000175,src:000001,op:SQL fuzz,pos:0,+cov	0	seed
177	68446	/root/SQLeek/experiment/RQ2/replay/output/sqlaser_mysql827_formal_mysql97_replay_20260713_141356/work/r2/queue_time_named/time:68446,seq:000177,id:000176,src:000001,op:SQL fuzz,pos:0,+cov	0	seed
178	68702	/root/SQLeek/experiment/RQ2/replay/output/sqlaser_mysql827_formal_mysql97_replay_20260713_141356/work/r2/queue_time_named/time:68702,seq:000178,id:000177,src:000001,op:SQL fuzz,pos:0,+cov	0	seed
179	68970	/root/SQLeek/experiment/RQ2/replay/output/sqlaser_mysql827_formal_mysql97_replay_20260713_141356/work/r2/queue_time_named/time:68970,seq:000179,id:000178,src:000001,op:SQL fuzz,pos:0,+cov	0	seed
180	69462	/root/SQLeek/experiment/RQ2/replay/output/sqlaser_mysql827_formal_mysql97_replay_20260713_141356/work/r2/queue_time_named/time:69462,seq:000180,id:000179,src:000001,op:SQL fuzz,pos:0,+cov	0	seed
181	69930	/root/SQLeek/experiment/RQ2/replay/output/sqlaser_mysql827_formal_mysql97_replay_20260713_141356/work/r2/queue_time_named/time:69930,seq:000181,id:000180,src:000001,op:SQL fuzz,pos:0,+cov	0	seed
182	70130	/root/SQLeek/experiment/RQ2/replay/output/sqlaser_mysql827_formal_mysql97_replay_20260713_141356/work/r2/queue_time_named/time:70130,seq:000182,id:000181,src:000001,op:SQL fuzz,pos:0,+cov	0	seed
183	70326	/root/SQLeek/experiment/RQ2/replay/output/sqlaser_mysql827_formal_mysql97_replay_20260713_141356/work/r2/queue_time_named/time:70326,seq:000183,id:000182,src:000001,op:SQL fuzz,pos:0,+cov	0	seed
184	70570	/root/SQLeek/experiment/RQ2/replay/output/sqlaser_mysql827_formal_mysql97_replay_20260713_141356/work/r2/queue_time_named/time:70570,seq:000184,id:000183,src:000001,op:SQL fuzz,pos:0,+cov	0	seed
185	70826	/root/SQLeek/experiment/RQ2/replay/output/sqlaser_mysql827_formal_mysql97_replay_20260713_141356/work/r2/queue_time_named/time:70826,seq:000185,id:000184,src:000001,op:SQL fuzz,pos:0,+cov	0	seed
186	71402	/root/SQLeek/experiment/RQ2/replay/output/sqlaser_mysql827_formal_mysql97_replay_20260713_141356/work/r2/queue_time_named/time:71402,seq:000186,id:000185,src:000001,op:SQL fuzz,pos:0,+cov	0	seed
187	71618	/root/SQLeek/experiment/RQ2/replay/output/sqlaser_mysql827_formal_mysql97_replay_20260713_141356/work/r2/queue_time_named/time:71618,seq:000187,id:000186,src:000001,op:SQL fuzz,pos:0,+cov	0	seed
188	71814	/root/SQLeek/experiment/RQ2/replay/output/sqlaser_mysql827_formal_mysql97_replay_20260713_141356/work/r2/queue_time_named/time:71814,seq:000188,id:000187,src:000001,op:SQL fuzz,pos:0,+cov	0	seed
189	72034	/root/SQLeek/experiment/RQ2/replay/output/sqlaser_mysql827_formal_mysql97_replay_20260713_141356/work/r2/queue_time_named/time:72034,seq:000189,id:000188,src:000001,op:SQL fuzz,pos:0,+cov	0	seed
190	72282	/root/SQLeek/experiment/RQ2/replay/output/sqlaser_mysql827_formal_mysql97_replay_20260713_141356/work/r2/queue_time_named/time:72282,seq:000190,id:000189,src:000001,op:SQL fuzz,pos:0,+cov	0	seed
191	72510	/root/SQLeek/experiment/RQ2/replay/output/sqlaser_mysql827_formal_mysql97_replay_20260713_141356/work/r2/queue_time_named/time:72510,seq:000191,id:000190,src:000001,op:SQL fuzz,pos:0,+cov	0	seed
192	72734	/root/SQLeek/experiment/RQ2/replay/output/sqlaser_mysql827_formal_mysql97_replay_20260713_141356/work/r2/queue_time_named/time:72734,seq:000192,id:000191,src:000001,op:SQL fuzz,pos:0,+cov	0	seed
193	73646	/root/SQLeek/experiment/RQ2/replay/output/sqlaser_mysql827_formal_mysql97_replay_20260713_141356/work/r2/queue_time_named/time:73646,seq:000193,id:000192,src:000001,op:SQL fuzz,pos:0,+cov	0	seed
194	73866	/root/SQLeek/experiment/RQ2/replay/output/sqlaser_mysql827_formal_mysql97_replay_20260713_141356/work/r2/queue_time_named/time:73866,seq:000194,id:000193,src:000001,op:SQL fuzz,pos:0,+cov	0	seed
195	74294	/root/SQLeek/experiment/RQ2/replay/output/sqlaser_mysql827_formal_mysql97_replay_20260713_141356/work/r2/queue_time_named/time:74294,seq:000195,id:000194,src:000001,op:SQL fuzz,pos:0,+cov	0	seed
196	74782	/root/SQLeek/experiment/RQ2/replay/output/sqlaser_mysql827_formal_mysql97_replay_20260713_141356/work/r2/queue_time_named/time:74782,seq:000196,id:000195,src:000001,op:SQL fuzz,pos:0,+cov	0	seed
197	75026	/root/SQLeek/experiment/RQ2/replay/output/sqlaser_mysql827_formal_mysql97_replay_20260713_141356/work/r2/queue_time_named/time:75026,seq:000197,id:000196,src:000001,op:SQL fuzz,pos:0,+cov	0	seed
198	75666	/root/SQLeek/experiment/RQ2/replay/output/sqlaser_mysql827_formal_mysql97_replay_20260713_141356/work/r2/queue_time_named/time:75666,seq:000198,id:000197,src:000001,op:SQL fuzz,pos:0,+cov	0	seed
199	75862	/root/SQLeek/experiment/RQ2/replay/output/sqlaser_mysql827_formal_mysql97_replay_20260713_141356/work/r2/queue_time_named/time:75862,seq:000199,id:000198,src:000001,op:SQL fuzz,pos:0,+cov	0	seed
200	76722	/root/SQLeek/experiment/RQ2/replay/output/sqlaser_mysql827_formal_mysql97_replay_20260713_141356/work/r2/queue_time_named/time:76722,seq:000200,id:000199,src:000001,op:SQL fuzz,pos:0,+cov	0	periodic_restart_ok
201	76978	/root/SQLeek/experiment/RQ2/replay/output/sqlaser_mysql827_formal_mysql97_replay_20260713_141356/work/r2/queue_time_named/time:76978,seq:000201,id:000200,src:000001,op:SQL fuzz,pos:0,+cov	0	seed
202	77551	/root/SQLeek/experiment/RQ2/replay/output/sqlaser_mysql827_formal_mysql97_replay_20260713_141356/work/r2/queue_time_named/time:77551,seq:000202,id:000201,src:000001,op:SQL fuzz,pos:0,+cov	0	seed
203	77775	/root/SQLeek/experiment/RQ2/replay/output/sqlaser_mysql827_formal_mysql97_replay_20260713_141356/work/r2/queue_time_named/time:77775,seq:000203,id:000202,src:000001,op:SQL fuzz,pos:0,+cov	0	seed
204	78987	/root/SQLeek/experiment/RQ2/replay/output/sqlaser_mysql827_formal_mysql97_replay_20260713_141356/work/r2/queue_time_named/time:78987,seq:000204,id:000203,src:000001,op:SQL fuzz,pos:0,+cov	0	seed
205	79299	/root/SQLeek/experiment/RQ2/replay/output/sqlaser_mysql827_formal_mysql97_replay_20260713_141356/work/r2/queue_time_named/time:79299,seq:000205,id:000204,src:000001,op:SQL fuzz,pos:0,+cov	0	seed
206	79543	/root/SQLeek/experiment/RQ2/replay/output/sqlaser_mysql827_formal_mysql97_replay_20260713_141356/work/r2/queue_time_named/time:79543,seq:000206,id:000205,src:000001,op:SQL fuzz,pos:0,+cov	0	seed
207	79799	/root/SQLeek/experiment/RQ2/replay/output/sqlaser_mysql827_formal_mysql97_replay_20260713_141356/work/r2/queue_time_named/time:79799,seq:000207,id:000206,src:000001,op:SQL fuzz,pos:0,+cov	0	seed
208	80531	/root/SQLeek/experiment/RQ2/replay/output/sqlaser_mysql827_formal_mysql97_replay_20260713_141356/work/r2/queue_time_named/time:80531,seq:000208,id:000207,src:000001,op:SQL fuzz,pos:0,+cov	0	seed
209	80899	/root/SQLeek/experiment/RQ2/replay/output/sqlaser_mysql827_formal_mysql97_replay_20260713_141356/work/r2/queue_time_named/time:80899,seq:000209,id:000208,src:000001,op:SQL fuzz,pos:0,+cov	0	seed
210	81859	/root/SQLeek/experiment/RQ2/replay/output/sqlaser_mysql827_formal_mysql97_replay_20260713_141356/work/r2/queue_time_named/time:81859,seq:000210,id:000209,src:000001,op:SQL fuzz,pos:0,+cov	0	seed
211	82335	/root/SQLeek/experiment/RQ2/replay/output/sqlaser_mysql827_formal_mysql97_replay_20260713_141356/work/r2/queue_time_named/time:82335,seq:000211,id:000210,src:000001,op:SQL fuzz,pos:0,+cov	0	seed
212	82551	/root/SQLeek/experiment/RQ2/replay/output/sqlaser_mysql827_formal_mysql97_replay_20260713_141356/work/r2/queue_time_named/time:82551,seq:000212,id:000211,src:000001,op:SQL fuzz,pos:0,+cov	0	seed
213	82823	/root/SQLeek/experiment/RQ2/replay/output/sqlaser_mysql827_formal_mysql97_replay_20260713_141356/work/r2/queue_time_named/time:82823,seq:000213,id:000212,src:000001,op:SQL fuzz,pos:0,+cov	0	seed
214	83075	/root/SQLeek/experiment/RQ2/replay/output/sqlaser_mysql827_formal_mysql97_replay_20260713_141356/work/r2/queue_time_named/time:83075,seq:000214,id:000213,src:000001,op:SQL fuzz,pos:0,+cov	0	seed
215	83311	/root/SQLeek/experiment/RQ2/replay/output/sqlaser_mysql827_formal_mysql97_replay_20260713_141356/work/r2/queue_time_named/time:83311,seq:000215,id:000214,src:000001,op:SQL fuzz,pos:0,+cov	0	seed
216	84539	/root/SQLeek/experiment/RQ2/replay/output/sqlaser_mysql827_formal_mysql97_replay_20260713_141356/work/r2/queue_time_named/time:84539,seq:000216,id:000215,src:000001,op:SQL fuzz,pos:0,+cov	0	seed
217	85295	/root/SQLeek/experiment/RQ2/replay/output/sqlaser_mysql827_formal_mysql97_replay_20260713_141356/work/r2/queue_time_named/time:85295,seq:000217,id:000216,src:000001,op:SQL fuzz,pos:0,+cov	0	seed
218	85563	/root/SQLeek/experiment/RQ2/replay/output/sqlaser_mysql827_formal_mysql97_replay_20260713_141356/work/r2/queue_time_named/time:85563,seq:000218,id:000217,src:000001,op:SQL fuzz,pos:0,+cov	0	seed
219	86179	/root/SQLeek/experiment/RQ2/replay/output/sqlaser_mysql827_formal_mysql97_replay_20260713_141356/work/r2/queue_time_named/time:86179,seq:000219,id:000218,src:000001,op:SQL fuzz,pos:0,+cov	0	seed
220	86651	/root/SQLeek/experiment/RQ2/replay/output/sqlaser_mysql827_formal_mysql97_replay_20260713_141356/work/r2/queue_time_named/time:86651,seq:000220,id:000219,src:000001,op:SQL fuzz,pos:0,+cov	0	seed
221	86879	/root/SQLeek/experiment/RQ2/replay/output/sqlaser_mysql827_formal_mysql97_replay_20260713_141356/work/r2/queue_time_named/time:86879,seq:000221,id:000220,src:000001,op:SQL fuzz,pos:0,+cov	0	seed
222	87031	/root/SQLeek/experiment/RQ2/replay/output/sqlaser_mysql827_formal_mysql97_replay_20260713_141356/work/r2/queue_time_named/time:87031,seq:000222,id:000221,src:000001,op:SQL fuzz,pos:0,+cov	0	seed
223	87251	/root/SQLeek/experiment/RQ2/replay/output/sqlaser_mysql827_formal_mysql97_replay_20260713_141356/work/r2/queue_time_named/time:87251,seq:000223,id:000222,src:000001,op:SQL fuzz,pos:0,+cov	0	seed
224	87439	/root/SQLeek/experiment/RQ2/replay/output/sqlaser_mysql827_formal_mysql97_replay_20260713_141356/work/r2/queue_time_named/time:87439,seq:000224,id:000223,src:000001,op:SQL fuzz,pos:0,+cov	0	seed
225	87651	/root/SQLeek/experiment/RQ2/replay/output/sqlaser_mysql827_formal_mysql97_replay_20260713_141356/work/r2/queue_time_named/time:87651,seq:000225,id:000224,src:000001,op:SQL fuzz,pos:0,+cov	0	seed
226	88591	/root/SQLeek/experiment/RQ2/replay/output/sqlaser_mysql827_formal_mysql97_replay_20260713_141356/work/r2/queue_time_named/time:88591,seq:000226,id:000225,src:000001,op:SQL fuzz,pos:0,+cov	0	seed
227	88995	/root/SQLeek/experiment/RQ2/replay/output/sqlaser_mysql827_formal_mysql97_replay_20260713_141356/work/r2/queue_time_named/time:88995,seq:000227,id:000226,src:000001,op:SQL fuzz,pos:0,+cov	0	seed
228	89367	/root/SQLeek/experiment/RQ2/replay/output/sqlaser_mysql827_formal_mysql97_replay_20260713_141356/work/r2/queue_time_named/time:89367,seq:000228,id:000227,src:000001,op:SQL fuzz,pos:0,+cov	0	seed
229	89787	/root/SQLeek/experiment/RQ2/replay/output/sqlaser_mysql827_formal_mysql97_replay_20260713_141356/work/r2/queue_time_named/time:89787,seq:000229,id:000228,src:000001,op:SQL fuzz,pos:0,+cov	0	seed
230	90223	/root/SQLeek/experiment/RQ2/replay/output/sqlaser_mysql827_formal_mysql97_replay_20260713_141356/work/r2/queue_time_named/time:90223,seq:000230,id:000229,src:000001,op:SQL fuzz,pos:0,+cov	0	seed
231	90419	/root/SQLeek/experiment/RQ2/replay/output/sqlaser_mysql827_formal_mysql97_replay_20260713_141356/work/r2/queue_time_named/time:90419,seq:000231,id:000230,src:000001,op:SQL fuzz,pos:0,+cov	0	seed
232	91707	/root/SQLeek/experiment/RQ2/replay/output/sqlaser_mysql827_formal_mysql97_replay_20260713_141356/work/r2/queue_time_named/time:91707,seq:000232,id:000231,src:000001,op:SQL fuzz,pos:0,+cov	0	seed
233	91915	/root/SQLeek/experiment/RQ2/replay/output/sqlaser_mysql827_formal_mysql97_replay_20260713_141356/work/r2/queue_time_named/time:91915,seq:000233,id:000232,src:000001,op:SQL fuzz,pos:0,+cov	0	seed
234	92607	/root/SQLeek/experiment/RQ2/replay/output/sqlaser_mysql827_formal_mysql97_replay_20260713_141356/work/r2/queue_time_named/time:92607,seq:000234,id:000233,src:000001,op:SQL fuzz,pos:0,+cov	0	seed
235	93027	/root/SQLeek/experiment/RQ2/replay/output/sqlaser_mysql827_formal_mysql97_replay_20260713_141356/work/r2/queue_time_named/time:93027,seq:000235,id:000234,src:000001,op:SQL fuzz,pos:0,+cov	0	seed
236	93223	/root/SQLeek/experiment/RQ2/replay/output/sqlaser_mysql827_formal_mysql97_replay_20260713_141356/work/r2/queue_time_named/time:93223,seq:000236,id:000235,src:000001,op:SQL fuzz,pos:0,+cov	0	seed
237	93451	/root/SQLeek/experiment/RQ2/replay/output/sqlaser_mysql827_formal_mysql97_replay_20260713_141356/work/r2/queue_time_named/time:93451,seq:000237,id:000236,src:000001,op:SQL fuzz,pos:0,+cov	0	seed
238	94463	/root/SQLeek/experiment/RQ2/replay/output/sqlaser_mysql827_formal_mysql97_replay_20260713_141356/work/r2/queue_time_named/time:94463,seq:000238,id:000237,src:000001,op:SQL fuzz,pos:0,+cov	0	seed
239	94731	/root/SQLeek/experiment/RQ2/replay/output/sqlaser_mysql827_formal_mysql97_replay_20260713_141356/work/r2/queue_time_named/time:94731,seq:000239,id:000238,src:000001,op:SQL fuzz,pos:0,+cov	0	seed
240	95075	/root/SQLeek/experiment/RQ2/replay/output/sqlaser_mysql827_formal_mysql97_replay_20260713_141356/work/r2/queue_time_named/time:95075,seq:000240,id:000239,src:000001,op:SQL fuzz,pos:0,+cov	0	seed
241	95247	/root/SQLeek/experiment/RQ2/replay/output/sqlaser_mysql827_formal_mysql97_replay_20260713_141356/work/r2/queue_time_named/time:95247,seq:000241,id:000240,src:000002,op:SQL fuzz,pos:0,+cov	0	seed
242	95407	/root/SQLeek/experiment/RQ2/replay/output/sqlaser_mysql827_formal_mysql97_replay_20260713_141356/work/r2/queue_time_named/time:95407,seq:000242,id:000241,src:000002,op:SQL fuzz,pos:0,+cov	0	seed
243	95599	/root/SQLeek/experiment/RQ2/replay/output/sqlaser_mysql827_formal_mysql97_replay_20260713_141356/work/r2/queue_time_named/time:95599,seq:000243,id:000242,src:000002,op:SQL fuzz,pos:0,+cov	0	seed
244	95783	/root/SQLeek/experiment/RQ2/replay/output/sqlaser_mysql827_formal_mysql97_replay_20260713_141356/work/r2/queue_time_named/time:95783,seq:000244,id:000243,src:000002,op:SQL fuzz,pos:0,+cov	0	seed
245	95931	/root/SQLeek/experiment/RQ2/replay/output/sqlaser_mysql827_formal_mysql97_replay_20260713_141356/work/r2/queue_time_named/time:95931,seq:000245,id:000244,src:000002,op:SQL fuzz,pos:0,+cov	0	seed
246	96119	/root/SQLeek/experiment/RQ2/replay/output/sqlaser_mysql827_formal_mysql97_replay_20260713_141356/work/r2/queue_time_named/time:96119,seq:000246,id:000245,src:000002,op:SQL fuzz,pos:0,+cov	0	seed
247	96299	/root/SQLeek/experiment/RQ2/replay/output/sqlaser_mysql827_formal_mysql97_replay_20260713_141356/work/r2/queue_time_named/time:96299,seq:000247,id:000246,src:000002,op:SQL fuzz,pos:0,+cov	0	seed
248	96479	/root/SQLeek/experiment/RQ2/replay/output/sqlaser_mysql827_formal_mysql97_replay_20260713_141356/work/r2/queue_time_named/time:96479,seq:000248,id:000247,src:000002,op:SQL fuzz,pos:0,+cov	0	seed
249	96659	/root/SQLeek/experiment/RQ2/replay/output/sqlaser_mysql827_formal_mysql97_replay_20260713_141356/work/r2/queue_time_named/time:96659,seq:000249,id:000248,src:000002,op:SQL fuzz,pos:0,+cov	0	seed
250	96835	/root/SQLeek/experiment/RQ2/replay/output/sqlaser_mysql827_formal_mysql97_replay_20260713_141356/work/r2/queue_time_named/time:96835,seq:000250,id:000249,src:000002,op:SQL fuzz,pos:0,+cov	0	seed
251	97403	/root/SQLeek/experiment/RQ2/replay/output/sqlaser_mysql827_formal_mysql97_replay_20260713_141356/work/r2/queue_time_named/time:97403,seq:000251,id:000250,src:000002,op:SQL fuzz,pos:0,+cov	0	seed
252	97715	/root/SQLeek/experiment/RQ2/replay/output/sqlaser_mysql827_formal_mysql97_replay_20260713_141356/work/r2/queue_time_named/time:97715,seq:000252,id:000251,src:000002,op:SQL fuzz,pos:0,+cov	0	seed
253	97891	/root/SQLeek/experiment/RQ2/replay/output/sqlaser_mysql827_formal_mysql97_replay_20260713_141356/work/r2/queue_time_named/time:97891,seq:000253,id:000252,src:000002,op:SQL fuzz,pos:0,+cov	0	seed
254	98067	/root/SQLeek/experiment/RQ2/replay/output/sqlaser_mysql827_formal_mysql97_replay_20260713_141356/work/r2/queue_time_named/time:98067,seq:000254,id:000253,src:000002,op:SQL fuzz,pos:0,+cov	0	seed
255	98503	/root/SQLeek/experiment/RQ2/replay/output/sqlaser_mysql827_formal_mysql97_replay_20260713_141356/work/r2/queue_time_named/time:98503,seq:000255,id:000254,src:000002,op:SQL fuzz,pos:0,+cov	0	seed
256	98655	/root/SQLeek/experiment/RQ2/replay/output/sqlaser_mysql827_formal_mysql97_replay_20260713_141356/work/r2/queue_time_named/time:98655,seq:000256,id:000255,src:000002,op:SQL fuzz,pos:0,+cov	0	seed
257	98819	/root/SQLeek/experiment/RQ2/replay/output/sqlaser_mysql827_formal_mysql97_replay_20260713_141356/work/r2/queue_time_named/time:98819,seq:000257,id:000256,src:000002,op:SQL fuzz,pos:0,+cov	0	seed
258	99015	/root/SQLeek/experiment/RQ2/replay/output/sqlaser_mysql827_formal_mysql97_replay_20260713_141356/work/r2/queue_time_named/time:99015,seq:000258,id:000257,src:000002,op:SQL fuzz,pos:0,+cov	0	seed
259	99319	/root/SQLeek/experiment/RQ2/replay/output/sqlaser_mysql827_formal_mysql97_replay_20260713_141356/work/r2/queue_time_named/time:99319,seq:000259,id:000258,src:000002,op:SQL fuzz,pos:0,+cov	0	seed
260	99627	/root/SQLeek/experiment/RQ2/replay/output/sqlaser_mysql827_formal_mysql97_replay_20260713_141356/work/r2/queue_time_named/time:99627,seq:000260,id:000259,src:000002,op:SQL fuzz,pos:0,+cov	0	seed
261	99943	/root/SQLeek/experiment/RQ2/replay/output/sqlaser_mysql827_formal_mysql97_replay_20260713_141356/work/r2/queue_time_named/time:99943,seq:000261,id:000260,src:000002,op:SQL fuzz,pos:0,+cov	0	seed
262	100091	/root/SQLeek/experiment/RQ2/replay/output/sqlaser_mysql827_formal_mysql97_replay_20260713_141356/work/r2/queue_time_named/time:100091,seq:000262,id:000261,src:000002,op:SQL fuzz,pos:0,+cov	0	seed
263	100351	/root/SQLeek/experiment/RQ2/replay/output/sqlaser_mysql827_formal_mysql97_replay_20260713_141356/work/r2/queue_time_named/time:100351,seq:000263,id:000262,src:000002,op:SQL fuzz,pos:0,+cov	0	seed
264	100499	/root/SQLeek/experiment/RQ2/replay/output/sqlaser_mysql827_formal_mysql97_replay_20260713_141356/work/r2/queue_time_named/time:100499,seq:000264,id:000263,src:000002,op:SQL fuzz,pos:0,+cov	0	seed
265	100667	/root/SQLeek/experiment/RQ2/replay/output/sqlaser_mysql827_formal_mysql97_replay_20260713_141356/work/r2/queue_time_named/time:100667,seq:000265,id:000264,src:000002,op:SQL fuzz,pos:0,+cov	0	seed
266	100815	/root/SQLeek/experiment/RQ2/replay/output/sqlaser_mysql827_formal_mysql97_replay_20260713_141356/work/r2/queue_time_named/time:100815,seq:000266,id:000265,src:000002,op:SQL fuzz,pos:0,+cov	0	seed
267	101011	/root/SQLeek/experiment/RQ2/replay/output/sqlaser_mysql827_formal_mysql97_replay_20260713_141356/work/r2/queue_time_named/time:101011,seq:000267,id:000266,src:000002,op:SQL fuzz,pos:0,+cov	0	seed
268	101623	/root/SQLeek/experiment/RQ2/replay/output/sqlaser_mysql827_formal_mysql97_replay_20260713_141356/work/r2/queue_time_named/time:101623,seq:000268,id:000267,src:000002,op:SQL fuzz,pos:0,+cov	0	seed
269	102235	/root/SQLeek/experiment/RQ2/replay/output/sqlaser_mysql827_formal_mysql97_replay_20260713_141356/work/r2/queue_time_named/time:102235,seq:000269,id:000268,src:000002,op:SQL fuzz,pos:0,+cov	0	seed
270	102423	/root/SQLeek/experiment/RQ2/replay/output/sqlaser_mysql827_formal_mysql97_replay_20260713_141356/work/r2/queue_time_named/time:102423,seq:000270,id:000269,src:000002,op:SQL fuzz,pos:0,+cov	0	seed
271	102703	/root/SQLeek/experiment/RQ2/replay/output/sqlaser_mysql827_formal_mysql97_replay_20260713_141356/work/r2/queue_time_named/time:102703,seq:000271,id:000270,src:000002,op:SQL fuzz,pos:0,+cov	0	seed
272	103163	/root/SQLeek/experiment/RQ2/replay/output/sqlaser_mysql827_formal_mysql97_replay_20260713_141356/work/r2/queue_time_named/time:103163,seq:000272,id:000271,src:000003,op:SQL fuzz,pos:0,+cov	0	seed
273	103487	/root/SQLeek/experiment/RQ2/replay/output/sqlaser_mysql827_formal_mysql97_replay_20260713_141356/work/r2/queue_time_named/time:103487,seq:000273,id:000272,src:000003,op:SQL fuzz,pos:0,+cov	0	seed
274	103739	/root/SQLeek/experiment/RQ2/replay/output/sqlaser_mysql827_formal_mysql97_replay_20260713_141356/work/r2/queue_time_named/time:103739,seq:000274,id:000273,src:000003,op:SQL fuzz,pos:0,+cov	0	seed
275	104295	/root/SQLeek/experiment/RQ2/replay/output/sqlaser_mysql827_formal_mysql97_replay_20260713_141356/work/r2/queue_time_named/time:104295,seq:000275,id:000274,src:000003,op:SQL fuzz,pos:0,+cov	0	seed
276	104663	/root/SQLeek/experiment/RQ2/replay/output/sqlaser_mysql827_formal_mysql97_replay_20260713_141356/work/r2/queue_time_named/time:104663,seq:000276,id:000275,src:000003,op:SQL fuzz,pos:0,+cov	0	seed
277	104931	/root/SQLeek/experiment/RQ2/replay/output/sqlaser_mysql827_formal_mysql97_replay_20260713_141356/work/r2/queue_time_named/time:104931,seq:000277,id:000276,src:000003,op:SQL fuzz,pos:0,+cov	0	seed
278	105215	/root/SQLeek/experiment/RQ2/replay/output/sqlaser_mysql827_formal_mysql97_replay_20260713_141356/work/r2/queue_time_named/time:105215,seq:000278,id:000277,src:000003,op:SQL fuzz,pos:0,+cov	0	seed
279	105535	/root/SQLeek/experiment/RQ2/replay/output/sqlaser_mysql827_formal_mysql97_replay_20260713_141356/work/r2/queue_time_named/time:105535,seq:000279,id:000278,src:000003,op:SQL fuzz,pos:0,+cov	0	seed
280	105847	/root/SQLeek/experiment/RQ2/replay/output/sqlaser_mysql827_formal_mysql97_replay_20260713_141356/work/r2/queue_time_named/time:105847,seq:000280,id:000279,src:000003,op:SQL fuzz,pos:0,+cov	0	seed
281	106447	/root/SQLeek/experiment/RQ2/replay/output/sqlaser_mysql827_formal_mysql97_replay_20260713_141356/work/r2/queue_time_named/time:106447,seq:000281,id:000280,src:000003,op:SQL fuzz,pos:0,+cov	0	seed
282	107323	/root/SQLeek/experiment/RQ2/replay/output/sqlaser_mysql827_formal_mysql97_replay_20260713_141356/work/r2/queue_time_named/time:107323,seq:000282,id:000281,src:000003,op:SQL fuzz,pos:0,+cov	0	seed
283	109151	/root/SQLeek/experiment/RQ2/replay/output/sqlaser_mysql827_formal_mysql97_replay_20260713_141356/work/r2/queue_time_named/time:109151,seq:000283,id:000282,src:000003,op:SQL fuzz,pos:0,+cov	0	seed
284	109451	/root/SQLeek/experiment/RQ2/replay/output/sqlaser_mysql827_formal_mysql97_replay_20260713_141356/work/r2/queue_time_named/time:109451,seq:000284,id:000283,src:000003,op:SQL fuzz,pos:0,+cov	0	seed
285	109775	/root/SQLeek/experiment/RQ2/replay/output/sqlaser_mysql827_formal_mysql97_replay_20260713_141356/work/r2/queue_time_named/time:109775,seq:000285,id:000284,src:000003,op:SQL fuzz,pos:0,+cov	0	seed
286	110111	/root/SQLeek/experiment/RQ2/replay/output/sqlaser_mysql827_formal_mysql97_replay_20260713_141356/work/r2/queue_time_named/time:110111,seq:000286,id:000285,src:000003,op:SQL fuzz,pos:0,+cov	0	seed
287	111079	/root/SQLeek/experiment/RQ2/replay/output/sqlaser_mysql827_formal_mysql97_replay_20260713_141356/work/r2/queue_time_named/time:111079,seq:000287,id:000286,src:000003,op:SQL fuzz,pos:0,+cov	0	seed
288	111343	/root/SQLeek/experiment/RQ2/replay/output/sqlaser_mysql827_formal_mysql97_replay_20260713_141356/work/r2/queue_time_named/time:111343,seq:000288,id:000287,src:000003,op:SQL fuzz,pos:0,+cov	0	seed
289	111647	/root/SQLeek/experiment/RQ2/replay/output/sqlaser_mysql827_formal_mysql97_replay_20260713_141356/work/r2/queue_time_named/time:111647,seq:000289,id:000288,src:000003,op:SQL fuzz,pos:0,+cov	0	seed
290	112303	/root/SQLeek/experiment/RQ2/replay/output/sqlaser_mysql827_formal_mysql97_replay_20260713_141356/work/r2/queue_time_named/time:112303,seq:000290,id:000289,src:000003,op:SQL fuzz,pos:0,+cov	0	seed
291	112571	/root/SQLeek/experiment/RQ2/replay/output/sqlaser_mysql827_formal_mysql97_replay_20260713_141356/work/r2/queue_time_named/time:112571,seq:000291,id:000290,src:000003,op:SQL fuzz,pos:0,+cov	0	seed
292	113123	/root/SQLeek/experiment/RQ2/replay/output/sqlaser_mysql827_formal_mysql97_replay_20260713_141356/work/r2/queue_time_named/time:113123,seq:000292,id:000291,src:000003,op:SQL fuzz,pos:0,+cov	0	seed
293	113431	/root/SQLeek/experiment/RQ2/replay/output/sqlaser_mysql827_formal_mysql97_replay_20260713_141356/work/r2/queue_time_named/time:113431,seq:000293,id:000292,src:000003,op:SQL fuzz,pos:0,+cov	0	seed
294	114607	/root/SQLeek/experiment/RQ2/replay/output/sqlaser_mysql827_formal_mysql97_replay_20260713_141356/work/r2/queue_time_named/time:114607,seq:000294,id:000293,src:000003,op:SQL fuzz,pos:0,+cov	0	seed
295	114911	/root/SQLeek/experiment/RQ2/replay/output/sqlaser_mysql827_formal_mysql97_replay_20260713_141356/work/r2/queue_time_named/time:114911,seq:000295,id:000294,src:000003,op:SQL fuzz,pos:0,+cov	0	seed
296	115223	/root/SQLeek/experiment/RQ2/replay/output/sqlaser_mysql827_formal_mysql97_replay_20260713_141356/work/r2/queue_time_named/time:115223,seq:000296,id:000295,src:000003,op:SQL fuzz,pos:0,+cov	0	seed
297	115683	/root/SQLeek/experiment/RQ2/replay/output/sqlaser_mysql827_formal_mysql97_replay_20260713_141356/work/r2/queue_time_named/time:115683,seq:000297,id:000296,src:000003,op:SQL fuzz,pos:0,+cov	0	seed
298	116287	/root/SQLeek/experiment/RQ2/replay/output/sqlaser_mysql827_formal_mysql97_replay_20260713_141356/work/r2/queue_time_named/time:116287,seq:000298,id:000297,src:000003,op:SQL fuzz,pos:0,+cov	0	seed
299	116803	/root/SQLeek/experiment/RQ2/replay/output/sqlaser_mysql827_formal_mysql97_replay_20260713_141356/work/r2/queue_time_named/time:116803,seq:000299,id:000298,src:000003,op:SQL fuzz,pos:0,+cov	0	seed
300	117515	/root/SQLeek/experiment/RQ2/replay/output/sqlaser_mysql827_formal_mysql97_replay_20260713_141356/work/r2/queue_time_named/time:117515,seq:000300,id:000299,src:000003,op:SQL fuzz,pos:0,+cov	0	seed
301	118299	/root/SQLeek/experiment/RQ2/replay/output/sqlaser_mysql827_formal_mysql97_replay_20260713_141356/work/r2/queue_time_named/time:118299,seq:000301,id:000300,src:000003,op:SQL fuzz,pos:0,+cov	0	seed
302	119551	/root/SQLeek/experiment/RQ2/replay/output/sqlaser_mysql827_formal_mysql97_replay_20260713_141356/work/r2/queue_time_named/time:119551,seq:000302,id:000301,src:000003,op:SQL fuzz,pos:0,+cov	0	seed
303	119987	/root/SQLeek/experiment/RQ2/replay/output/sqlaser_mysql827_formal_mysql97_replay_20260713_141356/work/r2/queue_time_named/time:119987,seq:000303,id:000302,src:000003,op:SQL fuzz,pos:0,+cov	0	seed
304	120251	/root/SQLeek/experiment/RQ2/replay/output/sqlaser_mysql827_formal_mysql97_replay_20260713_141356/work/r2/queue_time_named/time:120251,seq:000304,id:000303,src:000003,op:SQL fuzz,pos:0,+cov	0	seed
305	121951	/root/SQLeek/experiment/RQ2/replay/output/sqlaser_mysql827_formal_mysql97_replay_20260713_141356/work/r2/queue_time_named/time:121951,seq:000305,id:000304,src:000003,op:SQL fuzz,pos:0,+cov	0	seed
306	122335	/root/SQLeek/experiment/RQ2/replay/output/sqlaser_mysql827_formal_mysql97_replay_20260713_141356/work/r2/queue_time_named/time:122335,seq:000306,id:000305,src:000003,op:SQL fuzz,pos:0,+cov	0	seed
307	122959	/root/SQLeek/experiment/RQ2/replay/output/sqlaser_mysql827_formal_mysql97_replay_20260713_141356/work/r2/queue_time_named/time:122959,seq:000307,id:000306,src:000003,op:SQL fuzz,pos:0,+cov	0	seed
308	123231	/root/SQLeek/experiment/RQ2/replay/output/sqlaser_mysql827_formal_mysql97_replay_20260713_141356/work/r2/queue_time_named/time:123231,seq:000308,id:000307,src:000003,op:SQL fuzz,pos:0,+cov	0	seed
309	123495	/root/SQLeek/experiment/RQ2/replay/output/sqlaser_mysql827_formal_mysql97_replay_20260713_141356/work/r2/queue_time_named/time:123495,seq:000309,id:000308,src:000003,op:SQL fuzz,pos:0,+cov	0	seed
310	126147	/root/SQLeek/experiment/RQ2/replay/output/sqlaser_mysql827_formal_mysql97_replay_20260713_141356/work/r2/queue_time_named/time:126147,seq:000310,id:000309,src:000003,op:SQL fuzz,pos:0,+cov	0	seed
311	127367	/root/SQLeek/experiment/RQ2/replay/output/sqlaser_mysql827_formal_mysql97_replay_20260713_141356/work/r2/queue_time_named/time:127367,seq:000311,id:000310,src:000003,op:SQL fuzz,pos:0,+cov	0	seed
312	128115	/root/SQLeek/experiment/RQ2/replay/output/sqlaser_mysql827_formal_mysql97_replay_20260713_141356/work/r2/queue_time_named/time:128115,seq:000312,id:000311,src:000003,op:SQL fuzz,pos:0,+cov	0	seed
313	128371	/root/SQLeek/experiment/RQ2/replay/output/sqlaser_mysql827_formal_mysql97_replay_20260713_141356/work/r2/queue_time_named/time:128371,seq:000313,id:000312,src:000004,op:SQL fuzz,pos:0,+cov	0	seed
314	128827	/root/SQLeek/experiment/RQ2/replay/output/sqlaser_mysql827_formal_mysql97_replay_20260713_141356/work/r2/queue_time_named/time:128827,seq:000314,id:000313,src:000004,op:SQL fuzz,pos:0,+cov	0	seed
315	129071	/root/SQLeek/experiment/RQ2/replay/output/sqlaser_mysql827_formal_mysql97_replay_20260713_141356/work/r2/queue_time_named/time:129071,seq:000315,id:000314,src:000004,op:SQL fuzz,pos:0,+cov	0	seed
316	131295	/root/SQLeek/experiment/RQ2/replay/output/sqlaser_mysql827_formal_mysql97_replay_20260713_141356/work/r2/queue_time_named/time:131295,seq:000316,id:000315,src:000004,op:SQL fuzz,pos:0,+cov	0	seed
317	134731	/root/SQLeek/experiment/RQ2/replay/output/sqlaser_mysql827_formal_mysql97_replay_20260713_141356/work/r2/queue_time_named/time:134731,seq:000317,id:000316,src:000004,op:SQL fuzz,pos:0,+cov	0	seed
318	136463	/root/SQLeek/experiment/RQ2/replay/output/sqlaser_mysql827_formal_mysql97_replay_20260713_141356/work/r2/queue_time_named/time:136463,seq:000318,id:000317,src:000004,op:SQL fuzz,pos:0,+cov	0	seed
319	136755	/root/SQLeek/experiment/RQ2/replay/output/sqlaser_mysql827_formal_mysql97_replay_20260713_141356/work/r2/queue_time_named/time:136755,seq:000319,id:000318,src:000004,op:SQL fuzz,pos:0,+cov	0	seed
320	137195	/root/SQLeek/experiment/RQ2/replay/output/sqlaser_mysql827_formal_mysql97_replay_20260713_141356/work/r2/queue_time_named/time:137195,seq:000320,id:000319,src:000004,op:SQL fuzz,pos:0,+cov	0	seed
321	137695	/root/SQLeek/experiment/RQ2/replay/output/sqlaser_mysql827_formal_mysql97_replay_20260713_141356/work/r2/queue_time_named/time:137695,seq:000321,id:000320,src:000004,op:SQL fuzz,pos:0,+cov	0	seed
322	141283	/root/SQLeek/experiment/RQ2/replay/output/sqlaser_mysql827_formal_mysql97_replay_20260713_141356/work/r2/queue_time_named/time:141283,seq:000322,id:000321,src:000004,op:SQL fuzz,pos:0,+cov	0	seed
323	141491	/root/SQLeek/experiment/RQ2/replay/output/sqlaser_mysql827_formal_mysql97_replay_20260713_141356/work/r2/queue_time_named/time:141491,seq:000323,id:000322,src:000004,op:SQL fuzz,pos:0,+cov	0	seed
324	142847	/root/SQLeek/experiment/RQ2/replay/output/sqlaser_mysql827_formal_mysql97_replay_20260713_141356/work/r2/queue_time_named/time:142847,seq:000324,id:000323,src:000004,op:SQL fuzz,pos:0,+cov	0	seed
325	144815	/root/SQLeek/experiment/RQ2/replay/output/sqlaser_mysql827_formal_mysql97_replay_20260713_141356/work/r2/queue_time_named/time:144815,seq:000325,id:000324,src:000004,op:SQL fuzz,pos:0,+cov	0	seed
326	146052	/root/SQLeek/experiment/RQ2/replay/output/sqlaser_mysql827_formal_mysql97_replay_20260713_141356/work/r2/queue_time_named/time:146052,seq:000326,id:000325,src:000004,op:SQL fuzz,pos:0,+cov	0	seed
327	152064	/root/SQLeek/experiment/RQ2/replay/output/sqlaser_mysql827_formal_mysql97_replay_20260713_141356/work/r2/queue_time_named/time:152064,seq:000327,id:000326,src:000004,op:SQL fuzz,pos:0,+cov	0	seed
328	152520	/root/SQLeek/experiment/RQ2/replay/output/sqlaser_mysql827_formal_mysql97_replay_20260713_141356/work/r2/queue_time_named/time:152520,seq:000328,id:000327,src:000004,op:SQL fuzz,pos:0,+cov	0	seed
329	155944	/root/SQLeek/experiment/RQ2/replay/output/sqlaser_mysql827_formal_mysql97_replay_20260713_141356/work/r2/queue_time_named/time:155944,seq:000329,id:000328,src:000004,op:SQL fuzz,pos:0,+cov	0	seed
330	156188	/root/SQLeek/experiment/RQ2/replay/output/sqlaser_mysql827_formal_mysql97_replay_20260713_141356/work/r2/queue_time_named/time:156188,seq:000330,id:000329,src:000004,op:SQL fuzz,pos:0,+cov	0	seed
331	159564	/root/SQLeek/experiment/RQ2/replay/output/sqlaser_mysql827_formal_mysql97_replay_20260713_141356/work/r2/queue_time_named/time:159564,seq:000331,id:000330,src:000004,op:SQL fuzz,pos:0,+cov	0	seed
332	164780	/root/SQLeek/experiment/RQ2/replay/output/sqlaser_mysql827_formal_mysql97_replay_20260713_141356/work/r2/queue_time_named/time:164780,seq:000332,id:000331,src:000004,op:SQL fuzz,pos:0,+cov	0	seed
333	164980	/root/SQLeek/experiment/RQ2/replay/output/sqlaser_mysql827_formal_mysql97_replay_20260713_141356/work/r2/queue_time_named/time:164980,seq:000333,id:000332,src:000004,op:SQL fuzz,pos:0,+cov	0	seed
334	166812	/root/SQLeek/experiment/RQ2/replay/output/sqlaser_mysql827_formal_mysql97_replay_20260713_141356/work/r2/queue_time_named/time:166812,seq:000334,id:000333,src:000004,op:SQL fuzz,pos:0,+cov	0	seed
335	167012	/root/SQLeek/experiment/RQ2/replay/output/sqlaser_mysql827_formal_mysql97_replay_20260713_141356/work/r2/queue_time_named/time:167012,seq:000335,id:000334,src:000004,op:SQL fuzz,pos:0,+cov	0	seed
336	167184	/root/SQLeek/experiment/RQ2/replay/output/sqlaser_mysql827_formal_mysql97_replay_20260713_141356/work/r2/queue_time_named/time:167184,seq:000336,id:000335,src:000004,op:SQL fuzz,pos:0,+cov	0	seed
337	167436	/root/SQLeek/experiment/RQ2/replay/output/sqlaser_mysql827_formal_mysql97_replay_20260713_141356/work/r2/queue_time_named/time:167436,seq:000337,id:000336,src:000004,op:SQL fuzz,pos:0,+cov	0	seed
338	167636	/root/SQLeek/experiment/RQ2/replay/output/sqlaser_mysql827_formal_mysql97_replay_20260713_141356/work/r2/queue_time_named/time:167636,seq:000338,id:000337,src:000005,op:SQL fuzz,pos:0,+cov	0	seed
339	170420	/root/SQLeek/experiment/RQ2/replay/output/sqlaser_mysql827_formal_mysql97_replay_20260713_141356/work/r2/queue_time_named/time:170420,seq:000339,id:000338,src:000005,op:SQL fuzz,pos:0,+cov	0	seed
340	171308	/root/SQLeek/experiment/RQ2/replay/output/sqlaser_mysql827_formal_mysql97_replay_20260713_141356/work/r2/queue_time_named/time:171308,seq:000340,id:000339,src:000005,op:SQL fuzz,pos:0,+cov	0	seed
341	171488	/root/SQLeek/experiment/RQ2/replay/output/sqlaser_mysql827_formal_mysql97_replay_20260713_141356/work/r2/queue_time_named/time:171488,seq:000341,id:000340,src:000005,op:SQL fuzz,pos:0,+cov	0	seed
342	171820	/root/SQLeek/experiment/RQ2/replay/output/sqlaser_mysql827_formal_mysql97_replay_20260713_141356/work/r2/queue_time_named/time:171820,seq:000342,id:000341,src:000005,op:SQL fuzz,pos:0,+cov	0	seed
343	172548	/root/SQLeek/experiment/RQ2/replay/output/sqlaser_mysql827_formal_mysql97_replay_20260713_141356/work/r2/queue_time_named/time:172548,seq:000343,id:000342,src:000006,op:SQL fuzz,pos:0,+cov	0	seed
344	172708	/root/SQLeek/experiment/RQ2/replay/output/sqlaser_mysql827_formal_mysql97_replay_20260713_141356/work/r2/queue_time_named/time:172708,seq:000344,id:000343,src:000006,op:SQL fuzz,pos:0,+cov	0	seed
345	173136	/root/SQLeek/experiment/RQ2/replay/output/sqlaser_mysql827_formal_mysql97_replay_20260713_141356/work/r2/queue_time_named/time:173136,seq:000345,id:000344,src:000006,op:SQL fuzz,pos:0,+cov	0	seed
346	173452	/root/SQLeek/experiment/RQ2/replay/output/sqlaser_mysql827_formal_mysql97_replay_20260713_141356/work/r2/queue_time_named/time:173452,seq:000346,id:000345,src:000006,op:SQL fuzz,pos:0,+cov	0	seed
347	173604	/root/SQLeek/experiment/RQ2/replay/output/sqlaser_mysql827_formal_mysql97_replay_20260713_141356/work/r2/queue_time_named/time:173604,seq:000347,id:000346,src:000006,op:SQL fuzz,pos:0,+cov	0	seed
348	174272	/root/SQLeek/experiment/RQ2/replay/output/sqlaser_mysql827_formal_mysql97_replay_20260713_141356/work/r2/queue_time_named/time:174272,seq:000348,id:000347,src:000006,op:SQL fuzz,pos:0,+cov	0	seed
349	174884	/root/SQLeek/experiment/RQ2/replay/output/sqlaser_mysql827_formal_mysql97_replay_20260713_141356/work/r2/queue_time_named/time:174884,seq:000349,id:000348,src:000006,op:SQL fuzz,pos:0,+cov	0	seed
350	175108	/root/SQLeek/experiment/RQ2/replay/output/sqlaser_mysql827_formal_mysql97_replay_20260713_141356/work/r2/queue_time_named/time:175108,seq:000350,id:000349,src:000006,op:SQL fuzz,pos:0,+cov	0	seed
351	175256	/root/SQLeek/experiment/RQ2/replay/output/sqlaser_mysql827_formal_mysql97_replay_20260713_141356/work/r2/queue_time_named/time:175256,seq:000351,id:000350,src:000006,op:SQL fuzz,pos:0,+cov	0	seed
352	175568	/root/SQLeek/experiment/RQ2/replay/output/sqlaser_mysql827_formal_mysql97_replay_20260713_141356/work/r2/queue_time_named/time:175568,seq:000352,id:000351,src:000006,op:SQL fuzz,pos:0,+cov	0	seed
353	175708	/root/SQLeek/experiment/RQ2/replay/output/sqlaser_mysql827_formal_mysql97_replay_20260713_141356/work/r2/queue_time_named/time:175708,seq:000353,id:000352,src:000006,op:SQL fuzz,pos:0,+cov	0	seed
354	176000	/root/SQLeek/experiment/RQ2/replay/output/sqlaser_mysql827_formal_mysql97_replay_20260713_141356/work/r2/queue_time_named/time:176000,seq:000354,id:000353,src:000006,op:SQL fuzz,pos:0,+cov	0	seed
355	176652	/root/SQLeek/experiment/RQ2/replay/output/sqlaser_mysql827_formal_mysql97_replay_20260713_141356/work/r2/queue_time_named/time:176652,seq:000355,id:000354,src:000006,op:SQL fuzz,pos:0,+cov	0	seed
356	176820	/root/SQLeek/experiment/RQ2/replay/output/sqlaser_mysql827_formal_mysql97_replay_20260713_141356/work/r2/queue_time_named/time:176820,seq:000356,id:000355,src:000006,op:SQL fuzz,pos:0,+cov	0	seed
357	177168	/root/SQLeek/experiment/RQ2/replay/output/sqlaser_mysql827_formal_mysql97_replay_20260713_141356/work/r2/queue_time_named/time:177168,seq:000357,id:000356,src:000006,op:SQL fuzz,pos:0,+cov	0	seed
358	177592	/root/SQLeek/experiment/RQ2/replay/output/sqlaser_mysql827_formal_mysql97_replay_20260713_141356/work/r2/queue_time_named/time:177592,seq:000358,id:000357,src:000006,op:SQL fuzz,pos:0,+cov	0	seed
359	177740	/root/SQLeek/experiment/RQ2/replay/output/sqlaser_mysql827_formal_mysql97_replay_20260713_141356/work/r2/queue_time_named/time:177740,seq:000359,id:000358,src:000007,op:SQL fuzz,pos:0,+cov	0	seed
360	177872	/root/SQLeek/experiment/RQ2/replay/output/sqlaser_mysql827_formal_mysql97_replay_20260713_141356/work/r2/queue_time_named/time:177872,seq:000360,id:000359,src:000007,op:SQL fuzz,pos:0,+cov	0	seed
361	178016	/root/SQLeek/experiment/RQ2/replay/output/sqlaser_mysql827_formal_mysql97_replay_20260713_141356/work/r2/queue_time_named/time:178016,seq:000361,id:000360,src:000007,op:SQL fuzz,pos:0,+cov	0	seed
362	178176	/root/SQLeek/experiment/RQ2/replay/output/sqlaser_mysql827_formal_mysql97_replay_20260713_141356/work/r2/queue_time_named/time:178176,seq:000362,id:000361,src:000007,op:SQL fuzz,pos:0,+cov	0	seed
363	178296	/root/SQLeek/experiment/RQ2/replay/output/sqlaser_mysql827_formal_mysql97_replay_20260713_141356/work/r2/queue_time_named/time:178296,seq:000363,id:000362,src:000007,op:SQL fuzz,pos:0,+cov	0	seed
364	178444	/root/SQLeek/experiment/RQ2/replay/output/sqlaser_mysql827_formal_mysql97_replay_20260713_141356/work/r2/queue_time_named/time:178444,seq:000364,id:000363,src:000007,op:SQL fuzz,pos:0,+cov	0	seed
365	178632	/root/SQLeek/experiment/RQ2/replay/output/sqlaser_mysql827_formal_mysql97_replay_20260713_141356/work/r2/queue_time_named/time:178632,seq:000365,id:000364,src:000007,op:SQL fuzz,pos:0,+cov	0	seed
366	178792	/root/SQLeek/experiment/RQ2/replay/output/sqlaser_mysql827_formal_mysql97_replay_20260713_141356/work/r2/queue_time_named/time:178792,seq:000366,id:000365,src:000007,op:SQL fuzz,pos:0,+cov	0	seed
367	178932	/root/SQLeek/experiment/RQ2/replay/output/sqlaser_mysql827_formal_mysql97_replay_20260713_141356/work/r2/queue_time_named/time:178932,seq:000367,id:000366,src:000007,op:SQL fuzz,pos:0,+cov	0	seed
368	179132	/root/SQLeek/experiment/RQ2/replay/output/sqlaser_mysql827_formal_mysql97_replay_20260713_141356/work/r2/queue_time_named/time:179132,seq:000368,id:000367,src:000007,op:SQL fuzz,pos:0,+cov	0	seed
369	179780	/root/SQLeek/experiment/RQ2/replay/output/sqlaser_mysql827_formal_mysql97_replay_20260713_141356/work/r2/queue_time_named/time:179780,seq:000369,id:000368,src:000007,op:SQL fuzz,pos:0,+cov	0	seed
370	180240	/root/SQLeek/experiment/RQ2/replay/output/sqlaser_mysql827_formal_mysql97_replay_20260713_141356/work/r2/queue_time_named/time:180240,seq:000370,id:000369,src:000007,op:SQL fuzz,pos:0,+cov	0	seed
371	180696	/root/SQLeek/experiment/RQ2/replay/output/sqlaser_mysql827_formal_mysql97_replay_20260713_141356/work/r2/queue_time_named/time:180696,seq:000371,id:000370,src:000008,op:SQL fuzz,pos:0,+cov	0	seed
372	180920	/root/SQLeek/experiment/RQ2/replay/output/sqlaser_mysql827_formal_mysql97_replay_20260713_141356/work/r2/queue_time_named/time:180920,seq:000372,id:000371,src:000008,op:SQL fuzz,pos:0,+cov	0	seed
373	181112	/root/SQLeek/experiment/RQ2/replay/output/sqlaser_mysql827_formal_mysql97_replay_20260713_141356/work/r2/queue_time_named/time:181112,seq:000373,id:000372,src:000008,op:SQL fuzz,pos:0,+cov	0	seed
374	181340	/root/SQLeek/experiment/RQ2/replay/output/sqlaser_mysql827_formal_mysql97_replay_20260713_141356/work/r2/queue_time_named/time:181340,seq:000374,id:000373,src:000008,op:SQL fuzz,pos:0,+cov	0	seed
375	182848	/root/SQLeek/experiment/RQ2/replay/output/sqlaser_mysql827_formal_mysql97_replay_20260713_141356/work/r2/queue_time_named/time:182848,seq:000375,id:000374,src:000008,op:SQL fuzz,pos:0,+cov	0	seed
376	183732	/root/SQLeek/experiment/RQ2/replay/output/sqlaser_mysql827_formal_mysql97_replay_20260713_141356/work/r2/queue_time_named/time:183732,seq:000376,id:000375,src:000008,op:SQL fuzz,pos:0,+cov	0	seed
377	184160	/root/SQLeek/experiment/RQ2/replay/output/sqlaser_mysql827_formal_mysql97_replay_20260713_141356/work/r2/queue_time_named/time:184160,seq:000377,id:000376,src:000008,op:SQL fuzz,pos:0,+cov	0	seed
378	184376	/root/SQLeek/experiment/RQ2/replay/output/sqlaser_mysql827_formal_mysql97_replay_20260713_141356/work/r2/queue_time_named/time:184376,seq:000378,id:000377,src:000008,op:SQL fuzz,pos:0,+cov	0	seed
379	184600	/root/SQLeek/experiment/RQ2/replay/output/sqlaser_mysql827_formal_mysql97_replay_20260713_141356/work/r2/queue_time_named/time:184600,seq:000379,id:000378,src:000008,op:SQL fuzz,pos:0,+cov	0	seed
380	185040	/root/SQLeek/experiment/RQ2/replay/output/sqlaser_mysql827_formal_mysql97_replay_20260713_141356/work/r2/queue_time_named/time:185040,seq:000380,id:000379,src:000008,op:SQL fuzz,pos:0,+cov	0	seed
381	185324	/root/SQLeek/experiment/RQ2/replay/output/sqlaser_mysql827_formal_mysql97_replay_20260713_141356/work/r2/queue_time_named/time:185324,seq:000381,id:000380,src:000008,op:SQL fuzz,pos:0,+cov	0	seed
382	188500	/root/SQLeek/experiment/RQ2/replay/output/sqlaser_mysql827_formal_mysql97_replay_20260713_141356/work/r2/queue_time_named/time:188500,seq:000382,id:000381,src:000008,op:SQL fuzz,pos:0,+cov	0	seed
383	189272	/root/SQLeek/experiment/RQ2/replay/output/sqlaser_mysql827_formal_mysql97_replay_20260713_141356/work/r2/queue_time_named/time:189272,seq:000383,id:000382,src:000008,op:SQL fuzz,pos:0,+cov	0	seed
384	190452	/root/SQLeek/experiment/RQ2/replay/output/sqlaser_mysql827_formal_mysql97_replay_20260713_141356/work/r2/queue_time_named/time:190452,seq:000384,id:000383,src:000008,op:SQL fuzz,pos:0,+cov	0	seed
385	191064	/root/SQLeek/experiment/RQ2/replay/output/sqlaser_mysql827_formal_mysql97_replay_20260713_141356/work/r2/queue_time_named/time:191064,seq:000385,id:000384,src:000008,op:SQL fuzz,pos:0,+cov	0	seed
386	191596	/root/SQLeek/experiment/RQ2/replay/output/sqlaser_mysql827_formal_mysql97_replay_20260713_141356/work/r2/queue_time_named/time:191596,seq:000386,id:000385,src:000008,op:SQL fuzz,pos:0,+cov	0	seed
387	191916	/root/SQLeek/experiment/RQ2/replay/output/sqlaser_mysql827_formal_mysql97_replay_20260713_141356/work/r2/queue_time_named/time:191916,seq:000387,id:000386,src:000008,op:SQL fuzz,pos:0,+cov	0	seed
388	192280	/root/SQLeek/experiment/RQ2/replay/output/sqlaser_mysql827_formal_mysql97_replay_20260713_141356/work/r2/queue_time_named/time:192280,seq:000388,id:000387,src:000008,op:SQL fuzz,pos:0,+cov	0	seed
389	192988	/root/SQLeek/experiment/RQ2/replay/output/sqlaser_mysql827_formal_mysql97_replay_20260713_141356/work/r2/queue_time_named/time:192988,seq:000389,id:000388,src:000008,op:SQL fuzz,pos:0,+cov	0	seed
390	193376	/root/SQLeek/experiment/RQ2/replay/output/sqlaser_mysql827_formal_mysql97_replay_20260713_141356/work/r2/queue_time_named/time:193376,seq:000390,id:000389,src:000008,op:SQL fuzz,pos:0,+cov	0	seed
391	194572	/root/SQLeek/experiment/RQ2/replay/output/sqlaser_mysql827_formal_mysql97_replay_20260713_141356/work/r2/queue_time_named/time:194572,seq:000391,id:000390,src:000008,op:SQL fuzz,pos:0,+cov	0	seed
392	195280	/root/SQLeek/experiment/RQ2/replay/output/sqlaser_mysql827_formal_mysql97_replay_20260713_141356/work/r2/queue_time_named/time:195280,seq:000392,id:000391,src:000008,op:SQL fuzz,pos:0,+cov	0	seed
393	195832	/root/SQLeek/experiment/RQ2/replay/output/sqlaser_mysql827_formal_mysql97_replay_20260713_141356/work/r2/queue_time_named/time:195832,seq:000393,id:000392,src:000008,op:SQL fuzz,pos:0,+cov	0	seed
394	196936	/root/SQLeek/experiment/RQ2/replay/output/sqlaser_mysql827_formal_mysql97_replay_20260713_141356/work/r2/queue_time_named/time:196936,seq:000394,id:000393,src:000008,op:SQL fuzz,pos:0,+cov	0	seed
395	197416	/root/SQLeek/experiment/RQ2/replay/output/sqlaser_mysql827_formal_mysql97_replay_20260713_141356/work/r2/queue_time_named/time:197416,seq:000395,id:000394,src:000008,op:SQL fuzz,pos:0,+cov	0	seed
396	197592	/root/SQLeek/experiment/RQ2/replay/output/sqlaser_mysql827_formal_mysql97_replay_20260713_141356/work/r2/queue_time_named/time:197592,seq:000396,id:000395,src:000008,op:SQL fuzz,pos:0,+cov	0	seed
397	198656	/root/SQLeek/experiment/RQ2/replay/output/sqlaser_mysql827_formal_mysql97_replay_20260713_141356/work/r2/queue_time_named/time:198656,seq:000397,id:000396,src:000008,op:SQL fuzz,pos:0,+cov	0	seed
398	198860	/root/SQLeek/experiment/RQ2/replay/output/sqlaser_mysql827_formal_mysql97_replay_20260713_141356/work/r2/queue_time_named/time:198860,seq:000398,id:000397,src:000008,op:SQL fuzz,pos:0,+cov	0	seed
399	199048	/root/SQLeek/experiment/RQ2/replay/output/sqlaser_mysql827_formal_mysql97_replay_20260713_141356/work/r2/queue_time_named/time:199048,seq:000399,id:000398,src:000008,op:SQL fuzz,pos:0,+cov	0	seed
400	200164	/root/SQLeek/experiment/RQ2/replay/output/sqlaser_mysql827_formal_mysql97_replay_20260713_141356/work/r2/queue_time_named/time:200164,seq:000400,id:000399,src:000008,op:SQL fuzz,pos:0,+cov	0	periodic_restart_ok
401	200356	/root/SQLeek/experiment/RQ2/replay/output/sqlaser_mysql827_formal_mysql97_replay_20260713_141356/work/r2/queue_time_named/time:200356,seq:000401,id:000400,src:000008,op:SQL fuzz,pos:0,+cov	0	seed
402	201272	/root/SQLeek/experiment/RQ2/replay/output/sqlaser_mysql827_formal_mysql97_replay_20260713_141356/work/r2/queue_time_named/time:201272,seq:000402,id:000401,src:000008,op:SQL fuzz,pos:0,+cov	0	seed
403	201448	/root/SQLeek/experiment/RQ2/replay/output/sqlaser_mysql827_formal_mysql97_replay_20260713_141356/work/r2/queue_time_named/time:201448,seq:000403,id:000402,src:000008,op:SQL fuzz,pos:0,+cov	0	seed
404	201676	/root/SQLeek/experiment/RQ2/replay/output/sqlaser_mysql827_formal_mysql97_replay_20260713_141356/work/r2/queue_time_named/time:201676,seq:000404,id:000403,src:000008,op:SQL fuzz,pos:0,+cov	0	seed
405	202036	/root/SQLeek/experiment/RQ2/replay/output/sqlaser_mysql827_formal_mysql97_replay_20260713_141356/work/r2/queue_time_named/time:202036,seq:000405,id:000404,src:000008,op:SQL fuzz,pos:0,+cov	0	seed
406	202376	/root/SQLeek/experiment/RQ2/replay/output/sqlaser_mysql827_formal_mysql97_replay_20260713_141356/work/r2/queue_time_named/time:202376,seq:000406,id:000405,src:000008,op:SQL fuzz,pos:0,+cov	0	seed
407	202556	/root/SQLeek/experiment/RQ2/replay/output/sqlaser_mysql827_formal_mysql97_replay_20260713_141356/work/r2/queue_time_named/time:202556,seq:000407,id:000406,src:000008,op:SQL fuzz,pos:0,+cov	0	seed
408	204716	/root/SQLeek/experiment/RQ2/replay/output/sqlaser_mysql827_formal_mysql97_replay_20260713_141356/work/r2/queue_time_named/time:204716,seq:000408,id:000407,src:000008,op:SQL fuzz,pos:0,+cov	0	seed
409	205220	/root/SQLeek/experiment/RQ2/replay/output/sqlaser_mysql827_formal_mysql97_replay_20260713_141356/work/r2/queue_time_named/time:205220,seq:000409,id:000408,src:000008,op:SQL fuzz,pos:0,+cov	0	seed
410	205640	/root/SQLeek/experiment/RQ2/replay/output/sqlaser_mysql827_formal_mysql97_replay_20260713_141356/work/r2/queue_time_named/time:205640,seq:000410,id:000409,src:000009,op:SQL fuzz,pos:0,+cov	0	seed
411	205900	/root/SQLeek/experiment/RQ2/replay/output/sqlaser_mysql827_formal_mysql97_replay_20260713_141356/work/r2/queue_time_named/time:205900,seq:000411,id:000410,src:000009,op:SQL fuzz,pos:0,+cov	0	seed
412	206196	/root/SQLeek/experiment/RQ2/replay/output/sqlaser_mysql827_formal_mysql97_replay_20260713_141356/work/r2/queue_time_named/time:206196,seq:000412,id:000411,src:000009,op:SQL fuzz,pos:0,+cov	0	seed
413	206448	/root/SQLeek/experiment/RQ2/replay/output/sqlaser_mysql827_formal_mysql97_replay_20260713_141356/work/r2/queue_time_named/time:206448,seq:000413,id:000412,src:000009,op:SQL fuzz,pos:0,+cov	0	seed
414	206744	/root/SQLeek/experiment/RQ2/replay/output/sqlaser_mysql827_formal_mysql97_replay_20260713_141356/work/r2/queue_time_named/time:206744,seq:000414,id:000413,src:000009,op:SQL fuzz,pos:0,+cov	0	seed
415	207644	/root/SQLeek/experiment/RQ2/replay/output/sqlaser_mysql827_formal_mysql97_replay_20260713_141356/work/r2/queue_time_named/time:207644,seq:000415,id:000414,src:000009,op:SQL fuzz,pos:0,+cov	0	seed
416	208108	/root/SQLeek/experiment/RQ2/replay/output/sqlaser_mysql827_formal_mysql97_replay_20260713_141356/work/r2/queue_time_named/time:208108,seq:000416,id:000415,src:000009,op:SQL fuzz,pos:0,+cov	0	seed
417	208316	/root/SQLeek/experiment/RQ2/replay/output/sqlaser_mysql827_formal_mysql97_replay_20260713_141356/work/r2/queue_time_named/time:208316,seq:000417,id:000416,src:000009,op:SQL fuzz,pos:0,+cov	0	seed
418	208560	/root/SQLeek/experiment/RQ2/replay/output/sqlaser_mysql827_formal_mysql97_replay_20260713_141356/work/r2/queue_time_named/time:208560,seq:000418,id:000417,src:000009,op:SQL fuzz,pos:0,+cov	0	seed
419	209020	/root/SQLeek/experiment/RQ2/replay/output/sqlaser_mysql827_formal_mysql97_replay_20260713_141356/work/r2/queue_time_named/time:209020,seq:000419,id:000418,src:000009,op:SQL fuzz,pos:0,+cov	0	seed
420	209380	/root/SQLeek/experiment/RQ2/replay/output/sqlaser_mysql827_formal_mysql97_replay_20260713_141356/work/r2/queue_time_named/time:209380,seq:000420,id:000419,src:000009,op:SQL fuzz,pos:0,+cov	0	seed
421	211420	/root/SQLeek/experiment/RQ2/replay/output/sqlaser_mysql827_formal_mysql97_replay_20260713_141356/work/r2/queue_time_named/time:211420,seq:000421,id:000420,src:000009,op:SQL fuzz,pos:0,+cov	0	seed
422	212156	/root/SQLeek/experiment/RQ2/replay/output/sqlaser_mysql827_formal_mysql97_replay_20260713_141356/work/r2/queue_time_named/time:212156,seq:000422,id:000421,src:000009,op:SQL fuzz,pos:0,+cov	0	seed
423	213320	/root/SQLeek/experiment/RQ2/replay/output/sqlaser_mysql827_formal_mysql97_replay_20260713_141356/work/r2/queue_time_named/time:213320,seq:000423,id:000422,src:000009,op:SQL fuzz,pos:0,+cov	0	seed
424	213640	/root/SQLeek/experiment/RQ2/replay/output/sqlaser_mysql827_formal_mysql97_replay_20260713_141356/work/r2/queue_time_named/time:213640,seq:000424,id:000423,src:000009,op:SQL fuzz,pos:0,+cov	0	seed
425	214208	/root/SQLeek/experiment/RQ2/replay/output/sqlaser_mysql827_formal_mysql97_replay_20260713_141356/work/r2/queue_time_named/time:214208,seq:000425,id:000424,src:000009,op:SQL fuzz,pos:0,+cov	0	seed
426	214980	/root/SQLeek/experiment/RQ2/replay/output/sqlaser_mysql827_formal_mysql97_replay_20260713_141356/work/r2/queue_time_named/time:214980,seq:000426,id:000425,src:000009,op:SQL fuzz,pos:0,+cov	0	seed
427	215504	/root/SQLeek/experiment/RQ2/replay/output/sqlaser_mysql827_formal_mysql97_replay_20260713_141356/work/r2/queue_time_named/time:215504,seq:000427,id:000426,src:000009,op:SQL fuzz,pos:0,+cov	0	seed
428	217084	/root/SQLeek/experiment/RQ2/replay/output/sqlaser_mysql827_formal_mysql97_replay_20260713_141356/work/r2/queue_time_named/time:217084,seq:000428,id:000427,src:000009,op:SQL fuzz,pos:0,+cov	0	seed
429	218480	/root/SQLeek/experiment/RQ2/replay/output/sqlaser_mysql827_formal_mysql97_replay_20260713_141356/work/r2/queue_time_named/time:218480,seq:000429,id:000428,src:000009,op:SQL fuzz,pos:0,+cov	0	seed
430	218732	/root/SQLeek/experiment/RQ2/replay/output/sqlaser_mysql827_formal_mysql97_replay_20260713_141356/work/r2/queue_time_named/time:218732,seq:000430,id:000429,src:000009,op:SQL fuzz,pos:0,+cov	0	seed
431	219196	/root/SQLeek/experiment/RQ2/replay/output/sqlaser_mysql827_formal_mysql97_replay_20260713_141356/work/r2/queue_time_named/time:219196,seq:000431,id:000430,src:000009,op:SQL fuzz,pos:0,+cov	0	seed
432	220149	/root/SQLeek/experiment/RQ2/replay/output/sqlaser_mysql827_formal_mysql97_replay_20260713_141356/work/r2/queue_time_named/time:220149,seq:000432,id:000431,src:000009,op:SQL fuzz,pos:0,+cov	0	seed
433	220389	/root/SQLeek/experiment/RQ2/replay/output/sqlaser_mysql827_formal_mysql97_replay_20260713_141356/work/r2/queue_time_named/time:220389,seq:000433,id:000432,src:000009,op:SQL fuzz,pos:0,+cov	0	seed
434	222205	/root/SQLeek/experiment/RQ2/replay/output/sqlaser_mysql827_formal_mysql97_replay_20260713_141356/work/r2/queue_time_named/time:222205,seq:000434,id:000433,src:000009,op:SQL fuzz,pos:0,+cov	0	seed
435	222873	/root/SQLeek/experiment/RQ2/replay/output/sqlaser_mysql827_formal_mysql97_replay_20260713_141356/work/r2/queue_time_named/time:222873,seq:000435,id:000434,src:000010,op:SQL fuzz,pos:0,+cov	0	seed
436	223505	/root/SQLeek/experiment/RQ2/replay/output/sqlaser_mysql827_formal_mysql97_replay_20260713_141356/work/r2/queue_time_named/time:223505,seq:000436,id:000435,src:000010,op:SQL fuzz,pos:0,+cov	0	seed
437	223773	/root/SQLeek/experiment/RQ2/replay/output/sqlaser_mysql827_formal_mysql97_replay_20260713_141356/work/r2/queue_time_named/time:223773,seq:000437,id:000436,src:000010,op:SQL fuzz,pos:0,+cov	0	seed
438	224573	/root/SQLeek/experiment/RQ2/replay/output/sqlaser_mysql827_formal_mysql97_replay_20260713_141356/work/r2/queue_time_named/time:224573,seq:000438,id:000437,src:000010,op:SQL fuzz,pos:0,+cov	0	seed
439	224821	/root/SQLeek/experiment/RQ2/replay/output/sqlaser_mysql827_formal_mysql97_replay_20260713_141356/work/r2/queue_time_named/time:224821,seq:000439,id:000438,src:000010,op:SQL fuzz,pos:0,+cov	0	seed
440	225321	/root/SQLeek/experiment/RQ2/replay/output/sqlaser_mysql827_formal_mysql97_replay_20260713_141356/work/r2/queue_time_named/time:225321,seq:000440,id:000439,src:000010,op:SQL fuzz,pos:0,+cov	0	seed
441	225617	/root/SQLeek/experiment/RQ2/replay/output/sqlaser_mysql827_formal_mysql97_replay_20260713_141356/work/r2/queue_time_named/time:225617,seq:000441,id:000440,src:000010,op:SQL fuzz,pos:0,+cov	0	seed
442	225861	/root/SQLeek/experiment/RQ2/replay/output/sqlaser_mysql827_formal_mysql97_replay_20260713_141356/work/r2/queue_time_named/time:225861,seq:000442,id:000441,src:000010,op:SQL fuzz,pos:0,+cov	0	seed
443	226329	/root/SQLeek/experiment/RQ2/replay/output/sqlaser_mysql827_formal_mysql97_replay_20260713_141356/work/r2/queue_time_named/time:226329,seq:000443,id:000442,src:000010,op:SQL fuzz,pos:0,+cov	0	seed
444	228473	/root/SQLeek/experiment/RQ2/replay/output/sqlaser_mysql827_formal_mysql97_replay_20260713_141356/work/r2/queue_time_named/time:228473,seq:000444,id:000443,src:000010,op:SQL fuzz,pos:0,+cov	0	seed
445	228709	/root/SQLeek/experiment/RQ2/replay/output/sqlaser_mysql827_formal_mysql97_replay_20260713_141356/work/r2/queue_time_named/time:228709,seq:000445,id:000444,src:000010,op:SQL fuzz,pos:0,+cov	0	seed
446	229781	/root/SQLeek/experiment/RQ2/replay/output/sqlaser_mysql827_formal_mysql97_replay_20260713_141356/work/r2/queue_time_named/time:229781,seq:000446,id:000445,src:000010,op:SQL fuzz,pos:0,+cov	0	seed
447	230321	/root/SQLeek/experiment/RQ2/replay/output/sqlaser_mysql827_formal_mysql97_replay_20260713_141356/work/r2/queue_time_named/time:230321,seq:000447,id:000446,src:000010,op:SQL fuzz,pos:0,+cov	0	seed
448	231077	/root/SQLeek/experiment/RQ2/replay/output/sqlaser_mysql827_formal_mysql97_replay_20260713_141356/work/r2/queue_time_named/time:231077,seq:000448,id:000447,src:000010,op:SQL fuzz,pos:0,+cov	0	seed
449	231345	/root/SQLeek/experiment/RQ2/replay/output/sqlaser_mysql827_formal_mysql97_replay_20260713_141356/work/r2/queue_time_named/time:231345,seq:000449,id:000448,src:000011,op:SQL fuzz,pos:0,+cov	0	seed
450	231597	/root/SQLeek/experiment/RQ2/replay/output/sqlaser_mysql827_formal_mysql97_replay_20260713_141356/work/r2/queue_time_named/time:231597,seq:000450,id:000449,src:000011,op:SQL fuzz,pos:0,+cov	0	seed
451	231821	/root/SQLeek/experiment/RQ2/replay/output/sqlaser_mysql827_formal_mysql97_replay_20260713_141356/work/r2/queue_time_named/time:231821,seq:000451,id:000450,src:000011,op:SQL fuzz,pos:0,+cov	0	seed
452	232089	/root/SQLeek/experiment/RQ2/replay/output/sqlaser_mysql827_formal_mysql97_replay_20260713_141356/work/r2/queue_time_named/time:232089,seq:000452,id:000451,src:000011,op:SQL fuzz,pos:0,+cov	0	seed
453	232345	/root/SQLeek/experiment/RQ2/replay/output/sqlaser_mysql827_formal_mysql97_replay_20260713_141356/work/r2/queue_time_named/time:232345,seq:000453,id:000452,src:000011,op:SQL fuzz,pos:0,+cov	0	seed
454	237925	/root/SQLeek/experiment/RQ2/replay/output/sqlaser_mysql827_formal_mysql97_replay_20260713_141356/work/r2/queue_time_named/time:237925,seq:000454,id:000453,src:000011,op:SQL fuzz,pos:0,+cov	0	seed
455	238509	/root/SQLeek/experiment/RQ2/replay/output/sqlaser_mysql827_formal_mysql97_replay_20260713_141356/work/r2/queue_time_named/time:238509,seq:000455,id:000454,src:000011,op:SQL fuzz,pos:0,+cov	0	seed
456	238793	/root/SQLeek/experiment/RQ2/replay/output/sqlaser_mysql827_formal_mysql97_replay_20260713_141356/work/r2/queue_time_named/time:238793,seq:000456,id:000455,src:000011,op:SQL fuzz,pos:0,+cov	0	seed
457	240345	/root/SQLeek/experiment/RQ2/replay/output/sqlaser_mysql827_formal_mysql97_replay_20260713_141356/work/r2/queue_time_named/time:240345,seq:000457,id:000456,src:000011,op:SQL fuzz,pos:0,+cov	0	seed
458	241889	/root/SQLeek/experiment/RQ2/replay/output/sqlaser_mysql827_formal_mysql97_replay_20260713_141356/work/r2/queue_time_named/time:241889,seq:000458,id:000457,src:000011,op:SQL fuzz,pos:0,+cov	0	seed
459	242149	/root/SQLeek/experiment/RQ2/replay/output/sqlaser_mysql827_formal_mysql97_replay_20260713_141356/work/r2/queue_time_named/time:242149,seq:000459,id:000458,src:000011,op:SQL fuzz,pos:0,+cov	0	seed
460	242649	/root/SQLeek/experiment/RQ2/replay/output/sqlaser_mysql827_formal_mysql97_replay_20260713_141356/work/r2/queue_time_named/time:242649,seq:000460,id:000459,src:000011,op:SQL fuzz,pos:0,+cov	0	seed
461	243573	/root/SQLeek/experiment/RQ2/replay/output/sqlaser_mysql827_formal_mysql97_replay_20260713_141356/work/r2/queue_time_named/time:243573,seq:000461,id:000460,src:000011,op:SQL fuzz,pos:0,+cov	0	seed
462	244353	/root/SQLeek/experiment/RQ2/replay/output/sqlaser_mysql827_formal_mysql97_replay_20260713_141356/work/r2/queue_time_named/time:244353,seq:000462,id:000461,src:000011,op:SQL fuzz,pos:0,+cov	0	seed
463	245217	/root/SQLeek/experiment/RQ2/replay/output/sqlaser_mysql827_formal_mysql97_replay_20260713_141356/work/r2/queue_time_named/time:245217,seq:000463,id:000462,src:000012,op:SQL fuzz,pos:0,+cov	0	seed
464	246269	/root/SQLeek/experiment/RQ2/replay/output/sqlaser_mysql827_formal_mysql97_replay_20260713_141356/work/r2/queue_time_named/time:246269,seq:000464,id:000463,src:000012,op:SQL fuzz,pos:0,+cov	0	seed
465	246537	/root/SQLeek/experiment/RQ2/replay/output/sqlaser_mysql827_formal_mysql97_replay_20260713_141356/work/r2/queue_time_named/time:246537,seq:000465,id:000464,src:000012,op:SQL fuzz,pos:0,+cov	0	seed
466	247893	/root/SQLeek/experiment/RQ2/replay/output/sqlaser_mysql827_formal_mysql97_replay_20260713_141356/work/r2/queue_time_named/time:247893,seq:000466,id:000465,src:000012,op:SQL fuzz,pos:0,+cov	0	seed
467	248561	/root/SQLeek/experiment/RQ2/replay/output/sqlaser_mysql827_formal_mysql97_replay_20260713_141356/work/r2/queue_time_named/time:248561,seq:000467,id:000466,src:000012,op:SQL fuzz,pos:0,+cov	0	seed
468	251221	/root/SQLeek/experiment/RQ2/replay/output/sqlaser_mysql827_formal_mysql97_replay_20260713_141356/work/r2/queue_time_named/time:251221,seq:000468,id:000467,src:000012,op:SQL fuzz,pos:0,+cov	0	seed
469	251909	/root/SQLeek/experiment/RQ2/replay/output/sqlaser_mysql827_formal_mysql97_replay_20260713_141356/work/r2/queue_time_named/time:251909,seq:000469,id:000468,src:000012,op:SQL fuzz,pos:0,+cov	0	seed
470	252221	/root/SQLeek/experiment/RQ2/replay/output/sqlaser_mysql827_formal_mysql97_replay_20260713_141356/work/r2/queue_time_named/time:252221,seq:000470,id:000469,src:000012,op:SQL fuzz,pos:0,+cov	0	seed
471	252953	/root/SQLeek/experiment/RQ2/replay/output/sqlaser_mysql827_formal_mysql97_replay_20260713_141356/work/r2/queue_time_named/time:252953,seq:000471,id:000470,src:000012,op:SQL fuzz,pos:0,+cov	0	seed
472	253665	/root/SQLeek/experiment/RQ2/replay/output/sqlaser_mysql827_formal_mysql97_replay_20260713_141356/work/r2/queue_time_named/time:253665,seq:000472,id:000471,src:000012,op:SQL fuzz,pos:0,+cov	0	seed
473	253933	/root/SQLeek/experiment/RQ2/replay/output/sqlaser_mysql827_formal_mysql97_replay_20260713_141356/work/r2/queue_time_named/time:253933,seq:000473,id:000472,src:000012,op:SQL fuzz,pos:0,+cov	0	seed
474	255637	/root/SQLeek/experiment/RQ2/replay/output/sqlaser_mysql827_formal_mysql97_replay_20260713_141356/work/r2/queue_time_named/time:255637,seq:000474,id:000473,src:000012,op:SQL fuzz,pos:0,+cov	0	seed
475	257621	/root/SQLeek/experiment/RQ2/replay/output/sqlaser_mysql827_formal_mysql97_replay_20260713_141356/work/r2/queue_time_named/time:257621,seq:000475,id:000474,src:000012,op:SQL fuzz,pos:0,+cov	0	seed
476	258597	/root/SQLeek/experiment/RQ2/replay/output/sqlaser_mysql827_formal_mysql97_replay_20260713_141356/work/r2/queue_time_named/time:258597,seq:000476,id:000475,src:000013,op:SQL fuzz,pos:0,+cov	0	seed
477	258933	/root/SQLeek/experiment/RQ2/replay/output/sqlaser_mysql827_formal_mysql97_replay_20260713_141356/work/r2/queue_time_named/time:258933,seq:000477,id:000476,src:000013,op:SQL fuzz,pos:0,+cov	0	seed
478	260369	/root/SQLeek/experiment/RQ2/replay/output/sqlaser_mysql827_formal_mysql97_replay_20260713_141356/work/r2/queue_time_named/time:260369,seq:000478,id:000477,src:000013,op:SQL fuzz,pos:0,+cov	0	seed
479	262405	/root/SQLeek/experiment/RQ2/replay/output/sqlaser_mysql827_formal_mysql97_replay_20260713_141356/work/r2/queue_time_named/time:262405,seq:000479,id:000478,src:000013,op:SQL fuzz,pos:0,+cov	0	seed
480	264461	/root/SQLeek/experiment/RQ2/replay/output/sqlaser_mysql827_formal_mysql97_replay_20260713_141356/work/r2/queue_time_named/time:264461,seq:000480,id:000479,src:000013,op:SQL fuzz,pos:0,+cov	0	seed
481	264769	/root/SQLeek/experiment/RQ2/replay/output/sqlaser_mysql827_formal_mysql97_replay_20260713_141356/work/r2/queue_time_named/time:264769,seq:000481,id:000480,src:000013,op:SQL fuzz,pos:0,+cov	0	seed
482	269105	/root/SQLeek/experiment/RQ2/replay/output/sqlaser_mysql827_formal_mysql97_replay_20260713_141356/work/r2/queue_time_named/time:269105,seq:000482,id:000481,src:000013,op:SQL fuzz,pos:0,+cov	0	seed
483	271933	/root/SQLeek/experiment/RQ2/replay/output/sqlaser_mysql827_formal_mysql97_replay_20260713_141356/work/r2/queue_time_named/time:271933,seq:000483,id:000482,src:000013,op:SQL fuzz,pos:0,+cov	0	seed
484	272349	/root/SQLeek/experiment/RQ2/replay/output/sqlaser_mysql827_formal_mysql97_replay_20260713_141356/work/r2/queue_time_named/time:272349,seq:000484,id:000483,src:000013,op:SQL fuzz,pos:0,+cov	0	seed
485	272661	/root/SQLeek/experiment/RQ2/replay/output/sqlaser_mysql827_formal_mysql97_replay_20260713_141356/work/r2/queue_time_named/time:272661,seq:000485,id:000484,src:000014,op:SQL fuzz,pos:0,+cov	0	seed
486	272933	/root/SQLeek/experiment/RQ2/replay/output/sqlaser_mysql827_formal_mysql97_replay_20260713_141356/work/r2/queue_time_named/time:272933,seq:000486,id:000485,src:000014,op:SQL fuzz,pos:0,+cov	0	seed
487	273301	/root/SQLeek/experiment/RQ2/replay/output/sqlaser_mysql827_formal_mysql97_replay_20260713_141356/work/r2/queue_time_named/time:273301,seq:000487,id:000486,src:000014,op:SQL fuzz,pos:0,+cov	0	seed
488	273545	/root/SQLeek/experiment/RQ2/replay/output/sqlaser_mysql827_formal_mysql97_replay_20260713_141356/work/r2/queue_time_named/time:273545,seq:000488,id:000487,src:000014,op:SQL fuzz,pos:0,+cov	0	seed
489	273757	/root/SQLeek/experiment/RQ2/replay/output/sqlaser_mysql827_formal_mysql97_replay_20260713_141356/work/r2/queue_time_named/time:273757,seq:000489,id:000488,src:000014,op:SQL fuzz,pos:0,+cov	0	seed
490	274177	/root/SQLeek/experiment/RQ2/replay/output/sqlaser_mysql827_formal_mysql97_replay_20260713_141356/work/r2/queue_time_named/time:274177,seq:000490,id:000489,src:000014,op:SQL fuzz,pos:0,+cov	0	seed
491	274397	/root/SQLeek/experiment/RQ2/replay/output/sqlaser_mysql827_formal_mysql97_replay_20260713_141356/work/r2/queue_time_named/time:274397,seq:000491,id:000490,src:000014,op:SQL fuzz,pos:0,+cov	0	seed
492	274833	/root/SQLeek/experiment/RQ2/replay/output/sqlaser_mysql827_formal_mysql97_replay_20260713_141356/work/r2/queue_time_named/time:274833,seq:000492,id:000491,src:000014,op:SQL fuzz,pos:0,+cov	0	seed
493	274997	/root/SQLeek/experiment/RQ2/replay/output/sqlaser_mysql827_formal_mysql97_replay_20260713_141356/work/r2/queue_time_named/time:274997,seq:000493,id:000492,src:000014,op:SQL fuzz,pos:0,+cov	0	seed
494	275213	/root/SQLeek/experiment/RQ2/replay/output/sqlaser_mysql827_formal_mysql97_replay_20260713_141356/work/r2/queue_time_named/time:275213,seq:000494,id:000493,src:000014,op:SQL fuzz,pos:0,+cov	0	seed
495	275677	/root/SQLeek/experiment/RQ2/replay/output/sqlaser_mysql827_formal_mysql97_replay_20260713_141356/work/r2/queue_time_named/time:275677,seq:000495,id:000494,src:000014,op:SQL fuzz,pos:0,+cov	0	seed
496	275997	/root/SQLeek/experiment/RQ2/replay/output/sqlaser_mysql827_formal_mysql97_replay_20260713_141356/work/r2/queue_time_named/time:275997,seq:000496,id:000495,src:000014,op:SQL fuzz,pos:0,+cov	0	seed
497	276221	/root/SQLeek/experiment/RQ2/replay/output/sqlaser_mysql827_formal_mysql97_replay_20260713_141356/work/r2/queue_time_named/time:276221,seq:000497,id:000496,src:000014,op:SQL fuzz,pos:0,+cov	0	seed
498	277725	/root/SQLeek/experiment/RQ2/replay/output/sqlaser_mysql827_formal_mysql97_replay_20260713_141356/work/r2/queue_time_named/time:277725,seq:000498,id:000497,src:000014,op:SQL fuzz,pos:0,+cov	0	seed
499	278301	/root/SQLeek/experiment/RQ2/replay/output/sqlaser_mysql827_formal_mysql97_replay_20260713_141356/work/r2/queue_time_named/time:278301,seq:000499,id:000498,src:000014,op:SQL fuzz,pos:0,+cov	0	seed
500	278925	/root/SQLeek/experiment/RQ2/replay/output/sqlaser_mysql827_formal_mysql97_replay_20260713_141356/work/r2/queue_time_named/time:278925,seq:000500,id:000499,src:000014,op:SQL fuzz,pos:0,+cov	0	seed
501	279445	/root/SQLeek/experiment/RQ2/replay/output/sqlaser_mysql827_formal_mysql97_replay_20260713_141356/work/r2/queue_time_named/time:279445,seq:000501,id:000500,src:000014,op:SQL fuzz,pos:0,+cov	0	seed
502	279661	/root/SQLeek/experiment/RQ2/replay/output/sqlaser_mysql827_formal_mysql97_replay_20260713_141356/work/r2/queue_time_named/time:279661,seq:000502,id:000501,src:000014,op:SQL fuzz,pos:0,+cov	0	seed
503	280073	/root/SQLeek/experiment/RQ2/replay/output/sqlaser_mysql827_formal_mysql97_replay_20260713_141356/work/r2/queue_time_named/time:280073,seq:000503,id:000502,src:000014,op:SQL fuzz,pos:0,+cov	0	seed
504	281185	/root/SQLeek/experiment/RQ2/replay/output/sqlaser_mysql827_formal_mysql97_replay_20260713_141356/work/r2/queue_time_named/time:281185,seq:000504,id:000503,src:000014,op:SQL fuzz,pos:0,+cov	0	seed
505	281425	/root/SQLeek/experiment/RQ2/replay/output/sqlaser_mysql827_formal_mysql97_replay_20260713_141356/work/r2/queue_time_named/time:281425,seq:000505,id:000504,src:000014,op:SQL fuzz,pos:0,+cov	0	seed
506	281833	/root/SQLeek/experiment/RQ2/replay/output/sqlaser_mysql827_formal_mysql97_replay_20260713_141356/work/r2/queue_time_named/time:281833,seq:000506,id:000505,src:000014,op:SQL fuzz,pos:0,+cov	0	seed
507	283613	/root/SQLeek/experiment/RQ2/replay/output/sqlaser_mysql827_formal_mysql97_replay_20260713_141356/work/r2/queue_time_named/time:283613,seq:000507,id:000506,src:000014,op:SQL fuzz,pos:0,+cov	0	seed
508	283853	/root/SQLeek/experiment/RQ2/replay/output/sqlaser_mysql827_formal_mysql97_replay_20260713_141356/work/r2/queue_time_named/time:283853,seq:000508,id:000507,src:000014,op:SQL fuzz,pos:0,+cov	0	seed
509	285097	/root/SQLeek/experiment/RQ2/replay/output/sqlaser_mysql827_formal_mysql97_replay_20260713_141356/work/r2/queue_time_named/time:285097,seq:000509,id:000508,src:000014,op:SQL fuzz,pos:0,+cov	0	seed
510	285489	/root/SQLeek/experiment/RQ2/replay/output/sqlaser_mysql827_formal_mysql97_replay_20260713_141356/work/r2/queue_time_named/time:285489,seq:000510,id:000509,src:000014,op:SQL fuzz,pos:0,+cov	0	seed
511	285841	/root/SQLeek/experiment/RQ2/replay/output/sqlaser_mysql827_formal_mysql97_replay_20260713_141356/work/r2/queue_time_named/time:285841,seq:000511,id:000510,src:000014,op:SQL fuzz,pos:0,+cov	0	seed
512	286197	/root/SQLeek/experiment/RQ2/replay/output/sqlaser_mysql827_formal_mysql97_replay_20260713_141356/work/r2/queue_time_named/time:286197,seq:000512,id:000511,src:000014,op:SQL fuzz,pos:0,+cov	0	seed
513	287809	/root/SQLeek/experiment/RQ2/replay/output/sqlaser_mysql827_formal_mysql97_replay_20260713_141356/work/r2/queue_time_named/time:287809,seq:000513,id:000512,src:000014,op:SQL fuzz,pos:0,+cov	0	seed
514	288225	/root/SQLeek/experiment/RQ2/replay/output/sqlaser_mysql827_formal_mysql97_replay_20260713_141356/work/r2/queue_time_named/time:288225,seq:000514,id:000513,src:000014,op:SQL fuzz,pos:0,+cov	0	seed
515	288997	/root/SQLeek/experiment/RQ2/replay/output/sqlaser_mysql827_formal_mysql97_replay_20260713_141356/work/r2/queue_time_named/time:288997,seq:000515,id:000514,src:000014,op:SQL fuzz,pos:0,+cov	0	seed
516	289665	/root/SQLeek/experiment/RQ2/replay/output/sqlaser_mysql827_formal_mysql97_replay_20260713_141356/work/r2/queue_time_named/time:289665,seq:000516,id:000515,src:000014,op:SQL fuzz,pos:0,+cov	0	seed
517	290553	/root/SQLeek/experiment/RQ2/replay/output/sqlaser_mysql827_formal_mysql97_replay_20260713_141356/work/r2/queue_time_named/time:290553,seq:000517,id:000516,src:000015,op:SQL fuzz,pos:0,+cov	0	seed
518	290781	/root/SQLeek/experiment/RQ2/replay/output/sqlaser_mysql827_formal_mysql97_replay_20260713_141356/work/r2/queue_time_named/time:290781,seq:000518,id:000517,src:000015,op:SQL fuzz,pos:0,+cov	0	seed
519	291009	/root/SQLeek/experiment/RQ2/replay/output/sqlaser_mysql827_formal_mysql97_replay_20260713_141356/work/r2/queue_time_named/time:291009,seq:000519,id:000518,src:000015,op:SQL fuzz,pos:0,+cov	0	seed
520	291237	/root/SQLeek/experiment/RQ2/replay/output/sqlaser_mysql827_formal_mysql97_replay_20260713_141356/work/r2/queue_time_named/time:291237,seq:000520,id:000519,src:000015,op:SQL fuzz,pos:0,+cov	0	seed
521	291465	/root/SQLeek/experiment/RQ2/replay/output/sqlaser_mysql827_formal_mysql97_replay_20260713_141356/work/r2/queue_time_named/time:291465,seq:000521,id:000520,src:000015,op:SQL fuzz,pos:0,+cov	0	seed
522	291685	/root/SQLeek/experiment/RQ2/replay/output/sqlaser_mysql827_formal_mysql97_replay_20260713_141356/work/r2/queue_time_named/time:291685,seq:000522,id:000521,src:000015,op:SQL fuzz,pos:0,+cov	0	seed
523	291897	/root/SQLeek/experiment/RQ2/replay/output/sqlaser_mysql827_formal_mysql97_replay_20260713_141356/work/r2/queue_time_named/time:291897,seq:000523,id:000522,src:000015,op:SQL fuzz,pos:0,+cov	0	seed
524	292049	/root/SQLeek/experiment/RQ2/replay/output/sqlaser_mysql827_formal_mysql97_replay_20260713_141356/work/r2/queue_time_named/time:292049,seq:000524,id:000523,src:000015,op:SQL fuzz,pos:0,+cov	0	seed
525	292529	/root/SQLeek/experiment/RQ2/replay/output/sqlaser_mysql827_formal_mysql97_replay_20260713_141356/work/r2/queue_time_named/time:292529,seq:000525,id:000524,src:000015,op:SQL fuzz,pos:0,+cov	0	seed
526	294013	/root/SQLeek/experiment/RQ2/replay/output/sqlaser_mysql827_formal_mysql97_replay_20260713_141356/work/r2/queue_time_named/time:294013,seq:000526,id:000525,src:000015,op:SQL fuzz,pos:0,+cov	0	seed
527	294213	/root/SQLeek/experiment/RQ2/replay/output/sqlaser_mysql827_formal_mysql97_replay_20260713_141356/work/r2/queue_time_named/time:294213,seq:000527,id:000526,src:000015,op:SQL fuzz,pos:0,+cov	0	seed
528	294645	/root/SQLeek/experiment/RQ2/replay/output/sqlaser_mysql827_formal_mysql97_replay_20260713_141356/work/r2/queue_time_named/time:294645,seq:000528,id:000527,src:000015,op:SQL fuzz,pos:0,+cov	0	seed
529	295281	/root/SQLeek/experiment/RQ2/replay/output/sqlaser_mysql827_formal_mysql97_replay_20260713_141356/work/r2/queue_time_named/time:295281,seq:000529,id:000528,src:000015,op:SQL fuzz,pos:0,+cov	0	seed
530	295541	/root/SQLeek/experiment/RQ2/replay/output/sqlaser_mysql827_formal_mysql97_replay_20260713_141356/work/r2/queue_time_named/time:295541,seq:000530,id:000529,src:000015,op:SQL fuzz,pos:0,+cov	0	seed
531	296693	/root/SQLeek/experiment/RQ2/replay/output/sqlaser_mysql827_formal_mysql97_replay_20260713_141356/work/r2/queue_time_named/time:296693,seq:000531,id:000530,src:000015,op:SQL fuzz,pos:0,+cov	0	seed
532	296937	/root/SQLeek/experiment/RQ2/replay/output/sqlaser_mysql827_formal_mysql97_replay_20260713_141356/work/r2/queue_time_named/time:296937,seq:000532,id:000531,src:000015,op:SQL fuzz,pos:0,+cov	0	seed
533	297329	/root/SQLeek/experiment/RQ2/replay/output/sqlaser_mysql827_formal_mysql97_replay_20260713_141356/work/r2/queue_time_named/time:297329,seq:000533,id:000532,src:000015,op:SQL fuzz,pos:0,+cov	0	seed
534	298353	/root/SQLeek/experiment/RQ2/replay/output/sqlaser_mysql827_formal_mysql97_replay_20260713_141356/work/r2/queue_time_named/time:298353,seq:000534,id:000533,src:000015,op:SQL fuzz,pos:0,+cov	0	seed
535	299057	/root/SQLeek/experiment/RQ2/replay/output/sqlaser_mysql827_formal_mysql97_replay_20260713_141356/work/r2/queue_time_named/time:299057,seq:000535,id:000534,src:000015,op:SQL fuzz,pos:0,+cov	0	seed
536	300141	/root/SQLeek/experiment/RQ2/replay/output/sqlaser_mysql827_formal_mysql97_replay_20260713_141356/work/r2/queue_time_named/time:300141,seq:000536,id:000535,src:000015,op:SQL fuzz,pos:0,+cov	0	seed
537	300401	/root/SQLeek/experiment/RQ2/replay/output/sqlaser_mysql827_formal_mysql97_replay_20260713_141356/work/r2/queue_time_named/time:300401,seq:000537,id:000536,src:000015,op:SQL fuzz,pos:0,+cov	0	seed
538	302458	/root/SQLeek/experiment/RQ2/replay/output/sqlaser_mysql827_formal_mysql97_replay_20260713_141356/work/r2/queue_time_named/time:302458,seq:000538,id:000537,src:000015,op:SQL fuzz,pos:0,+cov	0	seed
539	303390	/root/SQLeek/experiment/RQ2/replay/output/sqlaser_mysql827_formal_mysql97_replay_20260713_141356/work/r2/queue_time_named/time:303390,seq:000539,id:000538,src:000016,op:SQL fuzz,pos:0,+cov	0	seed
540	303654	/root/SQLeek/experiment/RQ2/replay/output/sqlaser_mysql827_formal_mysql97_replay_20260713_141356/work/r2/queue_time_named/time:303654,seq:000540,id:000539,src:000016,op:SQL fuzz,pos:0,+cov	0	seed
541	305098	/root/SQLeek/experiment/RQ2/replay/output/sqlaser_mysql827_formal_mysql97_replay_20260713_141356/work/r2/queue_time_named/time:305098,seq:000541,id:000540,src:000016,op:SQL fuzz,pos:0,+cov	0	seed
542	307850	/root/SQLeek/experiment/RQ2/replay/output/sqlaser_mysql827_formal_mysql97_replay_20260713_141356/work/r2/queue_time_named/time:307850,seq:000542,id:000541,src:000016,op:SQL fuzz,pos:0,+cov	0	seed
543	309034	/root/SQLeek/experiment/RQ2/replay/output/sqlaser_mysql827_formal_mysql97_replay_20260713_141356/work/r2/queue_time_named/time:309034,seq:000543,id:000542,src:000016,op:SQL fuzz,pos:0,+cov	0	seed
544	309322	/root/SQLeek/experiment/RQ2/replay/output/sqlaser_mysql827_formal_mysql97_replay_20260713_141356/work/r2/queue_time_named/time:309322,seq:000544,id:000543,src:000016,op:SQL fuzz,pos:0,+cov	0	seed
545	309886	/root/SQLeek/experiment/RQ2/replay/output/sqlaser_mysql827_formal_mysql97_replay_20260713_141356/work/r2/queue_time_named/time:309886,seq:000545,id:000544,src:000016,op:SQL fuzz,pos:0,+cov	0	seed
546	310102	/root/SQLeek/experiment/RQ2/replay/output/sqlaser_mysql827_formal_mysql97_replay_20260713_141356/work/r2/queue_time_named/time:310102,seq:000546,id:000545,src:000016,op:SQL fuzz,pos:0,+cov	0	seed
547	310318	/root/SQLeek/experiment/RQ2/replay/output/sqlaser_mysql827_formal_mysql97_replay_20260713_141356/work/r2/queue_time_named/time:310318,seq:000547,id:000546,src:000016,op:SQL fuzz,pos:0,+cov	0	seed
548	314350	/root/SQLeek/experiment/RQ2/replay/output/sqlaser_mysql827_formal_mysql97_replay_20260713_141356/work/r2/queue_time_named/time:314350,seq:000548,id:000547,src:000016,op:SQL fuzz,pos:0,+cov	0	seed
549	314598	/root/SQLeek/experiment/RQ2/replay/output/sqlaser_mysql827_formal_mysql97_replay_20260713_141356/work/r2/queue_time_named/time:314598,seq:000549,id:000548,src:000016,op:SQL fuzz,pos:0,+cov	0	seed
550	315874	/root/SQLeek/experiment/RQ2/replay/output/sqlaser_mysql827_formal_mysql97_replay_20260713_141356/work/r2/queue_time_named/time:315874,seq:000550,id:000549,src:000016,op:SQL fuzz,pos:0,+cov	0	seed
551	316062	/root/SQLeek/experiment/RQ2/replay/output/sqlaser_mysql827_formal_mysql97_replay_20260713_141356/work/r2/queue_time_named/time:316062,seq:000551,id:000550,src:000016,op:SQL fuzz,pos:0,+cov	0	seed
552	316630	/root/SQLeek/experiment/RQ2/replay/output/sqlaser_mysql827_formal_mysql97_replay_20260713_141356/work/r2/queue_time_named/time:316630,seq:000552,id:000551,src:000016,op:SQL fuzz,pos:0,+cov	0	seed
553	316810	/root/SQLeek/experiment/RQ2/replay/output/sqlaser_mysql827_formal_mysql97_replay_20260713_141356/work/r2/queue_time_named/time:316810,seq:000553,id:000552,src:000016,op:SQL fuzz,pos:0,+cov	0	seed
554	318042	/root/SQLeek/experiment/RQ2/replay/output/sqlaser_mysql827_formal_mysql97_replay_20260713_141356/work/r2/queue_time_named/time:318042,seq:000554,id:000553,src:000016,op:SQL fuzz,pos:0,+cov	0	seed
555	319366	/root/SQLeek/experiment/RQ2/replay/output/sqlaser_mysql827_formal_mysql97_replay_20260713_141356/work/r2/queue_time_named/time:319366,seq:000555,id:000554,src:000016,op:SQL fuzz,pos:0,+cov	0	seed
556	319574	/root/SQLeek/experiment/RQ2/replay/output/sqlaser_mysql827_formal_mysql97_replay_20260713_141356/work/r2/queue_time_named/time:319574,seq:000556,id:000555,src:000016,op:SQL fuzz,pos:0,+cov	0	seed
557	319794	/root/SQLeek/experiment/RQ2/replay/output/sqlaser_mysql827_formal_mysql97_replay_20260713_141356/work/r2/queue_time_named/time:319794,seq:000557,id:000556,src:000016,op:SQL fuzz,pos:0,+cov	0	seed
558	320314	/root/SQLeek/experiment/RQ2/replay/output/sqlaser_mysql827_formal_mysql97_replay_20260713_141356/work/r2/queue_time_named/time:320314,seq:000558,id:000557,src:000016,op:SQL fuzz,pos:0,+cov	0	seed
559	320466	/root/SQLeek/experiment/RQ2/replay/output/sqlaser_mysql827_formal_mysql97_replay_20260713_141356/work/r2/queue_time_named/time:320466,seq:000559,id:000558,src:000016,op:SQL fuzz,pos:0,+cov	0	seed
560	320650	/root/SQLeek/experiment/RQ2/replay/output/sqlaser_mysql827_formal_mysql97_replay_20260713_141356/work/r2/queue_time_named/time:320650,seq:000560,id:000559,src:000016,op:SQL fuzz,pos:0,+cov	0	seed
561	321270	/root/SQLeek/experiment/RQ2/replay/output/sqlaser_mysql827_formal_mysql97_replay_20260713_141356/work/r2/queue_time_named/time:321270,seq:000561,id:000560,src:000016,op:SQL fuzz,pos:0,+cov	0	seed
562	321922	/root/SQLeek/experiment/RQ2/replay/output/sqlaser_mysql827_formal_mysql97_replay_20260713_141356/work/r2/queue_time_named/time:321922,seq:000562,id:000561,src:000016,op:SQL fuzz,pos:0,+cov	0	seed
563	322106	/root/SQLeek/experiment/RQ2/replay/output/sqlaser_mysql827_formal_mysql97_replay_20260713_141356/work/r2/queue_time_named/time:322106,seq:000563,id:000562,src:000016,op:SQL fuzz,pos:0,+cov	0	seed
564	322518	/root/SQLeek/experiment/RQ2/replay/output/sqlaser_mysql827_formal_mysql97_replay_20260713_141356/work/r2/queue_time_named/time:322518,seq:000564,id:000563,src:000016,op:SQL fuzz,pos:0,+cov	0	seed
565	322714	/root/SQLeek/experiment/RQ2/replay/output/sqlaser_mysql827_formal_mysql97_replay_20260713_141356/work/r2/queue_time_named/time:322714,seq:000565,id:000564,src:000017,op:SQL fuzz,pos:0,+cov	0	seed
566	322878	/root/SQLeek/experiment/RQ2/replay/output/sqlaser_mysql827_formal_mysql97_replay_20260713_141356/work/r2/queue_time_named/time:322878,seq:000566,id:000565,src:000017,op:SQL fuzz,pos:0,+cov	0	seed
567	323038	/root/SQLeek/experiment/RQ2/replay/output/sqlaser_mysql827_formal_mysql97_replay_20260713_141356/work/r2/queue_time_named/time:323038,seq:000567,id:000566,src:000017,op:SQL fuzz,pos:0,+cov	0	seed
568	323226	/root/SQLeek/experiment/RQ2/replay/output/sqlaser_mysql827_formal_mysql97_replay_20260713_141356/work/r2/queue_time_named/time:323226,seq:000568,id:000567,src:000017,op:SQL fuzz,pos:0,+cov	0	seed
569	323442	/root/SQLeek/experiment/RQ2/replay/output/sqlaser_mysql827_formal_mysql97_replay_20260713_141356/work/r2/queue_time_named/time:323442,seq:000569,id:000568,src:000017,op:SQL fuzz,pos:0,+cov	0	seed
570	323718	/root/SQLeek/experiment/RQ2/replay/output/sqlaser_mysql827_formal_mysql97_replay_20260713_141356/work/r2/queue_time_named/time:323718,seq:000570,id:000569,src:000017,op:SQL fuzz,pos:0,+cov	0	seed
571	324214	/root/SQLeek/experiment/RQ2/replay/output/sqlaser_mysql827_formal_mysql97_replay_20260713_141356/work/r2/queue_time_named/time:324214,seq:000571,id:000570,src:000017,op:SQL fuzz,pos:0,+cov	0	seed
572	324426	/root/SQLeek/experiment/RQ2/replay/output/sqlaser_mysql827_formal_mysql97_replay_20260713_141356/work/r2/queue_time_named/time:324426,seq:000572,id:000571,src:000017,op:SQL fuzz,pos:0,+cov	0	seed
573	324846	/root/SQLeek/experiment/RQ2/replay/output/sqlaser_mysql827_formal_mysql97_replay_20260713_141356/work/r2/queue_time_named/time:324846,seq:000573,id:000572,src:000017,op:SQL fuzz,pos:0,+cov	0	seed
574	325010	/root/SQLeek/experiment/RQ2/replay/output/sqlaser_mysql827_formal_mysql97_replay_20260713_141356/work/r2/queue_time_named/time:325010,seq:000574,id:000573,src:000017,op:SQL fuzz,pos:0,+cov	0	seed
575	325150	/root/SQLeek/experiment/RQ2/replay/output/sqlaser_mysql827_formal_mysql97_replay_20260713_141356/work/r2/queue_time_named/time:325150,seq:000575,id:000574,src:000017,op:SQL fuzz,pos:0,+cov	0	seed
576	325322	/root/SQLeek/experiment/RQ2/replay/output/sqlaser_mysql827_formal_mysql97_replay_20260713_141356/work/r2/queue_time_named/time:325322,seq:000576,id:000575,src:000017,op:SQL fuzz,pos:0,+cov	0	seed
577	325502	/root/SQLeek/experiment/RQ2/replay/output/sqlaser_mysql827_formal_mysql97_replay_20260713_141356/work/r2/queue_time_named/time:325502,seq:000577,id:000576,src:000017,op:SQL fuzz,pos:0,+cov	0	seed
578	326318	/root/SQLeek/experiment/RQ2/replay/output/sqlaser_mysql827_formal_mysql97_replay_20260713_141356/work/r2/queue_time_named/time:326318,seq:000578,id:000577,src:000017,op:SQL fuzz,pos:0,+cov	0	seed
579	326534	/root/SQLeek/experiment/RQ2/replay/output/sqlaser_mysql827_formal_mysql97_replay_20260713_141356/work/r2/queue_time_named/time:326534,seq:000579,id:000578,src:000017,op:SQL fuzz,pos:0,+cov	0	seed
580	327270	/root/SQLeek/experiment/RQ2/replay/output/sqlaser_mysql827_formal_mysql97_replay_20260713_141356/work/r2/queue_time_named/time:327270,seq:000580,id:000579,src:000017,op:SQL fuzz,pos:0,+cov	0	seed
581	327450	/root/SQLeek/experiment/RQ2/replay/output/sqlaser_mysql827_formal_mysql97_replay_20260713_141356/work/r2/queue_time_named/time:327450,seq:000581,id:000580,src:000017,op:SQL fuzz,pos:0,+cov	0	seed
582	328454	/root/SQLeek/experiment/RQ2/replay/output/sqlaser_mysql827_formal_mysql97_replay_20260713_141356/work/r2/queue_time_named/time:328454,seq:000582,id:000581,src:000017,op:SQL fuzz,pos:0,+cov	0	seed
583	329290	/root/SQLeek/experiment/RQ2/replay/output/sqlaser_mysql827_formal_mysql97_replay_20260713_141356/work/r2/queue_time_named/time:329290,seq:000583,id:000582,src:000018,op:SQL fuzz,pos:0,+cov	0	seed
584	329614	/root/SQLeek/experiment/RQ2/replay/output/sqlaser_mysql827_formal_mysql97_replay_20260713_141356/work/r2/queue_time_named/time:329614,seq:000584,id:000583,src:000018,op:SQL fuzz,pos:0,+cov	0	seed
585	329910	/root/SQLeek/experiment/RQ2/replay/output/sqlaser_mysql827_formal_mysql97_replay_20260713_141356/work/r2/queue_time_named/time:329910,seq:000585,id:000584,src:000018,op:SQL fuzz,pos:0,+cov	0	seed
586	332958	/root/SQLeek/experiment/RQ2/replay/output/sqlaser_mysql827_formal_mysql97_replay_20260713_141356/work/r2/queue_time_named/time:332958,seq:000586,id:000585,src:000018,op:SQL fuzz,pos:0,+cov	0	seed
587	334810	/root/SQLeek/experiment/RQ2/replay/output/sqlaser_mysql827_formal_mysql97_replay_20260713_141356/work/r2/queue_time_named/time:334810,seq:000587,id:000586,src:000018,op:SQL fuzz,pos:0,+cov	0	seed
588	336542	/root/SQLeek/experiment/RQ2/replay/output/sqlaser_mysql827_formal_mysql97_replay_20260713_141356/work/r2/queue_time_named/time:336542,seq:000588,id:000587,src:000018,op:SQL fuzz,pos:0,+cov	0	seed
589	337530	/root/SQLeek/experiment/RQ2/replay/output/sqlaser_mysql827_formal_mysql97_replay_20260713_141356/work/r2/queue_time_named/time:337530,seq:000589,id:000588,src:000018,op:SQL fuzz,pos:0,+cov	0	seed
590	339594	/root/SQLeek/experiment/RQ2/replay/output/sqlaser_mysql827_formal_mysql97_replay_20260713_141356/work/r2/queue_time_named/time:339594,seq:000590,id:000589,src:000018,op:SQL fuzz,pos:0,+cov	0	seed
591	339858	/root/SQLeek/experiment/RQ2/replay/output/sqlaser_mysql827_formal_mysql97_replay_20260713_141356/work/r2/queue_time_named/time:339858,seq:000591,id:000590,src:000019,op:SQL fuzz,pos:0,+cov	0	seed
592	340466	/root/SQLeek/experiment/RQ2/replay/output/sqlaser_mysql827_formal_mysql97_replay_20260713_141356/work/r2/queue_time_named/time:340466,seq:000592,id:000591,src:000019,op:SQL fuzz,pos:0,+cov	0	seed
593	340694	/root/SQLeek/experiment/RQ2/replay/output/sqlaser_mysql827_formal_mysql97_replay_20260713_141356/work/r2/queue_time_named/time:340694,seq:000593,id:000592,src:000019,op:SQL fuzz,pos:0,+cov	0	seed
594	341162	/root/SQLeek/experiment/RQ2/replay/output/sqlaser_mysql827_formal_mysql97_replay_20260713_141356/work/r2/queue_time_named/time:341162,seq:000594,id:000593,src:000019,op:SQL fuzz,pos:0,+cov	0	seed
595	341438	/root/SQLeek/experiment/RQ2/replay/output/sqlaser_mysql827_formal_mysql97_replay_20260713_141356/work/r2/queue_time_named/time:341438,seq:000595,id:000594,src:000019,op:SQL fuzz,pos:0,+cov	0	seed
596	342574	/root/SQLeek/experiment/RQ2/replay/output/sqlaser_mysql827_formal_mysql97_replay_20260713_141356/work/r2/queue_time_named/time:342574,seq:000596,id:000595,src:000019,op:SQL fuzz,pos:0,+cov	0	seed
597	343226	/root/SQLeek/experiment/RQ2/replay/output/sqlaser_mysql827_formal_mysql97_replay_20260713_141356/work/r2/queue_time_named/time:343226,seq:000597,id:000596,src:000019,op:SQL fuzz,pos:0,+cov	0	seed
598	343674	/root/SQLeek/experiment/RQ2/replay/output/sqlaser_mysql827_formal_mysql97_replay_20260713_141356/work/r2/queue_time_named/time:343674,seq:000598,id:000597,src:000019,op:SQL fuzz,pos:0,+cov	0	seed
599	344302	/root/SQLeek/experiment/RQ2/replay/output/sqlaser_mysql827_formal_mysql97_replay_20260713_141356/work/r2/queue_time_named/time:344302,seq:000599,id:000598,src:000019,op:SQL fuzz,pos:0,+cov	0	seed
600	344518	/root/SQLeek/experiment/RQ2/replay/output/sqlaser_mysql827_formal_mysql97_replay_20260713_141356/work/r2/queue_time_named/time:344518,seq:000600,id:000599,src:000019,op:SQL fuzz,pos:0,+cov	0	periodic_restart_ok
601	344770	/root/SQLeek/experiment/RQ2/replay/output/sqlaser_mysql827_formal_mysql97_replay_20260713_141356/work/r2/queue_time_named/time:344770,seq:000601,id:000600,src:000019,op:SQL fuzz,pos:0,+cov	0	seed
602	345546	/root/SQLeek/experiment/RQ2/replay/output/sqlaser_mysql827_formal_mysql97_replay_20260713_141356/work/r2/queue_time_named/time:345546,seq:000602,id:000601,src:000019,op:SQL fuzz,pos:0,+cov	0	seed
603	346538	/root/SQLeek/experiment/RQ2/replay/output/sqlaser_mysql827_formal_mysql97_replay_20260713_141356/work/r2/queue_time_named/time:346538,seq:000603,id:000602,src:000019,op:SQL fuzz,pos:0,+cov	0	seed
604	346914	/root/SQLeek/experiment/RQ2/replay/output/sqlaser_mysql827_formal_mysql97_replay_20260713_141356/work/r2/queue_time_named/time:346914,seq:000604,id:000603,src:000020,op:SQL fuzz,pos:0,+cov	0	seed
605	347338	/root/SQLeek/experiment/RQ2/replay/output/sqlaser_mysql827_formal_mysql97_replay_20260713_141356/work/r2/queue_time_named/time:347338,seq:000605,id:000604,src:000020,op:SQL fuzz,pos:0,+cov	0	seed
606	347554	/root/SQLeek/experiment/RQ2/replay/output/sqlaser_mysql827_formal_mysql97_replay_20260713_141356/work/r2/queue_time_named/time:347554,seq:000606,id:000605,src:000020,op:SQL fuzz,pos:0,+cov	0	seed
607	347974	/root/SQLeek/experiment/RQ2/replay/output/sqlaser_mysql827_formal_mysql97_replay_20260713_141356/work/r2/queue_time_named/time:347974,seq:000607,id:000606,src:000020,op:SQL fuzz,pos:0,+cov	0	seed
608	349554	/root/SQLeek/experiment/RQ2/replay/output/sqlaser_mysql827_formal_mysql97_replay_20260713_141356/work/r2/queue_time_named/time:349554,seq:000608,id:000607,src:000020,op:SQL fuzz,pos:0,+cov	0	seed
609	350650	/root/SQLeek/experiment/RQ2/replay/output/sqlaser_mysql827_formal_mysql97_replay_20260713_141356/work/r2/queue_time_named/time:350650,seq:000609,id:000608,src:000020,op:SQL fuzz,pos:0,+cov	0	seed
610	350918	/root/SQLeek/experiment/RQ2/replay/output/sqlaser_mysql827_formal_mysql97_replay_20260713_141356/work/r2/queue_time_named/time:350918,seq:000610,id:000609,src:000020,op:SQL fuzz,pos:0,+cov	0	seed
611	351158	/root/SQLeek/experiment/RQ2/replay/output/sqlaser_mysql827_formal_mysql97_replay_20260713_141356/work/r2/queue_time_named/time:351158,seq:000611,id:000610,src:000020,op:SQL fuzz,pos:0,+cov	0	seed
612	352670	/root/SQLeek/experiment/RQ2/replay/output/sqlaser_mysql827_formal_mysql97_replay_20260713_141356/work/r2/queue_time_named/time:352670,seq:000612,id:000611,src:000020,op:SQL fuzz,pos:0,+cov	0	seed
613	354086	/root/SQLeek/experiment/RQ2/replay/output/sqlaser_mysql827_formal_mysql97_replay_20260713_141356/work/r2/queue_time_named/time:354086,seq:000613,id:000612,src:000020,op:SQL fuzz,pos:0,+cov	0	seed
614	355298	/root/SQLeek/experiment/RQ2/replay/output/sqlaser_mysql827_formal_mysql97_replay_20260713_141356/work/r2/queue_time_named/time:355298,seq:000614,id:000613,src:000020,op:SQL fuzz,pos:0,+cov	0	seed
615	356498	/root/SQLeek/experiment/RQ2/replay/output/sqlaser_mysql827_formal_mysql97_replay_20260713_141356/work/r2/queue_time_named/time:356498,seq:000615,id:000614,src:000020,op:SQL fuzz,pos:0,+cov	0	seed
616	356714	/root/SQLeek/experiment/RQ2/replay/output/sqlaser_mysql827_formal_mysql97_replay_20260713_141356/work/r2/queue_time_named/time:356714,seq:000616,id:000615,src:000020,op:SQL fuzz,pos:0,+cov	0	seed
617	356894	/root/SQLeek/experiment/RQ2/replay/output/sqlaser_mysql827_formal_mysql97_replay_20260713_141356/work/r2/queue_time_named/time:356894,seq:000617,id:000616,src:000020,op:SQL fuzz,pos:0,+cov	0	seed
618	357786	/root/SQLeek/experiment/RQ2/replay/output/sqlaser_mysql827_formal_mysql97_replay_20260713_141356/work/r2/queue_time_named/time:357786,seq:000618,id:000617,src:000020,op:SQL fuzz,pos:0,+cov	0	seed
619	358214	/root/SQLeek/experiment/RQ2/replay/output/sqlaser_mysql827_formal_mysql97_replay_20260713_141356/work/r2/queue_time_named/time:358214,seq:000619,id:000618,src:000020,op:SQL fuzz,pos:0,+cov	0	seed
620	358838	/root/SQLeek/experiment/RQ2/replay/output/sqlaser_mysql827_formal_mysql97_replay_20260713_141356/work/r2/queue_time_named/time:358838,seq:000620,id:000619,src:000020,op:SQL fuzz,pos:0,+cov	0	seed
621	359062	/root/SQLeek/experiment/RQ2/replay/output/sqlaser_mysql827_formal_mysql97_replay_20260713_141356/work/r2/queue_time_named/time:359062,seq:000621,id:000620,src:000020,op:SQL fuzz,pos:0,+cov	0	seed
622	360818	/root/SQLeek/experiment/RQ2/replay/output/sqlaser_mysql827_formal_mysql97_replay_20260713_141356/work/r2/queue_time_named/time:360818,seq:000622,id:000621,src:000020,op:SQL fuzz,pos:0,+cov	0	seed
623	362726	/root/SQLeek/experiment/RQ2/replay/output/sqlaser_mysql827_formal_mysql97_replay_20260713_141356/work/r2/queue_time_named/time:362726,seq:000623,id:000622,src:000020,op:SQL fuzz,pos:0,+cov	0	seed
624	364238	/root/SQLeek/experiment/RQ2/replay/output/sqlaser_mysql827_formal_mysql97_replay_20260713_141356/work/r2/queue_time_named/time:364238,seq:000624,id:000623,src:000020,op:SQL fuzz,pos:0,+cov	0	seed
625	364686	/root/SQLeek/experiment/RQ2/replay/output/sqlaser_mysql827_formal_mysql97_replay_20260713_141356/work/r2/queue_time_named/time:364686,seq:000625,id:000624,src:000020,op:SQL fuzz,pos:0,+cov	0	seed
626	366526	/root/SQLeek/experiment/RQ2/replay/output/sqlaser_mysql827_formal_mysql97_replay_20260713_141356/work/r2/queue_time_named/time:366526,seq:000626,id:000625,src:000020,op:SQL fuzz,pos:0,+cov	0	seed
627	367790	/root/SQLeek/experiment/RQ2/replay/output/sqlaser_mysql827_formal_mysql97_replay_20260713_141356/work/r2/queue_time_named/time:367790,seq:000627,id:000626,src:000020,op:SQL fuzz,pos:0,+cov	0	seed
628	368014	/root/SQLeek/experiment/RQ2/replay/output/sqlaser_mysql827_formal_mysql97_replay_20260713_141356/work/r2/queue_time_named/time:368014,seq:000628,id:000627,src:000021,op:SQL fuzz,pos:0,+cov	0	seed
629	368210	/root/SQLeek/experiment/RQ2/replay/output/sqlaser_mysql827_formal_mysql97_replay_20260713_141356/work/r2/queue_time_named/time:368210,seq:000629,id:000628,src:000021,op:SQL fuzz,pos:0,+cov	0	seed
630	369922	/root/SQLeek/experiment/RQ2/replay/output/sqlaser_mysql827_formal_mysql97_replay_20260713_141356/work/r2/queue_time_named/time:369922,seq:000630,id:000629,src:000021,op:SQL fuzz,pos:0,+cov	0	seed
631	370390	/root/SQLeek/experiment/RQ2/replay/output/sqlaser_mysql827_formal_mysql97_replay_20260713_141356/work/r2/queue_time_named/time:370390,seq:000631,id:000630,src:000021,op:SQL fuzz,pos:0,+cov	0	seed
632	370902	/root/SQLeek/experiment/RQ2/replay/output/sqlaser_mysql827_formal_mysql97_replay_20260713_141356/work/r2/queue_time_named/time:370902,seq:000632,id:000631,src:000021,op:SQL fuzz,pos:0,+cov	0	seed
633	371374	/root/SQLeek/experiment/RQ2/replay/output/sqlaser_mysql827_formal_mysql97_replay_20260713_141356/work/r2/queue_time_named/time:371374,seq:000633,id:000632,src:000021,op:SQL fuzz,pos:0,+cov	0	seed
634	372002	/root/SQLeek/experiment/RQ2/replay/output/sqlaser_mysql827_formal_mysql97_replay_20260713_141356/work/r2/queue_time_named/time:372002,seq:000634,id:000633,src:000021,op:SQL fuzz,pos:0,+cov	0	seed
635	372270	/root/SQLeek/experiment/RQ2/replay/output/sqlaser_mysql827_formal_mysql97_replay_20260713_141356/work/r2/queue_time_named/time:372270,seq:000635,id:000634,src:000021,op:SQL fuzz,pos:0,+cov	0	seed
636	372946	/root/SQLeek/experiment/RQ2/replay/output/sqlaser_mysql827_formal_mysql97_replay_20260713_141356/work/r2/queue_time_named/time:372946,seq:000636,id:000635,src:000021,op:SQL fuzz,pos:0,+cov	0	seed
637	376454	/root/SQLeek/experiment/RQ2/replay/output/sqlaser_mysql827_formal_mysql97_replay_20260713_141356/work/r2/queue_time_named/time:376454,seq:000637,id:000636,src:000021,op:SQL fuzz,pos:0,+cov	0	seed
638	377338	/root/SQLeek/experiment/RQ2/replay/output/sqlaser_mysql827_formal_mysql97_replay_20260713_141356/work/r2/queue_time_named/time:377338,seq:000638,id:000637,src:000021,op:SQL fuzz,pos:0,+cov	0	seed
639	377962	/root/SQLeek/experiment/RQ2/replay/output/sqlaser_mysql827_formal_mysql97_replay_20260713_141356/work/r2/queue_time_named/time:377962,seq:000639,id:000638,src:000021,op:SQL fuzz,pos:0,+cov	0	seed
640	379030	/root/SQLeek/experiment/RQ2/replay/output/sqlaser_mysql827_formal_mysql97_replay_20260713_141356/work/r2/queue_time_named/time:379030,seq:000640,id:000639,src:000021,op:SQL fuzz,pos:0,+cov	0	seed
641	379562	/root/SQLeek/experiment/RQ2/replay/output/sqlaser_mysql827_formal_mysql97_replay_20260713_141356/work/r2/queue_time_named/time:379562,seq:000641,id:000640,src:000021,op:SQL fuzz,pos:0,+cov	0	seed
642	380186	/root/SQLeek/experiment/RQ2/replay/output/sqlaser_mysql827_formal_mysql97_replay_20260713_141356/work/r2/queue_time_named/time:380186,seq:000642,id:000641,src:000021,op:SQL fuzz,pos:0,+cov	0	seed
643	380598	/root/SQLeek/experiment/RQ2/replay/output/sqlaser_mysql827_formal_mysql97_replay_20260713_141356/work/r2/queue_time_named/time:380598,seq:000643,id:000642,src:000021,op:SQL fuzz,pos:0,+cov	0	seed
644	380822	/root/SQLeek/experiment/RQ2/replay/output/sqlaser_mysql827_formal_mysql97_replay_20260713_141356/work/r2/queue_time_named/time:380822,seq:000644,id:000643,src:000021,op:SQL fuzz,pos:0,+cov	0	seed
645	381086	/root/SQLeek/experiment/RQ2/replay/output/sqlaser_mysql827_formal_mysql97_replay_20260713_141356/work/r2/queue_time_named/time:381086,seq:000645,id:000644,src:000021,op:SQL fuzz,pos:0,+cov	0	seed
646	382114	/root/SQLeek/experiment/RQ2/replay/output/sqlaser_mysql827_formal_mysql97_replay_20260713_141356/work/r2/queue_time_named/time:382114,seq:000646,id:000645,src:000021,op:SQL fuzz,pos:0,+cov	0	seed
647	382922	/root/SQLeek/experiment/RQ2/replay/output/sqlaser_mysql827_formal_mysql97_replay_20260713_141356/work/r2/queue_time_named/time:382922,seq:000647,id:000646,src:000021,op:SQL fuzz,pos:0,+cov	0	seed
648	384414	/root/SQLeek/experiment/RQ2/replay/output/sqlaser_mysql827_formal_mysql97_replay_20260713_141356/work/r2/queue_time_named/time:384414,seq:000648,id:000647,src:000021,op:SQL fuzz,pos:0,+cov	0	seed
649	384654	/root/SQLeek/experiment/RQ2/replay/output/sqlaser_mysql827_formal_mysql97_replay_20260713_141356/work/r2/queue_time_named/time:384654,seq:000649,id:000648,src:000021,op:SQL fuzz,pos:0,+cov	0	seed
650	384882	/root/SQLeek/experiment/RQ2/replay/output/sqlaser_mysql827_formal_mysql97_replay_20260713_141356/work/r2/queue_time_named/time:384882,seq:000650,id:000649,src:000021,op:SQL fuzz,pos:0,+cov	0	seed
651	385478	/root/SQLeek/experiment/RQ2/replay/output/sqlaser_mysql827_formal_mysql97_replay_20260713_141356/work/r2/queue_time_named/time:385478,seq:000651,id:000650,src:000021,op:SQL fuzz,pos:0,+cov	0	seed
652	386410	/root/SQLeek/experiment/RQ2/replay/output/sqlaser_mysql827_formal_mysql97_replay_20260713_141356/work/r2/queue_time_named/time:386410,seq:000652,id:000651,src:000021,op:SQL fuzz,pos:0,+cov	0	seed
653	386806	/root/SQLeek/experiment/RQ2/replay/output/sqlaser_mysql827_formal_mysql97_replay_20260713_141356/work/r2/queue_time_named/time:386806,seq:000653,id:000652,src:000021,op:SQL fuzz,pos:0,+cov	0	seed
654	387190	/root/SQLeek/experiment/RQ2/replay/output/sqlaser_mysql827_formal_mysql97_replay_20260713_141356/work/r2/queue_time_named/time:387190,seq:000654,id:000653,src:000021,op:SQL fuzz,pos:0,+cov	0	seed
655	387974	/root/SQLeek/experiment/RQ2/replay/output/sqlaser_mysql827_formal_mysql97_replay_20260713_141356/work/r2/queue_time_named/time:387974,seq:000655,id:000654,src:000022,op:SQL fuzz,pos:0,+cov	0	seed
656	388666	/root/SQLeek/experiment/RQ2/replay/output/sqlaser_mysql827_formal_mysql97_replay_20260713_141356/work/r2/queue_time_named/time:388666,seq:000656,id:000655,src:000022,op:SQL fuzz,pos:0,+cov	0	seed
657	390123	/root/SQLeek/experiment/RQ2/replay/output/sqlaser_mysql827_formal_mysql97_replay_20260713_141356/work/r2/queue_time_named/time:390123,seq:000657,id:000656,src:000022,op:SQL fuzz,pos:0,+cov	0	seed
658	391727	/root/SQLeek/experiment/RQ2/replay/output/sqlaser_mysql827_formal_mysql97_replay_20260713_141356/work/r2/queue_time_named/time:391727,seq:000658,id:000657,src:000022,op:SQL fuzz,pos:0,+cov	0	seed
659	393843	/root/SQLeek/experiment/RQ2/replay/output/sqlaser_mysql827_formal_mysql97_replay_20260713_141356/work/r2/queue_time_named/time:393843,seq:000659,id:000658,src:000022,op:SQL fuzz,pos:0,+cov	0	seed
660	394043	/root/SQLeek/experiment/RQ2/replay/output/sqlaser_mysql827_formal_mysql97_replay_20260713_141356/work/r2/queue_time_named/time:394043,seq:000660,id:000659,src:000022,op:SQL fuzz,pos:0,+cov	0	seed
661	395443	/root/SQLeek/experiment/RQ2/replay/output/sqlaser_mysql827_formal_mysql97_replay_20260713_141356/work/r2/queue_time_named/time:395443,seq:000661,id:000660,src:000022,op:SQL fuzz,pos:0,+cov	0	seed
662	395903	/root/SQLeek/experiment/RQ2/replay/output/sqlaser_mysql827_formal_mysql97_replay_20260713_141356/work/r2/queue_time_named/time:395903,seq:000662,id:000661,src:000022,op:SQL fuzz,pos:0,+cov	0	seed
663	396515	/root/SQLeek/experiment/RQ2/replay/output/sqlaser_mysql827_formal_mysql97_replay_20260713_141356/work/r2/queue_time_named/time:396515,seq:000663,id:000662,src:000022,op:SQL fuzz,pos:0,+cov	0	seed
664	397519	/root/SQLeek/experiment/RQ2/replay/output/sqlaser_mysql827_formal_mysql97_replay_20260713_141356/work/r2/queue_time_named/time:397519,seq:000664,id:000663,src:000022,op:SQL fuzz,pos:0,+cov	0	seed
665	398895	/root/SQLeek/experiment/RQ2/replay/output/sqlaser_mysql827_formal_mysql97_replay_20260713_141356/work/r2/queue_time_named/time:398895,seq:000665,id:000664,src:000022,op:SQL fuzz,pos:0,+cov	0	seed
666	399715	/root/SQLeek/experiment/RQ2/replay/output/sqlaser_mysql827_formal_mysql97_replay_20260713_141356/work/r2/queue_time_named/time:399715,seq:000666,id:000665,src:000022,op:SQL fuzz,pos:0,+cov	0	seed
667	400087	/root/SQLeek/experiment/RQ2/replay/output/sqlaser_mysql827_formal_mysql97_replay_20260713_141356/work/r2/queue_time_named/time:400087,seq:000667,id:000666,src:000022,op:SQL fuzz,pos:0,+cov	0	seed
668	400483	/root/SQLeek/experiment/RQ2/replay/output/sqlaser_mysql827_formal_mysql97_replay_20260713_141356/work/r2/queue_time_named/time:400483,seq:000668,id:000667,src:000022,op:SQL fuzz,pos:0,+cov	0	seed
669	401239	/root/SQLeek/experiment/RQ2/replay/output/sqlaser_mysql827_formal_mysql97_replay_20260713_141356/work/r2/queue_time_named/time:401239,seq:000669,id:000668,src:000022,op:SQL fuzz,pos:0,+cov	0	seed
670	401643	/root/SQLeek/experiment/RQ2/replay/output/sqlaser_mysql827_formal_mysql97_replay_20260713_141356/work/r2/queue_time_named/time:401643,seq:000670,id:000669,src:000022,op:SQL fuzz,pos:0,+cov	0	seed
671	403607	/root/SQLeek/experiment/RQ2/replay/output/sqlaser_mysql827_formal_mysql97_replay_20260713_141356/work/r2/queue_time_named/time:403607,seq:000671,id:000670,src:000023,op:SQL fuzz,pos:0,+cov	0	seed
672	404087	/root/SQLeek/experiment/RQ2/replay/output/sqlaser_mysql827_formal_mysql97_replay_20260713_141356/work/r2/queue_time_named/time:404087,seq:000672,id:000671,src:000023,op:SQL fuzz,pos:0,+cov	0	seed
673	404483	/root/SQLeek/experiment/RQ2/replay/output/sqlaser_mysql827_formal_mysql97_replay_20260713_141356/work/r2/queue_time_named/time:404483,seq:000673,id:000672,src:000023,op:SQL fuzz,pos:0,+cov	0	seed
674	404935	/root/SQLeek/experiment/RQ2/replay/output/sqlaser_mysql827_formal_mysql97_replay_20260713_141356/work/r2/queue_time_named/time:404935,seq:000674,id:000673,src:000023,op:SQL fuzz,pos:0,+cov	0	seed
675	405191	/root/SQLeek/experiment/RQ2/replay/output/sqlaser_mysql827_formal_mysql97_replay_20260713_141356/work/r2/queue_time_named/time:405191,seq:000675,id:000674,src:000023,op:SQL fuzz,pos:0,+cov	0	seed
676	405675	/root/SQLeek/experiment/RQ2/replay/output/sqlaser_mysql827_formal_mysql97_replay_20260713_141356/work/r2/queue_time_named/time:405675,seq:000676,id:000675,src:000023,op:SQL fuzz,pos:0,+cov	0	seed
677	405955	/root/SQLeek/experiment/RQ2/replay/output/sqlaser_mysql827_formal_mysql97_replay_20260713_141356/work/r2/queue_time_named/time:405955,seq:000677,id:000676,src:000023,op:SQL fuzz,pos:0,+cov	0	seed
678	406195	/root/SQLeek/experiment/RQ2/replay/output/sqlaser_mysql827_formal_mysql97_replay_20260713_141356/work/r2/queue_time_named/time:406195,seq:000678,id:000677,src:000023,op:SQL fuzz,pos:0,+cov	0	seed
679	406475	/root/SQLeek/experiment/RQ2/replay/output/sqlaser_mysql827_formal_mysql97_replay_20260713_141356/work/r2/queue_time_named/time:406475,seq:000679,id:000678,src:000023,op:SQL fuzz,pos:0,+cov	0	seed
680	406991	/root/SQLeek/experiment/RQ2/replay/output/sqlaser_mysql827_formal_mysql97_replay_20260713_141356/work/r2/queue_time_named/time:406991,seq:000680,id:000679,src:000023,op:SQL fuzz,pos:0,+cov	0	seed
681	407311	/root/SQLeek/experiment/RQ2/replay/output/sqlaser_mysql827_formal_mysql97_replay_20260713_141356/work/r2/queue_time_named/time:407311,seq:000681,id:000680,src:000023,op:SQL fuzz,pos:0,+cov	0	seed
682	408095	/root/SQLeek/experiment/RQ2/replay/output/sqlaser_mysql827_formal_mysql97_replay_20260713_141356/work/r2/queue_time_named/time:408095,seq:000682,id:000681,src:000023,op:SQL fuzz,pos:0,+cov	0	seed
683	408363	/root/SQLeek/experiment/RQ2/replay/output/sqlaser_mysql827_formal_mysql97_replay_20260713_141356/work/r2/queue_time_named/time:408363,seq:000683,id:000682,src:000023,op:SQL fuzz,pos:0,+cov	0	seed
684	408879	/root/SQLeek/experiment/RQ2/replay/output/sqlaser_mysql827_formal_mysql97_replay_20260713_141356/work/r2/queue_time_named/time:408879,seq:000684,id:000683,src:000023,op:SQL fuzz,pos:0,+cov	0	seed
685	410407	/root/SQLeek/experiment/RQ2/replay/output/sqlaser_mysql827_formal_mysql97_replay_20260713_141356/work/r2/queue_time_named/time:410407,seq:000685,id:000684,src:000023,op:SQL fuzz,pos:0,+cov	0	seed
686	410939	/root/SQLeek/experiment/RQ2/replay/output/sqlaser_mysql827_formal_mysql97_replay_20260713_141356/work/r2/queue_time_named/time:410939,seq:000686,id:000685,src:000023,op:SQL fuzz,pos:0,+cov	0	seed
687	411347	/root/SQLeek/experiment/RQ2/replay/output/sqlaser_mysql827_formal_mysql97_replay_20260713_141356/work/r2/queue_time_named/time:411347,seq:000687,id:000686,src:000023,op:SQL fuzz,pos:0,+cov	0	seed
688	412159	/root/SQLeek/experiment/RQ2/replay/output/sqlaser_mysql827_formal_mysql97_replay_20260713_141356/work/r2/queue_time_named/time:412159,seq:000688,id:000687,src:000023,op:SQL fuzz,pos:0,+cov	0	seed
689	413159	/root/SQLeek/experiment/RQ2/replay/output/sqlaser_mysql827_formal_mysql97_replay_20260713_141356/work/r2/queue_time_named/time:413159,seq:000689,id:000688,src:000023,op:SQL fuzz,pos:0,+cov	0	seed
690	413455	/root/SQLeek/experiment/RQ2/replay/output/sqlaser_mysql827_formal_mysql97_replay_20260713_141356/work/r2/queue_time_named/time:413455,seq:000690,id:000689,src:000023,op:SQL fuzz,pos:0,+cov	0	seed
691	414187	/root/SQLeek/experiment/RQ2/replay/output/sqlaser_mysql827_formal_mysql97_replay_20260713_141356/work/r2/queue_time_named/time:414187,seq:000691,id:000690,src:000023,op:SQL fuzz,pos:0,+cov	0	seed
692	414411	/root/SQLeek/experiment/RQ2/replay/output/sqlaser_mysql827_formal_mysql97_replay_20260713_141356/work/r2/queue_time_named/time:414411,seq:000692,id:000691,src:000023,op:SQL fuzz,pos:0,+cov	0	seed
693	414907	/root/SQLeek/experiment/RQ2/replay/output/sqlaser_mysql827_formal_mysql97_replay_20260713_141356/work/r2/queue_time_named/time:414907,seq:000693,id:000692,src:000023,op:SQL fuzz,pos:0,+cov	0	seed
694	415723	/root/SQLeek/experiment/RQ2/replay/output/sqlaser_mysql827_formal_mysql97_replay_20260713_141356/work/r2/queue_time_named/time:415723,seq:000694,id:000693,src:000023,op:SQL fuzz,pos:0,+cov	0	seed
695	415923	/root/SQLeek/experiment/RQ2/replay/output/sqlaser_mysql827_formal_mysql97_replay_20260713_141356/work/r2/queue_time_named/time:415923,seq:000695,id:000694,src:000024,op:SQL fuzz,pos:0,+cov	0	seed
696	416307	/root/SQLeek/experiment/RQ2/replay/output/sqlaser_mysql827_formal_mysql97_replay_20260713_141356/work/r2/queue_time_named/time:416307,seq:000696,id:000695,src:000024,op:SQL fuzz,pos:0,+cov	0	seed
697	416563	/root/SQLeek/experiment/RQ2/replay/output/sqlaser_mysql827_formal_mysql97_replay_20260713_141356/work/r2/queue_time_named/time:416563,seq:000697,id:000696,src:000024,op:SQL fuzz,pos:0,+cov	0	seed
698	416715	/root/SQLeek/experiment/RQ2/replay/output/sqlaser_mysql827_formal_mysql97_replay_20260713_141356/work/r2/queue_time_named/time:416715,seq:000698,id:000697,src:000024,op:SQL fuzz,pos:0,+cov	0	seed
699	416995	/root/SQLeek/experiment/RQ2/replay/output/sqlaser_mysql827_formal_mysql97_replay_20260713_141356/work/r2/queue_time_named/time:416995,seq:000699,id:000698,src:000024,op:SQL fuzz,pos:0,+cov	0	seed
700	418707	/root/SQLeek/experiment/RQ2/replay/output/sqlaser_mysql827_formal_mysql97_replay_20260713_141356/work/r2/queue_time_named/time:418707,seq:000700,id:000699,src:000024,op:SQL fuzz,pos:0,+cov	0	seed
701	418835	/root/SQLeek/experiment/RQ2/replay/output/sqlaser_mysql827_formal_mysql97_replay_20260713_141356/work/r2/queue_time_named/time:418835,seq:000701,id:000700,src:000024,op:SQL fuzz,pos:0,+cov	0	seed
702	419067	/root/SQLeek/experiment/RQ2/replay/output/sqlaser_mysql827_formal_mysql97_replay_20260713_141356/work/r2/queue_time_named/time:419067,seq:000702,id:000701,src:000024,op:SQL fuzz,pos:0,+cov	0	seed
703	419703	/root/SQLeek/experiment/RQ2/replay/output/sqlaser_mysql827_formal_mysql97_replay_20260713_141356/work/r2/queue_time_named/time:419703,seq:000703,id:000702,src:000024,op:SQL fuzz,pos:0,+cov	0	seed
704	420159	/root/SQLeek/experiment/RQ2/replay/output/sqlaser_mysql827_formal_mysql97_replay_20260713_141356/work/r2/queue_time_named/time:420159,seq:000704,id:000703,src:000025,op:SQL fuzz,pos:0,+cov	0	seed
705	421335	/root/SQLeek/experiment/RQ2/replay/output/sqlaser_mysql827_formal_mysql97_replay_20260713_141356/work/r2/queue_time_named/time:421335,seq:000705,id:000704,src:000025,op:SQL fuzz,pos:0,+cov	0	seed
706	422203	/root/SQLeek/experiment/RQ2/replay/output/sqlaser_mysql827_formal_mysql97_replay_20260713_141356/work/r2/queue_time_named/time:422203,seq:000706,id:000705,src:000025,op:SQL fuzz,pos:0,+cov	0	seed
707	422999	/root/SQLeek/experiment/RQ2/replay/output/sqlaser_mysql827_formal_mysql97_replay_20260713_141356/work/r2/queue_time_named/time:422999,seq:000707,id:000706,src:000025,op:SQL fuzz,pos:0,+cov	0	seed
708	423203	/root/SQLeek/experiment/RQ2/replay/output/sqlaser_mysql827_formal_mysql97_replay_20260713_141356/work/r2/queue_time_named/time:423203,seq:000708,id:000707,src:000025,op:SQL fuzz,pos:0,+cov	0	seed
709	423451	/root/SQLeek/experiment/RQ2/replay/output/sqlaser_mysql827_formal_mysql97_replay_20260713_141356/work/r2/queue_time_named/time:423451,seq:000709,id:000708,src:000025,op:SQL fuzz,pos:0,+cov	0	seed
710	423947	/root/SQLeek/experiment/RQ2/replay/output/sqlaser_mysql827_formal_mysql97_replay_20260713_141356/work/r2/queue_time_named/time:423947,seq:000710,id:000709,src:000025,op:SQL fuzz,pos:0,+cov	0	seed
711	424371	/root/SQLeek/experiment/RQ2/replay/output/sqlaser_mysql827_formal_mysql97_replay_20260713_141356/work/r2/queue_time_named/time:424371,seq:000711,id:000710,src:000025,op:SQL fuzz,pos:0,+cov	0	seed
712	425319	/root/SQLeek/experiment/RQ2/replay/output/sqlaser_mysql827_formal_mysql97_replay_20260713_141356/work/r2/queue_time_named/time:425319,seq:000712,id:000711,src:000025,op:SQL fuzz,pos:0,+cov	0	seed
713	425527	/root/SQLeek/experiment/RQ2/replay/output/sqlaser_mysql827_formal_mysql97_replay_20260713_141356/work/r2/queue_time_named/time:425527,seq:000713,id:000712,src:000025,op:SQL fuzz,pos:0,+cov	0	seed
714	425755	/root/SQLeek/experiment/RQ2/replay/output/sqlaser_mysql827_formal_mysql97_replay_20260713_141356/work/r2/queue_time_named/time:425755,seq:000714,id:000713,src:000025,op:SQL fuzz,pos:0,+cov	0	seed
715	426779	/root/SQLeek/experiment/RQ2/replay/output/sqlaser_mysql827_formal_mysql97_replay_20260713_141356/work/r2/queue_time_named/time:426779,seq:000715,id:000714,src:000025,op:SQL fuzz,pos:0,+cov	0	seed
716	427071	/root/SQLeek/experiment/RQ2/replay/output/sqlaser_mysql827_formal_mysql97_replay_20260713_141356/work/r2/queue_time_named/time:427071,seq:000716,id:000715,src:000025,op:SQL fuzz,pos:0,+cov	0	seed
717	427411	/root/SQLeek/experiment/RQ2/replay/output/sqlaser_mysql827_formal_mysql97_replay_20260713_141356/work/r2/queue_time_named/time:427411,seq:000717,id:000716,src:000025,op:SQL fuzz,pos:0,+cov	0	seed
718	428047	/root/SQLeek/experiment/RQ2/replay/output/sqlaser_mysql827_formal_mysql97_replay_20260713_141356/work/r2/queue_time_named/time:428047,seq:000718,id:000717,src:000025,op:SQL fuzz,pos:0,+cov	0	seed
719	428251	/root/SQLeek/experiment/RQ2/replay/output/sqlaser_mysql827_formal_mysql97_replay_20260713_141356/work/r2/queue_time_named/time:428251,seq:000719,id:000718,src:000025,op:SQL fuzz,pos:0,+cov	0	seed
720	429919	/root/SQLeek/experiment/RQ2/replay/output/sqlaser_mysql827_formal_mysql97_replay_20260713_141356/work/r2/queue_time_named/time:429919,seq:000720,id:000719,src:000025,op:SQL fuzz,pos:0,+cov	0	seed
721	432135	/root/SQLeek/experiment/RQ2/replay/output/sqlaser_mysql827_formal_mysql97_replay_20260713_141356/work/r2/queue_time_named/time:432135,seq:000721,id:000720,src:000026,op:SQL fuzz,pos:0,+cov	0	seed
722	434251	/root/SQLeek/experiment/RQ2/replay/output/sqlaser_mysql827_formal_mysql97_replay_20260713_141356/work/r2/queue_time_named/time:434251,seq:000722,id:000721,src:000026,op:SQL fuzz,pos:0,+cov	0	seed
723	435811	/root/SQLeek/experiment/RQ2/replay/output/sqlaser_mysql827_formal_mysql97_replay_20260713_141356/work/r2/queue_time_named/time:435811,seq:000723,id:000722,src:000026,op:SQL fuzz,pos:0,+cov	0	seed
724	439599	/root/SQLeek/experiment/RQ2/replay/output/sqlaser_mysql827_formal_mysql97_replay_20260713_141356/work/r2/queue_time_named/time:439599,seq:000724,id:000723,src:000026,op:SQL fuzz,pos:0,+cov	0	seed
725	440167	/root/SQLeek/experiment/RQ2/replay/output/sqlaser_mysql827_formal_mysql97_replay_20260713_141356/work/r2/queue_time_named/time:440167,seq:000725,id:000724,src:000026,op:SQL fuzz,pos:0,+cov	0	seed
726	440931	/root/SQLeek/experiment/RQ2/replay/output/sqlaser_mysql827_formal_mysql97_replay_20260713_141356/work/r2/queue_time_named/time:440931,seq:000726,id:000725,src:000026,op:SQL fuzz,pos:0,+cov	0	seed
727	441251	/root/SQLeek/experiment/RQ2/replay/output/sqlaser_mysql827_formal_mysql97_replay_20260713_141356/work/r2/queue_time_named/time:441251,seq:000727,id:000726,src:000026,op:SQL fuzz,pos:0,+cov	0	seed
728	441907	/root/SQLeek/experiment/RQ2/replay/output/sqlaser_mysql827_formal_mysql97_replay_20260713_141356/work/r2/queue_time_named/time:441907,seq:000728,id:000727,src:000026,op:SQL fuzz,pos:0,+cov	0	seed
729	442503	/root/SQLeek/experiment/RQ2/replay/output/sqlaser_mysql827_formal_mysql97_replay_20260713_141356/work/r2/queue_time_named/time:442503,seq:000729,id:000728,src:000026,op:SQL fuzz,pos:0,+cov	0	seed
730	443943	/root/SQLeek/experiment/RQ2/replay/output/sqlaser_mysql827_formal_mysql97_replay_20260713_141356/work/r2/queue_time_named/time:443943,seq:000730,id:000729,src:000026,op:SQL fuzz,pos:0,+cov	0	seed
731	446311	/root/SQLeek/experiment/RQ2/replay/output/sqlaser_mysql827_formal_mysql97_replay_20260713_141356/work/r2/queue_time_named/time:446311,seq:000731,id:000730,src:000027,op:SQL fuzz,pos:0,+cov	0	seed
732	447011	/root/SQLeek/experiment/RQ2/replay/output/sqlaser_mysql827_formal_mysql97_replay_20260713_141356/work/r2/queue_time_named/time:447011,seq:000732,id:000731,src:000027,op:SQL fuzz,pos:0,+cov	0	seed
733	447747	/root/SQLeek/experiment/RQ2/replay/output/sqlaser_mysql827_formal_mysql97_replay_20260713_141356/work/r2/queue_time_named/time:447747,seq:000733,id:000732,src:000027,op:SQL fuzz,pos:0,+cov	0	seed
734	448303	/root/SQLeek/experiment/RQ2/replay/output/sqlaser_mysql827_formal_mysql97_replay_20260713_141356/work/r2/queue_time_named/time:448303,seq:000734,id:000733,src:000027,op:SQL fuzz,pos:0,+cov	0	seed
735	448575	/root/SQLeek/experiment/RQ2/replay/output/sqlaser_mysql827_formal_mysql97_replay_20260713_141356/work/r2/queue_time_named/time:448575,seq:000735,id:000734,src:000027,op:SQL fuzz,pos:0,+cov	0	seed
736	448859	/root/SQLeek/experiment/RQ2/replay/output/sqlaser_mysql827_formal_mysql97_replay_20260713_141356/work/r2/queue_time_named/time:448859,seq:000736,id:000735,src:000027,op:SQL fuzz,pos:0,+cov	0	seed
737	449895	/root/SQLeek/experiment/RQ2/replay/output/sqlaser_mysql827_formal_mysql97_replay_20260713_141356/work/r2/queue_time_named/time:449895,seq:000737,id:000736,src:000027,op:SQL fuzz,pos:0,+cov	0	seed
738	450967	/root/SQLeek/experiment/RQ2/replay/output/sqlaser_mysql827_formal_mysql97_replay_20260713_141356/work/r2/queue_time_named/time:450967,seq:000738,id:000737,src:000027,op:SQL fuzz,pos:0,+cov	0	seed
739	451255	/root/SQLeek/experiment/RQ2/replay/output/sqlaser_mysql827_formal_mysql97_replay_20260713_141356/work/r2/queue_time_named/time:451255,seq:000739,id:000738,src:000027,op:SQL fuzz,pos:0,+cov	0	seed
740	454107	/root/SQLeek/experiment/RQ2/replay/output/sqlaser_mysql827_formal_mysql97_replay_20260713_141356/work/r2/queue_time_named/time:454107,seq:000740,id:000739,src:000027,op:SQL fuzz,pos:0,+cov	0	seed
741	454811	/root/SQLeek/experiment/RQ2/replay/output/sqlaser_mysql827_formal_mysql97_replay_20260713_141356/work/r2/queue_time_named/time:454811,seq:000741,id:000740,src:000027,op:SQL fuzz,pos:0,+cov	0	seed
742	455711	/root/SQLeek/experiment/RQ2/replay/output/sqlaser_mysql827_formal_mysql97_replay_20260713_141356/work/r2/queue_time_named/time:455711,seq:000742,id:000741,src:000027,op:SQL fuzz,pos:0,+cov	0	seed
743	455931	/root/SQLeek/experiment/RQ2/replay/output/sqlaser_mysql827_formal_mysql97_replay_20260713_141356/work/r2/queue_time_named/time:455931,seq:000743,id:000742,src:000027,op:SQL fuzz,pos:0,+cov	0	seed
744	457963	/root/SQLeek/experiment/RQ2/replay/output/sqlaser_mysql827_formal_mysql97_replay_20260713_141356/work/r2/queue_time_named/time:457963,seq:000744,id:000743,src:000027,op:SQL fuzz,pos:0,+cov	0	seed
745	458499	/root/SQLeek/experiment/RQ2/replay/output/sqlaser_mysql827_formal_mysql97_replay_20260713_141356/work/r2/queue_time_named/time:458499,seq:000745,id:000744,src:000027,op:SQL fuzz,pos:0,+cov	0	seed
746	459043	/root/SQLeek/experiment/RQ2/replay/output/sqlaser_mysql827_formal_mysql97_replay_20260713_141356/work/r2/queue_time_named/time:459043,seq:000746,id:000745,src:000027,op:SQL fuzz,pos:0,+cov	0	seed
747	459607	/root/SQLeek/experiment/RQ2/replay/output/sqlaser_mysql827_formal_mysql97_replay_20260713_141356/work/r2/queue_time_named/time:459607,seq:000747,id:000746,src:000027,op:SQL fuzz,pos:0,+cov	0	seed
748	459875	/root/SQLeek/experiment/RQ2/replay/output/sqlaser_mysql827_formal_mysql97_replay_20260713_141356/work/r2/queue_time_named/time:459875,seq:000748,id:000747,src:000028,op:SQL fuzz,pos:0,+cov	0	seed
749	460207	/root/SQLeek/experiment/RQ2/replay/output/sqlaser_mysql827_formal_mysql97_replay_20260713_141356/work/r2/queue_time_named/time:460207,seq:000749,id:000748,src:000028,op:SQL fuzz,pos:0,+cov	0	seed
750	460491	/root/SQLeek/experiment/RQ2/replay/output/sqlaser_mysql827_formal_mysql97_replay_20260713_141356/work/r2/queue_time_named/time:460491,seq:000750,id:000749,src:000028,op:SQL fuzz,pos:0,+cov	0	seed
751	461059	/root/SQLeek/experiment/RQ2/replay/output/sqlaser_mysql827_formal_mysql97_replay_20260713_141356/work/r2/queue_time_named/time:461059,seq:000751,id:000750,src:000028,op:SQL fuzz,pos:0,+cov	0	seed
752	462267	/root/SQLeek/experiment/RQ2/replay/output/sqlaser_mysql827_formal_mysql97_replay_20260713_141356/work/r2/queue_time_named/time:462267,seq:000752,id:000751,src:000028,op:SQL fuzz,pos:0,+cov	0	seed
753	462835	/root/SQLeek/experiment/RQ2/replay/output/sqlaser_mysql827_formal_mysql97_replay_20260713_141356/work/r2/queue_time_named/time:462835,seq:000753,id:000752,src:000028,op:SQL fuzz,pos:0,+cov	0	seed
754	463975	/root/SQLeek/experiment/RQ2/replay/output/sqlaser_mysql827_formal_mysql97_replay_20260713_141356/work/r2/queue_time_named/time:463975,seq:000754,id:000753,src:000028,op:SQL fuzz,pos:0,+cov	0	seed
755	464499	/root/SQLeek/experiment/RQ2/replay/output/sqlaser_mysql827_formal_mysql97_replay_20260713_141356/work/r2/queue_time_named/time:464499,seq:000755,id:000754,src:000028,op:SQL fuzz,pos:0,+cov	0	seed
756	465307	/root/SQLeek/experiment/RQ2/replay/output/sqlaser_mysql827_formal_mysql97_replay_20260713_141356/work/r2/queue_time_named/time:465307,seq:000756,id:000755,src:000028,op:SQL fuzz,pos:0,+cov	0	seed
757	465643	/root/SQLeek/experiment/RQ2/replay/output/sqlaser_mysql827_formal_mysql97_replay_20260713_141356/work/r2/queue_time_named/time:465643,seq:000757,id:000756,src:000028,op:SQL fuzz,pos:0,+cov	0	seed
758	465875	/root/SQLeek/experiment/RQ2/replay/output/sqlaser_mysql827_formal_mysql97_replay_20260713_141356/work/r2/queue_time_named/time:465875,seq:000758,id:000757,src:000029,op:SQL fuzz,pos:0,+cov	0	seed
759	466135	/root/SQLeek/experiment/RQ2/replay/output/sqlaser_mysql827_formal_mysql97_replay_20260713_141356/work/r2/queue_time_named/time:466135,seq:000759,id:000758,src:000029,op:SQL fuzz,pos:0,+cov	0	seed
760	466395	/root/SQLeek/experiment/RQ2/replay/output/sqlaser_mysql827_formal_mysql97_replay_20260713_141356/work/r2/queue_time_named/time:466395,seq:000760,id:000759,src:000029,op:SQL fuzz,pos:0,+cov	0	seed
761	466647	/root/SQLeek/experiment/RQ2/replay/output/sqlaser_mysql827_formal_mysql97_replay_20260713_141356/work/r2/queue_time_named/time:466647,seq:000761,id:000760,src:000029,op:SQL fuzz,pos:0,+cov	0	seed
762	466803	/root/SQLeek/experiment/RQ2/replay/output/sqlaser_mysql827_formal_mysql97_replay_20260713_141356/work/r2/queue_time_named/time:466803,seq:000762,id:000761,src:000029,op:SQL fuzz,pos:0,+cov	0	seed
763	468859	/root/SQLeek/experiment/RQ2/replay/output/sqlaser_mysql827_formal_mysql97_replay_20260713_141356/work/r2/queue_time_named/time:468859,seq:000763,id:000762,src:000029,op:SQL fuzz,pos:0,+cov	0	seed
764	469371	/root/SQLeek/experiment/RQ2/replay/output/sqlaser_mysql827_formal_mysql97_replay_20260713_141356/work/r2/queue_time_named/time:469371,seq:000764,id:000763,src:000029,op:SQL fuzz,pos:0,+cov	0	seed
765	470275	/root/SQLeek/experiment/RQ2/replay/output/sqlaser_mysql827_formal_mysql97_replay_20260713_141356/work/r2/queue_time_named/time:470275,seq:000765,id:000764,src:000029,op:SQL fuzz,pos:0,+cov	0	seed
766	472319	/root/SQLeek/experiment/RQ2/replay/output/sqlaser_mysql827_formal_mysql97_replay_20260713_141356/work/r2/queue_time_named/time:472319,seq:000766,id:000765,src:000029,op:SQL fuzz,pos:0,+cov	0	seed
767	473019	/root/SQLeek/experiment/RQ2/replay/output/sqlaser_mysql827_formal_mysql97_replay_20260713_141356/work/r2/queue_time_named/time:473019,seq:000767,id:000766,src:000029,op:SQL fuzz,pos:0,+cov	0	seed
768	473311	/root/SQLeek/experiment/RQ2/replay/output/sqlaser_mysql827_formal_mysql97_replay_20260713_141356/work/r2/queue_time_named/time:473311,seq:000768,id:000767,src:000029,op:SQL fuzz,pos:0,+cov	0	seed
769	473559	/root/SQLeek/experiment/RQ2/replay/output/sqlaser_mysql827_formal_mysql97_replay_20260713_141356/work/r2/queue_time_named/time:473559,seq:000769,id:000768,src:000029,op:SQL fuzz,pos:0,+cov	0	seed
770	473775	/root/SQLeek/experiment/RQ2/replay/output/sqlaser_mysql827_formal_mysql97_replay_20260713_141356/work/r2/queue_time_named/time:473775,seq:000770,id:000769,src:000029,op:SQL fuzz,pos:0,+cov	0	seed
771	474747	/root/SQLeek/experiment/RQ2/replay/output/sqlaser_mysql827_formal_mysql97_replay_20260713_141356/work/r2/queue_time_named/time:474747,seq:000771,id:000770,src:000029,op:SQL fuzz,pos:0,+cov	0	seed
772	477639	/root/SQLeek/experiment/RQ2/replay/output/sqlaser_mysql827_formal_mysql97_replay_20260713_141356/work/r2/queue_time_named/time:477639,seq:000772,id:000771,src:000029,op:SQL fuzz,pos:0,+cov	0	seed
773	478631	/root/SQLeek/experiment/RQ2/replay/output/sqlaser_mysql827_formal_mysql97_replay_20260713_141356/work/r2/queue_time_named/time:478631,seq:000773,id:000772,src:000029,op:SQL fuzz,pos:0,+cov	0	seed
774	479359	/root/SQLeek/experiment/RQ2/replay/output/sqlaser_mysql827_formal_mysql97_replay_20260713_141356/work/r2/queue_time_named/time:479359,seq:000774,id:000773,src:000029,op:SQL fuzz,pos:0,+cov	0	seed
775	479831	/root/SQLeek/experiment/RQ2/replay/output/sqlaser_mysql827_formal_mysql97_replay_20260713_141356/work/r2/queue_time_named/time:479831,seq:000775,id:000774,src:000029,op:SQL fuzz,pos:0,+cov	0	seed
776	480223	/root/SQLeek/experiment/RQ2/replay/output/sqlaser_mysql827_formal_mysql97_replay_20260713_141356/work/r2/queue_time_named/time:480223,seq:000776,id:000775,src:000029,op:SQL fuzz,pos:0,+cov	0	seed
777	482339	/root/SQLeek/experiment/RQ2/replay/output/sqlaser_mysql827_formal_mysql97_replay_20260713_141356/work/r2/queue_time_named/time:482339,seq:000777,id:000776,src:000029,op:SQL fuzz,pos:0,+cov	0	seed
778	485299	/root/SQLeek/experiment/RQ2/replay/output/sqlaser_mysql827_formal_mysql97_replay_20260713_141356/work/r2/queue_time_named/time:485299,seq:000778,id:000777,src:000029,op:SQL fuzz,pos:0,+cov	0	seed
779	486408	/root/SQLeek/experiment/RQ2/replay/output/sqlaser_mysql827_formal_mysql97_replay_20260713_141356/work/r2/queue_time_named/time:486408,seq:000779,id:000778,src:000029,op:SQL fuzz,pos:0,+cov	0	seed
780	489072	/root/SQLeek/experiment/RQ2/replay/output/sqlaser_mysql827_formal_mysql97_replay_20260713_141356/work/r2/queue_time_named/time:489072,seq:000780,id:000779,src:000029,op:SQL fuzz,pos:0,+cov	0	seed
781	489336	/root/SQLeek/experiment/RQ2/replay/output/sqlaser_mysql827_formal_mysql97_replay_20260713_141356/work/r2/queue_time_named/time:489336,seq:000781,id:000780,src:000029,op:SQL fuzz,pos:0,+cov	0	seed
782	489612	/root/SQLeek/experiment/RQ2/replay/output/sqlaser_mysql827_formal_mysql97_replay_20260713_141356/work/r2/queue_time_named/time:489612,seq:000782,id:000781,src:000030,op:SQL fuzz,pos:0,+cov	0	seed
783	489856	/root/SQLeek/experiment/RQ2/replay/output/sqlaser_mysql827_formal_mysql97_replay_20260713_141356/work/r2/queue_time_named/time:489856,seq:000783,id:000782,src:000030,op:SQL fuzz,pos:0,+cov	0	seed
784	490140	/root/SQLeek/experiment/RQ2/replay/output/sqlaser_mysql827_formal_mysql97_replay_20260713_141356/work/r2/queue_time_named/time:490140,seq:000784,id:000783,src:000030,op:SQL fuzz,pos:0,+cov	0	seed
785	491272	/root/SQLeek/experiment/RQ2/replay/output/sqlaser_mysql827_formal_mysql97_replay_20260713_141356/work/r2/queue_time_named/time:491272,seq:000785,id:000784,src:000030,op:SQL fuzz,pos:0,+cov	0	seed
786	493020	/root/SQLeek/experiment/RQ2/replay/output/sqlaser_mysql827_formal_mysql97_replay_20260713_141356/work/r2/queue_time_named/time:493020,seq:000786,id:000785,src:000030,op:SQL fuzz,pos:0,+cov	0	seed
787	493256	/root/SQLeek/experiment/RQ2/replay/output/sqlaser_mysql827_formal_mysql97_replay_20260713_141356/work/r2/queue_time_named/time:493256,seq:000787,id:000786,src:000030,op:SQL fuzz,pos:0,+cov	0	seed
788	493860	/root/SQLeek/experiment/RQ2/replay/output/sqlaser_mysql827_formal_mysql97_replay_20260713_141356/work/r2/queue_time_named/time:493860,seq:000788,id:000787,src:000030,op:SQL fuzz,pos:0,+cov	0	seed
789	494616	/root/SQLeek/experiment/RQ2/replay/output/sqlaser_mysql827_formal_mysql97_replay_20260713_141356/work/r2/queue_time_named/time:494616,seq:000789,id:000788,src:000030,op:SQL fuzz,pos:0,+cov	0	seed
790	495780	/root/SQLeek/experiment/RQ2/replay/output/sqlaser_mysql827_formal_mysql97_replay_20260713_141356/work/r2/queue_time_named/time:495780,seq:000790,id:000789,src:000030,op:SQL fuzz,pos:0,+cov	0	seed
791	498760	/root/SQLeek/experiment/RQ2/replay/output/sqlaser_mysql827_formal_mysql97_replay_20260713_141356/work/r2/queue_time_named/time:498760,seq:000791,id:000790,src:000030,op:SQL fuzz,pos:0,+cov	0	seed
792	561944	/root/SQLeek/experiment/RQ2/replay/output/sqlaser_mysql827_formal_mysql97_replay_20260713_141356/work/r2/queue_time_named/time:561944,seq:000792,id:000791,src:000030,op:SQL fuzz,pos:0,+cov	0	seed
793	565704	/root/SQLeek/experiment/RQ2/replay/output/sqlaser_mysql827_formal_mysql97_replay_20260713_141356/work/r2/queue_time_named/time:565704,seq:000793,id:000792,src:000030,op:SQL fuzz,pos:0,+cov	0	seed
794	566388	/root/SQLeek/experiment/RQ2/replay/output/sqlaser_mysql827_formal_mysql97_replay_20260713_141356/work/r2/queue_time_named/time:566388,seq:000794,id:000793,src:000030,op:SQL fuzz,pos:0,+cov	0	seed
795	566816	/root/SQLeek/experiment/RQ2/replay/output/sqlaser_mysql827_formal_mysql97_replay_20260713_141356/work/r2/queue_time_named/time:566816,seq:000795,id:000794,src:000030,op:SQL fuzz,pos:0,+cov	0	seed
796	567800	/root/SQLeek/experiment/RQ2/replay/output/sqlaser_mysql827_formal_mysql97_replay_20260713_141356/work/r2/queue_time_named/time:567800,seq:000796,id:000795,src:000030,op:SQL fuzz,pos:0,+cov	0	seed
797	569748	/root/SQLeek/experiment/RQ2/replay/output/sqlaser_mysql827_formal_mysql97_replay_20260713_141356/work/r2/queue_time_named/time:569748,seq:000797,id:000796,src:000030,op:SQL fuzz,pos:0,+cov	0	seed
798	569968	/root/SQLeek/experiment/RQ2/replay/output/sqlaser_mysql827_formal_mysql97_replay_20260713_141356/work/r2/queue_time_named/time:569968,seq:000798,id:000797,src:000030,op:SQL fuzz,pos:0,+cov	0	seed
799	572204	/root/SQLeek/experiment/RQ2/replay/output/sqlaser_mysql827_formal_mysql97_replay_20260713_141356/work/r2/queue_time_named/time:572204,seq:000799,id:000798,src:000031,op:SQL fuzz,pos:0,+cov	0	seed
800	572708	/root/SQLeek/experiment/RQ2/replay/output/sqlaser_mysql827_formal_mysql97_replay_20260713_141356/work/r2/queue_time_named/time:572708,seq:000800,id:000799,src:000031,op:SQL fuzz,pos:0,+cov	0	periodic_restart_ok
801	573704	/root/SQLeek/experiment/RQ2/replay/output/sqlaser_mysql827_formal_mysql97_replay_20260713_141356/work/r2/queue_time_named/time:573704,seq:000801,id:000800,src:000031,op:SQL fuzz,pos:0,+cov	0	seed
802	574172	/root/SQLeek/experiment/RQ2/replay/output/sqlaser_mysql827_formal_mysql97_replay_20260713_141356/work/r2/queue_time_named/time:574172,seq:000802,id:000801,src:000031,op:SQL fuzz,pos:0,+cov	0	seed
803	574476	/root/SQLeek/experiment/RQ2/replay/output/sqlaser_mysql827_formal_mysql97_replay_20260713_141356/work/r2/queue_time_named/time:574476,seq:000803,id:000802,src:000031,op:SQL fuzz,pos:0,+cov	0	seed
804	574716	/root/SQLeek/experiment/RQ2/replay/output/sqlaser_mysql827_formal_mysql97_replay_20260713_141356/work/r2/queue_time_named/time:574716,seq:000804,id:000803,src:000031,op:SQL fuzz,pos:0,+cov	0	seed
805	575364	/root/SQLeek/experiment/RQ2/replay/output/sqlaser_mysql827_formal_mysql97_replay_20260713_141356/work/r2/queue_time_named/time:575364,seq:000805,id:000804,src:000031,op:SQL fuzz,pos:0,+cov	0	seed
806	576164	/root/SQLeek/experiment/RQ2/replay/output/sqlaser_mysql827_formal_mysql97_replay_20260713_141356/work/r2/queue_time_named/time:576164,seq:000806,id:000805,src:000031,op:SQL fuzz,pos:0,+cov	0	seed
807	576884	/root/SQLeek/experiment/RQ2/replay/output/sqlaser_mysql827_formal_mysql97_replay_20260713_141356/work/r2/queue_time_named/time:576884,seq:000807,id:000806,src:000031,op:SQL fuzz,pos:0,+cov	0	seed
808	577144	/root/SQLeek/experiment/RQ2/replay/output/sqlaser_mysql827_formal_mysql97_replay_20260713_141356/work/r2/queue_time_named/time:577144,seq:000808,id:000807,src:000031,op:SQL fuzz,pos:0,+cov	0	seed
809	578032	/root/SQLeek/experiment/RQ2/replay/output/sqlaser_mysql827_formal_mysql97_replay_20260713_141356/work/r2/queue_time_named/time:578032,seq:000809,id:000808,src:000031,op:SQL fuzz,pos:0,+cov	0	seed
810	578280	/root/SQLeek/experiment/RQ2/replay/output/sqlaser_mysql827_formal_mysql97_replay_20260713_141356/work/r2/queue_time_named/time:578280,seq:000810,id:000809,src:000031,op:SQL fuzz,pos:0,+cov	0	seed
811	581832	/root/SQLeek/experiment/RQ2/replay/output/sqlaser_mysql827_formal_mysql97_replay_20260713_141356/work/r2/queue_time_named/time:581832,seq:000811,id:000810,src:000031,op:SQL fuzz,pos:0,+cov	0	seed
812	582188	/root/SQLeek/experiment/RQ2/replay/output/sqlaser_mysql827_formal_mysql97_replay_20260713_141356/work/r2/queue_time_named/time:582188,seq:000812,id:000811,src:000031,op:SQL fuzz,pos:0,+cov	0	seed
813	584428	/root/SQLeek/experiment/RQ2/replay/output/sqlaser_mysql827_formal_mysql97_replay_20260713_141356/work/r2/queue_time_named/time:584428,seq:000813,id:000812,src:000032,op:SQL fuzz,pos:0,+cov	0	seed
814	586356	/root/SQLeek/experiment/RQ2/replay/output/sqlaser_mysql827_formal_mysql97_replay_20260713_141356/work/r2/queue_time_named/time:586356,seq:000814,id:000813,src:000032,op:SQL fuzz,pos:0,+cov	0	seed
815	586504	/root/SQLeek/experiment/RQ2/replay/output/sqlaser_mysql827_formal_mysql97_replay_20260713_141356/work/r2/queue_time_named/time:586504,seq:000815,id:000814,src:000032,op:SQL fuzz,pos:0,+cov	0	seed
816	586972	/root/SQLeek/experiment/RQ2/replay/output/sqlaser_mysql827_formal_mysql97_replay_20260713_141356/work/r2/queue_time_named/time:586972,seq:000816,id:000815,src:000032,op:SQL fuzz,pos:0,+cov	0	seed
817	588000	/root/SQLeek/experiment/RQ2/replay/output/sqlaser_mysql827_formal_mysql97_replay_20260713_141356/work/r2/queue_time_named/time:588000,seq:000817,id:000816,src:000032,op:SQL fuzz,pos:0,+cov	0	seed
818	590004	/root/SQLeek/experiment/RQ2/replay/output/sqlaser_mysql827_formal_mysql97_replay_20260713_141356/work/r2/queue_time_named/time:590004,seq:000818,id:000817,src:000032,op:SQL fuzz,pos:0,+cov	0	seed
819	591168	/root/SQLeek/experiment/RQ2/replay/output/sqlaser_mysql827_formal_mysql97_replay_20260713_141356/work/r2/queue_time_named/time:591168,seq:000819,id:000818,src:000032,op:SQL fuzz,pos:0,+cov	0	seed
820	592201	/root/SQLeek/experiment/RQ2/replay/output/sqlaser_mysql827_formal_mysql97_replay_20260713_141356/work/r2/queue_time_named/time:592201,seq:000820,id:000819,src:000032,op:SQL fuzz,pos:0,+cov	0	seed
821	592465	/root/SQLeek/experiment/RQ2/replay/output/sqlaser_mysql827_formal_mysql97_replay_20260713_141356/work/r2/queue_time_named/time:592465,seq:000821,id:000820,src:000032,op:SQL fuzz,pos:0,+cov	0	seed
822	595693	/root/SQLeek/experiment/RQ2/replay/output/sqlaser_mysql827_formal_mysql97_replay_20260713_141356/work/r2/queue_time_named/time:595693,seq:000822,id:000821,src:000032,op:SQL fuzz,pos:0,+cov	0	seed
823	598421	/root/SQLeek/experiment/RQ2/replay/output/sqlaser_mysql827_formal_mysql97_replay_20260713_141356/work/r2/queue_time_named/time:598421,seq:000823,id:000822,src:000032,op:SQL fuzz,pos:0,+cov	0	seed
824	599021	/root/SQLeek/experiment/RQ2/replay/output/sqlaser_mysql827_formal_mysql97_replay_20260713_141356/work/r2/queue_time_named/time:599021,seq:000824,id:000823,src:000032,op:SQL fuzz,pos:0,+cov	0	seed
825	599785	/root/SQLeek/experiment/RQ2/replay/output/sqlaser_mysql827_formal_mysql97_replay_20260713_141356/work/r2/queue_time_named/time:599785,seq:000825,id:000824,src:000033,op:SQL fuzz,pos:0,+cov	0	seed
826	601453	/root/SQLeek/experiment/RQ2/replay/output/sqlaser_mysql827_formal_mysql97_replay_20260713_141356/work/r2/queue_time_named/time:601453,seq:000826,id:000825,src:000033,op:SQL fuzz,pos:0,+cov	0	seed
827	602505	/root/SQLeek/experiment/RQ2/replay/output/sqlaser_mysql827_formal_mysql97_replay_20260713_141356/work/r2/queue_time_named/time:602505,seq:000827,id:000826,src:000033,op:SQL fuzz,pos:0,+cov	0	seed
828	603741	/root/SQLeek/experiment/RQ2/replay/output/sqlaser_mysql827_formal_mysql97_replay_20260713_141356/work/r2/queue_time_named/time:603741,seq:000828,id:000827,src:000033,op:SQL fuzz,pos:0,+cov	0	seed
829	603941	/root/SQLeek/experiment/RQ2/replay/output/sqlaser_mysql827_formal_mysql97_replay_20260713_141356/work/r2/queue_time_named/time:603941,seq:000829,id:000828,src:000033,op:SQL fuzz,pos:0,+cov	0	seed
830	605401	/root/SQLeek/experiment/RQ2/replay/output/sqlaser_mysql827_formal_mysql97_replay_20260713_141356/work/r2/queue_time_named/time:605401,seq:000830,id:000829,src:000033,op:SQL fuzz,pos:0,+cov	0	seed
831	606153	/root/SQLeek/experiment/RQ2/replay/output/sqlaser_mysql827_formal_mysql97_replay_20260713_141356/work/r2/queue_time_named/time:606153,seq:000831,id:000830,src:000033,op:SQL fuzz,pos:0,+cov	0	seed
832	608533	/root/SQLeek/experiment/RQ2/replay/output/sqlaser_mysql827_formal_mysql97_replay_20260713_141356/work/r2/queue_time_named/time:608533,seq:000832,id:000831,src:000034,op:SQL fuzz,pos:0,+cov	0	seed
833	610157	/root/SQLeek/experiment/RQ2/replay/output/sqlaser_mysql827_formal_mysql97_replay_20260713_141356/work/r2/queue_time_named/time:610157,seq:000833,id:000832,src:000034,op:SQL fuzz,pos:0,+cov	0	seed
834	610569	/root/SQLeek/experiment/RQ2/replay/output/sqlaser_mysql827_formal_mysql97_replay_20260713_141356/work/r2/queue_time_named/time:610569,seq:000834,id:000833,src:000034,op:SQL fuzz,pos:0,+cov	0	seed
835	611405	/root/SQLeek/experiment/RQ2/replay/output/sqlaser_mysql827_formal_mysql97_replay_20260713_141356/work/r2/queue_time_named/time:611405,seq:000835,id:000834,src:000034,op:SQL fuzz,pos:0,+cov	0	seed
836	612701	/root/SQLeek/experiment/RQ2/replay/output/sqlaser_mysql827_formal_mysql97_replay_20260713_141356/work/r2/queue_time_named/time:612701,seq:000836,id:000835,src:000034,op:SQL fuzz,pos:0,+cov	0	seed
837	613633	/root/SQLeek/experiment/RQ2/replay/output/sqlaser_mysql827_formal_mysql97_replay_20260713_141356/work/r2/queue_time_named/time:613633,seq:000837,id:000836,src:000034,op:SQL fuzz,pos:0,+cov	0	seed
838	615673	/root/SQLeek/experiment/RQ2/replay/output/sqlaser_mysql827_formal_mysql97_replay_20260713_141356/work/r2/queue_time_named/time:615673,seq:000838,id:000837,src:000035,op:SQL fuzz,pos:0,+cov	0	seed
839	615869	/root/SQLeek/experiment/RQ2/replay/output/sqlaser_mysql827_formal_mysql97_replay_20260713_141356/work/r2/queue_time_named/time:615869,seq:000839,id:000838,src:000035,op:SQL fuzz,pos:0,+cov	0	seed
840	616105	/root/SQLeek/experiment/RQ2/replay/output/sqlaser_mysql827_formal_mysql97_replay_20260713_141356/work/r2/queue_time_named/time:616105,seq:000840,id:000839,src:000035,op:SQL fuzz,pos:0,+cov	0	seed
841	616369	/root/SQLeek/experiment/RQ2/replay/output/sqlaser_mysql827_formal_mysql97_replay_20260713_141356/work/r2/queue_time_named/time:616369,seq:000841,id:000840,src:000035,op:SQL fuzz,pos:0,+cov	0	seed
842	617141	/root/SQLeek/experiment/RQ2/replay/output/sqlaser_mysql827_formal_mysql97_replay_20260713_141356/work/r2/queue_time_named/time:617141,seq:000842,id:000841,src:000035,op:SQL fuzz,pos:0,+cov	0	seed
843	617333	/root/SQLeek/experiment/RQ2/replay/output/sqlaser_mysql827_formal_mysql97_replay_20260713_141356/work/r2/queue_time_named/time:617333,seq:000843,id:000842,src:000035,op:SQL fuzz,pos:0,+cov	0	seed
844	617489	/root/SQLeek/experiment/RQ2/replay/output/sqlaser_mysql827_formal_mysql97_replay_20260713_141356/work/r2/queue_time_named/time:617489,seq:000844,id:000843,src:000035,op:SQL fuzz,pos:0,+cov	0	seed
845	617673	/root/SQLeek/experiment/RQ2/replay/output/sqlaser_mysql827_formal_mysql97_replay_20260713_141356/work/r2/queue_time_named/time:617673,seq:000845,id:000844,src:000035,op:SQL fuzz,pos:0,+cov	0	seed
846	618173	/root/SQLeek/experiment/RQ2/replay/output/sqlaser_mysql827_formal_mysql97_replay_20260713_141356/work/r2/queue_time_named/time:618173,seq:000846,id:000845,src:000035,op:SQL fuzz,pos:0,+cov	0	seed
847	619765	/root/SQLeek/experiment/RQ2/replay/output/sqlaser_mysql827_formal_mysql97_replay_20260713_141356/work/r2/queue_time_named/time:619765,seq:000847,id:000846,src:000035,op:SQL fuzz,pos:0,+cov	0	seed
848	620337	/root/SQLeek/experiment/RQ2/replay/output/sqlaser_mysql827_formal_mysql97_replay_20260713_141356/work/r2/queue_time_named/time:620337,seq:000848,id:000847,src:000035,op:SQL fuzz,pos:0,+cov	0	seed
849	625665	/root/SQLeek/experiment/RQ2/replay/output/sqlaser_mysql827_formal_mysql97_replay_20260713_141356/work/r2/queue_time_named/time:625665,seq:000849,id:000848,src:000036,op:SQL fuzz,pos:0,+cov	0	seed
850	626741	/root/SQLeek/experiment/RQ2/replay/output/sqlaser_mysql827_formal_mysql97_replay_20260713_141356/work/r2/queue_time_named/time:626741,seq:000850,id:000849,src:000036,op:SQL fuzz,pos:0,+cov	0	seed
851	626977	/root/SQLeek/experiment/RQ2/replay/output/sqlaser_mysql827_formal_mysql97_replay_20260713_141356/work/r2/queue_time_named/time:626977,seq:000851,id:000850,src:000036,op:SQL fuzz,pos:0,+cov	0	seed
852	627901	/root/SQLeek/experiment/RQ2/replay/output/sqlaser_mysql827_formal_mysql97_replay_20260713_141356/work/r2/queue_time_named/time:627901,seq:000852,id:000851,src:000036,op:SQL fuzz,pos:0,+cov	0	seed
853	628361	/root/SQLeek/experiment/RQ2/replay/output/sqlaser_mysql827_formal_mysql97_replay_20260713_141356/work/r2/queue_time_named/time:628361,seq:000853,id:000852,src:000036,op:SQL fuzz,pos:0,+cov	0	seed
854	631833	/root/SQLeek/experiment/RQ2/replay/output/sqlaser_mysql827_formal_mysql97_replay_20260713_141356/work/r2/queue_time_named/time:631833,seq:000854,id:000853,src:000036,op:SQL fuzz,pos:0,+cov	0	seed
855	633817	/root/SQLeek/experiment/RQ2/replay/output/sqlaser_mysql827_formal_mysql97_replay_20260713_141356/work/r2/queue_time_named/time:633817,seq:000855,id:000854,src:000036,op:SQL fuzz,pos:0,+cov	0	seed
856	634433	/root/SQLeek/experiment/RQ2/replay/output/sqlaser_mysql827_formal_mysql97_replay_20260713_141356/work/r2/queue_time_named/time:634433,seq:000856,id:000855,src:000036,op:SQL fuzz,pos:0,+cov	0	seed
857	636325	/root/SQLeek/experiment/RQ2/replay/output/sqlaser_mysql827_formal_mysql97_replay_20260713_141356/work/r2/queue_time_named/time:636325,seq:000857,id:000856,src:000036,op:SQL fuzz,pos:0,+cov	0	seed
858	637965	/root/SQLeek/experiment/RQ2/replay/output/sqlaser_mysql827_formal_mysql97_replay_20260713_141356/work/r2/queue_time_named/time:637965,seq:000858,id:000857,src:000036,op:SQL fuzz,pos:0,+cov	0	seed
859	638373	/root/SQLeek/experiment/RQ2/replay/output/sqlaser_mysql827_formal_mysql97_replay_20260713_141356/work/r2/queue_time_named/time:638373,seq:000859,id:000858,src:000036,op:SQL fuzz,pos:0,+cov	0	seed
860	639293	/root/SQLeek/experiment/RQ2/replay/output/sqlaser_mysql827_formal_mysql97_replay_20260713_141356/work/r2/queue_time_named/time:639293,seq:000860,id:000859,src:000036,op:SQL fuzz,pos:0,+cov	0	seed
861	641425	/root/SQLeek/experiment/RQ2/replay/output/sqlaser_mysql827_formal_mysql97_replay_20260713_141356/work/r2/queue_time_named/time:641425,seq:000861,id:000860,src:000036,op:SQL fuzz,pos:0,+cov	0	seed
862	643217	/root/SQLeek/experiment/RQ2/replay/output/sqlaser_mysql827_formal_mysql97_replay_20260713_141356/work/r2/queue_time_named/time:643217,seq:000862,id:000861,src:000036,op:SQL fuzz,pos:0,+cov	0	seed
863	643953	/root/SQLeek/experiment/RQ2/replay/output/sqlaser_mysql827_formal_mysql97_replay_20260713_141356/work/r2/queue_time_named/time:643953,seq:000863,id:000862,src:000036,op:SQL fuzz,pos:0,+cov	0	seed
864	644149	/root/SQLeek/experiment/RQ2/replay/output/sqlaser_mysql827_formal_mysql97_replay_20260713_141356/work/r2/queue_time_named/time:644149,seq:000864,id:000863,src:000036,op:SQL fuzz,pos:0,+cov	0	seed
865	646281	/root/SQLeek/experiment/RQ2/replay/output/sqlaser_mysql827_formal_mysql97_replay_20260713_141356/work/r2/queue_time_named/time:646281,seq:000865,id:000864,src:000036,op:SQL fuzz,pos:0,+cov	0	seed
866	647785	/root/SQLeek/experiment/RQ2/replay/output/sqlaser_mysql827_formal_mysql97_replay_20260713_141356/work/r2/queue_time_named/time:647785,seq:000866,id:000865,src:000036,op:SQL fuzz,pos:0,+cov	0	seed
867	648637	/root/SQLeek/experiment/RQ2/replay/output/sqlaser_mysql827_formal_mysql97_replay_20260713_141356/work/r2/queue_time_named/time:648637,seq:000867,id:000866,src:000036,op:SQL fuzz,pos:0,+cov	0	seed
868	649261	/root/SQLeek/experiment/RQ2/replay/output/sqlaser_mysql827_formal_mysql97_replay_20260713_141356/work/r2/queue_time_named/time:649261,seq:000868,id:000867,src:000036,op:SQL fuzz,pos:0,+cov	0	seed
869	649629	/root/SQLeek/experiment/RQ2/replay/output/sqlaser_mysql827_formal_mysql97_replay_20260713_141356/work/r2/queue_time_named/time:649629,seq:000869,id:000868,src:000036,op:SQL fuzz,pos:0,+cov	0	seed
870	649849	/root/SQLeek/experiment/RQ2/replay/output/sqlaser_mysql827_formal_mysql97_replay_20260713_141356/work/r2/queue_time_named/time:649849,seq:000870,id:000869,src:000036,op:SQL fuzz,pos:0,+cov	0	seed
871	650497	/root/SQLeek/experiment/RQ2/replay/output/sqlaser_mysql827_formal_mysql97_replay_20260713_141356/work/r2/queue_time_named/time:650497,seq:000871,id:000870,src:000036,op:SQL fuzz,pos:0,+cov	0	seed
872	651605	/root/SQLeek/experiment/RQ2/replay/output/sqlaser_mysql827_formal_mysql97_replay_20260713_141356/work/r2/queue_time_named/time:651605,seq:000872,id:000871,src:000036,op:SQL fuzz,pos:0,+cov	0	seed
873	652025	/root/SQLeek/experiment/RQ2/replay/output/sqlaser_mysql827_formal_mysql97_replay_20260713_141356/work/r2/queue_time_named/time:652025,seq:000873,id:000872,src:000036,op:SQL fuzz,pos:0,+cov	0	seed
874	654349	/root/SQLeek/experiment/RQ2/replay/output/sqlaser_mysql827_formal_mysql97_replay_20260713_141356/work/r2/queue_time_named/time:654349,seq:000874,id:000873,src:000037,op:SQL fuzz,pos:0,+cov	0	seed
875	656473	/root/SQLeek/experiment/RQ2/replay/output/sqlaser_mysql827_formal_mysql97_replay_20260713_141356/work/r2/queue_time_named/time:656473,seq:000875,id:000874,src:000037,op:SQL fuzz,pos:0,+cov	0	seed
876	658757	/root/SQLeek/experiment/RQ2/replay/output/sqlaser_mysql827_formal_mysql97_replay_20260713_141356/work/r2/queue_time_named/time:658757,seq:000876,id:000875,src:000037,op:SQL fuzz,pos:0,+cov	0	seed
877	660545	/root/SQLeek/experiment/RQ2/replay/output/sqlaser_mysql827_formal_mysql97_replay_20260713_141356/work/r2/queue_time_named/time:660545,seq:000877,id:000876,src:000037,op:SQL fuzz,pos:0,+cov	0	seed
878	661173	/root/SQLeek/experiment/RQ2/replay/output/sqlaser_mysql827_formal_mysql97_replay_20260713_141356/work/r2/queue_time_named/time:661173,seq:000878,id:000877,src:000037,op:SQL fuzz,pos:0,+cov	0	seed
879	663453	/root/SQLeek/experiment/RQ2/replay/output/sqlaser_mysql827_formal_mysql97_replay_20260713_141356/work/r2/queue_time_named/time:663453,seq:000879,id:000878,src:000037,op:SQL fuzz,pos:0,+cov	0	seed
880	667529	/root/SQLeek/experiment/RQ2/replay/output/sqlaser_mysql827_formal_mysql97_replay_20260713_141356/work/r2/queue_time_named/time:667529,seq:000880,id:000879,src:000037,op:SQL fuzz,pos:0,+cov	0	seed
881	669741	/root/SQLeek/experiment/RQ2/replay/output/sqlaser_mysql827_formal_mysql97_replay_20260713_141356/work/r2/queue_time_named/time:669741,seq:000881,id:000880,src:000037,op:SQL fuzz,pos:0,+cov	0	seed
882	671505	/root/SQLeek/experiment/RQ2/replay/output/sqlaser_mysql827_formal_mysql97_replay_20260713_141356/work/r2/queue_time_named/time:671505,seq:000882,id:000881,src:000037,op:SQL fuzz,pos:0,+cov	0	seed
883	671969	/root/SQLeek/experiment/RQ2/replay/output/sqlaser_mysql827_formal_mysql97_replay_20260713_141356/work/r2/queue_time_named/time:671969,seq:000883,id:000882,src:000037,op:SQL fuzz,pos:0,+cov	0	seed
884	673749	/root/SQLeek/experiment/RQ2/replay/output/sqlaser_mysql827_formal_mysql97_replay_20260713_141356/work/r2/queue_time_named/time:673749,seq:000884,id:000883,src:000037,op:SQL fuzz,pos:0,+cov	0	seed
885	678053	/root/SQLeek/experiment/RQ2/replay/output/sqlaser_mysql827_formal_mysql97_replay_20260713_141356/work/r2/queue_time_named/time:678053,seq:000885,id:000884,src:000038,op:SQL fuzz,pos:0,+cov	0	seed
886	678733	/root/SQLeek/experiment/RQ2/replay/output/sqlaser_mysql827_formal_mysql97_replay_20260713_141356/work/r2/queue_time_named/time:678733,seq:000886,id:000885,src:000038,op:SQL fuzz,pos:0,+cov	0	seed
887	681089	/root/SQLeek/experiment/RQ2/replay/output/sqlaser_mysql827_formal_mysql97_replay_20260713_141356/work/r2/queue_time_named/time:681089,seq:000887,id:000886,src:000038,op:SQL fuzz,pos:0,+cov	0	seed
888	681777	/root/SQLeek/experiment/RQ2/replay/output/sqlaser_mysql827_formal_mysql97_replay_20260713_141356/work/r2/queue_time_named/time:681777,seq:000888,id:000887,src:000038,op:SQL fuzz,pos:0,+cov	0	seed
889	683209	/root/SQLeek/experiment/RQ2/replay/output/sqlaser_mysql827_formal_mysql97_replay_20260713_141356/work/r2/queue_time_named/time:683209,seq:000889,id:000888,src:000038,op:SQL fuzz,pos:0,+cov	0	seed
890	689825	/root/SQLeek/experiment/RQ2/replay/output/sqlaser_mysql827_formal_mysql97_replay_20260713_141356/work/r2/queue_time_named/time:689825,seq:000890,id:000889,src:000038,op:SQL fuzz,pos:0,+cov	0	seed
891	691045	/root/SQLeek/experiment/RQ2/replay/output/sqlaser_mysql827_formal_mysql97_replay_20260713_141356/work/r2/queue_time_named/time:691045,seq:000891,id:000890,src:000038,op:SQL fuzz,pos:0,+cov	0	seed
892	691545	/root/SQLeek/experiment/RQ2/replay/output/sqlaser_mysql827_formal_mysql97_replay_20260713_141356/work/r2/queue_time_named/time:691545,seq:000892,id:000891,src:000038,op:SQL fuzz,pos:0,+cov	0	seed
893	694161	/root/SQLeek/experiment/RQ2/replay/output/sqlaser_mysql827_formal_mysql97_replay_20260713_141356/work/r2/queue_time_named/time:694161,seq:000893,id:000892,src:000038,op:SQL fuzz,pos:0,+cov	0	seed
894	695041	/root/SQLeek/experiment/RQ2/replay/output/sqlaser_mysql827_formal_mysql97_replay_20260713_141356/work/r2/queue_time_named/time:695041,seq:000894,id:000893,src:000038,op:SQL fuzz,pos:0,+cov	0	seed
895	695773	/root/SQLeek/experiment/RQ2/replay/output/sqlaser_mysql827_formal_mysql97_replay_20260713_141356/work/r2/queue_time_named/time:695773,seq:000895,id:000894,src:000038,op:SQL fuzz,pos:0,+cov	0	seed
896	697593	/root/SQLeek/experiment/RQ2/replay/output/sqlaser_mysql827_formal_mysql97_replay_20260713_141356/work/r2/queue_time_named/time:697593,seq:000896,id:000895,src:000038,op:SQL fuzz,pos:0,+cov	0	seed
897	698065	/root/SQLeek/experiment/RQ2/replay/output/sqlaser_mysql827_formal_mysql97_replay_20260713_141356/work/r2/queue_time_named/time:698065,seq:000897,id:000896,src:000038,op:SQL fuzz,pos:0,+cov	0	seed
898	698321	/root/SQLeek/experiment/RQ2/replay/output/sqlaser_mysql827_formal_mysql97_replay_20260713_141356/work/r2/queue_time_named/time:698321,seq:000898,id:000897,src:000038,op:SQL fuzz,pos:0,+cov	0	seed
899	700149	/root/SQLeek/experiment/RQ2/replay/output/sqlaser_mysql827_formal_mysql97_replay_20260713_141356/work/r2/queue_time_named/time:700149,seq:000899,id:000898,src:000038,op:SQL fuzz,pos:0,+cov	0	seed
900	705141	/root/SQLeek/experiment/RQ2/replay/output/sqlaser_mysql827_formal_mysql97_replay_20260713_141356/work/r2/queue_time_named/time:705141,seq:000900,id:000899,src:000039,op:SQL fuzz,pos:0,+cov	0	seed
901	705793	/root/SQLeek/experiment/RQ2/replay/output/sqlaser_mysql827_formal_mysql97_replay_20260713_141356/work/r2/queue_time_named/time:705793,seq:000901,id:000900,src:000039,op:SQL fuzz,pos:0,+cov	0	seed
902	706857	/root/SQLeek/experiment/RQ2/replay/output/sqlaser_mysql827_formal_mysql97_replay_20260713_141356/work/r2/queue_time_named/time:706857,seq:000902,id:000901,src:000039,op:SQL fuzz,pos:0,+cov	0	seed
903	709230	/root/SQLeek/experiment/RQ2/replay/output/sqlaser_mysql827_formal_mysql97_replay_20260713_141356/work/r2/queue_time_named/time:709230,seq:000903,id:000902,src:000039,op:SQL fuzz,pos:0,+cov	0	seed
904	710158	/root/SQLeek/experiment/RQ2/replay/output/sqlaser_mysql827_formal_mysql97_replay_20260713_141356/work/r2/queue_time_named/time:710158,seq:000904,id:000903,src:000039,op:SQL fuzz,pos:0,+cov	0	seed
905	711434	/root/SQLeek/experiment/RQ2/replay/output/sqlaser_mysql827_formal_mysql97_replay_20260713_141356/work/r2/queue_time_named/time:711434,seq:000905,id:000904,src:000039,op:SQL fuzz,pos:0,+cov	0	seed
906	713970	/root/SQLeek/experiment/RQ2/replay/output/sqlaser_mysql827_formal_mysql97_replay_20260713_141356/work/r2/queue_time_named/time:713970,seq:000906,id:000905,src:000039,op:SQL fuzz,pos:0,+cov	0	seed
907	714486	/root/SQLeek/experiment/RQ2/replay/output/sqlaser_mysql827_formal_mysql97_replay_20260713_141356/work/r2/queue_time_named/time:714486,seq:000907,id:000906,src:000040,op:SQL fuzz,pos:0,+cov	0	seed
908	715950	/root/SQLeek/experiment/RQ2/replay/output/sqlaser_mysql827_formal_mysql97_replay_20260713_141356/work/r2/queue_time_named/time:715950,seq:000908,id:000907,src:000040,op:SQL fuzz,pos:0,+cov	0	seed
909	717246	/root/SQLeek/experiment/RQ2/replay/output/sqlaser_mysql827_formal_mysql97_replay_20260713_141356/work/r2/queue_time_named/time:717246,seq:000909,id:000908,src:000040,op:SQL fuzz,pos:0,+cov	0	seed
910	717582	/root/SQLeek/experiment/RQ2/replay/output/sqlaser_mysql827_formal_mysql97_replay_20260713_141356/work/r2/queue_time_named/time:717582,seq:000910,id:000909,src:000040,op:SQL fuzz,pos:0,+cov	0	seed
911	718210	/root/SQLeek/experiment/RQ2/replay/output/sqlaser_mysql827_formal_mysql97_replay_20260713_141356/work/r2/queue_time_named/time:718210,seq:000911,id:000910,src:000040,op:SQL fuzz,pos:0,+cov	0	seed
912	719398	/root/SQLeek/experiment/RQ2/replay/output/sqlaser_mysql827_formal_mysql97_replay_20260713_141356/work/r2/queue_time_named/time:719398,seq:000912,id:000911,src:000040,op:SQL fuzz,pos:0,+cov	0	seed
913	719598	/root/SQLeek/experiment/RQ2/replay/output/sqlaser_mysql827_formal_mysql97_replay_20260713_141356/work/r2/queue_time_named/time:719598,seq:000913,id:000912,src:000040,op:SQL fuzz,pos:0,+cov	0	seed
914	721730	/root/SQLeek/experiment/RQ2/replay/output/sqlaser_mysql827_formal_mysql97_replay_20260713_141356/work/r2/queue_time_named/time:721730,seq:000914,id:000913,src:000040,op:SQL fuzz,pos:0,+cov	0	seed
915	722830	/root/SQLeek/experiment/RQ2/replay/output/sqlaser_mysql827_formal_mysql97_replay_20260713_141356/work/r2/queue_time_named/time:722830,seq:000915,id:000914,src:000040,op:SQL fuzz,pos:0,+cov	0	seed
916	723366	/root/SQLeek/experiment/RQ2/replay/output/sqlaser_mysql827_formal_mysql97_replay_20260713_141356/work/r2/queue_time_named/time:723366,seq:000916,id:000915,src:000041,op:SQL fuzz,pos:0,+cov	0	seed
917	723662	/root/SQLeek/experiment/RQ2/replay/output/sqlaser_mysql827_formal_mysql97_replay_20260713_141356/work/r2/queue_time_named/time:723662,seq:000917,id:000916,src:000041,op:SQL fuzz,pos:0,+cov	0	seed
918	723822	/root/SQLeek/experiment/RQ2/replay/output/sqlaser_mysql827_formal_mysql97_replay_20260713_141356/work/r2/queue_time_named/time:723822,seq:000918,id:000917,src:000041,op:SQL fuzz,pos:0,+cov	0	seed
919	724302	/root/SQLeek/experiment/RQ2/replay/output/sqlaser_mysql827_formal_mysql97_replay_20260713_141356/work/r2/queue_time_named/time:724302,seq:000919,id:000918,src:000041,op:SQL fuzz,pos:0,+cov	0	seed
920	725430	/root/SQLeek/experiment/RQ2/replay/output/sqlaser_mysql827_formal_mysql97_replay_20260713_141356/work/r2/queue_time_named/time:725430,seq:000920,id:000919,src:000041,op:SQL fuzz,pos:0,+cov	0	seed
921	726306	/root/SQLeek/experiment/RQ2/replay/output/sqlaser_mysql827_formal_mysql97_replay_20260713_141356/work/r2/queue_time_named/time:726306,seq:000921,id:000920,src:000041,op:SQL fuzz,pos:0,+cov	0	seed
922	726838	/root/SQLeek/experiment/RQ2/replay/output/sqlaser_mysql827_formal_mysql97_replay_20260713_141356/work/r2/queue_time_named/time:726838,seq:000922,id:000921,src:000041,op:SQL fuzz,pos:0,+cov	0	seed
923	727158	/root/SQLeek/experiment/RQ2/replay/output/sqlaser_mysql827_formal_mysql97_replay_20260713_141356/work/r2/queue_time_named/time:727158,seq:000923,id:000922,src:000041,op:SQL fuzz,pos:0,+cov	0	seed
924	729278	/root/SQLeek/experiment/RQ2/replay/output/sqlaser_mysql827_formal_mysql97_replay_20260713_141356/work/r2/queue_time_named/time:729278,seq:000924,id:000923,src:000041,op:SQL fuzz,pos:0,+cov	0	seed
925	731962	/root/SQLeek/experiment/RQ2/replay/output/sqlaser_mysql827_formal_mysql97_replay_20260713_141356/work/r2/queue_time_named/time:731962,seq:000925,id:000924,src:000041,op:SQL fuzz,pos:0,+cov	0	seed
926	732774	/root/SQLeek/experiment/RQ2/replay/output/sqlaser_mysql827_formal_mysql97_replay_20260713_141356/work/r2/queue_time_named/time:732774,seq:000926,id:000925,src:000041,op:SQL fuzz,pos:0,+cov	0	seed
927	733070	/root/SQLeek/experiment/RQ2/replay/output/sqlaser_mysql827_formal_mysql97_replay_20260713_141356/work/r2/queue_time_named/time:733070,seq:000927,id:000926,src:000041,op:SQL fuzz,pos:0,+cov	0	seed
928	734486	/root/SQLeek/experiment/RQ2/replay/output/sqlaser_mysql827_formal_mysql97_replay_20260713_141356/work/r2/queue_time_named/time:734486,seq:000928,id:000927,src:000041,op:SQL fuzz,pos:0,+cov	0	seed
929	736894	/root/SQLeek/experiment/RQ2/replay/output/sqlaser_mysql827_formal_mysql97_replay_20260713_141356/work/r2/queue_time_named/time:736894,seq:000929,id:000928,src:000041,op:SQL fuzz,pos:0,+cov	0	seed
930	737438	/root/SQLeek/experiment/RQ2/replay/output/sqlaser_mysql827_formal_mysql97_replay_20260713_141356/work/r2/queue_time_named/time:737438,seq:000930,id:000929,src:000041,op:SQL fuzz,pos:0,+cov	0	seed
931	738810	/root/SQLeek/experiment/RQ2/replay/output/sqlaser_mysql827_formal_mysql97_replay_20260713_141356/work/r2/queue_time_named/time:738810,seq:000931,id:000930,src:000041,op:SQL fuzz,pos:0,+cov	0	seed
932	739362	/root/SQLeek/experiment/RQ2/replay/output/sqlaser_mysql827_formal_mysql97_replay_20260713_141356/work/r2/queue_time_named/time:739362,seq:000932,id:000931,src:000041,op:SQL fuzz,pos:0,+cov	0	seed
933	739546	/root/SQLeek/experiment/RQ2/replay/output/sqlaser_mysql827_formal_mysql97_replay_20260713_141356/work/r2/queue_time_named/time:739546,seq:000933,id:000932,src:000041,op:SQL fuzz,pos:0,+cov	0	seed
934	740514	/root/SQLeek/experiment/RQ2/replay/output/sqlaser_mysql827_formal_mysql97_replay_20260713_141356/work/r2/queue_time_named/time:740514,seq:000934,id:000933,src:000042,op:SQL fuzz,pos:0,+cov	0	seed
935	744138	/root/SQLeek/experiment/RQ2/replay/output/sqlaser_mysql827_formal_mysql97_replay_20260713_141356/work/r2/queue_time_named/time:744138,seq:000935,id:000934,src:000042,op:SQL fuzz,pos:0,+cov	0	seed
936	745542	/root/SQLeek/experiment/RQ2/replay/output/sqlaser_mysql827_formal_mysql97_replay_20260713_141356/work/r2/queue_time_named/time:745542,seq:000936,id:000935,src:000042,op:SQL fuzz,pos:0,+cov	0	seed
937	749734	/root/SQLeek/experiment/RQ2/replay/output/sqlaser_mysql827_formal_mysql97_replay_20260713_141356/work/r2/queue_time_named/time:749734,seq:000937,id:000936,src:000042,op:SQL fuzz,pos:0,+cov	0	seed
938	750426	/root/SQLeek/experiment/RQ2/replay/output/sqlaser_mysql827_formal_mysql97_replay_20260713_141356/work/r2/queue_time_named/time:750426,seq:000938,id:000937,src:000042,op:SQL fuzz,pos:0,+cov	0	seed
939	750878	/root/SQLeek/experiment/RQ2/replay/output/sqlaser_mysql827_formal_mysql97_replay_20260713_141356/work/r2/queue_time_named/time:750878,seq:000939,id:000938,src:000042,op:SQL fuzz,pos:0,+cov	0	seed
940	751142	/root/SQLeek/experiment/RQ2/replay/output/sqlaser_mysql827_formal_mysql97_replay_20260713_141356/work/r2/queue_time_named/time:751142,seq:000940,id:000939,src:000042,op:SQL fuzz,pos:0,+cov	0	seed
941	751382	/root/SQLeek/experiment/RQ2/replay/output/sqlaser_mysql827_formal_mysql97_replay_20260713_141356/work/r2/queue_time_named/time:751382,seq:000941,id:000940,src:000043,op:SQL fuzz,pos:0,+cov	0	seed
942	753646	/root/SQLeek/experiment/RQ2/replay/output/sqlaser_mysql827_formal_mysql97_replay_20260713_141356/work/r2/queue_time_named/time:753646,seq:000942,id:000941,src:000043,op:SQL fuzz,pos:0,+cov	0	seed
943	753846	/root/SQLeek/experiment/RQ2/replay/output/sqlaser_mysql827_formal_mysql97_replay_20260713_141356/work/r2/queue_time_named/time:753846,seq:000943,id:000942,src:000043,op:SQL fuzz,pos:0,+cov	0	seed
944	754082	/root/SQLeek/experiment/RQ2/replay/output/sqlaser_mysql827_formal_mysql97_replay_20260713_141356/work/r2/queue_time_named/time:754082,seq:000944,id:000943,src:000043,op:SQL fuzz,pos:0,+cov	0	seed
945	756430	/root/SQLeek/experiment/RQ2/replay/output/sqlaser_mysql827_formal_mysql97_replay_20260713_141356/work/r2/queue_time_named/time:756430,seq:000945,id:000944,src:000043,op:SQL fuzz,pos:0,+cov	0	seed
946	756758	/root/SQLeek/experiment/RQ2/replay/output/sqlaser_mysql827_formal_mysql97_replay_20260713_141356/work/r2/queue_time_named/time:756758,seq:000946,id:000945,src:000043,op:SQL fuzz,pos:0,+cov	0	seed
947	757534	/root/SQLeek/experiment/RQ2/replay/output/sqlaser_mysql827_formal_mysql97_replay_20260713_141356/work/r2/queue_time_named/time:757534,seq:000947,id:000946,src:000043,op:SQL fuzz,pos:0,+cov	0	seed
948	757766	/root/SQLeek/experiment/RQ2/replay/output/sqlaser_mysql827_formal_mysql97_replay_20260713_141356/work/r2/queue_time_named/time:757766,seq:000948,id:000947,src:000043,op:SQL fuzz,pos:0,+cov	0	seed
949	760022	/root/SQLeek/experiment/RQ2/replay/output/sqlaser_mysql827_formal_mysql97_replay_20260713_141356/work/r2/queue_time_named/time:760022,seq:000949,id:000948,src:000043,op:SQL fuzz,pos:0,+cov	0	seed
950	763922	/root/SQLeek/experiment/RQ2/replay/output/sqlaser_mysql827_formal_mysql97_replay_20260713_141356/work/r2/queue_time_named/time:763922,seq:000950,id:000949,src:000043,op:SQL fuzz,pos:0,+cov	0	seed
951	764278	/root/SQLeek/experiment/RQ2/replay/output/sqlaser_mysql827_formal_mysql97_replay_20260713_141356/work/r2/queue_time_named/time:764278,seq:000951,id:000950,src:000043,op:SQL fuzz,pos:0,+cov	0	seed
952	764866	/root/SQLeek/experiment/RQ2/replay/output/sqlaser_mysql827_formal_mysql97_replay_20260713_141356/work/r2/queue_time_named/time:764866,seq:000952,id:000951,src:000043,op:SQL fuzz,pos:0,+cov	0	seed
953	765126	/root/SQLeek/experiment/RQ2/replay/output/sqlaser_mysql827_formal_mysql97_replay_20260713_141356/work/r2/queue_time_named/time:765126,seq:000953,id:000952,src:000043,op:SQL fuzz,pos:0,+cov	0	seed
954	768654	/root/SQLeek/experiment/RQ2/replay/output/sqlaser_mysql827_formal_mysql97_replay_20260713_141356/work/r2/queue_time_named/time:768654,seq:000954,id:000953,src:000044,op:SQL fuzz,pos:0,+cov	0	seed
955	769850	/root/SQLeek/experiment/RQ2/replay/output/sqlaser_mysql827_formal_mysql97_replay_20260713_141356/work/r2/queue_time_named/time:769850,seq:000955,id:000954,src:000044,op:SQL fuzz,pos:0,+cov	0	seed
956	770674	/root/SQLeek/experiment/RQ2/replay/output/sqlaser_mysql827_formal_mysql97_replay_20260713_141356/work/r2/queue_time_named/time:770674,seq:000956,id:000955,src:000044,op:SQL fuzz,pos:0,+cov	0	seed
957	770922	/root/SQLeek/experiment/RQ2/replay/output/sqlaser_mysql827_formal_mysql97_replay_20260713_141356/work/r2/queue_time_named/time:770922,seq:000957,id:000956,src:000044,op:SQL fuzz,pos:0,+cov	0	seed
958	771678	/root/SQLeek/experiment/RQ2/replay/output/sqlaser_mysql827_formal_mysql97_replay_20260713_141356/work/r2/queue_time_named/time:771678,seq:000958,id:000957,src:000044,op:SQL fuzz,pos:0,+cov	0	seed
959	771938	/root/SQLeek/experiment/RQ2/replay/output/sqlaser_mysql827_formal_mysql97_replay_20260713_141356/work/r2/queue_time_named/time:771938,seq:000959,id:000958,src:000044,op:SQL fuzz,pos:0,+cov	0	seed
960	773242	/root/SQLeek/experiment/RQ2/replay/output/sqlaser_mysql827_formal_mysql97_replay_20260713_141356/work/r2/queue_time_named/time:773242,seq:000960,id:000959,src:000044,op:SQL fuzz,pos:0,+cov	0	seed
961	773770	/root/SQLeek/experiment/RQ2/replay/output/sqlaser_mysql827_formal_mysql97_replay_20260713_141356/work/r2/queue_time_named/time:773770,seq:000961,id:000960,src:000044,op:SQL fuzz,pos:0,+cov	0	seed
962	774058	/root/SQLeek/experiment/RQ2/replay/output/sqlaser_mysql827_formal_mysql97_replay_20260713_141356/work/r2/queue_time_named/time:774058,seq:000962,id:000961,src:000044,op:SQL fuzz,pos:0,+cov	0	seed
963	774618	/root/SQLeek/experiment/RQ2/replay/output/sqlaser_mysql827_formal_mysql97_replay_20260713_141356/work/r2/queue_time_named/time:774618,seq:000963,id:000962,src:000044,op:SQL fuzz,pos:0,+cov	0	seed
964	775662	/root/SQLeek/experiment/RQ2/replay/output/sqlaser_mysql827_formal_mysql97_replay_20260713_141356/work/r2/queue_time_named/time:775662,seq:000964,id:000963,src:000044,op:SQL fuzz,pos:0,+cov	0	seed
965	776450	/root/SQLeek/experiment/RQ2/replay/output/sqlaser_mysql827_formal_mysql97_replay_20260713_141356/work/r2/queue_time_named/time:776450,seq:000965,id:000964,src:000044,op:SQL fuzz,pos:0,+cov	0	seed
966	777994	/root/SQLeek/experiment/RQ2/replay/output/sqlaser_mysql827_formal_mysql97_replay_20260713_141356/work/r2/queue_time_named/time:777994,seq:000966,id:000965,src:000044,op:SQL fuzz,pos:0,+cov	0	seed
967	780734	/root/SQLeek/experiment/RQ2/replay/output/sqlaser_mysql827_formal_mysql97_replay_20260713_141356/work/r2/queue_time_named/time:780734,seq:000967,id:000966,src:000045,op:SQL fuzz,pos:0,+cov	0	seed
968	782162	/root/SQLeek/experiment/RQ2/replay/output/sqlaser_mysql827_formal_mysql97_replay_20260713_141356/work/r2/queue_time_named/time:782162,seq:000968,id:000967,src:000045,op:SQL fuzz,pos:0,+cov	0	seed
969	783230	/root/SQLeek/experiment/RQ2/replay/output/sqlaser_mysql827_formal_mysql97_replay_20260713_141356/work/r2/queue_time_named/time:783230,seq:000969,id:000968,src:000045,op:SQL fuzz,pos:0,+cov	0	seed
970	784902	/root/SQLeek/experiment/RQ2/replay/output/sqlaser_mysql827_formal_mysql97_replay_20260713_141356/work/r2/queue_time_named/time:784902,seq:000970,id:000969,src:000045,op:SQL fuzz,pos:0,+cov	0	seed
971	785026	/root/SQLeek/experiment/RQ2/replay/output/sqlaser_mysql827_formal_mysql97_replay_20260713_141356/work/r2/queue_time_named/time:785026,seq:000971,id:000970,src:000045,op:SQL fuzz,pos:0,+cov	0	seed
972	787010	/root/SQLeek/experiment/RQ2/replay/output/sqlaser_mysql827_formal_mysql97_replay_20260713_141356/work/r2/queue_time_named/time:787010,seq:000972,id:000971,src:000045,op:SQL fuzz,pos:0,+cov	0	seed
973	788458	/root/SQLeek/experiment/RQ2/replay/output/sqlaser_mysql827_formal_mysql97_replay_20260713_141356/work/r2/queue_time_named/time:788458,seq:000973,id:000972,src:000046,op:SQL fuzz,pos:0,+cov	0	seed
974	789138	/root/SQLeek/experiment/RQ2/replay/output/sqlaser_mysql827_formal_mysql97_replay_20260713_141356/work/r2/queue_time_named/time:789138,seq:000974,id:000973,src:000046,op:SQL fuzz,pos:0,+cov	0	seed
975	789582	/root/SQLeek/experiment/RQ2/replay/output/sqlaser_mysql827_formal_mysql97_replay_20260713_141356/work/r2/queue_time_named/time:789582,seq:000975,id:000974,src:000046,op:SQL fuzz,pos:0,+cov	0	seed
976	790034	/root/SQLeek/experiment/RQ2/replay/output/sqlaser_mysql827_formal_mysql97_replay_20260713_141356/work/r2/queue_time_named/time:790034,seq:000976,id:000975,src:000046,op:SQL fuzz,pos:0,+cov	0	seed
977	790682	/root/SQLeek/experiment/RQ2/replay/output/sqlaser_mysql827_formal_mysql97_replay_20260713_141356/work/r2/queue_time_named/time:790682,seq:000977,id:000976,src:000046,op:SQL fuzz,pos:0,+cov	0	seed
978	791250	/root/SQLeek/experiment/RQ2/replay/output/sqlaser_mysql827_formal_mysql97_replay_20260713_141356/work/r2/queue_time_named/time:791250,seq:000978,id:000977,src:000046,op:SQL fuzz,pos:0,+cov	0	seed
979	792590	/root/SQLeek/experiment/RQ2/replay/output/sqlaser_mysql827_formal_mysql97_replay_20260713_141356/work/r2/queue_time_named/time:792590,seq:000979,id:000978,src:000046,op:SQL fuzz,pos:0,+cov	0	seed
980	793006	/root/SQLeek/experiment/RQ2/replay/output/sqlaser_mysql827_formal_mysql97_replay_20260713_141356/work/r2/queue_time_named/time:793006,seq:000980,id:000979,src:000046,op:SQL fuzz,pos:0,+cov	0	seed
981	793286	/root/SQLeek/experiment/RQ2/replay/output/sqlaser_mysql827_formal_mysql97_replay_20260713_141356/work/r2/queue_time_named/time:793286,seq:000981,id:000980,src:000046,op:SQL fuzz,pos:0,+cov	0	seed
982	793754	/root/SQLeek/experiment/RQ2/replay/output/sqlaser_mysql827_formal_mysql97_replay_20260713_141356/work/r2/queue_time_named/time:793754,seq:000982,id:000981,src:000046,op:SQL fuzz,pos:0,+cov	0	seed
983	794010	/root/SQLeek/experiment/RQ2/replay/output/sqlaser_mysql827_formal_mysql97_replay_20260713_141356/work/r2/queue_time_named/time:794010,seq:000983,id:000982,src:000046,op:SQL fuzz,pos:0,+cov	0	seed
984	795566	/root/SQLeek/experiment/RQ2/replay/output/sqlaser_mysql827_formal_mysql97_replay_20260713_141356/work/r2/queue_time_named/time:795566,seq:000984,id:000983,src:000046,op:SQL fuzz,pos:0,+cov	0	seed
985	795946	/root/SQLeek/experiment/RQ2/replay/output/sqlaser_mysql827_formal_mysql97_replay_20260713_141356/work/r2/queue_time_named/time:795946,seq:000985,id:000984,src:000046,op:SQL fuzz,pos:0,+cov	0	seed
986	796438	/root/SQLeek/experiment/RQ2/replay/output/sqlaser_mysql827_formal_mysql97_replay_20260713_141356/work/r2/queue_time_named/time:796438,seq:000986,id:000985,src:000046,op:SQL fuzz,pos:0,+cov	0	seed
987	799150	/root/SQLeek/experiment/RQ2/replay/output/sqlaser_mysql827_formal_mysql97_replay_20260713_141356/work/r2/queue_time_named/time:799150,seq:000987,id:000986,src:000046,op:SQL fuzz,pos:0,+cov	0	seed
988	800254	/root/SQLeek/experiment/RQ2/replay/output/sqlaser_mysql827_formal_mysql97_replay_20260713_141356/work/r2/queue_time_named/time:800254,seq:000988,id:000987,src:000046,op:SQL fuzz,pos:0,+cov	0	seed
989	805534	/root/SQLeek/experiment/RQ2/replay/output/sqlaser_mysql827_formal_mysql97_replay_20260713_141356/work/r2/queue_time_named/time:805534,seq:000989,id:000988,src:000046,op:SQL fuzz,pos:0,+cov	0	seed
990	805762	/root/SQLeek/experiment/RQ2/replay/output/sqlaser_mysql827_formal_mysql97_replay_20260713_141356/work/r2/queue_time_named/time:805762,seq:000990,id:000989,src:000046,op:SQL fuzz,pos:0,+cov	0	seed
991	807158	/root/SQLeek/experiment/RQ2/replay/output/sqlaser_mysql827_formal_mysql97_replay_20260713_141356/work/r2/queue_time_named/time:807158,seq:000991,id:000990,src:000046,op:SQL fuzz,pos:0,+cov	0	seed
992	807574	/root/SQLeek/experiment/RQ2/replay/output/sqlaser_mysql827_formal_mysql97_replay_20260713_141356/work/r2/queue_time_named/time:807574,seq:000992,id:000991,src:000046,op:SQL fuzz,pos:0,+cov	0	seed
993	808678	/root/SQLeek/experiment/RQ2/replay/output/sqlaser_mysql827_formal_mysql97_replay_20260713_141356/work/r2/queue_time_named/time:808678,seq:000993,id:000992,src:000047,op:SQL fuzz,pos:0,+cov	0	seed
994	812930	/root/SQLeek/experiment/RQ2/replay/output/sqlaser_mysql827_formal_mysql97_replay_20260713_141356/work/r2/queue_time_named/time:812930,seq:000994,id:000993,src:000047,op:SQL fuzz,pos:0,+cov	0	seed
995	814802	/root/SQLeek/experiment/RQ2/replay/output/sqlaser_mysql827_formal_mysql97_replay_20260713_141356/work/r2/queue_time_named/time:814802,seq:000995,id:000994,src:000047,op:SQL fuzz,pos:0,+cov	0	seed
996	815610	/root/SQLeek/experiment/RQ2/replay/output/sqlaser_mysql827_formal_mysql97_replay_20260713_141356/work/r2/queue_time_named/time:815610,seq:000996,id:000995,src:000047,op:SQL fuzz,pos:0,+cov	0	seed
997	816194	/root/SQLeek/experiment/RQ2/replay/output/sqlaser_mysql827_formal_mysql97_replay_20260713_141356/work/r2/queue_time_named/time:816194,seq:000997,id:000996,src:000047,op:SQL fuzz,pos:0,+cov	0	seed
998	816762	/root/SQLeek/experiment/RQ2/replay/output/sqlaser_mysql827_formal_mysql97_replay_20260713_141356/work/r2/queue_time_named/time:816762,seq:000998,id:000997,src:000047,op:SQL fuzz,pos:0,+cov	0	seed
999	819450	/root/SQLeek/experiment/RQ2/replay/output/sqlaser_mysql827_formal_mysql97_replay_20260713_141356/work/r2/queue_time_named/time:819450,seq:000999,id:000998,src:000047,op:SQL fuzz,pos:0,+cov	0	seed
1000	820242	/root/SQLeek/experiment/RQ2/replay/output/sqlaser_mysql827_formal_mysql97_replay_20260713_141356/work/r2/queue_time_named/time:820242,seq:001000,id:000999,src:000048,op:SQL fuzz,pos:0,+cov	0	periodic_restart_ok
1001	821106	/root/SQLeek/experiment/RQ2/replay/output/sqlaser_mysql827_formal_mysql97_replay_20260713_141356/work/r2/queue_time_named/time:821106,seq:001001,id:001000,src:000048,op:SQL fuzz,pos:0,+cov	0	seed
1002	822046	/root/SQLeek/experiment/RQ2/replay/output/sqlaser_mysql827_formal_mysql97_replay_20260713_141356/work/r2/queue_time_named/time:822046,seq:001002,id:001001,src:000048,op:SQL fuzz,pos:0,+cov	0	seed
1003	822814	/root/SQLeek/experiment/RQ2/replay/output/sqlaser_mysql827_formal_mysql97_replay_20260713_141356/work/r2/queue_time_named/time:822814,seq:001003,id:001002,src:000048,op:SQL fuzz,pos:0,+cov	0	seed
1004	823254	/root/SQLeek/experiment/RQ2/replay/output/sqlaser_mysql827_formal_mysql97_replay_20260713_141356/work/r2/queue_time_named/time:823254,seq:001004,id:001003,src:000048,op:SQL fuzz,pos:0,+cov	0	seed
1005	824622	/root/SQLeek/experiment/RQ2/replay/output/sqlaser_mysql827_formal_mysql97_replay_20260713_141356/work/r2/queue_time_named/time:824622,seq:001005,id:001004,src:000048,op:SQL fuzz,pos:0,+cov	0	seed
1006	826434	/root/SQLeek/experiment/RQ2/replay/output/sqlaser_mysql827_formal_mysql97_replay_20260713_141356/work/r2/queue_time_named/time:826434,seq:001006,id:001005,src:000049,op:SQL fuzz,pos:0,+cov	0	seed
1007	827058	/root/SQLeek/experiment/RQ2/replay/output/sqlaser_mysql827_formal_mysql97_replay_20260713_141356/work/r2/queue_time_named/time:827058,seq:001007,id:001006,src:000049,op:SQL fuzz,pos:0,+cov	0	seed
1008	828670	/root/SQLeek/experiment/RQ2/replay/output/sqlaser_mysql827_formal_mysql97_replay_20260713_141356/work/r2/queue_time_named/time:828670,seq:001008,id:001007,src:000049,op:SQL fuzz,pos:0,+cov	0	seed
1009	831822	/root/SQLeek/experiment/RQ2/replay/output/sqlaser_mysql827_formal_mysql97_replay_20260713_141356/work/r2/queue_time_named/time:831822,seq:001009,id:001008,src:000049,op:SQL fuzz,pos:0,+cov	0	seed
1010	837135	/root/SQLeek/experiment/RQ2/replay/output/sqlaser_mysql827_formal_mysql97_replay_20260713_141356/work/r2/queue_time_named/time:837135,seq:001010,id:001009,src:000049,op:SQL fuzz,pos:0,+cov	0	seed
1011	837323	/root/SQLeek/experiment/RQ2/replay/output/sqlaser_mysql827_formal_mysql97_replay_20260713_141356/work/r2/queue_time_named/time:837323,seq:001011,id:001010,src:000049,op:SQL fuzz,pos:0,+cov	0	seed
1012	837695	/root/SQLeek/experiment/RQ2/replay/output/sqlaser_mysql827_formal_mysql97_replay_20260713_141356/work/r2/queue_time_named/time:837695,seq:001012,id:001011,src:000049,op:SQL fuzz,pos:0,+cov	0	seed
1013	842027	/root/SQLeek/experiment/RQ2/replay/output/sqlaser_mysql827_formal_mysql97_replay_20260713_141356/work/r2/queue_time_named/time:842027,seq:001013,id:001012,src:000049,op:SQL fuzz,pos:0,+cov	0	seed
1014	844603	/root/SQLeek/experiment/RQ2/replay/output/sqlaser_mysql827_formal_mysql97_replay_20260713_141356/work/r2/queue_time_named/time:844603,seq:001014,id:001013,src:000050,op:SQL fuzz,pos:0,+cov	0	seed
1015	845755	/root/SQLeek/experiment/RQ2/replay/output/sqlaser_mysql827_formal_mysql97_replay_20260713_141356/work/r2/queue_time_named/time:845755,seq:001015,id:001014,src:000050,op:SQL fuzz,pos:0,+cov	0	seed
1016	846627	/root/SQLeek/experiment/RQ2/replay/output/sqlaser_mysql827_formal_mysql97_replay_20260713_141356/work/r2/queue_time_named/time:846627,seq:001016,id:001015,src:000050,op:SQL fuzz,pos:0,+cov	0	seed
1017	846975	/root/SQLeek/experiment/RQ2/replay/output/sqlaser_mysql827_formal_mysql97_replay_20260713_141356/work/r2/queue_time_named/time:846975,seq:001017,id:001016,src:000050,op:SQL fuzz,pos:0,+cov	0	seed
1018	848415	/root/SQLeek/experiment/RQ2/replay/output/sqlaser_mysql827_formal_mysql97_replay_20260713_141356/work/r2/queue_time_named/time:848415,seq:001018,id:001017,src:000050,op:SQL fuzz,pos:0,+cov	0	seed
1019	852943	/root/SQLeek/experiment/RQ2/replay/output/sqlaser_mysql827_formal_mysql97_replay_20260713_141356/work/r2/queue_time_named/time:852943,seq:001019,id:001018,src:000050,op:SQL fuzz,pos:0,+cov	0	seed
1020	857867	/root/SQLeek/experiment/RQ2/replay/output/sqlaser_mysql827_formal_mysql97_replay_20260713_141356/work/r2/queue_time_named/time:857867,seq:001020,id:001019,src:000050,op:SQL fuzz,pos:0,+cov	0	seed
1021	859239	/root/SQLeek/experiment/RQ2/replay/output/sqlaser_mysql827_formal_mysql97_replay_20260713_141356/work/r2/queue_time_named/time:859239,seq:001021,id:001020,src:000050,op:SQL fuzz,pos:0,+cov	0	seed
1022	864499	/root/SQLeek/experiment/RQ2/replay/output/sqlaser_mysql827_formal_mysql97_replay_20260713_141356/work/r2/queue_time_named/time:864499,seq:001022,id:001021,src:000051,op:SQL fuzz,pos:0,+cov	0	seed
1023	866003	/root/SQLeek/experiment/RQ2/replay/output/sqlaser_mysql827_formal_mysql97_replay_20260713_141356/work/r2/queue_time_named/time:866003,seq:001023,id:001022,src:000051,op:SQL fuzz,pos:0,+cov	0	seed
1024	867395	/root/SQLeek/experiment/RQ2/replay/output/sqlaser_mysql827_formal_mysql97_replay_20260713_141356/work/r2/queue_time_named/time:867395,seq:001024,id:001023,src:000051,op:SQL fuzz,pos:0,+cov	0	seed
1025	868935	/root/SQLeek/experiment/RQ2/replay/output/sqlaser_mysql827_formal_mysql97_replay_20260713_141356/work/r2/queue_time_named/time:868935,seq:001025,id:001024,src:000051,op:SQL fuzz,pos:0,+cov	0	seed
1026	870467	/root/SQLeek/experiment/RQ2/replay/output/sqlaser_mysql827_formal_mysql97_replay_20260713_141356/work/r2/queue_time_named/time:870467,seq:001026,id:001025,src:000051,op:SQL fuzz,pos:0,+cov	0	seed
1027	876315	/root/SQLeek/experiment/RQ2/replay/output/sqlaser_mysql827_formal_mysql97_replay_20260713_141356/work/r2/queue_time_named/time:876315,seq:001027,id:001026,src:000051,op:SQL fuzz,pos:0,+cov	0	seed
1028	880703	/root/SQLeek/experiment/RQ2/replay/output/sqlaser_mysql827_formal_mysql97_replay_20260713_141356/work/r2/queue_time_named/time:880703,seq:001028,id:001027,src:000052,op:SQL fuzz,pos:0,+cov	0	seed
1029	882015	/root/SQLeek/experiment/RQ2/replay/output/sqlaser_mysql827_formal_mysql97_replay_20260713_141356/work/r2/queue_time_named/time:882015,seq:001029,id:001028,src:000052,op:SQL fuzz,pos:0,+cov	0	seed
1030	882711	/root/SQLeek/experiment/RQ2/replay/output/sqlaser_mysql827_formal_mysql97_replay_20260713_141356/work/r2/queue_time_named/time:882711,seq:001030,id:001029,src:000052,op:SQL fuzz,pos:0,+cov	0	seed
1031	882879	/root/SQLeek/experiment/RQ2/replay/output/sqlaser_mysql827_formal_mysql97_replay_20260713_141356/work/r2/queue_time_named/time:882879,seq:001031,id:001030,src:000052,op:SQL fuzz,pos:0,+cov	0	seed
1032	883031	/root/SQLeek/experiment/RQ2/replay/output/sqlaser_mysql827_formal_mysql97_replay_20260713_141356/work/r2/queue_time_named/time:883031,seq:001032,id:001031,src:000052,op:SQL fuzz,pos:0,+cov	0	seed
1033	883167	/root/SQLeek/experiment/RQ2/replay/output/sqlaser_mysql827_formal_mysql97_replay_20260713_141356/work/r2/queue_time_named/time:883167,seq:001033,id:001032,src:000052,op:SQL fuzz,pos:0,+cov	0	seed
1034	883639	/root/SQLeek/experiment/RQ2/replay/output/sqlaser_mysql827_formal_mysql97_replay_20260713_141356/work/r2/queue_time_named/time:883639,seq:001034,id:001033,src:000052,op:SQL fuzz,pos:0,+cov	0	seed
1035	883787	/root/SQLeek/experiment/RQ2/replay/output/sqlaser_mysql827_formal_mysql97_replay_20260713_141356/work/r2/queue_time_named/time:883787,seq:001035,id:001034,src:000052,op:SQL fuzz,pos:0,+cov	0	seed
1036	884723	/root/SQLeek/experiment/RQ2/replay/output/sqlaser_mysql827_formal_mysql97_replay_20260713_141356/work/r2/queue_time_named/time:884723,seq:001036,id:001035,src:000052,op:SQL fuzz,pos:0,+cov	0	seed
1037	885071	/root/SQLeek/experiment/RQ2/replay/output/sqlaser_mysql827_formal_mysql97_replay_20260713_141356/work/r2/queue_time_named/time:885071,seq:001037,id:001036,src:000052,op:SQL fuzz,pos:0,+cov	0	seed
1038	885207	/root/SQLeek/experiment/RQ2/replay/output/sqlaser_mysql827_formal_mysql97_replay_20260713_141356/work/r2/queue_time_named/time:885207,seq:001038,id:001037,src:000052,op:SQL fuzz,pos:0,+cov	0	seed
1039	886583	/root/SQLeek/experiment/RQ2/replay/output/sqlaser_mysql827_formal_mysql97_replay_20260713_141356/work/r2/queue_time_named/time:886583,seq:001039,id:001038,src:000052,op:SQL fuzz,pos:0,+cov	0	seed
1040	886979	/root/SQLeek/experiment/RQ2/replay/output/sqlaser_mysql827_formal_mysql97_replay_20260713_141356/work/r2/queue_time_named/time:886979,seq:001040,id:001039,src:000052,op:SQL fuzz,pos:0,+cov	0	seed
1041	887595	/root/SQLeek/experiment/RQ2/replay/output/sqlaser_mysql827_formal_mysql97_replay_20260713_141356/work/r2/queue_time_named/time:887595,seq:001041,id:001040,src:000053,op:SQL fuzz,pos:0,+cov	0	seed
1042	887807	/root/SQLeek/experiment/RQ2/replay/output/sqlaser_mysql827_formal_mysql97_replay_20260713_141356/work/r2/queue_time_named/time:887807,seq:001042,id:001041,src:000053,op:SQL fuzz,pos:0,+cov	0	seed
1043	888615	/root/SQLeek/experiment/RQ2/replay/output/sqlaser_mysql827_formal_mysql97_replay_20260713_141356/work/r2/queue_time_named/time:888615,seq:001043,id:001042,src:000053,op:SQL fuzz,pos:0,+cov	0	seed
1044	890191	/root/SQLeek/experiment/RQ2/replay/output/sqlaser_mysql827_formal_mysql97_replay_20260713_141356/work/r2/queue_time_named/time:890191,seq:001044,id:001043,src:000053,op:SQL fuzz,pos:0,+cov	0	seed
1045	891175	/root/SQLeek/experiment/RQ2/replay/output/sqlaser_mysql827_formal_mysql97_replay_20260713_141356/work/r2/queue_time_named/time:891175,seq:001045,id:001044,src:000053,op:SQL fuzz,pos:0,+cov	0	seed
1046	891707	/root/SQLeek/experiment/RQ2/replay/output/sqlaser_mysql827_formal_mysql97_replay_20260713_141356/work/r2/queue_time_named/time:891707,seq:001046,id:001045,src:000053,op:SQL fuzz,pos:0,+cov	0	seed
1047	891935	/root/SQLeek/experiment/RQ2/replay/output/sqlaser_mysql827_formal_mysql97_replay_20260713_141356/work/r2/queue_time_named/time:891935,seq:001047,id:001046,src:000053,op:SQL fuzz,pos:0,+cov	0	seed
1048	892247	/root/SQLeek/experiment/RQ2/replay/output/sqlaser_mysql827_formal_mysql97_replay_20260713_141356/work/r2/queue_time_named/time:892247,seq:001048,id:001047,src:000053,op:SQL fuzz,pos:0,+cov	0	seed
1049	892439	/root/SQLeek/experiment/RQ2/replay/output/sqlaser_mysql827_formal_mysql97_replay_20260713_141356/work/r2/queue_time_named/time:892439,seq:001049,id:001048,src:000053,op:SQL fuzz,pos:0,+cov	0	seed
1050	893319	/root/SQLeek/experiment/RQ2/replay/output/sqlaser_mysql827_formal_mysql97_replay_20260713_141356/work/r2/queue_time_named/time:893319,seq:001050,id:001049,src:000053,op:SQL fuzz,pos:0,+cov	0	seed
1051	894599	/root/SQLeek/experiment/RQ2/replay/output/sqlaser_mysql827_formal_mysql97_replay_20260713_141356/work/r2/queue_time_named/time:894599,seq:001051,id:001050,src:000054,op:SQL fuzz,pos:0,+cov	0	seed
1052	897391	/root/SQLeek/experiment/RQ2/replay/output/sqlaser_mysql827_formal_mysql97_replay_20260713_141356/work/r2/queue_time_named/time:897391,seq:001052,id:001051,src:000054,op:SQL fuzz,pos:0,+cov	0	seed
1053	897619	/root/SQLeek/experiment/RQ2/replay/output/sqlaser_mysql827_formal_mysql97_replay_20260713_141356/work/r2/queue_time_named/time:897619,seq:001053,id:001052,src:000054,op:SQL fuzz,pos:0,+cov	0	seed
1054	899235	/root/SQLeek/experiment/RQ2/replay/output/sqlaser_mysql827_formal_mysql97_replay_20260713_141356/work/r2/queue_time_named/time:899235,seq:001054,id:001053,src:000055,op:SQL fuzz,pos:0,+cov	0	seed
1055	900419	/root/SQLeek/experiment/RQ2/replay/output/sqlaser_mysql827_formal_mysql97_replay_20260713_141356/work/r2/queue_time_named/time:900419,seq:001055,id:001054,src:000055,op:SQL fuzz,pos:0,+cov	0	seed
1056	905131	/root/SQLeek/experiment/RQ2/replay/output/sqlaser_mysql827_formal_mysql97_replay_20260713_141356/work/r2/queue_time_named/time:905131,seq:001056,id:001055,src:000056,op:SQL fuzz,pos:0,+cov	0	seed
1057	905311	/root/SQLeek/experiment/RQ2/replay/output/sqlaser_mysql827_formal_mysql97_replay_20260713_141356/work/r2/queue_time_named/time:905311,seq:001057,id:001056,src:000056,op:SQL fuzz,pos:0,+cov	0	seed
1058	906411	/root/SQLeek/experiment/RQ2/replay/output/sqlaser_mysql827_formal_mysql97_replay_20260713_141356/work/r2/queue_time_named/time:906411,seq:001058,id:001057,src:000056,op:SQL fuzz,pos:0,+cov	0	seed
1059	907139	/root/SQLeek/experiment/RQ2/replay/output/sqlaser_mysql827_formal_mysql97_replay_20260713_141356/work/r2/queue_time_named/time:907139,seq:001059,id:001058,src:000056,op:SQL fuzz,pos:0,+cov	0	seed
1060	907235	/root/SQLeek/experiment/RQ2/replay/output/sqlaser_mysql827_formal_mysql97_replay_20260713_141356/work/r2/queue_time_named/time:907235,seq:001060,id:001059,src:000056,op:SQL fuzz,pos:0,+cov	0	seed
1061	907627	/root/SQLeek/experiment/RQ2/replay/output/sqlaser_mysql827_formal_mysql97_replay_20260713_141356/work/r2/queue_time_named/time:907627,seq:001061,id:001060,src:000056,op:SQL fuzz,pos:0,+cov	0	seed
1062	907887	/root/SQLeek/experiment/RQ2/replay/output/sqlaser_mysql827_formal_mysql97_replay_20260713_141356/work/r2/queue_time_named/time:907887,seq:001062,id:001061,src:000056,op:SQL fuzz,pos:0,+cov	0	seed
1063	908939	/root/SQLeek/experiment/RQ2/replay/output/sqlaser_mysql827_formal_mysql97_replay_20260713_141356/work/r2/queue_time_named/time:908939,seq:001063,id:001062,src:000056,op:SQL fuzz,pos:0,+cov	0	seed
1064	910247	/root/SQLeek/experiment/RQ2/replay/output/sqlaser_mysql827_formal_mysql97_replay_20260713_141356/work/r2/queue_time_named/time:910247,seq:001064,id:001063,src:000056,op:SQL fuzz,pos:0,+cov	0	seed
1065	910875	/root/SQLeek/experiment/RQ2/replay/output/sqlaser_mysql827_formal_mysql97_replay_20260713_141356/work/r2/queue_time_named/time:910875,seq:001065,id:001064,src:000056,op:SQL fuzz,pos:0,+cov	0	seed
1066	912287	/root/SQLeek/experiment/RQ2/replay/output/sqlaser_mysql827_formal_mysql97_replay_20260713_141356/work/r2/queue_time_named/time:912287,seq:001066,id:001065,src:000056,op:SQL fuzz,pos:0,+cov	0	seed
1067	912855	/root/SQLeek/experiment/RQ2/replay/output/sqlaser_mysql827_formal_mysql97_replay_20260713_141356/work/r2/queue_time_named/time:912855,seq:001067,id:001066,src:000057,op:SQL fuzz,pos:0,+cov	0	seed
1068	913087	/root/SQLeek/experiment/RQ2/replay/output/sqlaser_mysql827_formal_mysql97_replay_20260713_141356/work/r2/queue_time_named/time:913087,seq:001068,id:001067,src:000057,op:SQL fuzz,pos:0,+cov	0	seed
1069	914027	/root/SQLeek/experiment/RQ2/replay/output/sqlaser_mysql827_formal_mysql97_replay_20260713_141356/work/r2/queue_time_named/time:914027,seq:001069,id:001068,src:000057,op:SQL fuzz,pos:0,+cov	0	seed
1070	914191	/root/SQLeek/experiment/RQ2/replay/output/sqlaser_mysql827_formal_mysql97_replay_20260713_141356/work/r2/queue_time_named/time:914191,seq:001070,id:001069,src:000057,op:SQL fuzz,pos:0,+cov	0	seed
1071	915875	/root/SQLeek/experiment/RQ2/replay/output/sqlaser_mysql827_formal_mysql97_replay_20260713_141356/work/r2/queue_time_named/time:915875,seq:001071,id:001070,src:000057,op:SQL fuzz,pos:0,+cov	0	seed
1072	920115	/root/SQLeek/experiment/RQ2/replay/output/sqlaser_mysql827_formal_mysql97_replay_20260713_141356/work/r2/queue_time_named/time:920115,seq:001072,id:001071,src:000057,op:SQL fuzz,pos:0,+cov	0	seed
1073	920343	/root/SQLeek/experiment/RQ2/replay/output/sqlaser_mysql827_formal_mysql97_replay_20260713_141356/work/r2/queue_time_named/time:920343,seq:001073,id:001072,src:000057,op:SQL fuzz,pos:0,+cov	0	seed
1074	921015	/root/SQLeek/experiment/RQ2/replay/output/sqlaser_mysql827_formal_mysql97_replay_20260713_141356/work/r2/queue_time_named/time:921015,seq:001074,id:001073,src:000057,op:SQL fuzz,pos:0,+cov	0	seed
1075	922991	/root/SQLeek/experiment/RQ2/replay/output/sqlaser_mysql827_formal_mysql97_replay_20260713_141356/work/r2/queue_time_named/time:922991,seq:001075,id:001074,src:000057,op:SQL fuzz,pos:0,+cov	0	seed
1076	923239	/root/SQLeek/experiment/RQ2/replay/output/sqlaser_mysql827_formal_mysql97_replay_20260713_141356/work/r2/queue_time_named/time:923239,seq:001076,id:001075,src:000057,op:SQL fuzz,pos:0,+cov	0	seed
1077	924419	/root/SQLeek/experiment/RQ2/replay/output/sqlaser_mysql827_formal_mysql97_replay_20260713_141356/work/r2/queue_time_named/time:924419,seq:001077,id:001076,src:000057,op:SQL fuzz,pos:0,+cov	0	seed
1078	925819	/root/SQLeek/experiment/RQ2/replay/output/sqlaser_mysql827_formal_mysql97_replay_20260713_141356/work/r2/queue_time_named/time:925819,seq:001078,id:001077,src:000057,op:SQL fuzz,pos:0,+cov	0	seed
1079	926239	/root/SQLeek/experiment/RQ2/replay/output/sqlaser_mysql827_formal_mysql97_replay_20260713_141356/work/r2/queue_time_named/time:926239,seq:001079,id:001078,src:000057,op:SQL fuzz,pos:0,+cov	0	seed
1080	928479	/root/SQLeek/experiment/RQ2/replay/output/sqlaser_mysql827_formal_mysql97_replay_20260713_141356/work/r2/queue_time_named/time:928479,seq:001080,id:001079,src:000057,op:SQL fuzz,pos:0,+cov	0	seed
1081	928959	/root/SQLeek/experiment/RQ2/replay/output/sqlaser_mysql827_formal_mysql97_replay_20260713_141356/work/r2/queue_time_named/time:928959,seq:001081,id:001080,src:000057,op:SQL fuzz,pos:0,+cov	0	seed
1082	929235	/root/SQLeek/experiment/RQ2/replay/output/sqlaser_mysql827_formal_mysql97_replay_20260713_141356/work/r2/queue_time_named/time:929235,seq:001082,id:001081,src:000058,op:SQL fuzz,pos:0,+cov	0	seed
1083	929487	/root/SQLeek/experiment/RQ2/replay/output/sqlaser_mysql827_formal_mysql97_replay_20260713_141356/work/r2/queue_time_named/time:929487,seq:001083,id:001082,src:000058,op:SQL fuzz,pos:0,+cov	0	seed
1084	929631	/root/SQLeek/experiment/RQ2/replay/output/sqlaser_mysql827_formal_mysql97_replay_20260713_141356/work/r2/queue_time_named/time:929631,seq:001084,id:001083,src:000058,op:SQL fuzz,pos:0,+cov	0	seed
1085	930691	/root/SQLeek/experiment/RQ2/replay/output/sqlaser_mysql827_formal_mysql97_replay_20260713_141356/work/r2/queue_time_named/time:930691,seq:001085,id:001084,src:000058,op:SQL fuzz,pos:0,+cov	0	seed
1086	932331	/root/SQLeek/experiment/RQ2/replay/output/sqlaser_mysql827_formal_mysql97_replay_20260713_141356/work/r2/queue_time_named/time:932331,seq:001086,id:001085,src:000058,op:SQL fuzz,pos:0,+cov	0	seed
1087	932615	/root/SQLeek/experiment/RQ2/replay/output/sqlaser_mysql827_formal_mysql97_replay_20260713_141356/work/r2/queue_time_named/time:932615,seq:001087,id:001086,src:000058,op:SQL fuzz,pos:0,+cov	0	seed
1088	932787	/root/SQLeek/experiment/RQ2/replay/output/sqlaser_mysql827_formal_mysql97_replay_20260713_141356/work/r2/queue_time_named/time:932787,seq:001088,id:001087,src:000058,op:SQL fuzz,pos:0,+cov	0	seed
1089	933059	/root/SQLeek/experiment/RQ2/replay/output/sqlaser_mysql827_formal_mysql97_replay_20260713_141356/work/r2/queue_time_named/time:933059,seq:001089,id:001088,src:000058,op:SQL fuzz,pos:0,+cov	0	seed
1090	934031	/root/SQLeek/experiment/RQ2/replay/output/sqlaser_mysql827_formal_mysql97_replay_20260713_141356/work/r2/queue_time_named/time:934031,seq:001090,id:001089,src:000058,op:SQL fuzz,pos:0,+cov	0	seed
1091	936787	/root/SQLeek/experiment/RQ2/replay/output/sqlaser_mysql827_formal_mysql97_replay_20260713_141356/work/r2/queue_time_named/time:936787,seq:001091,id:001090,src:000058,op:SQL fuzz,pos:0,+cov	0	seed
1092	937035	/root/SQLeek/experiment/RQ2/replay/output/sqlaser_mysql827_formal_mysql97_replay_20260713_141356/work/r2/queue_time_named/time:937035,seq:001092,id:001091,src:000058,op:SQL fuzz,pos:0,+cov	0	seed
1093	942395	/root/SQLeek/experiment/RQ2/replay/output/sqlaser_mysql827_formal_mysql97_replay_20260713_141356/work/r2/queue_time_named/time:942395,seq:001093,id:001092,src:000058,op:SQL fuzz,pos:0,+cov	0	seed
1094	942919	/root/SQLeek/experiment/RQ2/replay/output/sqlaser_mysql827_formal_mysql97_replay_20260713_141356/work/r2/queue_time_named/time:942919,seq:001094,id:001093,src:000059,op:SQL fuzz,pos:0,+cov	0	seed
1095	943559	/root/SQLeek/experiment/RQ2/replay/output/sqlaser_mysql827_formal_mysql97_replay_20260713_141356/work/r2/queue_time_named/time:943559,seq:001095,id:001094,src:000059,op:SQL fuzz,pos:0,+cov	0	seed
1096	944183	/root/SQLeek/experiment/RQ2/replay/output/sqlaser_mysql827_formal_mysql97_replay_20260713_141356/work/r2/queue_time_named/time:944183,seq:001096,id:001095,src:000059,op:SQL fuzz,pos:0,+cov	0	seed
1097	944787	/root/SQLeek/experiment/RQ2/replay/output/sqlaser_mysql827_formal_mysql97_replay_20260713_141356/work/r2/queue_time_named/time:944787,seq:001097,id:001096,src:000059,op:SQL fuzz,pos:0,+cov	0	seed
1098	946127	/root/SQLeek/experiment/RQ2/replay/output/sqlaser_mysql827_formal_mysql97_replay_20260713_141356/work/r2/queue_time_named/time:946127,seq:001098,id:001097,src:000059,op:SQL fuzz,pos:0,+cov	0	seed
1099	946763	/root/SQLeek/experiment/RQ2/replay/output/sqlaser_mysql827_formal_mysql97_replay_20260713_141356/work/r2/queue_time_named/time:946763,seq:001099,id:001098,src:000059,op:SQL fuzz,pos:0,+cov	0	seed
1100	947483	/root/SQLeek/experiment/RQ2/replay/output/sqlaser_mysql827_formal_mysql97_replay_20260713_141356/work/r2/queue_time_named/time:947483,seq:001100,id:001099,src:000059,op:SQL fuzz,pos:0,+cov	0	seed
1101	948339	/root/SQLeek/experiment/RQ2/replay/output/sqlaser_mysql827_formal_mysql97_replay_20260713_141356/work/r2/queue_time_named/time:948339,seq:001101,id:001100,src:000059,op:SQL fuzz,pos:0,+cov	0	seed
1102	953727	/root/SQLeek/experiment/RQ2/replay/output/sqlaser_mysql827_formal_mysql97_replay_20260713_141356/work/r2/queue_time_named/time:953727,seq:001102,id:001101,src:000059,op:SQL fuzz,pos:0,+cov	0	seed
1103	954135	/root/SQLeek/experiment/RQ2/replay/output/sqlaser_mysql827_formal_mysql97_replay_20260713_141356/work/r2/queue_time_named/time:954135,seq:001103,id:001102,src:000059,op:SQL fuzz,pos:0,+cov	0	seed
1104	955227	/root/SQLeek/experiment/RQ2/replay/output/sqlaser_mysql827_formal_mysql97_replay_20260713_141356/work/r2/queue_time_named/time:955227,seq:001104,id:001103,src:000059,op:SQL fuzz,pos:0,+cov	0	seed
1105	955611	/root/SQLeek/experiment/RQ2/replay/output/sqlaser_mysql827_formal_mysql97_replay_20260713_141356/work/r2/queue_time_named/time:955611,seq:001105,id:001104,src:000059,op:SQL fuzz,pos:0,+cov	0	seed
1106	956199	/root/SQLeek/experiment/RQ2/replay/output/sqlaser_mysql827_formal_mysql97_replay_20260713_141356/work/r2/queue_time_named/time:956199,seq:001106,id:001105,src:000059,op:SQL fuzz,pos:0,+cov	0	seed
1107	960672	/root/SQLeek/experiment/RQ2/replay/output/sqlaser_mysql827_formal_mysql97_replay_20260713_141356/work/r2/queue_time_named/time:960672,seq:001107,id:001106,src:000059,op:SQL fuzz,pos:0,+cov	0	seed
1108	961860	/root/SQLeek/experiment/RQ2/replay/output/sqlaser_mysql827_formal_mysql97_replay_20260713_141356/work/r2/queue_time_named/time:961860,seq:001108,id:001107,src:000059,op:SQL fuzz,pos:0,+cov	0	seed
1109	962420	/root/SQLeek/experiment/RQ2/replay/output/sqlaser_mysql827_formal_mysql97_replay_20260713_141356/work/r2/queue_time_named/time:962420,seq:001109,id:001108,src:000059,op:SQL fuzz,pos:0,+cov	0	seed
1110	967032	/root/SQLeek/experiment/RQ2/replay/output/sqlaser_mysql827_formal_mysql97_replay_20260713_141356/work/r2/queue_time_named/time:967032,seq:001110,id:001109,src:000060,op:SQL fuzz,pos:0,+cov	0	seed
1111	967448	/root/SQLeek/experiment/RQ2/replay/output/sqlaser_mysql827_formal_mysql97_replay_20260713_141356/work/r2/queue_time_named/time:967448,seq:001111,id:001110,src:000060,op:SQL fuzz,pos:0,+cov	0	seed
1112	968148	/root/SQLeek/experiment/RQ2/replay/output/sqlaser_mysql827_formal_mysql97_replay_20260713_141356/work/r2/queue_time_named/time:968148,seq:001112,id:001111,src:000060,op:SQL fuzz,pos:0,+cov	0	seed
1113	970144	/root/SQLeek/experiment/RQ2/replay/output/sqlaser_mysql827_formal_mysql97_replay_20260713_141356/work/r2/queue_time_named/time:970144,seq:001113,id:001112,src:000060,op:SQL fuzz,pos:0,+cov	0	seed
1114	973388	/root/SQLeek/experiment/RQ2/replay/output/sqlaser_mysql827_formal_mysql97_replay_20260713_141356/work/r2/queue_time_named/time:973388,seq:001114,id:001113,src:000060,op:SQL fuzz,pos:0,+cov	0	seed
1115	974156	/root/SQLeek/experiment/RQ2/replay/output/sqlaser_mysql827_formal_mysql97_replay_20260713_141356/work/r2/queue_time_named/time:974156,seq:001115,id:001114,src:000060,op:SQL fuzz,pos:0,+cov	0	seed
1116	974832	/root/SQLeek/experiment/RQ2/replay/output/sqlaser_mysql827_formal_mysql97_replay_20260713_141356/work/r2/queue_time_named/time:974832,seq:001116,id:001115,src:000060,op:SQL fuzz,pos:0,+cov	0	seed
1117	975416	/root/SQLeek/experiment/RQ2/replay/output/sqlaser_mysql827_formal_mysql97_replay_20260713_141356/work/r2/queue_time_named/time:975416,seq:001117,id:001116,src:000060,op:SQL fuzz,pos:0,+cov	0	seed
1118	975660	/root/SQLeek/experiment/RQ2/replay/output/sqlaser_mysql827_formal_mysql97_replay_20260713_141356/work/r2/queue_time_named/time:975660,seq:001118,id:001117,src:000060,op:SQL fuzz,pos:0,+cov	0	seed
1119	976124	/root/SQLeek/experiment/RQ2/replay/output/sqlaser_mysql827_formal_mysql97_replay_20260713_141356/work/r2/queue_time_named/time:976124,seq:001119,id:001118,src:000060,op:SQL fuzz,pos:0,+cov	0	seed
1120	977304	/root/SQLeek/experiment/RQ2/replay/output/sqlaser_mysql827_formal_mysql97_replay_20260713_141356/work/r2/queue_time_named/time:977304,seq:001120,id:001119,src:000060,op:SQL fuzz,pos:0,+cov	0	seed
1121	978368	/root/SQLeek/experiment/RQ2/replay/output/sqlaser_mysql827_formal_mysql97_replay_20260713_141356/work/r2/queue_time_named/time:978368,seq:001121,id:001120,src:000061,op:SQL fuzz,pos:0,+cov	0	seed
1122	978744	/root/SQLeek/experiment/RQ2/replay/output/sqlaser_mysql827_formal_mysql97_replay_20260713_141356/work/r2/queue_time_named/time:978744,seq:001122,id:001121,src:000061,op:SQL fuzz,pos:0,+cov	0	seed
1123	979372	/root/SQLeek/experiment/RQ2/replay/output/sqlaser_mysql827_formal_mysql97_replay_20260713_141356/work/r2/queue_time_named/time:979372,seq:001123,id:001122,src:000061,op:SQL fuzz,pos:0,+cov	0	seed
1124	979560	/root/SQLeek/experiment/RQ2/replay/output/sqlaser_mysql827_formal_mysql97_replay_20260713_141356/work/r2/queue_time_named/time:979560,seq:001124,id:001123,src:000061,op:SQL fuzz,pos:0,+cov	0	seed
1125	980644	/root/SQLeek/experiment/RQ2/replay/output/sqlaser_mysql827_formal_mysql97_replay_20260713_141356/work/r2/queue_time_named/time:980644,seq:001125,id:001124,src:000061,op:SQL fuzz,pos:0,+cov	0	seed
1126	982124	/root/SQLeek/experiment/RQ2/replay/output/sqlaser_mysql827_formal_mysql97_replay_20260713_141356/work/r2/queue_time_named/time:982124,seq:001126,id:001125,src:000062,op:SQL fuzz,pos:0,+cov	0	seed
1127	982516	/root/SQLeek/experiment/RQ2/replay/output/sqlaser_mysql827_formal_mysql97_replay_20260713_141356/work/r2/queue_time_named/time:982516,seq:001127,id:001126,src:000062,op:SQL fuzz,pos:0,+cov	0	seed
1128	983860	/root/SQLeek/experiment/RQ2/replay/output/sqlaser_mysql827_formal_mysql97_replay_20260713_141356/work/r2/queue_time_named/time:983860,seq:001128,id:001127,src:000062,op:SQL fuzz,pos:0,+cov	0	seed
1129	984204	/root/SQLeek/experiment/RQ2/replay/output/sqlaser_mysql827_formal_mysql97_replay_20260713_141356/work/r2/queue_time_named/time:984204,seq:001129,id:001128,src:000062,op:SQL fuzz,pos:0,+cov	0	seed
1130	987424	/root/SQLeek/experiment/RQ2/replay/output/sqlaser_mysql827_formal_mysql97_replay_20260713_141356/work/r2/queue_time_named/time:987424,seq:001130,id:001129,src:000063,op:SQL fuzz,pos:0,+cov	0	seed
1131	987932	/root/SQLeek/experiment/RQ2/replay/output/sqlaser_mysql827_formal_mysql97_replay_20260713_141356/work/r2/queue_time_named/time:987932,seq:001131,id:001130,src:000063,op:SQL fuzz,pos:0,+cov	0	seed
1132	988200	/root/SQLeek/experiment/RQ2/replay/output/sqlaser_mysql827_formal_mysql97_replay_20260713_141356/work/r2/queue_time_named/time:988200,seq:001132,id:001131,src:000063,op:SQL fuzz,pos:0,+cov	0	seed
1133	988440	/root/SQLeek/experiment/RQ2/replay/output/sqlaser_mysql827_formal_mysql97_replay_20260713_141356/work/r2/queue_time_named/time:988440,seq:001133,id:001132,src:000063,op:SQL fuzz,pos:0,+cov	0	seed
1134	988604	/root/SQLeek/experiment/RQ2/replay/output/sqlaser_mysql827_formal_mysql97_replay_20260713_141356/work/r2/queue_time_named/time:988604,seq:001134,id:001133,src:000063,op:SQL fuzz,pos:0,+cov	0	seed
1135	988952	/root/SQLeek/experiment/RQ2/replay/output/sqlaser_mysql827_formal_mysql97_replay_20260713_141356/work/r2/queue_time_named/time:988952,seq:001135,id:001134,src:000063,op:SQL fuzz,pos:0,+cov	0	seed
1136	989656	/root/SQLeek/experiment/RQ2/replay/output/sqlaser_mysql827_formal_mysql97_replay_20260713_141356/work/r2/queue_time_named/time:989656,seq:001136,id:001135,src:000063,op:SQL fuzz,pos:0,+cov	0	seed
1137	991108	/root/SQLeek/experiment/RQ2/replay/output/sqlaser_mysql827_formal_mysql97_replay_20260713_141356/work/r2/queue_time_named/time:991108,seq:001137,id:001136,src:000063,op:SQL fuzz,pos:0,+cov	0	seed
1138	992008	/root/SQLeek/experiment/RQ2/replay/output/sqlaser_mysql827_formal_mysql97_replay_20260713_141356/work/r2/queue_time_named/time:992008,seq:001138,id:001137,src:000064,op:SQL fuzz,pos:0,+cov	0	seed
1139	992468	/root/SQLeek/experiment/RQ2/replay/output/sqlaser_mysql827_formal_mysql97_replay_20260713_141356/work/r2/queue_time_named/time:992468,seq:001139,id:001138,src:000064,op:SQL fuzz,pos:0,+cov	0	seed
1140	994100	/root/SQLeek/experiment/RQ2/replay/output/sqlaser_mysql827_formal_mysql97_replay_20260713_141356/work/r2/queue_time_named/time:994100,seq:001140,id:001139,src:000064,op:SQL fuzz,pos:0,+cov	0	seed
1141	994868	/root/SQLeek/experiment/RQ2/replay/output/sqlaser_mysql827_formal_mysql97_replay_20260713_141356/work/r2/queue_time_named/time:994868,seq:001141,id:001140,src:000064,op:SQL fuzz,pos:0,+cov	0	seed
1142	995332	/root/SQLeek/experiment/RQ2/replay/output/sqlaser_mysql827_formal_mysql97_replay_20260713_141356/work/r2/queue_time_named/time:995332,seq:001142,id:001141,src:000064,op:SQL fuzz,pos:0,+cov	0	seed
1143	995688	/root/SQLeek/experiment/RQ2/replay/output/sqlaser_mysql827_formal_mysql97_replay_20260713_141356/work/r2/queue_time_named/time:995688,seq:001143,id:001142,src:000064,op:SQL fuzz,pos:0,+cov	0	seed
1144	996088	/root/SQLeek/experiment/RQ2/replay/output/sqlaser_mysql827_formal_mysql97_replay_20260713_141356/work/r2/queue_time_named/time:996088,seq:001144,id:001143,src:000064,op:SQL fuzz,pos:0,+cov	0	seed
1145	996700	/root/SQLeek/experiment/RQ2/replay/output/sqlaser_mysql827_formal_mysql97_replay_20260713_141356/work/r2/queue_time_named/time:996700,seq:001145,id:001144,src:000065,op:SQL fuzz,pos:0,+cov	0	seed
1146	1003600	/root/SQLeek/experiment/RQ2/replay/output/sqlaser_mysql827_formal_mysql97_replay_20260713_141356/work/r2/queue_time_named/time:1003600,seq:001146,id:001145,src:000065,op:SQL fuzz,pos:0,+cov	0	seed
1147	1005496	/root/SQLeek/experiment/RQ2/replay/output/sqlaser_mysql827_formal_mysql97_replay_20260713_141356/work/r2/queue_time_named/time:1005496,seq:001147,id:001146,src:000066,op:SQL fuzz,pos:0,+cov	0	seed
1148	1009456	/root/SQLeek/experiment/RQ2/replay/output/sqlaser_mysql827_formal_mysql97_replay_20260713_141356/work/r2/queue_time_named/time:1009456,seq:001148,id:001147,src:000067,op:SQL fuzz,pos:0,+cov	0	seed
1149	1010140	/root/SQLeek/experiment/RQ2/replay/output/sqlaser_mysql827_formal_mysql97_replay_20260713_141356/work/r2/queue_time_named/time:1010140,seq:001149,id:001148,src:000067,op:SQL fuzz,pos:0,+cov	0	seed
1150	1012624	/root/SQLeek/experiment/RQ2/replay/output/sqlaser_mysql827_formal_mysql97_replay_20260713_141356/work/r2/queue_time_named/time:1012624,seq:001150,id:001149,src:000067,op:SQL fuzz,pos:0,+cov	0	seed
1151	1013236	/root/SQLeek/experiment/RQ2/replay/output/sqlaser_mysql827_formal_mysql97_replay_20260713_141356/work/r2/queue_time_named/time:1013236,seq:001151,id:001150,src:000067,op:SQL fuzz,pos:0,+cov	0	seed
1152	1014292	/root/SQLeek/experiment/RQ2/replay/output/sqlaser_mysql827_formal_mysql97_replay_20260713_141356/work/r2/queue_time_named/time:1014292,seq:001152,id:001151,src:000067,op:SQL fuzz,pos:0,+cov	0	seed
1153	1016408	/root/SQLeek/experiment/RQ2/replay/output/sqlaser_mysql827_formal_mysql97_replay_20260713_141356/work/r2/queue_time_named/time:1016408,seq:001153,id:001152,src:000068,op:SQL fuzz,pos:0,+cov	0	seed
1154	1017668	/root/SQLeek/experiment/RQ2/replay/output/sqlaser_mysql827_formal_mysql97_replay_20260713_141356/work/r2/queue_time_named/time:1017668,seq:001154,id:001153,src:000068,op:SQL fuzz,pos:0,+cov	0	seed
1155	1018416	/root/SQLeek/experiment/RQ2/replay/output/sqlaser_mysql827_formal_mysql97_replay_20260713_141356/work/r2/queue_time_named/time:1018416,seq:001155,id:001154,src:000068,op:SQL fuzz,pos:0,+cov	0	seed
1156	1018728	/root/SQLeek/experiment/RQ2/replay/output/sqlaser_mysql827_formal_mysql97_replay_20260713_141356/work/r2/queue_time_named/time:1018728,seq:001156,id:001155,src:000068,op:SQL fuzz,pos:0,+cov	0	seed
1157	1019516	/root/SQLeek/experiment/RQ2/replay/output/sqlaser_mysql827_formal_mysql97_replay_20260713_141356/work/r2/queue_time_named/time:1019516,seq:001157,id:001156,src:000068,op:SQL fuzz,pos:0,+cov	0	seed
1158	1021972	/root/SQLeek/experiment/RQ2/replay/output/sqlaser_mysql827_formal_mysql97_replay_20260713_141356/work/r2/queue_time_named/time:1021972,seq:001158,id:001157,src:000069,op:SQL fuzz,pos:0,+cov	0	seed
1159	1022192	/root/SQLeek/experiment/RQ2/replay/output/sqlaser_mysql827_formal_mysql97_replay_20260713_141356/work/r2/queue_time_named/time:1022192,seq:001159,id:001158,src:000069,op:SQL fuzz,pos:0,+cov	0	seed
1160	1022724	/root/SQLeek/experiment/RQ2/replay/output/sqlaser_mysql827_formal_mysql97_replay_20260713_141356/work/r2/queue_time_named/time:1022724,seq:001160,id:001159,src:000069,op:SQL fuzz,pos:0,+cov	0	seed
1161	1023608	/root/SQLeek/experiment/RQ2/replay/output/sqlaser_mysql827_formal_mysql97_replay_20260713_141356/work/r2/queue_time_named/time:1023608,seq:001161,id:001160,src:000069,op:SQL fuzz,pos:0,+cov	0	seed
1162	1024772	/root/SQLeek/experiment/RQ2/replay/output/sqlaser_mysql827_formal_mysql97_replay_20260713_141356/work/r2/queue_time_named/time:1024772,seq:001162,id:001161,src:000069,op:SQL fuzz,pos:0,+cov	0	seed
1163	1024940	/root/SQLeek/experiment/RQ2/replay/output/sqlaser_mysql827_formal_mysql97_replay_20260713_141356/work/r2/queue_time_named/time:1024940,seq:001163,id:001162,src:000069,op:SQL fuzz,pos:0,+cov	0	seed
1164	1027728	/root/SQLeek/experiment/RQ2/replay/output/sqlaser_mysql827_formal_mysql97_replay_20260713_141356/work/r2/queue_time_named/time:1027728,seq:001164,id:001163,src:000070,op:SQL fuzz,pos:0,+cov	0	seed
1165	1028156	/root/SQLeek/experiment/RQ2/replay/output/sqlaser_mysql827_formal_mysql97_replay_20260713_141356/work/r2/queue_time_named/time:1028156,seq:001165,id:001164,src:000070,op:SQL fuzz,pos:0,+cov	0	seed
1166	1028644	/root/SQLeek/experiment/RQ2/replay/output/sqlaser_mysql827_formal_mysql97_replay_20260713_141356/work/r2/queue_time_named/time:1028644,seq:001166,id:001165,src:000070,op:SQL fuzz,pos:0,+cov	0	seed
1167	1031340	/root/SQLeek/experiment/RQ2/replay/output/sqlaser_mysql827_formal_mysql97_replay_20260713_141356/work/r2/queue_time_named/time:1031340,seq:001167,id:001166,src:000070,op:SQL fuzz,pos:0,+cov	0	seed
1168	1037796	/root/SQLeek/experiment/RQ2/replay/output/sqlaser_mysql827_formal_mysql97_replay_20260713_141356/work/r2/queue_time_named/time:1037796,seq:001168,id:001167,src:000071,op:SQL fuzz,pos:0,+cov	0	seed
1169	1042945	/root/SQLeek/experiment/RQ2/replay/output/sqlaser_mysql827_formal_mysql97_replay_20260713_141356/work/r2/queue_time_named/time:1042945,seq:001169,id:001168,src:000072,op:SQL fuzz,pos:0,+cov	0	seed
1170	1043725	/root/SQLeek/experiment/RQ2/replay/output/sqlaser_mysql827_formal_mysql97_replay_20260713_141356/work/r2/queue_time_named/time:1043725,seq:001170,id:001169,src:000073,op:SQL fuzz,pos:0,+cov	0	seed
1171	1043925	/root/SQLeek/experiment/RQ2/replay/output/sqlaser_mysql827_formal_mysql97_replay_20260713_141356/work/r2/queue_time_named/time:1043925,seq:001171,id:001170,src:000073,op:SQL fuzz,pos:0,+cov	0	seed
1172	1044365	/root/SQLeek/experiment/RQ2/replay/output/sqlaser_mysql827_formal_mysql97_replay_20260713_141356/work/r2/queue_time_named/time:1044365,seq:001172,id:001171,src:000073,op:SQL fuzz,pos:0,+cov	0	seed
1173	1047157	/root/SQLeek/experiment/RQ2/replay/output/sqlaser_mysql827_formal_mysql97_replay_20260713_141356/work/r2/queue_time_named/time:1047157,seq:001173,id:001172,src:000073,op:SQL fuzz,pos:0,+cov	0	seed
1174	1050925	/root/SQLeek/experiment/RQ2/replay/output/sqlaser_mysql827_formal_mysql97_replay_20260713_141356/work/r2/queue_time_named/time:1050925,seq:001174,id:001173,src:000074,op:SQL fuzz,pos:0,+cov	0	seed
1175	1051697	/root/SQLeek/experiment/RQ2/replay/output/sqlaser_mysql827_formal_mysql97_replay_20260713_141356/work/r2/queue_time_named/time:1051697,seq:001175,id:001174,src:000074,op:SQL fuzz,pos:0,+cov	0	seed
1176	1052949	/root/SQLeek/experiment/RQ2/replay/output/sqlaser_mysql827_formal_mysql97_replay_20260713_141356/work/r2/queue_time_named/time:1052949,seq:001176,id:001175,src:000074,op:SQL fuzz,pos:0,+cov	0	seed
1177	1054029	/root/SQLeek/experiment/RQ2/replay/output/sqlaser_mysql827_formal_mysql97_replay_20260713_141356/work/r2/queue_time_named/time:1054029,seq:001177,id:001176,src:000074,op:SQL fuzz,pos:0,+cov	0	seed
1178	1055497	/root/SQLeek/experiment/RQ2/replay/output/sqlaser_mysql827_formal_mysql97_replay_20260713_141356/work/r2/queue_time_named/time:1055497,seq:001178,id:001177,src:000074,op:SQL fuzz,pos:0,+cov	0	seed
1179	1055789	/root/SQLeek/experiment/RQ2/replay/output/sqlaser_mysql827_formal_mysql97_replay_20260713_141356/work/r2/queue_time_named/time:1055789,seq:001179,id:001178,src:000074,op:SQL fuzz,pos:0,+cov	0	seed
1180	1056917	/root/SQLeek/experiment/RQ2/replay/output/sqlaser_mysql827_formal_mysql97_replay_20260713_141356/work/r2/queue_time_named/time:1056917,seq:001180,id:001179,src:000074,op:SQL fuzz,pos:0,+cov	0	seed
1181	1061741	/root/SQLeek/experiment/RQ2/replay/output/sqlaser_mysql827_formal_mysql97_replay_20260713_141356/work/r2/queue_time_named/time:1061741,seq:001181,id:001180,src:000075,op:SQL fuzz,pos:0,+cov	0	seed
1182	1068185	/root/SQLeek/experiment/RQ2/replay/output/sqlaser_mysql827_formal_mysql97_replay_20260713_141356/work/r2/queue_time_named/time:1068185,seq:001182,id:001181,src:000076,op:SQL fuzz,pos:0,+cov	0	seed
1183	1075217	/root/SQLeek/experiment/RQ2/replay/output/sqlaser_mysql827_formal_mysql97_replay_20260713_141356/work/r2/queue_time_named/time:1075217,seq:001183,id:001182,src:000076,op:SQL fuzz,pos:0,+cov	0	seed
1184	1076533	/root/SQLeek/experiment/RQ2/replay/output/sqlaser_mysql827_formal_mysql97_replay_20260713_141356/work/r2/queue_time_named/time:1076533,seq:001184,id:001183,src:000076,op:SQL fuzz,pos:0,+cov	0	seed
1185	1077125	/root/SQLeek/experiment/RQ2/replay/output/sqlaser_mysql827_formal_mysql97_replay_20260713_141356/work/r2/queue_time_named/time:1077125,seq:001185,id:001184,src:000077,op:SQL fuzz,pos:0,+cov	0	seed
1186	1077301	/root/SQLeek/experiment/RQ2/replay/output/sqlaser_mysql827_formal_mysql97_replay_20260713_141356/work/r2/queue_time_named/time:1077301,seq:001186,id:001185,src:000077,op:SQL fuzz,pos:0,+cov	0	seed
1187	1079429	/root/SQLeek/experiment/RQ2/replay/output/sqlaser_mysql827_formal_mysql97_replay_20260713_141356/work/r2/queue_time_named/time:1079429,seq:001187,id:001186,src:000077,op:SQL fuzz,pos:0,+cov	0	seed
1188	1080085	/root/SQLeek/experiment/RQ2/replay/output/sqlaser_mysql827_formal_mysql97_replay_20260713_141356/work/r2/queue_time_named/time:1080085,seq:001188,id:001187,src:000077,op:SQL fuzz,pos:0,+cov	0	seed
1189	1080385	/root/SQLeek/experiment/RQ2/replay/output/sqlaser_mysql827_formal_mysql97_replay_20260713_141356/work/r2/queue_time_named/time:1080385,seq:001189,id:001188,src:000077,op:SQL fuzz,pos:0,+cov	0	seed
1190	1086017	/root/SQLeek/experiment/RQ2/replay/output/sqlaser_mysql827_formal_mysql97_replay_20260713_141356/work/r2/queue_time_named/time:1086017,seq:001190,id:001189,src:000077,op:SQL fuzz,pos:0,+cov	0	seed
1191	1086405	/root/SQLeek/experiment/RQ2/replay/output/sqlaser_mysql827_formal_mysql97_replay_20260713_141356/work/r2/queue_time_named/time:1086405,seq:001191,id:001190,src:000077,op:SQL fuzz,pos:0,+cov	0	seed
1192	1087117	/root/SQLeek/experiment/RQ2/replay/output/sqlaser_mysql827_formal_mysql97_replay_20260713_141356/work/r2/queue_time_named/time:1087117,seq:001192,id:001191,src:000077,op:SQL fuzz,pos:0,+cov	0	seed
1193	1087753	/root/SQLeek/experiment/RQ2/replay/output/sqlaser_mysql827_formal_mysql97_replay_20260713_141356/work/r2/queue_time_named/time:1087753,seq:001193,id:001192,src:000077,op:SQL fuzz,pos:0,+cov	0	seed
1194	1089109	/root/SQLeek/experiment/RQ2/replay/output/sqlaser_mysql827_formal_mysql97_replay_20260713_141356/work/r2/queue_time_named/time:1089109,seq:001194,id:001193,src:000077,op:SQL fuzz,pos:0,+cov	0	seed
1195	1089325	/root/SQLeek/experiment/RQ2/replay/output/sqlaser_mysql827_formal_mysql97_replay_20260713_141356/work/r2/queue_time_named/time:1089325,seq:001195,id:001194,src:000077,op:SQL fuzz,pos:0,+cov	0	seed
1196	1089561	/root/SQLeek/experiment/RQ2/replay/output/sqlaser_mysql827_formal_mysql97_replay_20260713_141356/work/r2/queue_time_named/time:1089561,seq:001196,id:001195,src:000078,op:SQL fuzz,pos:0,+cov	0	seed
1197	1089813	/root/SQLeek/experiment/RQ2/replay/output/sqlaser_mysql827_formal_mysql97_replay_20260713_141356/work/r2/queue_time_named/time:1089813,seq:001197,id:001196,src:000078,op:SQL fuzz,pos:0,+cov	0	seed
1198	1090369	/root/SQLeek/experiment/RQ2/replay/output/sqlaser_mysql827_formal_mysql97_replay_20260713_141356/work/r2/queue_time_named/time:1090369,seq:001198,id:001197,src:000078,op:SQL fuzz,pos:0,+cov	0	seed
1199	1092517	/root/SQLeek/experiment/RQ2/replay/output/sqlaser_mysql827_formal_mysql97_replay_20260713_141356/work/r2/queue_time_named/time:1092517,seq:001199,id:001198,src:000078,op:SQL fuzz,pos:0,+cov	0	seed
1200	1093233	/root/SQLeek/experiment/RQ2/replay/output/sqlaser_mysql827_formal_mysql97_replay_20260713_141356/work/r2/queue_time_named/time:1093233,seq:001200,id:001199,src:000078,op:SQL fuzz,pos:0,+cov	0	periodic_restart_ok
1201	1095025	/root/SQLeek/experiment/RQ2/replay/output/sqlaser_mysql827_formal_mysql97_replay_20260713_141356/work/r2/queue_time_named/time:1095025,seq:001201,id:001200,src:000078,op:SQL fuzz,pos:0,+cov	0	seed
1202	1095381	/root/SQLeek/experiment/RQ2/replay/output/sqlaser_mysql827_formal_mysql97_replay_20260713_141356/work/r2/queue_time_named/time:1095381,seq:001202,id:001201,src:000078,op:SQL fuzz,pos:0,+cov	0	seed
1203	1095945	/root/SQLeek/experiment/RQ2/replay/output/sqlaser_mysql827_formal_mysql97_replay_20260713_141356/work/r2/queue_time_named/time:1095945,seq:001203,id:001202,src:000078,op:SQL fuzz,pos:0,+cov	0	seed
1204	1096541	/root/SQLeek/experiment/RQ2/replay/output/sqlaser_mysql827_formal_mysql97_replay_20260713_141356/work/r2/queue_time_named/time:1096541,seq:001204,id:001203,src:000078,op:SQL fuzz,pos:0,+cov	0	seed
1205	1097125	/root/SQLeek/experiment/RQ2/replay/output/sqlaser_mysql827_formal_mysql97_replay_20260713_141356/work/r2/queue_time_named/time:1097125,seq:001205,id:001204,src:000078,op:SQL fuzz,pos:0,+cov	0	seed
1206	1097433	/root/SQLeek/experiment/RQ2/replay/output/sqlaser_mysql827_formal_mysql97_replay_20260713_141356/work/r2/queue_time_named/time:1097433,seq:001206,id:001205,src:000078,op:SQL fuzz,pos:0,+cov	0	seed
1207	1097985	/root/SQLeek/experiment/RQ2/replay/output/sqlaser_mysql827_formal_mysql97_replay_20260713_141356/work/r2/queue_time_named/time:1097985,seq:001207,id:001206,src:000078,op:SQL fuzz,pos:0,+cov	0	seed
1208	1099157	/root/SQLeek/experiment/RQ2/replay/output/sqlaser_mysql827_formal_mysql97_replay_20260713_141356/work/r2/queue_time_named/time:1099157,seq:001208,id:001207,src:000079,op:SQL fuzz,pos:0,+cov	0	seed
1209	1100185	/root/SQLeek/experiment/RQ2/replay/output/sqlaser_mysql827_formal_mysql97_replay_20260713_141356/work/r2/queue_time_named/time:1100185,seq:001209,id:001208,src:000079,op:SQL fuzz,pos:0,+cov	0	seed
1210	1100329	/root/SQLeek/experiment/RQ2/replay/output/sqlaser_mysql827_formal_mysql97_replay_20260713_141356/work/r2/queue_time_named/time:1100329,seq:001210,id:001209,src:000079,op:SQL fuzz,pos:0,+cov	0	seed
1211	1100533	/root/SQLeek/experiment/RQ2/replay/output/sqlaser_mysql827_formal_mysql97_replay_20260713_141356/work/r2/queue_time_named/time:1100533,seq:001211,id:001210,src:000079,op:SQL fuzz,pos:0,+cov	0	seed
1212	1101525	/root/SQLeek/experiment/RQ2/replay/output/sqlaser_mysql827_formal_mysql97_replay_20260713_141356/work/r2/queue_time_named/time:1101525,seq:001212,id:001211,src:000079,op:SQL fuzz,pos:0,+cov	0	seed
1213	1104145	/root/SQLeek/experiment/RQ2/replay/output/sqlaser_mysql827_formal_mysql97_replay_20260713_141356/work/r2/queue_time_named/time:1104145,seq:001213,id:001212,src:000079,op:SQL fuzz,pos:0,+cov	0	seed
1214	1104521	/root/SQLeek/experiment/RQ2/replay/output/sqlaser_mysql827_formal_mysql97_replay_20260713_141356/work/r2/queue_time_named/time:1104521,seq:001214,id:001213,src:000079,op:SQL fuzz,pos:0,+cov	0	seed
1215	1104809	/root/SQLeek/experiment/RQ2/replay/output/sqlaser_mysql827_formal_mysql97_replay_20260713_141356/work/r2/queue_time_named/time:1104809,seq:001215,id:001214,src:000079,op:SQL fuzz,pos:0,+cov	0	seed
1216	1104993	/root/SQLeek/experiment/RQ2/replay/output/sqlaser_mysql827_formal_mysql97_replay_20260713_141356/work/r2/queue_time_named/time:1104993,seq:001216,id:001215,src:000079,op:SQL fuzz,pos:0,+cov	0	seed
1217	1106609	/root/SQLeek/experiment/RQ2/replay/output/sqlaser_mysql827_formal_mysql97_replay_20260713_141356/work/r2/queue_time_named/time:1106609,seq:001217,id:001216,src:000079,op:SQL fuzz,pos:0,+cov	0	seed
1218	1106893	/root/SQLeek/experiment/RQ2/replay/output/sqlaser_mysql827_formal_mysql97_replay_20260713_141356/work/r2/queue_time_named/time:1106893,seq:001218,id:001217,src:000079,op:SQL fuzz,pos:0,+cov	0	seed
1219	1114209	/root/SQLeek/experiment/RQ2/replay/output/sqlaser_mysql827_formal_mysql97_replay_20260713_141356/work/r2/queue_time_named/time:1114209,seq:001219,id:001218,src:000080,op:SQL fuzz,pos:0,+cov	0	seed
1220	1119765	/root/SQLeek/experiment/RQ2/replay/output/sqlaser_mysql827_formal_mysql97_replay_20260713_141356/work/r2/queue_time_named/time:1119765,seq:001220,id:001219,src:000080,op:SQL fuzz,pos:0,+cov	0	seed
1221	1125157	/root/SQLeek/experiment/RQ2/replay/output/sqlaser_mysql827_formal_mysql97_replay_20260713_141356/work/r2/queue_time_named/time:1125157,seq:001221,id:001220,src:000080,op:SQL fuzz,pos:0,+cov	0	seed
1222	1128205	/root/SQLeek/experiment/RQ2/replay/output/sqlaser_mysql827_formal_mysql97_replay_20260713_141356/work/r2/queue_time_named/time:1128205,seq:001222,id:001221,src:000080,op:SQL fuzz,pos:0,+cov	0	seed
1223	1129501	/root/SQLeek/experiment/RQ2/replay/output/sqlaser_mysql827_formal_mysql97_replay_20260713_141356/work/r2/queue_time_named/time:1129501,seq:001223,id:001222,src:000080,op:SQL fuzz,pos:0,+cov	0	seed
1224	1130841	/root/SQLeek/experiment/RQ2/replay/output/sqlaser_mysql827_formal_mysql97_replay_20260713_141356/work/r2/queue_time_named/time:1130841,seq:001224,id:001223,src:000080,op:SQL fuzz,pos:0,+cov	0	seed
1225	1132105	/root/SQLeek/experiment/RQ2/replay/output/sqlaser_mysql827_formal_mysql97_replay_20260713_141356/work/r2/queue_time_named/time:1132105,seq:001225,id:001224,src:000081,op:SQL fuzz,pos:0,+cov	0	seed
1226	1133254	/root/SQLeek/experiment/RQ2/replay/output/sqlaser_mysql827_formal_mysql97_replay_20260713_141356/work/r2/queue_time_named/time:1133254,seq:001226,id:001225,src:000081,op:SQL fuzz,pos:0,+cov	0	seed
1227	1133822	/root/SQLeek/experiment/RQ2/replay/output/sqlaser_mysql827_formal_mysql97_replay_20260713_141356/work/r2/queue_time_named/time:1133822,seq:001227,id:001226,src:000081,op:SQL fuzz,pos:0,+cov	0	seed
1228	1138478	/root/SQLeek/experiment/RQ2/replay/output/sqlaser_mysql827_formal_mysql97_replay_20260713_141356/work/r2/queue_time_named/time:1138478,seq:001228,id:001227,src:000081,op:SQL fuzz,pos:0,+cov	0	seed
1229	1138778	/root/SQLeek/experiment/RQ2/replay/output/sqlaser_mysql827_formal_mysql97_replay_20260713_141356/work/r2/queue_time_named/time:1138778,seq:001229,id:001228,src:000081,op:SQL fuzz,pos:0,+cov	0	seed
1230	1140886	/root/SQLeek/experiment/RQ2/replay/output/sqlaser_mysql827_formal_mysql97_replay_20260713_141356/work/r2/queue_time_named/time:1140886,seq:001230,id:001229,src:000081,op:SQL fuzz,pos:0,+cov	0	seed
1231	1142002	/root/SQLeek/experiment/RQ2/replay/output/sqlaser_mysql827_formal_mysql97_replay_20260713_141356/work/r2/queue_time_named/time:1142002,seq:001231,id:001230,src:000081,op:SQL fuzz,pos:0,+cov	0	seed
1232	1144746	/root/SQLeek/experiment/RQ2/replay/output/sqlaser_mysql827_formal_mysql97_replay_20260713_141356/work/r2/queue_time_named/time:1144746,seq:001232,id:001231,src:000081,op:SQL fuzz,pos:0,+cov	0	seed
1233	1147138	/root/SQLeek/experiment/RQ2/replay/output/sqlaser_mysql827_formal_mysql97_replay_20260713_141356/work/r2/queue_time_named/time:1147138,seq:001233,id:001232,src:000081,op:SQL fuzz,pos:0,+cov	0	seed
1234	1147850	/root/SQLeek/experiment/RQ2/replay/output/sqlaser_mysql827_formal_mysql97_replay_20260713_141356/work/r2/queue_time_named/time:1147850,seq:001234,id:001233,src:000081,op:SQL fuzz,pos:0,+cov	0	seed
1235	1149718	/root/SQLeek/experiment/RQ2/replay/output/sqlaser_mysql827_formal_mysql97_replay_20260713_141356/work/r2/queue_time_named/time:1149718,seq:001235,id:001234,src:000081,op:SQL fuzz,pos:0,+cov	0	seed
1236	1150566	/root/SQLeek/experiment/RQ2/replay/output/sqlaser_mysql827_formal_mysql97_replay_20260713_141356/work/r2/queue_time_named/time:1150566,seq:001236,id:001235,src:000082,op:SQL fuzz,pos:0,+cov	0	seed
1237	1152718	/root/SQLeek/experiment/RQ2/replay/output/sqlaser_mysql827_formal_mysql97_replay_20260713_141356/work/r2/queue_time_named/time:1152718,seq:001237,id:001236,src:000082,op:SQL fuzz,pos:0,+cov	0	seed
1238	1154322	/root/SQLeek/experiment/RQ2/replay/output/sqlaser_mysql827_formal_mysql97_replay_20260713_141356/work/r2/queue_time_named/time:1154322,seq:001238,id:001237,src:000082,op:SQL fuzz,pos:0,+cov	0	seed
1239	1154742	/root/SQLeek/experiment/RQ2/replay/output/sqlaser_mysql827_formal_mysql97_replay_20260713_141356/work/r2/queue_time_named/time:1154742,seq:001239,id:001238,src:000082,op:SQL fuzz,pos:0,+cov	0	seed
1240	1155858	/root/SQLeek/experiment/RQ2/replay/output/sqlaser_mysql827_formal_mysql97_replay_20260713_141356/work/r2/queue_time_named/time:1155858,seq:001240,id:001239,src:000082,op:SQL fuzz,pos:0,+cov	0	seed
1241	1158518	/root/SQLeek/experiment/RQ2/replay/output/sqlaser_mysql827_formal_mysql97_replay_20260713_141356/work/r2/queue_time_named/time:1158518,seq:001241,id:001240,src:000082,op:SQL fuzz,pos:0,+cov	0	seed
1242	1159122	/root/SQLeek/experiment/RQ2/replay/output/sqlaser_mysql827_formal_mysql97_replay_20260713_141356/work/r2/queue_time_named/time:1159122,seq:001242,id:001241,src:000083,op:SQL fuzz,pos:0,+cov	0	seed
1243	1163498	/root/SQLeek/experiment/RQ2/replay/output/sqlaser_mysql827_formal_mysql97_replay_20260713_141356/work/r2/queue_time_named/time:1163498,seq:001243,id:001242,src:000083,op:SQL fuzz,pos:0,+cov	0	seed
1244	1170838	/root/SQLeek/experiment/RQ2/replay/output/sqlaser_mysql827_formal_mysql97_replay_20260713_141356/work/r2/queue_time_named/time:1170838,seq:001244,id:001243,src:000083,op:SQL fuzz,pos:0,+cov	0	seed
1245	1171910	/root/SQLeek/experiment/RQ2/replay/output/sqlaser_mysql827_formal_mysql97_replay_20260713_141356/work/r2/queue_time_named/time:1171910,seq:001245,id:001244,src:000083,op:SQL fuzz,pos:0,+cov	0	seed
1246	1175342	/root/SQLeek/experiment/RQ2/replay/output/sqlaser_mysql827_formal_mysql97_replay_20260713_141356/work/r2/queue_time_named/time:1175342,seq:001246,id:001245,src:000084,op:SQL fuzz,pos:0,+cov	0	seed
1247	1175830	/root/SQLeek/experiment/RQ2/replay/output/sqlaser_mysql827_formal_mysql97_replay_20260713_141356/work/r2/queue_time_named/time:1175830,seq:001247,id:001246,src:000084,op:SQL fuzz,pos:0,+cov	0	seed
1248	1177098	/root/SQLeek/experiment/RQ2/replay/output/sqlaser_mysql827_formal_mysql97_replay_20260713_141356/work/r2/queue_time_named/time:1177098,seq:001248,id:001247,src:000084,op:SQL fuzz,pos:0,+cov	0	seed
1249	1177526	/root/SQLeek/experiment/RQ2/replay/output/sqlaser_mysql827_formal_mysql97_replay_20260713_141356/work/r2/queue_time_named/time:1177526,seq:001249,id:001248,src:000084,op:SQL fuzz,pos:0,+cov	0	seed
1250	1178582	/root/SQLeek/experiment/RQ2/replay/output/sqlaser_mysql827_formal_mysql97_replay_20260713_141356/work/r2/queue_time_named/time:1178582,seq:001250,id:001249,src:000084,op:SQL fuzz,pos:0,+cov	0	seed
1251	1179382	/root/SQLeek/experiment/RQ2/replay/output/sqlaser_mysql827_formal_mysql97_replay_20260713_141356/work/r2/queue_time_named/time:1179382,seq:001251,id:001250,src:000084,op:SQL fuzz,pos:0,+cov	0	seed
1252	1179598	/root/SQLeek/experiment/RQ2/replay/output/sqlaser_mysql827_formal_mysql97_replay_20260713_141356/work/r2/queue_time_named/time:1179598,seq:001252,id:001251,src:000084,op:SQL fuzz,pos:0,+cov	0	seed
1253	1181638	/root/SQLeek/experiment/RQ2/replay/output/sqlaser_mysql827_formal_mysql97_replay_20260713_141356/work/r2/queue_time_named/time:1181638,seq:001253,id:001252,src:000084,op:SQL fuzz,pos:0,+cov	0	seed
1254	1183082	/root/SQLeek/experiment/RQ2/replay/output/sqlaser_mysql827_formal_mysql97_replay_20260713_141356/work/r2/queue_time_named/time:1183082,seq:001254,id:001253,src:000084,op:SQL fuzz,pos:0,+cov	0	seed
1255	1186658	/root/SQLeek/experiment/RQ2/replay/output/sqlaser_mysql827_formal_mysql97_replay_20260713_141356/work/r2/queue_time_named/time:1186658,seq:001255,id:001254,src:000085,op:SQL fuzz,pos:0,+cov	0	seed
1256	1186954	/root/SQLeek/experiment/RQ2/replay/output/sqlaser_mysql827_formal_mysql97_replay_20260713_141356/work/r2/queue_time_named/time:1186954,seq:001256,id:001255,src:000085,op:SQL fuzz,pos:0,+cov	0	seed
1257	1187402	/root/SQLeek/experiment/RQ2/replay/output/sqlaser_mysql827_formal_mysql97_replay_20260713_141356/work/r2/queue_time_named/time:1187402,seq:001257,id:001256,src:000085,op:SQL fuzz,pos:0,+cov	0	seed
1258	1187730	/root/SQLeek/experiment/RQ2/replay/output/sqlaser_mysql827_formal_mysql97_replay_20260713_141356/work/r2/queue_time_named/time:1187730,seq:001258,id:001257,src:000085,op:SQL fuzz,pos:0,+cov	0	seed
1259	1188602	/root/SQLeek/experiment/RQ2/replay/output/sqlaser_mysql827_formal_mysql97_replay_20260713_141356/work/r2/queue_time_named/time:1188602,seq:001259,id:001258,src:000085,op:SQL fuzz,pos:0,+cov	0	seed
1260	1189714	/root/SQLeek/experiment/RQ2/replay/output/sqlaser_mysql827_formal_mysql97_replay_20260713_141356/work/r2/queue_time_named/time:1189714,seq:001260,id:001259,src:000085,op:SQL fuzz,pos:0,+cov	0	seed
1261	1190330	/root/SQLeek/experiment/RQ2/replay/output/sqlaser_mysql827_formal_mysql97_replay_20260713_141356/work/r2/queue_time_named/time:1190330,seq:001261,id:001260,src:000085,op:SQL fuzz,pos:0,+cov	0	seed
1262	1190882	/root/SQLeek/experiment/RQ2/replay/output/sqlaser_mysql827_formal_mysql97_replay_20260713_141356/work/r2/queue_time_named/time:1190882,seq:001262,id:001261,src:000085,op:SQL fuzz,pos:0,+cov	0	seed
1263	1191958	/root/SQLeek/experiment/RQ2/replay/output/sqlaser_mysql827_formal_mysql97_replay_20260713_141356/work/r2/queue_time_named/time:1191958,seq:001263,id:001262,src:000085,op:SQL fuzz,pos:0,+cov	0	seed
1264	1192234	/root/SQLeek/experiment/RQ2/replay/output/sqlaser_mysql827_formal_mysql97_replay_20260713_141356/work/r2/queue_time_named/time:1192234,seq:001264,id:001263,src:000085,op:SQL fuzz,pos:0,+cov	0	seed
1265	1193430	/root/SQLeek/experiment/RQ2/replay/output/sqlaser_mysql827_formal_mysql97_replay_20260713_141356/work/r2/queue_time_named/time:1193430,seq:001265,id:001264,src:000085,op:SQL fuzz,pos:0,+cov	0	seed
1266	1196482	/root/SQLeek/experiment/RQ2/replay/output/sqlaser_mysql827_formal_mysql97_replay_20260713_141356/work/r2/queue_time_named/time:1196482,seq:001266,id:001265,src:000085,op:SQL fuzz,pos:0,+cov	0	seed
1267	1199570	/root/SQLeek/experiment/RQ2/replay/output/sqlaser_mysql827_formal_mysql97_replay_20260713_141356/work/r2/queue_time_named/time:1199570,seq:001267,id:001266,src:000085,op:SQL fuzz,pos:0,+cov	0	seed
1268	1204182	/root/SQLeek/experiment/RQ2/replay/output/sqlaser_mysql827_formal_mysql97_replay_20260713_141356/work/r2/queue_time_named/time:1204182,seq:001268,id:001267,src:000085,op:SQL fuzz,pos:0,+cov	0	seed
1269	1209942	/root/SQLeek/experiment/RQ2/replay/output/sqlaser_mysql827_formal_mysql97_replay_20260713_141356/work/r2/queue_time_named/time:1209942,seq:001269,id:001268,src:000085,op:SQL fuzz,pos:0,+cov	0	seed
1270	1210454	/root/SQLeek/experiment/RQ2/replay/output/sqlaser_mysql827_formal_mysql97_replay_20260713_141356/work/r2/queue_time_named/time:1210454,seq:001270,id:001269,src:000085,op:SQL fuzz,pos:0,+cov	0	seed
1271	1211318	/root/SQLeek/experiment/RQ2/replay/output/sqlaser_mysql827_formal_mysql97_replay_20260713_141356/work/r2/queue_time_named/time:1211318,seq:001271,id:001270,src:000085,op:SQL fuzz,pos:0,+cov	0	seed
1272	1213626	/root/SQLeek/experiment/RQ2/replay/output/sqlaser_mysql827_formal_mysql97_replay_20260713_141356/work/r2/queue_time_named/time:1213626,seq:001272,id:001271,src:000086,op:SQL fuzz,pos:0,+cov	0	seed
1273	1214854	/root/SQLeek/experiment/RQ2/replay/output/sqlaser_mysql827_formal_mysql97_replay_20260713_141356/work/r2/queue_time_named/time:1214854,seq:001273,id:001272,src:000086,op:SQL fuzz,pos:0,+cov	0	seed
1274	1215398	/root/SQLeek/experiment/RQ2/replay/output/sqlaser_mysql827_formal_mysql97_replay_20260713_141356/work/r2/queue_time_named/time:1215398,seq:001274,id:001273,src:000086,op:SQL fuzz,pos:0,+cov	0	seed
1275	1215706	/root/SQLeek/experiment/RQ2/replay/output/sqlaser_mysql827_formal_mysql97_replay_20260713_141356/work/r2/queue_time_named/time:1215706,seq:001275,id:001274,src:000086,op:SQL fuzz,pos:0,+cov	0	seed
1276	1216054	/root/SQLeek/experiment/RQ2/replay/output/sqlaser_mysql827_formal_mysql97_replay_20260713_141356/work/r2/queue_time_named/time:1216054,seq:001276,id:001275,src:000086,op:SQL fuzz,pos:0,+cov	0	seed
1277	1218450	/root/SQLeek/experiment/RQ2/replay/output/sqlaser_mysql827_formal_mysql97_replay_20260713_141356/work/r2/queue_time_named/time:1218450,seq:001277,id:001276,src:000086,op:SQL fuzz,pos:0,+cov	0	seed
1278	1218750	/root/SQLeek/experiment/RQ2/replay/output/sqlaser_mysql827_formal_mysql97_replay_20260713_141356/work/r2/queue_time_named/time:1218750,seq:001278,id:001277,src:000086,op:SQL fuzz,pos:0,+cov	0	seed
1279	1219294	/root/SQLeek/experiment/RQ2/replay/output/sqlaser_mysql827_formal_mysql97_replay_20260713_141356/work/r2/queue_time_named/time:1219294,seq:001279,id:001278,src:000086,op:SQL fuzz,pos:0,+cov	0	seed
1280	1220386	/root/SQLeek/experiment/RQ2/replay/output/sqlaser_mysql827_formal_mysql97_replay_20260713_141356/work/r2/queue_time_named/time:1220386,seq:001280,id:001279,src:000086,op:SQL fuzz,pos:0,+cov	0	seed
1281	1220930	/root/SQLeek/experiment/RQ2/replay/output/sqlaser_mysql827_formal_mysql97_replay_20260713_141356/work/r2/queue_time_named/time:1220930,seq:001281,id:001280,src:000086,op:SQL fuzz,pos:0,+cov	0	seed
1282	1221590	/root/SQLeek/experiment/RQ2/replay/output/sqlaser_mysql827_formal_mysql97_replay_20260713_141356/work/r2/queue_time_named/time:1221590,seq:001282,id:001281,src:000086,op:SQL fuzz,pos:0,+cov	0	seed
1283	1222126	/root/SQLeek/experiment/RQ2/replay/output/sqlaser_mysql827_formal_mysql97_replay_20260713_141356/work/r2/queue_time_named/time:1222126,seq:001283,id:001282,src:000086,op:SQL fuzz,pos:0,+cov	0	seed
1284	1222946	/root/SQLeek/experiment/RQ2/replay/output/sqlaser_mysql827_formal_mysql97_replay_20260713_141356/work/r2/queue_time_named/time:1222946,seq:001284,id:001283,src:000086,op:SQL fuzz,pos:0,+cov	0	seed
1285	1226238	/root/SQLeek/experiment/RQ2/replay/output/sqlaser_mysql827_formal_mysql97_replay_20260713_141356/work/r2/queue_time_named/time:1226238,seq:001285,id:001284,src:000086,op:SQL fuzz,pos:0,+cov	0	seed
1286	1228746	/root/SQLeek/experiment/RQ2/replay/output/sqlaser_mysql827_formal_mysql97_replay_20260713_141356/work/r2/queue_time_named/time:1228746,seq:001286,id:001285,src:000086,op:SQL fuzz,pos:0,+cov	0	seed
1287	1229318	/root/SQLeek/experiment/RQ2/replay/output/sqlaser_mysql827_formal_mysql97_replay_20260713_141356/work/r2/queue_time_named/time:1229318,seq:001287,id:001286,src:000086,op:SQL fuzz,pos:0,+cov	0	seed
1288	1235111	/root/SQLeek/experiment/RQ2/replay/output/sqlaser_mysql827_formal_mysql97_replay_20260713_141356/work/r2/queue_time_named/time:1235111,seq:001288,id:001287,src:000086,op:SQL fuzz,pos:0,+cov	0	seed
1289	1235907	/root/SQLeek/experiment/RQ2/replay/output/sqlaser_mysql827_formal_mysql97_replay_20260713_141356/work/r2/queue_time_named/time:1235907,seq:001289,id:001288,src:000086,op:SQL fuzz,pos:0,+cov	0	seed
1290	1236683	/root/SQLeek/experiment/RQ2/replay/output/sqlaser_mysql827_formal_mysql97_replay_20260713_141356/work/r2/queue_time_named/time:1236683,seq:001290,id:001289,src:000087,op:SQL fuzz,pos:0,+cov	0	seed
1291	1237991	/root/SQLeek/experiment/RQ2/replay/output/sqlaser_mysql827_formal_mysql97_replay_20260713_141356/work/r2/queue_time_named/time:1237991,seq:001291,id:001290,src:000087,op:SQL fuzz,pos:0,+cov	0	seed
1292	1239939	/root/SQLeek/experiment/RQ2/replay/output/sqlaser_mysql827_formal_mysql97_replay_20260713_141356/work/r2/queue_time_named/time:1239939,seq:001292,id:001291,src:000087,op:SQL fuzz,pos:0,+cov	0	seed
1293	1242647	/root/SQLeek/experiment/RQ2/replay/output/sqlaser_mysql827_formal_mysql97_replay_20260713_141356/work/r2/queue_time_named/time:1242647,seq:001293,id:001292,src:000088,op:SQL fuzz,pos:0,+cov	0	seed
1294	1243875	/root/SQLeek/experiment/RQ2/replay/output/sqlaser_mysql827_formal_mysql97_replay_20260713_141356/work/r2/queue_time_named/time:1243875,seq:001294,id:001293,src:000088,op:SQL fuzz,pos:0,+cov	0	seed
1295	1244291	/root/SQLeek/experiment/RQ2/replay/output/sqlaser_mysql827_formal_mysql97_replay_20260713_141356/work/r2/queue_time_named/time:1244291,seq:001295,id:001294,src:000088,op:SQL fuzz,pos:0,+cov	0	seed
1296	1245871	/root/SQLeek/experiment/RQ2/replay/output/sqlaser_mysql827_formal_mysql97_replay_20260713_141356/work/r2/queue_time_named/time:1245871,seq:001296,id:001295,src:000088,op:SQL fuzz,pos:0,+cov	0	seed
1297	1246239	/root/SQLeek/experiment/RQ2/replay/output/sqlaser_mysql827_formal_mysql97_replay_20260713_141356/work/r2/queue_time_named/time:1246239,seq:001297,id:001296,src:000088,op:SQL fuzz,pos:0,+cov	0	seed
1298	1249107	/root/SQLeek/experiment/RQ2/replay/output/sqlaser_mysql827_formal_mysql97_replay_20260713_141356/work/r2/queue_time_named/time:1249107,seq:001298,id:001297,src:000088,op:SQL fuzz,pos:0,+cov	0	seed
1299	1250075	/root/SQLeek/experiment/RQ2/replay/output/sqlaser_mysql827_formal_mysql97_replay_20260713_141356/work/r2/queue_time_named/time:1250075,seq:001299,id:001298,src:000088,op:SQL fuzz,pos:0,+cov	0	seed
1300	1252235	/root/SQLeek/experiment/RQ2/replay/output/sqlaser_mysql827_formal_mysql97_replay_20260713_141356/work/r2/queue_time_named/time:1252235,seq:001300,id:001299,src:000089,op:SQL fuzz,pos:0,+cov	0	seed
1301	1255271	/root/SQLeek/experiment/RQ2/replay/output/sqlaser_mysql827_formal_mysql97_replay_20260713_141356/work/r2/queue_time_named/time:1255271,seq:001301,id:001300,src:000089,op:SQL fuzz,pos:0,+cov	0	seed
1302	1259763	/root/SQLeek/experiment/RQ2/replay/output/sqlaser_mysql827_formal_mysql97_replay_20260713_141356/work/r2/queue_time_named/time:1259763,seq:001302,id:001301,src:000089,op:SQL fuzz,pos:0,+cov	0	seed
1303	1262095	/root/SQLeek/experiment/RQ2/replay/output/sqlaser_mysql827_formal_mysql97_replay_20260713_141356/work/r2/queue_time_named/time:1262095,seq:001303,id:001302,src:000089,op:SQL fuzz,pos:0,+cov	0	seed
1304	1263459	/root/SQLeek/experiment/RQ2/replay/output/sqlaser_mysql827_formal_mysql97_replay_20260713_141356/work/r2/queue_time_named/time:1263459,seq:001304,id:001303,src:000089,op:SQL fuzz,pos:0,+cov	0	seed
1305	1264675	/root/SQLeek/experiment/RQ2/replay/output/sqlaser_mysql827_formal_mysql97_replay_20260713_141356/work/r2/queue_time_named/time:1264675,seq:001305,id:001304,src:000090,op:SQL fuzz,pos:0,+cov	0	seed
1306	1268115	/root/SQLeek/experiment/RQ2/replay/output/sqlaser_mysql827_formal_mysql97_replay_20260713_141356/work/r2/queue_time_named/time:1268115,seq:001306,id:001305,src:000090,op:SQL fuzz,pos:0,+cov	0	seed
1307	1274839	/root/SQLeek/experiment/RQ2/replay/output/sqlaser_mysql827_formal_mysql97_replay_20260713_141356/work/r2/queue_time_named/time:1274839,seq:001307,id:001306,src:000090,op:SQL fuzz,pos:0,+cov	0	seed
1308	1275835	/root/SQLeek/experiment/RQ2/replay/output/sqlaser_mysql827_formal_mysql97_replay_20260713_141356/work/r2/queue_time_named/time:1275835,seq:001308,id:001307,src:000090,op:SQL fuzz,pos:0,+cov	0	seed
1309	1277159	/root/SQLeek/experiment/RQ2/replay/output/sqlaser_mysql827_formal_mysql97_replay_20260713_141356/work/r2/queue_time_named/time:1277159,seq:001309,id:001308,src:000090,op:SQL fuzz,pos:0,+cov	0	seed
1310	1278871	/root/SQLeek/experiment/RQ2/replay/output/sqlaser_mysql827_formal_mysql97_replay_20260713_141356/work/r2/queue_time_named/time:1278871,seq:001310,id:001309,src:000090,op:SQL fuzz,pos:0,+cov	0	seed
1311	1283767	/root/SQLeek/experiment/RQ2/replay/output/sqlaser_mysql827_formal_mysql97_replay_20260713_141356/work/r2/queue_time_named/time:1283767,seq:001311,id:001310,src:000090,op:SQL fuzz,pos:0,+cov	0	seed
1312	1284463	/root/SQLeek/experiment/RQ2/replay/output/sqlaser_mysql827_formal_mysql97_replay_20260713_141356/work/r2/queue_time_named/time:1284463,seq:001312,id:001311,src:000090,op:SQL fuzz,pos:0,+cov	0	seed
1313	1287051	/root/SQLeek/experiment/RQ2/replay/output/sqlaser_mysql827_formal_mysql97_replay_20260713_141356/work/r2/queue_time_named/time:1287051,seq:001313,id:001312,src:000090,op:SQL fuzz,pos:0,+cov	0	seed
1314	1287967	/root/SQLeek/experiment/RQ2/replay/output/sqlaser_mysql827_formal_mysql97_replay_20260713_141356/work/r2/queue_time_named/time:1287967,seq:001314,id:001313,src:000090,op:SQL fuzz,pos:0,+cov	0	seed
1315	1288563	/root/SQLeek/experiment/RQ2/replay/output/sqlaser_mysql827_formal_mysql97_replay_20260713_141356/work/r2/queue_time_named/time:1288563,seq:001315,id:001314,src:000090,op:SQL fuzz,pos:0,+cov	0	seed
1316	1290603	/root/SQLeek/experiment/RQ2/replay/output/sqlaser_mysql827_formal_mysql97_replay_20260713_141356/work/r2/queue_time_named/time:1290603,seq:001316,id:001315,src:000090,op:SQL fuzz,pos:0,+cov	0	seed
1317	1291007	/root/SQLeek/experiment/RQ2/replay/output/sqlaser_mysql827_formal_mysql97_replay_20260713_141356/work/r2/queue_time_named/time:1291007,seq:001317,id:001316,src:000091,op:SQL fuzz,pos:0,+cov	0	seed
1318	1294799	/root/SQLeek/experiment/RQ2/replay/output/sqlaser_mysql827_formal_mysql97_replay_20260713_141356/work/r2/queue_time_named/time:1294799,seq:001318,id:001317,src:000091,op:SQL fuzz,pos:0,+cov	0	seed
1319	1298903	/root/SQLeek/experiment/RQ2/replay/output/sqlaser_mysql827_formal_mysql97_replay_20260713_141356/work/r2/queue_time_named/time:1298903,seq:001319,id:001318,src:000091,op:SQL fuzz,pos:0,+cov	0	seed
1320	1300895	/root/SQLeek/experiment/RQ2/replay/output/sqlaser_mysql827_formal_mysql97_replay_20260713_141356/work/r2/queue_time_named/time:1300895,seq:001320,id:001319,src:000091,op:SQL fuzz,pos:0,+cov	0	seed
1321	1301471	/root/SQLeek/experiment/RQ2/replay/output/sqlaser_mysql827_formal_mysql97_replay_20260713_141356/work/r2/queue_time_named/time:1301471,seq:001321,id:001320,src:000091,op:SQL fuzz,pos:0,+cov	0	seed
1322	1304175	/root/SQLeek/experiment/RQ2/replay/output/sqlaser_mysql827_formal_mysql97_replay_20260713_141356/work/r2/queue_time_named/time:1304175,seq:001322,id:001321,src:000091,op:SQL fuzz,pos:0,+cov	0	seed
1323	1304883	/root/SQLeek/experiment/RQ2/replay/output/sqlaser_mysql827_formal_mysql97_replay_20260713_141356/work/r2/queue_time_named/time:1304883,seq:001323,id:001322,src:000091,op:SQL fuzz,pos:0,+cov	0	seed
1324	1305491	/root/SQLeek/experiment/RQ2/replay/output/sqlaser_mysql827_formal_mysql97_replay_20260713_141356/work/r2/queue_time_named/time:1305491,seq:001324,id:001323,src:000091,op:SQL fuzz,pos:0,+cov	0	seed
1325	1305911	/root/SQLeek/experiment/RQ2/replay/output/sqlaser_mysql827_formal_mysql97_replay_20260713_141356/work/r2/queue_time_named/time:1305911,seq:001325,id:001324,src:000091,op:SQL fuzz,pos:0,+cov	0	seed
1326	1307231	/root/SQLeek/experiment/RQ2/replay/output/sqlaser_mysql827_formal_mysql97_replay_20260713_141356/work/r2/queue_time_named/time:1307231,seq:001326,id:001325,src:000092,op:SQL fuzz,pos:0,+cov	0	seed
1327	1308555	/root/SQLeek/experiment/RQ2/replay/output/sqlaser_mysql827_formal_mysql97_replay_20260713_141356/work/r2/queue_time_named/time:1308555,seq:001327,id:001326,src:000092,op:SQL fuzz,pos:0,+cov	0	seed
1328	1308783	/root/SQLeek/experiment/RQ2/replay/output/sqlaser_mysql827_formal_mysql97_replay_20260713_141356/work/r2/queue_time_named/time:1308783,seq:001328,id:001327,src:000092,op:SQL fuzz,pos:0,+cov	0	seed
1329	1317571	/root/SQLeek/experiment/RQ2/replay/output/sqlaser_mysql827_formal_mysql97_replay_20260713_141356/work/r2/queue_time_named/time:1317571,seq:001329,id:001328,src:000092,op:SQL fuzz,pos:0,+cov	0	seed
1330	1318675	/root/SQLeek/experiment/RQ2/replay/output/sqlaser_mysql827_formal_mysql97_replay_20260713_141356/work/r2/queue_time_named/time:1318675,seq:001330,id:001329,src:000092,op:SQL fuzz,pos:0,+cov	0	seed
1331	1320471	/root/SQLeek/experiment/RQ2/replay/output/sqlaser_mysql827_formal_mysql97_replay_20260713_141356/work/r2/queue_time_named/time:1320471,seq:001331,id:001330,src:000092,op:SQL fuzz,pos:0,+cov	0	seed
1332	1321835	/root/SQLeek/experiment/RQ2/replay/output/sqlaser_mysql827_formal_mysql97_replay_20260713_141356/work/r2/queue_time_named/time:1321835,seq:001332,id:001331,src:000092,op:SQL fuzz,pos:0,+cov	0	seed
1333	1322967	/root/SQLeek/experiment/RQ2/replay/output/sqlaser_mysql827_formal_mysql97_replay_20260713_141356/work/r2/queue_time_named/time:1322967,seq:001333,id:001332,src:000092,op:SQL fuzz,pos:0,+cov	0	seed
1334	1323895	/root/SQLeek/experiment/RQ2/replay/output/sqlaser_mysql827_formal_mysql97_replay_20260713_141356/work/r2/queue_time_named/time:1323895,seq:001334,id:001333,src:000092,op:SQL fuzz,pos:0,+cov	0	seed
1335	1324287	/root/SQLeek/experiment/RQ2/replay/output/sqlaser_mysql827_formal_mysql97_replay_20260713_141356/work/r2/queue_time_named/time:1324287,seq:001335,id:001334,src:000092,op:SQL fuzz,pos:0,+cov	0	seed
1336	1326023	/root/SQLeek/experiment/RQ2/replay/output/sqlaser_mysql827_formal_mysql97_replay_20260713_141356/work/r2/queue_time_named/time:1326023,seq:001336,id:001335,src:000092,op:SQL fuzz,pos:0,+cov	0	seed
1337	1328311	/root/SQLeek/experiment/RQ2/replay/output/sqlaser_mysql827_formal_mysql97_replay_20260713_141356/work/r2/queue_time_named/time:1328311,seq:001337,id:001336,src:000093,op:SQL fuzz,pos:0,+cov	0	seed
1338	1336068	/root/SQLeek/experiment/RQ2/replay/output/sqlaser_mysql827_formal_mysql97_replay_20260713_141356/work/r2/queue_time_named/time:1336068,seq:001338,id:001337,src:000093,op:SQL fuzz,pos:0,+cov	0	seed
1339	1336616	/root/SQLeek/experiment/RQ2/replay/output/sqlaser_mysql827_formal_mysql97_replay_20260713_141356/work/r2/queue_time_named/time:1336616,seq:001339,id:001338,src:000093,op:SQL fuzz,pos:0,+cov	0	seed
1340	1336828	/root/SQLeek/experiment/RQ2/replay/output/sqlaser_mysql827_formal_mysql97_replay_20260713_141356/work/r2/queue_time_named/time:1336828,seq:001340,id:001339,src:000094,op:SQL fuzz,pos:0,+cov	0	seed
1341	1337996	/root/SQLeek/experiment/RQ2/replay/output/sqlaser_mysql827_formal_mysql97_replay_20260713_141356/work/r2/queue_time_named/time:1337996,seq:001341,id:001340,src:000094,op:SQL fuzz,pos:0,+cov	0	seed
1342	1338248	/root/SQLeek/experiment/RQ2/replay/output/sqlaser_mysql827_formal_mysql97_replay_20260713_141356/work/r2/queue_time_named/time:1338248,seq:001342,id:001341,src:000094,op:SQL fuzz,pos:0,+cov	0	seed
1343	1338672	/root/SQLeek/experiment/RQ2/replay/output/sqlaser_mysql827_formal_mysql97_replay_20260713_141356/work/r2/queue_time_named/time:1338672,seq:001343,id:001342,src:000094,op:SQL fuzz,pos:0,+cov	0	seed
1344	1344116	/root/SQLeek/experiment/RQ2/replay/output/sqlaser_mysql827_formal_mysql97_replay_20260713_141356/work/r2/queue_time_named/time:1344116,seq:001344,id:001343,src:000095,op:SQL fuzz,pos:0,+cov	0	seed
1345	1346112	/root/SQLeek/experiment/RQ2/replay/output/sqlaser_mysql827_formal_mysql97_replay_20260713_141356/work/r2/queue_time_named/time:1346112,seq:001345,id:001344,src:000095,op:SQL fuzz,pos:0,+cov	0	seed
1346	1347232	/root/SQLeek/experiment/RQ2/replay/output/sqlaser_mysql827_formal_mysql97_replay_20260713_141356/work/r2/queue_time_named/time:1347232,seq:001346,id:001345,src:000095,op:SQL fuzz,pos:0,+cov	0	seed
1347	1347884	/root/SQLeek/experiment/RQ2/replay/output/sqlaser_mysql827_formal_mysql97_replay_20260713_141356/work/r2/queue_time_named/time:1347884,seq:001347,id:001346,src:000096,op:SQL fuzz,pos:0,+cov	0	seed
1348	1348504	/root/SQLeek/experiment/RQ2/replay/output/sqlaser_mysql827_formal_mysql97_replay_20260713_141356/work/r2/queue_time_named/time:1348504,seq:001348,id:001347,src:000096,op:SQL fuzz,pos:0,+cov	0	seed
1349	1352956	/root/SQLeek/experiment/RQ2/replay/output/sqlaser_mysql827_formal_mysql97_replay_20260713_141356/work/r2/queue_time_named/time:1352956,seq:001349,id:001348,src:000096,op:SQL fuzz,pos:0,+cov	0	seed
1350	1353272	/root/SQLeek/experiment/RQ2/replay/output/sqlaser_mysql827_formal_mysql97_replay_20260713_141356/work/r2/queue_time_named/time:1353272,seq:001350,id:001349,src:000096,op:SQL fuzz,pos:0,+cov	0	seed
1351	1355408	/root/SQLeek/experiment/RQ2/replay/output/sqlaser_mysql827_formal_mysql97_replay_20260713_141356/work/r2/queue_time_named/time:1355408,seq:001351,id:001350,src:000096,op:SQL fuzz,pos:0,+cov	0	seed
1352	1363628	/root/SQLeek/experiment/RQ2/replay/output/sqlaser_mysql827_formal_mysql97_replay_20260713_141356/work/r2/queue_time_named/time:1363628,seq:001352,id:001351,src:000096,op:SQL fuzz,pos:0,+cov	0	seed
1353	1365696	/root/SQLeek/experiment/RQ2/replay/output/sqlaser_mysql827_formal_mysql97_replay_20260713_141356/work/r2/queue_time_named/time:1365696,seq:001353,id:001352,src:000097,op:SQL fuzz,pos:0,+cov	0	seed
1354	1368560	/root/SQLeek/experiment/RQ2/replay/output/sqlaser_mysql827_formal_mysql97_replay_20260713_141356/work/r2/queue_time_named/time:1368560,seq:001354,id:001353,src:000097,op:SQL fuzz,pos:0,+cov	0	seed
1355	1369440	/root/SQLeek/experiment/RQ2/replay/output/sqlaser_mysql827_formal_mysql97_replay_20260713_141356/work/r2/queue_time_named/time:1369440,seq:001355,id:001354,src:000097,op:SQL fuzz,pos:0,+cov	0	seed
1356	1370216	/root/SQLeek/experiment/RQ2/replay/output/sqlaser_mysql827_formal_mysql97_replay_20260713_141356/work/r2/queue_time_named/time:1370216,seq:001356,id:001355,src:000097,op:SQL fuzz,pos:0,+cov	0	seed
1357	1376948	/root/SQLeek/experiment/RQ2/replay/output/sqlaser_mysql827_formal_mysql97_replay_20260713_141356/work/r2/queue_time_named/time:1376948,seq:001357,id:001356,src:000097,op:SQL fuzz,pos:0,+cov	0	seed
1358	1379788	/root/SQLeek/experiment/RQ2/replay/output/sqlaser_mysql827_formal_mysql97_replay_20260713_141356/work/r2/queue_time_named/time:1379788,seq:001358,id:001357,src:000097,op:SQL fuzz,pos:0,+cov	0	seed
1359	1381140	/root/SQLeek/experiment/RQ2/replay/output/sqlaser_mysql827_formal_mysql97_replay_20260713_141356/work/r2/queue_time_named/time:1381140,seq:001359,id:001358,src:000098,op:SQL fuzz,pos:0,+cov	0	seed
1360	1381600	/root/SQLeek/experiment/RQ2/replay/output/sqlaser_mysql827_formal_mysql97_replay_20260713_141356/work/r2/queue_time_named/time:1381600,seq:001360,id:001359,src:000098,op:SQL fuzz,pos:0,+cov	0	seed
1361	1382112	/root/SQLeek/experiment/RQ2/replay/output/sqlaser_mysql827_formal_mysql97_replay_20260713_141356/work/r2/queue_time_named/time:1382112,seq:001361,id:001360,src:000098,op:SQL fuzz,pos:0,+cov	0	seed
1362	1382560	/root/SQLeek/experiment/RQ2/replay/output/sqlaser_mysql827_formal_mysql97_replay_20260713_141356/work/r2/queue_time_named/time:1382560,seq:001362,id:001361,src:000098,op:SQL fuzz,pos:0,+cov	0	seed
1363	1382820	/root/SQLeek/experiment/RQ2/replay/output/sqlaser_mysql827_formal_mysql97_replay_20260713_141356/work/r2/queue_time_named/time:1382820,seq:001363,id:001362,src:000098,op:SQL fuzz,pos:0,+cov	0	seed
1364	1387568	/root/SQLeek/experiment/RQ2/replay/output/sqlaser_mysql827_formal_mysql97_replay_20260713_141356/work/r2/queue_time_named/time:1387568,seq:001364,id:001363,src:000098,op:SQL fuzz,pos:0,+cov	0	seed
1365	1390472	/root/SQLeek/experiment/RQ2/replay/output/sqlaser_mysql827_formal_mysql97_replay_20260713_141356/work/r2/queue_time_named/time:1390472,seq:001365,id:001364,src:000098,op:SQL fuzz,pos:0,+cov	0	seed
1366	1395072	/root/SQLeek/experiment/RQ2/replay/output/sqlaser_mysql827_formal_mysql97_replay_20260713_141356/work/r2/queue_time_named/time:1395072,seq:001366,id:001365,src:000098,op:SQL fuzz,pos:0,+cov	0	seed
1367	1396684	/root/SQLeek/experiment/RQ2/replay/output/sqlaser_mysql827_formal_mysql97_replay_20260713_141356/work/r2/queue_time_named/time:1396684,seq:001367,id:001366,src:000098,op:SQL fuzz,pos:0,+cov	0	seed
1368	1397088	/root/SQLeek/experiment/RQ2/replay/output/sqlaser_mysql827_formal_mysql97_replay_20260713_141356/work/r2/queue_time_named/time:1397088,seq:001368,id:001367,src:000098,op:SQL fuzz,pos:0,+cov	0	seed
1369	1398228	/root/SQLeek/experiment/RQ2/replay/output/sqlaser_mysql827_formal_mysql97_replay_20260713_141356/work/r2/queue_time_named/time:1398228,seq:001369,id:001368,src:000098,op:SQL fuzz,pos:0,+cov	0	seed
1370	1400468	/root/SQLeek/experiment/RQ2/replay/output/sqlaser_mysql827_formal_mysql97_replay_20260713_141356/work/r2/queue_time_named/time:1400468,seq:001370,id:001369,src:000098,op:SQL fuzz,pos:0,+cov	0	seed
1371	1401820	/root/SQLeek/experiment/RQ2/replay/output/sqlaser_mysql827_formal_mysql97_replay_20260713_141356/work/r2/queue_time_named/time:1401820,seq:001371,id:001370,src:000098,op:SQL fuzz,pos:0,+cov	0	seed
1372	1403780	/root/SQLeek/experiment/RQ2/replay/output/sqlaser_mysql827_formal_mysql97_replay_20260713_141356/work/r2/queue_time_named/time:1403780,seq:001372,id:001371,src:000099,op:SQL fuzz,pos:0,+cov	0	seed
1373	1404708	/root/SQLeek/experiment/RQ2/replay/output/sqlaser_mysql827_formal_mysql97_replay_20260713_141356/work/r2/queue_time_named/time:1404708,seq:001373,id:001372,src:000099,op:SQL fuzz,pos:0,+cov	0	seed
1374	1404956	/root/SQLeek/experiment/RQ2/replay/output/sqlaser_mysql827_formal_mysql97_replay_20260713_141356/work/r2/queue_time_named/time:1404956,seq:001374,id:001373,src:000099,op:SQL fuzz,pos:0,+cov	0	seed
1375	1405692	/root/SQLeek/experiment/RQ2/replay/output/sqlaser_mysql827_formal_mysql97_replay_20260713_141356/work/r2/queue_time_named/time:1405692,seq:001375,id:001374,src:000099,op:SQL fuzz,pos:0,+cov	0	seed
1376	1405928	/root/SQLeek/experiment/RQ2/replay/output/sqlaser_mysql827_formal_mysql97_replay_20260713_141356/work/r2/queue_time_named/time:1405928,seq:001376,id:001375,src:000099,op:SQL fuzz,pos:0,+cov	0	seed
1377	1406104	/root/SQLeek/experiment/RQ2/replay/output/sqlaser_mysql827_formal_mysql97_replay_20260713_141356/work/r2/queue_time_named/time:1406104,seq:001377,id:001376,src:000099,op:SQL fuzz,pos:0,+cov	0	seed
1378	1407588	/root/SQLeek/experiment/RQ2/replay/output/sqlaser_mysql827_formal_mysql97_replay_20260713_141356/work/r2/queue_time_named/time:1407588,seq:001378,id:001377,src:000100,op:SQL fuzz,pos:0,+cov	0	seed
1379	1408088	/root/SQLeek/experiment/RQ2/replay/output/sqlaser_mysql827_formal_mysql97_replay_20260713_141356/work/r2/queue_time_named/time:1408088,seq:001379,id:001378,src:000100,op:SQL fuzz,pos:0,+cov	0	seed
1380	1410564	/root/SQLeek/experiment/RQ2/replay/output/sqlaser_mysql827_formal_mysql97_replay_20260713_141356/work/r2/queue_time_named/time:1410564,seq:001380,id:001379,src:000100,op:SQL fuzz,pos:0,+cov	0	seed
1381	1411804	/root/SQLeek/experiment/RQ2/replay/output/sqlaser_mysql827_formal_mysql97_replay_20260713_141356/work/r2/queue_time_named/time:1411804,seq:001381,id:001380,src:000100,op:SQL fuzz,pos:0,+cov	0	seed
1382	1412384	/root/SQLeek/experiment/RQ2/replay/output/sqlaser_mysql827_formal_mysql97_replay_20260713_141356/work/r2/queue_time_named/time:1412384,seq:001382,id:001381,src:000100,op:SQL fuzz,pos:0,+cov	0	seed
1383	1413800	/root/SQLeek/experiment/RQ2/replay/output/sqlaser_mysql827_formal_mysql97_replay_20260713_141356/work/r2/queue_time_named/time:1413800,seq:001383,id:001382,src:000100,op:SQL fuzz,pos:0,+cov	0	seed
1384	1414056	/root/SQLeek/experiment/RQ2/replay/output/sqlaser_mysql827_formal_mysql97_replay_20260713_141356/work/r2/queue_time_named/time:1414056,seq:001384,id:001383,src:000100,op:SQL fuzz,pos:0,+cov	0	seed
1385	1414848	/root/SQLeek/experiment/RQ2/replay/output/sqlaser_mysql827_formal_mysql97_replay_20260713_141356/work/r2/queue_time_named/time:1414848,seq:001385,id:001384,src:000100,op:SQL fuzz,pos:0,+cov	0	seed
1386	1415640	/root/SQLeek/experiment/RQ2/replay/output/sqlaser_mysql827_formal_mysql97_replay_20260713_141356/work/r2/queue_time_named/time:1415640,seq:001386,id:001385,src:000100,op:SQL fuzz,pos:0,+cov	0	seed
1387	1417580	/root/SQLeek/experiment/RQ2/replay/output/sqlaser_mysql827_formal_mysql97_replay_20260713_141356/work/r2/queue_time_named/time:1417580,seq:001387,id:001386,src:000100,op:SQL fuzz,pos:0,+cov	0	seed
1388	1418932	/root/SQLeek/experiment/RQ2/replay/output/sqlaser_mysql827_formal_mysql97_replay_20260713_141356/work/r2/queue_time_named/time:1418932,seq:001388,id:001387,src:000100,op:SQL fuzz,pos:0,+cov	0	seed
1389	1421024	/root/SQLeek/experiment/RQ2/replay/output/sqlaser_mysql827_formal_mysql97_replay_20260713_141356/work/r2/queue_time_named/time:1421024,seq:001389,id:001388,src:000100,op:SQL fuzz,pos:0,+cov	0	seed
1390	1422016	/root/SQLeek/experiment/RQ2/replay/output/sqlaser_mysql827_formal_mysql97_replay_20260713_141356/work/r2/queue_time_named/time:1422016,seq:001390,id:001389,src:000100,op:SQL fuzz,pos:0,+cov	0	seed
1391	1423724	/root/SQLeek/experiment/RQ2/replay/output/sqlaser_mysql827_formal_mysql97_replay_20260713_141356/work/r2/queue_time_named/time:1423724,seq:001391,id:001390,src:000100,op:SQL fuzz,pos:0,+cov	0	seed
1392	1424372	/root/SQLeek/experiment/RQ2/replay/output/sqlaser_mysql827_formal_mysql97_replay_20260713_141356/work/r2/queue_time_named/time:1424372,seq:001392,id:001391,src:000101,op:SQL fuzz,pos:0,+cov	0	seed
1393	1424984	/root/SQLeek/experiment/RQ2/replay/output/sqlaser_mysql827_formal_mysql97_replay_20260713_141356/work/r2/queue_time_named/time:1424984,seq:001393,id:001392,src:000101,op:SQL fuzz,pos:0,+cov	0	seed
1394	1425756	/root/SQLeek/experiment/RQ2/replay/output/sqlaser_mysql827_formal_mysql97_replay_20260713_141356/work/r2/queue_time_named/time:1425756,seq:001394,id:001393,src:000101,op:SQL fuzz,pos:0,+cov	0	seed
1395	1427008	/root/SQLeek/experiment/RQ2/replay/output/sqlaser_mysql827_formal_mysql97_replay_20260713_141356/work/r2/queue_time_named/time:1427008,seq:001395,id:001394,src:000101,op:SQL fuzz,pos:0,+cov	0	seed
1396	1429672	/root/SQLeek/experiment/RQ2/replay/output/sqlaser_mysql827_formal_mysql97_replay_20260713_141356/work/r2/queue_time_named/time:1429672,seq:001396,id:001395,src:000101,op:SQL fuzz,pos:0,+cov	0	seed
1397	1429840	/root/SQLeek/experiment/RQ2/replay/output/sqlaser_mysql827_formal_mysql97_replay_20260713_141356/work/r2/queue_time_named/time:1429840,seq:001397,id:001396,src:000101,op:SQL fuzz,pos:0,+cov	0	seed
1398	1431304	/root/SQLeek/experiment/RQ2/replay/output/sqlaser_mysql827_formal_mysql97_replay_20260713_141356/work/r2/queue_time_named/time:1431304,seq:001398,id:001397,src:000101,op:SQL fuzz,pos:0,+cov	0	seed
1399	1431744	/root/SQLeek/experiment/RQ2/replay/output/sqlaser_mysql827_formal_mysql97_replay_20260713_141356/work/r2/queue_time_named/time:1431744,seq:001399,id:001398,src:000101,op:SQL fuzz,pos:0,+cov	0	seed
1400	1432496	/root/SQLeek/experiment/RQ2/replay/output/sqlaser_mysql827_formal_mysql97_replay_20260713_141356/work/r2/queue_time_named/time:1432496,seq:001400,id:001399,src:000101,op:SQL fuzz,pos:0,+cov	0	restart_wait_failed
