run_id,dbms,repeat_id,region_id,rule_family,component,file,source_path,anchor_file,anchor_line,start_line,end_line,function,span_source,hit
sqlaser_sqlite354_r1,sqlite,1,sqlite_target_000001,stale,storage,btree.c,src/btree.c,btree.c,10204,10204,10210,sqlite3PagerUnref,function,1
sqlaser_sqlite354_r1,sqlite,1,sqlite_target_000002,stale,catalog_metadata,btree.c,src/btree.c,btree.c,10283,10283,10302,sqlite3BtreeClearTable,function,1
sqlaser_sqlite354_r1,sqlite,1,sqlite_target_000003,stale,storage,btree.c,src/btree.c,btree.c,1030,1030,1033,sqlite3BtreeCursorHintFlags,function,0
sqlaser_sqlite354_r1,sqlite,1,sqlite_target_000004,stale,catalog_metadata,btree.c,src/btree.c,btree.c,10309,10309,10311,sqlite3BtreeClearTableOfCursor,function,0
sqlaser_sqlite354_r1,sqlite,1,sqlite_target_000005,stale,storage,btree.c,src/btree.c,btree.c,10418,10418,10424,releasePage,function,0
sqlaser_sqlite354_r1,sqlite,1,sqlite_target_000006,stale,storage,btree.c,src/btree.c,btree.c,10447,10447,10471,sqlite3BtreeGetMeta,function,1
sqlaser_sqlite354_r1,sqlite,1,sqlite_target_000007,stale,type_system,btree.c,src/btree.c,btree.c,10477,10477,10499,sqlite3BtreeUpdateMeta,function,1
sqlaser_sqlite354_r1,sqlite,1,sqlite_target_000008,stale,storage,btree.c,src/btree.c,btree.c,10509,10509,10572,encountered,function,1
sqlaser_sqlite354_r1,sqlite,1,sqlite_target_000009,stale,storage,btree.c,src/btree.c,btree.c,10578,10578,10580,sqlite3BtreePager,function,0
sqlaser_sqlite354_r1,sqlite,1,sqlite_target_000010,stale,storage,btree.c,src/btree.c,btree.c,11146,11141,11151,,window,1
sqlaser_sqlite354_r1,sqlite,1,sqlite_target_000011,stale,storage,btree.c,src/btree.c,btree.c,11304,11304,11307,sqlite3BtreeGetFilename,function,1
sqlaser_sqlite354_r1,sqlite,1,sqlite_target_000012,stale,storage,btree.c,src/btree.c,btree.c,11317,11317,11320,sqlite3BtreeGetJournalname,function,0
sqlaser_sqlite354_r1,sqlite,1,sqlite_target_000013,stale,storage,btree.c,src/btree.c,btree.c,11326,11326,11329,sqlite3BtreeTxnState,function,1
sqlaser_sqlite354_r1,sqlite,1,sqlite_target_000014,stale,storage,btree.c,src/btree.c,btree.c,11340,11340,11353,sqlite3BtreeCheckpoint,function,1
sqlaser_sqlite354_r1,sqlite,1,sqlite_target_000015,stale,storage,btree.c,src/btree.c,btree.c,11359,11359,11363,sqlite3BtreeIsInBackup,function,0
sqlaser_sqlite354_r1,sqlite,1,sqlite_target_000016,stale,storage,btree.c,src/btree.c,btree.c,11385,11385,11395,sqlite3_free,function,1
sqlaser_sqlite354_r1,sqlite,1,sqlite_target_000017,stale,catalog_metadata,btree.c,src/btree.c,btree.c,11402,11402,11411,sqlite3BtreeSchemaLocked,function,1
sqlaser_sqlite354_r1,sqlite,1,sqlite_target_000018,stale,catalog_metadata,btree.c,src/btree.c,btree.c,11420,11420,11436,sqlite3BtreeLockTable,function,1
sqlaser_sqlite354_r1,sqlite,1,sqlite_target_000019,stale,storage,btree.c,src/btree.c,btree.c,11450,11450,11493,sqlite3BtreePutData,function,1
sqlaser_sqlite354_r1,sqlite,1,sqlite_target_000020,stale,storage,btree.c,src/btree.c,btree.c,11498,11498,11501,sqlite3BtreeIncrblobCursor,function,1
sqlaser_sqlite354_r1,sqlite,1,sqlite_target_000021,stale,storage,btree.c,src/btree.c,btree.c,11509,11509,11538,sqlite3BtreeSetVersion,function,1
sqlaser_sqlite354_r1,sqlite,1,sqlite_target_000022,stale,storage,btree.c,src/btree.c,btree.c,11544,11544,11546,sqlite3BtreeCursorHasHint,function,0
sqlaser_sqlite354_r1,sqlite,1,sqlite_target_000023,stale,storage,btree.c,src/btree.c,btree.c,11551,11551,11553,sqlite3BtreeIsReadonly,function,0
sqlaser_sqlite354_r1,sqlite,1,sqlite_target_000024,stale,storage,btree.c,src/btree.c,btree.c,11564,11564,11569,sqlite3BtreeClearCache,function,0
sqlaser_sqlite354_r1,sqlite,1,sqlite_target_000025,stale,storage,btree.c,src/btree.c,btree.c,11575,11575,11577,,function,0
sqlaser_sqlite354_r1,sqlite,1,sqlite_target_000026,stale,storage,btree.c,src/btree.c,btree.c,11584,11584,11587,sqlite3BtreeConnectionCount,function,0
sqlaser_sqlite354_r1,sqlite,1,sqlite_target_000027,stale,storage,btree.c,src/btree.c,btree.c,1623,1623,1741,defragmentPage,function,1
sqlaser_sqlite354_r1,sqlite,1,sqlite_target_000028,stale,storage,btree.c,src/btree.c,btree.c,2377,2377,2380,return,function,1
sqlaser_sqlite354_r1,sqlite,1,sqlite_target_000029,stale,storage,btree.c,src/btree.c,btree.c,2538,2533,2543,,window,1
sqlaser_sqlite354_r1,sqlite,1,sqlite_target_000030,stale,storage,btree.c,src/btree.c,btree.c,2927,2927,2984,sqlite3BtreeClose,function,1
sqlaser_sqlite354_r1,sqlite,1,sqlite_target_000031,stale,storage,btree.c,src/btree.c,btree.c,2993,2993,3000,sqlite3BtreeSetCacheSize,function,0
sqlaser_sqlite354_r1,sqlite,1,sqlite_target_000032,stale,storage,btree.c,src/btree.c,btree.c,3012,3012,3020,sqlite3BtreeSetSpillSize,function,1
sqlaser_sqlite354_r1,sqlite,1,sqlite_target_000033,stale,storage,btree.c,src/btree.c,btree.c,3027,3027,3034,sqlite3BtreeSetMmapLimit,function,0
sqlaser_sqlite354_r1,sqlite,1,sqlite_target_000034,stale,storage,btree.c,src/btree.c,btree.c,3046,3041,3051,,window,1
sqlaser_sqlite354_r1,sqlite,1,sqlite_target_000035,stale,storage,btree.c,src/btree.c,btree.c,3079,3079,3110,sqlite3BtreeSetPageSize,function,1
sqlaser_sqlite354_r1,sqlite,1,sqlite_target_000036,stale,storage,btree.c,src/btree.c,btree.c,3115,3115,3117,sqlite3BtreeGetPageSize,function,0
sqlaser_sqlite354_r1,sqlite,1,sqlite_target_000037,stale,storage,btree.c,src/btree.c,btree.c,3130,3130,3135,sqlite3BtreeEnter,function,0
sqlaser_sqlite354_r1,sqlite,1,sqlite_target_000038,stale,storage,btree.c,src/btree.c,btree.c,3146,3146,3153,sqlite3BtreeGetRequestedReserve,function,1
sqlaser_sqlite354_r1,sqlite,1,sqlite_target_000039,stale,storage,btree.c,src/btree.c,btree.c,3161,3161,3167,sqlite3BtreeMaxPageCount,function,0
sqlaser_sqlite354_r1,sqlite,1,sqlite_target_000040,stale,storage,btree.c,src/btree.c,btree.c,3187,3187,3200,sqlite3BtreeSecureDelete,function,1
sqlaser_sqlite354_r1,sqlite,1,sqlite_target_000041,stale,storage,btree.c,src/btree.c,btree.c,3208,3208,3226,sqlite3BtreeSetAutoVacuum,function,1
sqlaser_sqlite354_r1,sqlite,1,sqlite_target_000042,stale,storage,btree.c,src/btree.c,btree.c,3232,3232,3246,sqlite3BtreeGetAutoVacuum,function,0
sqlaser_sqlite354_r1,sqlite,1,sqlite_target_000043,stale,storage,btree.c,src/btree.c,btree.c,3560,3560,3567,sqlite3BtreeNewDb,function,0
sqlaser_sqlite354_r1,sqlite,1,sqlite_target_000044,stale,storage,btree.c,src/btree.c,btree.c,3811,3811,3832,btreeIntegrity,function,1
sqlaser_sqlite354_r1,sqlite,1,sqlite_target_000045,stale,storage,btree.c,src/btree.c,btree.c,4171,4171,4202,sqlite3BtreeIncrVacuum,function,1
sqlaser_sqlite354_r1,sqlite,1,sqlite_target_000046,stale,storage,btree.c,src/btree.c,btree.c,4319,4319,4340,sqlite3BtreeCommitPhaseOne,function,1
sqlaser_sqlite354_r1,sqlite,1,sqlite_target_000047,stale,storage,btree.c,src/btree.c,btree.c,4408,4408,4435,sqlite3BtreeCommitPhaseTwo,function,1
sqlaser_sqlite354_r1,sqlite,1,sqlite_target_000048,stale,storage,btree.c,src/btree.c,btree.c,4440,4440,4449,sqlite3BtreeCommit,function,0
sqlaser_sqlite354_r1,sqlite,1,sqlite_target_000049,stale,storage,btree.c,src/btree.c,btree.c,4477,4477,4503,sqlite3BtreeTripAllCursors,function,1
sqlaser_sqlite354_r1,sqlite,1,sqlite_target_000050,stale,storage,btree.c,src/btree.c,btree.c,4528,4528,4573,sqlite3BtreeRollback,function,1
sqlaser_sqlite354_r1,sqlite,1,sqlite_target_000051,stale,storage,btree.c,src/btree.c,btree.c,4593,4593,4610,sqlite3BtreeSavepoint,function,1
sqlaser_sqlite354_r1,sqlite,1,sqlite_target_000052,stale,storage,btree.c,src/btree.c,btree.c,4624,4624,4651,sqlite3BtreeSavepoint,function,1
sqlaser_sqlite354_r1,sqlite,1,sqlite_target_000053,stale,storage,btree.c,src/btree.c,btree.c,4775,4770,4780,,window,1
sqlaser_sqlite354_r1,sqlite,1,sqlite_target_000054,stale,storage,btree.c,src/btree.c,btree.c,4828,4828,4830,memset,function,1
sqlaser_sqlite354_r1,sqlite,1,sqlite_target_000055,stale,storage,btree.c,src/btree.c,btree.c,4836,4836,4869,sqlite3BtreeCloseCursor,function,1
sqlaser_sqlite354_r1,sqlite,1,sqlite_target_000056,stale,storage,btree.c,src/btree.c,btree.c,4916,4916,4919,sqlite3BtreeCursorIsValid,function,1
sqlaser_sqlite354_r1,sqlite,1,sqlite_target_000057,stale,storage,btree.c,src/btree.c,btree.c,4927,4927,4933,sqlite3BtreeIntegerKey,function,0
sqlaser_sqlite354_r1,sqlite,1,sqlite_target_000058,stale,storage,btree.c,src/btree.c,btree.c,4938,4938,4941,sqlite3BtreeCursorPin,function,1
sqlaser_sqlite354_r1,sqlite,1,sqlite_target_000059,stale,storage,btree.c,src/btree.c,btree.c,4942,4942,4945,sqlite3BtreeCursorPin,function,1
sqlaser_sqlite354_r1,sqlite,1,sqlite_target_000060,stale,storage,btree.c,src/btree.c,btree.c,4951,4951,4957,sqlite3BtreeOffset,function,0
sqlaser_sqlite354_r1,sqlite,1,sqlite_target_000061,stale,storage,btree.c,src/btree.c,btree.c,4968,4968,4973,sqlite3BtreePayloadSize,function,0
sqlaser_sqlite354_r1,sqlite,1,sqlite_target_000062,stale,storage,btree.c,src/btree.c,btree.c,4988,4988,4992,sqlite3BtreeMaxRecordSize,function,0
sqlaser_sqlite354_r1,sqlite,1,sqlite_target_000063,stale,storage,btree.c,src/btree.c,btree.c,5353,5353,5358,sqlite3BtreePayload,function,0
sqlaser_sqlite354_r1,sqlite,1,sqlite_target_000064,stale,storage,btree.c,src/btree.c,btree.c,5380,5380,5387,assert,function,0
sqlaser_sqlite354_r1,sqlite,1,sqlite_target_000065,stale,storage,btree.c,src/btree.c,btree.c,5448,5448,5450,sqlite3BtreePayloadFetch,function,1
sqlaser_sqlite354_r1,sqlite,1,sqlite_target_000066,stale,storage,btree.c,src/btree.c,btree.c,5696,5696,5712,sqlite3BtreeFirst,function,1
sqlaser_sqlite354_r1,sqlite,1,sqlite_target_000067,stale,storage,btree.c,src/btree.c,btree.c,5719,5719,5736,sqlite3BtreeIsEmpty,function,1
sqlaser_sqlite354_r1,sqlite,1,sqlite_target_000068,stale,storage,btree.c,src/btree.c,btree.c,5777,5777,5788,sqlite3BtreeLast,function,0
sqlaser_sqlite354_r1,sqlite,1,sqlite_target_000069,stale,storage,btree.c,src/btree.c,btree.c,5813,5808,5818,,window,1
sqlaser_sqlite354_r1,sqlite,1,sqlite_target_000070,stale,storage,btree.c,src/btree.c,btree.c,6044,6039,6049,,window,1
sqlaser_sqlite354_r1,sqlite,1,sqlite_target_000071,stale,storage,btree.c,src/btree.c,btree.c,6282,6282,6288,sqlite3BtreeNext,function,1
sqlaser_sqlite354_r1,sqlite,1,sqlite_target_000072,stale,storage,btree.c,src/btree.c,btree.c,6295,6295,6313,sqlite3BtreeRowCountEst,function,1
sqlaser_sqlite354_r1,sqlite,1,sqlite_target_000073,stale,storage,btree.c,src/btree.c,btree.c,6389,6389,6407,moveToLeftmost,function,1
sqlaser_sqlite354_r1,sqlite,1,sqlite_target_000074,stale,storage,btree.c,src/btree.c,btree.c,6481,6481,6495,sqlite3BtreePrevious,function,1
sqlaser_sqlite354_r1,sqlite,1,sqlite_target_000075,stale,storage,btree.c,src/btree.c,btree.c,858,858,863,sqlite3BtreeClearCursor,function,0
sqlaser_sqlite354_r1,sqlite,1,sqlite_target_000076,stale,storage,btree.c,src/btree.c,btree.c,9414,9409,9419,,window,1
sqlaser_sqlite354_r1,sqlite,1,sqlite_target_000077,stale,storage,btree.c,src/btree.c,btree.c,949,949,955,sqlite3BtreeCursorRestore,function,1
sqlaser_sqlite354_r1,sqlite,1,sqlite_target_000078,stale,storage,btree.c,src/btree.c,btree.c,9732,9732,9827,sqlite3BtreeInsert,function,1
sqlaser_sqlite354_r1,sqlite,1,sqlite_target_000079,stale,storage,btree.c,src/btree.c,btree.c,981,981,997,sqlite3BtreeCursorHasMoved,function,1
sqlaser_sqlite354_r1,sqlite,1,sqlite_target_000080,stale,storage,btree.c,src/btree.c,btree.c,9846,9846,10046,sqlite3BtreeDelete,function,1
sqlaser_sqlite354_r1,sqlite,1,sqlite_target_000081,stale,other,delete.c,src/delete.c,delete.c,288,283,293,,window,0
sqlaser_sqlite354_r1,sqlite,1,sqlite_target_000082,stale,other,expr.c,src/expr.c,expr.c,1004,999,1009,,window,1
sqlaser_sqlite354_r1,sqlite,1,sqlite_target_000083,stale,type_system,expr.c,src/expr.c,expr.c,107,107,165,sqlite3ExprDataType,function,1
sqlaser_sqlite354_r1,sqlite,1,sqlite_target_000084,stale,other,expr.c,src/expr.c,expr.c,1100,1100,1137,IN,function,1
sqlaser_sqlite354_r1,sqlite,1,sqlite_target_000085,stale,other,expr.c,src/expr.c,expr.c,1147,1147,1165,sqlite3ExprAnd,function,1
sqlaser_sqlite354_r1,sqlite,1,sqlite_target_000086,stale,other,expr.c,src/expr.c,expr.c,1171,1166,1176,,window,1
sqlaser_sqlite354_r1,sqlite,1,sqlite_target_000087,stale,other,expr.c,src/expr.c,expr.c,1205,1205,1209,sqlite3ExprOrderByAggregateError,function,0
sqlaser_sqlite354_r1,sqlite,1,sqlite_target_000088,stale,other,expr.c,src/expr.c,expr.c,1221,1216,1226,,window,0
sqlaser_sqlite354_r1,sqlite,1,sqlite_target_000089,stale,other,expr.c,src/expr.c,expr.c,1278,1273,1283,,window,1
sqlaser_sqlite354_r1,sqlite,1,sqlite_target_000090,stale,other,expr.c,src/expr.c,expr.c,1319,1319,1384,sqlite3ExprAssignVarNumber,function,1
sqlaser_sqlite354_r1,sqlite,1,sqlite_target_000091,stale,other,expr.c,src/expr.c,expr.c,1389,1389,1439,sqlite3ExprDeleteNN,function,1
sqlaser_sqlite354_r1,sqlite,1,sqlite_target_000092,stale,other,expr.c,src/expr.c,expr.c,1440,1440,1442,,function,1
sqlaser_sqlite354_r1,sqlite,1,sqlite_target_000093,stale,other,expr.c,src/expr.c,expr.c,1470,1470,1472,sqlite3ExprDeferredDelete,function,0
sqlaser_sqlite354_r1,sqlite,1,sqlite_target_000094,stale,other,expr.c,src/expr.c,expr.c,1477,1477,1484,sqlite3ExprUnmapAndDelete,function,1
sqlaser_sqlite354_r1,sqlite,1,sqlite_target_000095,stale,other,expr.c,src/expr.c,expr.c,175,170,180,,window,1
sqlaser_sqlite354_r1,sqlite,1,sqlite_target_000096,stale,other,expr.c,src/expr.c,expr.c,1829,1829,1832,sqlite3ExprDup,function,1
sqlaser_sqlite354_r1,sqlite,1,sqlite_target_000097,stale,other,expr.c,src/expr.c,expr.c,1833,1833,1874,sqlite3ExprDup,function,1
sqlaser_sqlite354_r1,sqlite,1,sqlite_target_000098,stale,other,expr.c,src/expr.c,expr.c,191,186,196,,window,1
sqlaser_sqlite354_r1,sqlite,1,sqlite_target_000099,stale,other,expr.c,src/expr.c,expr.c,2026,2021,2031,,window,1
sqlaser_sqlite354_r1,sqlite,1,sqlite_target_000100,stale,other,expr.c,src/expr.c,expr.c,2045,2040,2050,,window,1
sqlaser_sqlite354_r1,sqlite,1,sqlite_target_000101,stale,type_system,expr.c,src/expr.c,expr.c,205,205,211,sqlite3ExprSkipCollate,function,1
sqlaser_sqlite354_r1,sqlite,1,sqlite_target_000102,stale,other,expr.c,src/expr.c,expr.c,2066,2061,2071,,window,1
sqlaser_sqlite354_r1,sqlite,1,sqlite_target_000103,stale,other,expr.c,src/expr.c,expr.c,2095,2090,2100,,window,1
sqlaser_sqlite354_r1,sqlite,1,sqlite_target_000104,stale,other,expr.c,src/expr.c,expr.c,2157,2157,2185,sqlite3ExprListSetSortOrder,function,1
sqlaser_sqlite354_r1,sqlite,1,sqlite_target_000105,stale,type_system,expr.c,src/expr.c,expr.c,218,218,232,sqlite3ExprSkipCollateAndLikely,function,1
sqlaser_sqlite354_r1,sqlite,1,sqlite_target_000106,stale,other,expr.c,src/expr.c,expr.c,2195,2190,2200,,window,1
sqlaser_sqlite354_r1,sqlite,1,sqlite_target_000107,stale,other,expr.c,src/expr.c,expr.c,2230,2225,2235,,window,1
sqlaser_sqlite354_r1,sqlite,1,sqlite_target_000108,stale,other,expr.c,src/expr.c,expr.c,2252,2247,2257,,window,1
sqlaser_sqlite354_r1,sqlite,1,sqlite_target_000109,stale,other,expr.c,src/expr.c,expr.c,2280,2280,2282,,function,1
sqlaser_sqlite354_r1,sqlite,1,sqlite_target_000110,stale,other,expr.c,src/expr.c,expr.c,2291,2291,2301,sqlite3ExprListFlags,function,1
sqlaser_sqlite354_r1,sqlite,1,sqlite_target_000111,stale,other,expr.c,src/expr.c,expr.c,2336,2336,2347,sqlite3ExprIdToTrueFalse,function,1
sqlaser_sqlite354_r1,sqlite,1,sqlite_target_000112,stale,other,expr.c,src/expr.c,expr.c,2353,2353,2360,sqlite3ExprTruthValue,function,1
sqlaser_sqlite354_r1,sqlite,1,sqlite_target_000113,stale,other,expr.c,src/expr.c,expr.c,2375,2375,2387,,function,1
sqlaser_sqlite354_r1,sqlite,1,sqlite_target_000114,stale,other,expr.c,src/expr.c,expr.c,248,248,309,sqlite3ExprCollSeq,function,1
sqlaser_sqlite354_r1,sqlite,1,sqlite_target_000115,stale,other,expr.c,src/expr.c,expr.c,2647,2647,2649,sqlite3ExprIsConstant,function,0
sqlaser_sqlite354_r1,sqlite,1,sqlite_target_000116,stale,other,expr.c,src/expr.c,expr.c,2664,2664,2666,sqlite3ExprCodeRunJustOnce,function,0
sqlaser_sqlite354_r1,sqlite,1,sqlite_target_000117,stale,catalog_metadata,expr.c,src/expr.c,expr.c,2693,2693,2709,sqlite3ExprIsTableConstant,function,1
sqlaser_sqlite354_r1,sqlite,1,sqlite_target_000118,stale,other,expr.c,src/expr.c,expr.c,2755,2750,2760,,window,1
sqlaser_sqlite354_r1,sqlite,1,sqlite_target_000119,stale,other,expr.c,src/expr.c,expr.c,2836,2836,2845,sqlite3ExprIsConstantOrGroupBy,function,0
sqlaser_sqlite354_r1,sqlite,1,sqlite_target_000120,stale,other,expr.c,src/expr.c,expr.c,2868,2868,2871,string,function,1
sqlaser_sqlite354_r1,sqlite,1,sqlite_target_000121,stale,other,expr.c,src/expr.c,expr.c,2901,2901,2951,parameter,function,1
sqlaser_sqlite354_r1,sqlite,1,sqlite_target_000122,stale,other,expr.c,src/expr.c,expr.c,2967,2967,2996,negative,function,1
sqlaser_sqlite354_r1,sqlite,1,sqlite_target_000123,stale,other,expr.c,src/expr.c,expr.c,3008,3008,3039,sqlite3ExprNeedsNoAffinityChange,function,1
sqlaser_sqlite354_r1,sqlite,1,sqlite_target_000124,stale,other,expr.c,src/expr.c,expr.c,321,321,326,sqlite3ExprCollSeq,function,1
sqlaser_sqlite354_r1,sqlite,1,sqlite_target_000125,stale,other,expr.c,src/expr.c,expr.c,331,331,337,sqlite3ExprCollSeqMatch,function,1
sqlaser_sqlite354_r1,sqlite,1,sqlite_target_000126,stale,other,expr.c,src/expr.c,expr.c,3990,3990,4002,IN,function,1
sqlaser_sqlite354_r1,sqlite,1,sqlite_target_000127,stale,other,expr.c,src/expr.c,expr.c,4031,4026,4036,,window,1
sqlaser_sqlite354_r1,sqlite,1,sqlite_target_000128,stale,other,expr.c,src/expr.c,expr.c,4361,4356,4366,,window,1
sqlaser_sqlite354_r1,sqlite,1,sqlite_target_000129,stale,other,expr.c,src/expr.c,expr.c,4386,4381,4391,,window,1
sqlaser_sqlite354_r1,sqlite,1,sqlite_target_000130,stale,other,expr.c,src/expr.c,expr.c,4419,4414,4424,,window,1
sqlaser_sqlite354_r1,sqlite,1,sqlite_target_000131,stale,other,expr.c,src/expr.c,expr.c,4476,4471,4481,,window,1
sqlaser_sqlite354_r1,sqlite,1,sqlite_target_000132,stale,other,expr.c,src/expr.c,expr.c,45,45,95,t1,function,1
sqlaser_sqlite354_r1,sqlite,1,sqlite_target_000133,stale,other,expr.c,src/expr.c,expr.c,4500,4500,4502,sqlite3ExprCodeMove,function,0
sqlaser_sqlite354_r1,sqlite,1,sqlite_target_000134,stale,other,expr.c,src/expr.c,expr.c,4509,4509,4520,sqlite3ExprToRegister,function,1
sqlaser_sqlite354_r1,sqlite,1,sqlite_target_000135,stale,other,expr.c,src/expr.c,expr.c,454,454,460,sqlite3BinaryCompareCollSeq,function,1
sqlaser_sqlite354_r1,sqlite,1,sqlite_target_000136,stale,type_system,expr.c,src/expr.c,expr.c,4743,4743,4750,sqlite3ExprCanReturnSubtype,function,0
sqlaser_sqlite354_r1,sqlite,1,sqlite_target_000137,stale,other,expr.c,src/expr.c,expr.c,4943,4943,5771,sqlite3ExprCodeTarget,function,1
sqlaser_sqlite354_r1,sqlite,1,sqlite_target_000138,stale,other,expr.c,src/expr.c,expr.c,501,501,503,sqlite3ExprIsVector,function,0
sqlaser_sqlite354_r1,sqlite,1,sqlite_target_000139,stale,other,expr.c,src/expr.c,expr.c,511,511,523,sqlite3ExprVectorSize,function,1
sqlaser_sqlite354_r1,sqlite,1,sqlite_target_000140,stale,other,expr.c,src/expr.c,expr.c,576,571,581,,window,1
sqlaser_sqlite354_r1,sqlite,1,sqlite_target_000141,stale,other,expr.c,src/expr.c,expr.c,5790,5785,5795,,window,0
sqlaser_sqlite354_r1,sqlite,1,sqlite_target_000142,stale,other,expr.c,src/expr.c,expr.c,5841,5836,5846,,window,1
sqlaser_sqlite354_r1,sqlite,1,sqlite_target_000143,stale,other,expr.c,src/expr.c,expr.c,5869,5869,5890,sqlite3ExprCodeTemp,function,1
sqlaser_sqlite354_r1,sqlite,1,sqlite_target_000144,stale,other,expr.c,src/expr.c,expr.c,5897,5897,5918,sqlite3ExprCode,function,1
sqlaser_sqlite354_r1,sqlite,1,sqlite_target_000145,stale,other,expr.c,src/expr.c,expr.c,5925,5925,5930,sqlite3ExprCodeCopy,function,0
sqlaser_sqlite354_r1,sqlite,1,sqlite_target_000146,stale,other,expr.c,src/expr.c,expr.c,5938,5938,5944,sqlite3ExprCodeFactorable,function,0
sqlaser_sqlite354_r1,sqlite,1,sqlite_target_000147,stale,other,expr.c,src/expr.c,expr.c,5966,5961,5971,,window,0
sqlaser_sqlite354_r1,sqlite,1,sqlite_target_000148,stale,other,expr.c,src/expr.c,expr.c,6113,6113,6268,values,function,1
sqlaser_sqlite354_r1,sqlite,1,sqlite_target_000149,stale,other,expr.c,src/expr.c,expr.c,6279,6279,6468,NULL,function,1
sqlaser_sqlite354_r1,sqlite,1,sqlite_target_000150,stale,other,expr.c,src/expr.c,expr.c,6475,6475,6482,sqlite3ExprIfFalseDup,function,1
sqlaser_sqlite354_r1,sqlite,1,sqlite_target_000151,stale,other,expr.c,src/expr.c,expr.c,6557,6552,6562,,window,0
sqlaser_sqlite354_r1,sqlite,1,sqlite_target_000152,stale,other,expr.c,src/expr.c,expr.c,6659,6659,6672,sqlite3ExprListCompare,function,1
sqlaser_sqlite354_r1,sqlite,1,sqlite_target_000153,stale,other,expr.c,src/expr.c,expr.c,6678,6678,6683,sqlite3ExprCompareSkip,function,1
sqlaser_sqlite354_r1,sqlite,1,sqlite_target_000154,stale,other,expr.c,src/expr.c,expr.c,6767,6767,6774,sqlite3ExprIsNotTrue,function,1
sqlaser_sqlite354_r1,sqlite,1,sqlite_target_000155,stale,other,expr.c,src/expr.c,expr.c,6786,6786,6811,iif,function,1
sqlaser_sqlite354_r1,sqlite,1,sqlite_target_000156,stale,other,expr.c,src/expr.c,expr.c,6840,6835,6845,,window,0
sqlaser_sqlite354_r1,sqlite,1,sqlite_target_000157,stale,other,expr.c,src/expr.c,expr.c,7024,7024,7044,sqlite3ExprImpliesNonNullRow,function,1
sqlaser_sqlite354_r1,sqlite,1,sqlite_target_000158,stale,other,expr.c,src/expr.c,expr.c,7084,7079,7089,,window,0
sqlaser_sqlite354_r1,sqlite,1,sqlite_target_000159,stale,other,expr.c,src/expr.c,expr.c,7562,7562,7572,sqlite3ResolveExprNames,function,1
sqlaser_sqlite354_r1,sqlite,1,sqlite_target_000160,stale,other,expr.c,src/expr.c,expr.c,7580,7580,7588,sqlite3ExprAnalyzeAggregates,function,1
sqlaser_sqlite354_r1,sqlite,1,sqlite_target_000161,stale,other,expr.c,src/expr.c,expr.c,794,794,804,sqlite3ExprCheckHeight,function,1
sqlaser_sqlite354_r1,sqlite,1,sqlite_target_000162,stale,other,expr.c,src/expr.c,expr.c,874,874,878,sqlite3ExprSetHeightAndFlags,function,1
sqlaser_sqlite354_r1,sqlite,1,sqlite_target_000163,stale,other,expr.c,src/expr.c,expr.c,906,906,910,sqlite3ExprSetErrorOffset,function,1
sqlaser_sqlite354_r1,sqlite,1,sqlite_target_000164,stale,other,expr.c,src/expr.c,expr.c,933,928,938,,window,1
sqlaser_sqlite354_r1,sqlite,1,sqlite_target_000165,stale,other,expr.c,src/expr.c,expr.c,983,983,996,sqlite3ExprInt32,function,1
sqlaser_sqlite354_r1,sqlite,1,sqlite_target_000166,stale,other,insert.c,src/insert.c,insert.c,1718,1713,1723,,window,1
sqlaser_sqlite354_r1,sqlite,1,sqlite_target_000167,stale,other,insert.c,src/insert.c,insert.c,894,889,899,,window,0
sqlaser_sqlite354_r1,sqlite,1,sqlite_target_000168,stale,other,resolve.c,src/resolve.c,resolve.c,179,179,200,sqlite3ExprColUsed,function,1
sqlaser_sqlite354_r1,sqlite,1,sqlite_target_000169,stale,other,select.c,src/select.c,select.c,7578,7573,7583,,window,0
sqlaser_sqlite354_r1,sqlite,1,sqlite_target_000170,stale,type_system,update.c,src/update.c,update.c,285,280,290,,window,0
sqlaser_sqlite354_r1,sqlite,1,sqlite_target_000171,stale,executor,vdbe.c,src/vdbe.c,vdbe.c,436,436,449,sqlite3_value_numeric_type,function,1
sqlaser_sqlite354_r1,sqlite,1,sqlite_target_000172,stale,executor,vdbe.c,src/vdbe.c,vdbe.c,720,715,725,,window,0
sqlaser_sqlite354_r1,sqlite,1,sqlite_target_000173,stale,executor,vdbe.c,src/vdbe.c,vdbe.c,806,801,811,,window,0
sqlaser_sqlite354_r1,sqlite,1,sqlite_target_000174,stale,executor,vdbe.c,src/vdbe.c,vdbe.c,835,830,840,,window,1
sqlaser_sqlite354_r1,sqlite,1,sqlite_target_000175,stale,executor,vdbe.c,src/vdbe.c,vdbe.c,866,866,875,vdbeMemTypeName,function,1
sqlaser_sqlite354_r1,sqlite,1,sqlite_target_000176,stale,executor,vdbe.c,src/vdbe.c,vdbe.c,881,876,886,,window,1
sqlaser_sqlite354_r1,sqlite,1,sqlite_target_000177,stale,executor,vdbeapi.c,src/vdbeapi.c,vdbeapi.c,1654,1654,1691,assert,function,1
sqlaser_sqlite354_r1,sqlite,1,sqlite_target_000178,stale,executor,vdbeapi.c,src/vdbeapi.c,vdbeapi.c,1953,1953,1956,sqlite3VdbeParameterIndex,function,0
sqlaser_sqlite354_r1,sqlite,1,sqlite_target_000179,stale,executor,vdbeapi.c,src/vdbeapi.c,vdbeapi.c,40,40,47,vdbeSafety,function,1
sqlaser_sqlite354_r1,sqlite,1,sqlite_target_000180,stale,executor,vdbeapi.c,src/vdbeapi.c,vdbeapi.c,48,48,55,vdbeSafetyNotNull,function,1
sqlaser_sqlite354_r1,sqlite,1,sqlite_target_000181,stale,executor,vdbeapi.c,src/vdbeapi.c,vdbeapi.c,913,913,960,sqlite3_step,function,1
sqlaser_sqlite354_r1,sqlite,1,sqlite_target_000182,stale,executor,vdbeaux.c,src/vdbeaux.c,vdbeaux.c,1075,1075,1078,sqlite3VdbeCurrentAddr,function,0
sqlaser_sqlite354_r1,sqlite,1,sqlite_target_000183,stale,executor,vdbeaux.c,src/vdbeaux.c,vdbeaux.c,1132,1132,1143,sqlite3VdbeTakeOpArray,function,1
sqlaser_sqlite354_r1,sqlite,1,sqlite_target_000184,stale,executor,vdbeaux.c,src/vdbeaux.c,vdbeaux.c,1152,1147,1157,,window,1
sqlaser_sqlite354_r1,sqlite,1,sqlite_target_000185,stale,executor,vdbeaux.c,src/vdbeaux.c,vdbeaux.c,127,127,152,sqlite3VdbeSwap,function,1
sqlaser_sqlite354_r1,sqlite,1,sqlite_target_000186,stale,executor,vdbeaux.c,src/vdbeaux.c,vdbeaux.c,1291,1291,1294,sqlite3VdbeChangeOpcode,function,1
sqlaser_sqlite354_r1,sqlite,1,sqlite_target_000187,stale,executor,vdbeaux.c,src/vdbeaux.c,vdbeaux.c,1295,1295,1298,sqlite3VdbeChangeOpcode,function,1
sqlaser_sqlite354_r1,sqlite,1,sqlite_target_000188,stale,executor,vdbeaux.c,src/vdbeaux.c,vdbeaux.c,1299,1299,1302,sqlite3VdbeChangeP1,function,1
sqlaser_sqlite354_r1,sqlite,1,sqlite_target_000189,stale,executor,vdbeaux.c,src/vdbeaux.c,vdbeaux.c,1303,1303,1306,sqlite3VdbeChangeP2,function,0
sqlaser_sqlite354_r1,sqlite,1,sqlite_target_000190,stale,executor,vdbeaux.c,src/vdbeaux.c,vdbeaux.c,1307,1307,1310,sqlite3VdbeChangeP3,function,1
sqlaser_sqlite354_r1,sqlite,1,sqlite_target_000191,stale,executor,vdbeaux.c,src/vdbeaux.c,vdbeaux.c,1317,1317,1325,sqlite3VdbeTypeofColumn,function,1
sqlaser_sqlite354_r1,sqlite,1,sqlite_target_000192,stale,executor,vdbeaux.c,src/vdbeaux.c,vdbeaux.c,1331,1331,1333,sqlite3VdbeJumpHere,function,0
sqlaser_sqlite354_r1,sqlite,1,sqlite_target_000193,stale,executor,vdbeaux.c,src/vdbeaux.c,vdbeaux.c,1348,1348,1361,sqlite3VdbeJumpHereOrPopInst,function,1
sqlaser_sqlite354_r1,sqlite,1,sqlite_target_000194,stale,executor,vdbeaux.c,src/vdbeaux.c,vdbeaux.c,1378,1378,1381,freeP4Mem,function,1
sqlaser_sqlite354_r1,sqlite,1,sqlite_target_000195,stale,executor,vdbeaux.c,src/vdbeaux.c,vdbeaux.c,1445,1445,1460,vdbeFreeOpArray,function,1
sqlaser_sqlite354_r1,sqlite,1,sqlite_target_000196,stale,parser,vdbeaux.c,src/vdbeaux.c,vdbeaux.c,1467,1467,1470,sqlite3VdbeLinkSubProgram,function,0
sqlaser_sqlite354_r1,sqlite,1,sqlite_target_000197,stale,parser,vdbeaux.c,src/vdbeaux.c,vdbeaux.c,1475,1475,1477,sqlite3VdbeHasSubProgram,function,1
sqlaser_sqlite354_r1,sqlite,1,sqlite_target_000198,stale,executor,vdbeaux.c,src/vdbeaux.c,vdbeaux.c,1482,1482,1492,sqlite3VdbeChangeToNoop,function,1
sqlaser_sqlite354_r1,sqlite,1,sqlite_target_000199,stale,executor,vdbeaux.c,src/vdbeaux.c,vdbeaux.c,1498,1498,1504,sqlite3VdbeDeletePriorOpcode,function,0
sqlaser_sqlite354_r1,sqlite,1,sqlite_target_000200,stale,executor,vdbeaux.c,src/vdbeaux.c,vdbeaux.c,1557,1552,1562,,window,1
sqlaser_sqlite354_r1,sqlite,1,sqlite_target_000201,stale,executor,vdbeaux.c,src/vdbeaux.c,vdbeaux.c,1576,1576,1608,,function,1
sqlaser_sqlite354_r1,sqlite,1,sqlite_target_000202,stale,executor,vdbeaux.c,src/vdbeaux.c,vdbeaux.c,1619,1619,1633,sqlite3VdbeChangeP4,function,1
sqlaser_sqlite354_r1,sqlite,1,sqlite_target_000203,stale,executor,vdbeaux.c,src/vdbeaux.c,vdbeaux.c,1639,1639,1646,sqlite3VdbeSetP4KeyInfo,function,1
sqlaser_sqlite354_r1,sqlite,1,sqlite_target_000204,stale,executor,vdbeaux.c,src/vdbeaux.c,vdbeaux.c,1705,1705,1716,sqlite3VdbeGetOp,function,1
sqlaser_sqlite354_r1,sqlite,1,sqlite_target_000205,stale,executor,vdbeaux.c,src/vdbeaux.c,vdbeaux.c,1720,1720,1722,sqlite3VdbeGetLastOp,function,0
sqlaser_sqlite354_r1,sqlite,1,sqlite_target_000206,stale,executor,vdbeaux.c,src/vdbeaux.c,vdbeaux.c,1914,1914,2033,sqlite3VdbeDisplayP4,function,0
sqlaser_sqlite354_r1,sqlite,1,sqlite_target_000207,stale,executor,vdbeaux.c,src/vdbeaux.c,vdbeaux.c,2044,2044,2051,sqlite3VdbeUsesBtree,function,0
sqlaser_sqlite354_r1,sqlite,1,sqlite_target_000208,stale,executor,vdbeaux.c,src/vdbeaux.c,vdbeaux.c,2075,2075,2089,sqlite3VdbeEnter,function,1
sqlaser_sqlite354_r1,sqlite,1,sqlite_target_000209,stale,executor,vdbeaux.c,src/vdbeaux.c,vdbeaux.c,2096,2096,2109,,function,1
sqlaser_sqlite354_r1,sqlite,1,sqlite_target_000210,stale,executor,vdbeaux.c,src/vdbeaux.c,vdbeaux.c,2110,2110,2113,,function,0
sqlaser_sqlite354_r1,sqlite,1,sqlite_target_000211,stale,executor,vdbeaux.c,src/vdbeaux.c,vdbeaux.c,2164,2164,2178,initMemArray,function,1
sqlaser_sqlite354_r1,sqlite,1,sqlite_target_000212,stale,executor,vdbeaux.c,src/vdbeaux.c,vdbeaux.c,2188,2188,2233,releaseMemArray,function,1
sqlaser_sqlite354_r1,sqlite,1,sqlite_target_000213,stale,executor,vdbeaux.c,src/vdbeaux.c,vdbeaux.c,2256,2256,2261,sqlite3VdbeFrameMemDel,function,0
sqlaser_sqlite354_r1,sqlite,1,sqlite_target_000214,stale,executor,vdbeaux.c,src/vdbeaux.c,vdbeaux.c,2271,2266,2276,,window,0
sqlaser_sqlite354_r1,sqlite,1,sqlite_target_000215,stale,executor,vdbeaux.c,src/vdbeaux.c,vdbeaux.c,2383,2383,2394,sqlite3VdbeFrameDelete,function,0
sqlaser_sqlite354_r1,sqlite,1,sqlite_target_000216,stale,executor,vdbeaux.c,src/vdbeaux.c,vdbeaux.c,2415,2410,2420,,window,0
sqlaser_sqlite354_r1,sqlite,1,sqlite_target_000217,stale,executor,vdbeaux.c,src/vdbeaux.c,vdbeaux.c,25,25,47,vdbeFreeOpArray,function,1
sqlaser_sqlite354_r1,sqlite,1,sqlite_target_000218,stale,executor,vdbeaux.c,src/vdbeaux.c,vdbeaux.c,2602,2602,2636,sqlite3VdbeRewind,function,1
sqlaser_sqlite354_r1,sqlite,1,sqlite_target_000219,stale,executor,vdbeaux.c,src/vdbeaux.c,vdbeaux.c,263,263,265,sqlite3VdbeAddOp0,function,1
sqlaser_sqlite354_r1,sqlite,1,sqlite_target_000220,stale,executor,vdbeaux.c,src/vdbeaux.c,vdbeaux.c,2656,2651,2661,,window,1
sqlaser_sqlite354_r1,sqlite,1,sqlite_target_000221,stale,executor,vdbeaux.c,src/vdbeaux.c,vdbeaux.c,266,266,268,sqlite3VdbeAddOp0,function,1
sqlaser_sqlite354_r1,sqlite,1,sqlite_target_000222,stale,executor,vdbeaux.c,src/vdbeaux.c,vdbeaux.c,269,269,271,sqlite3VdbeAddOp3,function,1
sqlaser_sqlite354_r1,sqlite,1,sqlite_target_000223,stale,executor,vdbeaux.c,src/vdbeaux.c,vdbeaux.c,272,272,316,sqlite3VdbeAddOp3,function,1
sqlaser_sqlite354_r1,sqlite,1,sqlite_target_000224,stale,executor,vdbeaux.c,src/vdbeaux.c,vdbeaux.c,2759,2759,2761,sqlite3VdbeFreeCursor,function,1
sqlaser_sqlite354_r1,sqlite,1,sqlite_target_000225,stale,executor,vdbeaux.c,src/vdbeaux.c,vdbeaux.c,2762,2762,2773,sqlite3VdbeFreeCursor,function,1
sqlaser_sqlite354_r1,sqlite,1,sqlite_target_000226,stale,executor,vdbeaux.c,src/vdbeaux.c,vdbeaux.c,2774,2774,2800,sqlite3DbFree,function,1
sqlaser_sqlite354_r1,sqlite,1,sqlite_target_000227,stale,executor,vdbeaux.c,src/vdbeaux.c,vdbeaux.c,2805,2805,2814,closeCursorsInFrame,function,1
sqlaser_sqlite354_r1,sqlite,1,sqlite_target_000228,stale,executor,vdbeaux.c,src/vdbeaux.c,vdbeaux.c,2821,2821,2837,sqlite3VdbeFrameRestore,function,0
sqlaser_sqlite354_r1,sqlite,1,sqlite_target_000229,stale,executor,vdbeaux.c,src/vdbeaux.c,vdbeaux.c,2847,2847,2867,closeAllCursors,function,1
sqlaser_sqlite354_r1,sqlite,1,sqlite_target_000230,stale,executor,vdbeaux.c,src/vdbeaux.c,vdbeaux.c,2875,2875,2888,sqlite3_column_count,function,1
sqlaser_sqlite354_r1,sqlite,1,sqlite_target_000231,stale,executor,vdbeaux.c,src/vdbeaux.c,vdbeaux.c,2900,2895,2905,,window,1
sqlaser_sqlite354_r1,sqlite,1,sqlite_target_000232,stale,executor,vdbeaux.c,src/vdbeaux.c,vdbeaux.c,2928,2928,3184,vdbeCommit,function,1
sqlaser_sqlite354_r1,sqlite,1,sqlite_target_000233,stale,executor,vdbeaux.c,src/vdbeaux.c,vdbeaux.c,317,312,322,,window,1
sqlaser_sqlite354_r1,sqlite,1,sqlite_target_000234,stale,executor,vdbeaux.c,src/vdbeaux.c,vdbeaux.c,3228,3228,3273,vdbeCloseStatement,function,1
sqlaser_sqlite354_r1,sqlite,1,sqlite_target_000235,stale,executor,vdbeaux.c,src/vdbeaux.c,vdbeaux.c,3274,3274,3279,sqlite3VdbeCloseStatement,function,0
sqlaser_sqlite354_r1,sqlite,1,sqlite_target_000236,stale,executor,vdbeaux.c,src/vdbeaux.c,vdbeaux.c,3293,3293,3299,vdbeFkError,function,1
sqlaser_sqlite354_r1,sqlite,1,sqlite_target_000237,stale,executor,vdbeaux.c,src/vdbeaux.c,vdbeaux.c,3300,3300,3303,sqlite3VdbeError,function,0
sqlaser_sqlite354_r1,sqlite,1,sqlite_target_000238,stale,executor,vdbeaux.c,src/vdbeaux.c,vdbeaux.c,3304,3304,3308,sqlite3VdbeCheckFkImmediate,function,0
sqlaser_sqlite354_r1,sqlite,1,sqlite_target_000239,stale,executor,vdbeaux.c,src/vdbeaux.c,vdbeaux.c,3324,3324,3526,sqlite3VdbeHalt,function,1
sqlaser_sqlite354_r1,sqlite,1,sqlite_target_000240,stale,executor,vdbeaux.c,src/vdbeaux.c,vdbeaux.c,3533,3533,3535,sqlite3VdbeResetStepResult,function,0
sqlaser_sqlite354_r1,sqlite,1,sqlite_target_000241,stale,executor,vdbeaux.c,src/vdbeaux.c,vdbeaux.c,3545,3545,3561,sqlite3_errcode,function,1
sqlaser_sqlite354_r1,sqlite,1,sqlite_target_000242,stale,executor,vdbeaux.c,src/vdbeaux.c,vdbeaux.c,3595,3595,3680,sqlite3VdbeReset,function,1
sqlaser_sqlite354_r1,sqlite,1,sqlite_target_000243,stale,executor,vdbeaux.c,src/vdbeaux.c,vdbeaux.c,3686,3686,3697,sqlite3VdbeFinalize,function,1
sqlaser_sqlite354_r1,sqlite,1,sqlite_target_000244,stale,executor,vdbeaux.c,src/vdbeaux.c,vdbeaux.c,369,369,371,sqlite3VdbeGoto,function,1
sqlaser_sqlite354_r1,sqlite,1,sqlite_target_000245,stale,executor,vdbeaux.c,src/vdbeaux.c,vdbeaux.c,3743,3743,3782,sqlite3VdbeDelete,function,1
sqlaser_sqlite354_r1,sqlite,1,sqlite_target_000246,stale,executor,vdbeaux.c,src/vdbeaux.c,vdbeaux.c,376,376,378,sqlite3VdbeLoadString,function,1
sqlaser_sqlite354_r1,sqlite,1,sqlite_target_000247,stale,executor,vdbeaux.c,src/vdbeaux.c,vdbeaux.c,3787,3787,3803,sqlite3VdbeDelete,function,1
sqlaser_sqlite354_r1,sqlite,1,sqlite_target_000248,stale,executor,vdbeaux.c,src/vdbeaux.c,vdbeaux.c,3810,3810,3827,sqlite3VdbeFinishMoveto,function,1
sqlaser_sqlite354_r1,sqlite,1,sqlite_target_000249,stale,executor,vdbeaux.c,src/vdbeaux.c,vdbeaux.c,3836,3836,3845,sqlite3VdbeHandleMovedCursor,function,1
sqlaser_sqlite354_r1,sqlite,1,sqlite_target_000250,stale,executor,vdbeaux.c,src/vdbeaux.c,vdbeaux.c,3851,3851,3857,sqlite3VdbeCursorRestore,function,0
sqlaser_sqlite354_r1,sqlite,1,sqlite_target_000251,stale,executor,vdbeaux.c,src/vdbeaux.c,vdbeaux.c,391,391,409,sqlite3VdbeMultiLoad,function,1
sqlaser_sqlite354_r1,sqlite,1,sqlite_target_000252,stale,executor,vdbeaux.c,src/vdbeaux.c,vdbeaux.c,3997,3997,4005,sqlite3VdbeSerialTypeLen,function,1
sqlaser_sqlite354_r1,sqlite,1,sqlite_target_000253,stale,executor,vdbeaux.c,src/vdbeaux.c,vdbeaux.c,4006,4006,4009,assert,function,0
sqlaser_sqlite354_r1,sqlite,1,sqlite_target_000254,stale,executor,vdbeaux.c,src/vdbeaux.c,vdbeaux.c,4132,4127,4137,,window,1
sqlaser_sqlite354_r1,sqlite,1,sqlite_target_000255,stale,executor,vdbeaux.c,src/vdbeaux.c,vdbeaux.c,414,409,419,,window,0
sqlaser_sqlite354_r1,sqlite,1,sqlite_target_000256,stale,executor,vdbeaux.c,src/vdbeaux.c,vdbeaux.c,4231,4226,4236,,window,1
sqlaser_sqlite354_r1,sqlite,1,sqlite_target_000257,stale,executor,vdbeaux.c,src/vdbeaux.c,vdbeaux.c,4251,4246,4256,,window,1
sqlaser_sqlite354_r1,sqlite,1,sqlite_target_000258,stale,executor,vdbeaux.c,src/vdbeaux.c,vdbeaux.c,438,433,443,,window,0
sqlaser_sqlite354_r1,sqlite,1,sqlite_target_000259,stale,executor,vdbeaux.c,src/vdbeaux.c,vdbeaux.c,4459,4454,4464,,window,1
sqlaser_sqlite354_r1,sqlite,1,sqlite_target_000260,stale,executor,vdbeaux.c,src/vdbeaux.c,vdbeaux.c,4485,4480,4490,,window,1
sqlaser_sqlite354_r1,sqlite,1,sqlite_target_000261,stale,executor,vdbeaux.c,src/vdbeaux.c,vdbeaux.c,4588,4588,4677,memcmp,function,1
sqlaser_sqlite354_r1,sqlite,1,sqlite_target_000262,stale,executor,vdbeaux.c,src/vdbeaux.c,vdbeaux.c,4687,4687,4719,vdbeRecordDecodeInt,function,1
sqlaser_sqlite354_r1,sqlite,1,sqlite_target_000263,stale,executor,vdbeaux.c,src/vdbeaux.c,vdbeaux.c,474,469,479,,window,0
sqlaser_sqlite354_r1,sqlite,1,sqlite_target_000264,stale,executor,vdbeaux.c,src/vdbeaux.c,vdbeaux.c,4742,4737,4747,,window,1
sqlaser_sqlite354_r1,sqlite,1,sqlite_target_000265,stale,executor,vdbeaux.c,src/vdbeaux.c,vdbeaux.c,493,493,498,sqlite3VdbeExplainParent,function,1
sqlaser_sqlite354_r1,sqlite,1,sqlite_target_000266,stale,executor,vdbeaux.c,src/vdbeaux.c,vdbeaux.c,4963,4958,4968,,window,0
sqlaser_sqlite354_r1,sqlite,1,sqlite_target_000267,stale,executor,vdbeaux.c,src/vdbeaux.c,vdbeaux.c,4980,4975,4985,,window,1
sqlaser_sqlite354_r1,sqlite,1,sqlite_target_000268,stale,executor,vdbeaux.c,src/vdbeaux.c,vdbeaux.c,5075,5070,5080,,window,1
sqlaser_sqlite354_r1,sqlite,1,sqlite_target_000269,stale,executor,vdbeaux.c,src/vdbeaux.c,vdbeaux.c,5145,5145,5190,sqlite3VdbeFindCompare,function,1
sqlaser_sqlite354_r1,sqlite,1,sqlite_target_000270,stale,executor,vdbeaux.c,src/vdbeaux.c,vdbeaux.c,517,517,543,sqlite3VdbeExplainPop,function,1
sqlaser_sqlite354_r1,sqlite,1,sqlite_target_000271,stale,parser,vdbeaux.c,src/vdbeaux.c,vdbeaux.c,52,52,54,sqlite3VdbeParser,function,1
sqlaser_sqlite354_r1,sqlite,1,sqlite_target_000272,stale,executor,vdbeaux.c,src/vdbeaux.c,vdbeaux.c,5200,5200,5266,sqlite3VdbeIdxRowid,function,1
sqlaser_sqlite354_r1,sqlite,1,sqlite_target_000273,stale,executor,vdbeaux.c,src/vdbeaux.c,vdbeaux.c,5279,5274,5284,,window,1
sqlaser_sqlite354_r1,sqlite,1,sqlite_target_000274,stale,executor,vdbeaux.c,src/vdbeaux.c,vdbeaux.c,5324,5324,5326,sqlite3VdbeCountChanges,function,0
sqlaser_sqlite354_r1,sqlite,1,sqlite_target_000275,stale,executor,vdbeaux.c,src/vdbeaux.c,vdbeaux.c,5356,5356,5358,sqlite3VdbeDb,function,0
sqlaser_sqlite354_r1,sqlite,1,sqlite_target_000276,stale,executor,vdbeaux.c,src/vdbeaux.c,vdbeaux.c,5363,5363,5365,sqlite3VdbePrepareFlags,function,0
sqlaser_sqlite354_r1,sqlite,1,sqlite_target_000277,stale,executor,vdbeaux.c,src/vdbeaux.c,vdbeaux.c,5375,5375,5391,aff,function,1
sqlaser_sqlite354_r1,sqlite,1,sqlite_target_000278,stale,executor,vdbeaux.c,src/vdbeaux.c,vdbeaux.c,5398,5398,5407,sqlite3VdbeSetVarmask,function,0
sqlaser_sqlite354_r1,sqlite,1,sqlite_target_000279,stale,executor,vdbeaux.c,src/vdbeaux.c,vdbeaux.c,5420,5415,5425,,window,0
sqlaser_sqlite354_r1,sqlite,1,sqlite_target_000280,stale,executor,vdbeaux.c,src/vdbeaux.c,vdbeaux.c,5453,5448,5458,,window,0
sqlaser_sqlite354_r1,sqlite,1,sqlite_target_000281,stale,executor,vdbeaux.c,src/vdbeaux.c,vdbeaux.c,548,548,551,sqlite3VdbeExplainPop,function,1
sqlaser_sqlite354_r1,sqlite,1,sqlite_target_000282,stale,executor,vdbeaux.c,src/vdbeaux.c,vdbeaux.c,5551,5546,5556,,window,0
sqlaser_sqlite354_r1,sqlite,1,sqlite_target_000283,stale,executor,vdbeaux.c,src/vdbeaux.c,vdbeaux.c,571,571,578,sqlite3DbMalloc,function,1
sqlaser_sqlite354_r1,sqlite,1,sqlite_target_000284,stale,executor,vdbeaux.c,src/vdbeaux.c,vdbeaux.c,582,582,593,sqlite3MayAbort,function,0
sqlaser_sqlite354_r1,sqlite,1,sqlite_target_000285,stale,executor,vdbeaux.c,src/vdbeaux.c,vdbeaux.c,59,59,65,sqlite3VdbeError,function,1
sqlaser_sqlite354_r1,sqlite,1,sqlite_target_000286,stale,executor,vdbeaux.c,src/vdbeaux.c,vdbeaux.c,620,620,622,sqlite3VdbeMakeLabel,function,0
sqlaser_sqlite354_r1,sqlite,1,sqlite_target_000287,stale,executor,vdbeaux.c,src/vdbeaux.c,vdbeaux.c,647,647,664,sqlite3VdbeResolveLabel,function,1
sqlaser_sqlite354_r1,sqlite,1,sqlite_target_000288,stale,executor,vdbeaux.c,src/vdbeaux.c,vdbeaux.c,669,669,671,sqlite3VdbeRunOnlyOnce,function,1
sqlaser_sqlite354_r1,sqlite,1,sqlite_target_000289,stale,executor,vdbeaux.c,src/vdbeaux.c,vdbeaux.c,676,676,684,sqlite3VdbeReusable,function,0
sqlaser_sqlite354_r1,sqlite,1,sqlite_target_000290,stale,executor,vdbeaux.c,src/vdbeaux.c,vdbeaux.c,70,70,78,sqlite3VdbeSetSql,function,1
sqlaser_sqlite354_r1,sqlite,1,sqlite_target_000291,stale,executor,vdbemem.c,src/vdbemem.c,vdbemem.c,1009,1009,1017,sqlite3VdbeMemSetZeroBlob,function,1
sqlaser_sqlite354_r1,sqlite,1,sqlite_target_000292,stale,executor,vdbemem.c,src/vdbemem.c,vdbemem.c,1039,1039,1043,vdbeReleaseAndSetInt64,function,0
sqlaser_sqlite354_r1,sqlite,1,sqlite_target_000293,stale,executor,vdbemem.c,src/vdbemem.c,vdbemem.c,1049,1049,1056,sqlite3VdbeMemSetInt64,function,1
sqlaser_sqlite354_r1,sqlite,1,sqlite_target_000294,stale,executor,vdbemem.c,src/vdbemem.c,vdbemem.c,106,106,135,vdbeMemRenderNum,function,1
sqlaser_sqlite354_r1,sqlite,1,sqlite_target_000295,stale,executor,vdbemem.c,src/vdbemem.c,vdbemem.c,1072,1067,1077,,window,1
sqlaser_sqlite354_r1,sqlite,1,sqlite_target_000296,stale,executor,vdbemem.c,src/vdbemem.c,vdbemem.c,1092,1092,1098,sqlite3VdbeMemSetDouble,function,1
sqlaser_sqlite354_r1,sqlite,1,sqlite_target_000297,stale,executor,vdbemem.c,src/vdbemem.c,vdbemem.c,1119,1119,1131,sqlite3VdbeMemSetRowSet,function,1
sqlaser_sqlite354_r1,sqlite,1,sqlite_target_000298,stale,executor,vdbemem.c,src/vdbemem.c,vdbemem.c,1137,1137,1147,sqlite3VdbeMemTooBig,function,1
sqlaser_sqlite354_r1,sqlite,1,sqlite_target_000299,stale,executor,vdbemem.c,src/vdbemem.c,vdbemem.c,1196,1196,1200,srcType,function,1
sqlaser_sqlite354_r1,sqlite,1,sqlite_target_000300,stale,executor,vdbemem.c,src/vdbemem.c,vdbemem.c,1201,1201,1211,vdbeClrCopy,function,1
sqlaser_sqlite354_r1,sqlite,1,sqlite_target_000301,stale,executor,vdbemem.c,src/vdbemem.c,vdbemem.c,1217,1217,1232,sqlite3VdbeMemCopy,function,1
sqlaser_sqlite354_r1,sqlite,1,sqlite_target_000302,stale,executor,vdbemem.c,src/vdbemem.c,vdbemem.c,1240,1240,1249,sqlite3VdbeMemMove,function,1
sqlaser_sqlite354_r1,sqlite,1,sqlite_target_000303,stale,executor,vdbemem.c,src/vdbemem.c,vdbemem.c,1273,1268,1278,,window,0
sqlaser_sqlite354_r1,sqlite,1,sqlite_target_000304,stale,executor,vdbemem.c,src/vdbemem.c,vdbemem.c,1374,1369,1379,,window,1
sqlaser_sqlite354_r1,sqlite,1,sqlite_target_000305,stale,executor,vdbemem.c,src/vdbemem.c,vdbemem.c,1462,1457,1467,,window,1
sqlaser_sqlite354_r1,sqlite,1,sqlite_target_000306,stale,executor,vdbemem.c,src/vdbemem.c,vdbemem.c,1490,1485,1495,,window,1
sqlaser_sqlite354_r1,sqlite,1,sqlite_target_000307,stale,executor,vdbemem.c,src/vdbemem.c,vdbemem.c,212,212,241,successful,function,1
sqlaser_sqlite354_r1,sqlite,1,sqlite_target_000308,stale,executor,vdbemem.c,src/vdbemem.c,vdbemem.c,251,251,299,sqlite3VdbeMemGrow,function,1
sqlaser_sqlite354_r1,sqlite,1,sqlite_target_000309,stale,executor,vdbemem.c,src/vdbemem.c,vdbemem.c,314,314,324,code,function,1
sqlaser_sqlite354_r1,sqlite,1,sqlite_target_000310,stale,executor,vdbemem.c,src/vdbemem.c,vdbemem.c,336,336,362,sqlite3VdbeMemZeroTerminateIfAble,function,1
sqlaser_sqlite354_r1,sqlite,1,sqlite_target_000311,stale,executor,vdbemem.c,src/vdbemem.c,vdbemem.c,373,373,382,vdbeMemAddTerminator,function,1
sqlaser_sqlite354_r1,sqlite,1,sqlite_target_000312,stale,executor,vdbemem.c,src/vdbemem.c,vdbemem.c,390,390,407,sqlite3VdbeMemMakeWriteable,function,1
sqlaser_sqlite354_r1,sqlite,1,sqlite_target_000313,stale,executor,vdbemem.c,src/vdbemem.c,vdbemem.c,414,414,439,sqlite3VdbeMemExpandBlob,function,1
sqlaser_sqlite354_r1,sqlite,1,sqlite_target_000314,stale,executor,vdbemem.c,src/vdbemem.c,vdbemem.c,445,445,455,sqlite3VdbeMemNulTerminate,function,1
sqlaser_sqlite354_r1,sqlite,1,sqlite_target_000315,stale,executor,vdbemem.c,src/vdbemem.c,vdbemem.c,471,471,496,user,function,1
sqlaser_sqlite354_r1,sqlite,1,sqlite_target_000316,stale,executor,vdbemem.c,src/vdbemem.c,vdbemem.c,506,506,528,sqlite3VdbeMemFinalize,function,1
sqlaser_sqlite354_r1,sqlite,1,sqlite_target_000317,stale,executor,vdbemem.c,src/vdbemem.c,vdbemem.c,539,539,554,xValue,function,1
sqlaser_sqlite354_r1,sqlite,1,sqlite_target_000318,stale,executor,vdbemem.c,src/vdbemem.c,vdbemem.c,566,566,579,sqlite3VdbeMemSetNull,function,1
sqlaser_sqlite354_r1,sqlite,1,sqlite_target_000319,stale,executor,vdbemem.c,src/vdbemem.c,vdbemem.c,589,589,598,sqlite3VdbeMemRelease,function,1
sqlaser_sqlite354_r1,sqlite,1,sqlite_target_000320,stale,executor,vdbemem.c,src/vdbemem.c,vdbemem.c,610,610,615,sqlite3VdbeMemSetNull,function,1
sqlaser_sqlite354_r1,sqlite,1,sqlite_target_000321,stale,executor,vdbemem.c,src/vdbemem.c,vdbemem.c,620,620,623,sqlite3VdbeMemReleaseMalloc,function,1
sqlaser_sqlite354_r1,sqlite,1,sqlite_target_000322,stale,executor,vdbemem.c,src/vdbemem.c,vdbemem.c,641,641,657,memIntValue,function,1
sqlaser_sqlite354_r1,sqlite,1,sqlite_target_000323,stale,executor,vdbemem.c,src/vdbemem.c,vdbemem.c,735,735,751,,function,1
sqlaser_sqlite354_r1,sqlite,1,sqlite_target_000324,stale,executor,vdbemem.c,src/vdbemem.c,vdbemem.c,770,770,785,sqlite3VdbeRealValue,function,1
sqlaser_sqlite354_r1,sqlite,1,sqlite_target_000325,stale,executor,vdbemem.c,src/vdbemem.c,vdbemem.c,791,791,796,sqlite3VdbeBooleanValue,function,1
sqlaser_sqlite354_r1,sqlite,1,sqlite_target_000326,stale,executor,vdbemem.c,src/vdbemem.c,vdbemem.c,802,802,829,sqlite3VdbeIntegerAffinity,function,1
sqlaser_sqlite354_r1,sqlite,1,sqlite_target_000327,stale,executor,vdbemem.c,src/vdbemem.c,vdbemem.c,834,834,843,sqlite3VdbeMemIntegerify,function,1
sqlaser_sqlite354_r1,sqlite,1,sqlite_target_000328,stale,executor,vdbemem.c,src/vdbemem.c,vdbemem.c,849,849,857,sqlite3VdbeMemRealify,function,1
sqlaser_sqlite354_r1,sqlite,1,sqlite_target_000329,stale,executor,vdbemem.c,src/vdbemem.c,vdbemem.c,893,893,917,sqlite3VdbeMemNumerify,function,0
sqlaser_sqlite354_r1,sqlite,1,sqlite_target_000330,stale,executor,vdbemem.c,src/vdbemem.c,vdbemem.c,926,926,966,used,function,1
sqlaser_sqlite354_r1,sqlite,1,sqlite_target_000331,stale,executor,vdbemem.c,src/vdbemem.c,vdbemem.c,973,973,978,sqlite3VdbeMemInit,function,1
sqlaser_sqlite354_r1,sqlite,1,sqlite_target_000332,stale,executor,vdbemem.c,src/vdbemem.c,vdbemem.c,993,993,999,sqlite3VdbeMemRelease,function,1
sqlaser_sqlite354_r1,sqlite,1,sqlite_target_000333,stale,executor,vdbesort.c,src/vdbesort.c,vdbesort.c,1050,1050,1057,vdbeSorterRecordFree,function,1
sqlaser_sqlite354_r1,sqlite,1,sqlite_target_000334,stale,executor,vdbesort.c,src/vdbesort.c,vdbesort.c,1063,1063,1083,vdbeSortSubtaskCleanup,function,1
sqlaser_sqlite354_r1,sqlite,1,sqlite_target_000335,stale,executor,vdbesort.c,src/vdbesort.c,vdbesort.c,1150,1145,1155,,window,0
sqlaser_sqlite354_r1,sqlite,1,sqlite_target_000336,stale,optimizer,vdbesort.c,src/vdbesort.c,vdbesort.c,1163,1163,1180,vdbeSorterJoinAll,function,1
sqlaser_sqlite354_r1,sqlite,1,sqlite_target_000337,stale,executor,vdbesort.c,src/vdbesort.c,vdbesort.c,1230,1230,1242,vdbeIncrFree,function,0
sqlaser_sqlite354_r1,sqlite,1,sqlite_target_000338,stale,executor,vdbesort.c,src/vdbesort.c,vdbesort.c,1247,1247,1275,sqlite3VdbeSorterReset,function,1
sqlaser_sqlite354_r1,sqlite,1,sqlite_target_000339,stale,executor,vdbesort.c,src/vdbesort.c,vdbesort.c,1280,1280,1296,sqlite3VdbeSorterClose,function,1
sqlaser_sqlite354_r1,sqlite,1,sqlite_target_000340,stale,executor,vdbesort.c,src/vdbesort.c,vdbesort.c,1354,1354,1362,vdbeSortAllocUnpacked,function,1
sqlaser_sqlite354_r1,sqlite,1,sqlite_target_000341,stale,executor,vdbesort.c,src/vdbesort.c,vdbesort.c,1368,1363,1373,,window,1
sqlaser_sqlite354_r1,sqlite,1,sqlite_target_000342,stale,executor,vdbesort.c,src/vdbesort.c,vdbesort.c,1410,1410,1417,vdbeSorterGetCompare,function,1
sqlaser_sqlite354_r1,sqlite,1,sqlite_target_000343,stale,executor,vdbesort.c,src/vdbesort.c,vdbesort.c,1424,1424,1474,vdbeSorterSort,function,1
sqlaser_sqlite354_r1,sqlite,1,sqlite_target_000344,stale,executor,vdbesort.c,src/vdbesort.c,vdbesort.c,1578,1578,1633,data,function,0
sqlaser_sqlite354_r1,sqlite,1,sqlite_target_000345,stale,executor,vdbesort.c,src/vdbesort.c,vdbesort.c,1642,1637,1647,,window,0
sqlaser_sqlite354_r1,sqlite,1,sqlite_target_000346,stale,executor,vdbesort.c,src/vdbesort.c,vdbesort.c,1713,1713,1720,vdbeSorterFlushThread,function,0
sqlaser_sqlite354_r1,sqlite,1,sqlite_target_000347,stale,executor,vdbesort.c,src/vdbesort.c,vdbesort.c,1727,1727,1792,vdbeSorterFlushPMA,function,0
sqlaser_sqlite354_r1,sqlite,1,sqlite_target_000348,stale,executor,vdbesort.c,src/vdbesort.c,vdbesort.c,1797,1792,1802,,window,1
sqlaser_sqlite354_r1,sqlite,1,sqlite_target_000349,stale,executor,vdbesort.c,src/vdbesort.c,vdbesort.c,1909,1909,1944,vdbeIncrPopulate,function,0
sqlaser_sqlite354_r1,sqlite,1,sqlite_target_000350,stale,executor,vdbesort.c,src/vdbesort.c,vdbesort.c,1951,1951,1956,vdbeIncrPopulateThread,function,0
sqlaser_sqlite354_r1,sqlite,1,sqlite_target_000351,stale,executor,vdbesort.c,src/vdbesort.c,vdbesort.c,1961,1961,1965,vdbeIncrBgPopulate,function,0
sqlaser_sqlite354_r1,sqlite,1,sqlite_target_000352,stale,executor,vdbesort.c,src/vdbesort.c,vdbesort.c,1985,1985,2016,vdbeIncrSwap,function,0
sqlaser_sqlite354_r1,sqlite,1,sqlite_target_000353,stale,executor,vdbesort.c,src/vdbesort.c,vdbesort.c,2024,2019,2029,,window,0
sqlaser_sqlite354_r1,sqlite,1,sqlite_target_000354,stale,executor,vdbesort.c,src/vdbesort.c,vdbesort.c,2049,2049,2052,vdbeIncrMergerSetThreads,function,0
sqlaser_sqlite354_r1,sqlite,1,sqlite_target_000355,stale,executor,vdbesort.c,src/vdbesort.c,vdbesort.c,2144,2139,2149,,window,0
sqlaser_sqlite354_r1,sqlite,1,sqlite_target_000356,stale,executor,vdbesort.c,src/vdbesort.c,vdbesort.c,2220,2220,2280,vdbePmaReaderNext,function,0
sqlaser_sqlite354_r1,sqlite,1,sqlite_target_000357,stale,executor,vdbesort.c,src/vdbesort.c,vdbesort.c,2287,2287,2294,vdbePmaReaderBgIncrInit,function,0
sqlaser_sqlite354_r1,sqlite,1,sqlite_target_000358,stale,executor,vdbesort.c,src/vdbesort.c,vdbesort.c,2308,2308,2324,,function,0
sqlaser_sqlite354_r1,sqlite,1,sqlite_target_000359,stale,executor,vdbesort.c,src/vdbesort.c,vdbesort.c,2338,2333,2343,,window,0
sqlaser_sqlite354_r1,sqlite,1,sqlite_target_000360,stale,executor,vdbesort.c,src/vdbesort.c,vdbesort.c,2395,2390,2400,,window,0
sqlaser_sqlite354_r1,sqlite,1,sqlite_target_000361,stale,executor,vdbesort.c,src/vdbesort.c,vdbesort.c,2451,2446,2456,,window,0
sqlaser_sqlite354_r1,sqlite,1,sqlite_target_000362,stale,executor,vdbesort.c,src/vdbesort.c,vdbesort.c,2530,2530,2604,,function,0
sqlaser_sqlite354_r1,sqlite,1,sqlite_target_000363,stale,executor,vdbesort.c,src/vdbesort.c,vdbesort.c,2612,2612,2655,sqlite3VdbeSorterRewind,function,1
sqlaser_sqlite354_r1,sqlite,1,sqlite_target_000364,stale,executor,vdbesort.c,src/vdbesort.c,vdbesort.c,2664,2664,2696,sqlite3VdbeSorterNext,function,1
sqlaser_sqlite354_r1,sqlite,1,sqlite_target_000365,stale,executor,vdbesort.c,src/vdbesort.c,vdbesort.c,2702,2697,2707,,window,1
sqlaser_sqlite354_r1,sqlite,1,sqlite_target_000366,stale,executor,vdbesort.c,src/vdbesort.c,vdbesort.c,2729,2729,2744,sqlite3VdbeSorterRowkey,function,1
sqlaser_sqlite354_r1,sqlite,1,sqlite_target_000367,stale,executor,vdbesort.c,src/vdbesort.c,vdbesort.c,2762,2757,2767,,window,1
sqlaser_sqlite354_r1,sqlite,1,sqlite_target_000368,stale,executor,vdbesort.c,src/vdbesort.c,vdbesort.c,474,474,480,vdbePmaReaderClear,function,0
sqlaser_sqlite354_r1,sqlite,1,sqlite_target_000369,stale,executor,vdbesort.c,src/vdbesort.c,vdbesort.c,491,486,496,,window,0
sqlaser_sqlite354_r1,sqlite,1,sqlite_target_000370,stale,executor,vdbesort.c,src/vdbesort.c,vdbesort.c,586,586,608,vdbePmaReadVarint,function,0
sqlaser_sqlite354_r1,sqlite,1,sqlite_target_000371,stale,executor,vdbesort.c,src/vdbesort.c,vdbesort.c,619,619,629,vdbeSorterMapFile,function,0
sqlaser_sqlite354_r1,sqlite,1,sqlite_target_000372,stale,executor,vdbesort.c,src/vdbesort.c,vdbesort.c,636,631,641,,window,0
sqlaser_sqlite354_r1,sqlite,1,sqlite_target_000373,stale,executor,vdbesort.c,src/vdbesort.c,vdbesort.c,683,683,719,vdbePmaReaderNext,function,0
sqlaser_sqlite354_r1,sqlite,1,sqlite_target_000374,stale,executor,vdbesort.c,src/vdbesort.c,vdbesort.c,763,758,768,,window,1
sqlaser_sqlite354_r1,sqlite,1,sqlite_target_000375,stale,executor,vdbesort.c,src/vdbesort.c,vdbesort.c,790,785,795,,window,1
sqlaser_sqlite354_r1,sqlite,1,sqlite_target_000376,stale,executor,vdbesort.c,src/vdbesort.c,vdbesort.c,809,804,814,,window,1
sqlaser_sqlite354_r1,sqlite,1,sqlite_target_000377,stale,executor,vdbesort.c,src/vdbesort.c,vdbesort.c,852,847,857,,window,1
sqlaser_sqlite354_r1,sqlite,1,sqlite_target_000378,stale,executor,vdbesort.c,src/vdbesort.c,vdbesort.c,936,931,941,,window,1
sqlaser_sqlite354_r1,sqlite,1,sqlite_target_000379,stale,executor,vdbetrace.c,src/vdbetrace.c,vdbetrace.c,72,67,77,,window,0
sqlaser_sqlite354_r1,sqlite,1,sqlite_target_000380,stale,optimizer,where.c,src/where.c,where.c,101,101,111,sqlite3WhereOrderByLimitOptLabel,function,1
sqlaser_sqlite354_r1,sqlite,1,sqlite_target_000381,stale,optimizer,where.c,src/where.c,where.c,124,124,137,sqlite3WhereMinMaxOptEarlyOut,function,1
sqlaser_sqlite354_r1,sqlite,1,sqlite_target_000382,stale,optimizer,where.c,src/where.c,where.c,263,263,273,sqlite3WhereMalloc,function,1
sqlaser_sqlite354_r1,sqlite,1,sqlite_target_000383,stale,optimizer,where.c,src/where.c,where.c,274,274,283,return,function,1
sqlaser_sqlite354_r1,sqlite,1,sqlite_target_000384,stale,optimizer,where.c,src/where.c,where.c,549,544,554,,window,0
sqlaser_sqlite354_r1,sqlite,1,sqlite_target_000385,stale,optimizer,where.c,src/where.c,where.c,6830,6825,6835,,window,0
sqlaser_sqlite354_r1,sqlite,1,sqlite_target_000386,stale,optimizer,where.c,src/where.c,where.c,7521,7521,7886,sqlite3WhereEnd,function,1
sqlaser_sqlite354_r1,sqlite,1,sqlite_target_000387,stale,optimizer,wherecode.c,src/wherecode.c,wherecode.c,117,112,122,,window,0
sqlaser_sqlite354_r1,sqlite,1,sqlite_target_000388,stale,optimizer,wherecode.c,src/wherecode.c,wherecode.c,1466,1461,1471,,window,0
sqlaser_sqlite354_r1,sqlite,1,sqlite_target_000389,stale,optimizer,wherecode.c,src/wherecode.c,wherecode.c,245,240,250,,window,0
sqlaser_sqlite354_r1,sqlite,1,sqlite_target_000390,stale,optimizer,wherecode.c,src/wherecode.c,wherecode.c,280,275,285,,window,0
sqlaser_sqlite354_r1,sqlite,1,sqlite_target_000391,stale,optimizer,wherecode.c,src/wherecode.c,wherecode.c,2841,2836,2846,,window,1
sqlaser_sqlite354_r1,sqlite,1,sqlite_target_000392,stale,optimizer,whereexpr.c,src/whereexpr.c,whereexpr.c,1591,1591,1602,sqlite3WhereSplit,function,1
sqlaser_sqlite354_r1,sqlite,1,sqlite_target_000393,stale,optimizer,whereexpr.c,src/whereexpr.c,whereexpr.c,1666,1666,1731,sqlite3WhereAddLimit,function,1
sqlaser_sqlite354_r1,sqlite,1,sqlite_target_000394,stale,optimizer,whereexpr.c,src/whereexpr.c,whereexpr.c,1736,1731,1741,,window,1
sqlaser_sqlite354_r1,sqlite,1,sqlite_target_000395,stale,optimizer,whereexpr.c,src/whereexpr.c,whereexpr.c,1754,1754,1785,sqlite3WhereClauseClear,function,1
sqlaser_sqlite354_r1,sqlite,1,sqlite_target_000396,stale,optimizer,whereexpr.c,src/whereexpr.c,whereexpr.c,1819,1814,1824,,window,1
sqlaser_sqlite354_r1,sqlite,1,sqlite_target_000397,stale,optimizer,whereexpr.c,src/whereexpr.c,whereexpr.c,1845,1845,1853,sqlite3WhereExprUsage,function,1
sqlaser_sqlite354_r1,sqlite,1,sqlite_target_000398,stale,optimizer,whereexpr.c,src/whereexpr.c,whereexpr.c,1854,1854,1856,assert,function,1
sqlaser_sqlite354_r1,sqlite,1,sqlite_target_000399,stale,optimizer,whereexpr.c,src/whereexpr.c,whereexpr.c,1857,1857,1866,sqlite3WhereExprUsageFull,function,1
sqlaser_sqlite354_r1,sqlite,1,sqlite_target_000400,stale,optimizer,whereexpr.c,src/whereexpr.c,whereexpr.c,1877,1872,1882,,window,1
sqlaser_sqlite354_r1,sqlite,1,sqlite_target_000401,stale,optimizer,whereexpr.c,src/whereexpr.c,whereexpr.c,1894,1889,1899,,window,1
sqlaser_sqlite354_r1,sqlite,1,sqlite_target_000402,stale,optimizer,whereexpr.c,src/whereexpr.c,whereexpr.c,353,353,372,sqlite3ExprIsLikeOperator,function,1
sqlaser_sqlite354_r1,sqlite,1,sqlite_target_000403,memory,other,backup.c,src/backup.c,backup.c,747,742,752,,window,1
sqlaser_sqlite354_r1,sqlite,1,sqlite_target_000404,memory,other,backup.c,src/backup.c,backup.c,748,743,753,,window,1
sqlaser_sqlite354_r1,sqlite,1,sqlite_target_000405,memory,other,backup.c,src/backup.c,backup.c,749,744,754,,window,1
sqlaser_sqlite354_r1,sqlite,1,sqlite_target_000406,memory,storage,btree.c,src/btree.c,btree.c,10204,10204,10210,sqlite3PagerUnref,function,1
sqlaser_sqlite354_r1,sqlite,1,sqlite_target_000407,memory,catalog_metadata,btree.c,src/btree.c,btree.c,10283,10283,10302,sqlite3BtreeClearTable,function,1
sqlaser_sqlite354_r1,sqlite,1,sqlite_target_000408,memory,storage,btree.c,src/btree.c,btree.c,1030,1030,1033,sqlite3BtreeCursorHintFlags,function,0
sqlaser_sqlite354_r1,sqlite,1,sqlite_target_000409,memory,catalog_metadata,btree.c,src/btree.c,btree.c,10309,10309,10311,sqlite3BtreeClearTableOfCursor,function,0
sqlaser_sqlite354_r1,sqlite,1,sqlite_target_000410,memory,storage,btree.c,src/btree.c,btree.c,10418,10418,10424,releasePage,function,0
sqlaser_sqlite354_r1,sqlite,1,sqlite_target_000411,memory,storage,btree.c,src/btree.c,btree.c,10447,10447,10471,sqlite3BtreeGetMeta,function,1
sqlaser_sqlite354_r1,sqlite,1,sqlite_target_000412,memory,type_system,btree.c,src/btree.c,btree.c,10477,10477,10499,sqlite3BtreeUpdateMeta,function,1
sqlaser_sqlite354_r1,sqlite,1,sqlite_target_000413,memory,storage,btree.c,src/btree.c,btree.c,10509,10509,10572,encountered,function,1
sqlaser_sqlite354_r1,sqlite,1,sqlite_target_000414,memory,storage,btree.c,src/btree.c,btree.c,10578,10578,10580,sqlite3BtreePager,function,0
sqlaser_sqlite354_r1,sqlite,1,sqlite_target_000415,memory,storage,btree.c,src/btree.c,btree.c,11146,11141,11151,,window,1
sqlaser_sqlite354_r1,sqlite,1,sqlite_target_000416,memory,storage,btree.c,src/btree.c,btree.c,11179,11155,11294,,function,1
sqlaser_sqlite354_r1,sqlite,1,sqlite_target_000417,memory,storage,btree.c,src/btree.c,btree.c,11191,11186,11196,,window,1
sqlaser_sqlite354_r1,sqlite,1,sqlite_target_000418,memory,storage,btree.c,src/btree.c,btree.c,11304,11304,11307,sqlite3BtreeGetFilename,function,1
sqlaser_sqlite354_r1,sqlite,1,sqlite_target_000419,memory,storage,btree.c,src/btree.c,btree.c,11317,11317,11320,sqlite3BtreeGetJournalname,function,0
sqlaser_sqlite354_r1,sqlite,1,sqlite_target_000420,memory,storage,btree.c,src/btree.c,btree.c,11326,11326,11329,sqlite3BtreeTxnState,function,1
sqlaser_sqlite354_r1,sqlite,1,sqlite_target_000421,memory,storage,btree.c,src/btree.c,btree.c,11340,11340,11353,sqlite3BtreeCheckpoint,function,1
sqlaser_sqlite354_r1,sqlite,1,sqlite_target_000422,memory,storage,btree.c,src/btree.c,btree.c,11359,11359,11363,sqlite3BtreeIsInBackup,function,0
sqlaser_sqlite354_r1,sqlite,1,sqlite_target_000423,memory,storage,btree.c,src/btree.c,btree.c,11385,11385,11395,sqlite3_free,function,1
sqlaser_sqlite354_r1,sqlite,1,sqlite_target_000424,memory,catalog_metadata,btree.c,src/btree.c,btree.c,11402,11402,11411,sqlite3BtreeSchemaLocked,function,1
sqlaser_sqlite354_r1,sqlite,1,sqlite_target_000425,memory,catalog_metadata,btree.c,src/btree.c,btree.c,11420,11420,11436,sqlite3BtreeLockTable,function,1
sqlaser_sqlite354_r1,sqlite,1,sqlite_target_000426,memory,storage,btree.c,src/btree.c,btree.c,11450,11450,11493,sqlite3BtreePutData,function,1
sqlaser_sqlite354_r1,sqlite,1,sqlite_target_000427,memory,storage,btree.c,src/btree.c,btree.c,11498,11498,11501,sqlite3BtreeIncrblobCursor,function,1
sqlaser_sqlite354_r1,sqlite,1,sqlite_target_000428,memory,storage,btree.c,src/btree.c,btree.c,11509,11509,11538,sqlite3BtreeSetVersion,function,1
sqlaser_sqlite354_r1,sqlite,1,sqlite_target_000429,memory,storage,btree.c,src/btree.c,btree.c,11544,11544,11546,sqlite3BtreeCursorHasHint,function,0
sqlaser_sqlite354_r1,sqlite,1,sqlite_target_000430,memory,storage,btree.c,src/btree.c,btree.c,11551,11551,11553,sqlite3BtreeIsReadonly,function,0
sqlaser_sqlite354_r1,sqlite,1,sqlite_target_000431,memory,storage,btree.c,src/btree.c,btree.c,11564,11564,11569,sqlite3BtreeClearCache,function,0
sqlaser_sqlite354_r1,sqlite,1,sqlite_target_000432,memory,storage,btree.c,src/btree.c,btree.c,11575,11575,11577,,function,0
sqlaser_sqlite354_r1,sqlite,1,sqlite_target_000433,memory,storage,btree.c,src/btree.c,btree.c,11584,11584,11587,sqlite3BtreeConnectionCount,function,0
sqlaser_sqlite354_r1,sqlite,1,sqlite_target_000434,memory,storage,btree.c,src/btree.c,btree.c,1623,1623,1741,defragmentPage,function,1
sqlaser_sqlite354_r1,sqlite,1,sqlite_target_000435,memory,storage,btree.c,src/btree.c,btree.c,1676,1671,1681,,window,1
sqlaser_sqlite354_r1,sqlite,1,sqlite_target_000436,memory,storage,btree.c,src/btree.c,btree.c,1684,1679,1689,,window,1
sqlaser_sqlite354_r1,sqlite,1,sqlite_target_000437,memory,storage,btree.c,src/btree.c,btree.c,1700,1695,1705,,window,1
sqlaser_sqlite354_r1,sqlite,1,sqlite_target_000438,memory,storage,btree.c,src/btree.c,btree.c,1724,1702,1725,get2byte,function,1
sqlaser_sqlite354_r1,sqlite,1,sqlite_target_000439,memory,storage,btree.c,src/btree.c,btree.c,1738,1733,1743,,window,0
sqlaser_sqlite354_r1,sqlite,1,sqlite_target_000440,memory,storage,btree.c,src/btree.c,btree.c,2377,2377,2380,return,function,1
sqlaser_sqlite354_r1,sqlite,1,sqlite_target_000441,memory,storage,btree.c,src/btree.c,btree.c,2538,2533,2543,,window,1
sqlaser_sqlite354_r1,sqlite,1,sqlite_target_000442,memory,storage,btree.c,src/btree.c,btree.c,2584,2545,2831,,function,1
sqlaser_sqlite354_r1,sqlite,1,sqlite_target_000443,memory,storage,btree.c,src/btree.c,btree.c,2681,2668,2766,,function,1
sqlaser_sqlite354_r1,sqlite,1,sqlite_target_000444,memory,storage,btree.c,src/btree.c,btree.c,2927,2927,2984,sqlite3BtreeClose,function,1
sqlaser_sqlite354_r1,sqlite,1,sqlite_target_000445,memory,storage,btree.c,src/btree.c,btree.c,2993,2993,3000,sqlite3BtreeSetCacheSize,function,0
sqlaser_sqlite354_r1,sqlite,1,sqlite_target_000446,memory,storage,btree.c,src/btree.c,btree.c,3012,3012,3020,sqlite3BtreeSetSpillSize,function,1
sqlaser_sqlite354_r1,sqlite,1,sqlite_target_000447,memory,storage,btree.c,src/btree.c,btree.c,3027,3027,3034,sqlite3BtreeSetMmapLimit,function,0
sqlaser_sqlite354_r1,sqlite,1,sqlite_target_000448,memory,storage,btree.c,src/btree.c,btree.c,3046,3041,3051,,window,1
sqlaser_sqlite354_r1,sqlite,1,sqlite_target_000449,memory,storage,btree.c,src/btree.c,btree.c,3079,3079,3110,sqlite3BtreeSetPageSize,function,1
sqlaser_sqlite354_r1,sqlite,1,sqlite_target_000450,memory,storage,btree.c,src/btree.c,btree.c,3115,3115,3117,sqlite3BtreeGetPageSize,function,0
sqlaser_sqlite354_r1,sqlite,1,sqlite_target_000451,memory,storage,btree.c,src/btree.c,btree.c,3130,3130,3135,sqlite3BtreeEnter,function,0
sqlaser_sqlite354_r1,sqlite,1,sqlite_target_000452,memory,storage,btree.c,src/btree.c,btree.c,3146,3146,3153,sqlite3BtreeGetRequestedReserve,function,1
sqlaser_sqlite354_r1,sqlite,1,sqlite_target_000453,memory,storage,btree.c,src/btree.c,btree.c,3161,3161,3167,sqlite3BtreeMaxPageCount,function,0
sqlaser_sqlite354_r1,sqlite,1,sqlite_target_000454,memory,storage,btree.c,src/btree.c,btree.c,3187,3187,3200,sqlite3BtreeSecureDelete,function,1
sqlaser_sqlite354_r1,sqlite,1,sqlite_target_000455,memory,storage,btree.c,src/btree.c,btree.c,3208,3208,3226,sqlite3BtreeSetAutoVacuum,function,1
sqlaser_sqlite354_r1,sqlite,1,sqlite_target_000456,memory,storage,btree.c,src/btree.c,btree.c,3232,3232,3246,sqlite3BtreeGetAutoVacuum,function,0
sqlaser_sqlite354_r1,sqlite,1,sqlite_target_000457,memory,storage,btree.c,src/btree.c,btree.c,3560,3560,3567,sqlite3BtreeNewDb,function,0
sqlaser_sqlite354_r1,sqlite,1,sqlite_target_000458,memory,storage,btree.c,src/btree.c,btree.c,3811,3811,3832,btreeIntegrity,function,1
sqlaser_sqlite354_r1,sqlite,1,sqlite_target_000459,memory,storage,btree.c,src/btree.c,btree.c,4171,4171,4202,sqlite3BtreeIncrVacuum,function,1
sqlaser_sqlite354_r1,sqlite,1,sqlite_target_000460,memory,storage,btree.c,src/btree.c,btree.c,4319,4319,4340,sqlite3BtreeCommitPhaseOne,function,1
sqlaser_sqlite354_r1,sqlite,1,sqlite_target_000461,memory,storage,btree.c,src/btree.c,btree.c,4408,4408,4435,sqlite3BtreeCommitPhaseTwo,function,1
sqlaser_sqlite354_r1,sqlite,1,sqlite_target_000462,memory,storage,btree.c,src/btree.c,btree.c,4440,4440,4449,sqlite3BtreeCommit,function,0
sqlaser_sqlite354_r1,sqlite,1,sqlite_target_000463,memory,storage,btree.c,src/btree.c,btree.c,4477,4477,4503,sqlite3BtreeTripAllCursors,function,1
sqlaser_sqlite354_r1,sqlite,1,sqlite_target_000464,memory,storage,btree.c,src/btree.c,btree.c,4528,4528,4573,sqlite3BtreeRollback,function,1
sqlaser_sqlite354_r1,sqlite,1,sqlite_target_000465,memory,storage,btree.c,src/btree.c,btree.c,4593,4593,4610,sqlite3BtreeSavepoint,function,1
sqlaser_sqlite354_r1,sqlite,1,sqlite_target_000466,memory,storage,btree.c,src/btree.c,btree.c,4624,4624,4651,sqlite3BtreeSavepoint,function,1
sqlaser_sqlite354_r1,sqlite,1,sqlite_target_000467,memory,storage,btree.c,src/btree.c,btree.c,4775,4770,4780,,window,1
sqlaser_sqlite354_r1,sqlite,1,sqlite_target_000468,memory,storage,btree.c,src/btree.c,btree.c,4828,4828,4830,memset,function,1
sqlaser_sqlite354_r1,sqlite,1,sqlite_target_000469,memory,storage,btree.c,src/btree.c,btree.c,4836,4836,4869,sqlite3BtreeCloseCursor,function,1
sqlaser_sqlite354_r1,sqlite,1,sqlite_target_000470,memory,storage,btree.c,src/btree.c,btree.c,4916,4916,4919,sqlite3BtreeCursorIsValid,function,1
sqlaser_sqlite354_r1,sqlite,1,sqlite_target_000471,memory,storage,btree.c,src/btree.c,btree.c,4927,4927,4933,sqlite3BtreeIntegerKey,function,0
sqlaser_sqlite354_r1,sqlite,1,sqlite_target_000472,memory,storage,btree.c,src/btree.c,btree.c,4938,4938,4941,sqlite3BtreeCursorPin,function,1
sqlaser_sqlite354_r1,sqlite,1,sqlite_target_000473,memory,storage,btree.c,src/btree.c,btree.c,4942,4942,4945,sqlite3BtreeCursorPin,function,1
sqlaser_sqlite354_r1,sqlite,1,sqlite_target_000474,memory,storage,btree.c,src/btree.c,btree.c,4951,4951,4957,sqlite3BtreeOffset,function,0
sqlaser_sqlite354_r1,sqlite,1,sqlite_target_000475,memory,storage,btree.c,src/btree.c,btree.c,4968,4968,4973,sqlite3BtreePayloadSize,function,0
sqlaser_sqlite354_r1,sqlite,1,sqlite_target_000476,memory,storage,btree.c,src/btree.c,btree.c,4988,4988,4992,sqlite3BtreeMaxRecordSize,function,0
sqlaser_sqlite354_r1,sqlite,1,sqlite_target_000477,memory,storage,btree.c,src/btree.c,btree.c,5353,5353,5358,sqlite3BtreePayload,function,0
sqlaser_sqlite354_r1,sqlite,1,sqlite_target_000478,memory,storage,btree.c,src/btree.c,btree.c,5380,5380,5387,assert,function,0
sqlaser_sqlite354_r1,sqlite,1,sqlite_target_000479,memory,storage,btree.c,src/btree.c,btree.c,5448,5448,5450,sqlite3BtreePayloadFetch,function,1
sqlaser_sqlite354_r1,sqlite,1,sqlite_target_000480,memory,storage,btree.c,src/btree.c,btree.c,5696,5696,5712,sqlite3BtreeFirst,function,1
sqlaser_sqlite354_r1,sqlite,1,sqlite_target_000481,memory,storage,btree.c,src/btree.c,btree.c,5719,5719,5736,sqlite3BtreeIsEmpty,function,1
sqlaser_sqlite354_r1,sqlite,1,sqlite_target_000482,memory,storage,btree.c,src/btree.c,btree.c,5777,5777,5788,sqlite3BtreeLast,function,0
sqlaser_sqlite354_r1,sqlite,1,sqlite_target_000483,memory,storage,btree.c,src/btree.c,btree.c,5813,5808,5818,,window,1
sqlaser_sqlite354_r1,sqlite,1,sqlite_target_000484,memory,storage,btree.c,src/btree.c,btree.c,5907,5879,5949,assert,function,1
sqlaser_sqlite354_r1,sqlite,1,sqlite_target_000485,memory,storage,btree.c,src/btree.c,btree.c,6044,6039,6049,,window,1
sqlaser_sqlite354_r1,sqlite,1,sqlite_target_000486,memory,storage,btree.c,src/btree.c,btree.c,6188,6160,6203,testcase,function,1
sqlaser_sqlite354_r1,sqlite,1,sqlite_target_000487,memory,storage,btree.c,src/btree.c,btree.c,6282,6282,6288,sqlite3BtreeNext,function,1
sqlaser_sqlite354_r1,sqlite,1,sqlite_target_000488,memory,storage,btree.c,src/btree.c,btree.c,6295,6295,6313,sqlite3BtreeRowCountEst,function,1
sqlaser_sqlite354_r1,sqlite,1,sqlite_target_000489,memory,storage,btree.c,src/btree.c,btree.c,6389,6389,6407,moveToLeftmost,function,1
sqlaser_sqlite354_r1,sqlite,1,sqlite_target_000490,memory,storage,btree.c,src/btree.c,btree.c,6481,6481,6495,sqlite3BtreePrevious,function,1
sqlaser_sqlite354_r1,sqlite,1,sqlite_target_000491,memory,storage,btree.c,src/btree.c,btree.c,858,858,863,sqlite3BtreeClearCursor,function,0
sqlaser_sqlite354_r1,sqlite,1,sqlite_target_000492,memory,storage,btree.c,src/btree.c,btree.c,9414,9409,9419,,window,1
sqlaser_sqlite354_r1,sqlite,1,sqlite_target_000493,memory,storage,btree.c,src/btree.c,btree.c,949,949,955,sqlite3BtreeCursorRestore,function,1
sqlaser_sqlite354_r1,sqlite,1,sqlite_target_000494,memory,storage,btree.c,src/btree.c,btree.c,9625,9620,9630,,window,1
sqlaser_sqlite354_r1,sqlite,1,sqlite_target_000495,memory,storage,btree.c,src/btree.c,btree.c,9649,9632,9651,BTREE_CLEAR_CELL,function,1
sqlaser_sqlite354_r1,sqlite,1,sqlite_target_000496,memory,storage,btree.c,src/btree.c,btree.c,9700,9685,9710,,function,1
sqlaser_sqlite354_r1,sqlite,1,sqlite_target_000497,memory,storage,btree.c,src/btree.c,btree.c,9704,9699,9709,,window,1
sqlaser_sqlite354_r1,sqlite,1,sqlite_target_000498,memory,storage,btree.c,src/btree.c,btree.c,9732,9732,9827,sqlite3BtreeInsert,function,1
sqlaser_sqlite354_r1,sqlite,1,sqlite_target_000499,memory,storage,btree.c,src/btree.c,btree.c,9753,9748,9758,,window,0
sqlaser_sqlite354_r1,sqlite,1,sqlite_target_000500,memory,storage,btree.c,src/btree.c,btree.c,9785,9781,9802,get4byte,function,0
sqlaser_sqlite354_r1,sqlite,1,sqlite_target_000501,memory,storage,btree.c,src/btree.c,btree.c,981,981,997,sqlite3BtreeCursorHasMoved,function,1
sqlaser_sqlite354_r1,sqlite,1,sqlite_target_000502,memory,storage,btree.c,src/btree.c,btree.c,9846,9846,10046,sqlite3BtreeDelete,function,1
sqlaser_sqlite354_r1,sqlite,1,sqlite_target_000503,memory,other,delete.c,src/delete.c,delete.c,288,283,293,,window,0
sqlaser_sqlite354_r1,sqlite,1,sqlite_target_000504,memory,other,expr.c,src/expr.c,expr.c,1004,999,1009,,window,1
sqlaser_sqlite354_r1,sqlite,1,sqlite_target_000505,memory,type_system,expr.c,src/expr.c,expr.c,107,107,165,sqlite3ExprDataType,function,1
sqlaser_sqlite354_r1,sqlite,1,sqlite_target_000506,memory,other,expr.c,src/expr.c,expr.c,1100,1100,1137,IN,function,1
sqlaser_sqlite354_r1,sqlite,1,sqlite_target_000507,memory,other,expr.c,src/expr.c,expr.c,1147,1147,1165,sqlite3ExprAnd,function,1
sqlaser_sqlite354_r1,sqlite,1,sqlite_target_000508,memory,other,expr.c,src/expr.c,expr.c,1171,1166,1176,,window,1
sqlaser_sqlite354_r1,sqlite,1,sqlite_target_000509,memory,other,expr.c,src/expr.c,expr.c,1205,1205,1209,sqlite3ExprOrderByAggregateError,function,0
sqlaser_sqlite354_r1,sqlite,1,sqlite_target_000510,memory,other,expr.c,src/expr.c,expr.c,1221,1216,1226,,window,0
sqlaser_sqlite354_r1,sqlite,1,sqlite_target_000511,memory,other,expr.c,src/expr.c,expr.c,1278,1273,1283,,window,1
sqlaser_sqlite354_r1,sqlite,1,sqlite_target_000512,memory,other,expr.c,src/expr.c,expr.c,1319,1319,1384,sqlite3ExprAssignVarNumber,function,1
sqlaser_sqlite354_r1,sqlite,1,sqlite_target_000513,memory,other,expr.c,src/expr.c,expr.c,1389,1389,1439,sqlite3ExprDeleteNN,function,1
sqlaser_sqlite354_r1,sqlite,1,sqlite_target_000514,memory,other,expr.c,src/expr.c,expr.c,1440,1440,1442,,function,1
sqlaser_sqlite354_r1,sqlite,1,sqlite_target_000515,memory,other,expr.c,src/expr.c,expr.c,1470,1470,1472,sqlite3ExprDeferredDelete,function,0
sqlaser_sqlite354_r1,sqlite,1,sqlite_target_000516,memory,other,expr.c,src/expr.c,expr.c,1477,1477,1484,sqlite3ExprUnmapAndDelete,function,1
sqlaser_sqlite354_r1,sqlite,1,sqlite_target_000517,memory,other,expr.c,src/expr.c,expr.c,175,170,180,,window,1
sqlaser_sqlite354_r1,sqlite,1,sqlite_target_000518,memory,other,expr.c,src/expr.c,expr.c,1829,1829,1832,sqlite3ExprDup,function,1
sqlaser_sqlite354_r1,sqlite,1,sqlite_target_000519,memory,other,expr.c,src/expr.c,expr.c,1833,1833,1874,sqlite3ExprDup,function,1
sqlaser_sqlite354_r1,sqlite,1,sqlite_target_000520,memory,other,expr.c,src/expr.c,expr.c,191,186,196,,window,1
sqlaser_sqlite354_r1,sqlite,1,sqlite_target_000521,memory,other,expr.c,src/expr.c,expr.c,2026,2021,2031,,window,1
sqlaser_sqlite354_r1,sqlite,1,sqlite_target_000522,memory,other,expr.c,src/expr.c,expr.c,2045,2040,2050,,window,1
sqlaser_sqlite354_r1,sqlite,1,sqlite_target_000523,memory,type_system,expr.c,src/expr.c,expr.c,205,205,211,sqlite3ExprSkipCollate,function,1
sqlaser_sqlite354_r1,sqlite,1,sqlite_target_000524,memory,other,expr.c,src/expr.c,expr.c,2066,2061,2071,,window,1
sqlaser_sqlite354_r1,sqlite,1,sqlite_target_000525,memory,other,expr.c,src/expr.c,expr.c,2095,2090,2100,,window,1
sqlaser_sqlite354_r1,sqlite,1,sqlite_target_000526,memory,other,expr.c,src/expr.c,expr.c,2157,2157,2185,sqlite3ExprListSetSortOrder,function,1
sqlaser_sqlite354_r1,sqlite,1,sqlite_target_000527,memory,type_system,expr.c,src/expr.c,expr.c,218,218,232,sqlite3ExprSkipCollateAndLikely,function,1
sqlaser_sqlite354_r1,sqlite,1,sqlite_target_000528,memory,other,expr.c,src/expr.c,expr.c,2195,2190,2200,,window,1
sqlaser_sqlite354_r1,sqlite,1,sqlite_target_000529,memory,other,expr.c,src/expr.c,expr.c,2230,2225,2235,,window,1
sqlaser_sqlite354_r1,sqlite,1,sqlite_target_000530,memory,other,expr.c,src/expr.c,expr.c,2252,2247,2257,,window,1
sqlaser_sqlite354_r1,sqlite,1,sqlite_target_000531,memory,other,expr.c,src/expr.c,expr.c,2280,2280,2282,,function,1
sqlaser_sqlite354_r1,sqlite,1,sqlite_target_000532,memory,other,expr.c,src/expr.c,expr.c,2291,2291,2301,sqlite3ExprListFlags,function,1
sqlaser_sqlite354_r1,sqlite,1,sqlite_target_000533,memory,other,expr.c,src/expr.c,expr.c,2336,2336,2347,sqlite3ExprIdToTrueFalse,function,1
sqlaser_sqlite354_r1,sqlite,1,sqlite_target_000534,memory,other,expr.c,src/expr.c,expr.c,2353,2353,2360,sqlite3ExprTruthValue,function,1
sqlaser_sqlite354_r1,sqlite,1,sqlite_target_000535,memory,other,expr.c,src/expr.c,expr.c,2375,2375,2387,,function,1
sqlaser_sqlite354_r1,sqlite,1,sqlite_target_000536,memory,other,expr.c,src/expr.c,expr.c,248,248,309,sqlite3ExprCollSeq,function,1
sqlaser_sqlite354_r1,sqlite,1,sqlite_target_000537,memory,other,expr.c,src/expr.c,expr.c,2647,2647,2649,sqlite3ExprIsConstant,function,0
sqlaser_sqlite354_r1,sqlite,1,sqlite_target_000538,memory,other,expr.c,src/expr.c,expr.c,2664,2664,2666,sqlite3ExprCodeRunJustOnce,function,0
sqlaser_sqlite354_r1,sqlite,1,sqlite_target_000539,memory,catalog_metadata,expr.c,src/expr.c,expr.c,2693,2693,2709,sqlite3ExprIsTableConstant,function,1
sqlaser_sqlite354_r1,sqlite,1,sqlite_target_000540,memory,other,expr.c,src/expr.c,expr.c,2755,2750,2760,,window,1
sqlaser_sqlite354_r1,sqlite,1,sqlite_target_000541,memory,other,expr.c,src/expr.c,expr.c,2836,2836,2845,sqlite3ExprIsConstantOrGroupBy,function,0
sqlaser_sqlite354_r1,sqlite,1,sqlite_target_000542,memory,other,expr.c,src/expr.c,expr.c,2868,2868,2871,string,function,1
sqlaser_sqlite354_r1,sqlite,1,sqlite_target_000543,memory,other,expr.c,src/expr.c,expr.c,2901,2901,2951,parameter,function,1
sqlaser_sqlite354_r1,sqlite,1,sqlite_target_000544,memory,other,expr.c,src/expr.c,expr.c,2967,2967,2996,negative,function,1
sqlaser_sqlite354_r1,sqlite,1,sqlite_target_000545,memory,other,expr.c,src/expr.c,expr.c,3008,3008,3039,sqlite3ExprNeedsNoAffinityChange,function,1
sqlaser_sqlite354_r1,sqlite,1,sqlite_target_000546,memory,other,expr.c,src/expr.c,expr.c,321,321,326,sqlite3ExprCollSeq,function,1
sqlaser_sqlite354_r1,sqlite,1,sqlite_target_000547,memory,other,expr.c,src/expr.c,expr.c,331,331,337,sqlite3ExprCollSeqMatch,function,1
sqlaser_sqlite354_r1,sqlite,1,sqlite_target_000548,memory,other,expr.c,src/expr.c,expr.c,3990,3990,4002,IN,function,1
sqlaser_sqlite354_r1,sqlite,1,sqlite_target_000549,memory,other,expr.c,src/expr.c,expr.c,4031,4026,4036,,window,1
sqlaser_sqlite354_r1,sqlite,1,sqlite_target_000550,memory,other,expr.c,src/expr.c,expr.c,4361,4356,4366,,window,1
sqlaser_sqlite354_r1,sqlite,1,sqlite_target_000551,memory,other,expr.c,src/expr.c,expr.c,4386,4381,4391,,window,1
sqlaser_sqlite354_r1,sqlite,1,sqlite_target_000552,memory,other,expr.c,src/expr.c,expr.c,4419,4414,4424,,window,1
sqlaser_sqlite354_r1,sqlite,1,sqlite_target_000553,memory,other,expr.c,src/expr.c,expr.c,4476,4471,4481,,window,1
sqlaser_sqlite354_r1,sqlite,1,sqlite_target_000554,memory,other,expr.c,src/expr.c,expr.c,45,45,95,t1,function,1
sqlaser_sqlite354_r1,sqlite,1,sqlite_target_000555,memory,other,expr.c,src/expr.c,expr.c,4500,4500,4502,sqlite3ExprCodeMove,function,0
sqlaser_sqlite354_r1,sqlite,1,sqlite_target_000556,memory,other,expr.c,src/expr.c,expr.c,4509,4509,4520,sqlite3ExprToRegister,function,1
sqlaser_sqlite354_r1,sqlite,1,sqlite_target_000557,memory,other,expr.c,src/expr.c,expr.c,454,454,460,sqlite3BinaryCompareCollSeq,function,1
sqlaser_sqlite354_r1,sqlite,1,sqlite_target_000558,memory,type_system,expr.c,src/expr.c,expr.c,4743,4743,4750,sqlite3ExprCanReturnSubtype,function,0
sqlaser_sqlite354_r1,sqlite,1,sqlite_target_000559,memory,other,expr.c,src/expr.c,expr.c,4943,4943,5771,sqlite3ExprCodeTarget,function,1
sqlaser_sqlite354_r1,sqlite,1,sqlite_target_000560,memory,other,expr.c,src/expr.c,expr.c,501,501,503,sqlite3ExprIsVector,function,0
sqlaser_sqlite354_r1,sqlite,1,sqlite_target_000561,memory,other,expr.c,src/expr.c,expr.c,511,511,523,sqlite3ExprVectorSize,function,1
sqlaser_sqlite354_r1,sqlite,1,sqlite_target_000562,memory,other,expr.c,src/expr.c,expr.c,576,571,581,,window,1
sqlaser_sqlite354_r1,sqlite,1,sqlite_target_000563,memory,other,expr.c,src/expr.c,expr.c,5790,5785,5795,,window,0
sqlaser_sqlite354_r1,sqlite,1,sqlite_target_000564,memory,other,expr.c,src/expr.c,expr.c,5841,5836,5846,,window,1
sqlaser_sqlite354_r1,sqlite,1,sqlite_target_000565,memory,other,expr.c,src/expr.c,expr.c,5869,5869,5890,sqlite3ExprCodeTemp,function,1
sqlaser_sqlite354_r1,sqlite,1,sqlite_target_000566,memory,other,expr.c,src/expr.c,expr.c,5897,5897,5918,sqlite3ExprCode,function,1
sqlaser_sqlite354_r1,sqlite,1,sqlite_target_000567,memory,other,expr.c,src/expr.c,expr.c,5925,5925,5930,sqlite3ExprCodeCopy,function,0
sqlaser_sqlite354_r1,sqlite,1,sqlite_target_000568,memory,other,expr.c,src/expr.c,expr.c,5938,5938,5944,sqlite3ExprCodeFactorable,function,0
sqlaser_sqlite354_r1,sqlite,1,sqlite_target_000569,memory,other,expr.c,src/expr.c,expr.c,5966,5961,5971,,window,0
sqlaser_sqlite354_r1,sqlite,1,sqlite_target_000570,memory,other,expr.c,src/expr.c,expr.c,6113,6113,6268,values,function,1
sqlaser_sqlite354_r1,sqlite,1,sqlite_target_000571,memory,other,expr.c,src/expr.c,expr.c,6279,6279,6468,NULL,function,1
sqlaser_sqlite354_r1,sqlite,1,sqlite_target_000572,memory,other,expr.c,src/expr.c,expr.c,6475,6475,6482,sqlite3ExprIfFalseDup,function,1
sqlaser_sqlite354_r1,sqlite,1,sqlite_target_000573,memory,other,expr.c,src/expr.c,expr.c,6557,6552,6562,,window,0
sqlaser_sqlite354_r1,sqlite,1,sqlite_target_000574,memory,other,expr.c,src/expr.c,expr.c,6659,6659,6672,sqlite3ExprListCompare,function,1
sqlaser_sqlite354_r1,sqlite,1,sqlite_target_000575,memory,other,expr.c,src/expr.c,expr.c,6678,6678,6683,sqlite3ExprCompareSkip,function,1
sqlaser_sqlite354_r1,sqlite,1,sqlite_target_000576,memory,other,expr.c,src/expr.c,expr.c,6767,6767,6774,sqlite3ExprIsNotTrue,function,1
sqlaser_sqlite354_r1,sqlite,1,sqlite_target_000577,memory,other,expr.c,src/expr.c,expr.c,6786,6786,6811,iif,function,1
sqlaser_sqlite354_r1,sqlite,1,sqlite_target_000578,memory,other,expr.c,src/expr.c,expr.c,6840,6835,6845,,window,0
sqlaser_sqlite354_r1,sqlite,1,sqlite_target_000579,memory,other,expr.c,src/expr.c,expr.c,7024,7024,7044,sqlite3ExprImpliesNonNullRow,function,1
sqlaser_sqlite354_r1,sqlite,1,sqlite_target_000580,memory,other,expr.c,src/expr.c,expr.c,7084,7079,7089,,window,0
sqlaser_sqlite354_r1,sqlite,1,sqlite_target_000581,memory,other,expr.c,src/expr.c,expr.c,7562,7562,7572,sqlite3ResolveExprNames,function,1
sqlaser_sqlite354_r1,sqlite,1,sqlite_target_000582,memory,other,expr.c,src/expr.c,expr.c,7580,7580,7588,sqlite3ExprAnalyzeAggregates,function,1
sqlaser_sqlite354_r1,sqlite,1,sqlite_target_000583,memory,other,expr.c,src/expr.c,expr.c,794,794,804,sqlite3ExprCheckHeight,function,1
sqlaser_sqlite354_r1,sqlite,1,sqlite_target_000584,memory,other,expr.c,src/expr.c,expr.c,874,874,878,sqlite3ExprSetHeightAndFlags,function,1
sqlaser_sqlite354_r1,sqlite,1,sqlite_target_000585,memory,other,expr.c,src/expr.c,expr.c,906,906,910,sqlite3ExprSetErrorOffset,function,1
sqlaser_sqlite354_r1,sqlite,1,sqlite_target_000586,memory,other,expr.c,src/expr.c,expr.c,933,928,938,,window,1
sqlaser_sqlite354_r1,sqlite,1,sqlite_target_000587,memory,other,expr.c,src/expr.c,expr.c,983,983,996,sqlite3ExprInt32,function,1
sqlaser_sqlite354_r1,sqlite,1,sqlite_target_000588,memory,other,insert.c,src/insert.c,insert.c,1718,1713,1723,,window,1
sqlaser_sqlite354_r1,sqlite,1,sqlite_target_000589,memory,other,insert.c,src/insert.c,insert.c,894,889,899,,window,0
sqlaser_sqlite354_r1,sqlite,1,sqlite_target_000590,memory,other,legacy.c,src/legacy.c,legacy.c,75,70,80,,window,1
sqlaser_sqlite354_r1,sqlite,1,sqlite_target_000591,memory,other,resolve.c,src/resolve.c,resolve.c,179,179,200,sqlite3ExprColUsed,function,1
sqlaser_sqlite354_r1,sqlite,1,sqlite_target_000592,memory,other,select.c,src/select.c,select.c,7578,7573,7583,,window,0
sqlaser_sqlite354_r1,sqlite,1,sqlite_target_000593,memory,type_system,update.c,src/update.c,update.c,285,280,290,,window,0
sqlaser_sqlite354_r1,sqlite,1,sqlite_target_000594,memory,other,utf.c,src/utf.c,utf.c,316,311,321,,window,1
sqlaser_sqlite354_r1,sqlite,1,sqlite_target_000595,memory,other,utf.c,src/utf.c,utf.c,457,437,465,allocation,function,0
sqlaser_sqlite354_r1,sqlite,1,sqlite_target_000596,memory,other,util.c,src/util.c,util.c,1820,1801,1828,sqlite3GetVarint32,function,1
sqlaser_sqlite354_r1,sqlite,1,sqlite_target_000597,memory,executor,vdbe.c,src/vdbe.c,vdbe.c,1456,1449,1479,,function,1
sqlaser_sqlite354_r1,sqlite,1,sqlite_target_000598,memory,executor,vdbe.c,src/vdbe.c,vdbe.c,1598,1593,1603,,window,1
sqlaser_sqlite354_r1,sqlite,1,sqlite_target_000599,memory,executor,vdbe.c,src/vdbe.c,vdbe.c,1620,1610,1625,,function,1
sqlaser_sqlite354_r1,sqlite,1,sqlite_target_000600,memory,executor,vdbe.c,src/vdbe.c,vdbe.c,1866,1826,1886,memcpy,function,1
sqlaser_sqlite354_r1,sqlite,1,sqlite_target_000601,memory,executor,vdbe.c,src/vdbe.c,vdbe.c,2101,2096,2106,,window,0
sqlaser_sqlite354_r1,sqlite,1,sqlite_target_000602,memory,executor,vdbe.c,src/vdbe.c,vdbe.c,2109,2104,2114,,window,0
sqlaser_sqlite354_r1,sqlite,1,sqlite_target_000603,memory,executor,vdbe.c,src/vdbe.c,vdbe.c,2419,2414,2424,,window,1
sqlaser_sqlite354_r1,sqlite,1,sqlite_target_000604,memory,executor,vdbe.c,src/vdbe.c,vdbe.c,2572,2563,2583,assert,function,1
sqlaser_sqlite354_r1,sqlite,1,sqlite_target_000605,memory,executor,vdbe.c,src/vdbe.c,vdbe.c,3077,3072,3082,,window,1
sqlaser_sqlite354_r1,sqlite,1,sqlite_target_000606,memory,executor,vdbe.c,src/vdbe.c,vdbe.c,3078,3073,3083,,window,1
sqlaser_sqlite354_r1,sqlite,1,sqlite_target_000607,memory,executor,vdbe.c,src/vdbe.c,vdbe.c,3086,3081,3091,,window,1
sqlaser_sqlite354_r1,sqlite,1,sqlite_target_000608,memory,executor,vdbe.c,src/vdbe.c,vdbe.c,3145,3140,3150,,window,1
sqlaser_sqlite354_r1,sqlite,1,sqlite_target_000609,memory,executor,vdbe.c,src/vdbe.c,vdbe.c,3146,3141,3151,,window,1
sqlaser_sqlite354_r1,sqlite,1,sqlite_target_000610,memory,executor,vdbe.c,src/vdbe.c,vdbe.c,3165,3160,3170,,window,1
sqlaser_sqlite354_r1,sqlite,1,sqlite_target_000611,memory,executor,vdbe.c,src/vdbe.c,vdbe.c,3232,3227,3237,,window,1
sqlaser_sqlite354_r1,sqlite,1,sqlite_target_000612,memory,executor,vdbe.c,src/vdbe.c,vdbe.c,3244,3239,3249,,window,1
sqlaser_sqlite354_r1,sqlite,1,sqlite_target_000613,memory,executor,vdbe.c,src/vdbe.c,vdbe.c,3248,3243,3253,,window,1
sqlaser_sqlite354_r1,sqlite,1,sqlite_target_000614,memory,executor,vdbe.c,src/vdbe.c,vdbe.c,3278,3264,3287,,function,1
sqlaser_sqlite354_r1,sqlite,1,sqlite_target_000615,memory,executor,vdbe.c,src/vdbe.c,vdbe.c,3771,3766,3776,,window,1
sqlaser_sqlite354_r1,sqlite,1,sqlite_target_000616,memory,executor,vdbe.c,src/vdbe.c,vdbe.c,3799,3794,3804,,window,1
sqlaser_sqlite354_r1,sqlite,1,sqlite_target_000617,memory,executor,vdbe.c,src/vdbe.c,vdbe.c,3807,3802,3812,,window,1
sqlaser_sqlite354_r1,sqlite,1,sqlite_target_000618,memory,executor,vdbe.c,src/vdbe.c,vdbe.c,3902,3897,3907,,window,1
sqlaser_sqlite354_r1,sqlite,1,sqlite_target_000619,memory,executor,vdbe.c,src/vdbe.c,vdbe.c,3905,3900,3910,,window,1
sqlaser_sqlite354_r1,sqlite,1,sqlite_target_000620,memory,executor,vdbe.c,src/vdbe.c,vdbe.c,436,436,449,sqlite3_value_numeric_type,function,1
sqlaser_sqlite354_r1,sqlite,1,sqlite_target_000621,memory,executor,vdbe.c,src/vdbe.c,vdbe.c,6166,6139,6177,,function,1
sqlaser_sqlite354_r1,sqlite,1,sqlite_target_000622,memory,executor,vdbe.c,src/vdbe.c,vdbe.c,6919,6911,6931,,function,1
sqlaser_sqlite354_r1,sqlite,1,sqlite_target_000623,memory,executor,vdbe.c,src/vdbe.c,vdbe.c,720,715,725,,window,0
sqlaser_sqlite354_r1,sqlite,1,sqlite_target_000624,memory,executor,vdbe.c,src/vdbe.c,vdbe.c,7350,7345,7355,,window,1
sqlaser_sqlite354_r1,sqlite,1,sqlite_target_000625,memory,executor,vdbe.c,src/vdbe.c,vdbe.c,7395,7381,7407,,function,1
sqlaser_sqlite354_r1,sqlite,1,sqlite_target_000626,memory,executor,vdbe.c,src/vdbe.c,vdbe.c,7584,7571,7621,,function,1
sqlaser_sqlite354_r1,sqlite,1,sqlite_target_000627,memory,executor,vdbe.c,src/vdbe.c,vdbe.c,7638,7633,7643,,window,1
sqlaser_sqlite354_r1,sqlite,1,sqlite_target_000628,memory,executor,vdbe.c,src/vdbe.c,vdbe.c,7913,7894,7936,,function,1
sqlaser_sqlite354_r1,sqlite,1,sqlite_target_000629,memory,executor,vdbe.c,src/vdbe.c,vdbe.c,806,801,811,,window,0
sqlaser_sqlite354_r1,sqlite,1,sqlite_target_000630,memory,executor,vdbe.c,src/vdbe.c,vdbe.c,835,830,840,,window,1
sqlaser_sqlite354_r1,sqlite,1,sqlite_target_000631,memory,executor,vdbe.c,src/vdbe.c,vdbe.c,8370,8366,8386,,function,1
sqlaser_sqlite354_r1,sqlite,1,sqlite_target_000632,memory,executor,vdbe.c,src/vdbe.c,vdbe.c,8495,8465,8498,,function,1
sqlaser_sqlite354_r1,sqlite,1,sqlite_target_000633,memory,executor,vdbe.c,src/vdbe.c,vdbe.c,8630,8625,8635,,window,1
sqlaser_sqlite354_r1,sqlite,1,sqlite_target_000634,memory,executor,vdbe.c,src/vdbe.c,vdbe.c,866,866,875,vdbeMemTypeName,function,1
sqlaser_sqlite354_r1,sqlite,1,sqlite_target_000635,memory,executor,vdbe.c,src/vdbe.c,vdbe.c,881,876,886,,window,1
sqlaser_sqlite354_r1,sqlite,1,sqlite_target_000636,memory,executor,vdbeapi.c,src/vdbeapi.c,vdbeapi.c,1654,1654,1691,assert,function,1
sqlaser_sqlite354_r1,sqlite,1,sqlite_target_000637,memory,executor,vdbeapi.c,src/vdbeapi.c,vdbeapi.c,1953,1953,1956,sqlite3VdbeParameterIndex,function,0
sqlaser_sqlite354_r1,sqlite,1,sqlite_target_000638,memory,executor,vdbeapi.c,src/vdbeapi.c,vdbeapi.c,40,40,47,vdbeSafety,function,1
sqlaser_sqlite354_r1,sqlite,1,sqlite_target_000639,memory,executor,vdbeapi.c,src/vdbeapi.c,vdbeapi.c,48,48,55,vdbeSafetyNotNull,function,1
sqlaser_sqlite354_r1,sqlite,1,sqlite_target_000640,memory,executor,vdbeapi.c,src/vdbeapi.c,vdbeapi.c,913,913,960,sqlite3_step,function,1
sqlaser_sqlite354_r1,sqlite,1,sqlite_target_000641,memory,executor,vdbeaux.c,src/vdbeaux.c,vdbeaux.c,1075,1075,1078,sqlite3VdbeCurrentAddr,function,0
sqlaser_sqlite354_r1,sqlite,1,sqlite_target_000642,memory,executor,vdbeaux.c,src/vdbeaux.c,vdbeaux.c,1132,1132,1143,sqlite3VdbeTakeOpArray,function,1
sqlaser_sqlite354_r1,sqlite,1,sqlite_target_000643,memory,executor,vdbeaux.c,src/vdbeaux.c,vdbeaux.c,1152,1147,1157,,window,1
sqlaser_sqlite354_r1,sqlite,1,sqlite_target_000644,memory,executor,vdbeaux.c,src/vdbeaux.c,vdbeaux.c,127,127,152,sqlite3VdbeSwap,function,1
sqlaser_sqlite354_r1,sqlite,1,sqlite_target_000645,memory,executor,vdbeaux.c,src/vdbeaux.c,vdbeaux.c,1291,1291,1294,sqlite3VdbeChangeOpcode,function,1
sqlaser_sqlite354_r1,sqlite,1,sqlite_target_000646,memory,executor,vdbeaux.c,src/vdbeaux.c,vdbeaux.c,1295,1295,1298,sqlite3VdbeChangeOpcode,function,1
sqlaser_sqlite354_r1,sqlite,1,sqlite_target_000647,memory,executor,vdbeaux.c,src/vdbeaux.c,vdbeaux.c,1299,1299,1302,sqlite3VdbeChangeP1,function,1
sqlaser_sqlite354_r1,sqlite,1,sqlite_target_000648,memory,executor,vdbeaux.c,src/vdbeaux.c,vdbeaux.c,1303,1303,1306,sqlite3VdbeChangeP2,function,0
sqlaser_sqlite354_r1,sqlite,1,sqlite_target_000649,memory,executor,vdbeaux.c,src/vdbeaux.c,vdbeaux.c,1307,1307,1310,sqlite3VdbeChangeP3,function,1
sqlaser_sqlite354_r1,sqlite,1,sqlite_target_000650,memory,executor,vdbeaux.c,src/vdbeaux.c,vdbeaux.c,1317,1317,1325,sqlite3VdbeTypeofColumn,function,1
sqlaser_sqlite354_r1,sqlite,1,sqlite_target_000651,memory,executor,vdbeaux.c,src/vdbeaux.c,vdbeaux.c,1331,1331,1333,sqlite3VdbeJumpHere,function,0
sqlaser_sqlite354_r1,sqlite,1,sqlite_target_000652,memory,executor,vdbeaux.c,src/vdbeaux.c,vdbeaux.c,1348,1348,1361,sqlite3VdbeJumpHereOrPopInst,function,1
sqlaser_sqlite354_r1,sqlite,1,sqlite_target_000653,memory,executor,vdbeaux.c,src/vdbeaux.c,vdbeaux.c,1378,1378,1381,freeP4Mem,function,1
sqlaser_sqlite354_r1,sqlite,1,sqlite_target_000654,memory,executor,vdbeaux.c,src/vdbeaux.c,vdbeaux.c,1445,1445,1460,vdbeFreeOpArray,function,1
sqlaser_sqlite354_r1,sqlite,1,sqlite_target_000655,memory,parser,vdbeaux.c,src/vdbeaux.c,vdbeaux.c,1467,1467,1470,sqlite3VdbeLinkSubProgram,function,0
sqlaser_sqlite354_r1,sqlite,1,sqlite_target_000656,memory,parser,vdbeaux.c,src/vdbeaux.c,vdbeaux.c,1475,1475,1477,sqlite3VdbeHasSubProgram,function,1
sqlaser_sqlite354_r1,sqlite,1,sqlite_target_000657,memory,executor,vdbeaux.c,src/vdbeaux.c,vdbeaux.c,1482,1482,1492,sqlite3VdbeChangeToNoop,function,1
sqlaser_sqlite354_r1,sqlite,1,sqlite_target_000658,memory,executor,vdbeaux.c,src/vdbeaux.c,vdbeaux.c,1498,1498,1504,sqlite3VdbeDeletePriorOpcode,function,0
sqlaser_sqlite354_r1,sqlite,1,sqlite_target_000659,memory,executor,vdbeaux.c,src/vdbeaux.c,vdbeaux.c,1557,1552,1562,,window,1
sqlaser_sqlite354_r1,sqlite,1,sqlite_target_000660,memory,executor,vdbeaux.c,src/vdbeaux.c,vdbeaux.c,1576,1576,1608,,function,1
sqlaser_sqlite354_r1,sqlite,1,sqlite_target_000661,memory,executor,vdbeaux.c,src/vdbeaux.c,vdbeaux.c,1619,1619,1633,sqlite3VdbeChangeP4,function,1
sqlaser_sqlite354_r1,sqlite,1,sqlite_target_000662,memory,executor,vdbeaux.c,src/vdbeaux.c,vdbeaux.c,1639,1639,1646,sqlite3VdbeSetP4KeyInfo,function,1
sqlaser_sqlite354_r1,sqlite,1,sqlite_target_000663,memory,executor,vdbeaux.c,src/vdbeaux.c,vdbeaux.c,1705,1705,1716,sqlite3VdbeGetOp,function,1
sqlaser_sqlite354_r1,sqlite,1,sqlite_target_000664,memory,executor,vdbeaux.c,src/vdbeaux.c,vdbeaux.c,1720,1720,1722,sqlite3VdbeGetLastOp,function,0
sqlaser_sqlite354_r1,sqlite,1,sqlite_target_000665,memory,executor,vdbeaux.c,src/vdbeaux.c,vdbeaux.c,1914,1914,2033,sqlite3VdbeDisplayP4,function,0
sqlaser_sqlite354_r1,sqlite,1,sqlite_target_000666,memory,executor,vdbeaux.c,src/vdbeaux.c,vdbeaux.c,2044,2044,2051,sqlite3VdbeUsesBtree,function,0
sqlaser_sqlite354_r1,sqlite,1,sqlite_target_000667,memory,executor,vdbeaux.c,src/vdbeaux.c,vdbeaux.c,2075,2075,2089,sqlite3VdbeEnter,function,1
sqlaser_sqlite354_r1,sqlite,1,sqlite_target_000668,memory,executor,vdbeaux.c,src/vdbeaux.c,vdbeaux.c,2096,2096,2109,,function,1
sqlaser_sqlite354_r1,sqlite,1,sqlite_target_000669,memory,executor,vdbeaux.c,src/vdbeaux.c,vdbeaux.c,2110,2110,2113,,function,0
sqlaser_sqlite354_r1,sqlite,1,sqlite_target_000670,memory,executor,vdbeaux.c,src/vdbeaux.c,vdbeaux.c,2164,2164,2178,initMemArray,function,1
sqlaser_sqlite354_r1,sqlite,1,sqlite_target_000671,memory,executor,vdbeaux.c,src/vdbeaux.c,vdbeaux.c,2188,2188,2233,releaseMemArray,function,1
sqlaser_sqlite354_r1,sqlite,1,sqlite_target_000672,memory,executor,vdbeaux.c,src/vdbeaux.c,vdbeaux.c,2256,2256,2261,sqlite3VdbeFrameMemDel,function,0
sqlaser_sqlite354_r1,sqlite,1,sqlite_target_000673,memory,executor,vdbeaux.c,src/vdbeaux.c,vdbeaux.c,2271,2266,2276,,window,0
sqlaser_sqlite354_r1,sqlite,1,sqlite_target_000674,memory,executor,vdbeaux.c,src/vdbeaux.c,vdbeaux.c,2383,2383,2394,sqlite3VdbeFrameDelete,function,0
sqlaser_sqlite354_r1,sqlite,1,sqlite_target_000675,memory,executor,vdbeaux.c,src/vdbeaux.c,vdbeaux.c,2415,2410,2420,,window,0
sqlaser_sqlite354_r1,sqlite,1,sqlite_target_000676,memory,executor,vdbeaux.c,src/vdbeaux.c,vdbeaux.c,25,25,47,vdbeFreeOpArray,function,1
sqlaser_sqlite354_r1,sqlite,1,sqlite_target_000677,memory,executor,vdbeaux.c,src/vdbeaux.c,vdbeaux.c,2602,2602,2636,sqlite3VdbeRewind,function,1
sqlaser_sqlite354_r1,sqlite,1,sqlite_target_000678,memory,executor,vdbeaux.c,src/vdbeaux.c,vdbeaux.c,263,263,265,sqlite3VdbeAddOp0,function,1
sqlaser_sqlite354_r1,sqlite,1,sqlite_target_000679,memory,executor,vdbeaux.c,src/vdbeaux.c,vdbeaux.c,2656,2651,2661,,window,1
sqlaser_sqlite354_r1,sqlite,1,sqlite_target_000680,memory,executor,vdbeaux.c,src/vdbeaux.c,vdbeaux.c,266,266,268,sqlite3VdbeAddOp0,function,1
sqlaser_sqlite354_r1,sqlite,1,sqlite_target_000681,memory,executor,vdbeaux.c,src/vdbeaux.c,vdbeaux.c,269,269,271,sqlite3VdbeAddOp3,function,1
sqlaser_sqlite354_r1,sqlite,1,sqlite_target_000682,memory,executor,vdbeaux.c,src/vdbeaux.c,vdbeaux.c,272,272,316,sqlite3VdbeAddOp3,function,1
sqlaser_sqlite354_r1,sqlite,1,sqlite_target_000683,memory,executor,vdbeaux.c,src/vdbeaux.c,vdbeaux.c,2759,2759,2761,sqlite3VdbeFreeCursor,function,1
sqlaser_sqlite354_r1,sqlite,1,sqlite_target_000684,memory,executor,vdbeaux.c,src/vdbeaux.c,vdbeaux.c,2762,2762,2773,sqlite3VdbeFreeCursor,function,1
sqlaser_sqlite354_r1,sqlite,1,sqlite_target_000685,memory,executor,vdbeaux.c,src/vdbeaux.c,vdbeaux.c,2774,2774,2800,sqlite3DbFree,function,1
sqlaser_sqlite354_r1,sqlite,1,sqlite_target_000686,memory,executor,vdbeaux.c,src/vdbeaux.c,vdbeaux.c,2805,2805,2814,closeCursorsInFrame,function,1
sqlaser_sqlite354_r1,sqlite,1,sqlite_target_000687,memory,executor,vdbeaux.c,src/vdbeaux.c,vdbeaux.c,2821,2821,2837,sqlite3VdbeFrameRestore,function,0
sqlaser_sqlite354_r1,sqlite,1,sqlite_target_000688,memory,executor,vdbeaux.c,src/vdbeaux.c,vdbeaux.c,2847,2847,2867,closeAllCursors,function,1
sqlaser_sqlite354_r1,sqlite,1,sqlite_target_000689,memory,executor,vdbeaux.c,src/vdbeaux.c,vdbeaux.c,2875,2875,2888,sqlite3_column_count,function,1
sqlaser_sqlite354_r1,sqlite,1,sqlite_target_000690,memory,executor,vdbeaux.c,src/vdbeaux.c,vdbeaux.c,2900,2895,2905,,window,1
sqlaser_sqlite354_r1,sqlite,1,sqlite_target_000691,memory,executor,vdbeaux.c,src/vdbeaux.c,vdbeaux.c,2928,2928,3184,vdbeCommit,function,1
sqlaser_sqlite354_r1,sqlite,1,sqlite_target_000692,memory,executor,vdbeaux.c,src/vdbeaux.c,vdbeaux.c,317,312,322,,window,1
sqlaser_sqlite354_r1,sqlite,1,sqlite_target_000693,memory,executor,vdbeaux.c,src/vdbeaux.c,vdbeaux.c,3228,3228,3273,vdbeCloseStatement,function,1
sqlaser_sqlite354_r1,sqlite,1,sqlite_target_000694,memory,executor,vdbeaux.c,src/vdbeaux.c,vdbeaux.c,3274,3274,3279,sqlite3VdbeCloseStatement,function,0
sqlaser_sqlite354_r1,sqlite,1,sqlite_target_000695,memory,executor,vdbeaux.c,src/vdbeaux.c,vdbeaux.c,3293,3293,3299,vdbeFkError,function,1
sqlaser_sqlite354_r1,sqlite,1,sqlite_target_000696,memory,executor,vdbeaux.c,src/vdbeaux.c,vdbeaux.c,3300,3300,3303,sqlite3VdbeError,function,0
sqlaser_sqlite354_r1,sqlite,1,sqlite_target_000697,memory,executor,vdbeaux.c,src/vdbeaux.c,vdbeaux.c,3304,3304,3308,sqlite3VdbeCheckFkImmediate,function,0
sqlaser_sqlite354_r1,sqlite,1,sqlite_target_000698,memory,executor,vdbeaux.c,src/vdbeaux.c,vdbeaux.c,3324,3324,3526,sqlite3VdbeHalt,function,1
sqlaser_sqlite354_r1,sqlite,1,sqlite_target_000699,memory,executor,vdbeaux.c,src/vdbeaux.c,vdbeaux.c,3533,3533,3535,sqlite3VdbeResetStepResult,function,0
sqlaser_sqlite354_r1,sqlite,1,sqlite_target_000700,memory,executor,vdbeaux.c,src/vdbeaux.c,vdbeaux.c,3545,3545,3561,sqlite3_errcode,function,1
sqlaser_sqlite354_r1,sqlite,1,sqlite_target_000701,memory,executor,vdbeaux.c,src/vdbeaux.c,vdbeaux.c,3595,3595,3680,sqlite3VdbeReset,function,1
sqlaser_sqlite354_r1,sqlite,1,sqlite_target_000702,memory,executor,vdbeaux.c,src/vdbeaux.c,vdbeaux.c,3686,3686,3697,sqlite3VdbeFinalize,function,1
sqlaser_sqlite354_r1,sqlite,1,sqlite_target_000703,memory,executor,vdbeaux.c,src/vdbeaux.c,vdbeaux.c,369,369,371,sqlite3VdbeGoto,function,1
sqlaser_sqlite354_r1,sqlite,1,sqlite_target_000704,memory,executor,vdbeaux.c,src/vdbeaux.c,vdbeaux.c,3743,3743,3782,sqlite3VdbeDelete,function,1
sqlaser_sqlite354_r1,sqlite,1,sqlite_target_000705,memory,executor,vdbeaux.c,src/vdbeaux.c,vdbeaux.c,376,376,378,sqlite3VdbeLoadString,function,1
sqlaser_sqlite354_r1,sqlite,1,sqlite_target_000706,memory,executor,vdbeaux.c,src/vdbeaux.c,vdbeaux.c,3787,3787,3803,sqlite3VdbeDelete,function,1
sqlaser_sqlite354_r1,sqlite,1,sqlite_target_000707,memory,executor,vdbeaux.c,src/vdbeaux.c,vdbeaux.c,3810,3810,3827,sqlite3VdbeFinishMoveto,function,1
sqlaser_sqlite354_r1,sqlite,1,sqlite_target_000708,memory,executor,vdbeaux.c,src/vdbeaux.c,vdbeaux.c,3836,3836,3845,sqlite3VdbeHandleMovedCursor,function,1
sqlaser_sqlite354_r1,sqlite,1,sqlite_target_000709,memory,executor,vdbeaux.c,src/vdbeaux.c,vdbeaux.c,3851,3851,3857,sqlite3VdbeCursorRestore,function,0
sqlaser_sqlite354_r1,sqlite,1,sqlite_target_000710,memory,executor,vdbeaux.c,src/vdbeaux.c,vdbeaux.c,391,391,409,sqlite3VdbeMultiLoad,function,1
sqlaser_sqlite354_r1,sqlite,1,sqlite_target_000711,memory,executor,vdbeaux.c,src/vdbeaux.c,vdbeaux.c,3997,3997,4005,sqlite3VdbeSerialTypeLen,function,1
sqlaser_sqlite354_r1,sqlite,1,sqlite_target_000712,memory,executor,vdbeaux.c,src/vdbeaux.c,vdbeaux.c,4006,4006,4009,assert,function,0
sqlaser_sqlite354_r1,sqlite,1,sqlite_target_000713,memory,executor,vdbeaux.c,src/vdbeaux.c,vdbeaux.c,4132,4127,4137,,window,1
sqlaser_sqlite354_r1,sqlite,1,sqlite_target_000714,memory,executor,vdbeaux.c,src/vdbeaux.c,vdbeaux.c,414,409,419,,window,0
sqlaser_sqlite354_r1,sqlite,1,sqlite_target_000715,memory,executor,vdbeaux.c,src/vdbeaux.c,vdbeaux.c,4231,4226,4236,,window,1
sqlaser_sqlite354_r1,sqlite,1,sqlite_target_000716,memory,executor,vdbeaux.c,src/vdbeaux.c,vdbeaux.c,4251,4246,4256,,window,1
sqlaser_sqlite354_r1,sqlite,1,sqlite_target_000717,memory,executor,vdbeaux.c,src/vdbeaux.c,vdbeaux.c,438,433,443,,window,0
sqlaser_sqlite354_r1,sqlite,1,sqlite_target_000718,memory,executor,vdbeaux.c,src/vdbeaux.c,vdbeaux.c,4459,4454,4464,,window,1
sqlaser_sqlite354_r1,sqlite,1,sqlite_target_000719,memory,executor,vdbeaux.c,src/vdbeaux.c,vdbeaux.c,4485,4480,4490,,window,1
sqlaser_sqlite354_r1,sqlite,1,sqlite_target_000720,memory,executor,vdbeaux.c,src/vdbeaux.c,vdbeaux.c,4588,4588,4677,memcmp,function,1
sqlaser_sqlite354_r1,sqlite,1,sqlite_target_000721,memory,executor,vdbeaux.c,src/vdbeaux.c,vdbeaux.c,4687,4687,4719,vdbeRecordDecodeInt,function,1
sqlaser_sqlite354_r1,sqlite,1,sqlite_target_000722,memory,executor,vdbeaux.c,src/vdbeaux.c,vdbeaux.c,474,469,479,,window,0
sqlaser_sqlite354_r1,sqlite,1,sqlite_target_000723,memory,executor,vdbeaux.c,src/vdbeaux.c,vdbeaux.c,4742,4737,4747,,window,1
sqlaser_sqlite354_r1,sqlite,1,sqlite_target_000724,memory,executor,vdbeaux.c,src/vdbeaux.c,vdbeaux.c,4765,4760,4770,,window,1
sqlaser_sqlite354_r1,sqlite,1,sqlite_target_000725,memory,executor,vdbeaux.c,src/vdbeaux.c,vdbeaux.c,4775,4770,4780,,window,1
sqlaser_sqlite354_r1,sqlite,1,sqlite_target_000726,memory,executor,vdbeaux.c,src/vdbeaux.c,vdbeaux.c,4808,4803,4813,,window,1
sqlaser_sqlite354_r1,sqlite,1,sqlite_target_000727,memory,executor,vdbeaux.c,src/vdbeaux.c,vdbeaux.c,4841,4836,4846,,window,1
sqlaser_sqlite354_r1,sqlite,1,sqlite_target_000728,memory,executor,vdbeaux.c,src/vdbeaux.c,vdbeaux.c,4849,4844,4854,,window,1
sqlaser_sqlite354_r1,sqlite,1,sqlite_target_000729,memory,executor,vdbeaux.c,src/vdbeaux.c,vdbeaux.c,4883,4878,4888,,window,1
sqlaser_sqlite354_r1,sqlite,1,sqlite_target_000730,memory,executor,vdbeaux.c,src/vdbeaux.c,vdbeaux.c,493,493,498,sqlite3VdbeExplainParent,function,1
sqlaser_sqlite354_r1,sqlite,1,sqlite_target_000731,memory,executor,vdbeaux.c,src/vdbeaux.c,vdbeaux.c,4963,4958,4968,,window,0
sqlaser_sqlite354_r1,sqlite,1,sqlite_target_000732,memory,executor,vdbeaux.c,src/vdbeaux.c,vdbeaux.c,4967,4966,4968,sqlite3VdbeRecordCompare,function,0
sqlaser_sqlite354_r1,sqlite,1,sqlite_target_000733,memory,executor,vdbeaux.c,src/vdbeaux.c,vdbeaux.c,4980,4975,4985,,window,1
sqlaser_sqlite354_r1,sqlite,1,sqlite_target_000734,memory,executor,vdbeaux.c,src/vdbeaux.c,vdbeaux.c,5075,5070,5080,,window,1
sqlaser_sqlite354_r1,sqlite,1,sqlite_target_000735,memory,executor,vdbeaux.c,src/vdbeaux.c,vdbeaux.c,5145,5145,5190,sqlite3VdbeFindCompare,function,1
sqlaser_sqlite354_r1,sqlite,1,sqlite_target_000736,memory,executor,vdbeaux.c,src/vdbeaux.c,vdbeaux.c,517,517,543,sqlite3VdbeExplainPop,function,1
sqlaser_sqlite354_r1,sqlite,1,sqlite_target_000737,memory,parser,vdbeaux.c,src/vdbeaux.c,vdbeaux.c,52,52,54,sqlite3VdbeParser,function,1
sqlaser_sqlite354_r1,sqlite,1,sqlite_target_000738,memory,executor,vdbeaux.c,src/vdbeaux.c,vdbeaux.c,5200,5200,5266,sqlite3VdbeIdxRowid,function,1
sqlaser_sqlite354_r1,sqlite,1,sqlite_target_000739,memory,executor,vdbeaux.c,src/vdbeaux.c,vdbeaux.c,5236,5231,5241,,window,1
sqlaser_sqlite354_r1,sqlite,1,sqlite_target_000740,memory,executor,vdbeaux.c,src/vdbeaux.c,vdbeaux.c,5255,5250,5260,,window,1
sqlaser_sqlite354_r1,sqlite,1,sqlite_target_000741,memory,executor,vdbeaux.c,src/vdbeaux.c,vdbeaux.c,5279,5274,5284,,window,1
sqlaser_sqlite354_r1,sqlite,1,sqlite_target_000742,memory,executor,vdbeaux.c,src/vdbeaux.c,vdbeaux.c,5324,5324,5326,sqlite3VdbeCountChanges,function,0
sqlaser_sqlite354_r1,sqlite,1,sqlite_target_000743,memory,executor,vdbeaux.c,src/vdbeaux.c,vdbeaux.c,5356,5356,5358,sqlite3VdbeDb,function,0
sqlaser_sqlite354_r1,sqlite,1,sqlite_target_000744,memory,executor,vdbeaux.c,src/vdbeaux.c,vdbeaux.c,5363,5363,5365,sqlite3VdbePrepareFlags,function,0
sqlaser_sqlite354_r1,sqlite,1,sqlite_target_000745,memory,executor,vdbeaux.c,src/vdbeaux.c,vdbeaux.c,5375,5375,5391,aff,function,1
sqlaser_sqlite354_r1,sqlite,1,sqlite_target_000746,memory,executor,vdbeaux.c,src/vdbeaux.c,vdbeaux.c,5398,5398,5407,sqlite3VdbeSetVarmask,function,0
sqlaser_sqlite354_r1,sqlite,1,sqlite_target_000747,memory,executor,vdbeaux.c,src/vdbeaux.c,vdbeaux.c,5420,5415,5425,,window,0
sqlaser_sqlite354_r1,sqlite,1,sqlite_target_000748,memory,executor,vdbeaux.c,src/vdbeaux.c,vdbeaux.c,5453,5448,5458,,window,0
sqlaser_sqlite354_r1,sqlite,1,sqlite_target_000749,memory,executor,vdbeaux.c,src/vdbeaux.c,vdbeaux.c,548,548,551,sqlite3VdbeExplainPop,function,1
sqlaser_sqlite354_r1,sqlite,1,sqlite_target_000750,memory,executor,vdbeaux.c,src/vdbeaux.c,vdbeaux.c,5551,5546,5556,,window,0
sqlaser_sqlite354_r1,sqlite,1,sqlite_target_000751,memory,executor,vdbeaux.c,src/vdbeaux.c,vdbeaux.c,571,571,578,sqlite3DbMalloc,function,1
sqlaser_sqlite354_r1,sqlite,1,sqlite_target_000752,memory,executor,vdbeaux.c,src/vdbeaux.c,vdbeaux.c,582,582,593,sqlite3MayAbort,function,0
sqlaser_sqlite354_r1,sqlite,1,sqlite_target_000753,memory,executor,vdbeaux.c,src/vdbeaux.c,vdbeaux.c,59,59,65,sqlite3VdbeError,function,1
sqlaser_sqlite354_r1,sqlite,1,sqlite_target_000754,memory,executor,vdbeaux.c,src/vdbeaux.c,vdbeaux.c,620,620,622,sqlite3VdbeMakeLabel,function,0
sqlaser_sqlite354_r1,sqlite,1,sqlite_target_000755,memory,executor,vdbeaux.c,src/vdbeaux.c,vdbeaux.c,647,647,664,sqlite3VdbeResolveLabel,function,1
sqlaser_sqlite354_r1,sqlite,1,sqlite_target_000756,memory,executor,vdbeaux.c,src/vdbeaux.c,vdbeaux.c,669,669,671,sqlite3VdbeRunOnlyOnce,function,1
sqlaser_sqlite354_r1,sqlite,1,sqlite_target_000757,memory,executor,vdbeaux.c,src/vdbeaux.c,vdbeaux.c,676,676,684,sqlite3VdbeReusable,function,0
sqlaser_sqlite354_r1,sqlite,1,sqlite_target_000758,memory,executor,vdbeaux.c,src/vdbeaux.c,vdbeaux.c,70,70,78,sqlite3VdbeSetSql,function,1
sqlaser_sqlite354_r1,sqlite,1,sqlite_target_000759,memory,executor,vdbemem.c,src/vdbemem.c,vdbemem.c,1009,1009,1017,sqlite3VdbeMemSetZeroBlob,function,1
sqlaser_sqlite354_r1,sqlite,1,sqlite_target_000760,memory,executor,vdbemem.c,src/vdbemem.c,vdbemem.c,1039,1039,1043,vdbeReleaseAndSetInt64,function,0
sqlaser_sqlite354_r1,sqlite,1,sqlite_target_000761,memory,executor,vdbemem.c,src/vdbemem.c,vdbemem.c,1049,1049,1056,sqlite3VdbeMemSetInt64,function,1
sqlaser_sqlite354_r1,sqlite,1,sqlite_target_000762,memory,executor,vdbemem.c,src/vdbemem.c,vdbemem.c,106,106,135,vdbeMemRenderNum,function,1
sqlaser_sqlite354_r1,sqlite,1,sqlite_target_000763,memory,executor,vdbemem.c,src/vdbemem.c,vdbemem.c,1072,1067,1077,,window,1
sqlaser_sqlite354_r1,sqlite,1,sqlite_target_000764,memory,executor,vdbemem.c,src/vdbemem.c,vdbemem.c,1092,1092,1098,sqlite3VdbeMemSetDouble,function,1
sqlaser_sqlite354_r1,sqlite,1,sqlite_target_000765,memory,executor,vdbemem.c,src/vdbemem.c,vdbemem.c,1119,1119,1131,sqlite3VdbeMemSetRowSet,function,1
sqlaser_sqlite354_r1,sqlite,1,sqlite_target_000766,memory,executor,vdbemem.c,src/vdbemem.c,vdbemem.c,1137,1137,1147,sqlite3VdbeMemTooBig,function,1
sqlaser_sqlite354_r1,sqlite,1,sqlite_target_000767,memory,executor,vdbemem.c,src/vdbemem.c,vdbemem.c,1196,1196,1200,srcType,function,1
sqlaser_sqlite354_r1,sqlite,1,sqlite_target_000768,memory,executor,vdbemem.c,src/vdbemem.c,vdbemem.c,1201,1201,1211,vdbeClrCopy,function,1
sqlaser_sqlite354_r1,sqlite,1,sqlite_target_000769,memory,executor,vdbemem.c,src/vdbemem.c,vdbemem.c,1217,1217,1232,sqlite3VdbeMemCopy,function,1
sqlaser_sqlite354_r1,sqlite,1,sqlite_target_000770,memory,executor,vdbemem.c,src/vdbemem.c,vdbemem.c,1240,1240,1249,sqlite3VdbeMemMove,function,1
sqlaser_sqlite354_r1,sqlite,1,sqlite_target_000771,memory,executor,vdbemem.c,src/vdbemem.c,vdbemem.c,1273,1268,1278,,window,0
sqlaser_sqlite354_r1,sqlite,1,sqlite_target_000772,memory,executor,vdbemem.c,src/vdbemem.c,vdbemem.c,1342,1337,1347,,window,1
sqlaser_sqlite354_r1,sqlite,1,sqlite_target_000773,memory,executor,vdbemem.c,src/vdbemem.c,vdbemem.c,1374,1369,1379,,window,1
sqlaser_sqlite354_r1,sqlite,1,sqlite_target_000774,memory,executor,vdbemem.c,src/vdbemem.c,vdbemem.c,1424,1419,1429,,window,1
sqlaser_sqlite354_r1,sqlite,1,sqlite_target_000775,memory,executor,vdbemem.c,src/vdbemem.c,vdbemem.c,1462,1457,1467,,window,1
sqlaser_sqlite354_r1,sqlite,1,sqlite_target_000776,memory,executor,vdbemem.c,src/vdbemem.c,vdbemem.c,1479,1467,1489,sqlite3VdbeMemFromBtree,function,1
sqlaser_sqlite354_r1,sqlite,1,sqlite_target_000777,memory,executor,vdbemem.c,src/vdbemem.c,vdbemem.c,1490,1485,1495,,window,1
sqlaser_sqlite354_r1,sqlite,1,sqlite_target_000778,memory,executor,vdbemem.c,src/vdbemem.c,vdbemem.c,1504,1494,1515,sqlite3VdbeMemFromBtreeZeroOffset,function,1
sqlaser_sqlite354_r1,sqlite,1,sqlite_target_000779,memory,executor,vdbemem.c,src/vdbemem.c,vdbemem.c,1511,1506,1516,,window,1
sqlaser_sqlite354_r1,sqlite,1,sqlite_target_000780,memory,executor,vdbemem.c,src/vdbemem.c,vdbemem.c,212,212,241,successful,function,1
sqlaser_sqlite354_r1,sqlite,1,sqlite_target_000781,memory,executor,vdbemem.c,src/vdbemem.c,vdbemem.c,251,251,299,sqlite3VdbeMemGrow,function,1
sqlaser_sqlite354_r1,sqlite,1,sqlite_target_000782,memory,executor,vdbemem.c,src/vdbemem.c,vdbemem.c,269,264,274,,window,1
sqlaser_sqlite354_r1,sqlite,1,sqlite_target_000783,memory,executor,vdbemem.c,src/vdbemem.c,vdbemem.c,276,271,281,,window,1
sqlaser_sqlite354_r1,sqlite,1,sqlite_target_000784,memory,executor,vdbemem.c,src/vdbemem.c,vdbemem.c,289,284,294,,window,1
sqlaser_sqlite354_r1,sqlite,1,sqlite_target_000785,memory,executor,vdbemem.c,src/vdbemem.c,vdbemem.c,314,314,324,code,function,1
sqlaser_sqlite354_r1,sqlite,1,sqlite_target_000786,memory,executor,vdbemem.c,src/vdbemem.c,vdbemem.c,336,336,362,sqlite3VdbeMemZeroTerminateIfAble,function,1
sqlaser_sqlite354_r1,sqlite,1,sqlite_target_000787,memory,executor,vdbemem.c,src/vdbemem.c,vdbemem.c,373,373,382,vdbeMemAddTerminator,function,1
sqlaser_sqlite354_r1,sqlite,1,sqlite_target_000788,memory,executor,vdbemem.c,src/vdbemem.c,vdbemem.c,390,390,407,sqlite3VdbeMemMakeWriteable,function,1
sqlaser_sqlite354_r1,sqlite,1,sqlite_target_000789,memory,executor,vdbemem.c,src/vdbemem.c,vdbemem.c,414,414,439,sqlite3VdbeMemExpandBlob,function,1
sqlaser_sqlite354_r1,sqlite,1,sqlite_target_000790,memory,executor,vdbemem.c,src/vdbemem.c,vdbemem.c,445,445,455,sqlite3VdbeMemNulTerminate,function,1
sqlaser_sqlite354_r1,sqlite,1,sqlite_target_000791,memory,executor,vdbemem.c,src/vdbemem.c,vdbemem.c,471,471,496,user,function,1
sqlaser_sqlite354_r1,sqlite,1,sqlite_target_000792,memory,executor,vdbemem.c,src/vdbemem.c,vdbemem.c,506,506,528,sqlite3VdbeMemFinalize,function,1
sqlaser_sqlite354_r1,sqlite,1,sqlite_target_000793,memory,executor,vdbemem.c,src/vdbemem.c,vdbemem.c,539,539,554,xValue,function,1
sqlaser_sqlite354_r1,sqlite,1,sqlite_target_000794,memory,executor,vdbemem.c,src/vdbemem.c,vdbemem.c,566,566,579,sqlite3VdbeMemSetNull,function,1
sqlaser_sqlite354_r1,sqlite,1,sqlite_target_000795,memory,executor,vdbemem.c,src/vdbemem.c,vdbemem.c,589,589,598,sqlite3VdbeMemRelease,function,1
sqlaser_sqlite354_r1,sqlite,1,sqlite_target_000796,memory,executor,vdbemem.c,src/vdbemem.c,vdbemem.c,610,610,615,sqlite3VdbeMemSetNull,function,1
sqlaser_sqlite354_r1,sqlite,1,sqlite_target_000797,memory,executor,vdbemem.c,src/vdbemem.c,vdbemem.c,620,620,623,sqlite3VdbeMemReleaseMalloc,function,1
sqlaser_sqlite354_r1,sqlite,1,sqlite_target_000798,memory,executor,vdbemem.c,src/vdbemem.c,vdbemem.c,641,641,657,memIntValue,function,1
sqlaser_sqlite354_r1,sqlite,1,sqlite_target_000799,memory,executor,vdbemem.c,src/vdbemem.c,vdbemem.c,735,735,751,,function,1
sqlaser_sqlite354_r1,sqlite,1,sqlite_target_000800,memory,executor,vdbemem.c,src/vdbemem.c,vdbemem.c,770,770,785,sqlite3VdbeRealValue,function,1
sqlaser_sqlite354_r1,sqlite,1,sqlite_target_000801,memory,executor,vdbemem.c,src/vdbemem.c,vdbemem.c,791,791,796,sqlite3VdbeBooleanValue,function,1
sqlaser_sqlite354_r1,sqlite,1,sqlite_target_000802,memory,executor,vdbemem.c,src/vdbemem.c,vdbemem.c,802,802,829,sqlite3VdbeIntegerAffinity,function,1
sqlaser_sqlite354_r1,sqlite,1,sqlite_target_000803,memory,executor,vdbemem.c,src/vdbemem.c,vdbemem.c,834,834,843,sqlite3VdbeMemIntegerify,function,1
sqlaser_sqlite354_r1,sqlite,1,sqlite_target_000804,memory,executor,vdbemem.c,src/vdbemem.c,vdbemem.c,849,849,857,sqlite3VdbeMemRealify,function,1
sqlaser_sqlite354_r1,sqlite,1,sqlite_target_000805,memory,executor,vdbemem.c,src/vdbemem.c,vdbemem.c,893,893,917,sqlite3VdbeMemNumerify,function,0
sqlaser_sqlite354_r1,sqlite,1,sqlite_target_000806,memory,executor,vdbemem.c,src/vdbemem.c,vdbemem.c,926,926,966,used,function,1
sqlaser_sqlite354_r1,sqlite,1,sqlite_target_000807,memory,executor,vdbemem.c,src/vdbemem.c,vdbemem.c,973,973,978,sqlite3VdbeMemInit,function,1
sqlaser_sqlite354_r1,sqlite,1,sqlite_target_000808,memory,executor,vdbemem.c,src/vdbemem.c,vdbemem.c,993,993,999,sqlite3VdbeMemRelease,function,1
sqlaser_sqlite354_r1,sqlite,1,sqlite_target_000809,memory,executor,vdbesort.c,src/vdbesort.c,vdbesort.c,1050,1050,1057,vdbeSorterRecordFree,function,1
sqlaser_sqlite354_r1,sqlite,1,sqlite_target_000810,memory,executor,vdbesort.c,src/vdbesort.c,vdbesort.c,1063,1063,1083,vdbeSortSubtaskCleanup,function,1
sqlaser_sqlite354_r1,sqlite,1,sqlite_target_000811,memory,executor,vdbesort.c,src/vdbesort.c,vdbesort.c,1150,1145,1155,,window,0
sqlaser_sqlite354_r1,sqlite,1,sqlite_target_000812,memory,optimizer,vdbesort.c,src/vdbesort.c,vdbesort.c,1163,1163,1180,vdbeSorterJoinAll,function,1
sqlaser_sqlite354_r1,sqlite,1,sqlite_target_000813,memory,executor,vdbesort.c,src/vdbesort.c,vdbesort.c,1230,1230,1242,vdbeIncrFree,function,0
sqlaser_sqlite354_r1,sqlite,1,sqlite_target_000814,memory,executor,vdbesort.c,src/vdbesort.c,vdbesort.c,1247,1247,1275,sqlite3VdbeSorterReset,function,1
sqlaser_sqlite354_r1,sqlite,1,sqlite_target_000815,memory,executor,vdbesort.c,src/vdbesort.c,vdbesort.c,1280,1280,1296,sqlite3VdbeSorterClose,function,1
sqlaser_sqlite354_r1,sqlite,1,sqlite_target_000816,memory,executor,vdbesort.c,src/vdbesort.c,vdbesort.c,1354,1354,1362,vdbeSortAllocUnpacked,function,1
sqlaser_sqlite354_r1,sqlite,1,sqlite_target_000817,memory,executor,vdbesort.c,src/vdbesort.c,vdbesort.c,1368,1363,1373,,window,1
sqlaser_sqlite354_r1,sqlite,1,sqlite_target_000818,memory,executor,vdbesort.c,src/vdbesort.c,vdbesort.c,1410,1410,1417,vdbeSorterGetCompare,function,1
sqlaser_sqlite354_r1,sqlite,1,sqlite_target_000819,memory,executor,vdbesort.c,src/vdbesort.c,vdbesort.c,1424,1424,1474,vdbeSorterSort,function,1
sqlaser_sqlite354_r1,sqlite,1,sqlite_target_000820,memory,executor,vdbesort.c,src/vdbesort.c,vdbesort.c,1578,1578,1633,data,function,0
sqlaser_sqlite354_r1,sqlite,1,sqlite_target_000821,memory,executor,vdbesort.c,src/vdbesort.c,vdbesort.c,1642,1637,1647,,window,0
sqlaser_sqlite354_r1,sqlite,1,sqlite_target_000822,memory,executor,vdbesort.c,src/vdbesort.c,vdbesort.c,1713,1713,1720,vdbeSorterFlushThread,function,0
sqlaser_sqlite354_r1,sqlite,1,sqlite_target_000823,memory,executor,vdbesort.c,src/vdbesort.c,vdbesort.c,1727,1727,1792,vdbeSorterFlushPMA,function,0
sqlaser_sqlite354_r1,sqlite,1,sqlite_target_000824,memory,executor,vdbesort.c,src/vdbesort.c,vdbesort.c,1797,1792,1802,,window,1
sqlaser_sqlite354_r1,sqlite,1,sqlite_target_000825,memory,executor,vdbesort.c,src/vdbesort.c,vdbesort.c,1909,1909,1944,vdbeIncrPopulate,function,0
sqlaser_sqlite354_r1,sqlite,1,sqlite_target_000826,memory,executor,vdbesort.c,src/vdbesort.c,vdbesort.c,1951,1951,1956,vdbeIncrPopulateThread,function,0
sqlaser_sqlite354_r1,sqlite,1,sqlite_target_000827,memory,executor,vdbesort.c,src/vdbesort.c,vdbesort.c,1961,1961,1965,vdbeIncrBgPopulate,function,0
sqlaser_sqlite354_r1,sqlite,1,sqlite_target_000828,memory,executor,vdbesort.c,src/vdbesort.c,vdbesort.c,1985,1985,2016,vdbeIncrSwap,function,0
sqlaser_sqlite354_r1,sqlite,1,sqlite_target_000829,memory,executor,vdbesort.c,src/vdbesort.c,vdbesort.c,2024,2019,2029,,window,0
sqlaser_sqlite354_r1,sqlite,1,sqlite_target_000830,memory,executor,vdbesort.c,src/vdbesort.c,vdbesort.c,2049,2049,2052,vdbeIncrMergerSetThreads,function,0
sqlaser_sqlite354_r1,sqlite,1,sqlite_target_000831,memory,executor,vdbesort.c,src/vdbesort.c,vdbesort.c,2144,2139,2149,,window,0
sqlaser_sqlite354_r1,sqlite,1,sqlite_target_000832,memory,executor,vdbesort.c,src/vdbesort.c,vdbesort.c,2220,2220,2280,vdbePmaReaderNext,function,0
sqlaser_sqlite354_r1,sqlite,1,sqlite_target_000833,memory,executor,vdbesort.c,src/vdbesort.c,vdbesort.c,2287,2287,2294,vdbePmaReaderBgIncrInit,function,0
sqlaser_sqlite354_r1,sqlite,1,sqlite_target_000834,memory,executor,vdbesort.c,src/vdbesort.c,vdbesort.c,2308,2308,2324,,function,0
sqlaser_sqlite354_r1,sqlite,1,sqlite_target_000835,memory,executor,vdbesort.c,src/vdbesort.c,vdbesort.c,2338,2333,2343,,window,0
sqlaser_sqlite354_r1,sqlite,1,sqlite_target_000836,memory,executor,vdbesort.c,src/vdbesort.c,vdbesort.c,2395,2390,2400,,window,0
sqlaser_sqlite354_r1,sqlite,1,sqlite_target_000837,memory,executor,vdbesort.c,src/vdbesort.c,vdbesort.c,2451,2446,2456,,window,0
sqlaser_sqlite354_r1,sqlite,1,sqlite_target_000838,memory,executor,vdbesort.c,src/vdbesort.c,vdbesort.c,2530,2530,2604,,function,0
sqlaser_sqlite354_r1,sqlite,1,sqlite_target_000839,memory,executor,vdbesort.c,src/vdbesort.c,vdbesort.c,2612,2612,2655,sqlite3VdbeSorterRewind,function,1
sqlaser_sqlite354_r1,sqlite,1,sqlite_target_000840,memory,executor,vdbesort.c,src/vdbesort.c,vdbesort.c,2664,2664,2696,sqlite3VdbeSorterNext,function,1
sqlaser_sqlite354_r1,sqlite,1,sqlite_target_000841,memory,executor,vdbesort.c,src/vdbesort.c,vdbesort.c,2702,2697,2707,,window,1
sqlaser_sqlite354_r1,sqlite,1,sqlite_target_000842,memory,executor,vdbesort.c,src/vdbesort.c,vdbesort.c,2729,2729,2744,sqlite3VdbeSorterRowkey,function,1
sqlaser_sqlite354_r1,sqlite,1,sqlite_target_000843,memory,executor,vdbesort.c,src/vdbesort.c,vdbesort.c,2762,2757,2767,,window,1
sqlaser_sqlite354_r1,sqlite,1,sqlite_target_000844,memory,executor,vdbesort.c,src/vdbesort.c,vdbesort.c,474,474,480,vdbePmaReaderClear,function,0
sqlaser_sqlite354_r1,sqlite,1,sqlite_target_000845,memory,executor,vdbesort.c,src/vdbesort.c,vdbesort.c,491,486,496,,window,0
sqlaser_sqlite354_r1,sqlite,1,sqlite_target_000846,memory,executor,vdbesort.c,src/vdbesort.c,vdbesort.c,586,586,608,vdbePmaReadVarint,function,0
sqlaser_sqlite354_r1,sqlite,1,sqlite_target_000847,memory,executor,vdbesort.c,src/vdbesort.c,vdbesort.c,619,619,629,vdbeSorterMapFile,function,0
sqlaser_sqlite354_r1,sqlite,1,sqlite_target_000848,memory,executor,vdbesort.c,src/vdbesort.c,vdbesort.c,636,631,641,,window,0
sqlaser_sqlite354_r1,sqlite,1,sqlite_target_000849,memory,executor,vdbesort.c,src/vdbesort.c,vdbesort.c,683,683,719,vdbePmaReaderNext,function,0
sqlaser_sqlite354_r1,sqlite,1,sqlite_target_000850,memory,executor,vdbesort.c,src/vdbesort.c,vdbesort.c,763,758,768,,window,1
sqlaser_sqlite354_r1,sqlite,1,sqlite_target_000851,memory,executor,vdbesort.c,src/vdbesort.c,vdbesort.c,790,785,795,,window,1
sqlaser_sqlite354_r1,sqlite,1,sqlite_target_000852,memory,executor,vdbesort.c,src/vdbesort.c,vdbesort.c,809,804,814,,window,1
sqlaser_sqlite354_r1,sqlite,1,sqlite_target_000853,memory,executor,vdbesort.c,src/vdbesort.c,vdbesort.c,852,847,857,,window,1
sqlaser_sqlite354_r1,sqlite,1,sqlite_target_000854,memory,executor,vdbesort.c,src/vdbesort.c,vdbesort.c,936,931,941,,window,1
sqlaser_sqlite354_r1,sqlite,1,sqlite_target_000855,memory,executor,vdbetrace.c,src/vdbetrace.c,vdbetrace.c,72,67,77,,window,0
sqlaser_sqlite354_r1,sqlite,1,sqlite_target_000856,memory,optimizer,where.c,src/where.c,where.c,101,101,111,sqlite3WhereOrderByLimitOptLabel,function,1
sqlaser_sqlite354_r1,sqlite,1,sqlite_target_000857,memory,optimizer,where.c,src/where.c,where.c,124,124,137,sqlite3WhereMinMaxOptEarlyOut,function,1
sqlaser_sqlite354_r1,sqlite,1,sqlite_target_000858,memory,optimizer,where.c,src/where.c,where.c,174,173,183,sqlite3WhereOkOnePass,function,1
sqlaser_sqlite354_r1,sqlite,1,sqlite_target_000859,memory,optimizer,where.c,src/where.c,where.c,263,263,273,sqlite3WhereMalloc,function,1
sqlaser_sqlite354_r1,sqlite,1,sqlite_target_000860,memory,optimizer,where.c,src/where.c,where.c,274,274,283,return,function,1
sqlaser_sqlite354_r1,sqlite,1,sqlite_target_000861,memory,optimizer,where.c,src/where.c,where.c,549,544,554,,window,0
sqlaser_sqlite354_r1,sqlite,1,sqlite_target_000862,memory,optimizer,where.c,src/where.c,where.c,6830,6825,6835,,window,0
sqlaser_sqlite354_r1,sqlite,1,sqlite_target_000863,memory,optimizer,where.c,src/where.c,where.c,6866,6840,7494,,function,1
sqlaser_sqlite354_r1,sqlite,1,sqlite_target_000864,memory,optimizer,where.c,src/where.c,where.c,6900,6895,6905,,window,1
sqlaser_sqlite354_r1,sqlite,1,sqlite_target_000865,memory,optimizer,where.c,src/where.c,where.c,6920,6915,6925,,window,1
sqlaser_sqlite354_r1,sqlite,1,sqlite_target_000866,memory,optimizer,where.c,src/where.c,where.c,6922,6917,6927,,window,1
sqlaser_sqlite354_r1,sqlite,1,sqlite_target_000867,memory,optimizer,where.c,src/where.c,where.c,7521,7521,7886,sqlite3WhereEnd,function,1
sqlaser_sqlite354_r1,sqlite,1,sqlite_target_000868,memory,optimizer,wherecode.c,src/wherecode.c,wherecode.c,117,112,122,,window,0
sqlaser_sqlite354_r1,sqlite,1,sqlite_target_000869,memory,optimizer,wherecode.c,src/wherecode.c,wherecode.c,1466,1461,1471,,window,0
sqlaser_sqlite354_r1,sqlite,1,sqlite_target_000870,memory,optimizer,wherecode.c,src/wherecode.c,wherecode.c,2304,2299,2309,,window,1
sqlaser_sqlite354_r1,sqlite,1,sqlite_target_000871,memory,optimizer,wherecode.c,src/wherecode.c,wherecode.c,2308,2300,2322,,function,1
sqlaser_sqlite354_r1,sqlite,1,sqlite_target_000872,memory,optimizer,wherecode.c,src/wherecode.c,wherecode.c,245,240,250,,window,0
sqlaser_sqlite354_r1,sqlite,1,sqlite_target_000873,memory,optimizer,wherecode.c,src/wherecode.c,wherecode.c,280,275,285,,window,0
sqlaser_sqlite354_r1,sqlite,1,sqlite_target_000874,memory,optimizer,wherecode.c,src/wherecode.c,wherecode.c,2841,2836,2846,,window,1
sqlaser_sqlite354_r1,sqlite,1,sqlite_target_000875,memory,optimizer,wherecode.c,src/wherecode.c,wherecode.c,2914,2909,2919,,window,0
sqlaser_sqlite354_r1,sqlite,1,sqlite_target_000876,memory,optimizer,whereexpr.c,src/whereexpr.c,whereexpr.c,1591,1591,1602,sqlite3WhereSplit,function,1
sqlaser_sqlite354_r1,sqlite,1,sqlite_target_000877,memory,optimizer,whereexpr.c,src/whereexpr.c,whereexpr.c,1666,1666,1731,sqlite3WhereAddLimit,function,1
sqlaser_sqlite354_r1,sqlite,1,sqlite_target_000878,memory,optimizer,whereexpr.c,src/whereexpr.c,whereexpr.c,1736,1731,1741,,window,1
sqlaser_sqlite354_r1,sqlite,1,sqlite_target_000879,memory,optimizer,whereexpr.c,src/whereexpr.c,whereexpr.c,1754,1754,1785,sqlite3WhereClauseClear,function,1
sqlaser_sqlite354_r1,sqlite,1,sqlite_target_000880,memory,optimizer,whereexpr.c,src/whereexpr.c,whereexpr.c,1819,1814,1824,,window,1
sqlaser_sqlite354_r1,sqlite,1,sqlite_target_000881,memory,optimizer,whereexpr.c,src/whereexpr.c,whereexpr.c,1845,1845,1853,sqlite3WhereExprUsage,function,1
sqlaser_sqlite354_r1,sqlite,1,sqlite_target_000882,memory,optimizer,whereexpr.c,src/whereexpr.c,whereexpr.c,1854,1854,1856,assert,function,1
sqlaser_sqlite354_r1,sqlite,1,sqlite_target_000883,memory,optimizer,whereexpr.c,src/whereexpr.c,whereexpr.c,1857,1857,1866,sqlite3WhereExprUsageFull,function,1
sqlaser_sqlite354_r1,sqlite,1,sqlite_target_000884,memory,optimizer,whereexpr.c,src/whereexpr.c,whereexpr.c,1877,1872,1882,,window,1
sqlaser_sqlite354_r1,sqlite,1,sqlite_target_000885,memory,optimizer,whereexpr.c,src/whereexpr.c,whereexpr.c,1894,1889,1899,,window,1
sqlaser_sqlite354_r1,sqlite,1,sqlite_target_000886,memory,optimizer,whereexpr.c,src/whereexpr.c,whereexpr.c,353,353,372,sqlite3ExprIsLikeOperator,function,1
sqlaser_sqlite354_r2,sqlite,2,sqlite_target_000001,stale,storage,btree.c,src/btree.c,btree.c,10204,10204,10210,sqlite3PagerUnref,function,1
sqlaser_sqlite354_r2,sqlite,2,sqlite_target_000002,stale,catalog_metadata,btree.c,src/btree.c,btree.c,10283,10283,10302,sqlite3BtreeClearTable,function,1
sqlaser_sqlite354_r2,sqlite,2,sqlite_target_000003,stale,storage,btree.c,src/btree.c,btree.c,1030,1030,1033,sqlite3BtreeCursorHintFlags,function,0
sqlaser_sqlite354_r2,sqlite,2,sqlite_target_000004,stale,catalog_metadata,btree.c,src/btree.c,btree.c,10309,10309,10311,sqlite3BtreeClearTableOfCursor,function,0
sqlaser_sqlite354_r2,sqlite,2,sqlite_target_000005,stale,storage,btree.c,src/btree.c,btree.c,10418,10418,10424,releasePage,function,0
sqlaser_sqlite354_r2,sqlite,2,sqlite_target_000006,stale,storage,btree.c,src/btree.c,btree.c,10447,10447,10471,sqlite3BtreeGetMeta,function,1
sqlaser_sqlite354_r2,sqlite,2,sqlite_target_000007,stale,type_system,btree.c,src/btree.c,btree.c,10477,10477,10499,sqlite3BtreeUpdateMeta,function,1
sqlaser_sqlite354_r2,sqlite,2,sqlite_target_000008,stale,storage,btree.c,src/btree.c,btree.c,10509,10509,10572,encountered,function,1
sqlaser_sqlite354_r2,sqlite,2,sqlite_target_000009,stale,storage,btree.c,src/btree.c,btree.c,10578,10578,10580,sqlite3BtreePager,function,0
sqlaser_sqlite354_r2,sqlite,2,sqlite_target_000010,stale,storage,btree.c,src/btree.c,btree.c,11146,11141,11151,,window,1
sqlaser_sqlite354_r2,sqlite,2,sqlite_target_000011,stale,storage,btree.c,src/btree.c,btree.c,11304,11304,11307,sqlite3BtreeGetFilename,function,1
sqlaser_sqlite354_r2,sqlite,2,sqlite_target_000012,stale,storage,btree.c,src/btree.c,btree.c,11317,11317,11320,sqlite3BtreeGetJournalname,function,0
sqlaser_sqlite354_r2,sqlite,2,sqlite_target_000013,stale,storage,btree.c,src/btree.c,btree.c,11326,11326,11329,sqlite3BtreeTxnState,function,1
sqlaser_sqlite354_r2,sqlite,2,sqlite_target_000014,stale,storage,btree.c,src/btree.c,btree.c,11340,11340,11353,sqlite3BtreeCheckpoint,function,1
sqlaser_sqlite354_r2,sqlite,2,sqlite_target_000015,stale,storage,btree.c,src/btree.c,btree.c,11359,11359,11363,sqlite3BtreeIsInBackup,function,0
sqlaser_sqlite354_r2,sqlite,2,sqlite_target_000016,stale,storage,btree.c,src/btree.c,btree.c,11385,11385,11395,sqlite3_free,function,1
sqlaser_sqlite354_r2,sqlite,2,sqlite_target_000017,stale,catalog_metadata,btree.c,src/btree.c,btree.c,11402,11402,11411,sqlite3BtreeSchemaLocked,function,1
sqlaser_sqlite354_r2,sqlite,2,sqlite_target_000018,stale,catalog_metadata,btree.c,src/btree.c,btree.c,11420,11420,11436,sqlite3BtreeLockTable,function,1
sqlaser_sqlite354_r2,sqlite,2,sqlite_target_000019,stale,storage,btree.c,src/btree.c,btree.c,11450,11450,11493,sqlite3BtreePutData,function,1
sqlaser_sqlite354_r2,sqlite,2,sqlite_target_000020,stale,storage,btree.c,src/btree.c,btree.c,11498,11498,11501,sqlite3BtreeIncrblobCursor,function,1
sqlaser_sqlite354_r2,sqlite,2,sqlite_target_000021,stale,storage,btree.c,src/btree.c,btree.c,11509,11509,11538,sqlite3BtreeSetVersion,function,1
sqlaser_sqlite354_r2,sqlite,2,sqlite_target_000022,stale,storage,btree.c,src/btree.c,btree.c,11544,11544,11546,sqlite3BtreeCursorHasHint,function,0
sqlaser_sqlite354_r2,sqlite,2,sqlite_target_000023,stale,storage,btree.c,src/btree.c,btree.c,11551,11551,11553,sqlite3BtreeIsReadonly,function,0
sqlaser_sqlite354_r2,sqlite,2,sqlite_target_000024,stale,storage,btree.c,src/btree.c,btree.c,11564,11564,11569,sqlite3BtreeClearCache,function,0
sqlaser_sqlite354_r2,sqlite,2,sqlite_target_000025,stale,storage,btree.c,src/btree.c,btree.c,11575,11575,11577,,function,0
sqlaser_sqlite354_r2,sqlite,2,sqlite_target_000026,stale,storage,btree.c,src/btree.c,btree.c,11584,11584,11587,sqlite3BtreeConnectionCount,function,0
sqlaser_sqlite354_r2,sqlite,2,sqlite_target_000027,stale,storage,btree.c,src/btree.c,btree.c,1623,1623,1741,defragmentPage,function,1
sqlaser_sqlite354_r2,sqlite,2,sqlite_target_000028,stale,storage,btree.c,src/btree.c,btree.c,2377,2377,2380,return,function,1
sqlaser_sqlite354_r2,sqlite,2,sqlite_target_000029,stale,storage,btree.c,src/btree.c,btree.c,2538,2533,2543,,window,1
sqlaser_sqlite354_r2,sqlite,2,sqlite_target_000030,stale,storage,btree.c,src/btree.c,btree.c,2927,2927,2984,sqlite3BtreeClose,function,1
sqlaser_sqlite354_r2,sqlite,2,sqlite_target_000031,stale,storage,btree.c,src/btree.c,btree.c,2993,2993,3000,sqlite3BtreeSetCacheSize,function,0
sqlaser_sqlite354_r2,sqlite,2,sqlite_target_000032,stale,storage,btree.c,src/btree.c,btree.c,3012,3012,3020,sqlite3BtreeSetSpillSize,function,1
sqlaser_sqlite354_r2,sqlite,2,sqlite_target_000033,stale,storage,btree.c,src/btree.c,btree.c,3027,3027,3034,sqlite3BtreeSetMmapLimit,function,0
sqlaser_sqlite354_r2,sqlite,2,sqlite_target_000034,stale,storage,btree.c,src/btree.c,btree.c,3046,3041,3051,,window,1
sqlaser_sqlite354_r2,sqlite,2,sqlite_target_000035,stale,storage,btree.c,src/btree.c,btree.c,3079,3079,3110,sqlite3BtreeSetPageSize,function,1
sqlaser_sqlite354_r2,sqlite,2,sqlite_target_000036,stale,storage,btree.c,src/btree.c,btree.c,3115,3115,3117,sqlite3BtreeGetPageSize,function,0
sqlaser_sqlite354_r2,sqlite,2,sqlite_target_000037,stale,storage,btree.c,src/btree.c,btree.c,3130,3130,3135,sqlite3BtreeEnter,function,0
sqlaser_sqlite354_r2,sqlite,2,sqlite_target_000038,stale,storage,btree.c,src/btree.c,btree.c,3146,3146,3153,sqlite3BtreeGetRequestedReserve,function,1
sqlaser_sqlite354_r2,sqlite,2,sqlite_target_000039,stale,storage,btree.c,src/btree.c,btree.c,3161,3161,3167,sqlite3BtreeMaxPageCount,function,0
sqlaser_sqlite354_r2,sqlite,2,sqlite_target_000040,stale,storage,btree.c,src/btree.c,btree.c,3187,3187,3200,sqlite3BtreeSecureDelete,function,1
sqlaser_sqlite354_r2,sqlite,2,sqlite_target_000041,stale,storage,btree.c,src/btree.c,btree.c,3208,3208,3226,sqlite3BtreeSetAutoVacuum,function,1
sqlaser_sqlite354_r2,sqlite,2,sqlite_target_000042,stale,storage,btree.c,src/btree.c,btree.c,3232,3232,3246,sqlite3BtreeGetAutoVacuum,function,0
sqlaser_sqlite354_r2,sqlite,2,sqlite_target_000043,stale,storage,btree.c,src/btree.c,btree.c,3560,3560,3567,sqlite3BtreeNewDb,function,0
sqlaser_sqlite354_r2,sqlite,2,sqlite_target_000044,stale,storage,btree.c,src/btree.c,btree.c,3811,3811,3832,btreeIntegrity,function,1
sqlaser_sqlite354_r2,sqlite,2,sqlite_target_000045,stale,storage,btree.c,src/btree.c,btree.c,4171,4171,4202,sqlite3BtreeIncrVacuum,function,1
sqlaser_sqlite354_r2,sqlite,2,sqlite_target_000046,stale,storage,btree.c,src/btree.c,btree.c,4319,4319,4340,sqlite3BtreeCommitPhaseOne,function,1
sqlaser_sqlite354_r2,sqlite,2,sqlite_target_000047,stale,storage,btree.c,src/btree.c,btree.c,4408,4408,4435,sqlite3BtreeCommitPhaseTwo,function,1
sqlaser_sqlite354_r2,sqlite,2,sqlite_target_000048,stale,storage,btree.c,src/btree.c,btree.c,4440,4440,4449,sqlite3BtreeCommit,function,0
sqlaser_sqlite354_r2,sqlite,2,sqlite_target_000049,stale,storage,btree.c,src/btree.c,btree.c,4477,4477,4503,sqlite3BtreeTripAllCursors,function,1
sqlaser_sqlite354_r2,sqlite,2,sqlite_target_000050,stale,storage,btree.c,src/btree.c,btree.c,4528,4528,4573,sqlite3BtreeRollback,function,1
sqlaser_sqlite354_r2,sqlite,2,sqlite_target_000051,stale,storage,btree.c,src/btree.c,btree.c,4593,4593,4610,sqlite3BtreeSavepoint,function,1
sqlaser_sqlite354_r2,sqlite,2,sqlite_target_000052,stale,storage,btree.c,src/btree.c,btree.c,4624,4624,4651,sqlite3BtreeSavepoint,function,1
sqlaser_sqlite354_r2,sqlite,2,sqlite_target_000053,stale,storage,btree.c,src/btree.c,btree.c,4775,4770,4780,,window,1
sqlaser_sqlite354_r2,sqlite,2,sqlite_target_000054,stale,storage,btree.c,src/btree.c,btree.c,4828,4828,4830,memset,function,1
sqlaser_sqlite354_r2,sqlite,2,sqlite_target_000055,stale,storage,btree.c,src/btree.c,btree.c,4836,4836,4869,sqlite3BtreeCloseCursor,function,1
sqlaser_sqlite354_r2,sqlite,2,sqlite_target_000056,stale,storage,btree.c,src/btree.c,btree.c,4916,4916,4919,sqlite3BtreeCursorIsValid,function,1
sqlaser_sqlite354_r2,sqlite,2,sqlite_target_000057,stale,storage,btree.c,src/btree.c,btree.c,4927,4927,4933,sqlite3BtreeIntegerKey,function,0
sqlaser_sqlite354_r2,sqlite,2,sqlite_target_000058,stale,storage,btree.c,src/btree.c,btree.c,4938,4938,4941,sqlite3BtreeCursorPin,function,1
sqlaser_sqlite354_r2,sqlite,2,sqlite_target_000059,stale,storage,btree.c,src/btree.c,btree.c,4942,4942,4945,sqlite3BtreeCursorPin,function,1
sqlaser_sqlite354_r2,sqlite,2,sqlite_target_000060,stale,storage,btree.c,src/btree.c,btree.c,4951,4951,4957,sqlite3BtreeOffset,function,0
sqlaser_sqlite354_r2,sqlite,2,sqlite_target_000061,stale,storage,btree.c,src/btree.c,btree.c,4968,4968,4973,sqlite3BtreePayloadSize,function,0
sqlaser_sqlite354_r2,sqlite,2,sqlite_target_000062,stale,storage,btree.c,src/btree.c,btree.c,4988,4988,4992,sqlite3BtreeMaxRecordSize,function,0
sqlaser_sqlite354_r2,sqlite,2,sqlite_target_000063,stale,storage,btree.c,src/btree.c,btree.c,5353,5353,5358,sqlite3BtreePayload,function,0
sqlaser_sqlite354_r2,sqlite,2,sqlite_target_000064,stale,storage,btree.c,src/btree.c,btree.c,5380,5380,5387,assert,function,0
sqlaser_sqlite354_r2,sqlite,2,sqlite_target_000065,stale,storage,btree.c,src/btree.c,btree.c,5448,5448,5450,sqlite3BtreePayloadFetch,function,1
sqlaser_sqlite354_r2,sqlite,2,sqlite_target_000066,stale,storage,btree.c,src/btree.c,btree.c,5696,5696,5712,sqlite3BtreeFirst,function,1
sqlaser_sqlite354_r2,sqlite,2,sqlite_target_000067,stale,storage,btree.c,src/btree.c,btree.c,5719,5719,5736,sqlite3BtreeIsEmpty,function,1
sqlaser_sqlite354_r2,sqlite,2,sqlite_target_000068,stale,storage,btree.c,src/btree.c,btree.c,5777,5777,5788,sqlite3BtreeLast,function,0
sqlaser_sqlite354_r2,sqlite,2,sqlite_target_000069,stale,storage,btree.c,src/btree.c,btree.c,5813,5808,5818,,window,1
sqlaser_sqlite354_r2,sqlite,2,sqlite_target_000070,stale,storage,btree.c,src/btree.c,btree.c,6044,6039,6049,,window,1
sqlaser_sqlite354_r2,sqlite,2,sqlite_target_000071,stale,storage,btree.c,src/btree.c,btree.c,6282,6282,6288,sqlite3BtreeNext,function,1
sqlaser_sqlite354_r2,sqlite,2,sqlite_target_000072,stale,storage,btree.c,src/btree.c,btree.c,6295,6295,6313,sqlite3BtreeRowCountEst,function,1
sqlaser_sqlite354_r2,sqlite,2,sqlite_target_000073,stale,storage,btree.c,src/btree.c,btree.c,6389,6389,6407,moveToLeftmost,function,1
sqlaser_sqlite354_r2,sqlite,2,sqlite_target_000074,stale,storage,btree.c,src/btree.c,btree.c,6481,6481,6495,sqlite3BtreePrevious,function,1
sqlaser_sqlite354_r2,sqlite,2,sqlite_target_000075,stale,storage,btree.c,src/btree.c,btree.c,858,858,863,sqlite3BtreeClearCursor,function,0
sqlaser_sqlite354_r2,sqlite,2,sqlite_target_000076,stale,storage,btree.c,src/btree.c,btree.c,9414,9409,9419,,window,1
sqlaser_sqlite354_r2,sqlite,2,sqlite_target_000077,stale,storage,btree.c,src/btree.c,btree.c,949,949,955,sqlite3BtreeCursorRestore,function,1
sqlaser_sqlite354_r2,sqlite,2,sqlite_target_000078,stale,storage,btree.c,src/btree.c,btree.c,9732,9732,9827,sqlite3BtreeInsert,function,1
sqlaser_sqlite354_r2,sqlite,2,sqlite_target_000079,stale,storage,btree.c,src/btree.c,btree.c,981,981,997,sqlite3BtreeCursorHasMoved,function,1
sqlaser_sqlite354_r2,sqlite,2,sqlite_target_000080,stale,storage,btree.c,src/btree.c,btree.c,9846,9846,10046,sqlite3BtreeDelete,function,1
sqlaser_sqlite354_r2,sqlite,2,sqlite_target_000081,stale,other,delete.c,src/delete.c,delete.c,288,283,293,,window,0
sqlaser_sqlite354_r2,sqlite,2,sqlite_target_000082,stale,other,expr.c,src/expr.c,expr.c,1004,999,1009,,window,1
sqlaser_sqlite354_r2,sqlite,2,sqlite_target_000083,stale,type_system,expr.c,src/expr.c,expr.c,107,107,165,sqlite3ExprDataType,function,1
sqlaser_sqlite354_r2,sqlite,2,sqlite_target_000084,stale,other,expr.c,src/expr.c,expr.c,1100,1100,1137,IN,function,1
sqlaser_sqlite354_r2,sqlite,2,sqlite_target_000085,stale,other,expr.c,src/expr.c,expr.c,1147,1147,1165,sqlite3ExprAnd,function,1
sqlaser_sqlite354_r2,sqlite,2,sqlite_target_000086,stale,other,expr.c,src/expr.c,expr.c,1171,1166,1176,,window,1
sqlaser_sqlite354_r2,sqlite,2,sqlite_target_000087,stale,other,expr.c,src/expr.c,expr.c,1205,1205,1209,sqlite3ExprOrderByAggregateError,function,0
sqlaser_sqlite354_r2,sqlite,2,sqlite_target_000088,stale,other,expr.c,src/expr.c,expr.c,1221,1216,1226,,window,0
sqlaser_sqlite354_r2,sqlite,2,sqlite_target_000089,stale,other,expr.c,src/expr.c,expr.c,1278,1273,1283,,window,1
sqlaser_sqlite354_r2,sqlite,2,sqlite_target_000090,stale,other,expr.c,src/expr.c,expr.c,1319,1319,1384,sqlite3ExprAssignVarNumber,function,1
sqlaser_sqlite354_r2,sqlite,2,sqlite_target_000091,stale,other,expr.c,src/expr.c,expr.c,1389,1389,1439,sqlite3ExprDeleteNN,function,1
sqlaser_sqlite354_r2,sqlite,2,sqlite_target_000092,stale,other,expr.c,src/expr.c,expr.c,1440,1440,1442,,function,1
sqlaser_sqlite354_r2,sqlite,2,sqlite_target_000093,stale,other,expr.c,src/expr.c,expr.c,1470,1470,1472,sqlite3ExprDeferredDelete,function,0
sqlaser_sqlite354_r2,sqlite,2,sqlite_target_000094,stale,other,expr.c,src/expr.c,expr.c,1477,1477,1484,sqlite3ExprUnmapAndDelete,function,1
sqlaser_sqlite354_r2,sqlite,2,sqlite_target_000095,stale,other,expr.c,src/expr.c,expr.c,175,170,180,,window,1
sqlaser_sqlite354_r2,sqlite,2,sqlite_target_000096,stale,other,expr.c,src/expr.c,expr.c,1829,1829,1832,sqlite3ExprDup,function,1
sqlaser_sqlite354_r2,sqlite,2,sqlite_target_000097,stale,other,expr.c,src/expr.c,expr.c,1833,1833,1874,sqlite3ExprDup,function,1
sqlaser_sqlite354_r2,sqlite,2,sqlite_target_000098,stale,other,expr.c,src/expr.c,expr.c,191,186,196,,window,1
sqlaser_sqlite354_r2,sqlite,2,sqlite_target_000099,stale,other,expr.c,src/expr.c,expr.c,2026,2021,2031,,window,1
sqlaser_sqlite354_r2,sqlite,2,sqlite_target_000100,stale,other,expr.c,src/expr.c,expr.c,2045,2040,2050,,window,1
sqlaser_sqlite354_r2,sqlite,2,sqlite_target_000101,stale,type_system,expr.c,src/expr.c,expr.c,205,205,211,sqlite3ExprSkipCollate,function,1
sqlaser_sqlite354_r2,sqlite,2,sqlite_target_000102,stale,other,expr.c,src/expr.c,expr.c,2066,2061,2071,,window,1
sqlaser_sqlite354_r2,sqlite,2,sqlite_target_000103,stale,other,expr.c,src/expr.c,expr.c,2095,2090,2100,,window,1
sqlaser_sqlite354_r2,sqlite,2,sqlite_target_000104,stale,other,expr.c,src/expr.c,expr.c,2157,2157,2185,sqlite3ExprListSetSortOrder,function,1
sqlaser_sqlite354_r2,sqlite,2,sqlite_target_000105,stale,type_system,expr.c,src/expr.c,expr.c,218,218,232,sqlite3ExprSkipCollateAndLikely,function,1
sqlaser_sqlite354_r2,sqlite,2,sqlite_target_000106,stale,other,expr.c,src/expr.c,expr.c,2195,2190,2200,,window,1
sqlaser_sqlite354_r2,sqlite,2,sqlite_target_000107,stale,other,expr.c,src/expr.c,expr.c,2230,2225,2235,,window,1
sqlaser_sqlite354_r2,sqlite,2,sqlite_target_000108,stale,other,expr.c,src/expr.c,expr.c,2252,2247,2257,,window,1
sqlaser_sqlite354_r2,sqlite,2,sqlite_target_000109,stale,other,expr.c,src/expr.c,expr.c,2280,2280,2282,,function,1
sqlaser_sqlite354_r2,sqlite,2,sqlite_target_000110,stale,other,expr.c,src/expr.c,expr.c,2291,2291,2301,sqlite3ExprListFlags,function,1
sqlaser_sqlite354_r2,sqlite,2,sqlite_target_000111,stale,other,expr.c,src/expr.c,expr.c,2336,2336,2347,sqlite3ExprIdToTrueFalse,function,1
sqlaser_sqlite354_r2,sqlite,2,sqlite_target_000112,stale,other,expr.c,src/expr.c,expr.c,2353,2353,2360,sqlite3ExprTruthValue,function,1
sqlaser_sqlite354_r2,sqlite,2,sqlite_target_000113,stale,other,expr.c,src/expr.c,expr.c,2375,2375,2387,,function,1
sqlaser_sqlite354_r2,sqlite,2,sqlite_target_000114,stale,other,expr.c,src/expr.c,expr.c,248,248,309,sqlite3ExprCollSeq,function,1
sqlaser_sqlite354_r2,sqlite,2,sqlite_target_000115,stale,other,expr.c,src/expr.c,expr.c,2647,2647,2649,sqlite3ExprIsConstant,function,0
sqlaser_sqlite354_r2,sqlite,2,sqlite_target_000116,stale,other,expr.c,src/expr.c,expr.c,2664,2664,2666,sqlite3ExprCodeRunJustOnce,function,0
sqlaser_sqlite354_r2,sqlite,2,sqlite_target_000117,stale,catalog_metadata,expr.c,src/expr.c,expr.c,2693,2693,2709,sqlite3ExprIsTableConstant,function,1
sqlaser_sqlite354_r2,sqlite,2,sqlite_target_000118,stale,other,expr.c,src/expr.c,expr.c,2755,2750,2760,,window,1
sqlaser_sqlite354_r2,sqlite,2,sqlite_target_000119,stale,other,expr.c,src/expr.c,expr.c,2836,2836,2845,sqlite3ExprIsConstantOrGroupBy,function,0
sqlaser_sqlite354_r2,sqlite,2,sqlite_target_000120,stale,other,expr.c,src/expr.c,expr.c,2868,2868,2871,string,function,1
sqlaser_sqlite354_r2,sqlite,2,sqlite_target_000121,stale,other,expr.c,src/expr.c,expr.c,2901,2901,2951,parameter,function,1
sqlaser_sqlite354_r2,sqlite,2,sqlite_target_000122,stale,other,expr.c,src/expr.c,expr.c,2967,2967,2996,negative,function,1
sqlaser_sqlite354_r2,sqlite,2,sqlite_target_000123,stale,other,expr.c,src/expr.c,expr.c,3008,3008,3039,sqlite3ExprNeedsNoAffinityChange,function,1
sqlaser_sqlite354_r2,sqlite,2,sqlite_target_000124,stale,other,expr.c,src/expr.c,expr.c,321,321,326,sqlite3ExprCollSeq,function,1
sqlaser_sqlite354_r2,sqlite,2,sqlite_target_000125,stale,other,expr.c,src/expr.c,expr.c,331,331,337,sqlite3ExprCollSeqMatch,function,1
sqlaser_sqlite354_r2,sqlite,2,sqlite_target_000126,stale,other,expr.c,src/expr.c,expr.c,3990,3990,4002,IN,function,1
sqlaser_sqlite354_r2,sqlite,2,sqlite_target_000127,stale,other,expr.c,src/expr.c,expr.c,4031,4026,4036,,window,1
sqlaser_sqlite354_r2,sqlite,2,sqlite_target_000128,stale,other,expr.c,src/expr.c,expr.c,4361,4356,4366,,window,1
sqlaser_sqlite354_r2,sqlite,2,sqlite_target_000129,stale,other,expr.c,src/expr.c,expr.c,4386,4381,4391,,window,1
sqlaser_sqlite354_r2,sqlite,2,sqlite_target_000130,stale,other,expr.c,src/expr.c,expr.c,4419,4414,4424,,window,1
sqlaser_sqlite354_r2,sqlite,2,sqlite_target_000131,stale,other,expr.c,src/expr.c,expr.c,4476,4471,4481,,window,1
sqlaser_sqlite354_r2,sqlite,2,sqlite_target_000132,stale,other,expr.c,src/expr.c,expr.c,45,45,95,t1,function,1
sqlaser_sqlite354_r2,sqlite,2,sqlite_target_000133,stale,other,expr.c,src/expr.c,expr.c,4500,4500,4502,sqlite3ExprCodeMove,function,0
sqlaser_sqlite354_r2,sqlite,2,sqlite_target_000134,stale,other,expr.c,src/expr.c,expr.c,4509,4509,4520,sqlite3ExprToRegister,function,1
sqlaser_sqlite354_r2,sqlite,2,sqlite_target_000135,stale,other,expr.c,src/expr.c,expr.c,454,454,460,sqlite3BinaryCompareCollSeq,function,1
sqlaser_sqlite354_r2,sqlite,2,sqlite_target_000136,stale,type_system,expr.c,src/expr.c,expr.c,4743,4743,4750,sqlite3ExprCanReturnSubtype,function,0
sqlaser_sqlite354_r2,sqlite,2,sqlite_target_000137,stale,other,expr.c,src/expr.c,expr.c,4943,4943,5771,sqlite3ExprCodeTarget,function,1
sqlaser_sqlite354_r2,sqlite,2,sqlite_target_000138,stale,other,expr.c,src/expr.c,expr.c,501,501,503,sqlite3ExprIsVector,function,0
sqlaser_sqlite354_r2,sqlite,2,sqlite_target_000139,stale,other,expr.c,src/expr.c,expr.c,511,511,523,sqlite3ExprVectorSize,function,1
sqlaser_sqlite354_r2,sqlite,2,sqlite_target_000140,stale,other,expr.c,src/expr.c,expr.c,576,571,581,,window,1
sqlaser_sqlite354_r2,sqlite,2,sqlite_target_000141,stale,other,expr.c,src/expr.c,expr.c,5790,5785,5795,,window,0
sqlaser_sqlite354_r2,sqlite,2,sqlite_target_000142,stale,other,expr.c,src/expr.c,expr.c,5841,5836,5846,,window,1
sqlaser_sqlite354_r2,sqlite,2,sqlite_target_000143,stale,other,expr.c,src/expr.c,expr.c,5869,5869,5890,sqlite3ExprCodeTemp,function,1
sqlaser_sqlite354_r2,sqlite,2,sqlite_target_000144,stale,other,expr.c,src/expr.c,expr.c,5897,5897,5918,sqlite3ExprCode,function,1
sqlaser_sqlite354_r2,sqlite,2,sqlite_target_000145,stale,other,expr.c,src/expr.c,expr.c,5925,5925,5930,sqlite3ExprCodeCopy,function,0
sqlaser_sqlite354_r2,sqlite,2,sqlite_target_000146,stale,other,expr.c,src/expr.c,expr.c,5938,5938,5944,sqlite3ExprCodeFactorable,function,0
sqlaser_sqlite354_r2,sqlite,2,sqlite_target_000147,stale,other,expr.c,src/expr.c,expr.c,5966,5961,5971,,window,0
sqlaser_sqlite354_r2,sqlite,2,sqlite_target_000148,stale,other,expr.c,src/expr.c,expr.c,6113,6113,6268,values,function,1
sqlaser_sqlite354_r2,sqlite,2,sqlite_target_000149,stale,other,expr.c,src/expr.c,expr.c,6279,6279,6468,NULL,function,1
sqlaser_sqlite354_r2,sqlite,2,sqlite_target_000150,stale,other,expr.c,src/expr.c,expr.c,6475,6475,6482,sqlite3ExprIfFalseDup,function,1
sqlaser_sqlite354_r2,sqlite,2,sqlite_target_000151,stale,other,expr.c,src/expr.c,expr.c,6557,6552,6562,,window,0
sqlaser_sqlite354_r2,sqlite,2,sqlite_target_000152,stale,other,expr.c,src/expr.c,expr.c,6659,6659,6672,sqlite3ExprListCompare,function,1
sqlaser_sqlite354_r2,sqlite,2,sqlite_target_000153,stale,other,expr.c,src/expr.c,expr.c,6678,6678,6683,sqlite3ExprCompareSkip,function,1
sqlaser_sqlite354_r2,sqlite,2,sqlite_target_000154,stale,other,expr.c,src/expr.c,expr.c,6767,6767,6774,sqlite3ExprIsNotTrue,function,1
sqlaser_sqlite354_r2,sqlite,2,sqlite_target_000155,stale,other,expr.c,src/expr.c,expr.c,6786,6786,6811,iif,function,1
sqlaser_sqlite354_r2,sqlite,2,sqlite_target_000156,stale,other,expr.c,src/expr.c,expr.c,6840,6835,6845,,window,0
sqlaser_sqlite354_r2,sqlite,2,sqlite_target_000157,stale,other,expr.c,src/expr.c,expr.c,7024,7024,7044,sqlite3ExprImpliesNonNullRow,function,1
sqlaser_sqlite354_r2,sqlite,2,sqlite_target_000158,stale,other,expr.c,src/expr.c,expr.c,7084,7079,7089,,window,0
sqlaser_sqlite354_r2,sqlite,2,sqlite_target_000159,stale,other,expr.c,src/expr.c,expr.c,7562,7562,7572,sqlite3ResolveExprNames,function,1
sqlaser_sqlite354_r2,sqlite,2,sqlite_target_000160,stale,other,expr.c,src/expr.c,expr.c,7580,7580,7588,sqlite3ExprAnalyzeAggregates,function,1
sqlaser_sqlite354_r2,sqlite,2,sqlite_target_000161,stale,other,expr.c,src/expr.c,expr.c,794,794,804,sqlite3ExprCheckHeight,function,1
sqlaser_sqlite354_r2,sqlite,2,sqlite_target_000162,stale,other,expr.c,src/expr.c,expr.c,874,874,878,sqlite3ExprSetHeightAndFlags,function,1
sqlaser_sqlite354_r2,sqlite,2,sqlite_target_000163,stale,other,expr.c,src/expr.c,expr.c,906,906,910,sqlite3ExprSetErrorOffset,function,1
sqlaser_sqlite354_r2,sqlite,2,sqlite_target_000164,stale,other,expr.c,src/expr.c,expr.c,933,928,938,,window,1
sqlaser_sqlite354_r2,sqlite,2,sqlite_target_000165,stale,other,expr.c,src/expr.c,expr.c,983,983,996,sqlite3ExprInt32,function,1
sqlaser_sqlite354_r2,sqlite,2,sqlite_target_000166,stale,other,insert.c,src/insert.c,insert.c,1718,1713,1723,,window,1
sqlaser_sqlite354_r2,sqlite,2,sqlite_target_000167,stale,other,insert.c,src/insert.c,insert.c,894,889,899,,window,0
sqlaser_sqlite354_r2,sqlite,2,sqlite_target_000168,stale,other,resolve.c,src/resolve.c,resolve.c,179,179,200,sqlite3ExprColUsed,function,1
sqlaser_sqlite354_r2,sqlite,2,sqlite_target_000169,stale,other,select.c,src/select.c,select.c,7578,7573,7583,,window,0
sqlaser_sqlite354_r2,sqlite,2,sqlite_target_000170,stale,type_system,update.c,src/update.c,update.c,285,280,290,,window,0
sqlaser_sqlite354_r2,sqlite,2,sqlite_target_000171,stale,executor,vdbe.c,src/vdbe.c,vdbe.c,436,436,449,sqlite3_value_numeric_type,function,1
sqlaser_sqlite354_r2,sqlite,2,sqlite_target_000172,stale,executor,vdbe.c,src/vdbe.c,vdbe.c,720,715,725,,window,0
sqlaser_sqlite354_r2,sqlite,2,sqlite_target_000173,stale,executor,vdbe.c,src/vdbe.c,vdbe.c,806,801,811,,window,0
sqlaser_sqlite354_r2,sqlite,2,sqlite_target_000174,stale,executor,vdbe.c,src/vdbe.c,vdbe.c,835,830,840,,window,1
sqlaser_sqlite354_r2,sqlite,2,sqlite_target_000175,stale,executor,vdbe.c,src/vdbe.c,vdbe.c,866,866,875,vdbeMemTypeName,function,1
sqlaser_sqlite354_r2,sqlite,2,sqlite_target_000176,stale,executor,vdbe.c,src/vdbe.c,vdbe.c,881,876,886,,window,1
sqlaser_sqlite354_r2,sqlite,2,sqlite_target_000177,stale,executor,vdbeapi.c,src/vdbeapi.c,vdbeapi.c,1654,1654,1691,assert,function,1
sqlaser_sqlite354_r2,sqlite,2,sqlite_target_000178,stale,executor,vdbeapi.c,src/vdbeapi.c,vdbeapi.c,1953,1953,1956,sqlite3VdbeParameterIndex,function,0
sqlaser_sqlite354_r2,sqlite,2,sqlite_target_000179,stale,executor,vdbeapi.c,src/vdbeapi.c,vdbeapi.c,40,40,47,vdbeSafety,function,1
sqlaser_sqlite354_r2,sqlite,2,sqlite_target_000180,stale,executor,vdbeapi.c,src/vdbeapi.c,vdbeapi.c,48,48,55,vdbeSafetyNotNull,function,1
sqlaser_sqlite354_r2,sqlite,2,sqlite_target_000181,stale,executor,vdbeapi.c,src/vdbeapi.c,vdbeapi.c,913,913,960,sqlite3_step,function,1
sqlaser_sqlite354_r2,sqlite,2,sqlite_target_000182,stale,executor,vdbeaux.c,src/vdbeaux.c,vdbeaux.c,1075,1075,1078,sqlite3VdbeCurrentAddr,function,0
sqlaser_sqlite354_r2,sqlite,2,sqlite_target_000183,stale,executor,vdbeaux.c,src/vdbeaux.c,vdbeaux.c,1132,1132,1143,sqlite3VdbeTakeOpArray,function,1
sqlaser_sqlite354_r2,sqlite,2,sqlite_target_000184,stale,executor,vdbeaux.c,src/vdbeaux.c,vdbeaux.c,1152,1147,1157,,window,1
sqlaser_sqlite354_r2,sqlite,2,sqlite_target_000185,stale,executor,vdbeaux.c,src/vdbeaux.c,vdbeaux.c,127,127,152,sqlite3VdbeSwap,function,1
sqlaser_sqlite354_r2,sqlite,2,sqlite_target_000186,stale,executor,vdbeaux.c,src/vdbeaux.c,vdbeaux.c,1291,1291,1294,sqlite3VdbeChangeOpcode,function,1
sqlaser_sqlite354_r2,sqlite,2,sqlite_target_000187,stale,executor,vdbeaux.c,src/vdbeaux.c,vdbeaux.c,1295,1295,1298,sqlite3VdbeChangeOpcode,function,1
sqlaser_sqlite354_r2,sqlite,2,sqlite_target_000188,stale,executor,vdbeaux.c,src/vdbeaux.c,vdbeaux.c,1299,1299,1302,sqlite3VdbeChangeP1,function,1
sqlaser_sqlite354_r2,sqlite,2,sqlite_target_000189,stale,executor,vdbeaux.c,src/vdbeaux.c,vdbeaux.c,1303,1303,1306,sqlite3VdbeChangeP2,function,0
sqlaser_sqlite354_r2,sqlite,2,sqlite_target_000190,stale,executor,vdbeaux.c,src/vdbeaux.c,vdbeaux.c,1307,1307,1310,sqlite3VdbeChangeP3,function,1
sqlaser_sqlite354_r2,sqlite,2,sqlite_target_000191,stale,executor,vdbeaux.c,src/vdbeaux.c,vdbeaux.c,1317,1317,1325,sqlite3VdbeTypeofColumn,function,1
sqlaser_sqlite354_r2,sqlite,2,sqlite_target_000192,stale,executor,vdbeaux.c,src/vdbeaux.c,vdbeaux.c,1331,1331,1333,sqlite3VdbeJumpHere,function,0
sqlaser_sqlite354_r2,sqlite,2,sqlite_target_000193,stale,executor,vdbeaux.c,src/vdbeaux.c,vdbeaux.c,1348,1348,1361,sqlite3VdbeJumpHereOrPopInst,function,1
sqlaser_sqlite354_r2,sqlite,2,sqlite_target_000194,stale,executor,vdbeaux.c,src/vdbeaux.c,vdbeaux.c,1378,1378,1381,freeP4Mem,function,1
sqlaser_sqlite354_r2,sqlite,2,sqlite_target_000195,stale,executor,vdbeaux.c,src/vdbeaux.c,vdbeaux.c,1445,1445,1460,vdbeFreeOpArray,function,1
sqlaser_sqlite354_r2,sqlite,2,sqlite_target_000196,stale,parser,vdbeaux.c,src/vdbeaux.c,vdbeaux.c,1467,1467,1470,sqlite3VdbeLinkSubProgram,function,0
sqlaser_sqlite354_r2,sqlite,2,sqlite_target_000197,stale,parser,vdbeaux.c,src/vdbeaux.c,vdbeaux.c,1475,1475,1477,sqlite3VdbeHasSubProgram,function,1
sqlaser_sqlite354_r2,sqlite,2,sqlite_target_000198,stale,executor,vdbeaux.c,src/vdbeaux.c,vdbeaux.c,1482,1482,1492,sqlite3VdbeChangeToNoop,function,1
sqlaser_sqlite354_r2,sqlite,2,sqlite_target_000199,stale,executor,vdbeaux.c,src/vdbeaux.c,vdbeaux.c,1498,1498,1504,sqlite3VdbeDeletePriorOpcode,function,0
sqlaser_sqlite354_r2,sqlite,2,sqlite_target_000200,stale,executor,vdbeaux.c,src/vdbeaux.c,vdbeaux.c,1557,1552,1562,,window,1
sqlaser_sqlite354_r2,sqlite,2,sqlite_target_000201,stale,executor,vdbeaux.c,src/vdbeaux.c,vdbeaux.c,1576,1576,1608,,function,1
sqlaser_sqlite354_r2,sqlite,2,sqlite_target_000202,stale,executor,vdbeaux.c,src/vdbeaux.c,vdbeaux.c,1619,1619,1633,sqlite3VdbeChangeP4,function,1
sqlaser_sqlite354_r2,sqlite,2,sqlite_target_000203,stale,executor,vdbeaux.c,src/vdbeaux.c,vdbeaux.c,1639,1639,1646,sqlite3VdbeSetP4KeyInfo,function,1
sqlaser_sqlite354_r2,sqlite,2,sqlite_target_000204,stale,executor,vdbeaux.c,src/vdbeaux.c,vdbeaux.c,1705,1705,1716,sqlite3VdbeGetOp,function,1
sqlaser_sqlite354_r2,sqlite,2,sqlite_target_000205,stale,executor,vdbeaux.c,src/vdbeaux.c,vdbeaux.c,1720,1720,1722,sqlite3VdbeGetLastOp,function,0
sqlaser_sqlite354_r2,sqlite,2,sqlite_target_000206,stale,executor,vdbeaux.c,src/vdbeaux.c,vdbeaux.c,1914,1914,2033,sqlite3VdbeDisplayP4,function,0
sqlaser_sqlite354_r2,sqlite,2,sqlite_target_000207,stale,executor,vdbeaux.c,src/vdbeaux.c,vdbeaux.c,2044,2044,2051,sqlite3VdbeUsesBtree,function,0
sqlaser_sqlite354_r2,sqlite,2,sqlite_target_000208,stale,executor,vdbeaux.c,src/vdbeaux.c,vdbeaux.c,2075,2075,2089,sqlite3VdbeEnter,function,1
sqlaser_sqlite354_r2,sqlite,2,sqlite_target_000209,stale,executor,vdbeaux.c,src/vdbeaux.c,vdbeaux.c,2096,2096,2109,,function,1
sqlaser_sqlite354_r2,sqlite,2,sqlite_target_000210,stale,executor,vdbeaux.c,src/vdbeaux.c,vdbeaux.c,2110,2110,2113,,function,0
sqlaser_sqlite354_r2,sqlite,2,sqlite_target_000211,stale,executor,vdbeaux.c,src/vdbeaux.c,vdbeaux.c,2164,2164,2178,initMemArray,function,1
sqlaser_sqlite354_r2,sqlite,2,sqlite_target_000212,stale,executor,vdbeaux.c,src/vdbeaux.c,vdbeaux.c,2188,2188,2233,releaseMemArray,function,1
sqlaser_sqlite354_r2,sqlite,2,sqlite_target_000213,stale,executor,vdbeaux.c,src/vdbeaux.c,vdbeaux.c,2256,2256,2261,sqlite3VdbeFrameMemDel,function,0
sqlaser_sqlite354_r2,sqlite,2,sqlite_target_000214,stale,executor,vdbeaux.c,src/vdbeaux.c,vdbeaux.c,2271,2266,2276,,window,0
sqlaser_sqlite354_r2,sqlite,2,sqlite_target_000215,stale,executor,vdbeaux.c,src/vdbeaux.c,vdbeaux.c,2383,2383,2394,sqlite3VdbeFrameDelete,function,0
sqlaser_sqlite354_r2,sqlite,2,sqlite_target_000216,stale,executor,vdbeaux.c,src/vdbeaux.c,vdbeaux.c,2415,2410,2420,,window,0
sqlaser_sqlite354_r2,sqlite,2,sqlite_target_000217,stale,executor,vdbeaux.c,src/vdbeaux.c,vdbeaux.c,25,25,47,vdbeFreeOpArray,function,1
sqlaser_sqlite354_r2,sqlite,2,sqlite_target_000218,stale,executor,vdbeaux.c,src/vdbeaux.c,vdbeaux.c,2602,2602,2636,sqlite3VdbeRewind,function,1
sqlaser_sqlite354_r2,sqlite,2,sqlite_target_000219,stale,executor,vdbeaux.c,src/vdbeaux.c,vdbeaux.c,263,263,265,sqlite3VdbeAddOp0,function,1
sqlaser_sqlite354_r2,sqlite,2,sqlite_target_000220,stale,executor,vdbeaux.c,src/vdbeaux.c,vdbeaux.c,2656,2651,2661,,window,1
sqlaser_sqlite354_r2,sqlite,2,sqlite_target_000221,stale,executor,vdbeaux.c,src/vdbeaux.c,vdbeaux.c,266,266,268,sqlite3VdbeAddOp0,function,1
sqlaser_sqlite354_r2,sqlite,2,sqlite_target_000222,stale,executor,vdbeaux.c,src/vdbeaux.c,vdbeaux.c,269,269,271,sqlite3VdbeAddOp3,function,1
sqlaser_sqlite354_r2,sqlite,2,sqlite_target_000223,stale,executor,vdbeaux.c,src/vdbeaux.c,vdbeaux.c,272,272,316,sqlite3VdbeAddOp3,function,1
sqlaser_sqlite354_r2,sqlite,2,sqlite_target_000224,stale,executor,vdbeaux.c,src/vdbeaux.c,vdbeaux.c,2759,2759,2761,sqlite3VdbeFreeCursor,function,1
sqlaser_sqlite354_r2,sqlite,2,sqlite_target_000225,stale,executor,vdbeaux.c,src/vdbeaux.c,vdbeaux.c,2762,2762,2773,sqlite3VdbeFreeCursor,function,1
sqlaser_sqlite354_r2,sqlite,2,sqlite_target_000226,stale,executor,vdbeaux.c,src/vdbeaux.c,vdbeaux.c,2774,2774,2800,sqlite3DbFree,function,1
sqlaser_sqlite354_r2,sqlite,2,sqlite_target_000227,stale,executor,vdbeaux.c,src/vdbeaux.c,vdbeaux.c,2805,2805,2814,closeCursorsInFrame,function,1
sqlaser_sqlite354_r2,sqlite,2,sqlite_target_000228,stale,executor,vdbeaux.c,src/vdbeaux.c,vdbeaux.c,2821,2821,2837,sqlite3VdbeFrameRestore,function,0
sqlaser_sqlite354_r2,sqlite,2,sqlite_target_000229,stale,executor,vdbeaux.c,src/vdbeaux.c,vdbeaux.c,2847,2847,2867,closeAllCursors,function,1
sqlaser_sqlite354_r2,sqlite,2,sqlite_target_000230,stale,executor,vdbeaux.c,src/vdbeaux.c,vdbeaux.c,2875,2875,2888,sqlite3_column_count,function,1
sqlaser_sqlite354_r2,sqlite,2,sqlite_target_000231,stale,executor,vdbeaux.c,src/vdbeaux.c,vdbeaux.c,2900,2895,2905,,window,1
sqlaser_sqlite354_r2,sqlite,2,sqlite_target_000232,stale,executor,vdbeaux.c,src/vdbeaux.c,vdbeaux.c,2928,2928,3184,vdbeCommit,function,1
sqlaser_sqlite354_r2,sqlite,2,sqlite_target_000233,stale,executor,vdbeaux.c,src/vdbeaux.c,vdbeaux.c,317,312,322,,window,1
sqlaser_sqlite354_r2,sqlite,2,sqlite_target_000234,stale,executor,vdbeaux.c,src/vdbeaux.c,vdbeaux.c,3228,3228,3273,vdbeCloseStatement,function,1
sqlaser_sqlite354_r2,sqlite,2,sqlite_target_000235,stale,executor,vdbeaux.c,src/vdbeaux.c,vdbeaux.c,3274,3274,3279,sqlite3VdbeCloseStatement,function,0
sqlaser_sqlite354_r2,sqlite,2,sqlite_target_000236,stale,executor,vdbeaux.c,src/vdbeaux.c,vdbeaux.c,3293,3293,3299,vdbeFkError,function,1
sqlaser_sqlite354_r2,sqlite,2,sqlite_target_000237,stale,executor,vdbeaux.c,src/vdbeaux.c,vdbeaux.c,3300,3300,3303,sqlite3VdbeError,function,0
sqlaser_sqlite354_r2,sqlite,2,sqlite_target_000238,stale,executor,vdbeaux.c,src/vdbeaux.c,vdbeaux.c,3304,3304,3308,sqlite3VdbeCheckFkImmediate,function,0
sqlaser_sqlite354_r2,sqlite,2,sqlite_target_000239,stale,executor,vdbeaux.c,src/vdbeaux.c,vdbeaux.c,3324,3324,3526,sqlite3VdbeHalt,function,1
sqlaser_sqlite354_r2,sqlite,2,sqlite_target_000240,stale,executor,vdbeaux.c,src/vdbeaux.c,vdbeaux.c,3533,3533,3535,sqlite3VdbeResetStepResult,function,0
sqlaser_sqlite354_r2,sqlite,2,sqlite_target_000241,stale,executor,vdbeaux.c,src/vdbeaux.c,vdbeaux.c,3545,3545,3561,sqlite3_errcode,function,1
sqlaser_sqlite354_r2,sqlite,2,sqlite_target_000242,stale,executor,vdbeaux.c,src/vdbeaux.c,vdbeaux.c,3595,3595,3680,sqlite3VdbeReset,function,1
sqlaser_sqlite354_r2,sqlite,2,sqlite_target_000243,stale,executor,vdbeaux.c,src/vdbeaux.c,vdbeaux.c,3686,3686,3697,sqlite3VdbeFinalize,function,1
sqlaser_sqlite354_r2,sqlite,2,sqlite_target_000244,stale,executor,vdbeaux.c,src/vdbeaux.c,vdbeaux.c,369,369,371,sqlite3VdbeGoto,function,1
sqlaser_sqlite354_r2,sqlite,2,sqlite_target_000245,stale,executor,vdbeaux.c,src/vdbeaux.c,vdbeaux.c,3743,3743,3782,sqlite3VdbeDelete,function,1
sqlaser_sqlite354_r2,sqlite,2,sqlite_target_000246,stale,executor,vdbeaux.c,src/vdbeaux.c,vdbeaux.c,376,376,378,sqlite3VdbeLoadString,function,1
sqlaser_sqlite354_r2,sqlite,2,sqlite_target_000247,stale,executor,vdbeaux.c,src/vdbeaux.c,vdbeaux.c,3787,3787,3803,sqlite3VdbeDelete,function,1
sqlaser_sqlite354_r2,sqlite,2,sqlite_target_000248,stale,executor,vdbeaux.c,src/vdbeaux.c,vdbeaux.c,3810,3810,3827,sqlite3VdbeFinishMoveto,function,1
sqlaser_sqlite354_r2,sqlite,2,sqlite_target_000249,stale,executor,vdbeaux.c,src/vdbeaux.c,vdbeaux.c,3836,3836,3845,sqlite3VdbeHandleMovedCursor,function,1
sqlaser_sqlite354_r2,sqlite,2,sqlite_target_000250,stale,executor,vdbeaux.c,src/vdbeaux.c,vdbeaux.c,3851,3851,3857,sqlite3VdbeCursorRestore,function,0
sqlaser_sqlite354_r2,sqlite,2,sqlite_target_000251,stale,executor,vdbeaux.c,src/vdbeaux.c,vdbeaux.c,391,391,409,sqlite3VdbeMultiLoad,function,1
sqlaser_sqlite354_r2,sqlite,2,sqlite_target_000252,stale,executor,vdbeaux.c,src/vdbeaux.c,vdbeaux.c,3997,3997,4005,sqlite3VdbeSerialTypeLen,function,1
sqlaser_sqlite354_r2,sqlite,2,sqlite_target_000253,stale,executor,vdbeaux.c,src/vdbeaux.c,vdbeaux.c,4006,4006,4009,assert,function,0
sqlaser_sqlite354_r2,sqlite,2,sqlite_target_000254,stale,executor,vdbeaux.c,src/vdbeaux.c,vdbeaux.c,4132,4127,4137,,window,1
sqlaser_sqlite354_r2,sqlite,2,sqlite_target_000255,stale,executor,vdbeaux.c,src/vdbeaux.c,vdbeaux.c,414,409,419,,window,0
sqlaser_sqlite354_r2,sqlite,2,sqlite_target_000256,stale,executor,vdbeaux.c,src/vdbeaux.c,vdbeaux.c,4231,4226,4236,,window,1
sqlaser_sqlite354_r2,sqlite,2,sqlite_target_000257,stale,executor,vdbeaux.c,src/vdbeaux.c,vdbeaux.c,4251,4246,4256,,window,1
sqlaser_sqlite354_r2,sqlite,2,sqlite_target_000258,stale,executor,vdbeaux.c,src/vdbeaux.c,vdbeaux.c,438,433,443,,window,0
sqlaser_sqlite354_r2,sqlite,2,sqlite_target_000259,stale,executor,vdbeaux.c,src/vdbeaux.c,vdbeaux.c,4459,4454,4464,,window,1
sqlaser_sqlite354_r2,sqlite,2,sqlite_target_000260,stale,executor,vdbeaux.c,src/vdbeaux.c,vdbeaux.c,4485,4480,4490,,window,1
sqlaser_sqlite354_r2,sqlite,2,sqlite_target_000261,stale,executor,vdbeaux.c,src/vdbeaux.c,vdbeaux.c,4588,4588,4677,memcmp,function,1
sqlaser_sqlite354_r2,sqlite,2,sqlite_target_000262,stale,executor,vdbeaux.c,src/vdbeaux.c,vdbeaux.c,4687,4687,4719,vdbeRecordDecodeInt,function,1
sqlaser_sqlite354_r2,sqlite,2,sqlite_target_000263,stale,executor,vdbeaux.c,src/vdbeaux.c,vdbeaux.c,474,469,479,,window,0
sqlaser_sqlite354_r2,sqlite,2,sqlite_target_000264,stale,executor,vdbeaux.c,src/vdbeaux.c,vdbeaux.c,4742,4737,4747,,window,1
sqlaser_sqlite354_r2,sqlite,2,sqlite_target_000265,stale,executor,vdbeaux.c,src/vdbeaux.c,vdbeaux.c,493,493,498,sqlite3VdbeExplainParent,function,1
sqlaser_sqlite354_r2,sqlite,2,sqlite_target_000266,stale,executor,vdbeaux.c,src/vdbeaux.c,vdbeaux.c,4963,4958,4968,,window,0
sqlaser_sqlite354_r2,sqlite,2,sqlite_target_000267,stale,executor,vdbeaux.c,src/vdbeaux.c,vdbeaux.c,4980,4975,4985,,window,1
sqlaser_sqlite354_r2,sqlite,2,sqlite_target_000268,stale,executor,vdbeaux.c,src/vdbeaux.c,vdbeaux.c,5075,5070,5080,,window,1
sqlaser_sqlite354_r2,sqlite,2,sqlite_target_000269,stale,executor,vdbeaux.c,src/vdbeaux.c,vdbeaux.c,5145,5145,5190,sqlite3VdbeFindCompare,function,1
sqlaser_sqlite354_r2,sqlite,2,sqlite_target_000270,stale,executor,vdbeaux.c,src/vdbeaux.c,vdbeaux.c,517,517,543,sqlite3VdbeExplainPop,function,1
sqlaser_sqlite354_r2,sqlite,2,sqlite_target_000271,stale,parser,vdbeaux.c,src/vdbeaux.c,vdbeaux.c,52,52,54,sqlite3VdbeParser,function,1
sqlaser_sqlite354_r2,sqlite,2,sqlite_target_000272,stale,executor,vdbeaux.c,src/vdbeaux.c,vdbeaux.c,5200,5200,5266,sqlite3VdbeIdxRowid,function,1
sqlaser_sqlite354_r2,sqlite,2,sqlite_target_000273,stale,executor,vdbeaux.c,src/vdbeaux.c,vdbeaux.c,5279,5274,5284,,window,1
sqlaser_sqlite354_r2,sqlite,2,sqlite_target_000274,stale,executor,vdbeaux.c,src/vdbeaux.c,vdbeaux.c,5324,5324,5326,sqlite3VdbeCountChanges,function,0
sqlaser_sqlite354_r2,sqlite,2,sqlite_target_000275,stale,executor,vdbeaux.c,src/vdbeaux.c,vdbeaux.c,5356,5356,5358,sqlite3VdbeDb,function,0
sqlaser_sqlite354_r2,sqlite,2,sqlite_target_000276,stale,executor,vdbeaux.c,src/vdbeaux.c,vdbeaux.c,5363,5363,5365,sqlite3VdbePrepareFlags,function,0
sqlaser_sqlite354_r2,sqlite,2,sqlite_target_000277,stale,executor,vdbeaux.c,src/vdbeaux.c,vdbeaux.c,5375,5375,5391,aff,function,1
sqlaser_sqlite354_r2,sqlite,2,sqlite_target_000278,stale,executor,vdbeaux.c,src/vdbeaux.c,vdbeaux.c,5398,5398,5407,sqlite3VdbeSetVarmask,function,0
sqlaser_sqlite354_r2,sqlite,2,sqlite_target_000279,stale,executor,vdbeaux.c,src/vdbeaux.c,vdbeaux.c,5420,5415,5425,,window,0
sqlaser_sqlite354_r2,sqlite,2,sqlite_target_000280,stale,executor,vdbeaux.c,src/vdbeaux.c,vdbeaux.c,5453,5448,5458,,window,0
sqlaser_sqlite354_r2,sqlite,2,sqlite_target_000281,stale,executor,vdbeaux.c,src/vdbeaux.c,vdbeaux.c,548,548,551,sqlite3VdbeExplainPop,function,1
sqlaser_sqlite354_r2,sqlite,2,sqlite_target_000282,stale,executor,vdbeaux.c,src/vdbeaux.c,vdbeaux.c,5551,5546,5556,,window,0
sqlaser_sqlite354_r2,sqlite,2,sqlite_target_000283,stale,executor,vdbeaux.c,src/vdbeaux.c,vdbeaux.c,571,571,578,sqlite3DbMalloc,function,1
sqlaser_sqlite354_r2,sqlite,2,sqlite_target_000284,stale,executor,vdbeaux.c,src/vdbeaux.c,vdbeaux.c,582,582,593,sqlite3MayAbort,function,0
sqlaser_sqlite354_r2,sqlite,2,sqlite_target_000285,stale,executor,vdbeaux.c,src/vdbeaux.c,vdbeaux.c,59,59,65,sqlite3VdbeError,function,1
sqlaser_sqlite354_r2,sqlite,2,sqlite_target_000286,stale,executor,vdbeaux.c,src/vdbeaux.c,vdbeaux.c,620,620,622,sqlite3VdbeMakeLabel,function,0
sqlaser_sqlite354_r2,sqlite,2,sqlite_target_000287,stale,executor,vdbeaux.c,src/vdbeaux.c,vdbeaux.c,647,647,664,sqlite3VdbeResolveLabel,function,1
sqlaser_sqlite354_r2,sqlite,2,sqlite_target_000288,stale,executor,vdbeaux.c,src/vdbeaux.c,vdbeaux.c,669,669,671,sqlite3VdbeRunOnlyOnce,function,1
sqlaser_sqlite354_r2,sqlite,2,sqlite_target_000289,stale,executor,vdbeaux.c,src/vdbeaux.c,vdbeaux.c,676,676,684,sqlite3VdbeReusable,function,0
sqlaser_sqlite354_r2,sqlite,2,sqlite_target_000290,stale,executor,vdbeaux.c,src/vdbeaux.c,vdbeaux.c,70,70,78,sqlite3VdbeSetSql,function,1
sqlaser_sqlite354_r2,sqlite,2,sqlite_target_000291,stale,executor,vdbemem.c,src/vdbemem.c,vdbemem.c,1009,1009,1017,sqlite3VdbeMemSetZeroBlob,function,1
sqlaser_sqlite354_r2,sqlite,2,sqlite_target_000292,stale,executor,vdbemem.c,src/vdbemem.c,vdbemem.c,1039,1039,1043,vdbeReleaseAndSetInt64,function,0
sqlaser_sqlite354_r2,sqlite,2,sqlite_target_000293,stale,executor,vdbemem.c,src/vdbemem.c,vdbemem.c,1049,1049,1056,sqlite3VdbeMemSetInt64,function,1
sqlaser_sqlite354_r2,sqlite,2,sqlite_target_000294,stale,executor,vdbemem.c,src/vdbemem.c,vdbemem.c,106,106,135,vdbeMemRenderNum,function,1
sqlaser_sqlite354_r2,sqlite,2,sqlite_target_000295,stale,executor,vdbemem.c,src/vdbemem.c,vdbemem.c,1072,1067,1077,,window,1
sqlaser_sqlite354_r2,sqlite,2,sqlite_target_000296,stale,executor,vdbemem.c,src/vdbemem.c,vdbemem.c,1092,1092,1098,sqlite3VdbeMemSetDouble,function,1
sqlaser_sqlite354_r2,sqlite,2,sqlite_target_000297,stale,executor,vdbemem.c,src/vdbemem.c,vdbemem.c,1119,1119,1131,sqlite3VdbeMemSetRowSet,function,1
sqlaser_sqlite354_r2,sqlite,2,sqlite_target_000298,stale,executor,vdbemem.c,src/vdbemem.c,vdbemem.c,1137,1137,1147,sqlite3VdbeMemTooBig,function,1
sqlaser_sqlite354_r2,sqlite,2,sqlite_target_000299,stale,executor,vdbemem.c,src/vdbemem.c,vdbemem.c,1196,1196,1200,srcType,function,1
sqlaser_sqlite354_r2,sqlite,2,sqlite_target_000300,stale,executor,vdbemem.c,src/vdbemem.c,vdbemem.c,1201,1201,1211,vdbeClrCopy,function,1
sqlaser_sqlite354_r2,sqlite,2,sqlite_target_000301,stale,executor,vdbemem.c,src/vdbemem.c,vdbemem.c,1217,1217,1232,sqlite3VdbeMemCopy,function,1
sqlaser_sqlite354_r2,sqlite,2,sqlite_target_000302,stale,executor,vdbemem.c,src/vdbemem.c,vdbemem.c,1240,1240,1249,sqlite3VdbeMemMove,function,1
sqlaser_sqlite354_r2,sqlite,2,sqlite_target_000303,stale,executor,vdbemem.c,src/vdbemem.c,vdbemem.c,1273,1268,1278,,window,0
sqlaser_sqlite354_r2,sqlite,2,sqlite_target_000304,stale,executor,vdbemem.c,src/vdbemem.c,vdbemem.c,1374,1369,1379,,window,1
sqlaser_sqlite354_r2,sqlite,2,sqlite_target_000305,stale,executor,vdbemem.c,src/vdbemem.c,vdbemem.c,1462,1457,1467,,window,1
sqlaser_sqlite354_r2,sqlite,2,sqlite_target_000306,stale,executor,vdbemem.c,src/vdbemem.c,vdbemem.c,1490,1485,1495,,window,1
sqlaser_sqlite354_r2,sqlite,2,sqlite_target_000307,stale,executor,vdbemem.c,src/vdbemem.c,vdbemem.c,212,212,241,successful,function,1
sqlaser_sqlite354_r2,sqlite,2,sqlite_target_000308,stale,executor,vdbemem.c,src/vdbemem.c,vdbemem.c,251,251,299,sqlite3VdbeMemGrow,function,1
sqlaser_sqlite354_r2,sqlite,2,sqlite_target_000309,stale,executor,vdbemem.c,src/vdbemem.c,vdbemem.c,314,314,324,code,function,1
sqlaser_sqlite354_r2,sqlite,2,sqlite_target_000310,stale,executor,vdbemem.c,src/vdbemem.c,vdbemem.c,336,336,362,sqlite3VdbeMemZeroTerminateIfAble,function,1
sqlaser_sqlite354_r2,sqlite,2,sqlite_target_000311,stale,executor,vdbemem.c,src/vdbemem.c,vdbemem.c,373,373,382,vdbeMemAddTerminator,function,1
sqlaser_sqlite354_r2,sqlite,2,sqlite_target_000312,stale,executor,vdbemem.c,src/vdbemem.c,vdbemem.c,390,390,407,sqlite3VdbeMemMakeWriteable,function,1
sqlaser_sqlite354_r2,sqlite,2,sqlite_target_000313,stale,executor,vdbemem.c,src/vdbemem.c,vdbemem.c,414,414,439,sqlite3VdbeMemExpandBlob,function,1
sqlaser_sqlite354_r2,sqlite,2,sqlite_target_000314,stale,executor,vdbemem.c,src/vdbemem.c,vdbemem.c,445,445,455,sqlite3VdbeMemNulTerminate,function,1
sqlaser_sqlite354_r2,sqlite,2,sqlite_target_000315,stale,executor,vdbemem.c,src/vdbemem.c,vdbemem.c,471,471,496,user,function,1
sqlaser_sqlite354_r2,sqlite,2,sqlite_target_000316,stale,executor,vdbemem.c,src/vdbemem.c,vdbemem.c,506,506,528,sqlite3VdbeMemFinalize,function,1
sqlaser_sqlite354_r2,sqlite,2,sqlite_target_000317,stale,executor,vdbemem.c,src/vdbemem.c,vdbemem.c,539,539,554,xValue,function,1
sqlaser_sqlite354_r2,sqlite,2,sqlite_target_000318,stale,executor,vdbemem.c,src/vdbemem.c,vdbemem.c,566,566,579,sqlite3VdbeMemSetNull,function,1
sqlaser_sqlite354_r2,sqlite,2,sqlite_target_000319,stale,executor,vdbemem.c,src/vdbemem.c,vdbemem.c,589,589,598,sqlite3VdbeMemRelease,function,1
sqlaser_sqlite354_r2,sqlite,2,sqlite_target_000320,stale,executor,vdbemem.c,src/vdbemem.c,vdbemem.c,610,610,615,sqlite3VdbeMemSetNull,function,1
sqlaser_sqlite354_r2,sqlite,2,sqlite_target_000321,stale,executor,vdbemem.c,src/vdbemem.c,vdbemem.c,620,620,623,sqlite3VdbeMemReleaseMalloc,function,1
sqlaser_sqlite354_r2,sqlite,2,sqlite_target_000322,stale,executor,vdbemem.c,src/vdbemem.c,vdbemem.c,641,641,657,memIntValue,function,1
sqlaser_sqlite354_r2,sqlite,2,sqlite_target_000323,stale,executor,vdbemem.c,src/vdbemem.c,vdbemem.c,735,735,751,,function,1
sqlaser_sqlite354_r2,sqlite,2,sqlite_target_000324,stale,executor,vdbemem.c,src/vdbemem.c,vdbemem.c,770,770,785,sqlite3VdbeRealValue,function,1
sqlaser_sqlite354_r2,sqlite,2,sqlite_target_000325,stale,executor,vdbemem.c,src/vdbemem.c,vdbemem.c,791,791,796,sqlite3VdbeBooleanValue,function,1
sqlaser_sqlite354_r2,sqlite,2,sqlite_target_000326,stale,executor,vdbemem.c,src/vdbemem.c,vdbemem.c,802,802,829,sqlite3VdbeIntegerAffinity,function,1
sqlaser_sqlite354_r2,sqlite,2,sqlite_target_000327,stale,executor,vdbemem.c,src/vdbemem.c,vdbemem.c,834,834,843,sqlite3VdbeMemIntegerify,function,1
sqlaser_sqlite354_r2,sqlite,2,sqlite_target_000328,stale,executor,vdbemem.c,src/vdbemem.c,vdbemem.c,849,849,857,sqlite3VdbeMemRealify,function,1
sqlaser_sqlite354_r2,sqlite,2,sqlite_target_000329,stale,executor,vdbemem.c,src/vdbemem.c,vdbemem.c,893,893,917,sqlite3VdbeMemNumerify,function,1
sqlaser_sqlite354_r2,sqlite,2,sqlite_target_000330,stale,executor,vdbemem.c,src/vdbemem.c,vdbemem.c,926,926,966,used,function,1
sqlaser_sqlite354_r2,sqlite,2,sqlite_target_000331,stale,executor,vdbemem.c,src/vdbemem.c,vdbemem.c,973,973,978,sqlite3VdbeMemInit,function,1
sqlaser_sqlite354_r2,sqlite,2,sqlite_target_000332,stale,executor,vdbemem.c,src/vdbemem.c,vdbemem.c,993,993,999,sqlite3VdbeMemRelease,function,1
sqlaser_sqlite354_r2,sqlite,2,sqlite_target_000333,stale,executor,vdbesort.c,src/vdbesort.c,vdbesort.c,1050,1050,1057,vdbeSorterRecordFree,function,1
sqlaser_sqlite354_r2,sqlite,2,sqlite_target_000334,stale,executor,vdbesort.c,src/vdbesort.c,vdbesort.c,1063,1063,1083,vdbeSortSubtaskCleanup,function,1
sqlaser_sqlite354_r2,sqlite,2,sqlite_target_000335,stale,executor,vdbesort.c,src/vdbesort.c,vdbesort.c,1150,1145,1155,,window,0
sqlaser_sqlite354_r2,sqlite,2,sqlite_target_000336,stale,optimizer,vdbesort.c,src/vdbesort.c,vdbesort.c,1163,1163,1180,vdbeSorterJoinAll,function,1
sqlaser_sqlite354_r2,sqlite,2,sqlite_target_000337,stale,executor,vdbesort.c,src/vdbesort.c,vdbesort.c,1230,1230,1242,vdbeIncrFree,function,0
sqlaser_sqlite354_r2,sqlite,2,sqlite_target_000338,stale,executor,vdbesort.c,src/vdbesort.c,vdbesort.c,1247,1247,1275,sqlite3VdbeSorterReset,function,1
sqlaser_sqlite354_r2,sqlite,2,sqlite_target_000339,stale,executor,vdbesort.c,src/vdbesort.c,vdbesort.c,1280,1280,1296,sqlite3VdbeSorterClose,function,1
sqlaser_sqlite354_r2,sqlite,2,sqlite_target_000340,stale,executor,vdbesort.c,src/vdbesort.c,vdbesort.c,1354,1354,1362,vdbeSortAllocUnpacked,function,1
sqlaser_sqlite354_r2,sqlite,2,sqlite_target_000341,stale,executor,vdbesort.c,src/vdbesort.c,vdbesort.c,1368,1363,1373,,window,1
sqlaser_sqlite354_r2,sqlite,2,sqlite_target_000342,stale,executor,vdbesort.c,src/vdbesort.c,vdbesort.c,1410,1410,1417,vdbeSorterGetCompare,function,1
sqlaser_sqlite354_r2,sqlite,2,sqlite_target_000343,stale,executor,vdbesort.c,src/vdbesort.c,vdbesort.c,1424,1424,1474,vdbeSorterSort,function,1
sqlaser_sqlite354_r2,sqlite,2,sqlite_target_000344,stale,executor,vdbesort.c,src/vdbesort.c,vdbesort.c,1578,1578,1633,data,function,0
sqlaser_sqlite354_r2,sqlite,2,sqlite_target_000345,stale,executor,vdbesort.c,src/vdbesort.c,vdbesort.c,1642,1637,1647,,window,0
sqlaser_sqlite354_r2,sqlite,2,sqlite_target_000346,stale,executor,vdbesort.c,src/vdbesort.c,vdbesort.c,1713,1713,1720,vdbeSorterFlushThread,function,0
sqlaser_sqlite354_r2,sqlite,2,sqlite_target_000347,stale,executor,vdbesort.c,src/vdbesort.c,vdbesort.c,1727,1727,1792,vdbeSorterFlushPMA,function,0
sqlaser_sqlite354_r2,sqlite,2,sqlite_target_000348,stale,executor,vdbesort.c,src/vdbesort.c,vdbesort.c,1797,1792,1802,,window,1
sqlaser_sqlite354_r2,sqlite,2,sqlite_target_000349,stale,executor,vdbesort.c,src/vdbesort.c,vdbesort.c,1909,1909,1944,vdbeIncrPopulate,function,0
sqlaser_sqlite354_r2,sqlite,2,sqlite_target_000350,stale,executor,vdbesort.c,src/vdbesort.c,vdbesort.c,1951,1951,1956,vdbeIncrPopulateThread,function,0
sqlaser_sqlite354_r2,sqlite,2,sqlite_target_000351,stale,executor,vdbesort.c,src/vdbesort.c,vdbesort.c,1961,1961,1965,vdbeIncrBgPopulate,function,0
sqlaser_sqlite354_r2,sqlite,2,sqlite_target_000352,stale,executor,vdbesort.c,src/vdbesort.c,vdbesort.c,1985,1985,2016,vdbeIncrSwap,function,0
sqlaser_sqlite354_r2,sqlite,2,sqlite_target_000353,stale,executor,vdbesort.c,src/vdbesort.c,vdbesort.c,2024,2019,2029,,window,0
sqlaser_sqlite354_r2,sqlite,2,sqlite_target_000354,stale,executor,vdbesort.c,src/vdbesort.c,vdbesort.c,2049,2049,2052,vdbeIncrMergerSetThreads,function,0
sqlaser_sqlite354_r2,sqlite,2,sqlite_target_000355,stale,executor,vdbesort.c,src/vdbesort.c,vdbesort.c,2144,2139,2149,,window,0
sqlaser_sqlite354_r2,sqlite,2,sqlite_target_000356,stale,executor,vdbesort.c,src/vdbesort.c,vdbesort.c,2220,2220,2280,vdbePmaReaderNext,function,0
sqlaser_sqlite354_r2,sqlite,2,sqlite_target_000357,stale,executor,vdbesort.c,src/vdbesort.c,vdbesort.c,2287,2287,2294,vdbePmaReaderBgIncrInit,function,0
sqlaser_sqlite354_r2,sqlite,2,sqlite_target_000358,stale,executor,vdbesort.c,src/vdbesort.c,vdbesort.c,2308,2308,2324,,function,0
sqlaser_sqlite354_r2,sqlite,2,sqlite_target_000359,stale,executor,vdbesort.c,src/vdbesort.c,vdbesort.c,2338,2333,2343,,window,0
sqlaser_sqlite354_r2,sqlite,2,sqlite_target_000360,stale,executor,vdbesort.c,src/vdbesort.c,vdbesort.c,2395,2390,2400,,window,0
sqlaser_sqlite354_r2,sqlite,2,sqlite_target_000361,stale,executor,vdbesort.c,src/vdbesort.c,vdbesort.c,2451,2446,2456,,window,0
sqlaser_sqlite354_r2,sqlite,2,sqlite_target_000362,stale,executor,vdbesort.c,src/vdbesort.c,vdbesort.c,2530,2530,2604,,function,0
sqlaser_sqlite354_r2,sqlite,2,sqlite_target_000363,stale,executor,vdbesort.c,src/vdbesort.c,vdbesort.c,2612,2612,2655,sqlite3VdbeSorterRewind,function,1
sqlaser_sqlite354_r2,sqlite,2,sqlite_target_000364,stale,executor,vdbesort.c,src/vdbesort.c,vdbesort.c,2664,2664,2696,sqlite3VdbeSorterNext,function,1
sqlaser_sqlite354_r2,sqlite,2,sqlite_target_000365,stale,executor,vdbesort.c,src/vdbesort.c,vdbesort.c,2702,2697,2707,,window,1
sqlaser_sqlite354_r2,sqlite,2,sqlite_target_000366,stale,executor,vdbesort.c,src/vdbesort.c,vdbesort.c,2729,2729,2744,sqlite3VdbeSorterRowkey,function,1
sqlaser_sqlite354_r2,sqlite,2,sqlite_target_000367,stale,executor,vdbesort.c,src/vdbesort.c,vdbesort.c,2762,2757,2767,,window,1
sqlaser_sqlite354_r2,sqlite,2,sqlite_target_000368,stale,executor,vdbesort.c,src/vdbesort.c,vdbesort.c,474,474,480,vdbePmaReaderClear,function,0
sqlaser_sqlite354_r2,sqlite,2,sqlite_target_000369,stale,executor,vdbesort.c,src/vdbesort.c,vdbesort.c,491,486,496,,window,0
sqlaser_sqlite354_r2,sqlite,2,sqlite_target_000370,stale,executor,vdbesort.c,src/vdbesort.c,vdbesort.c,586,586,608,vdbePmaReadVarint,function,0
sqlaser_sqlite354_r2,sqlite,2,sqlite_target_000371,stale,executor,vdbesort.c,src/vdbesort.c,vdbesort.c,619,619,629,vdbeSorterMapFile,function,0
sqlaser_sqlite354_r2,sqlite,2,sqlite_target_000372,stale,executor,vdbesort.c,src/vdbesort.c,vdbesort.c,636,631,641,,window,0
sqlaser_sqlite354_r2,sqlite,2,sqlite_target_000373,stale,executor,vdbesort.c,src/vdbesort.c,vdbesort.c,683,683,719,vdbePmaReaderNext,function,0
sqlaser_sqlite354_r2,sqlite,2,sqlite_target_000374,stale,executor,vdbesort.c,src/vdbesort.c,vdbesort.c,763,758,768,,window,1
sqlaser_sqlite354_r2,sqlite,2,sqlite_target_000375,stale,executor,vdbesort.c,src/vdbesort.c,vdbesort.c,790,785,795,,window,1
sqlaser_sqlite354_r2,sqlite,2,sqlite_target_000376,stale,executor,vdbesort.c,src/vdbesort.c,vdbesort.c,809,804,814,,window,1
sqlaser_sqlite354_r2,sqlite,2,sqlite_target_000377,stale,executor,vdbesort.c,src/vdbesort.c,vdbesort.c,852,847,857,,window,1
sqlaser_sqlite354_r2,sqlite,2,sqlite_target_000378,stale,executor,vdbesort.c,src/vdbesort.c,vdbesort.c,936,931,941,,window,1
sqlaser_sqlite354_r2,sqlite,2,sqlite_target_000379,stale,executor,vdbetrace.c,src/vdbetrace.c,vdbetrace.c,72,67,77,,window,0
sqlaser_sqlite354_r2,sqlite,2,sqlite_target_000380,stale,optimizer,where.c,src/where.c,where.c,101,101,111,sqlite3WhereOrderByLimitOptLabel,function,1
sqlaser_sqlite354_r2,sqlite,2,sqlite_target_000381,stale,optimizer,where.c,src/where.c,where.c,124,124,137,sqlite3WhereMinMaxOptEarlyOut,function,1
sqlaser_sqlite354_r2,sqlite,2,sqlite_target_000382,stale,optimizer,where.c,src/where.c,where.c,263,263,273,sqlite3WhereMalloc,function,1
sqlaser_sqlite354_r2,sqlite,2,sqlite_target_000383,stale,optimizer,where.c,src/where.c,where.c,274,274,283,return,function,1
sqlaser_sqlite354_r2,sqlite,2,sqlite_target_000384,stale,optimizer,where.c,src/where.c,where.c,549,544,554,,window,0
sqlaser_sqlite354_r2,sqlite,2,sqlite_target_000385,stale,optimizer,where.c,src/where.c,where.c,6830,6825,6835,,window,0
sqlaser_sqlite354_r2,sqlite,2,sqlite_target_000386,stale,optimizer,where.c,src/where.c,where.c,7521,7521,7886,sqlite3WhereEnd,function,1
sqlaser_sqlite354_r2,sqlite,2,sqlite_target_000387,stale,optimizer,wherecode.c,src/wherecode.c,wherecode.c,117,112,122,,window,0
sqlaser_sqlite354_r2,sqlite,2,sqlite_target_000388,stale,optimizer,wherecode.c,src/wherecode.c,wherecode.c,1466,1461,1471,,window,0
sqlaser_sqlite354_r2,sqlite,2,sqlite_target_000389,stale,optimizer,wherecode.c,src/wherecode.c,wherecode.c,245,240,250,,window,0
sqlaser_sqlite354_r2,sqlite,2,sqlite_target_000390,stale,optimizer,wherecode.c,src/wherecode.c,wherecode.c,280,275,285,,window,0
sqlaser_sqlite354_r2,sqlite,2,sqlite_target_000391,stale,optimizer,wherecode.c,src/wherecode.c,wherecode.c,2841,2836,2846,,window,1
sqlaser_sqlite354_r2,sqlite,2,sqlite_target_000392,stale,optimizer,whereexpr.c,src/whereexpr.c,whereexpr.c,1591,1591,1602,sqlite3WhereSplit,function,1
sqlaser_sqlite354_r2,sqlite,2,sqlite_target_000393,stale,optimizer,whereexpr.c,src/whereexpr.c,whereexpr.c,1666,1666,1731,sqlite3WhereAddLimit,function,1
sqlaser_sqlite354_r2,sqlite,2,sqlite_target_000394,stale,optimizer,whereexpr.c,src/whereexpr.c,whereexpr.c,1736,1731,1741,,window,1
sqlaser_sqlite354_r2,sqlite,2,sqlite_target_000395,stale,optimizer,whereexpr.c,src/whereexpr.c,whereexpr.c,1754,1754,1785,sqlite3WhereClauseClear,function,1
sqlaser_sqlite354_r2,sqlite,2,sqlite_target_000396,stale,optimizer,whereexpr.c,src/whereexpr.c,whereexpr.c,1819,1814,1824,,window,1
sqlaser_sqlite354_r2,sqlite,2,sqlite_target_000397,stale,optimizer,whereexpr.c,src/whereexpr.c,whereexpr.c,1845,1845,1853,sqlite3WhereExprUsage,function,1
sqlaser_sqlite354_r2,sqlite,2,sqlite_target_000398,stale,optimizer,whereexpr.c,src/whereexpr.c,whereexpr.c,1854,1854,1856,assert,function,1
sqlaser_sqlite354_r2,sqlite,2,sqlite_target_000399,stale,optimizer,whereexpr.c,src/whereexpr.c,whereexpr.c,1857,1857,1866,sqlite3WhereExprUsageFull,function,1
sqlaser_sqlite354_r2,sqlite,2,sqlite_target_000400,stale,optimizer,whereexpr.c,src/whereexpr.c,whereexpr.c,1877,1872,1882,,window,1
sqlaser_sqlite354_r2,sqlite,2,sqlite_target_000401,stale,optimizer,whereexpr.c,src/whereexpr.c,whereexpr.c,1894,1889,1899,,window,1
sqlaser_sqlite354_r2,sqlite,2,sqlite_target_000402,stale,optimizer,whereexpr.c,src/whereexpr.c,whereexpr.c,353,353,372,sqlite3ExprIsLikeOperator,function,1
sqlaser_sqlite354_r2,sqlite,2,sqlite_target_000403,memory,other,backup.c,src/backup.c,backup.c,747,742,752,,window,1
sqlaser_sqlite354_r2,sqlite,2,sqlite_target_000404,memory,other,backup.c,src/backup.c,backup.c,748,743,753,,window,1
sqlaser_sqlite354_r2,sqlite,2,sqlite_target_000405,memory,other,backup.c,src/backup.c,backup.c,749,744,754,,window,1
sqlaser_sqlite354_r2,sqlite,2,sqlite_target_000406,memory,storage,btree.c,src/btree.c,btree.c,10204,10204,10210,sqlite3PagerUnref,function,1
sqlaser_sqlite354_r2,sqlite,2,sqlite_target_000407,memory,catalog_metadata,btree.c,src/btree.c,btree.c,10283,10283,10302,sqlite3BtreeClearTable,function,1
sqlaser_sqlite354_r2,sqlite,2,sqlite_target_000408,memory,storage,btree.c,src/btree.c,btree.c,1030,1030,1033,sqlite3BtreeCursorHintFlags,function,0
sqlaser_sqlite354_r2,sqlite,2,sqlite_target_000409,memory,catalog_metadata,btree.c,src/btree.c,btree.c,10309,10309,10311,sqlite3BtreeClearTableOfCursor,function,0
sqlaser_sqlite354_r2,sqlite,2,sqlite_target_000410,memory,storage,btree.c,src/btree.c,btree.c,10418,10418,10424,releasePage,function,0
sqlaser_sqlite354_r2,sqlite,2,sqlite_target_000411,memory,storage,btree.c,src/btree.c,btree.c,10447,10447,10471,sqlite3BtreeGetMeta,function,1
sqlaser_sqlite354_r2,sqlite,2,sqlite_target_000412,memory,type_system,btree.c,src/btree.c,btree.c,10477,10477,10499,sqlite3BtreeUpdateMeta,function,1
sqlaser_sqlite354_r2,sqlite,2,sqlite_target_000413,memory,storage,btree.c,src/btree.c,btree.c,10509,10509,10572,encountered,function,1
sqlaser_sqlite354_r2,sqlite,2,sqlite_target_000414,memory,storage,btree.c,src/btree.c,btree.c,10578,10578,10580,sqlite3BtreePager,function,0
sqlaser_sqlite354_r2,sqlite,2,sqlite_target_000415,memory,storage,btree.c,src/btree.c,btree.c,11146,11141,11151,,window,1
sqlaser_sqlite354_r2,sqlite,2,sqlite_target_000416,memory,storage,btree.c,src/btree.c,btree.c,11179,11155,11294,,function,1
sqlaser_sqlite354_r2,sqlite,2,sqlite_target_000417,memory,storage,btree.c,src/btree.c,btree.c,11191,11186,11196,,window,1
sqlaser_sqlite354_r2,sqlite,2,sqlite_target_000418,memory,storage,btree.c,src/btree.c,btree.c,11304,11304,11307,sqlite3BtreeGetFilename,function,1
sqlaser_sqlite354_r2,sqlite,2,sqlite_target_000419,memory,storage,btree.c,src/btree.c,btree.c,11317,11317,11320,sqlite3BtreeGetJournalname,function,0
sqlaser_sqlite354_r2,sqlite,2,sqlite_target_000420,memory,storage,btree.c,src/btree.c,btree.c,11326,11326,11329,sqlite3BtreeTxnState,function,1
sqlaser_sqlite354_r2,sqlite,2,sqlite_target_000421,memory,storage,btree.c,src/btree.c,btree.c,11340,11340,11353,sqlite3BtreeCheckpoint,function,1
sqlaser_sqlite354_r2,sqlite,2,sqlite_target_000422,memory,storage,btree.c,src/btree.c,btree.c,11359,11359,11363,sqlite3BtreeIsInBackup,function,0
sqlaser_sqlite354_r2,sqlite,2,sqlite_target_000423,memory,storage,btree.c,src/btree.c,btree.c,11385,11385,11395,sqlite3_free,function,1
sqlaser_sqlite354_r2,sqlite,2,sqlite_target_000424,memory,catalog_metadata,btree.c,src/btree.c,btree.c,11402,11402,11411,sqlite3BtreeSchemaLocked,function,1
sqlaser_sqlite354_r2,sqlite,2,sqlite_target_000425,memory,catalog_metadata,btree.c,src/btree.c,btree.c,11420,11420,11436,sqlite3BtreeLockTable,function,1
sqlaser_sqlite354_r2,sqlite,2,sqlite_target_000426,memory,storage,btree.c,src/btree.c,btree.c,11450,11450,11493,sqlite3BtreePutData,function,1
sqlaser_sqlite354_r2,sqlite,2,sqlite_target_000427,memory,storage,btree.c,src/btree.c,btree.c,11498,11498,11501,sqlite3BtreeIncrblobCursor,function,1
sqlaser_sqlite354_r2,sqlite,2,sqlite_target_000428,memory,storage,btree.c,src/btree.c,btree.c,11509,11509,11538,sqlite3BtreeSetVersion,function,1
sqlaser_sqlite354_r2,sqlite,2,sqlite_target_000429,memory,storage,btree.c,src/btree.c,btree.c,11544,11544,11546,sqlite3BtreeCursorHasHint,function,0
sqlaser_sqlite354_r2,sqlite,2,sqlite_target_000430,memory,storage,btree.c,src/btree.c,btree.c,11551,11551,11553,sqlite3BtreeIsReadonly,function,0
sqlaser_sqlite354_r2,sqlite,2,sqlite_target_000431,memory,storage,btree.c,src/btree.c,btree.c,11564,11564,11569,sqlite3BtreeClearCache,function,0
sqlaser_sqlite354_r2,sqlite,2,sqlite_target_000432,memory,storage,btree.c,src/btree.c,btree.c,11575,11575,11577,,function,0
sqlaser_sqlite354_r2,sqlite,2,sqlite_target_000433,memory,storage,btree.c,src/btree.c,btree.c,11584,11584,11587,sqlite3BtreeConnectionCount,function,0
sqlaser_sqlite354_r2,sqlite,2,sqlite_target_000434,memory,storage,btree.c,src/btree.c,btree.c,1623,1623,1741,defragmentPage,function,1
sqlaser_sqlite354_r2,sqlite,2,sqlite_target_000435,memory,storage,btree.c,src/btree.c,btree.c,1676,1671,1681,,window,1
sqlaser_sqlite354_r2,sqlite,2,sqlite_target_000436,memory,storage,btree.c,src/btree.c,btree.c,1684,1679,1689,,window,1
sqlaser_sqlite354_r2,sqlite,2,sqlite_target_000437,memory,storage,btree.c,src/btree.c,btree.c,1700,1695,1705,,window,1
sqlaser_sqlite354_r2,sqlite,2,sqlite_target_000438,memory,storage,btree.c,src/btree.c,btree.c,1724,1702,1725,get2byte,function,1
sqlaser_sqlite354_r2,sqlite,2,sqlite_target_000439,memory,storage,btree.c,src/btree.c,btree.c,1738,1733,1743,,window,0
sqlaser_sqlite354_r2,sqlite,2,sqlite_target_000440,memory,storage,btree.c,src/btree.c,btree.c,2377,2377,2380,return,function,1
sqlaser_sqlite354_r2,sqlite,2,sqlite_target_000441,memory,storage,btree.c,src/btree.c,btree.c,2538,2533,2543,,window,1
sqlaser_sqlite354_r2,sqlite,2,sqlite_target_000442,memory,storage,btree.c,src/btree.c,btree.c,2584,2545,2831,,function,1
sqlaser_sqlite354_r2,sqlite,2,sqlite_target_000443,memory,storage,btree.c,src/btree.c,btree.c,2681,2668,2766,,function,1
sqlaser_sqlite354_r2,sqlite,2,sqlite_target_000444,memory,storage,btree.c,src/btree.c,btree.c,2927,2927,2984,sqlite3BtreeClose,function,1
sqlaser_sqlite354_r2,sqlite,2,sqlite_target_000445,memory,storage,btree.c,src/btree.c,btree.c,2993,2993,3000,sqlite3BtreeSetCacheSize,function,0
sqlaser_sqlite354_r2,sqlite,2,sqlite_target_000446,memory,storage,btree.c,src/btree.c,btree.c,3012,3012,3020,sqlite3BtreeSetSpillSize,function,1
sqlaser_sqlite354_r2,sqlite,2,sqlite_target_000447,memory,storage,btree.c,src/btree.c,btree.c,3027,3027,3034,sqlite3BtreeSetMmapLimit,function,0
sqlaser_sqlite354_r2,sqlite,2,sqlite_target_000448,memory,storage,btree.c,src/btree.c,btree.c,3046,3041,3051,,window,1
sqlaser_sqlite354_r2,sqlite,2,sqlite_target_000449,memory,storage,btree.c,src/btree.c,btree.c,3079,3079,3110,sqlite3BtreeSetPageSize,function,1
sqlaser_sqlite354_r2,sqlite,2,sqlite_target_000450,memory,storage,btree.c,src/btree.c,btree.c,3115,3115,3117,sqlite3BtreeGetPageSize,function,0
sqlaser_sqlite354_r2,sqlite,2,sqlite_target_000451,memory,storage,btree.c,src/btree.c,btree.c,3130,3130,3135,sqlite3BtreeEnter,function,0
sqlaser_sqlite354_r2,sqlite,2,sqlite_target_000452,memory,storage,btree.c,src/btree.c,btree.c,3146,3146,3153,sqlite3BtreeGetRequestedReserve,function,1
sqlaser_sqlite354_r2,sqlite,2,sqlite_target_000453,memory,storage,btree.c,src/btree.c,btree.c,3161,3161,3167,sqlite3BtreeMaxPageCount,function,0
sqlaser_sqlite354_r2,sqlite,2,sqlite_target_000454,memory,storage,btree.c,src/btree.c,btree.c,3187,3187,3200,sqlite3BtreeSecureDelete,function,1
sqlaser_sqlite354_r2,sqlite,2,sqlite_target_000455,memory,storage,btree.c,src/btree.c,btree.c,3208,3208,3226,sqlite3BtreeSetAutoVacuum,function,1
sqlaser_sqlite354_r2,sqlite,2,sqlite_target_000456,memory,storage,btree.c,src/btree.c,btree.c,3232,3232,3246,sqlite3BtreeGetAutoVacuum,function,0
sqlaser_sqlite354_r2,sqlite,2,sqlite_target_000457,memory,storage,btree.c,src/btree.c,btree.c,3560,3560,3567,sqlite3BtreeNewDb,function,0
sqlaser_sqlite354_r2,sqlite,2,sqlite_target_000458,memory,storage,btree.c,src/btree.c,btree.c,3811,3811,3832,btreeIntegrity,function,1
sqlaser_sqlite354_r2,sqlite,2,sqlite_target_000459,memory,storage,btree.c,src/btree.c,btree.c,4171,4171,4202,sqlite3BtreeIncrVacuum,function,1
sqlaser_sqlite354_r2,sqlite,2,sqlite_target_000460,memory,storage,btree.c,src/btree.c,btree.c,4319,4319,4340,sqlite3BtreeCommitPhaseOne,function,1
sqlaser_sqlite354_r2,sqlite,2,sqlite_target_000461,memory,storage,btree.c,src/btree.c,btree.c,4408,4408,4435,sqlite3BtreeCommitPhaseTwo,function,1
sqlaser_sqlite354_r2,sqlite,2,sqlite_target_000462,memory,storage,btree.c,src/btree.c,btree.c,4440,4440,4449,sqlite3BtreeCommit,function,0
sqlaser_sqlite354_r2,sqlite,2,sqlite_target_000463,memory,storage,btree.c,src/btree.c,btree.c,4477,4477,4503,sqlite3BtreeTripAllCursors,function,1
sqlaser_sqlite354_r2,sqlite,2,sqlite_target_000464,memory,storage,btree.c,src/btree.c,btree.c,4528,4528,4573,sqlite3BtreeRollback,function,1
sqlaser_sqlite354_r2,sqlite,2,sqlite_target_000465,memory,storage,btree.c,src/btree.c,btree.c,4593,4593,4610,sqlite3BtreeSavepoint,function,1
sqlaser_sqlite354_r2,sqlite,2,sqlite_target_000466,memory,storage,btree.c,src/btree.c,btree.c,4624,4624,4651,sqlite3BtreeSavepoint,function,1
sqlaser_sqlite354_r2,sqlite,2,sqlite_target_000467,memory,storage,btree.c,src/btree.c,btree.c,4775,4770,4780,,window,1
sqlaser_sqlite354_r2,sqlite,2,sqlite_target_000468,memory,storage,btree.c,src/btree.c,btree.c,4828,4828,4830,memset,function,1
sqlaser_sqlite354_r2,sqlite,2,sqlite_target_000469,memory,storage,btree.c,src/btree.c,btree.c,4836,4836,4869,sqlite3BtreeCloseCursor,function,1
sqlaser_sqlite354_r2,sqlite,2,sqlite_target_000470,memory,storage,btree.c,src/btree.c,btree.c,4916,4916,4919,sqlite3BtreeCursorIsValid,function,1
sqlaser_sqlite354_r2,sqlite,2,sqlite_target_000471,memory,storage,btree.c,src/btree.c,btree.c,4927,4927,4933,sqlite3BtreeIntegerKey,function,0
sqlaser_sqlite354_r2,sqlite,2,sqlite_target_000472,memory,storage,btree.c,src/btree.c,btree.c,4938,4938,4941,sqlite3BtreeCursorPin,function,1
sqlaser_sqlite354_r2,sqlite,2,sqlite_target_000473,memory,storage,btree.c,src/btree.c,btree.c,4942,4942,4945,sqlite3BtreeCursorPin,function,1
sqlaser_sqlite354_r2,sqlite,2,sqlite_target_000474,memory,storage,btree.c,src/btree.c,btree.c,4951,4951,4957,sqlite3BtreeOffset,function,0
sqlaser_sqlite354_r2,sqlite,2,sqlite_target_000475,memory,storage,btree.c,src/btree.c,btree.c,4968,4968,4973,sqlite3BtreePayloadSize,function,0
sqlaser_sqlite354_r2,sqlite,2,sqlite_target_000476,memory,storage,btree.c,src/btree.c,btree.c,4988,4988,4992,sqlite3BtreeMaxRecordSize,function,0
sqlaser_sqlite354_r2,sqlite,2,sqlite_target_000477,memory,storage,btree.c,src/btree.c,btree.c,5353,5353,5358,sqlite3BtreePayload,function,0
sqlaser_sqlite354_r2,sqlite,2,sqlite_target_000478,memory,storage,btree.c,src/btree.c,btree.c,5380,5380,5387,assert,function,0
sqlaser_sqlite354_r2,sqlite,2,sqlite_target_000479,memory,storage,btree.c,src/btree.c,btree.c,5448,5448,5450,sqlite3BtreePayloadFetch,function,1
sqlaser_sqlite354_r2,sqlite,2,sqlite_target_000480,memory,storage,btree.c,src/btree.c,btree.c,5696,5696,5712,sqlite3BtreeFirst,function,1
sqlaser_sqlite354_r2,sqlite,2,sqlite_target_000481,memory,storage,btree.c,src/btree.c,btree.c,5719,5719,5736,sqlite3BtreeIsEmpty,function,1
sqlaser_sqlite354_r2,sqlite,2,sqlite_target_000482,memory,storage,btree.c,src/btree.c,btree.c,5777,5777,5788,sqlite3BtreeLast,function,0
sqlaser_sqlite354_r2,sqlite,2,sqlite_target_000483,memory,storage,btree.c,src/btree.c,btree.c,5813,5808,5818,,window,1
sqlaser_sqlite354_r2,sqlite,2,sqlite_target_000484,memory,storage,btree.c,src/btree.c,btree.c,5907,5879,5949,assert,function,1
sqlaser_sqlite354_r2,sqlite,2,sqlite_target_000485,memory,storage,btree.c,src/btree.c,btree.c,6044,6039,6049,,window,1
sqlaser_sqlite354_r2,sqlite,2,sqlite_target_000486,memory,storage,btree.c,src/btree.c,btree.c,6188,6160,6203,testcase,function,1
sqlaser_sqlite354_r2,sqlite,2,sqlite_target_000487,memory,storage,btree.c,src/btree.c,btree.c,6282,6282,6288,sqlite3BtreeNext,function,1
sqlaser_sqlite354_r2,sqlite,2,sqlite_target_000488,memory,storage,btree.c,src/btree.c,btree.c,6295,6295,6313,sqlite3BtreeRowCountEst,function,1
sqlaser_sqlite354_r2,sqlite,2,sqlite_target_000489,memory,storage,btree.c,src/btree.c,btree.c,6389,6389,6407,moveToLeftmost,function,1
sqlaser_sqlite354_r2,sqlite,2,sqlite_target_000490,memory,storage,btree.c,src/btree.c,btree.c,6481,6481,6495,sqlite3BtreePrevious,function,1
sqlaser_sqlite354_r2,sqlite,2,sqlite_target_000491,memory,storage,btree.c,src/btree.c,btree.c,858,858,863,sqlite3BtreeClearCursor,function,0
sqlaser_sqlite354_r2,sqlite,2,sqlite_target_000492,memory,storage,btree.c,src/btree.c,btree.c,9414,9409,9419,,window,1
sqlaser_sqlite354_r2,sqlite,2,sqlite_target_000493,memory,storage,btree.c,src/btree.c,btree.c,949,949,955,sqlite3BtreeCursorRestore,function,1
sqlaser_sqlite354_r2,sqlite,2,sqlite_target_000494,memory,storage,btree.c,src/btree.c,btree.c,9625,9620,9630,,window,1
sqlaser_sqlite354_r2,sqlite,2,sqlite_target_000495,memory,storage,btree.c,src/btree.c,btree.c,9649,9632,9651,BTREE_CLEAR_CELL,function,1
sqlaser_sqlite354_r2,sqlite,2,sqlite_target_000496,memory,storage,btree.c,src/btree.c,btree.c,9700,9685,9710,,function,1
sqlaser_sqlite354_r2,sqlite,2,sqlite_target_000497,memory,storage,btree.c,src/btree.c,btree.c,9704,9699,9709,,window,1
sqlaser_sqlite354_r2,sqlite,2,sqlite_target_000498,memory,storage,btree.c,src/btree.c,btree.c,9732,9732,9827,sqlite3BtreeInsert,function,1
sqlaser_sqlite354_r2,sqlite,2,sqlite_target_000499,memory,storage,btree.c,src/btree.c,btree.c,9753,9748,9758,,window,0
sqlaser_sqlite354_r2,sqlite,2,sqlite_target_000500,memory,storage,btree.c,src/btree.c,btree.c,9785,9781,9802,get4byte,function,0
sqlaser_sqlite354_r2,sqlite,2,sqlite_target_000501,memory,storage,btree.c,src/btree.c,btree.c,981,981,997,sqlite3BtreeCursorHasMoved,function,1
sqlaser_sqlite354_r2,sqlite,2,sqlite_target_000502,memory,storage,btree.c,src/btree.c,btree.c,9846,9846,10046,sqlite3BtreeDelete,function,1
sqlaser_sqlite354_r2,sqlite,2,sqlite_target_000503,memory,other,delete.c,src/delete.c,delete.c,288,283,293,,window,0
sqlaser_sqlite354_r2,sqlite,2,sqlite_target_000504,memory,other,expr.c,src/expr.c,expr.c,1004,999,1009,,window,1
sqlaser_sqlite354_r2,sqlite,2,sqlite_target_000505,memory,type_system,expr.c,src/expr.c,expr.c,107,107,165,sqlite3ExprDataType,function,1
sqlaser_sqlite354_r2,sqlite,2,sqlite_target_000506,memory,other,expr.c,src/expr.c,expr.c,1100,1100,1137,IN,function,1
sqlaser_sqlite354_r2,sqlite,2,sqlite_target_000507,memory,other,expr.c,src/expr.c,expr.c,1147,1147,1165,sqlite3ExprAnd,function,1
sqlaser_sqlite354_r2,sqlite,2,sqlite_target_000508,memory,other,expr.c,src/expr.c,expr.c,1171,1166,1176,,window,1
sqlaser_sqlite354_r2,sqlite,2,sqlite_target_000509,memory,other,expr.c,src/expr.c,expr.c,1205,1205,1209,sqlite3ExprOrderByAggregateError,function,0
sqlaser_sqlite354_r2,sqlite,2,sqlite_target_000510,memory,other,expr.c,src/expr.c,expr.c,1221,1216,1226,,window,0
sqlaser_sqlite354_r2,sqlite,2,sqlite_target_000511,memory,other,expr.c,src/expr.c,expr.c,1278,1273,1283,,window,1
sqlaser_sqlite354_r2,sqlite,2,sqlite_target_000512,memory,other,expr.c,src/expr.c,expr.c,1319,1319,1384,sqlite3ExprAssignVarNumber,function,1
sqlaser_sqlite354_r2,sqlite,2,sqlite_target_000513,memory,other,expr.c,src/expr.c,expr.c,1389,1389,1439,sqlite3ExprDeleteNN,function,1
sqlaser_sqlite354_r2,sqlite,2,sqlite_target_000514,memory,other,expr.c,src/expr.c,expr.c,1440,1440,1442,,function,1
sqlaser_sqlite354_r2,sqlite,2,sqlite_target_000515,memory,other,expr.c,src/expr.c,expr.c,1470,1470,1472,sqlite3ExprDeferredDelete,function,0
sqlaser_sqlite354_r2,sqlite,2,sqlite_target_000516,memory,other,expr.c,src/expr.c,expr.c,1477,1477,1484,sqlite3ExprUnmapAndDelete,function,1
sqlaser_sqlite354_r2,sqlite,2,sqlite_target_000517,memory,other,expr.c,src/expr.c,expr.c,175,170,180,,window,1
sqlaser_sqlite354_r2,sqlite,2,sqlite_target_000518,memory,other,expr.c,src/expr.c,expr.c,1829,1829,1832,sqlite3ExprDup,function,1
sqlaser_sqlite354_r2,sqlite,2,sqlite_target_000519,memory,other,expr.c,src/expr.c,expr.c,1833,1833,1874,sqlite3ExprDup,function,1
sqlaser_sqlite354_r2,sqlite,2,sqlite_target_000520,memory,other,expr.c,src/expr.c,expr.c,191,186,196,,window,1
sqlaser_sqlite354_r2,sqlite,2,sqlite_target_000521,memory,other,expr.c,src/expr.c,expr.c,2026,2021,2031,,window,1
sqlaser_sqlite354_r2,sqlite,2,sqlite_target_000522,memory,other,expr.c,src/expr.c,expr.c,2045,2040,2050,,window,1
sqlaser_sqlite354_r2,sqlite,2,sqlite_target_000523,memory,type_system,expr.c,src/expr.c,expr.c,205,205,211,sqlite3ExprSkipCollate,function,1
sqlaser_sqlite354_r2,sqlite,2,sqlite_target_000524,memory,other,expr.c,src/expr.c,expr.c,2066,2061,2071,,window,1
sqlaser_sqlite354_r2,sqlite,2,sqlite_target_000525,memory,other,expr.c,src/expr.c,expr.c,2095,2090,2100,,window,1
sqlaser_sqlite354_r2,sqlite,2,sqlite_target_000526,memory,other,expr.c,src/expr.c,expr.c,2157,2157,2185,sqlite3ExprListSetSortOrder,function,1
sqlaser_sqlite354_r2,sqlite,2,sqlite_target_000527,memory,type_system,expr.c,src/expr.c,expr.c,218,218,232,sqlite3ExprSkipCollateAndLikely,function,1
sqlaser_sqlite354_r2,sqlite,2,sqlite_target_000528,memory,other,expr.c,src/expr.c,expr.c,2195,2190,2200,,window,1
sqlaser_sqlite354_r2,sqlite,2,sqlite_target_000529,memory,other,expr.c,src/expr.c,expr.c,2230,2225,2235,,window,1
sqlaser_sqlite354_r2,sqlite,2,sqlite_target_000530,memory,other,expr.c,src/expr.c,expr.c,2252,2247,2257,,window,1
sqlaser_sqlite354_r2,sqlite,2,sqlite_target_000531,memory,other,expr.c,src/expr.c,expr.c,2280,2280,2282,,function,1
sqlaser_sqlite354_r2,sqlite,2,sqlite_target_000532,memory,other,expr.c,src/expr.c,expr.c,2291,2291,2301,sqlite3ExprListFlags,function,1
sqlaser_sqlite354_r2,sqlite,2,sqlite_target_000533,memory,other,expr.c,src/expr.c,expr.c,2336,2336,2347,sqlite3ExprIdToTrueFalse,function,1
sqlaser_sqlite354_r2,sqlite,2,sqlite_target_000534,memory,other,expr.c,src/expr.c,expr.c,2353,2353,2360,sqlite3ExprTruthValue,function,1
sqlaser_sqlite354_r2,sqlite,2,sqlite_target_000535,memory,other,expr.c,src/expr.c,expr.c,2375,2375,2387,,function,1
sqlaser_sqlite354_r2,sqlite,2,sqlite_target_000536,memory,other,expr.c,src/expr.c,expr.c,248,248,309,sqlite3ExprCollSeq,function,1
sqlaser_sqlite354_r2,sqlite,2,sqlite_target_000537,memory,other,expr.c,src/expr.c,expr.c,2647,2647,2649,sqlite3ExprIsConstant,function,0
sqlaser_sqlite354_r2,sqlite,2,sqlite_target_000538,memory,other,expr.c,src/expr.c,expr.c,2664,2664,2666,sqlite3ExprCodeRunJustOnce,function,0
sqlaser_sqlite354_r2,sqlite,2,sqlite_target_000539,memory,catalog_metadata,expr.c,src/expr.c,expr.c,2693,2693,2709,sqlite3ExprIsTableConstant,function,1
sqlaser_sqlite354_r2,sqlite,2,sqlite_target_000540,memory,other,expr.c,src/expr.c,expr.c,2755,2750,2760,,window,1
sqlaser_sqlite354_r2,sqlite,2,sqlite_target_000541,memory,other,expr.c,src/expr.c,expr.c,2836,2836,2845,sqlite3ExprIsConstantOrGroupBy,function,0
sqlaser_sqlite354_r2,sqlite,2,sqlite_target_000542,memory,other,expr.c,src/expr.c,expr.c,2868,2868,2871,string,function,1
sqlaser_sqlite354_r2,sqlite,2,sqlite_target_000543,memory,other,expr.c,src/expr.c,expr.c,2901,2901,2951,parameter,function,1
sqlaser_sqlite354_r2,sqlite,2,sqlite_target_000544,memory,other,expr.c,src/expr.c,expr.c,2967,2967,2996,negative,function,1
sqlaser_sqlite354_r2,sqlite,2,sqlite_target_000545,memory,other,expr.c,src/expr.c,expr.c,3008,3008,3039,sqlite3ExprNeedsNoAffinityChange,function,1
sqlaser_sqlite354_r2,sqlite,2,sqlite_target_000546,memory,other,expr.c,src/expr.c,expr.c,321,321,326,sqlite3ExprCollSeq,function,1
sqlaser_sqlite354_r2,sqlite,2,sqlite_target_000547,memory,other,expr.c,src/expr.c,expr.c,331,331,337,sqlite3ExprCollSeqMatch,function,1
sqlaser_sqlite354_r2,sqlite,2,sqlite_target_000548,memory,other,expr.c,src/expr.c,expr.c,3990,3990,4002,IN,function,1
sqlaser_sqlite354_r2,sqlite,2,sqlite_target_000549,memory,other,expr.c,src/expr.c,expr.c,4031,4026,4036,,window,1
sqlaser_sqlite354_r2,sqlite,2,sqlite_target_000550,memory,other,expr.c,src/expr.c,expr.c,4361,4356,4366,,window,1
sqlaser_sqlite354_r2,sqlite,2,sqlite_target_000551,memory,other,expr.c,src/expr.c,expr.c,4386,4381,4391,,window,1
sqlaser_sqlite354_r2,sqlite,2,sqlite_target_000552,memory,other,expr.c,src/expr.c,expr.c,4419,4414,4424,,window,1
sqlaser_sqlite354_r2,sqlite,2,sqlite_target_000553,memory,other,expr.c,src/expr.c,expr.c,4476,4471,4481,,window,1
sqlaser_sqlite354_r2,sqlite,2,sqlite_target_000554,memory,other,expr.c,src/expr.c,expr.c,45,45,95,t1,function,1
sqlaser_sqlite354_r2,sqlite,2,sqlite_target_000555,memory,other,expr.c,src/expr.c,expr.c,4500,4500,4502,sqlite3ExprCodeMove,function,0
sqlaser_sqlite354_r2,sqlite,2,sqlite_target_000556,memory,other,expr.c,src/expr.c,expr.c,4509,4509,4520,sqlite3ExprToRegister,function,1
sqlaser_sqlite354_r2,sqlite,2,sqlite_target_000557,memory,other,expr.c,src/expr.c,expr.c,454,454,460,sqlite3BinaryCompareCollSeq,function,1
sqlaser_sqlite354_r2,sqlite,2,sqlite_target_000558,memory,type_system,expr.c,src/expr.c,expr.c,4743,4743,4750,sqlite3ExprCanReturnSubtype,function,0
sqlaser_sqlite354_r2,sqlite,2,sqlite_target_000559,memory,other,expr.c,src/expr.c,expr.c,4943,4943,5771,sqlite3ExprCodeTarget,function,1
sqlaser_sqlite354_r2,sqlite,2,sqlite_target_000560,memory,other,expr.c,src/expr.c,expr.c,501,501,503,sqlite3ExprIsVector,function,0
sqlaser_sqlite354_r2,sqlite,2,sqlite_target_000561,memory,other,expr.c,src/expr.c,expr.c,511,511,523,sqlite3ExprVectorSize,function,1
sqlaser_sqlite354_r2,sqlite,2,sqlite_target_000562,memory,other,expr.c,src/expr.c,expr.c,576,571,581,,window,1
sqlaser_sqlite354_r2,sqlite,2,sqlite_target_000563,memory,other,expr.c,src/expr.c,expr.c,5790,5785,5795,,window,0
sqlaser_sqlite354_r2,sqlite,2,sqlite_target_000564,memory,other,expr.c,src/expr.c,expr.c,5841,5836,5846,,window,1
sqlaser_sqlite354_r2,sqlite,2,sqlite_target_000565,memory,other,expr.c,src/expr.c,expr.c,5869,5869,5890,sqlite3ExprCodeTemp,function,1
sqlaser_sqlite354_r2,sqlite,2,sqlite_target_000566,memory,other,expr.c,src/expr.c,expr.c,5897,5897,5918,sqlite3ExprCode,function,1
sqlaser_sqlite354_r2,sqlite,2,sqlite_target_000567,memory,other,expr.c,src/expr.c,expr.c,5925,5925,5930,sqlite3ExprCodeCopy,function,0
sqlaser_sqlite354_r2,sqlite,2,sqlite_target_000568,memory,other,expr.c,src/expr.c,expr.c,5938,5938,5944,sqlite3ExprCodeFactorable,function,0
sqlaser_sqlite354_r2,sqlite,2,sqlite_target_000569,memory,other,expr.c,src/expr.c,expr.c,5966,5961,5971,,window,0
sqlaser_sqlite354_r2,sqlite,2,sqlite_target_000570,memory,other,expr.c,src/expr.c,expr.c,6113,6113,6268,values,function,1
sqlaser_sqlite354_r2,sqlite,2,sqlite_target_000571,memory,other,expr.c,src/expr.c,expr.c,6279,6279,6468,NULL,function,1
sqlaser_sqlite354_r2,sqlite,2,sqlite_target_000572,memory,other,expr.c,src/expr.c,expr.c,6475,6475,6482,sqlite3ExprIfFalseDup,function,1
sqlaser_sqlite354_r2,sqlite,2,sqlite_target_000573,memory,other,expr.c,src/expr.c,expr.c,6557,6552,6562,,window,0
sqlaser_sqlite354_r2,sqlite,2,sqlite_target_000574,memory,other,expr.c,src/expr.c,expr.c,6659,6659,6672,sqlite3ExprListCompare,function,1
sqlaser_sqlite354_r2,sqlite,2,sqlite_target_000575,memory,other,expr.c,src/expr.c,expr.c,6678,6678,6683,sqlite3ExprCompareSkip,function,1
sqlaser_sqlite354_r2,sqlite,2,sqlite_target_000576,memory,other,expr.c,src/expr.c,expr.c,6767,6767,6774,sqlite3ExprIsNotTrue,function,1
sqlaser_sqlite354_r2,sqlite,2,sqlite_target_000577,memory,other,expr.c,src/expr.c,expr.c,6786,6786,6811,iif,function,1
sqlaser_sqlite354_r2,sqlite,2,sqlite_target_000578,memory,other,expr.c,src/expr.c,expr.c,6840,6835,6845,,window,0
sqlaser_sqlite354_r2,sqlite,2,sqlite_target_000579,memory,other,expr.c,src/expr.c,expr.c,7024,7024,7044,sqlite3ExprImpliesNonNullRow,function,1
sqlaser_sqlite354_r2,sqlite,2,sqlite_target_000580,memory,other,expr.c,src/expr.c,expr.c,7084,7079,7089,,window,0
sqlaser_sqlite354_r2,sqlite,2,sqlite_target_000581,memory,other,expr.c,src/expr.c,expr.c,7562,7562,7572,sqlite3ResolveExprNames,function,1
sqlaser_sqlite354_r2,sqlite,2,sqlite_target_000582,memory,other,expr.c,src/expr.c,expr.c,7580,7580,7588,sqlite3ExprAnalyzeAggregates,function,1
sqlaser_sqlite354_r2,sqlite,2,sqlite_target_000583,memory,other,expr.c,src/expr.c,expr.c,794,794,804,sqlite3ExprCheckHeight,function,1
sqlaser_sqlite354_r2,sqlite,2,sqlite_target_000584,memory,other,expr.c,src/expr.c,expr.c,874,874,878,sqlite3ExprSetHeightAndFlags,function,1
sqlaser_sqlite354_r2,sqlite,2,sqlite_target_000585,memory,other,expr.c,src/expr.c,expr.c,906,906,910,sqlite3ExprSetErrorOffset,function,1
sqlaser_sqlite354_r2,sqlite,2,sqlite_target_000586,memory,other,expr.c,src/expr.c,expr.c,933,928,938,,window,1
sqlaser_sqlite354_r2,sqlite,2,sqlite_target_000587,memory,other,expr.c,src/expr.c,expr.c,983,983,996,sqlite3ExprInt32,function,1
sqlaser_sqlite354_r2,sqlite,2,sqlite_target_000588,memory,other,insert.c,src/insert.c,insert.c,1718,1713,1723,,window,1
sqlaser_sqlite354_r2,sqlite,2,sqlite_target_000589,memory,other,insert.c,src/insert.c,insert.c,894,889,899,,window,0
sqlaser_sqlite354_r2,sqlite,2,sqlite_target_000590,memory,other,legacy.c,src/legacy.c,legacy.c,75,70,80,,window,1
sqlaser_sqlite354_r2,sqlite,2,sqlite_target_000591,memory,other,resolve.c,src/resolve.c,resolve.c,179,179,200,sqlite3ExprColUsed,function,1
sqlaser_sqlite354_r2,sqlite,2,sqlite_target_000592,memory,other,select.c,src/select.c,select.c,7578,7573,7583,,window,0
sqlaser_sqlite354_r2,sqlite,2,sqlite_target_000593,memory,type_system,update.c,src/update.c,update.c,285,280,290,,window,0
sqlaser_sqlite354_r2,sqlite,2,sqlite_target_000594,memory,other,utf.c,src/utf.c,utf.c,316,311,321,,window,1
sqlaser_sqlite354_r2,sqlite,2,sqlite_target_000595,memory,other,utf.c,src/utf.c,utf.c,457,437,465,allocation,function,0
sqlaser_sqlite354_r2,sqlite,2,sqlite_target_000596,memory,other,util.c,src/util.c,util.c,1820,1801,1828,sqlite3GetVarint32,function,1
sqlaser_sqlite354_r2,sqlite,2,sqlite_target_000597,memory,executor,vdbe.c,src/vdbe.c,vdbe.c,1456,1449,1479,,function,1
sqlaser_sqlite354_r2,sqlite,2,sqlite_target_000598,memory,executor,vdbe.c,src/vdbe.c,vdbe.c,1598,1593,1603,,window,1
sqlaser_sqlite354_r2,sqlite,2,sqlite_target_000599,memory,executor,vdbe.c,src/vdbe.c,vdbe.c,1620,1610,1625,,function,1
sqlaser_sqlite354_r2,sqlite,2,sqlite_target_000600,memory,executor,vdbe.c,src/vdbe.c,vdbe.c,1866,1826,1886,memcpy,function,1
sqlaser_sqlite354_r2,sqlite,2,sqlite_target_000601,memory,executor,vdbe.c,src/vdbe.c,vdbe.c,2101,2096,2106,,window,0
sqlaser_sqlite354_r2,sqlite,2,sqlite_target_000602,memory,executor,vdbe.c,src/vdbe.c,vdbe.c,2109,2104,2114,,window,0
sqlaser_sqlite354_r2,sqlite,2,sqlite_target_000603,memory,executor,vdbe.c,src/vdbe.c,vdbe.c,2419,2414,2424,,window,1
sqlaser_sqlite354_r2,sqlite,2,sqlite_target_000604,memory,executor,vdbe.c,src/vdbe.c,vdbe.c,2572,2563,2583,assert,function,1
sqlaser_sqlite354_r2,sqlite,2,sqlite_target_000605,memory,executor,vdbe.c,src/vdbe.c,vdbe.c,3077,3072,3082,,window,1
sqlaser_sqlite354_r2,sqlite,2,sqlite_target_000606,memory,executor,vdbe.c,src/vdbe.c,vdbe.c,3078,3073,3083,,window,1
sqlaser_sqlite354_r2,sqlite,2,sqlite_target_000607,memory,executor,vdbe.c,src/vdbe.c,vdbe.c,3086,3081,3091,,window,1
sqlaser_sqlite354_r2,sqlite,2,sqlite_target_000608,memory,executor,vdbe.c,src/vdbe.c,vdbe.c,3145,3140,3150,,window,1
sqlaser_sqlite354_r2,sqlite,2,sqlite_target_000609,memory,executor,vdbe.c,src/vdbe.c,vdbe.c,3146,3141,3151,,window,1
sqlaser_sqlite354_r2,sqlite,2,sqlite_target_000610,memory,executor,vdbe.c,src/vdbe.c,vdbe.c,3165,3160,3170,,window,1
sqlaser_sqlite354_r2,sqlite,2,sqlite_target_000611,memory,executor,vdbe.c,src/vdbe.c,vdbe.c,3232,3227,3237,,window,1
sqlaser_sqlite354_r2,sqlite,2,sqlite_target_000612,memory,executor,vdbe.c,src/vdbe.c,vdbe.c,3244,3239,3249,,window,1
sqlaser_sqlite354_r2,sqlite,2,sqlite_target_000613,memory,executor,vdbe.c,src/vdbe.c,vdbe.c,3248,3243,3253,,window,1
sqlaser_sqlite354_r2,sqlite,2,sqlite_target_000614,memory,executor,vdbe.c,src/vdbe.c,vdbe.c,3278,3264,3287,,function,1
sqlaser_sqlite354_r2,sqlite,2,sqlite_target_000615,memory,executor,vdbe.c,src/vdbe.c,vdbe.c,3771,3766,3776,,window,1
sqlaser_sqlite354_r2,sqlite,2,sqlite_target_000616,memory,executor,vdbe.c,src/vdbe.c,vdbe.c,3799,3794,3804,,window,1
sqlaser_sqlite354_r2,sqlite,2,sqlite_target_000617,memory,executor,vdbe.c,src/vdbe.c,vdbe.c,3807,3802,3812,,window,1
sqlaser_sqlite354_r2,sqlite,2,sqlite_target_000618,memory,executor,vdbe.c,src/vdbe.c,vdbe.c,3902,3897,3907,,window,1
sqlaser_sqlite354_r2,sqlite,2,sqlite_target_000619,memory,executor,vdbe.c,src/vdbe.c,vdbe.c,3905,3900,3910,,window,1
sqlaser_sqlite354_r2,sqlite,2,sqlite_target_000620,memory,executor,vdbe.c,src/vdbe.c,vdbe.c,436,436,449,sqlite3_value_numeric_type,function,1
sqlaser_sqlite354_r2,sqlite,2,sqlite_target_000621,memory,executor,vdbe.c,src/vdbe.c,vdbe.c,6166,6139,6177,,function,1
sqlaser_sqlite354_r2,sqlite,2,sqlite_target_000622,memory,executor,vdbe.c,src/vdbe.c,vdbe.c,6919,6911,6931,,function,1
sqlaser_sqlite354_r2,sqlite,2,sqlite_target_000623,memory,executor,vdbe.c,src/vdbe.c,vdbe.c,720,715,725,,window,0
sqlaser_sqlite354_r2,sqlite,2,sqlite_target_000624,memory,executor,vdbe.c,src/vdbe.c,vdbe.c,7350,7345,7355,,window,1
sqlaser_sqlite354_r2,sqlite,2,sqlite_target_000625,memory,executor,vdbe.c,src/vdbe.c,vdbe.c,7395,7381,7407,,function,1
sqlaser_sqlite354_r2,sqlite,2,sqlite_target_000626,memory,executor,vdbe.c,src/vdbe.c,vdbe.c,7584,7571,7621,,function,1
sqlaser_sqlite354_r2,sqlite,2,sqlite_target_000627,memory,executor,vdbe.c,src/vdbe.c,vdbe.c,7638,7633,7643,,window,1
sqlaser_sqlite354_r2,sqlite,2,sqlite_target_000628,memory,executor,vdbe.c,src/vdbe.c,vdbe.c,7913,7894,7936,,function,1
sqlaser_sqlite354_r2,sqlite,2,sqlite_target_000629,memory,executor,vdbe.c,src/vdbe.c,vdbe.c,806,801,811,,window,0
sqlaser_sqlite354_r2,sqlite,2,sqlite_target_000630,memory,executor,vdbe.c,src/vdbe.c,vdbe.c,835,830,840,,window,1
sqlaser_sqlite354_r2,sqlite,2,sqlite_target_000631,memory,executor,vdbe.c,src/vdbe.c,vdbe.c,8370,8366,8386,,function,1
sqlaser_sqlite354_r2,sqlite,2,sqlite_target_000632,memory,executor,vdbe.c,src/vdbe.c,vdbe.c,8495,8465,8498,,function,1
sqlaser_sqlite354_r2,sqlite,2,sqlite_target_000633,memory,executor,vdbe.c,src/vdbe.c,vdbe.c,8630,8625,8635,,window,1
sqlaser_sqlite354_r2,sqlite,2,sqlite_target_000634,memory,executor,vdbe.c,src/vdbe.c,vdbe.c,866,866,875,vdbeMemTypeName,function,1
sqlaser_sqlite354_r2,sqlite,2,sqlite_target_000635,memory,executor,vdbe.c,src/vdbe.c,vdbe.c,881,876,886,,window,1
sqlaser_sqlite354_r2,sqlite,2,sqlite_target_000636,memory,executor,vdbeapi.c,src/vdbeapi.c,vdbeapi.c,1654,1654,1691,assert,function,1
sqlaser_sqlite354_r2,sqlite,2,sqlite_target_000637,memory,executor,vdbeapi.c,src/vdbeapi.c,vdbeapi.c,1953,1953,1956,sqlite3VdbeParameterIndex,function,0
sqlaser_sqlite354_r2,sqlite,2,sqlite_target_000638,memory,executor,vdbeapi.c,src/vdbeapi.c,vdbeapi.c,40,40,47,vdbeSafety,function,1
sqlaser_sqlite354_r2,sqlite,2,sqlite_target_000639,memory,executor,vdbeapi.c,src/vdbeapi.c,vdbeapi.c,48,48,55,vdbeSafetyNotNull,function,1
sqlaser_sqlite354_r2,sqlite,2,sqlite_target_000640,memory,executor,vdbeapi.c,src/vdbeapi.c,vdbeapi.c,913,913,960,sqlite3_step,function,1
sqlaser_sqlite354_r2,sqlite,2,sqlite_target_000641,memory,executor,vdbeaux.c,src/vdbeaux.c,vdbeaux.c,1075,1075,1078,sqlite3VdbeCurrentAddr,function,0
sqlaser_sqlite354_r2,sqlite,2,sqlite_target_000642,memory,executor,vdbeaux.c,src/vdbeaux.c,vdbeaux.c,1132,1132,1143,sqlite3VdbeTakeOpArray,function,1
sqlaser_sqlite354_r2,sqlite,2,sqlite_target_000643,memory,executor,vdbeaux.c,src/vdbeaux.c,vdbeaux.c,1152,1147,1157,,window,1
sqlaser_sqlite354_r2,sqlite,2,sqlite_target_000644,memory,executor,vdbeaux.c,src/vdbeaux.c,vdbeaux.c,127,127,152,sqlite3VdbeSwap,function,1
sqlaser_sqlite354_r2,sqlite,2,sqlite_target_000645,memory,executor,vdbeaux.c,src/vdbeaux.c,vdbeaux.c,1291,1291,1294,sqlite3VdbeChangeOpcode,function,1
sqlaser_sqlite354_r2,sqlite,2,sqlite_target_000646,memory,executor,vdbeaux.c,src/vdbeaux.c,vdbeaux.c,1295,1295,1298,sqlite3VdbeChangeOpcode,function,1
sqlaser_sqlite354_r2,sqlite,2,sqlite_target_000647,memory,executor,vdbeaux.c,src/vdbeaux.c,vdbeaux.c,1299,1299,1302,sqlite3VdbeChangeP1,function,1
sqlaser_sqlite354_r2,sqlite,2,sqlite_target_000648,memory,executor,vdbeaux.c,src/vdbeaux.c,vdbeaux.c,1303,1303,1306,sqlite3VdbeChangeP2,function,0
sqlaser_sqlite354_r2,sqlite,2,sqlite_target_000649,memory,executor,vdbeaux.c,src/vdbeaux.c,vdbeaux.c,1307,1307,1310,sqlite3VdbeChangeP3,function,1
sqlaser_sqlite354_r2,sqlite,2,sqlite_target_000650,memory,executor,vdbeaux.c,src/vdbeaux.c,vdbeaux.c,1317,1317,1325,sqlite3VdbeTypeofColumn,function,1
sqlaser_sqlite354_r2,sqlite,2,sqlite_target_000651,memory,executor,vdbeaux.c,src/vdbeaux.c,vdbeaux.c,1331,1331,1333,sqlite3VdbeJumpHere,function,0
sqlaser_sqlite354_r2,sqlite,2,sqlite_target_000652,memory,executor,vdbeaux.c,src/vdbeaux.c,vdbeaux.c,1348,1348,1361,sqlite3VdbeJumpHereOrPopInst,function,1
sqlaser_sqlite354_r2,sqlite,2,sqlite_target_000653,memory,executor,vdbeaux.c,src/vdbeaux.c,vdbeaux.c,1378,1378,1381,freeP4Mem,function,1
sqlaser_sqlite354_r2,sqlite,2,sqlite_target_000654,memory,executor,vdbeaux.c,src/vdbeaux.c,vdbeaux.c,1445,1445,1460,vdbeFreeOpArray,function,1
sqlaser_sqlite354_r2,sqlite,2,sqlite_target_000655,memory,parser,vdbeaux.c,src/vdbeaux.c,vdbeaux.c,1467,1467,1470,sqlite3VdbeLinkSubProgram,function,0
sqlaser_sqlite354_r2,sqlite,2,sqlite_target_000656,memory,parser,vdbeaux.c,src/vdbeaux.c,vdbeaux.c,1475,1475,1477,sqlite3VdbeHasSubProgram,function,1
sqlaser_sqlite354_r2,sqlite,2,sqlite_target_000657,memory,executor,vdbeaux.c,src/vdbeaux.c,vdbeaux.c,1482,1482,1492,sqlite3VdbeChangeToNoop,function,1
sqlaser_sqlite354_r2,sqlite,2,sqlite_target_000658,memory,executor,vdbeaux.c,src/vdbeaux.c,vdbeaux.c,1498,1498,1504,sqlite3VdbeDeletePriorOpcode,function,0
sqlaser_sqlite354_r2,sqlite,2,sqlite_target_000659,memory,executor,vdbeaux.c,src/vdbeaux.c,vdbeaux.c,1557,1552,1562,,window,1
sqlaser_sqlite354_r2,sqlite,2,sqlite_target_000660,memory,executor,vdbeaux.c,src/vdbeaux.c,vdbeaux.c,1576,1576,1608,,function,1
sqlaser_sqlite354_r2,sqlite,2,sqlite_target_000661,memory,executor,vdbeaux.c,src/vdbeaux.c,vdbeaux.c,1619,1619,1633,sqlite3VdbeChangeP4,function,1
sqlaser_sqlite354_r2,sqlite,2,sqlite_target_000662,memory,executor,vdbeaux.c,src/vdbeaux.c,vdbeaux.c,1639,1639,1646,sqlite3VdbeSetP4KeyInfo,function,1
sqlaser_sqlite354_r2,sqlite,2,sqlite_target_000663,memory,executor,vdbeaux.c,src/vdbeaux.c,vdbeaux.c,1705,1705,1716,sqlite3VdbeGetOp,function,1
sqlaser_sqlite354_r2,sqlite,2,sqlite_target_000664,memory,executor,vdbeaux.c,src/vdbeaux.c,vdbeaux.c,1720,1720,1722,sqlite3VdbeGetLastOp,function,0
sqlaser_sqlite354_r2,sqlite,2,sqlite_target_000665,memory,executor,vdbeaux.c,src/vdbeaux.c,vdbeaux.c,1914,1914,2033,sqlite3VdbeDisplayP4,function,0
sqlaser_sqlite354_r2,sqlite,2,sqlite_target_000666,memory,executor,vdbeaux.c,src/vdbeaux.c,vdbeaux.c,2044,2044,2051,sqlite3VdbeUsesBtree,function,0
sqlaser_sqlite354_r2,sqlite,2,sqlite_target_000667,memory,executor,vdbeaux.c,src/vdbeaux.c,vdbeaux.c,2075,2075,2089,sqlite3VdbeEnter,function,1
sqlaser_sqlite354_r2,sqlite,2,sqlite_target_000668,memory,executor,vdbeaux.c,src/vdbeaux.c,vdbeaux.c,2096,2096,2109,,function,1
sqlaser_sqlite354_r2,sqlite,2,sqlite_target_000669,memory,executor,vdbeaux.c,src/vdbeaux.c,vdbeaux.c,2110,2110,2113,,function,0
sqlaser_sqlite354_r2,sqlite,2,sqlite_target_000670,memory,executor,vdbeaux.c,src/vdbeaux.c,vdbeaux.c,2164,2164,2178,initMemArray,function,1
sqlaser_sqlite354_r2,sqlite,2,sqlite_target_000671,memory,executor,vdbeaux.c,src/vdbeaux.c,vdbeaux.c,2188,2188,2233,releaseMemArray,function,1
sqlaser_sqlite354_r2,sqlite,2,sqlite_target_000672,memory,executor,vdbeaux.c,src/vdbeaux.c,vdbeaux.c,2256,2256,2261,sqlite3VdbeFrameMemDel,function,0
sqlaser_sqlite354_r2,sqlite,2,sqlite_target_000673,memory,executor,vdbeaux.c,src/vdbeaux.c,vdbeaux.c,2271,2266,2276,,window,0
sqlaser_sqlite354_r2,sqlite,2,sqlite_target_000674,memory,executor,vdbeaux.c,src/vdbeaux.c,vdbeaux.c,2383,2383,2394,sqlite3VdbeFrameDelete,function,0
sqlaser_sqlite354_r2,sqlite,2,sqlite_target_000675,memory,executor,vdbeaux.c,src/vdbeaux.c,vdbeaux.c,2415,2410,2420,,window,0
sqlaser_sqlite354_r2,sqlite,2,sqlite_target_000676,memory,executor,vdbeaux.c,src/vdbeaux.c,vdbeaux.c,25,25,47,vdbeFreeOpArray,function,1
sqlaser_sqlite354_r2,sqlite,2,sqlite_target_000677,memory,executor,vdbeaux.c,src/vdbeaux.c,vdbeaux.c,2602,2602,2636,sqlite3VdbeRewind,function,1
sqlaser_sqlite354_r2,sqlite,2,sqlite_target_000678,memory,executor,vdbeaux.c,src/vdbeaux.c,vdbeaux.c,263,263,265,sqlite3VdbeAddOp0,function,1
sqlaser_sqlite354_r2,sqlite,2,sqlite_target_000679,memory,executor,vdbeaux.c,src/vdbeaux.c,vdbeaux.c,2656,2651,2661,,window,1
sqlaser_sqlite354_r2,sqlite,2,sqlite_target_000680,memory,executor,vdbeaux.c,src/vdbeaux.c,vdbeaux.c,266,266,268,sqlite3VdbeAddOp0,function,1
sqlaser_sqlite354_r2,sqlite,2,sqlite_target_000681,memory,executor,vdbeaux.c,src/vdbeaux.c,vdbeaux.c,269,269,271,sqlite3VdbeAddOp3,function,1
sqlaser_sqlite354_r2,sqlite,2,sqlite_target_000682,memory,executor,vdbeaux.c,src/vdbeaux.c,vdbeaux.c,272,272,316,sqlite3VdbeAddOp3,function,1
sqlaser_sqlite354_r2,sqlite,2,sqlite_target_000683,memory,executor,vdbeaux.c,src/vdbeaux.c,vdbeaux.c,2759,2759,2761,sqlite3VdbeFreeCursor,function,1
sqlaser_sqlite354_r2,sqlite,2,sqlite_target_000684,memory,executor,vdbeaux.c,src/vdbeaux.c,vdbeaux.c,2762,2762,2773,sqlite3VdbeFreeCursor,function,1
sqlaser_sqlite354_r2,sqlite,2,sqlite_target_000685,memory,executor,vdbeaux.c,src/vdbeaux.c,vdbeaux.c,2774,2774,2800,sqlite3DbFree,function,1
sqlaser_sqlite354_r2,sqlite,2,sqlite_target_000686,memory,executor,vdbeaux.c,src/vdbeaux.c,vdbeaux.c,2805,2805,2814,closeCursorsInFrame,function,1
sqlaser_sqlite354_r2,sqlite,2,sqlite_target_000687,memory,executor,vdbeaux.c,src/vdbeaux.c,vdbeaux.c,2821,2821,2837,sqlite3VdbeFrameRestore,function,0
sqlaser_sqlite354_r2,sqlite,2,sqlite_target_000688,memory,executor,vdbeaux.c,src/vdbeaux.c,vdbeaux.c,2847,2847,2867,closeAllCursors,function,1
sqlaser_sqlite354_r2,sqlite,2,sqlite_target_000689,memory,executor,vdbeaux.c,src/vdbeaux.c,vdbeaux.c,2875,2875,2888,sqlite3_column_count,function,1
sqlaser_sqlite354_r2,sqlite,2,sqlite_target_000690,memory,executor,vdbeaux.c,src/vdbeaux.c,vdbeaux.c,2900,2895,2905,,window,1
sqlaser_sqlite354_r2,sqlite,2,sqlite_target_000691,memory,executor,vdbeaux.c,src/vdbeaux.c,vdbeaux.c,2928,2928,3184,vdbeCommit,function,1
sqlaser_sqlite354_r2,sqlite,2,sqlite_target_000692,memory,executor,vdbeaux.c,src/vdbeaux.c,vdbeaux.c,317,312,322,,window,1
sqlaser_sqlite354_r2,sqlite,2,sqlite_target_000693,memory,executor,vdbeaux.c,src/vdbeaux.c,vdbeaux.c,3228,3228,3273,vdbeCloseStatement,function,1
sqlaser_sqlite354_r2,sqlite,2,sqlite_target_000694,memory,executor,vdbeaux.c,src/vdbeaux.c,vdbeaux.c,3274,3274,3279,sqlite3VdbeCloseStatement,function,0
sqlaser_sqlite354_r2,sqlite,2,sqlite_target_000695,memory,executor,vdbeaux.c,src/vdbeaux.c,vdbeaux.c,3293,3293,3299,vdbeFkError,function,1
sqlaser_sqlite354_r2,sqlite,2,sqlite_target_000696,memory,executor,vdbeaux.c,src/vdbeaux.c,vdbeaux.c,3300,3300,3303,sqlite3VdbeError,function,0
sqlaser_sqlite354_r2,sqlite,2,sqlite_target_000697,memory,executor,vdbeaux.c,src/vdbeaux.c,vdbeaux.c,3304,3304,3308,sqlite3VdbeCheckFkImmediate,function,0
sqlaser_sqlite354_r2,sqlite,2,sqlite_target_000698,memory,executor,vdbeaux.c,src/vdbeaux.c,vdbeaux.c,3324,3324,3526,sqlite3VdbeHalt,function,1
sqlaser_sqlite354_r2,sqlite,2,sqlite_target_000699,memory,executor,vdbeaux.c,src/vdbeaux.c,vdbeaux.c,3533,3533,3535,sqlite3VdbeResetStepResult,function,0
sqlaser_sqlite354_r2,sqlite,2,sqlite_target_000700,memory,executor,vdbeaux.c,src/vdbeaux.c,vdbeaux.c,3545,3545,3561,sqlite3_errcode,function,1
sqlaser_sqlite354_r2,sqlite,2,sqlite_target_000701,memory,executor,vdbeaux.c,src/vdbeaux.c,vdbeaux.c,3595,3595,3680,sqlite3VdbeReset,function,1
sqlaser_sqlite354_r2,sqlite,2,sqlite_target_000702,memory,executor,vdbeaux.c,src/vdbeaux.c,vdbeaux.c,3686,3686,3697,sqlite3VdbeFinalize,function,1
sqlaser_sqlite354_r2,sqlite,2,sqlite_target_000703,memory,executor,vdbeaux.c,src/vdbeaux.c,vdbeaux.c,369,369,371,sqlite3VdbeGoto,function,1
sqlaser_sqlite354_r2,sqlite,2,sqlite_target_000704,memory,executor,vdbeaux.c,src/vdbeaux.c,vdbeaux.c,3743,3743,3782,sqlite3VdbeDelete,function,1
sqlaser_sqlite354_r2,sqlite,2,sqlite_target_000705,memory,executor,vdbeaux.c,src/vdbeaux.c,vdbeaux.c,376,376,378,sqlite3VdbeLoadString,function,1
sqlaser_sqlite354_r2,sqlite,2,sqlite_target_000706,memory,executor,vdbeaux.c,src/vdbeaux.c,vdbeaux.c,3787,3787,3803,sqlite3VdbeDelete,function,1
sqlaser_sqlite354_r2,sqlite,2,sqlite_target_000707,memory,executor,vdbeaux.c,src/vdbeaux.c,vdbeaux.c,3810,3810,3827,sqlite3VdbeFinishMoveto,function,1
sqlaser_sqlite354_r2,sqlite,2,sqlite_target_000708,memory,executor,vdbeaux.c,src/vdbeaux.c,vdbeaux.c,3836,3836,3845,sqlite3VdbeHandleMovedCursor,function,1
sqlaser_sqlite354_r2,sqlite,2,sqlite_target_000709,memory,executor,vdbeaux.c,src/vdbeaux.c,vdbeaux.c,3851,3851,3857,sqlite3VdbeCursorRestore,function,0
sqlaser_sqlite354_r2,sqlite,2,sqlite_target_000710,memory,executor,vdbeaux.c,src/vdbeaux.c,vdbeaux.c,391,391,409,sqlite3VdbeMultiLoad,function,1
sqlaser_sqlite354_r2,sqlite,2,sqlite_target_000711,memory,executor,vdbeaux.c,src/vdbeaux.c,vdbeaux.c,3997,3997,4005,sqlite3VdbeSerialTypeLen,function,1
sqlaser_sqlite354_r2,sqlite,2,sqlite_target_000712,memory,executor,vdbeaux.c,src/vdbeaux.c,vdbeaux.c,4006,4006,4009,assert,function,0
sqlaser_sqlite354_r2,sqlite,2,sqlite_target_000713,memory,executor,vdbeaux.c,src/vdbeaux.c,vdbeaux.c,4132,4127,4137,,window,1
sqlaser_sqlite354_r2,sqlite,2,sqlite_target_000714,memory,executor,vdbeaux.c,src/vdbeaux.c,vdbeaux.c,414,409,419,,window,0
sqlaser_sqlite354_r2,sqlite,2,sqlite_target_000715,memory,executor,vdbeaux.c,src/vdbeaux.c,vdbeaux.c,4231,4226,4236,,window,1
sqlaser_sqlite354_r2,sqlite,2,sqlite_target_000716,memory,executor,vdbeaux.c,src/vdbeaux.c,vdbeaux.c,4251,4246,4256,,window,1
sqlaser_sqlite354_r2,sqlite,2,sqlite_target_000717,memory,executor,vdbeaux.c,src/vdbeaux.c,vdbeaux.c,438,433,443,,window,0
sqlaser_sqlite354_r2,sqlite,2,sqlite_target_000718,memory,executor,vdbeaux.c,src/vdbeaux.c,vdbeaux.c,4459,4454,4464,,window,1
sqlaser_sqlite354_r2,sqlite,2,sqlite_target_000719,memory,executor,vdbeaux.c,src/vdbeaux.c,vdbeaux.c,4485,4480,4490,,window,1
sqlaser_sqlite354_r2,sqlite,2,sqlite_target_000720,memory,executor,vdbeaux.c,src/vdbeaux.c,vdbeaux.c,4588,4588,4677,memcmp,function,1
sqlaser_sqlite354_r2,sqlite,2,sqlite_target_000721,memory,executor,vdbeaux.c,src/vdbeaux.c,vdbeaux.c,4687,4687,4719,vdbeRecordDecodeInt,function,1
sqlaser_sqlite354_r2,sqlite,2,sqlite_target_000722,memory,executor,vdbeaux.c,src/vdbeaux.c,vdbeaux.c,474,469,479,,window,0
sqlaser_sqlite354_r2,sqlite,2,sqlite_target_000723,memory,executor,vdbeaux.c,src/vdbeaux.c,vdbeaux.c,4742,4737,4747,,window,1
sqlaser_sqlite354_r2,sqlite,2,sqlite_target_000724,memory,executor,vdbeaux.c,src/vdbeaux.c,vdbeaux.c,4765,4760,4770,,window,1
sqlaser_sqlite354_r2,sqlite,2,sqlite_target_000725,memory,executor,vdbeaux.c,src/vdbeaux.c,vdbeaux.c,4775,4770,4780,,window,1
sqlaser_sqlite354_r2,sqlite,2,sqlite_target_000726,memory,executor,vdbeaux.c,src/vdbeaux.c,vdbeaux.c,4808,4803,4813,,window,1
sqlaser_sqlite354_r2,sqlite,2,sqlite_target_000727,memory,executor,vdbeaux.c,src/vdbeaux.c,vdbeaux.c,4841,4836,4846,,window,1
sqlaser_sqlite354_r2,sqlite,2,sqlite_target_000728,memory,executor,vdbeaux.c,src/vdbeaux.c,vdbeaux.c,4849,4844,4854,,window,1
sqlaser_sqlite354_r2,sqlite,2,sqlite_target_000729,memory,executor,vdbeaux.c,src/vdbeaux.c,vdbeaux.c,4883,4878,4888,,window,1
sqlaser_sqlite354_r2,sqlite,2,sqlite_target_000730,memory,executor,vdbeaux.c,src/vdbeaux.c,vdbeaux.c,493,493,498,sqlite3VdbeExplainParent,function,1
sqlaser_sqlite354_r2,sqlite,2,sqlite_target_000731,memory,executor,vdbeaux.c,src/vdbeaux.c,vdbeaux.c,4963,4958,4968,,window,0
sqlaser_sqlite354_r2,sqlite,2,sqlite_target_000732,memory,executor,vdbeaux.c,src/vdbeaux.c,vdbeaux.c,4967,4966,4968,sqlite3VdbeRecordCompare,function,0
sqlaser_sqlite354_r2,sqlite,2,sqlite_target_000733,memory,executor,vdbeaux.c,src/vdbeaux.c,vdbeaux.c,4980,4975,4985,,window,1
sqlaser_sqlite354_r2,sqlite,2,sqlite_target_000734,memory,executor,vdbeaux.c,src/vdbeaux.c,vdbeaux.c,5075,5070,5080,,window,1
sqlaser_sqlite354_r2,sqlite,2,sqlite_target_000735,memory,executor,vdbeaux.c,src/vdbeaux.c,vdbeaux.c,5145,5145,5190,sqlite3VdbeFindCompare,function,1
sqlaser_sqlite354_r2,sqlite,2,sqlite_target_000736,memory,executor,vdbeaux.c,src/vdbeaux.c,vdbeaux.c,517,517,543,sqlite3VdbeExplainPop,function,1
sqlaser_sqlite354_r2,sqlite,2,sqlite_target_000737,memory,parser,vdbeaux.c,src/vdbeaux.c,vdbeaux.c,52,52,54,sqlite3VdbeParser,function,1
sqlaser_sqlite354_r2,sqlite,2,sqlite_target_000738,memory,executor,vdbeaux.c,src/vdbeaux.c,vdbeaux.c,5200,5200,5266,sqlite3VdbeIdxRowid,function,1
sqlaser_sqlite354_r2,sqlite,2,sqlite_target_000739,memory,executor,vdbeaux.c,src/vdbeaux.c,vdbeaux.c,5236,5231,5241,,window,1
sqlaser_sqlite354_r2,sqlite,2,sqlite_target_000740,memory,executor,vdbeaux.c,src/vdbeaux.c,vdbeaux.c,5255,5250,5260,,window,1
sqlaser_sqlite354_r2,sqlite,2,sqlite_target_000741,memory,executor,vdbeaux.c,src/vdbeaux.c,vdbeaux.c,5279,5274,5284,,window,1
sqlaser_sqlite354_r2,sqlite,2,sqlite_target_000742,memory,executor,vdbeaux.c,src/vdbeaux.c,vdbeaux.c,5324,5324,5326,sqlite3VdbeCountChanges,function,0
sqlaser_sqlite354_r2,sqlite,2,sqlite_target_000743,memory,executor,vdbeaux.c,src/vdbeaux.c,vdbeaux.c,5356,5356,5358,sqlite3VdbeDb,function,0
sqlaser_sqlite354_r2,sqlite,2,sqlite_target_000744,memory,executor,vdbeaux.c,src/vdbeaux.c,vdbeaux.c,5363,5363,5365,sqlite3VdbePrepareFlags,function,0
sqlaser_sqlite354_r2,sqlite,2,sqlite_target_000745,memory,executor,vdbeaux.c,src/vdbeaux.c,vdbeaux.c,5375,5375,5391,aff,function,1
sqlaser_sqlite354_r2,sqlite,2,sqlite_target_000746,memory,executor,vdbeaux.c,src/vdbeaux.c,vdbeaux.c,5398,5398,5407,sqlite3VdbeSetVarmask,function,0
sqlaser_sqlite354_r2,sqlite,2,sqlite_target_000747,memory,executor,vdbeaux.c,src/vdbeaux.c,vdbeaux.c,5420,5415,5425,,window,0
sqlaser_sqlite354_r2,sqlite,2,sqlite_target_000748,memory,executor,vdbeaux.c,src/vdbeaux.c,vdbeaux.c,5453,5448,5458,,window,0
sqlaser_sqlite354_r2,sqlite,2,sqlite_target_000749,memory,executor,vdbeaux.c,src/vdbeaux.c,vdbeaux.c,548,548,551,sqlite3VdbeExplainPop,function,1
sqlaser_sqlite354_r2,sqlite,2,sqlite_target_000750,memory,executor,vdbeaux.c,src/vdbeaux.c,vdbeaux.c,5551,5546,5556,,window,0
sqlaser_sqlite354_r2,sqlite,2,sqlite_target_000751,memory,executor,vdbeaux.c,src/vdbeaux.c,vdbeaux.c,571,571,578,sqlite3DbMalloc,function,1
sqlaser_sqlite354_r2,sqlite,2,sqlite_target_000752,memory,executor,vdbeaux.c,src/vdbeaux.c,vdbeaux.c,582,582,593,sqlite3MayAbort,function,0
sqlaser_sqlite354_r2,sqlite,2,sqlite_target_000753,memory,executor,vdbeaux.c,src/vdbeaux.c,vdbeaux.c,59,59,65,sqlite3VdbeError,function,1
sqlaser_sqlite354_r2,sqlite,2,sqlite_target_000754,memory,executor,vdbeaux.c,src/vdbeaux.c,vdbeaux.c,620,620,622,sqlite3VdbeMakeLabel,function,0
sqlaser_sqlite354_r2,sqlite,2,sqlite_target_000755,memory,executor,vdbeaux.c,src/vdbeaux.c,vdbeaux.c,647,647,664,sqlite3VdbeResolveLabel,function,1
sqlaser_sqlite354_r2,sqlite,2,sqlite_target_000756,memory,executor,vdbeaux.c,src/vdbeaux.c,vdbeaux.c,669,669,671,sqlite3VdbeRunOnlyOnce,function,1
sqlaser_sqlite354_r2,sqlite,2,sqlite_target_000757,memory,executor,vdbeaux.c,src/vdbeaux.c,vdbeaux.c,676,676,684,sqlite3VdbeReusable,function,0
sqlaser_sqlite354_r2,sqlite,2,sqlite_target_000758,memory,executor,vdbeaux.c,src/vdbeaux.c,vdbeaux.c,70,70,78,sqlite3VdbeSetSql,function,1
sqlaser_sqlite354_r2,sqlite,2,sqlite_target_000759,memory,executor,vdbemem.c,src/vdbemem.c,vdbemem.c,1009,1009,1017,sqlite3VdbeMemSetZeroBlob,function,1
sqlaser_sqlite354_r2,sqlite,2,sqlite_target_000760,memory,executor,vdbemem.c,src/vdbemem.c,vdbemem.c,1039,1039,1043,vdbeReleaseAndSetInt64,function,0
sqlaser_sqlite354_r2,sqlite,2,sqlite_target_000761,memory,executor,vdbemem.c,src/vdbemem.c,vdbemem.c,1049,1049,1056,sqlite3VdbeMemSetInt64,function,1
sqlaser_sqlite354_r2,sqlite,2,sqlite_target_000762,memory,executor,vdbemem.c,src/vdbemem.c,vdbemem.c,106,106,135,vdbeMemRenderNum,function,1
sqlaser_sqlite354_r2,sqlite,2,sqlite_target_000763,memory,executor,vdbemem.c,src/vdbemem.c,vdbemem.c,1072,1067,1077,,window,1
sqlaser_sqlite354_r2,sqlite,2,sqlite_target_000764,memory,executor,vdbemem.c,src/vdbemem.c,vdbemem.c,1092,1092,1098,sqlite3VdbeMemSetDouble,function,1
sqlaser_sqlite354_r2,sqlite,2,sqlite_target_000765,memory,executor,vdbemem.c,src/vdbemem.c,vdbemem.c,1119,1119,1131,sqlite3VdbeMemSetRowSet,function,1
sqlaser_sqlite354_r2,sqlite,2,sqlite_target_000766,memory,executor,vdbemem.c,src/vdbemem.c,vdbemem.c,1137,1137,1147,sqlite3VdbeMemTooBig,function,1
sqlaser_sqlite354_r2,sqlite,2,sqlite_target_000767,memory,executor,vdbemem.c,src/vdbemem.c,vdbemem.c,1196,1196,1200,srcType,function,1
sqlaser_sqlite354_r2,sqlite,2,sqlite_target_000768,memory,executor,vdbemem.c,src/vdbemem.c,vdbemem.c,1201,1201,1211,vdbeClrCopy,function,1
sqlaser_sqlite354_r2,sqlite,2,sqlite_target_000769,memory,executor,vdbemem.c,src/vdbemem.c,vdbemem.c,1217,1217,1232,sqlite3VdbeMemCopy,function,1
sqlaser_sqlite354_r2,sqlite,2,sqlite_target_000770,memory,executor,vdbemem.c,src/vdbemem.c,vdbemem.c,1240,1240,1249,sqlite3VdbeMemMove,function,1
sqlaser_sqlite354_r2,sqlite,2,sqlite_target_000771,memory,executor,vdbemem.c,src/vdbemem.c,vdbemem.c,1273,1268,1278,,window,0
sqlaser_sqlite354_r2,sqlite,2,sqlite_target_000772,memory,executor,vdbemem.c,src/vdbemem.c,vdbemem.c,1342,1337,1347,,window,1
sqlaser_sqlite354_r2,sqlite,2,sqlite_target_000773,memory,executor,vdbemem.c,src/vdbemem.c,vdbemem.c,1374,1369,1379,,window,1
sqlaser_sqlite354_r2,sqlite,2,sqlite_target_000774,memory,executor,vdbemem.c,src/vdbemem.c,vdbemem.c,1424,1419,1429,,window,1
sqlaser_sqlite354_r2,sqlite,2,sqlite_target_000775,memory,executor,vdbemem.c,src/vdbemem.c,vdbemem.c,1462,1457,1467,,window,1
sqlaser_sqlite354_r2,sqlite,2,sqlite_target_000776,memory,executor,vdbemem.c,src/vdbemem.c,vdbemem.c,1479,1467,1489,sqlite3VdbeMemFromBtree,function,1
sqlaser_sqlite354_r2,sqlite,2,sqlite_target_000777,memory,executor,vdbemem.c,src/vdbemem.c,vdbemem.c,1490,1485,1495,,window,1
sqlaser_sqlite354_r2,sqlite,2,sqlite_target_000778,memory,executor,vdbemem.c,src/vdbemem.c,vdbemem.c,1504,1494,1515,sqlite3VdbeMemFromBtreeZeroOffset,function,1
sqlaser_sqlite354_r2,sqlite,2,sqlite_target_000779,memory,executor,vdbemem.c,src/vdbemem.c,vdbemem.c,1511,1506,1516,,window,1
sqlaser_sqlite354_r2,sqlite,2,sqlite_target_000780,memory,executor,vdbemem.c,src/vdbemem.c,vdbemem.c,212,212,241,successful,function,1
sqlaser_sqlite354_r2,sqlite,2,sqlite_target_000781,memory,executor,vdbemem.c,src/vdbemem.c,vdbemem.c,251,251,299,sqlite3VdbeMemGrow,function,1
sqlaser_sqlite354_r2,sqlite,2,sqlite_target_000782,memory,executor,vdbemem.c,src/vdbemem.c,vdbemem.c,269,264,274,,window,1
sqlaser_sqlite354_r2,sqlite,2,sqlite_target_000783,memory,executor,vdbemem.c,src/vdbemem.c,vdbemem.c,276,271,281,,window,1
sqlaser_sqlite354_r2,sqlite,2,sqlite_target_000784,memory,executor,vdbemem.c,src/vdbemem.c,vdbemem.c,289,284,294,,window,1
sqlaser_sqlite354_r2,sqlite,2,sqlite_target_000785,memory,executor,vdbemem.c,src/vdbemem.c,vdbemem.c,314,314,324,code,function,1
sqlaser_sqlite354_r2,sqlite,2,sqlite_target_000786,memory,executor,vdbemem.c,src/vdbemem.c,vdbemem.c,336,336,362,sqlite3VdbeMemZeroTerminateIfAble,function,1
sqlaser_sqlite354_r2,sqlite,2,sqlite_target_000787,memory,executor,vdbemem.c,src/vdbemem.c,vdbemem.c,373,373,382,vdbeMemAddTerminator,function,1
sqlaser_sqlite354_r2,sqlite,2,sqlite_target_000788,memory,executor,vdbemem.c,src/vdbemem.c,vdbemem.c,390,390,407,sqlite3VdbeMemMakeWriteable,function,1
sqlaser_sqlite354_r2,sqlite,2,sqlite_target_000789,memory,executor,vdbemem.c,src/vdbemem.c,vdbemem.c,414,414,439,sqlite3VdbeMemExpandBlob,function,1
sqlaser_sqlite354_r2,sqlite,2,sqlite_target_000790,memory,executor,vdbemem.c,src/vdbemem.c,vdbemem.c,445,445,455,sqlite3VdbeMemNulTerminate,function,1
sqlaser_sqlite354_r2,sqlite,2,sqlite_target_000791,memory,executor,vdbemem.c,src/vdbemem.c,vdbemem.c,471,471,496,user,function,1
sqlaser_sqlite354_r2,sqlite,2,sqlite_target_000792,memory,executor,vdbemem.c,src/vdbemem.c,vdbemem.c,506,506,528,sqlite3VdbeMemFinalize,function,1
sqlaser_sqlite354_r2,sqlite,2,sqlite_target_000793,memory,executor,vdbemem.c,src/vdbemem.c,vdbemem.c,539,539,554,xValue,function,1
sqlaser_sqlite354_r2,sqlite,2,sqlite_target_000794,memory,executor,vdbemem.c,src/vdbemem.c,vdbemem.c,566,566,579,sqlite3VdbeMemSetNull,function,1
sqlaser_sqlite354_r2,sqlite,2,sqlite_target_000795,memory,executor,vdbemem.c,src/vdbemem.c,vdbemem.c,589,589,598,sqlite3VdbeMemRelease,function,1
sqlaser_sqlite354_r2,sqlite,2,sqlite_target_000796,memory,executor,vdbemem.c,src/vdbemem.c,vdbemem.c,610,610,615,sqlite3VdbeMemSetNull,function,1
sqlaser_sqlite354_r2,sqlite,2,sqlite_target_000797,memory,executor,vdbemem.c,src/vdbemem.c,vdbemem.c,620,620,623,sqlite3VdbeMemReleaseMalloc,function,1
sqlaser_sqlite354_r2,sqlite,2,sqlite_target_000798,memory,executor,vdbemem.c,src/vdbemem.c,vdbemem.c,641,641,657,memIntValue,function,1
sqlaser_sqlite354_r2,sqlite,2,sqlite_target_000799,memory,executor,vdbemem.c,src/vdbemem.c,vdbemem.c,735,735,751,,function,1
sqlaser_sqlite354_r2,sqlite,2,sqlite_target_000800,memory,executor,vdbemem.c,src/vdbemem.c,vdbemem.c,770,770,785,sqlite3VdbeRealValue,function,1
sqlaser_sqlite354_r2,sqlite,2,sqlite_target_000801,memory,executor,vdbemem.c,src/vdbemem.c,vdbemem.c,791,791,796,sqlite3VdbeBooleanValue,function,1
sqlaser_sqlite354_r2,sqlite,2,sqlite_target_000802,memory,executor,vdbemem.c,src/vdbemem.c,vdbemem.c,802,802,829,sqlite3VdbeIntegerAffinity,function,1
sqlaser_sqlite354_r2,sqlite,2,sqlite_target_000803,memory,executor,vdbemem.c,src/vdbemem.c,vdbemem.c,834,834,843,sqlite3VdbeMemIntegerify,function,1
sqlaser_sqlite354_r2,sqlite,2,sqlite_target_000804,memory,executor,vdbemem.c,src/vdbemem.c,vdbemem.c,849,849,857,sqlite3VdbeMemRealify,function,1
sqlaser_sqlite354_r2,sqlite,2,sqlite_target_000805,memory,executor,vdbemem.c,src/vdbemem.c,vdbemem.c,893,893,917,sqlite3VdbeMemNumerify,function,1
sqlaser_sqlite354_r2,sqlite,2,sqlite_target_000806,memory,executor,vdbemem.c,src/vdbemem.c,vdbemem.c,926,926,966,used,function,1
sqlaser_sqlite354_r2,sqlite,2,sqlite_target_000807,memory,executor,vdbemem.c,src/vdbemem.c,vdbemem.c,973,973,978,sqlite3VdbeMemInit,function,1
sqlaser_sqlite354_r2,sqlite,2,sqlite_target_000808,memory,executor,vdbemem.c,src/vdbemem.c,vdbemem.c,993,993,999,sqlite3VdbeMemRelease,function,1
sqlaser_sqlite354_r2,sqlite,2,sqlite_target_000809,memory,executor,vdbesort.c,src/vdbesort.c,vdbesort.c,1050,1050,1057,vdbeSorterRecordFree,function,1
sqlaser_sqlite354_r2,sqlite,2,sqlite_target_000810,memory,executor,vdbesort.c,src/vdbesort.c,vdbesort.c,1063,1063,1083,vdbeSortSubtaskCleanup,function,1
sqlaser_sqlite354_r2,sqlite,2,sqlite_target_000811,memory,executor,vdbesort.c,src/vdbesort.c,vdbesort.c,1150,1145,1155,,window,0
sqlaser_sqlite354_r2,sqlite,2,sqlite_target_000812,memory,optimizer,vdbesort.c,src/vdbesort.c,vdbesort.c,1163,1163,1180,vdbeSorterJoinAll,function,1
sqlaser_sqlite354_r2,sqlite,2,sqlite_target_000813,memory,executor,vdbesort.c,src/vdbesort.c,vdbesort.c,1230,1230,1242,vdbeIncrFree,function,0
sqlaser_sqlite354_r2,sqlite,2,sqlite_target_000814,memory,executor,vdbesort.c,src/vdbesort.c,vdbesort.c,1247,1247,1275,sqlite3VdbeSorterReset,function,1
sqlaser_sqlite354_r2,sqlite,2,sqlite_target_000815,memory,executor,vdbesort.c,src/vdbesort.c,vdbesort.c,1280,1280,1296,sqlite3VdbeSorterClose,function,1
sqlaser_sqlite354_r2,sqlite,2,sqlite_target_000816,memory,executor,vdbesort.c,src/vdbesort.c,vdbesort.c,1354,1354,1362,vdbeSortAllocUnpacked,function,1
sqlaser_sqlite354_r2,sqlite,2,sqlite_target_000817,memory,executor,vdbesort.c,src/vdbesort.c,vdbesort.c,1368,1363,1373,,window,1
sqlaser_sqlite354_r2,sqlite,2,sqlite_target_000818,memory,executor,vdbesort.c,src/vdbesort.c,vdbesort.c,1410,1410,1417,vdbeSorterGetCompare,function,1
sqlaser_sqlite354_r2,sqlite,2,sqlite_target_000819,memory,executor,vdbesort.c,src/vdbesort.c,vdbesort.c,1424,1424,1474,vdbeSorterSort,function,1
sqlaser_sqlite354_r2,sqlite,2,sqlite_target_000820,memory,executor,vdbesort.c,src/vdbesort.c,vdbesort.c,1578,1578,1633,data,function,0
sqlaser_sqlite354_r2,sqlite,2,sqlite_target_000821,memory,executor,vdbesort.c,src/vdbesort.c,vdbesort.c,1642,1637,1647,,window,0
sqlaser_sqlite354_r2,sqlite,2,sqlite_target_000822,memory,executor,vdbesort.c,src/vdbesort.c,vdbesort.c,1713,1713,1720,vdbeSorterFlushThread,function,0
sqlaser_sqlite354_r2,sqlite,2,sqlite_target_000823,memory,executor,vdbesort.c,src/vdbesort.c,vdbesort.c,1727,1727,1792,vdbeSorterFlushPMA,function,0
sqlaser_sqlite354_r2,sqlite,2,sqlite_target_000824,memory,executor,vdbesort.c,src/vdbesort.c,vdbesort.c,1797,1792,1802,,window,1
sqlaser_sqlite354_r2,sqlite,2,sqlite_target_000825,memory,executor,vdbesort.c,src/vdbesort.c,vdbesort.c,1909,1909,1944,vdbeIncrPopulate,function,0
sqlaser_sqlite354_r2,sqlite,2,sqlite_target_000826,memory,executor,vdbesort.c,src/vdbesort.c,vdbesort.c,1951,1951,1956,vdbeIncrPopulateThread,function,0
sqlaser_sqlite354_r2,sqlite,2,sqlite_target_000827,memory,executor,vdbesort.c,src/vdbesort.c,vdbesort.c,1961,1961,1965,vdbeIncrBgPopulate,function,0
sqlaser_sqlite354_r2,sqlite,2,sqlite_target_000828,memory,executor,vdbesort.c,src/vdbesort.c,vdbesort.c,1985,1985,2016,vdbeIncrSwap,function,0
sqlaser_sqlite354_r2,sqlite,2,sqlite_target_000829,memory,executor,vdbesort.c,src/vdbesort.c,vdbesort.c,2024,2019,2029,,window,0
sqlaser_sqlite354_r2,sqlite,2,sqlite_target_000830,memory,executor,vdbesort.c,src/vdbesort.c,vdbesort.c,2049,2049,2052,vdbeIncrMergerSetThreads,function,0
sqlaser_sqlite354_r2,sqlite,2,sqlite_target_000831,memory,executor,vdbesort.c,src/vdbesort.c,vdbesort.c,2144,2139,2149,,window,0
sqlaser_sqlite354_r2,sqlite,2,sqlite_target_000832,memory,executor,vdbesort.c,src/vdbesort.c,vdbesort.c,2220,2220,2280,vdbePmaReaderNext,function,0
sqlaser_sqlite354_r2,sqlite,2,sqlite_target_000833,memory,executor,vdbesort.c,src/vdbesort.c,vdbesort.c,2287,2287,2294,vdbePmaReaderBgIncrInit,function,0
sqlaser_sqlite354_r2,sqlite,2,sqlite_target_000834,memory,executor,vdbesort.c,src/vdbesort.c,vdbesort.c,2308,2308,2324,,function,0
sqlaser_sqlite354_r2,sqlite,2,sqlite_target_000835,memory,executor,vdbesort.c,src/vdbesort.c,vdbesort.c,2338,2333,2343,,window,0
sqlaser_sqlite354_r2,sqlite,2,sqlite_target_000836,memory,executor,vdbesort.c,src/vdbesort.c,vdbesort.c,2395,2390,2400,,window,0
sqlaser_sqlite354_r2,sqlite,2,sqlite_target_000837,memory,executor,vdbesort.c,src/vdbesort.c,vdbesort.c,2451,2446,2456,,window,0
sqlaser_sqlite354_r2,sqlite,2,sqlite_target_000838,memory,executor,vdbesort.c,src/vdbesort.c,vdbesort.c,2530,2530,2604,,function,0
sqlaser_sqlite354_r2,sqlite,2,sqlite_target_000839,memory,executor,vdbesort.c,src/vdbesort.c,vdbesort.c,2612,2612,2655,sqlite3VdbeSorterRewind,function,1
sqlaser_sqlite354_r2,sqlite,2,sqlite_target_000840,memory,executor,vdbesort.c,src/vdbesort.c,vdbesort.c,2664,2664,2696,sqlite3VdbeSorterNext,function,1
sqlaser_sqlite354_r2,sqlite,2,sqlite_target_000841,memory,executor,vdbesort.c,src/vdbesort.c,vdbesort.c,2702,2697,2707,,window,1
sqlaser_sqlite354_r2,sqlite,2,sqlite_target_000842,memory,executor,vdbesort.c,src/vdbesort.c,vdbesort.c,2729,2729,2744,sqlite3VdbeSorterRowkey,function,1
sqlaser_sqlite354_r2,sqlite,2,sqlite_target_000843,memory,executor,vdbesort.c,src/vdbesort.c,vdbesort.c,2762,2757,2767,,window,1
sqlaser_sqlite354_r2,sqlite,2,sqlite_target_000844,memory,executor,vdbesort.c,src/vdbesort.c,vdbesort.c,474,474,480,vdbePmaReaderClear,function,0
sqlaser_sqlite354_r2,sqlite,2,sqlite_target_000845,memory,executor,vdbesort.c,src/vdbesort.c,vdbesort.c,491,486,496,,window,0
sqlaser_sqlite354_r2,sqlite,2,sqlite_target_000846,memory,executor,vdbesort.c,src/vdbesort.c,vdbesort.c,586,586,608,vdbePmaReadVarint,function,0
sqlaser_sqlite354_r2,sqlite,2,sqlite_target_000847,memory,executor,vdbesort.c,src/vdbesort.c,vdbesort.c,619,619,629,vdbeSorterMapFile,function,0
sqlaser_sqlite354_r2,sqlite,2,sqlite_target_000848,memory,executor,vdbesort.c,src/vdbesort.c,vdbesort.c,636,631,641,,window,0
sqlaser_sqlite354_r2,sqlite,2,sqlite_target_000849,memory,executor,vdbesort.c,src/vdbesort.c,vdbesort.c,683,683,719,vdbePmaReaderNext,function,0
sqlaser_sqlite354_r2,sqlite,2,sqlite_target_000850,memory,executor,vdbesort.c,src/vdbesort.c,vdbesort.c,763,758,768,,window,1
sqlaser_sqlite354_r2,sqlite,2,sqlite_target_000851,memory,executor,vdbesort.c,src/vdbesort.c,vdbesort.c,790,785,795,,window,1
sqlaser_sqlite354_r2,sqlite,2,sqlite_target_000852,memory,executor,vdbesort.c,src/vdbesort.c,vdbesort.c,809,804,814,,window,1
sqlaser_sqlite354_r2,sqlite,2,sqlite_target_000853,memory,executor,vdbesort.c,src/vdbesort.c,vdbesort.c,852,847,857,,window,1
sqlaser_sqlite354_r2,sqlite,2,sqlite_target_000854,memory,executor,vdbesort.c,src/vdbesort.c,vdbesort.c,936,931,941,,window,1
sqlaser_sqlite354_r2,sqlite,2,sqlite_target_000855,memory,executor,vdbetrace.c,src/vdbetrace.c,vdbetrace.c,72,67,77,,window,0
sqlaser_sqlite354_r2,sqlite,2,sqlite_target_000856,memory,optimizer,where.c,src/where.c,where.c,101,101,111,sqlite3WhereOrderByLimitOptLabel,function,1
sqlaser_sqlite354_r2,sqlite,2,sqlite_target_000857,memory,optimizer,where.c,src/where.c,where.c,124,124,137,sqlite3WhereMinMaxOptEarlyOut,function,1
sqlaser_sqlite354_r2,sqlite,2,sqlite_target_000858,memory,optimizer,where.c,src/where.c,where.c,174,173,183,sqlite3WhereOkOnePass,function,1
sqlaser_sqlite354_r2,sqlite,2,sqlite_target_000859,memory,optimizer,where.c,src/where.c,where.c,263,263,273,sqlite3WhereMalloc,function,1
sqlaser_sqlite354_r2,sqlite,2,sqlite_target_000860,memory,optimizer,where.c,src/where.c,where.c,274,274,283,return,function,1
sqlaser_sqlite354_r2,sqlite,2,sqlite_target_000861,memory,optimizer,where.c,src/where.c,where.c,549,544,554,,window,0
sqlaser_sqlite354_r2,sqlite,2,sqlite_target_000862,memory,optimizer,where.c,src/where.c,where.c,6830,6825,6835,,window,0
sqlaser_sqlite354_r2,sqlite,2,sqlite_target_000863,memory,optimizer,where.c,src/where.c,where.c,6866,6840,7494,,function,1
sqlaser_sqlite354_r2,sqlite,2,sqlite_target_000864,memory,optimizer,where.c,src/where.c,where.c,6900,6895,6905,,window,1
sqlaser_sqlite354_r2,sqlite,2,sqlite_target_000865,memory,optimizer,where.c,src/where.c,where.c,6920,6915,6925,,window,1
sqlaser_sqlite354_r2,sqlite,2,sqlite_target_000866,memory,optimizer,where.c,src/where.c,where.c,6922,6917,6927,,window,1
sqlaser_sqlite354_r2,sqlite,2,sqlite_target_000867,memory,optimizer,where.c,src/where.c,where.c,7521,7521,7886,sqlite3WhereEnd,function,1
sqlaser_sqlite354_r2,sqlite,2,sqlite_target_000868,memory,optimizer,wherecode.c,src/wherecode.c,wherecode.c,117,112,122,,window,0
sqlaser_sqlite354_r2,sqlite,2,sqlite_target_000869,memory,optimizer,wherecode.c,src/wherecode.c,wherecode.c,1466,1461,1471,,window,0
sqlaser_sqlite354_r2,sqlite,2,sqlite_target_000870,memory,optimizer,wherecode.c,src/wherecode.c,wherecode.c,2304,2299,2309,,window,1
sqlaser_sqlite354_r2,sqlite,2,sqlite_target_000871,memory,optimizer,wherecode.c,src/wherecode.c,wherecode.c,2308,2300,2322,,function,1
sqlaser_sqlite354_r2,sqlite,2,sqlite_target_000872,memory,optimizer,wherecode.c,src/wherecode.c,wherecode.c,245,240,250,,window,0
sqlaser_sqlite354_r2,sqlite,2,sqlite_target_000873,memory,optimizer,wherecode.c,src/wherecode.c,wherecode.c,280,275,285,,window,0
sqlaser_sqlite354_r2,sqlite,2,sqlite_target_000874,memory,optimizer,wherecode.c,src/wherecode.c,wherecode.c,2841,2836,2846,,window,1
sqlaser_sqlite354_r2,sqlite,2,sqlite_target_000875,memory,optimizer,wherecode.c,src/wherecode.c,wherecode.c,2914,2909,2919,,window,0
sqlaser_sqlite354_r2,sqlite,2,sqlite_target_000876,memory,optimizer,whereexpr.c,src/whereexpr.c,whereexpr.c,1591,1591,1602,sqlite3WhereSplit,function,1
sqlaser_sqlite354_r2,sqlite,2,sqlite_target_000877,memory,optimizer,whereexpr.c,src/whereexpr.c,whereexpr.c,1666,1666,1731,sqlite3WhereAddLimit,function,1
sqlaser_sqlite354_r2,sqlite,2,sqlite_target_000878,memory,optimizer,whereexpr.c,src/whereexpr.c,whereexpr.c,1736,1731,1741,,window,1
sqlaser_sqlite354_r2,sqlite,2,sqlite_target_000879,memory,optimizer,whereexpr.c,src/whereexpr.c,whereexpr.c,1754,1754,1785,sqlite3WhereClauseClear,function,1
sqlaser_sqlite354_r2,sqlite,2,sqlite_target_000880,memory,optimizer,whereexpr.c,src/whereexpr.c,whereexpr.c,1819,1814,1824,,window,1
sqlaser_sqlite354_r2,sqlite,2,sqlite_target_000881,memory,optimizer,whereexpr.c,src/whereexpr.c,whereexpr.c,1845,1845,1853,sqlite3WhereExprUsage,function,1
sqlaser_sqlite354_r2,sqlite,2,sqlite_target_000882,memory,optimizer,whereexpr.c,src/whereexpr.c,whereexpr.c,1854,1854,1856,assert,function,1
sqlaser_sqlite354_r2,sqlite,2,sqlite_target_000883,memory,optimizer,whereexpr.c,src/whereexpr.c,whereexpr.c,1857,1857,1866,sqlite3WhereExprUsageFull,function,1
sqlaser_sqlite354_r2,sqlite,2,sqlite_target_000884,memory,optimizer,whereexpr.c,src/whereexpr.c,whereexpr.c,1877,1872,1882,,window,1
sqlaser_sqlite354_r2,sqlite,2,sqlite_target_000885,memory,optimizer,whereexpr.c,src/whereexpr.c,whereexpr.c,1894,1889,1899,,window,1
sqlaser_sqlite354_r2,sqlite,2,sqlite_target_000886,memory,optimizer,whereexpr.c,src/whereexpr.c,whereexpr.c,353,353,372,sqlite3ExprIsLikeOperator,function,1
sqlaser_sqlite354_r3,sqlite,3,sqlite_target_000001,stale,storage,btree.c,src/btree.c,btree.c,10204,10204,10210,sqlite3PagerUnref,function,1
sqlaser_sqlite354_r3,sqlite,3,sqlite_target_000002,stale,catalog_metadata,btree.c,src/btree.c,btree.c,10283,10283,10302,sqlite3BtreeClearTable,function,1
sqlaser_sqlite354_r3,sqlite,3,sqlite_target_000003,stale,storage,btree.c,src/btree.c,btree.c,1030,1030,1033,sqlite3BtreeCursorHintFlags,function,0
sqlaser_sqlite354_r3,sqlite,3,sqlite_target_000004,stale,catalog_metadata,btree.c,src/btree.c,btree.c,10309,10309,10311,sqlite3BtreeClearTableOfCursor,function,0
sqlaser_sqlite354_r3,sqlite,3,sqlite_target_000005,stale,storage,btree.c,src/btree.c,btree.c,10418,10418,10424,releasePage,function,0
sqlaser_sqlite354_r3,sqlite,3,sqlite_target_000006,stale,storage,btree.c,src/btree.c,btree.c,10447,10447,10471,sqlite3BtreeGetMeta,function,1
sqlaser_sqlite354_r3,sqlite,3,sqlite_target_000007,stale,type_system,btree.c,src/btree.c,btree.c,10477,10477,10499,sqlite3BtreeUpdateMeta,function,1
sqlaser_sqlite354_r3,sqlite,3,sqlite_target_000008,stale,storage,btree.c,src/btree.c,btree.c,10509,10509,10572,encountered,function,1
sqlaser_sqlite354_r3,sqlite,3,sqlite_target_000009,stale,storage,btree.c,src/btree.c,btree.c,10578,10578,10580,sqlite3BtreePager,function,0
sqlaser_sqlite354_r3,sqlite,3,sqlite_target_000010,stale,storage,btree.c,src/btree.c,btree.c,11146,11141,11151,,window,1
sqlaser_sqlite354_r3,sqlite,3,sqlite_target_000011,stale,storage,btree.c,src/btree.c,btree.c,11304,11304,11307,sqlite3BtreeGetFilename,function,1
sqlaser_sqlite354_r3,sqlite,3,sqlite_target_000012,stale,storage,btree.c,src/btree.c,btree.c,11317,11317,11320,sqlite3BtreeGetJournalname,function,0
sqlaser_sqlite354_r3,sqlite,3,sqlite_target_000013,stale,storage,btree.c,src/btree.c,btree.c,11326,11326,11329,sqlite3BtreeTxnState,function,1
sqlaser_sqlite354_r3,sqlite,3,sqlite_target_000014,stale,storage,btree.c,src/btree.c,btree.c,11340,11340,11353,sqlite3BtreeCheckpoint,function,1
sqlaser_sqlite354_r3,sqlite,3,sqlite_target_000015,stale,storage,btree.c,src/btree.c,btree.c,11359,11359,11363,sqlite3BtreeIsInBackup,function,0
sqlaser_sqlite354_r3,sqlite,3,sqlite_target_000016,stale,storage,btree.c,src/btree.c,btree.c,11385,11385,11395,sqlite3_free,function,1
sqlaser_sqlite354_r3,sqlite,3,sqlite_target_000017,stale,catalog_metadata,btree.c,src/btree.c,btree.c,11402,11402,11411,sqlite3BtreeSchemaLocked,function,1
sqlaser_sqlite354_r3,sqlite,3,sqlite_target_000018,stale,catalog_metadata,btree.c,src/btree.c,btree.c,11420,11420,11436,sqlite3BtreeLockTable,function,1
sqlaser_sqlite354_r3,sqlite,3,sqlite_target_000019,stale,storage,btree.c,src/btree.c,btree.c,11450,11450,11493,sqlite3BtreePutData,function,1
sqlaser_sqlite354_r3,sqlite,3,sqlite_target_000020,stale,storage,btree.c,src/btree.c,btree.c,11498,11498,11501,sqlite3BtreeIncrblobCursor,function,1
sqlaser_sqlite354_r3,sqlite,3,sqlite_target_000021,stale,storage,btree.c,src/btree.c,btree.c,11509,11509,11538,sqlite3BtreeSetVersion,function,1
sqlaser_sqlite354_r3,sqlite,3,sqlite_target_000022,stale,storage,btree.c,src/btree.c,btree.c,11544,11544,11546,sqlite3BtreeCursorHasHint,function,0
sqlaser_sqlite354_r3,sqlite,3,sqlite_target_000023,stale,storage,btree.c,src/btree.c,btree.c,11551,11551,11553,sqlite3BtreeIsReadonly,function,0
sqlaser_sqlite354_r3,sqlite,3,sqlite_target_000024,stale,storage,btree.c,src/btree.c,btree.c,11564,11564,11569,sqlite3BtreeClearCache,function,0
sqlaser_sqlite354_r3,sqlite,3,sqlite_target_000025,stale,storage,btree.c,src/btree.c,btree.c,11575,11575,11577,,function,0
sqlaser_sqlite354_r3,sqlite,3,sqlite_target_000026,stale,storage,btree.c,src/btree.c,btree.c,11584,11584,11587,sqlite3BtreeConnectionCount,function,0
sqlaser_sqlite354_r3,sqlite,3,sqlite_target_000027,stale,storage,btree.c,src/btree.c,btree.c,1623,1623,1741,defragmentPage,function,1
sqlaser_sqlite354_r3,sqlite,3,sqlite_target_000028,stale,storage,btree.c,src/btree.c,btree.c,2377,2377,2380,return,function,1
sqlaser_sqlite354_r3,sqlite,3,sqlite_target_000029,stale,storage,btree.c,src/btree.c,btree.c,2538,2533,2543,,window,1
sqlaser_sqlite354_r3,sqlite,3,sqlite_target_000030,stale,storage,btree.c,src/btree.c,btree.c,2927,2927,2984,sqlite3BtreeClose,function,1
sqlaser_sqlite354_r3,sqlite,3,sqlite_target_000031,stale,storage,btree.c,src/btree.c,btree.c,2993,2993,3000,sqlite3BtreeSetCacheSize,function,0
sqlaser_sqlite354_r3,sqlite,3,sqlite_target_000032,stale,storage,btree.c,src/btree.c,btree.c,3012,3012,3020,sqlite3BtreeSetSpillSize,function,1
sqlaser_sqlite354_r3,sqlite,3,sqlite_target_000033,stale,storage,btree.c,src/btree.c,btree.c,3027,3027,3034,sqlite3BtreeSetMmapLimit,function,0
sqlaser_sqlite354_r3,sqlite,3,sqlite_target_000034,stale,storage,btree.c,src/btree.c,btree.c,3046,3041,3051,,window,1
sqlaser_sqlite354_r3,sqlite,3,sqlite_target_000035,stale,storage,btree.c,src/btree.c,btree.c,3079,3079,3110,sqlite3BtreeSetPageSize,function,1
sqlaser_sqlite354_r3,sqlite,3,sqlite_target_000036,stale,storage,btree.c,src/btree.c,btree.c,3115,3115,3117,sqlite3BtreeGetPageSize,function,0
sqlaser_sqlite354_r3,sqlite,3,sqlite_target_000037,stale,storage,btree.c,src/btree.c,btree.c,3130,3130,3135,sqlite3BtreeEnter,function,0
sqlaser_sqlite354_r3,sqlite,3,sqlite_target_000038,stale,storage,btree.c,src/btree.c,btree.c,3146,3146,3153,sqlite3BtreeGetRequestedReserve,function,1
sqlaser_sqlite354_r3,sqlite,3,sqlite_target_000039,stale,storage,btree.c,src/btree.c,btree.c,3161,3161,3167,sqlite3BtreeMaxPageCount,function,0
sqlaser_sqlite354_r3,sqlite,3,sqlite_target_000040,stale,storage,btree.c,src/btree.c,btree.c,3187,3187,3200,sqlite3BtreeSecureDelete,function,1
sqlaser_sqlite354_r3,sqlite,3,sqlite_target_000041,stale,storage,btree.c,src/btree.c,btree.c,3208,3208,3226,sqlite3BtreeSetAutoVacuum,function,1
sqlaser_sqlite354_r3,sqlite,3,sqlite_target_000042,stale,storage,btree.c,src/btree.c,btree.c,3232,3232,3246,sqlite3BtreeGetAutoVacuum,function,0
sqlaser_sqlite354_r3,sqlite,3,sqlite_target_000043,stale,storage,btree.c,src/btree.c,btree.c,3560,3560,3567,sqlite3BtreeNewDb,function,0
sqlaser_sqlite354_r3,sqlite,3,sqlite_target_000044,stale,storage,btree.c,src/btree.c,btree.c,3811,3811,3832,btreeIntegrity,function,1
sqlaser_sqlite354_r3,sqlite,3,sqlite_target_000045,stale,storage,btree.c,src/btree.c,btree.c,4171,4171,4202,sqlite3BtreeIncrVacuum,function,1
sqlaser_sqlite354_r3,sqlite,3,sqlite_target_000046,stale,storage,btree.c,src/btree.c,btree.c,4319,4319,4340,sqlite3BtreeCommitPhaseOne,function,1
sqlaser_sqlite354_r3,sqlite,3,sqlite_target_000047,stale,storage,btree.c,src/btree.c,btree.c,4408,4408,4435,sqlite3BtreeCommitPhaseTwo,function,1
sqlaser_sqlite354_r3,sqlite,3,sqlite_target_000048,stale,storage,btree.c,src/btree.c,btree.c,4440,4440,4449,sqlite3BtreeCommit,function,0
sqlaser_sqlite354_r3,sqlite,3,sqlite_target_000049,stale,storage,btree.c,src/btree.c,btree.c,4477,4477,4503,sqlite3BtreeTripAllCursors,function,1
sqlaser_sqlite354_r3,sqlite,3,sqlite_target_000050,stale,storage,btree.c,src/btree.c,btree.c,4528,4528,4573,sqlite3BtreeRollback,function,1
sqlaser_sqlite354_r3,sqlite,3,sqlite_target_000051,stale,storage,btree.c,src/btree.c,btree.c,4593,4593,4610,sqlite3BtreeSavepoint,function,1
sqlaser_sqlite354_r3,sqlite,3,sqlite_target_000052,stale,storage,btree.c,src/btree.c,btree.c,4624,4624,4651,sqlite3BtreeSavepoint,function,1
sqlaser_sqlite354_r3,sqlite,3,sqlite_target_000053,stale,storage,btree.c,src/btree.c,btree.c,4775,4770,4780,,window,1
sqlaser_sqlite354_r3,sqlite,3,sqlite_target_000054,stale,storage,btree.c,src/btree.c,btree.c,4828,4828,4830,memset,function,1
sqlaser_sqlite354_r3,sqlite,3,sqlite_target_000055,stale,storage,btree.c,src/btree.c,btree.c,4836,4836,4869,sqlite3BtreeCloseCursor,function,1
sqlaser_sqlite354_r3,sqlite,3,sqlite_target_000056,stale,storage,btree.c,src/btree.c,btree.c,4916,4916,4919,sqlite3BtreeCursorIsValid,function,1
sqlaser_sqlite354_r3,sqlite,3,sqlite_target_000057,stale,storage,btree.c,src/btree.c,btree.c,4927,4927,4933,sqlite3BtreeIntegerKey,function,0
sqlaser_sqlite354_r3,sqlite,3,sqlite_target_000058,stale,storage,btree.c,src/btree.c,btree.c,4938,4938,4941,sqlite3BtreeCursorPin,function,1
sqlaser_sqlite354_r3,sqlite,3,sqlite_target_000059,stale,storage,btree.c,src/btree.c,btree.c,4942,4942,4945,sqlite3BtreeCursorPin,function,1
sqlaser_sqlite354_r3,sqlite,3,sqlite_target_000060,stale,storage,btree.c,src/btree.c,btree.c,4951,4951,4957,sqlite3BtreeOffset,function,0
sqlaser_sqlite354_r3,sqlite,3,sqlite_target_000061,stale,storage,btree.c,src/btree.c,btree.c,4968,4968,4973,sqlite3BtreePayloadSize,function,0
sqlaser_sqlite354_r3,sqlite,3,sqlite_target_000062,stale,storage,btree.c,src/btree.c,btree.c,4988,4988,4992,sqlite3BtreeMaxRecordSize,function,0
sqlaser_sqlite354_r3,sqlite,3,sqlite_target_000063,stale,storage,btree.c,src/btree.c,btree.c,5353,5353,5358,sqlite3BtreePayload,function,0
sqlaser_sqlite354_r3,sqlite,3,sqlite_target_000064,stale,storage,btree.c,src/btree.c,btree.c,5380,5380,5387,assert,function,0
sqlaser_sqlite354_r3,sqlite,3,sqlite_target_000065,stale,storage,btree.c,src/btree.c,btree.c,5448,5448,5450,sqlite3BtreePayloadFetch,function,1
sqlaser_sqlite354_r3,sqlite,3,sqlite_target_000066,stale,storage,btree.c,src/btree.c,btree.c,5696,5696,5712,sqlite3BtreeFirst,function,1
sqlaser_sqlite354_r3,sqlite,3,sqlite_target_000067,stale,storage,btree.c,src/btree.c,btree.c,5719,5719,5736,sqlite3BtreeIsEmpty,function,1
sqlaser_sqlite354_r3,sqlite,3,sqlite_target_000068,stale,storage,btree.c,src/btree.c,btree.c,5777,5777,5788,sqlite3BtreeLast,function,0
sqlaser_sqlite354_r3,sqlite,3,sqlite_target_000069,stale,storage,btree.c,src/btree.c,btree.c,5813,5808,5818,,window,1
sqlaser_sqlite354_r3,sqlite,3,sqlite_target_000070,stale,storage,btree.c,src/btree.c,btree.c,6044,6039,6049,,window,1
sqlaser_sqlite354_r3,sqlite,3,sqlite_target_000071,stale,storage,btree.c,src/btree.c,btree.c,6282,6282,6288,sqlite3BtreeNext,function,1
sqlaser_sqlite354_r3,sqlite,3,sqlite_target_000072,stale,storage,btree.c,src/btree.c,btree.c,6295,6295,6313,sqlite3BtreeRowCountEst,function,1
sqlaser_sqlite354_r3,sqlite,3,sqlite_target_000073,stale,storage,btree.c,src/btree.c,btree.c,6389,6389,6407,moveToLeftmost,function,1
sqlaser_sqlite354_r3,sqlite,3,sqlite_target_000074,stale,storage,btree.c,src/btree.c,btree.c,6481,6481,6495,sqlite3BtreePrevious,function,1
sqlaser_sqlite354_r3,sqlite,3,sqlite_target_000075,stale,storage,btree.c,src/btree.c,btree.c,858,858,863,sqlite3BtreeClearCursor,function,0
sqlaser_sqlite354_r3,sqlite,3,sqlite_target_000076,stale,storage,btree.c,src/btree.c,btree.c,9414,9409,9419,,window,1
sqlaser_sqlite354_r3,sqlite,3,sqlite_target_000077,stale,storage,btree.c,src/btree.c,btree.c,949,949,955,sqlite3BtreeCursorRestore,function,1
sqlaser_sqlite354_r3,sqlite,3,sqlite_target_000078,stale,storage,btree.c,src/btree.c,btree.c,9732,9732,9827,sqlite3BtreeInsert,function,1
sqlaser_sqlite354_r3,sqlite,3,sqlite_target_000079,stale,storage,btree.c,src/btree.c,btree.c,981,981,997,sqlite3BtreeCursorHasMoved,function,1
sqlaser_sqlite354_r3,sqlite,3,sqlite_target_000080,stale,storage,btree.c,src/btree.c,btree.c,9846,9846,10046,sqlite3BtreeDelete,function,1
sqlaser_sqlite354_r3,sqlite,3,sqlite_target_000081,stale,other,delete.c,src/delete.c,delete.c,288,283,293,,window,0
sqlaser_sqlite354_r3,sqlite,3,sqlite_target_000082,stale,other,expr.c,src/expr.c,expr.c,1004,999,1009,,window,1
sqlaser_sqlite354_r3,sqlite,3,sqlite_target_000083,stale,type_system,expr.c,src/expr.c,expr.c,107,107,165,sqlite3ExprDataType,function,1
sqlaser_sqlite354_r3,sqlite,3,sqlite_target_000084,stale,other,expr.c,src/expr.c,expr.c,1100,1100,1137,IN,function,1
sqlaser_sqlite354_r3,sqlite,3,sqlite_target_000085,stale,other,expr.c,src/expr.c,expr.c,1147,1147,1165,sqlite3ExprAnd,function,1
sqlaser_sqlite354_r3,sqlite,3,sqlite_target_000086,stale,other,expr.c,src/expr.c,expr.c,1171,1166,1176,,window,1
sqlaser_sqlite354_r3,sqlite,3,sqlite_target_000087,stale,other,expr.c,src/expr.c,expr.c,1205,1205,1209,sqlite3ExprOrderByAggregateError,function,0
sqlaser_sqlite354_r3,sqlite,3,sqlite_target_000088,stale,other,expr.c,src/expr.c,expr.c,1221,1216,1226,,window,0
sqlaser_sqlite354_r3,sqlite,3,sqlite_target_000089,stale,other,expr.c,src/expr.c,expr.c,1278,1273,1283,,window,1
sqlaser_sqlite354_r3,sqlite,3,sqlite_target_000090,stale,other,expr.c,src/expr.c,expr.c,1319,1319,1384,sqlite3ExprAssignVarNumber,function,1
sqlaser_sqlite354_r3,sqlite,3,sqlite_target_000091,stale,other,expr.c,src/expr.c,expr.c,1389,1389,1439,sqlite3ExprDeleteNN,function,1
sqlaser_sqlite354_r3,sqlite,3,sqlite_target_000092,stale,other,expr.c,src/expr.c,expr.c,1440,1440,1442,,function,1
sqlaser_sqlite354_r3,sqlite,3,sqlite_target_000093,stale,other,expr.c,src/expr.c,expr.c,1470,1470,1472,sqlite3ExprDeferredDelete,function,0
sqlaser_sqlite354_r3,sqlite,3,sqlite_target_000094,stale,other,expr.c,src/expr.c,expr.c,1477,1477,1484,sqlite3ExprUnmapAndDelete,function,1
sqlaser_sqlite354_r3,sqlite,3,sqlite_target_000095,stale,other,expr.c,src/expr.c,expr.c,175,170,180,,window,1
sqlaser_sqlite354_r3,sqlite,3,sqlite_target_000096,stale,other,expr.c,src/expr.c,expr.c,1829,1829,1832,sqlite3ExprDup,function,1
sqlaser_sqlite354_r3,sqlite,3,sqlite_target_000097,stale,other,expr.c,src/expr.c,expr.c,1833,1833,1874,sqlite3ExprDup,function,1
sqlaser_sqlite354_r3,sqlite,3,sqlite_target_000098,stale,other,expr.c,src/expr.c,expr.c,191,186,196,,window,1
sqlaser_sqlite354_r3,sqlite,3,sqlite_target_000099,stale,other,expr.c,src/expr.c,expr.c,2026,2021,2031,,window,1
sqlaser_sqlite354_r3,sqlite,3,sqlite_target_000100,stale,other,expr.c,src/expr.c,expr.c,2045,2040,2050,,window,1
sqlaser_sqlite354_r3,sqlite,3,sqlite_target_000101,stale,type_system,expr.c,src/expr.c,expr.c,205,205,211,sqlite3ExprSkipCollate,function,1
sqlaser_sqlite354_r3,sqlite,3,sqlite_target_000102,stale,other,expr.c,src/expr.c,expr.c,2066,2061,2071,,window,1
sqlaser_sqlite354_r3,sqlite,3,sqlite_target_000103,stale,other,expr.c,src/expr.c,expr.c,2095,2090,2100,,window,1
sqlaser_sqlite354_r3,sqlite,3,sqlite_target_000104,stale,other,expr.c,src/expr.c,expr.c,2157,2157,2185,sqlite3ExprListSetSortOrder,function,1
sqlaser_sqlite354_r3,sqlite,3,sqlite_target_000105,stale,type_system,expr.c,src/expr.c,expr.c,218,218,232,sqlite3ExprSkipCollateAndLikely,function,1
sqlaser_sqlite354_r3,sqlite,3,sqlite_target_000106,stale,other,expr.c,src/expr.c,expr.c,2195,2190,2200,,window,1
sqlaser_sqlite354_r3,sqlite,3,sqlite_target_000107,stale,other,expr.c,src/expr.c,expr.c,2230,2225,2235,,window,1
sqlaser_sqlite354_r3,sqlite,3,sqlite_target_000108,stale,other,expr.c,src/expr.c,expr.c,2252,2247,2257,,window,1
sqlaser_sqlite354_r3,sqlite,3,sqlite_target_000109,stale,other,expr.c,src/expr.c,expr.c,2280,2280,2282,,function,1
sqlaser_sqlite354_r3,sqlite,3,sqlite_target_000110,stale,other,expr.c,src/expr.c,expr.c,2291,2291,2301,sqlite3ExprListFlags,function,1
sqlaser_sqlite354_r3,sqlite,3,sqlite_target_000111,stale,other,expr.c,src/expr.c,expr.c,2336,2336,2347,sqlite3ExprIdToTrueFalse,function,1
sqlaser_sqlite354_r3,sqlite,3,sqlite_target_000112,stale,other,expr.c,src/expr.c,expr.c,2353,2353,2360,sqlite3ExprTruthValue,function,1
sqlaser_sqlite354_r3,sqlite,3,sqlite_target_000113,stale,other,expr.c,src/expr.c,expr.c,2375,2375,2387,,function,1
sqlaser_sqlite354_r3,sqlite,3,sqlite_target_000114,stale,other,expr.c,src/expr.c,expr.c,248,248,309,sqlite3ExprCollSeq,function,1
sqlaser_sqlite354_r3,sqlite,3,sqlite_target_000115,stale,other,expr.c,src/expr.c,expr.c,2647,2647,2649,sqlite3ExprIsConstant,function,0
sqlaser_sqlite354_r3,sqlite,3,sqlite_target_000116,stale,other,expr.c,src/expr.c,expr.c,2664,2664,2666,sqlite3ExprCodeRunJustOnce,function,0
sqlaser_sqlite354_r3,sqlite,3,sqlite_target_000117,stale,catalog_metadata,expr.c,src/expr.c,expr.c,2693,2693,2709,sqlite3ExprIsTableConstant,function,1
sqlaser_sqlite354_r3,sqlite,3,sqlite_target_000118,stale,other,expr.c,src/expr.c,expr.c,2755,2750,2760,,window,1
sqlaser_sqlite354_r3,sqlite,3,sqlite_target_000119,stale,other,expr.c,src/expr.c,expr.c,2836,2836,2845,sqlite3ExprIsConstantOrGroupBy,function,0
sqlaser_sqlite354_r3,sqlite,3,sqlite_target_000120,stale,other,expr.c,src/expr.c,expr.c,2868,2868,2871,string,function,1
sqlaser_sqlite354_r3,sqlite,3,sqlite_target_000121,stale,other,expr.c,src/expr.c,expr.c,2901,2901,2951,parameter,function,1
sqlaser_sqlite354_r3,sqlite,3,sqlite_target_000122,stale,other,expr.c,src/expr.c,expr.c,2967,2967,2996,negative,function,1
sqlaser_sqlite354_r3,sqlite,3,sqlite_target_000123,stale,other,expr.c,src/expr.c,expr.c,3008,3008,3039,sqlite3ExprNeedsNoAffinityChange,function,1
sqlaser_sqlite354_r3,sqlite,3,sqlite_target_000124,stale,other,expr.c,src/expr.c,expr.c,321,321,326,sqlite3ExprCollSeq,function,1
sqlaser_sqlite354_r3,sqlite,3,sqlite_target_000125,stale,other,expr.c,src/expr.c,expr.c,331,331,337,sqlite3ExprCollSeqMatch,function,1
sqlaser_sqlite354_r3,sqlite,3,sqlite_target_000126,stale,other,expr.c,src/expr.c,expr.c,3990,3990,4002,IN,function,1
sqlaser_sqlite354_r3,sqlite,3,sqlite_target_000127,stale,other,expr.c,src/expr.c,expr.c,4031,4026,4036,,window,1
sqlaser_sqlite354_r3,sqlite,3,sqlite_target_000128,stale,other,expr.c,src/expr.c,expr.c,4361,4356,4366,,window,1
sqlaser_sqlite354_r3,sqlite,3,sqlite_target_000129,stale,other,expr.c,src/expr.c,expr.c,4386,4381,4391,,window,1
sqlaser_sqlite354_r3,sqlite,3,sqlite_target_000130,stale,other,expr.c,src/expr.c,expr.c,4419,4414,4424,,window,1
sqlaser_sqlite354_r3,sqlite,3,sqlite_target_000131,stale,other,expr.c,src/expr.c,expr.c,4476,4471,4481,,window,1
sqlaser_sqlite354_r3,sqlite,3,sqlite_target_000132,stale,other,expr.c,src/expr.c,expr.c,45,45,95,t1,function,1
sqlaser_sqlite354_r3,sqlite,3,sqlite_target_000133,stale,other,expr.c,src/expr.c,expr.c,4500,4500,4502,sqlite3ExprCodeMove,function,0
sqlaser_sqlite354_r3,sqlite,3,sqlite_target_000134,stale,other,expr.c,src/expr.c,expr.c,4509,4509,4520,sqlite3ExprToRegister,function,1
sqlaser_sqlite354_r3,sqlite,3,sqlite_target_000135,stale,other,expr.c,src/expr.c,expr.c,454,454,460,sqlite3BinaryCompareCollSeq,function,1
sqlaser_sqlite354_r3,sqlite,3,sqlite_target_000136,stale,type_system,expr.c,src/expr.c,expr.c,4743,4743,4750,sqlite3ExprCanReturnSubtype,function,0
sqlaser_sqlite354_r3,sqlite,3,sqlite_target_000137,stale,other,expr.c,src/expr.c,expr.c,4943,4943,5771,sqlite3ExprCodeTarget,function,1
sqlaser_sqlite354_r3,sqlite,3,sqlite_target_000138,stale,other,expr.c,src/expr.c,expr.c,501,501,503,sqlite3ExprIsVector,function,0
sqlaser_sqlite354_r3,sqlite,3,sqlite_target_000139,stale,other,expr.c,src/expr.c,expr.c,511,511,523,sqlite3ExprVectorSize,function,1
sqlaser_sqlite354_r3,sqlite,3,sqlite_target_000140,stale,other,expr.c,src/expr.c,expr.c,576,571,581,,window,1
sqlaser_sqlite354_r3,sqlite,3,sqlite_target_000141,stale,other,expr.c,src/expr.c,expr.c,5790,5785,5795,,window,0
sqlaser_sqlite354_r3,sqlite,3,sqlite_target_000142,stale,other,expr.c,src/expr.c,expr.c,5841,5836,5846,,window,1
sqlaser_sqlite354_r3,sqlite,3,sqlite_target_000143,stale,other,expr.c,src/expr.c,expr.c,5869,5869,5890,sqlite3ExprCodeTemp,function,1
sqlaser_sqlite354_r3,sqlite,3,sqlite_target_000144,stale,other,expr.c,src/expr.c,expr.c,5897,5897,5918,sqlite3ExprCode,function,1
sqlaser_sqlite354_r3,sqlite,3,sqlite_target_000145,stale,other,expr.c,src/expr.c,expr.c,5925,5925,5930,sqlite3ExprCodeCopy,function,0
sqlaser_sqlite354_r3,sqlite,3,sqlite_target_000146,stale,other,expr.c,src/expr.c,expr.c,5938,5938,5944,sqlite3ExprCodeFactorable,function,0
sqlaser_sqlite354_r3,sqlite,3,sqlite_target_000147,stale,other,expr.c,src/expr.c,expr.c,5966,5961,5971,,window,0
sqlaser_sqlite354_r3,sqlite,3,sqlite_target_000148,stale,other,expr.c,src/expr.c,expr.c,6113,6113,6268,values,function,1
sqlaser_sqlite354_r3,sqlite,3,sqlite_target_000149,stale,other,expr.c,src/expr.c,expr.c,6279,6279,6468,NULL,function,1
sqlaser_sqlite354_r3,sqlite,3,sqlite_target_000150,stale,other,expr.c,src/expr.c,expr.c,6475,6475,6482,sqlite3ExprIfFalseDup,function,1
sqlaser_sqlite354_r3,sqlite,3,sqlite_target_000151,stale,other,expr.c,src/expr.c,expr.c,6557,6552,6562,,window,0
sqlaser_sqlite354_r3,sqlite,3,sqlite_target_000152,stale,other,expr.c,src/expr.c,expr.c,6659,6659,6672,sqlite3ExprListCompare,function,1
sqlaser_sqlite354_r3,sqlite,3,sqlite_target_000153,stale,other,expr.c,src/expr.c,expr.c,6678,6678,6683,sqlite3ExprCompareSkip,function,1
sqlaser_sqlite354_r3,sqlite,3,sqlite_target_000154,stale,other,expr.c,src/expr.c,expr.c,6767,6767,6774,sqlite3ExprIsNotTrue,function,1
sqlaser_sqlite354_r3,sqlite,3,sqlite_target_000155,stale,other,expr.c,src/expr.c,expr.c,6786,6786,6811,iif,function,1
sqlaser_sqlite354_r3,sqlite,3,sqlite_target_000156,stale,other,expr.c,src/expr.c,expr.c,6840,6835,6845,,window,0
sqlaser_sqlite354_r3,sqlite,3,sqlite_target_000157,stale,other,expr.c,src/expr.c,expr.c,7024,7024,7044,sqlite3ExprImpliesNonNullRow,function,1
sqlaser_sqlite354_r3,sqlite,3,sqlite_target_000158,stale,other,expr.c,src/expr.c,expr.c,7084,7079,7089,,window,0
sqlaser_sqlite354_r3,sqlite,3,sqlite_target_000159,stale,other,expr.c,src/expr.c,expr.c,7562,7562,7572,sqlite3ResolveExprNames,function,1
sqlaser_sqlite354_r3,sqlite,3,sqlite_target_000160,stale,other,expr.c,src/expr.c,expr.c,7580,7580,7588,sqlite3ExprAnalyzeAggregates,function,1
sqlaser_sqlite354_r3,sqlite,3,sqlite_target_000161,stale,other,expr.c,src/expr.c,expr.c,794,794,804,sqlite3ExprCheckHeight,function,1
sqlaser_sqlite354_r3,sqlite,3,sqlite_target_000162,stale,other,expr.c,src/expr.c,expr.c,874,874,878,sqlite3ExprSetHeightAndFlags,function,1
sqlaser_sqlite354_r3,sqlite,3,sqlite_target_000163,stale,other,expr.c,src/expr.c,expr.c,906,906,910,sqlite3ExprSetErrorOffset,function,1
sqlaser_sqlite354_r3,sqlite,3,sqlite_target_000164,stale,other,expr.c,src/expr.c,expr.c,933,928,938,,window,1
sqlaser_sqlite354_r3,sqlite,3,sqlite_target_000165,stale,other,expr.c,src/expr.c,expr.c,983,983,996,sqlite3ExprInt32,function,1
sqlaser_sqlite354_r3,sqlite,3,sqlite_target_000166,stale,other,insert.c,src/insert.c,insert.c,1718,1713,1723,,window,1
sqlaser_sqlite354_r3,sqlite,3,sqlite_target_000167,stale,other,insert.c,src/insert.c,insert.c,894,889,899,,window,0
sqlaser_sqlite354_r3,sqlite,3,sqlite_target_000168,stale,other,resolve.c,src/resolve.c,resolve.c,179,179,200,sqlite3ExprColUsed,function,1
sqlaser_sqlite354_r3,sqlite,3,sqlite_target_000169,stale,other,select.c,src/select.c,select.c,7578,7573,7583,,window,0
sqlaser_sqlite354_r3,sqlite,3,sqlite_target_000170,stale,type_system,update.c,src/update.c,update.c,285,280,290,,window,0
sqlaser_sqlite354_r3,sqlite,3,sqlite_target_000171,stale,executor,vdbe.c,src/vdbe.c,vdbe.c,436,436,449,sqlite3_value_numeric_type,function,1
sqlaser_sqlite354_r3,sqlite,3,sqlite_target_000172,stale,executor,vdbe.c,src/vdbe.c,vdbe.c,720,715,725,,window,0
sqlaser_sqlite354_r3,sqlite,3,sqlite_target_000173,stale,executor,vdbe.c,src/vdbe.c,vdbe.c,806,801,811,,window,0
sqlaser_sqlite354_r3,sqlite,3,sqlite_target_000174,stale,executor,vdbe.c,src/vdbe.c,vdbe.c,835,830,840,,window,1
sqlaser_sqlite354_r3,sqlite,3,sqlite_target_000175,stale,executor,vdbe.c,src/vdbe.c,vdbe.c,866,866,875,vdbeMemTypeName,function,1
sqlaser_sqlite354_r3,sqlite,3,sqlite_target_000176,stale,executor,vdbe.c,src/vdbe.c,vdbe.c,881,876,886,,window,1
sqlaser_sqlite354_r3,sqlite,3,sqlite_target_000177,stale,executor,vdbeapi.c,src/vdbeapi.c,vdbeapi.c,1654,1654,1691,assert,function,1
sqlaser_sqlite354_r3,sqlite,3,sqlite_target_000178,stale,executor,vdbeapi.c,src/vdbeapi.c,vdbeapi.c,1953,1953,1956,sqlite3VdbeParameterIndex,function,0
sqlaser_sqlite354_r3,sqlite,3,sqlite_target_000179,stale,executor,vdbeapi.c,src/vdbeapi.c,vdbeapi.c,40,40,47,vdbeSafety,function,1
sqlaser_sqlite354_r3,sqlite,3,sqlite_target_000180,stale,executor,vdbeapi.c,src/vdbeapi.c,vdbeapi.c,48,48,55,vdbeSafetyNotNull,function,1
sqlaser_sqlite354_r3,sqlite,3,sqlite_target_000181,stale,executor,vdbeapi.c,src/vdbeapi.c,vdbeapi.c,913,913,960,sqlite3_step,function,1
sqlaser_sqlite354_r3,sqlite,3,sqlite_target_000182,stale,executor,vdbeaux.c,src/vdbeaux.c,vdbeaux.c,1075,1075,1078,sqlite3VdbeCurrentAddr,function,0
sqlaser_sqlite354_r3,sqlite,3,sqlite_target_000183,stale,executor,vdbeaux.c,src/vdbeaux.c,vdbeaux.c,1132,1132,1143,sqlite3VdbeTakeOpArray,function,1
sqlaser_sqlite354_r3,sqlite,3,sqlite_target_000184,stale,executor,vdbeaux.c,src/vdbeaux.c,vdbeaux.c,1152,1147,1157,,window,1
sqlaser_sqlite354_r3,sqlite,3,sqlite_target_000185,stale,executor,vdbeaux.c,src/vdbeaux.c,vdbeaux.c,127,127,152,sqlite3VdbeSwap,function,1
sqlaser_sqlite354_r3,sqlite,3,sqlite_target_000186,stale,executor,vdbeaux.c,src/vdbeaux.c,vdbeaux.c,1291,1291,1294,sqlite3VdbeChangeOpcode,function,1
sqlaser_sqlite354_r3,sqlite,3,sqlite_target_000187,stale,executor,vdbeaux.c,src/vdbeaux.c,vdbeaux.c,1295,1295,1298,sqlite3VdbeChangeOpcode,function,1
sqlaser_sqlite354_r3,sqlite,3,sqlite_target_000188,stale,executor,vdbeaux.c,src/vdbeaux.c,vdbeaux.c,1299,1299,1302,sqlite3VdbeChangeP1,function,1
sqlaser_sqlite354_r3,sqlite,3,sqlite_target_000189,stale,executor,vdbeaux.c,src/vdbeaux.c,vdbeaux.c,1303,1303,1306,sqlite3VdbeChangeP2,function,0
sqlaser_sqlite354_r3,sqlite,3,sqlite_target_000190,stale,executor,vdbeaux.c,src/vdbeaux.c,vdbeaux.c,1307,1307,1310,sqlite3VdbeChangeP3,function,1
sqlaser_sqlite354_r3,sqlite,3,sqlite_target_000191,stale,executor,vdbeaux.c,src/vdbeaux.c,vdbeaux.c,1317,1317,1325,sqlite3VdbeTypeofColumn,function,1
sqlaser_sqlite354_r3,sqlite,3,sqlite_target_000192,stale,executor,vdbeaux.c,src/vdbeaux.c,vdbeaux.c,1331,1331,1333,sqlite3VdbeJumpHere,function,0
sqlaser_sqlite354_r3,sqlite,3,sqlite_target_000193,stale,executor,vdbeaux.c,src/vdbeaux.c,vdbeaux.c,1348,1348,1361,sqlite3VdbeJumpHereOrPopInst,function,1
sqlaser_sqlite354_r3,sqlite,3,sqlite_target_000194,stale,executor,vdbeaux.c,src/vdbeaux.c,vdbeaux.c,1378,1378,1381,freeP4Mem,function,1
sqlaser_sqlite354_r3,sqlite,3,sqlite_target_000195,stale,executor,vdbeaux.c,src/vdbeaux.c,vdbeaux.c,1445,1445,1460,vdbeFreeOpArray,function,1
sqlaser_sqlite354_r3,sqlite,3,sqlite_target_000196,stale,parser,vdbeaux.c,src/vdbeaux.c,vdbeaux.c,1467,1467,1470,sqlite3VdbeLinkSubProgram,function,0
sqlaser_sqlite354_r3,sqlite,3,sqlite_target_000197,stale,parser,vdbeaux.c,src/vdbeaux.c,vdbeaux.c,1475,1475,1477,sqlite3VdbeHasSubProgram,function,1
sqlaser_sqlite354_r3,sqlite,3,sqlite_target_000198,stale,executor,vdbeaux.c,src/vdbeaux.c,vdbeaux.c,1482,1482,1492,sqlite3VdbeChangeToNoop,function,1
sqlaser_sqlite354_r3,sqlite,3,sqlite_target_000199,stale,executor,vdbeaux.c,src/vdbeaux.c,vdbeaux.c,1498,1498,1504,sqlite3VdbeDeletePriorOpcode,function,0
sqlaser_sqlite354_r3,sqlite,3,sqlite_target_000200,stale,executor,vdbeaux.c,src/vdbeaux.c,vdbeaux.c,1557,1552,1562,,window,1
sqlaser_sqlite354_r3,sqlite,3,sqlite_target_000201,stale,executor,vdbeaux.c,src/vdbeaux.c,vdbeaux.c,1576,1576,1608,,function,1
sqlaser_sqlite354_r3,sqlite,3,sqlite_target_000202,stale,executor,vdbeaux.c,src/vdbeaux.c,vdbeaux.c,1619,1619,1633,sqlite3VdbeChangeP4,function,1
sqlaser_sqlite354_r3,sqlite,3,sqlite_target_000203,stale,executor,vdbeaux.c,src/vdbeaux.c,vdbeaux.c,1639,1639,1646,sqlite3VdbeSetP4KeyInfo,function,1
sqlaser_sqlite354_r3,sqlite,3,sqlite_target_000204,stale,executor,vdbeaux.c,src/vdbeaux.c,vdbeaux.c,1705,1705,1716,sqlite3VdbeGetOp,function,1
sqlaser_sqlite354_r3,sqlite,3,sqlite_target_000205,stale,executor,vdbeaux.c,src/vdbeaux.c,vdbeaux.c,1720,1720,1722,sqlite3VdbeGetLastOp,function,0
sqlaser_sqlite354_r3,sqlite,3,sqlite_target_000206,stale,executor,vdbeaux.c,src/vdbeaux.c,vdbeaux.c,1914,1914,2033,sqlite3VdbeDisplayP4,function,0
sqlaser_sqlite354_r3,sqlite,3,sqlite_target_000207,stale,executor,vdbeaux.c,src/vdbeaux.c,vdbeaux.c,2044,2044,2051,sqlite3VdbeUsesBtree,function,0
sqlaser_sqlite354_r3,sqlite,3,sqlite_target_000208,stale,executor,vdbeaux.c,src/vdbeaux.c,vdbeaux.c,2075,2075,2089,sqlite3VdbeEnter,function,1
sqlaser_sqlite354_r3,sqlite,3,sqlite_target_000209,stale,executor,vdbeaux.c,src/vdbeaux.c,vdbeaux.c,2096,2096,2109,,function,1
sqlaser_sqlite354_r3,sqlite,3,sqlite_target_000210,stale,executor,vdbeaux.c,src/vdbeaux.c,vdbeaux.c,2110,2110,2113,,function,0
sqlaser_sqlite354_r3,sqlite,3,sqlite_target_000211,stale,executor,vdbeaux.c,src/vdbeaux.c,vdbeaux.c,2164,2164,2178,initMemArray,function,1
sqlaser_sqlite354_r3,sqlite,3,sqlite_target_000212,stale,executor,vdbeaux.c,src/vdbeaux.c,vdbeaux.c,2188,2188,2233,releaseMemArray,function,1
sqlaser_sqlite354_r3,sqlite,3,sqlite_target_000213,stale,executor,vdbeaux.c,src/vdbeaux.c,vdbeaux.c,2256,2256,2261,sqlite3VdbeFrameMemDel,function,0
sqlaser_sqlite354_r3,sqlite,3,sqlite_target_000214,stale,executor,vdbeaux.c,src/vdbeaux.c,vdbeaux.c,2271,2266,2276,,window,0
sqlaser_sqlite354_r3,sqlite,3,sqlite_target_000215,stale,executor,vdbeaux.c,src/vdbeaux.c,vdbeaux.c,2383,2383,2394,sqlite3VdbeFrameDelete,function,0
sqlaser_sqlite354_r3,sqlite,3,sqlite_target_000216,stale,executor,vdbeaux.c,src/vdbeaux.c,vdbeaux.c,2415,2410,2420,,window,0
sqlaser_sqlite354_r3,sqlite,3,sqlite_target_000217,stale,executor,vdbeaux.c,src/vdbeaux.c,vdbeaux.c,25,25,47,vdbeFreeOpArray,function,1
sqlaser_sqlite354_r3,sqlite,3,sqlite_target_000218,stale,executor,vdbeaux.c,src/vdbeaux.c,vdbeaux.c,2602,2602,2636,sqlite3VdbeRewind,function,1
sqlaser_sqlite354_r3,sqlite,3,sqlite_target_000219,stale,executor,vdbeaux.c,src/vdbeaux.c,vdbeaux.c,263,263,265,sqlite3VdbeAddOp0,function,1
sqlaser_sqlite354_r3,sqlite,3,sqlite_target_000220,stale,executor,vdbeaux.c,src/vdbeaux.c,vdbeaux.c,2656,2651,2661,,window,1
sqlaser_sqlite354_r3,sqlite,3,sqlite_target_000221,stale,executor,vdbeaux.c,src/vdbeaux.c,vdbeaux.c,266,266,268,sqlite3VdbeAddOp0,function,1
sqlaser_sqlite354_r3,sqlite,3,sqlite_target_000222,stale,executor,vdbeaux.c,src/vdbeaux.c,vdbeaux.c,269,269,271,sqlite3VdbeAddOp3,function,1
sqlaser_sqlite354_r3,sqlite,3,sqlite_target_000223,stale,executor,vdbeaux.c,src/vdbeaux.c,vdbeaux.c,272,272,316,sqlite3VdbeAddOp3,function,1
sqlaser_sqlite354_r3,sqlite,3,sqlite_target_000224,stale,executor,vdbeaux.c,src/vdbeaux.c,vdbeaux.c,2759,2759,2761,sqlite3VdbeFreeCursor,function,1
sqlaser_sqlite354_r3,sqlite,3,sqlite_target_000225,stale,executor,vdbeaux.c,src/vdbeaux.c,vdbeaux.c,2762,2762,2773,sqlite3VdbeFreeCursor,function,1
sqlaser_sqlite354_r3,sqlite,3,sqlite_target_000226,stale,executor,vdbeaux.c,src/vdbeaux.c,vdbeaux.c,2774,2774,2800,sqlite3DbFree,function,1
sqlaser_sqlite354_r3,sqlite,3,sqlite_target_000227,stale,executor,vdbeaux.c,src/vdbeaux.c,vdbeaux.c,2805,2805,2814,closeCursorsInFrame,function,1
sqlaser_sqlite354_r3,sqlite,3,sqlite_target_000228,stale,executor,vdbeaux.c,src/vdbeaux.c,vdbeaux.c,2821,2821,2837,sqlite3VdbeFrameRestore,function,0
sqlaser_sqlite354_r3,sqlite,3,sqlite_target_000229,stale,executor,vdbeaux.c,src/vdbeaux.c,vdbeaux.c,2847,2847,2867,closeAllCursors,function,1
sqlaser_sqlite354_r3,sqlite,3,sqlite_target_000230,stale,executor,vdbeaux.c,src/vdbeaux.c,vdbeaux.c,2875,2875,2888,sqlite3_column_count,function,1
sqlaser_sqlite354_r3,sqlite,3,sqlite_target_000231,stale,executor,vdbeaux.c,src/vdbeaux.c,vdbeaux.c,2900,2895,2905,,window,1
sqlaser_sqlite354_r3,sqlite,3,sqlite_target_000232,stale,executor,vdbeaux.c,src/vdbeaux.c,vdbeaux.c,2928,2928,3184,vdbeCommit,function,1
sqlaser_sqlite354_r3,sqlite,3,sqlite_target_000233,stale,executor,vdbeaux.c,src/vdbeaux.c,vdbeaux.c,317,312,322,,window,1
sqlaser_sqlite354_r3,sqlite,3,sqlite_target_000234,stale,executor,vdbeaux.c,src/vdbeaux.c,vdbeaux.c,3228,3228,3273,vdbeCloseStatement,function,1
sqlaser_sqlite354_r3,sqlite,3,sqlite_target_000235,stale,executor,vdbeaux.c,src/vdbeaux.c,vdbeaux.c,3274,3274,3279,sqlite3VdbeCloseStatement,function,0
sqlaser_sqlite354_r3,sqlite,3,sqlite_target_000236,stale,executor,vdbeaux.c,src/vdbeaux.c,vdbeaux.c,3293,3293,3299,vdbeFkError,function,1
sqlaser_sqlite354_r3,sqlite,3,sqlite_target_000237,stale,executor,vdbeaux.c,src/vdbeaux.c,vdbeaux.c,3300,3300,3303,sqlite3VdbeError,function,0
sqlaser_sqlite354_r3,sqlite,3,sqlite_target_000238,stale,executor,vdbeaux.c,src/vdbeaux.c,vdbeaux.c,3304,3304,3308,sqlite3VdbeCheckFkImmediate,function,0
sqlaser_sqlite354_r3,sqlite,3,sqlite_target_000239,stale,executor,vdbeaux.c,src/vdbeaux.c,vdbeaux.c,3324,3324,3526,sqlite3VdbeHalt,function,1
sqlaser_sqlite354_r3,sqlite,3,sqlite_target_000240,stale,executor,vdbeaux.c,src/vdbeaux.c,vdbeaux.c,3533,3533,3535,sqlite3VdbeResetStepResult,function,0
sqlaser_sqlite354_r3,sqlite,3,sqlite_target_000241,stale,executor,vdbeaux.c,src/vdbeaux.c,vdbeaux.c,3545,3545,3561,sqlite3_errcode,function,1
sqlaser_sqlite354_r3,sqlite,3,sqlite_target_000242,stale,executor,vdbeaux.c,src/vdbeaux.c,vdbeaux.c,3595,3595,3680,sqlite3VdbeReset,function,1
sqlaser_sqlite354_r3,sqlite,3,sqlite_target_000243,stale,executor,vdbeaux.c,src/vdbeaux.c,vdbeaux.c,3686,3686,3697,sqlite3VdbeFinalize,function,1
sqlaser_sqlite354_r3,sqlite,3,sqlite_target_000244,stale,executor,vdbeaux.c,src/vdbeaux.c,vdbeaux.c,369,369,371,sqlite3VdbeGoto,function,1
sqlaser_sqlite354_r3,sqlite,3,sqlite_target_000245,stale,executor,vdbeaux.c,src/vdbeaux.c,vdbeaux.c,3743,3743,3782,sqlite3VdbeDelete,function,1
sqlaser_sqlite354_r3,sqlite,3,sqlite_target_000246,stale,executor,vdbeaux.c,src/vdbeaux.c,vdbeaux.c,376,376,378,sqlite3VdbeLoadString,function,1
sqlaser_sqlite354_r3,sqlite,3,sqlite_target_000247,stale,executor,vdbeaux.c,src/vdbeaux.c,vdbeaux.c,3787,3787,3803,sqlite3VdbeDelete,function,1
sqlaser_sqlite354_r3,sqlite,3,sqlite_target_000248,stale,executor,vdbeaux.c,src/vdbeaux.c,vdbeaux.c,3810,3810,3827,sqlite3VdbeFinishMoveto,function,1
sqlaser_sqlite354_r3,sqlite,3,sqlite_target_000249,stale,executor,vdbeaux.c,src/vdbeaux.c,vdbeaux.c,3836,3836,3845,sqlite3VdbeHandleMovedCursor,function,1
sqlaser_sqlite354_r3,sqlite,3,sqlite_target_000250,stale,executor,vdbeaux.c,src/vdbeaux.c,vdbeaux.c,3851,3851,3857,sqlite3VdbeCursorRestore,function,0
sqlaser_sqlite354_r3,sqlite,3,sqlite_target_000251,stale,executor,vdbeaux.c,src/vdbeaux.c,vdbeaux.c,391,391,409,sqlite3VdbeMultiLoad,function,1
sqlaser_sqlite354_r3,sqlite,3,sqlite_target_000252,stale,executor,vdbeaux.c,src/vdbeaux.c,vdbeaux.c,3997,3997,4005,sqlite3VdbeSerialTypeLen,function,1
sqlaser_sqlite354_r3,sqlite,3,sqlite_target_000253,stale,executor,vdbeaux.c,src/vdbeaux.c,vdbeaux.c,4006,4006,4009,assert,function,0
sqlaser_sqlite354_r3,sqlite,3,sqlite_target_000254,stale,executor,vdbeaux.c,src/vdbeaux.c,vdbeaux.c,4132,4127,4137,,window,1
sqlaser_sqlite354_r3,sqlite,3,sqlite_target_000255,stale,executor,vdbeaux.c,src/vdbeaux.c,vdbeaux.c,414,409,419,,window,0
sqlaser_sqlite354_r3,sqlite,3,sqlite_target_000256,stale,executor,vdbeaux.c,src/vdbeaux.c,vdbeaux.c,4231,4226,4236,,window,1
sqlaser_sqlite354_r3,sqlite,3,sqlite_target_000257,stale,executor,vdbeaux.c,src/vdbeaux.c,vdbeaux.c,4251,4246,4256,,window,1
sqlaser_sqlite354_r3,sqlite,3,sqlite_target_000258,stale,executor,vdbeaux.c,src/vdbeaux.c,vdbeaux.c,438,433,443,,window,0
sqlaser_sqlite354_r3,sqlite,3,sqlite_target_000259,stale,executor,vdbeaux.c,src/vdbeaux.c,vdbeaux.c,4459,4454,4464,,window,1
sqlaser_sqlite354_r3,sqlite,3,sqlite_target_000260,stale,executor,vdbeaux.c,src/vdbeaux.c,vdbeaux.c,4485,4480,4490,,window,1
sqlaser_sqlite354_r3,sqlite,3,sqlite_target_000261,stale,executor,vdbeaux.c,src/vdbeaux.c,vdbeaux.c,4588,4588,4677,memcmp,function,1
sqlaser_sqlite354_r3,sqlite,3,sqlite_target_000262,stale,executor,vdbeaux.c,src/vdbeaux.c,vdbeaux.c,4687,4687,4719,vdbeRecordDecodeInt,function,1
sqlaser_sqlite354_r3,sqlite,3,sqlite_target_000263,stale,executor,vdbeaux.c,src/vdbeaux.c,vdbeaux.c,474,469,479,,window,0
sqlaser_sqlite354_r3,sqlite,3,sqlite_target_000264,stale,executor,vdbeaux.c,src/vdbeaux.c,vdbeaux.c,4742,4737,4747,,window,1
sqlaser_sqlite354_r3,sqlite,3,sqlite_target_000265,stale,executor,vdbeaux.c,src/vdbeaux.c,vdbeaux.c,493,493,498,sqlite3VdbeExplainParent,function,1
sqlaser_sqlite354_r3,sqlite,3,sqlite_target_000266,stale,executor,vdbeaux.c,src/vdbeaux.c,vdbeaux.c,4963,4958,4968,,window,0
sqlaser_sqlite354_r3,sqlite,3,sqlite_target_000267,stale,executor,vdbeaux.c,src/vdbeaux.c,vdbeaux.c,4980,4975,4985,,window,1
sqlaser_sqlite354_r3,sqlite,3,sqlite_target_000268,stale,executor,vdbeaux.c,src/vdbeaux.c,vdbeaux.c,5075,5070,5080,,window,1
sqlaser_sqlite354_r3,sqlite,3,sqlite_target_000269,stale,executor,vdbeaux.c,src/vdbeaux.c,vdbeaux.c,5145,5145,5190,sqlite3VdbeFindCompare,function,1
sqlaser_sqlite354_r3,sqlite,3,sqlite_target_000270,stale,executor,vdbeaux.c,src/vdbeaux.c,vdbeaux.c,517,517,543,sqlite3VdbeExplainPop,function,1
sqlaser_sqlite354_r3,sqlite,3,sqlite_target_000271,stale,parser,vdbeaux.c,src/vdbeaux.c,vdbeaux.c,52,52,54,sqlite3VdbeParser,function,1
sqlaser_sqlite354_r3,sqlite,3,sqlite_target_000272,stale,executor,vdbeaux.c,src/vdbeaux.c,vdbeaux.c,5200,5200,5266,sqlite3VdbeIdxRowid,function,1
sqlaser_sqlite354_r3,sqlite,3,sqlite_target_000273,stale,executor,vdbeaux.c,src/vdbeaux.c,vdbeaux.c,5279,5274,5284,,window,1
sqlaser_sqlite354_r3,sqlite,3,sqlite_target_000274,stale,executor,vdbeaux.c,src/vdbeaux.c,vdbeaux.c,5324,5324,5326,sqlite3VdbeCountChanges,function,0
sqlaser_sqlite354_r3,sqlite,3,sqlite_target_000275,stale,executor,vdbeaux.c,src/vdbeaux.c,vdbeaux.c,5356,5356,5358,sqlite3VdbeDb,function,0
sqlaser_sqlite354_r3,sqlite,3,sqlite_target_000276,stale,executor,vdbeaux.c,src/vdbeaux.c,vdbeaux.c,5363,5363,5365,sqlite3VdbePrepareFlags,function,0
sqlaser_sqlite354_r3,sqlite,3,sqlite_target_000277,stale,executor,vdbeaux.c,src/vdbeaux.c,vdbeaux.c,5375,5375,5391,aff,function,1
sqlaser_sqlite354_r3,sqlite,3,sqlite_target_000278,stale,executor,vdbeaux.c,src/vdbeaux.c,vdbeaux.c,5398,5398,5407,sqlite3VdbeSetVarmask,function,0
sqlaser_sqlite354_r3,sqlite,3,sqlite_target_000279,stale,executor,vdbeaux.c,src/vdbeaux.c,vdbeaux.c,5420,5415,5425,,window,0
sqlaser_sqlite354_r3,sqlite,3,sqlite_target_000280,stale,executor,vdbeaux.c,src/vdbeaux.c,vdbeaux.c,5453,5448,5458,,window,0
sqlaser_sqlite354_r3,sqlite,3,sqlite_target_000281,stale,executor,vdbeaux.c,src/vdbeaux.c,vdbeaux.c,548,548,551,sqlite3VdbeExplainPop,function,1
sqlaser_sqlite354_r3,sqlite,3,sqlite_target_000282,stale,executor,vdbeaux.c,src/vdbeaux.c,vdbeaux.c,5551,5546,5556,,window,0
sqlaser_sqlite354_r3,sqlite,3,sqlite_target_000283,stale,executor,vdbeaux.c,src/vdbeaux.c,vdbeaux.c,571,571,578,sqlite3DbMalloc,function,1
sqlaser_sqlite354_r3,sqlite,3,sqlite_target_000284,stale,executor,vdbeaux.c,src/vdbeaux.c,vdbeaux.c,582,582,593,sqlite3MayAbort,function,0
sqlaser_sqlite354_r3,sqlite,3,sqlite_target_000285,stale,executor,vdbeaux.c,src/vdbeaux.c,vdbeaux.c,59,59,65,sqlite3VdbeError,function,1
sqlaser_sqlite354_r3,sqlite,3,sqlite_target_000286,stale,executor,vdbeaux.c,src/vdbeaux.c,vdbeaux.c,620,620,622,sqlite3VdbeMakeLabel,function,0
sqlaser_sqlite354_r3,sqlite,3,sqlite_target_000287,stale,executor,vdbeaux.c,src/vdbeaux.c,vdbeaux.c,647,647,664,sqlite3VdbeResolveLabel,function,1
sqlaser_sqlite354_r3,sqlite,3,sqlite_target_000288,stale,executor,vdbeaux.c,src/vdbeaux.c,vdbeaux.c,669,669,671,sqlite3VdbeRunOnlyOnce,function,1
sqlaser_sqlite354_r3,sqlite,3,sqlite_target_000289,stale,executor,vdbeaux.c,src/vdbeaux.c,vdbeaux.c,676,676,684,sqlite3VdbeReusable,function,0
sqlaser_sqlite354_r3,sqlite,3,sqlite_target_000290,stale,executor,vdbeaux.c,src/vdbeaux.c,vdbeaux.c,70,70,78,sqlite3VdbeSetSql,function,1
sqlaser_sqlite354_r3,sqlite,3,sqlite_target_000291,stale,executor,vdbemem.c,src/vdbemem.c,vdbemem.c,1009,1009,1017,sqlite3VdbeMemSetZeroBlob,function,1
sqlaser_sqlite354_r3,sqlite,3,sqlite_target_000292,stale,executor,vdbemem.c,src/vdbemem.c,vdbemem.c,1039,1039,1043,vdbeReleaseAndSetInt64,function,1
sqlaser_sqlite354_r3,sqlite,3,sqlite_target_000293,stale,executor,vdbemem.c,src/vdbemem.c,vdbemem.c,1049,1049,1056,sqlite3VdbeMemSetInt64,function,1
sqlaser_sqlite354_r3,sqlite,3,sqlite_target_000294,stale,executor,vdbemem.c,src/vdbemem.c,vdbemem.c,106,106,135,vdbeMemRenderNum,function,1
sqlaser_sqlite354_r3,sqlite,3,sqlite_target_000295,stale,executor,vdbemem.c,src/vdbemem.c,vdbemem.c,1072,1067,1077,,window,1
sqlaser_sqlite354_r3,sqlite,3,sqlite_target_000296,stale,executor,vdbemem.c,src/vdbemem.c,vdbemem.c,1092,1092,1098,sqlite3VdbeMemSetDouble,function,1
sqlaser_sqlite354_r3,sqlite,3,sqlite_target_000297,stale,executor,vdbemem.c,src/vdbemem.c,vdbemem.c,1119,1119,1131,sqlite3VdbeMemSetRowSet,function,1
sqlaser_sqlite354_r3,sqlite,3,sqlite_target_000298,stale,executor,vdbemem.c,src/vdbemem.c,vdbemem.c,1137,1137,1147,sqlite3VdbeMemTooBig,function,1
sqlaser_sqlite354_r3,sqlite,3,sqlite_target_000299,stale,executor,vdbemem.c,src/vdbemem.c,vdbemem.c,1196,1196,1200,srcType,function,1
sqlaser_sqlite354_r3,sqlite,3,sqlite_target_000300,stale,executor,vdbemem.c,src/vdbemem.c,vdbemem.c,1201,1201,1211,vdbeClrCopy,function,1
sqlaser_sqlite354_r3,sqlite,3,sqlite_target_000301,stale,executor,vdbemem.c,src/vdbemem.c,vdbemem.c,1217,1217,1232,sqlite3VdbeMemCopy,function,1
sqlaser_sqlite354_r3,sqlite,3,sqlite_target_000302,stale,executor,vdbemem.c,src/vdbemem.c,vdbemem.c,1240,1240,1249,sqlite3VdbeMemMove,function,1
sqlaser_sqlite354_r3,sqlite,3,sqlite_target_000303,stale,executor,vdbemem.c,src/vdbemem.c,vdbemem.c,1273,1268,1278,,window,0
sqlaser_sqlite354_r3,sqlite,3,sqlite_target_000304,stale,executor,vdbemem.c,src/vdbemem.c,vdbemem.c,1374,1369,1379,,window,1
sqlaser_sqlite354_r3,sqlite,3,sqlite_target_000305,stale,executor,vdbemem.c,src/vdbemem.c,vdbemem.c,1462,1457,1467,,window,1
sqlaser_sqlite354_r3,sqlite,3,sqlite_target_000306,stale,executor,vdbemem.c,src/vdbemem.c,vdbemem.c,1490,1485,1495,,window,1
sqlaser_sqlite354_r3,sqlite,3,sqlite_target_000307,stale,executor,vdbemem.c,src/vdbemem.c,vdbemem.c,212,212,241,successful,function,1
sqlaser_sqlite354_r3,sqlite,3,sqlite_target_000308,stale,executor,vdbemem.c,src/vdbemem.c,vdbemem.c,251,251,299,sqlite3VdbeMemGrow,function,1
sqlaser_sqlite354_r3,sqlite,3,sqlite_target_000309,stale,executor,vdbemem.c,src/vdbemem.c,vdbemem.c,314,314,324,code,function,1
sqlaser_sqlite354_r3,sqlite,3,sqlite_target_000310,stale,executor,vdbemem.c,src/vdbemem.c,vdbemem.c,336,336,362,sqlite3VdbeMemZeroTerminateIfAble,function,1
sqlaser_sqlite354_r3,sqlite,3,sqlite_target_000311,stale,executor,vdbemem.c,src/vdbemem.c,vdbemem.c,373,373,382,vdbeMemAddTerminator,function,1
sqlaser_sqlite354_r3,sqlite,3,sqlite_target_000312,stale,executor,vdbemem.c,src/vdbemem.c,vdbemem.c,390,390,407,sqlite3VdbeMemMakeWriteable,function,1
sqlaser_sqlite354_r3,sqlite,3,sqlite_target_000313,stale,executor,vdbemem.c,src/vdbemem.c,vdbemem.c,414,414,439,sqlite3VdbeMemExpandBlob,function,1
sqlaser_sqlite354_r3,sqlite,3,sqlite_target_000314,stale,executor,vdbemem.c,src/vdbemem.c,vdbemem.c,445,445,455,sqlite3VdbeMemNulTerminate,function,1
sqlaser_sqlite354_r3,sqlite,3,sqlite_target_000315,stale,executor,vdbemem.c,src/vdbemem.c,vdbemem.c,471,471,496,user,function,1
sqlaser_sqlite354_r3,sqlite,3,sqlite_target_000316,stale,executor,vdbemem.c,src/vdbemem.c,vdbemem.c,506,506,528,sqlite3VdbeMemFinalize,function,1
sqlaser_sqlite354_r3,sqlite,3,sqlite_target_000317,stale,executor,vdbemem.c,src/vdbemem.c,vdbemem.c,539,539,554,xValue,function,1
sqlaser_sqlite354_r3,sqlite,3,sqlite_target_000318,stale,executor,vdbemem.c,src/vdbemem.c,vdbemem.c,566,566,579,sqlite3VdbeMemSetNull,function,1
sqlaser_sqlite354_r3,sqlite,3,sqlite_target_000319,stale,executor,vdbemem.c,src/vdbemem.c,vdbemem.c,589,589,598,sqlite3VdbeMemRelease,function,1
sqlaser_sqlite354_r3,sqlite,3,sqlite_target_000320,stale,executor,vdbemem.c,src/vdbemem.c,vdbemem.c,610,610,615,sqlite3VdbeMemSetNull,function,1
sqlaser_sqlite354_r3,sqlite,3,sqlite_target_000321,stale,executor,vdbemem.c,src/vdbemem.c,vdbemem.c,620,620,623,sqlite3VdbeMemReleaseMalloc,function,1
sqlaser_sqlite354_r3,sqlite,3,sqlite_target_000322,stale,executor,vdbemem.c,src/vdbemem.c,vdbemem.c,641,641,657,memIntValue,function,1
sqlaser_sqlite354_r3,sqlite,3,sqlite_target_000323,stale,executor,vdbemem.c,src/vdbemem.c,vdbemem.c,735,735,751,,function,1
sqlaser_sqlite354_r3,sqlite,3,sqlite_target_000324,stale,executor,vdbemem.c,src/vdbemem.c,vdbemem.c,770,770,785,sqlite3VdbeRealValue,function,1
sqlaser_sqlite354_r3,sqlite,3,sqlite_target_000325,stale,executor,vdbemem.c,src/vdbemem.c,vdbemem.c,791,791,796,sqlite3VdbeBooleanValue,function,1
sqlaser_sqlite354_r3,sqlite,3,sqlite_target_000326,stale,executor,vdbemem.c,src/vdbemem.c,vdbemem.c,802,802,829,sqlite3VdbeIntegerAffinity,function,1
sqlaser_sqlite354_r3,sqlite,3,sqlite_target_000327,stale,executor,vdbemem.c,src/vdbemem.c,vdbemem.c,834,834,843,sqlite3VdbeMemIntegerify,function,1
sqlaser_sqlite354_r3,sqlite,3,sqlite_target_000328,stale,executor,vdbemem.c,src/vdbemem.c,vdbemem.c,849,849,857,sqlite3VdbeMemRealify,function,1
sqlaser_sqlite354_r3,sqlite,3,sqlite_target_000329,stale,executor,vdbemem.c,src/vdbemem.c,vdbemem.c,893,893,917,sqlite3VdbeMemNumerify,function,0
sqlaser_sqlite354_r3,sqlite,3,sqlite_target_000330,stale,executor,vdbemem.c,src/vdbemem.c,vdbemem.c,926,926,966,used,function,1
sqlaser_sqlite354_r3,sqlite,3,sqlite_target_000331,stale,executor,vdbemem.c,src/vdbemem.c,vdbemem.c,973,973,978,sqlite3VdbeMemInit,function,1
sqlaser_sqlite354_r3,sqlite,3,sqlite_target_000332,stale,executor,vdbemem.c,src/vdbemem.c,vdbemem.c,993,993,999,sqlite3VdbeMemRelease,function,1
sqlaser_sqlite354_r3,sqlite,3,sqlite_target_000333,stale,executor,vdbesort.c,src/vdbesort.c,vdbesort.c,1050,1050,1057,vdbeSorterRecordFree,function,1
sqlaser_sqlite354_r3,sqlite,3,sqlite_target_000334,stale,executor,vdbesort.c,src/vdbesort.c,vdbesort.c,1063,1063,1083,vdbeSortSubtaskCleanup,function,1
sqlaser_sqlite354_r3,sqlite,3,sqlite_target_000335,stale,executor,vdbesort.c,src/vdbesort.c,vdbesort.c,1150,1145,1155,,window,0
sqlaser_sqlite354_r3,sqlite,3,sqlite_target_000336,stale,optimizer,vdbesort.c,src/vdbesort.c,vdbesort.c,1163,1163,1180,vdbeSorterJoinAll,function,1
sqlaser_sqlite354_r3,sqlite,3,sqlite_target_000337,stale,executor,vdbesort.c,src/vdbesort.c,vdbesort.c,1230,1230,1242,vdbeIncrFree,function,0
sqlaser_sqlite354_r3,sqlite,3,sqlite_target_000338,stale,executor,vdbesort.c,src/vdbesort.c,vdbesort.c,1247,1247,1275,sqlite3VdbeSorterReset,function,1
sqlaser_sqlite354_r3,sqlite,3,sqlite_target_000339,stale,executor,vdbesort.c,src/vdbesort.c,vdbesort.c,1280,1280,1296,sqlite3VdbeSorterClose,function,1
sqlaser_sqlite354_r3,sqlite,3,sqlite_target_000340,stale,executor,vdbesort.c,src/vdbesort.c,vdbesort.c,1354,1354,1362,vdbeSortAllocUnpacked,function,1
sqlaser_sqlite354_r3,sqlite,3,sqlite_target_000341,stale,executor,vdbesort.c,src/vdbesort.c,vdbesort.c,1368,1363,1373,,window,1
sqlaser_sqlite354_r3,sqlite,3,sqlite_target_000342,stale,executor,vdbesort.c,src/vdbesort.c,vdbesort.c,1410,1410,1417,vdbeSorterGetCompare,function,1
sqlaser_sqlite354_r3,sqlite,3,sqlite_target_000343,stale,executor,vdbesort.c,src/vdbesort.c,vdbesort.c,1424,1424,1474,vdbeSorterSort,function,1
sqlaser_sqlite354_r3,sqlite,3,sqlite_target_000344,stale,executor,vdbesort.c,src/vdbesort.c,vdbesort.c,1578,1578,1633,data,function,0
sqlaser_sqlite354_r3,sqlite,3,sqlite_target_000345,stale,executor,vdbesort.c,src/vdbesort.c,vdbesort.c,1642,1637,1647,,window,0
sqlaser_sqlite354_r3,sqlite,3,sqlite_target_000346,stale,executor,vdbesort.c,src/vdbesort.c,vdbesort.c,1713,1713,1720,vdbeSorterFlushThread,function,0
sqlaser_sqlite354_r3,sqlite,3,sqlite_target_000347,stale,executor,vdbesort.c,src/vdbesort.c,vdbesort.c,1727,1727,1792,vdbeSorterFlushPMA,function,0
sqlaser_sqlite354_r3,sqlite,3,sqlite_target_000348,stale,executor,vdbesort.c,src/vdbesort.c,vdbesort.c,1797,1792,1802,,window,1
sqlaser_sqlite354_r3,sqlite,3,sqlite_target_000349,stale,executor,vdbesort.c,src/vdbesort.c,vdbesort.c,1909,1909,1944,vdbeIncrPopulate,function,0
sqlaser_sqlite354_r3,sqlite,3,sqlite_target_000350,stale,executor,vdbesort.c,src/vdbesort.c,vdbesort.c,1951,1951,1956,vdbeIncrPopulateThread,function,0
sqlaser_sqlite354_r3,sqlite,3,sqlite_target_000351,stale,executor,vdbesort.c,src/vdbesort.c,vdbesort.c,1961,1961,1965,vdbeIncrBgPopulate,function,0
sqlaser_sqlite354_r3,sqlite,3,sqlite_target_000352,stale,executor,vdbesort.c,src/vdbesort.c,vdbesort.c,1985,1985,2016,vdbeIncrSwap,function,0
sqlaser_sqlite354_r3,sqlite,3,sqlite_target_000353,stale,executor,vdbesort.c,src/vdbesort.c,vdbesort.c,2024,2019,2029,,window,0
sqlaser_sqlite354_r3,sqlite,3,sqlite_target_000354,stale,executor,vdbesort.c,src/vdbesort.c,vdbesort.c,2049,2049,2052,vdbeIncrMergerSetThreads,function,0
sqlaser_sqlite354_r3,sqlite,3,sqlite_target_000355,stale,executor,vdbesort.c,src/vdbesort.c,vdbesort.c,2144,2139,2149,,window,0
sqlaser_sqlite354_r3,sqlite,3,sqlite_target_000356,stale,executor,vdbesort.c,src/vdbesort.c,vdbesort.c,2220,2220,2280,vdbePmaReaderNext,function,0
sqlaser_sqlite354_r3,sqlite,3,sqlite_target_000357,stale,executor,vdbesort.c,src/vdbesort.c,vdbesort.c,2287,2287,2294,vdbePmaReaderBgIncrInit,function,0
sqlaser_sqlite354_r3,sqlite,3,sqlite_target_000358,stale,executor,vdbesort.c,src/vdbesort.c,vdbesort.c,2308,2308,2324,,function,0
sqlaser_sqlite354_r3,sqlite,3,sqlite_target_000359,stale,executor,vdbesort.c,src/vdbesort.c,vdbesort.c,2338,2333,2343,,window,0
sqlaser_sqlite354_r3,sqlite,3,sqlite_target_000360,stale,executor,vdbesort.c,src/vdbesort.c,vdbesort.c,2395,2390,2400,,window,0
sqlaser_sqlite354_r3,sqlite,3,sqlite_target_000361,stale,executor,vdbesort.c,src/vdbesort.c,vdbesort.c,2451,2446,2456,,window,0
sqlaser_sqlite354_r3,sqlite,3,sqlite_target_000362,stale,executor,vdbesort.c,src/vdbesort.c,vdbesort.c,2530,2530,2604,,function,0
sqlaser_sqlite354_r3,sqlite,3,sqlite_target_000363,stale,executor,vdbesort.c,src/vdbesort.c,vdbesort.c,2612,2612,2655,sqlite3VdbeSorterRewind,function,1
sqlaser_sqlite354_r3,sqlite,3,sqlite_target_000364,stale,executor,vdbesort.c,src/vdbesort.c,vdbesort.c,2664,2664,2696,sqlite3VdbeSorterNext,function,1
sqlaser_sqlite354_r3,sqlite,3,sqlite_target_000365,stale,executor,vdbesort.c,src/vdbesort.c,vdbesort.c,2702,2697,2707,,window,1
sqlaser_sqlite354_r3,sqlite,3,sqlite_target_000366,stale,executor,vdbesort.c,src/vdbesort.c,vdbesort.c,2729,2729,2744,sqlite3VdbeSorterRowkey,function,1
sqlaser_sqlite354_r3,sqlite,3,sqlite_target_000367,stale,executor,vdbesort.c,src/vdbesort.c,vdbesort.c,2762,2757,2767,,window,1
sqlaser_sqlite354_r3,sqlite,3,sqlite_target_000368,stale,executor,vdbesort.c,src/vdbesort.c,vdbesort.c,474,474,480,vdbePmaReaderClear,function,0
sqlaser_sqlite354_r3,sqlite,3,sqlite_target_000369,stale,executor,vdbesort.c,src/vdbesort.c,vdbesort.c,491,486,496,,window,0
sqlaser_sqlite354_r3,sqlite,3,sqlite_target_000370,stale,executor,vdbesort.c,src/vdbesort.c,vdbesort.c,586,586,608,vdbePmaReadVarint,function,0
sqlaser_sqlite354_r3,sqlite,3,sqlite_target_000371,stale,executor,vdbesort.c,src/vdbesort.c,vdbesort.c,619,619,629,vdbeSorterMapFile,function,0
sqlaser_sqlite354_r3,sqlite,3,sqlite_target_000372,stale,executor,vdbesort.c,src/vdbesort.c,vdbesort.c,636,631,641,,window,0
sqlaser_sqlite354_r3,sqlite,3,sqlite_target_000373,stale,executor,vdbesort.c,src/vdbesort.c,vdbesort.c,683,683,719,vdbePmaReaderNext,function,0
sqlaser_sqlite354_r3,sqlite,3,sqlite_target_000374,stale,executor,vdbesort.c,src/vdbesort.c,vdbesort.c,763,758,768,,window,1
sqlaser_sqlite354_r3,sqlite,3,sqlite_target_000375,stale,executor,vdbesort.c,src/vdbesort.c,vdbesort.c,790,785,795,,window,1
sqlaser_sqlite354_r3,sqlite,3,sqlite_target_000376,stale,executor,vdbesort.c,src/vdbesort.c,vdbesort.c,809,804,814,,window,1
sqlaser_sqlite354_r3,sqlite,3,sqlite_target_000377,stale,executor,vdbesort.c,src/vdbesort.c,vdbesort.c,852,847,857,,window,1
sqlaser_sqlite354_r3,sqlite,3,sqlite_target_000378,stale,executor,vdbesort.c,src/vdbesort.c,vdbesort.c,936,931,941,,window,1
sqlaser_sqlite354_r3,sqlite,3,sqlite_target_000379,stale,executor,vdbetrace.c,src/vdbetrace.c,vdbetrace.c,72,67,77,,window,0
sqlaser_sqlite354_r3,sqlite,3,sqlite_target_000380,stale,optimizer,where.c,src/where.c,where.c,101,101,111,sqlite3WhereOrderByLimitOptLabel,function,1
sqlaser_sqlite354_r3,sqlite,3,sqlite_target_000381,stale,optimizer,where.c,src/where.c,where.c,124,124,137,sqlite3WhereMinMaxOptEarlyOut,function,1
sqlaser_sqlite354_r3,sqlite,3,sqlite_target_000382,stale,optimizer,where.c,src/where.c,where.c,263,263,273,sqlite3WhereMalloc,function,1
sqlaser_sqlite354_r3,sqlite,3,sqlite_target_000383,stale,optimizer,where.c,src/where.c,where.c,274,274,283,return,function,1
sqlaser_sqlite354_r3,sqlite,3,sqlite_target_000384,stale,optimizer,where.c,src/where.c,where.c,549,544,554,,window,0
sqlaser_sqlite354_r3,sqlite,3,sqlite_target_000385,stale,optimizer,where.c,src/where.c,where.c,6830,6825,6835,,window,0
sqlaser_sqlite354_r3,sqlite,3,sqlite_target_000386,stale,optimizer,where.c,src/where.c,where.c,7521,7521,7886,sqlite3WhereEnd,function,1
sqlaser_sqlite354_r3,sqlite,3,sqlite_target_000387,stale,optimizer,wherecode.c,src/wherecode.c,wherecode.c,117,112,122,,window,0
sqlaser_sqlite354_r3,sqlite,3,sqlite_target_000388,stale,optimizer,wherecode.c,src/wherecode.c,wherecode.c,1466,1461,1471,,window,0
sqlaser_sqlite354_r3,sqlite,3,sqlite_target_000389,stale,optimizer,wherecode.c,src/wherecode.c,wherecode.c,245,240,250,,window,0
sqlaser_sqlite354_r3,sqlite,3,sqlite_target_000390,stale,optimizer,wherecode.c,src/wherecode.c,wherecode.c,280,275,285,,window,0
sqlaser_sqlite354_r3,sqlite,3,sqlite_target_000391,stale,optimizer,wherecode.c,src/wherecode.c,wherecode.c,2841,2836,2846,,window,1
sqlaser_sqlite354_r3,sqlite,3,sqlite_target_000392,stale,optimizer,whereexpr.c,src/whereexpr.c,whereexpr.c,1591,1591,1602,sqlite3WhereSplit,function,1
sqlaser_sqlite354_r3,sqlite,3,sqlite_target_000393,stale,optimizer,whereexpr.c,src/whereexpr.c,whereexpr.c,1666,1666,1731,sqlite3WhereAddLimit,function,1
sqlaser_sqlite354_r3,sqlite,3,sqlite_target_000394,stale,optimizer,whereexpr.c,src/whereexpr.c,whereexpr.c,1736,1731,1741,,window,1
sqlaser_sqlite354_r3,sqlite,3,sqlite_target_000395,stale,optimizer,whereexpr.c,src/whereexpr.c,whereexpr.c,1754,1754,1785,sqlite3WhereClauseClear,function,1
sqlaser_sqlite354_r3,sqlite,3,sqlite_target_000396,stale,optimizer,whereexpr.c,src/whereexpr.c,whereexpr.c,1819,1814,1824,,window,1
sqlaser_sqlite354_r3,sqlite,3,sqlite_target_000397,stale,optimizer,whereexpr.c,src/whereexpr.c,whereexpr.c,1845,1845,1853,sqlite3WhereExprUsage,function,1
sqlaser_sqlite354_r3,sqlite,3,sqlite_target_000398,stale,optimizer,whereexpr.c,src/whereexpr.c,whereexpr.c,1854,1854,1856,assert,function,1
sqlaser_sqlite354_r3,sqlite,3,sqlite_target_000399,stale,optimizer,whereexpr.c,src/whereexpr.c,whereexpr.c,1857,1857,1866,sqlite3WhereExprUsageFull,function,1
sqlaser_sqlite354_r3,sqlite,3,sqlite_target_000400,stale,optimizer,whereexpr.c,src/whereexpr.c,whereexpr.c,1877,1872,1882,,window,1
sqlaser_sqlite354_r3,sqlite,3,sqlite_target_000401,stale,optimizer,whereexpr.c,src/whereexpr.c,whereexpr.c,1894,1889,1899,,window,1
sqlaser_sqlite354_r3,sqlite,3,sqlite_target_000402,stale,optimizer,whereexpr.c,src/whereexpr.c,whereexpr.c,353,353,372,sqlite3ExprIsLikeOperator,function,1
sqlaser_sqlite354_r3,sqlite,3,sqlite_target_000403,memory,other,backup.c,src/backup.c,backup.c,747,742,752,,window,1
sqlaser_sqlite354_r3,sqlite,3,sqlite_target_000404,memory,other,backup.c,src/backup.c,backup.c,748,743,753,,window,1
sqlaser_sqlite354_r3,sqlite,3,sqlite_target_000405,memory,other,backup.c,src/backup.c,backup.c,749,744,754,,window,1
sqlaser_sqlite354_r3,sqlite,3,sqlite_target_000406,memory,storage,btree.c,src/btree.c,btree.c,10204,10204,10210,sqlite3PagerUnref,function,1
sqlaser_sqlite354_r3,sqlite,3,sqlite_target_000407,memory,catalog_metadata,btree.c,src/btree.c,btree.c,10283,10283,10302,sqlite3BtreeClearTable,function,1
sqlaser_sqlite354_r3,sqlite,3,sqlite_target_000408,memory,storage,btree.c,src/btree.c,btree.c,1030,1030,1033,sqlite3BtreeCursorHintFlags,function,0
sqlaser_sqlite354_r3,sqlite,3,sqlite_target_000409,memory,catalog_metadata,btree.c,src/btree.c,btree.c,10309,10309,10311,sqlite3BtreeClearTableOfCursor,function,0
sqlaser_sqlite354_r3,sqlite,3,sqlite_target_000410,memory,storage,btree.c,src/btree.c,btree.c,10418,10418,10424,releasePage,function,0
sqlaser_sqlite354_r3,sqlite,3,sqlite_target_000411,memory,storage,btree.c,src/btree.c,btree.c,10447,10447,10471,sqlite3BtreeGetMeta,function,1
sqlaser_sqlite354_r3,sqlite,3,sqlite_target_000412,memory,type_system,btree.c,src/btree.c,btree.c,10477,10477,10499,sqlite3BtreeUpdateMeta,function,1
sqlaser_sqlite354_r3,sqlite,3,sqlite_target_000413,memory,storage,btree.c,src/btree.c,btree.c,10509,10509,10572,encountered,function,1
sqlaser_sqlite354_r3,sqlite,3,sqlite_target_000414,memory,storage,btree.c,src/btree.c,btree.c,10578,10578,10580,sqlite3BtreePager,function,0
sqlaser_sqlite354_r3,sqlite,3,sqlite_target_000415,memory,storage,btree.c,src/btree.c,btree.c,11146,11141,11151,,window,1
sqlaser_sqlite354_r3,sqlite,3,sqlite_target_000416,memory,storage,btree.c,src/btree.c,btree.c,11179,11155,11294,,function,1
sqlaser_sqlite354_r3,sqlite,3,sqlite_target_000417,memory,storage,btree.c,src/btree.c,btree.c,11191,11186,11196,,window,1
sqlaser_sqlite354_r3,sqlite,3,sqlite_target_000418,memory,storage,btree.c,src/btree.c,btree.c,11304,11304,11307,sqlite3BtreeGetFilename,function,1
sqlaser_sqlite354_r3,sqlite,3,sqlite_target_000419,memory,storage,btree.c,src/btree.c,btree.c,11317,11317,11320,sqlite3BtreeGetJournalname,function,0
sqlaser_sqlite354_r3,sqlite,3,sqlite_target_000420,memory,storage,btree.c,src/btree.c,btree.c,11326,11326,11329,sqlite3BtreeTxnState,function,1
sqlaser_sqlite354_r3,sqlite,3,sqlite_target_000421,memory,storage,btree.c,src/btree.c,btree.c,11340,11340,11353,sqlite3BtreeCheckpoint,function,1
sqlaser_sqlite354_r3,sqlite,3,sqlite_target_000422,memory,storage,btree.c,src/btree.c,btree.c,11359,11359,11363,sqlite3BtreeIsInBackup,function,0
sqlaser_sqlite354_r3,sqlite,3,sqlite_target_000423,memory,storage,btree.c,src/btree.c,btree.c,11385,11385,11395,sqlite3_free,function,1
sqlaser_sqlite354_r3,sqlite,3,sqlite_target_000424,memory,catalog_metadata,btree.c,src/btree.c,btree.c,11402,11402,11411,sqlite3BtreeSchemaLocked,function,1
sqlaser_sqlite354_r3,sqlite,3,sqlite_target_000425,memory,catalog_metadata,btree.c,src/btree.c,btree.c,11420,11420,11436,sqlite3BtreeLockTable,function,1
sqlaser_sqlite354_r3,sqlite,3,sqlite_target_000426,memory,storage,btree.c,src/btree.c,btree.c,11450,11450,11493,sqlite3BtreePutData,function,1
sqlaser_sqlite354_r3,sqlite,3,sqlite_target_000427,memory,storage,btree.c,src/btree.c,btree.c,11498,11498,11501,sqlite3BtreeIncrblobCursor,function,1
sqlaser_sqlite354_r3,sqlite,3,sqlite_target_000428,memory,storage,btree.c,src/btree.c,btree.c,11509,11509,11538,sqlite3BtreeSetVersion,function,1
sqlaser_sqlite354_r3,sqlite,3,sqlite_target_000429,memory,storage,btree.c,src/btree.c,btree.c,11544,11544,11546,sqlite3BtreeCursorHasHint,function,0
sqlaser_sqlite354_r3,sqlite,3,sqlite_target_000430,memory,storage,btree.c,src/btree.c,btree.c,11551,11551,11553,sqlite3BtreeIsReadonly,function,0
sqlaser_sqlite354_r3,sqlite,3,sqlite_target_000431,memory,storage,btree.c,src/btree.c,btree.c,11564,11564,11569,sqlite3BtreeClearCache,function,0
sqlaser_sqlite354_r3,sqlite,3,sqlite_target_000432,memory,storage,btree.c,src/btree.c,btree.c,11575,11575,11577,,function,0
sqlaser_sqlite354_r3,sqlite,3,sqlite_target_000433,memory,storage,btree.c,src/btree.c,btree.c,11584,11584,11587,sqlite3BtreeConnectionCount,function,0
sqlaser_sqlite354_r3,sqlite,3,sqlite_target_000434,memory,storage,btree.c,src/btree.c,btree.c,1623,1623,1741,defragmentPage,function,1
sqlaser_sqlite354_r3,sqlite,3,sqlite_target_000435,memory,storage,btree.c,src/btree.c,btree.c,1676,1671,1681,,window,1
sqlaser_sqlite354_r3,sqlite,3,sqlite_target_000436,memory,storage,btree.c,src/btree.c,btree.c,1684,1679,1689,,window,1
sqlaser_sqlite354_r3,sqlite,3,sqlite_target_000437,memory,storage,btree.c,src/btree.c,btree.c,1700,1695,1705,,window,1
sqlaser_sqlite354_r3,sqlite,3,sqlite_target_000438,memory,storage,btree.c,src/btree.c,btree.c,1724,1702,1725,get2byte,function,1
sqlaser_sqlite354_r3,sqlite,3,sqlite_target_000439,memory,storage,btree.c,src/btree.c,btree.c,1738,1733,1743,,window,0
sqlaser_sqlite354_r3,sqlite,3,sqlite_target_000440,memory,storage,btree.c,src/btree.c,btree.c,2377,2377,2380,return,function,1
sqlaser_sqlite354_r3,sqlite,3,sqlite_target_000441,memory,storage,btree.c,src/btree.c,btree.c,2538,2533,2543,,window,1
sqlaser_sqlite354_r3,sqlite,3,sqlite_target_000442,memory,storage,btree.c,src/btree.c,btree.c,2584,2545,2831,,function,1
sqlaser_sqlite354_r3,sqlite,3,sqlite_target_000443,memory,storage,btree.c,src/btree.c,btree.c,2681,2668,2766,,function,1
sqlaser_sqlite354_r3,sqlite,3,sqlite_target_000444,memory,storage,btree.c,src/btree.c,btree.c,2927,2927,2984,sqlite3BtreeClose,function,1
sqlaser_sqlite354_r3,sqlite,3,sqlite_target_000445,memory,storage,btree.c,src/btree.c,btree.c,2993,2993,3000,sqlite3BtreeSetCacheSize,function,0
sqlaser_sqlite354_r3,sqlite,3,sqlite_target_000446,memory,storage,btree.c,src/btree.c,btree.c,3012,3012,3020,sqlite3BtreeSetSpillSize,function,1
sqlaser_sqlite354_r3,sqlite,3,sqlite_target_000447,memory,storage,btree.c,src/btree.c,btree.c,3027,3027,3034,sqlite3BtreeSetMmapLimit,function,0
sqlaser_sqlite354_r3,sqlite,3,sqlite_target_000448,memory,storage,btree.c,src/btree.c,btree.c,3046,3041,3051,,window,1
sqlaser_sqlite354_r3,sqlite,3,sqlite_target_000449,memory,storage,btree.c,src/btree.c,btree.c,3079,3079,3110,sqlite3BtreeSetPageSize,function,1
sqlaser_sqlite354_r3,sqlite,3,sqlite_target_000450,memory,storage,btree.c,src/btree.c,btree.c,3115,3115,3117,sqlite3BtreeGetPageSize,function,0
sqlaser_sqlite354_r3,sqlite,3,sqlite_target_000451,memory,storage,btree.c,src/btree.c,btree.c,3130,3130,3135,sqlite3BtreeEnter,function,0
sqlaser_sqlite354_r3,sqlite,3,sqlite_target_000452,memory,storage,btree.c,src/btree.c,btree.c,3146,3146,3153,sqlite3BtreeGetRequestedReserve,function,1
sqlaser_sqlite354_r3,sqlite,3,sqlite_target_000453,memory,storage,btree.c,src/btree.c,btree.c,3161,3161,3167,sqlite3BtreeMaxPageCount,function,0
sqlaser_sqlite354_r3,sqlite,3,sqlite_target_000454,memory,storage,btree.c,src/btree.c,btree.c,3187,3187,3200,sqlite3BtreeSecureDelete,function,1
sqlaser_sqlite354_r3,sqlite,3,sqlite_target_000455,memory,storage,btree.c,src/btree.c,btree.c,3208,3208,3226,sqlite3BtreeSetAutoVacuum,function,1
sqlaser_sqlite354_r3,sqlite,3,sqlite_target_000456,memory,storage,btree.c,src/btree.c,btree.c,3232,3232,3246,sqlite3BtreeGetAutoVacuum,function,0
sqlaser_sqlite354_r3,sqlite,3,sqlite_target_000457,memory,storage,btree.c,src/btree.c,btree.c,3560,3560,3567,sqlite3BtreeNewDb,function,0
sqlaser_sqlite354_r3,sqlite,3,sqlite_target_000458,memory,storage,btree.c,src/btree.c,btree.c,3811,3811,3832,btreeIntegrity,function,1
sqlaser_sqlite354_r3,sqlite,3,sqlite_target_000459,memory,storage,btree.c,src/btree.c,btree.c,4171,4171,4202,sqlite3BtreeIncrVacuum,function,1
sqlaser_sqlite354_r3,sqlite,3,sqlite_target_000460,memory,storage,btree.c,src/btree.c,btree.c,4319,4319,4340,sqlite3BtreeCommitPhaseOne,function,1
sqlaser_sqlite354_r3,sqlite,3,sqlite_target_000461,memory,storage,btree.c,src/btree.c,btree.c,4408,4408,4435,sqlite3BtreeCommitPhaseTwo,function,1
sqlaser_sqlite354_r3,sqlite,3,sqlite_target_000462,memory,storage,btree.c,src/btree.c,btree.c,4440,4440,4449,sqlite3BtreeCommit,function,0
sqlaser_sqlite354_r3,sqlite,3,sqlite_target_000463,memory,storage,btree.c,src/btree.c,btree.c,4477,4477,4503,sqlite3BtreeTripAllCursors,function,1
sqlaser_sqlite354_r3,sqlite,3,sqlite_target_000464,memory,storage,btree.c,src/btree.c,btree.c,4528,4528,4573,sqlite3BtreeRollback,function,1
sqlaser_sqlite354_r3,sqlite,3,sqlite_target_000465,memory,storage,btree.c,src/btree.c,btree.c,4593,4593,4610,sqlite3BtreeSavepoint,function,1
sqlaser_sqlite354_r3,sqlite,3,sqlite_target_000466,memory,storage,btree.c,src/btree.c,btree.c,4624,4624,4651,sqlite3BtreeSavepoint,function,1
sqlaser_sqlite354_r3,sqlite,3,sqlite_target_000467,memory,storage,btree.c,src/btree.c,btree.c,4775,4770,4780,,window,1
sqlaser_sqlite354_r3,sqlite,3,sqlite_target_000468,memory,storage,btree.c,src/btree.c,btree.c,4828,4828,4830,memset,function,1
sqlaser_sqlite354_r3,sqlite,3,sqlite_target_000469,memory,storage,btree.c,src/btree.c,btree.c,4836,4836,4869,sqlite3BtreeCloseCursor,function,1
sqlaser_sqlite354_r3,sqlite,3,sqlite_target_000470,memory,storage,btree.c,src/btree.c,btree.c,4916,4916,4919,sqlite3BtreeCursorIsValid,function,1
sqlaser_sqlite354_r3,sqlite,3,sqlite_target_000471,memory,storage,btree.c,src/btree.c,btree.c,4927,4927,4933,sqlite3BtreeIntegerKey,function,0
sqlaser_sqlite354_r3,sqlite,3,sqlite_target_000472,memory,storage,btree.c,src/btree.c,btree.c,4938,4938,4941,sqlite3BtreeCursorPin,function,1
sqlaser_sqlite354_r3,sqlite,3,sqlite_target_000473,memory,storage,btree.c,src/btree.c,btree.c,4942,4942,4945,sqlite3BtreeCursorPin,function,1
sqlaser_sqlite354_r3,sqlite,3,sqlite_target_000474,memory,storage,btree.c,src/btree.c,btree.c,4951,4951,4957,sqlite3BtreeOffset,function,0
sqlaser_sqlite354_r3,sqlite,3,sqlite_target_000475,memory,storage,btree.c,src/btree.c,btree.c,4968,4968,4973,sqlite3BtreePayloadSize,function,0
sqlaser_sqlite354_r3,sqlite,3,sqlite_target_000476,memory,storage,btree.c,src/btree.c,btree.c,4988,4988,4992,sqlite3BtreeMaxRecordSize,function,0
sqlaser_sqlite354_r3,sqlite,3,sqlite_target_000477,memory,storage,btree.c,src/btree.c,btree.c,5353,5353,5358,sqlite3BtreePayload,function,0
sqlaser_sqlite354_r3,sqlite,3,sqlite_target_000478,memory,storage,btree.c,src/btree.c,btree.c,5380,5380,5387,assert,function,0
sqlaser_sqlite354_r3,sqlite,3,sqlite_target_000479,memory,storage,btree.c,src/btree.c,btree.c,5448,5448,5450,sqlite3BtreePayloadFetch,function,1
sqlaser_sqlite354_r3,sqlite,3,sqlite_target_000480,memory,storage,btree.c,src/btree.c,btree.c,5696,5696,5712,sqlite3BtreeFirst,function,1
sqlaser_sqlite354_r3,sqlite,3,sqlite_target_000481,memory,storage,btree.c,src/btree.c,btree.c,5719,5719,5736,sqlite3BtreeIsEmpty,function,1
sqlaser_sqlite354_r3,sqlite,3,sqlite_target_000482,memory,storage,btree.c,src/btree.c,btree.c,5777,5777,5788,sqlite3BtreeLast,function,0
sqlaser_sqlite354_r3,sqlite,3,sqlite_target_000483,memory,storage,btree.c,src/btree.c,btree.c,5813,5808,5818,,window,1
sqlaser_sqlite354_r3,sqlite,3,sqlite_target_000484,memory,storage,btree.c,src/btree.c,btree.c,5907,5879,5949,assert,function,1
sqlaser_sqlite354_r3,sqlite,3,sqlite_target_000485,memory,storage,btree.c,src/btree.c,btree.c,6044,6039,6049,,window,1
sqlaser_sqlite354_r3,sqlite,3,sqlite_target_000486,memory,storage,btree.c,src/btree.c,btree.c,6188,6160,6203,testcase,function,1
sqlaser_sqlite354_r3,sqlite,3,sqlite_target_000487,memory,storage,btree.c,src/btree.c,btree.c,6282,6282,6288,sqlite3BtreeNext,function,1
sqlaser_sqlite354_r3,sqlite,3,sqlite_target_000488,memory,storage,btree.c,src/btree.c,btree.c,6295,6295,6313,sqlite3BtreeRowCountEst,function,1
sqlaser_sqlite354_r3,sqlite,3,sqlite_target_000489,memory,storage,btree.c,src/btree.c,btree.c,6389,6389,6407,moveToLeftmost,function,1
sqlaser_sqlite354_r3,sqlite,3,sqlite_target_000490,memory,storage,btree.c,src/btree.c,btree.c,6481,6481,6495,sqlite3BtreePrevious,function,1
sqlaser_sqlite354_r3,sqlite,3,sqlite_target_000491,memory,storage,btree.c,src/btree.c,btree.c,858,858,863,sqlite3BtreeClearCursor,function,0
sqlaser_sqlite354_r3,sqlite,3,sqlite_target_000492,memory,storage,btree.c,src/btree.c,btree.c,9414,9409,9419,,window,1
sqlaser_sqlite354_r3,sqlite,3,sqlite_target_000493,memory,storage,btree.c,src/btree.c,btree.c,949,949,955,sqlite3BtreeCursorRestore,function,1
sqlaser_sqlite354_r3,sqlite,3,sqlite_target_000494,memory,storage,btree.c,src/btree.c,btree.c,9625,9620,9630,,window,1
sqlaser_sqlite354_r3,sqlite,3,sqlite_target_000495,memory,storage,btree.c,src/btree.c,btree.c,9649,9632,9651,BTREE_CLEAR_CELL,function,1
sqlaser_sqlite354_r3,sqlite,3,sqlite_target_000496,memory,storage,btree.c,src/btree.c,btree.c,9700,9685,9710,,function,1
sqlaser_sqlite354_r3,sqlite,3,sqlite_target_000497,memory,storage,btree.c,src/btree.c,btree.c,9704,9699,9709,,window,1
sqlaser_sqlite354_r3,sqlite,3,sqlite_target_000498,memory,storage,btree.c,src/btree.c,btree.c,9732,9732,9827,sqlite3BtreeInsert,function,1
sqlaser_sqlite354_r3,sqlite,3,sqlite_target_000499,memory,storage,btree.c,src/btree.c,btree.c,9753,9748,9758,,window,0
sqlaser_sqlite354_r3,sqlite,3,sqlite_target_000500,memory,storage,btree.c,src/btree.c,btree.c,9785,9781,9802,get4byte,function,0
sqlaser_sqlite354_r3,sqlite,3,sqlite_target_000501,memory,storage,btree.c,src/btree.c,btree.c,981,981,997,sqlite3BtreeCursorHasMoved,function,1
sqlaser_sqlite354_r3,sqlite,3,sqlite_target_000502,memory,storage,btree.c,src/btree.c,btree.c,9846,9846,10046,sqlite3BtreeDelete,function,1
sqlaser_sqlite354_r3,sqlite,3,sqlite_target_000503,memory,other,delete.c,src/delete.c,delete.c,288,283,293,,window,0
sqlaser_sqlite354_r3,sqlite,3,sqlite_target_000504,memory,other,expr.c,src/expr.c,expr.c,1004,999,1009,,window,1
sqlaser_sqlite354_r3,sqlite,3,sqlite_target_000505,memory,type_system,expr.c,src/expr.c,expr.c,107,107,165,sqlite3ExprDataType,function,1
sqlaser_sqlite354_r3,sqlite,3,sqlite_target_000506,memory,other,expr.c,src/expr.c,expr.c,1100,1100,1137,IN,function,1
sqlaser_sqlite354_r3,sqlite,3,sqlite_target_000507,memory,other,expr.c,src/expr.c,expr.c,1147,1147,1165,sqlite3ExprAnd,function,1
sqlaser_sqlite354_r3,sqlite,3,sqlite_target_000508,memory,other,expr.c,src/expr.c,expr.c,1171,1166,1176,,window,1
sqlaser_sqlite354_r3,sqlite,3,sqlite_target_000509,memory,other,expr.c,src/expr.c,expr.c,1205,1205,1209,sqlite3ExprOrderByAggregateError,function,0
sqlaser_sqlite354_r3,sqlite,3,sqlite_target_000510,memory,other,expr.c,src/expr.c,expr.c,1221,1216,1226,,window,0
sqlaser_sqlite354_r3,sqlite,3,sqlite_target_000511,memory,other,expr.c,src/expr.c,expr.c,1278,1273,1283,,window,1
sqlaser_sqlite354_r3,sqlite,3,sqlite_target_000512,memory,other,expr.c,src/expr.c,expr.c,1319,1319,1384,sqlite3ExprAssignVarNumber,function,1
sqlaser_sqlite354_r3,sqlite,3,sqlite_target_000513,memory,other,expr.c,src/expr.c,expr.c,1389,1389,1439,sqlite3ExprDeleteNN,function,1
sqlaser_sqlite354_r3,sqlite,3,sqlite_target_000514,memory,other,expr.c,src/expr.c,expr.c,1440,1440,1442,,function,1
sqlaser_sqlite354_r3,sqlite,3,sqlite_target_000515,memory,other,expr.c,src/expr.c,expr.c,1470,1470,1472,sqlite3ExprDeferredDelete,function,0
sqlaser_sqlite354_r3,sqlite,3,sqlite_target_000516,memory,other,expr.c,src/expr.c,expr.c,1477,1477,1484,sqlite3ExprUnmapAndDelete,function,1
sqlaser_sqlite354_r3,sqlite,3,sqlite_target_000517,memory,other,expr.c,src/expr.c,expr.c,175,170,180,,window,1
sqlaser_sqlite354_r3,sqlite,3,sqlite_target_000518,memory,other,expr.c,src/expr.c,expr.c,1829,1829,1832,sqlite3ExprDup,function,1
sqlaser_sqlite354_r3,sqlite,3,sqlite_target_000519,memory,other,expr.c,src/expr.c,expr.c,1833,1833,1874,sqlite3ExprDup,function,1
sqlaser_sqlite354_r3,sqlite,3,sqlite_target_000520,memory,other,expr.c,src/expr.c,expr.c,191,186,196,,window,1
sqlaser_sqlite354_r3,sqlite,3,sqlite_target_000521,memory,other,expr.c,src/expr.c,expr.c,2026,2021,2031,,window,1
sqlaser_sqlite354_r3,sqlite,3,sqlite_target_000522,memory,other,expr.c,src/expr.c,expr.c,2045,2040,2050,,window,1
sqlaser_sqlite354_r3,sqlite,3,sqlite_target_000523,memory,type_system,expr.c,src/expr.c,expr.c,205,205,211,sqlite3ExprSkipCollate,function,1
sqlaser_sqlite354_r3,sqlite,3,sqlite_target_000524,memory,other,expr.c,src/expr.c,expr.c,2066,2061,2071,,window,1
sqlaser_sqlite354_r3,sqlite,3,sqlite_target_000525,memory,other,expr.c,src/expr.c,expr.c,2095,2090,2100,,window,1
sqlaser_sqlite354_r3,sqlite,3,sqlite_target_000526,memory,other,expr.c,src/expr.c,expr.c,2157,2157,2185,sqlite3ExprListSetSortOrder,function,1
sqlaser_sqlite354_r3,sqlite,3,sqlite_target_000527,memory,type_system,expr.c,src/expr.c,expr.c,218,218,232,sqlite3ExprSkipCollateAndLikely,function,1
sqlaser_sqlite354_r3,sqlite,3,sqlite_target_000528,memory,other,expr.c,src/expr.c,expr.c,2195,2190,2200,,window,1
sqlaser_sqlite354_r3,sqlite,3,sqlite_target_000529,memory,other,expr.c,src/expr.c,expr.c,2230,2225,2235,,window,1
sqlaser_sqlite354_r3,sqlite,3,sqlite_target_000530,memory,other,expr.c,src/expr.c,expr.c,2252,2247,2257,,window,1
sqlaser_sqlite354_r3,sqlite,3,sqlite_target_000531,memory,other,expr.c,src/expr.c,expr.c,2280,2280,2282,,function,1
sqlaser_sqlite354_r3,sqlite,3,sqlite_target_000532,memory,other,expr.c,src/expr.c,expr.c,2291,2291,2301,sqlite3ExprListFlags,function,1
sqlaser_sqlite354_r3,sqlite,3,sqlite_target_000533,memory,other,expr.c,src/expr.c,expr.c,2336,2336,2347,sqlite3ExprIdToTrueFalse,function,1
sqlaser_sqlite354_r3,sqlite,3,sqlite_target_000534,memory,other,expr.c,src/expr.c,expr.c,2353,2353,2360,sqlite3ExprTruthValue,function,1
sqlaser_sqlite354_r3,sqlite,3,sqlite_target_000535,memory,other,expr.c,src/expr.c,expr.c,2375,2375,2387,,function,1
sqlaser_sqlite354_r3,sqlite,3,sqlite_target_000536,memory,other,expr.c,src/expr.c,expr.c,248,248,309,sqlite3ExprCollSeq,function,1
sqlaser_sqlite354_r3,sqlite,3,sqlite_target_000537,memory,other,expr.c,src/expr.c,expr.c,2647,2647,2649,sqlite3ExprIsConstant,function,0
sqlaser_sqlite354_r3,sqlite,3,sqlite_target_000538,memory,other,expr.c,src/expr.c,expr.c,2664,2664,2666,sqlite3ExprCodeRunJustOnce,function,0
sqlaser_sqlite354_r3,sqlite,3,sqlite_target_000539,memory,catalog_metadata,expr.c,src/expr.c,expr.c,2693,2693,2709,sqlite3ExprIsTableConstant,function,1
sqlaser_sqlite354_r3,sqlite,3,sqlite_target_000540,memory,other,expr.c,src/expr.c,expr.c,2755,2750,2760,,window,1
sqlaser_sqlite354_r3,sqlite,3,sqlite_target_000541,memory,other,expr.c,src/expr.c,expr.c,2836,2836,2845,sqlite3ExprIsConstantOrGroupBy,function,0
sqlaser_sqlite354_r3,sqlite,3,sqlite_target_000542,memory,other,expr.c,src/expr.c,expr.c,2868,2868,2871,string,function,1
sqlaser_sqlite354_r3,sqlite,3,sqlite_target_000543,memory,other,expr.c,src/expr.c,expr.c,2901,2901,2951,parameter,function,1
sqlaser_sqlite354_r3,sqlite,3,sqlite_target_000544,memory,other,expr.c,src/expr.c,expr.c,2967,2967,2996,negative,function,1
sqlaser_sqlite354_r3,sqlite,3,sqlite_target_000545,memory,other,expr.c,src/expr.c,expr.c,3008,3008,3039,sqlite3ExprNeedsNoAffinityChange,function,1
sqlaser_sqlite354_r3,sqlite,3,sqlite_target_000546,memory,other,expr.c,src/expr.c,expr.c,321,321,326,sqlite3ExprCollSeq,function,1
sqlaser_sqlite354_r3,sqlite,3,sqlite_target_000547,memory,other,expr.c,src/expr.c,expr.c,331,331,337,sqlite3ExprCollSeqMatch,function,1
sqlaser_sqlite354_r3,sqlite,3,sqlite_target_000548,memory,other,expr.c,src/expr.c,expr.c,3990,3990,4002,IN,function,1
sqlaser_sqlite354_r3,sqlite,3,sqlite_target_000549,memory,other,expr.c,src/expr.c,expr.c,4031,4026,4036,,window,1
sqlaser_sqlite354_r3,sqlite,3,sqlite_target_000550,memory,other,expr.c,src/expr.c,expr.c,4361,4356,4366,,window,1
sqlaser_sqlite354_r3,sqlite,3,sqlite_target_000551,memory,other,expr.c,src/expr.c,expr.c,4386,4381,4391,,window,1
sqlaser_sqlite354_r3,sqlite,3,sqlite_target_000552,memory,other,expr.c,src/expr.c,expr.c,4419,4414,4424,,window,1
sqlaser_sqlite354_r3,sqlite,3,sqlite_target_000553,memory,other,expr.c,src/expr.c,expr.c,4476,4471,4481,,window,1
sqlaser_sqlite354_r3,sqlite,3,sqlite_target_000554,memory,other,expr.c,src/expr.c,expr.c,45,45,95,t1,function,1
sqlaser_sqlite354_r3,sqlite,3,sqlite_target_000555,memory,other,expr.c,src/expr.c,expr.c,4500,4500,4502,sqlite3ExprCodeMove,function,0
sqlaser_sqlite354_r3,sqlite,3,sqlite_target_000556,memory,other,expr.c,src/expr.c,expr.c,4509,4509,4520,sqlite3ExprToRegister,function,1
sqlaser_sqlite354_r3,sqlite,3,sqlite_target_000557,memory,other,expr.c,src/expr.c,expr.c,454,454,460,sqlite3BinaryCompareCollSeq,function,1
sqlaser_sqlite354_r3,sqlite,3,sqlite_target_000558,memory,type_system,expr.c,src/expr.c,expr.c,4743,4743,4750,sqlite3ExprCanReturnSubtype,function,0
sqlaser_sqlite354_r3,sqlite,3,sqlite_target_000559,memory,other,expr.c,src/expr.c,expr.c,4943,4943,5771,sqlite3ExprCodeTarget,function,1
sqlaser_sqlite354_r3,sqlite,3,sqlite_target_000560,memory,other,expr.c,src/expr.c,expr.c,501,501,503,sqlite3ExprIsVector,function,0
sqlaser_sqlite354_r3,sqlite,3,sqlite_target_000561,memory,other,expr.c,src/expr.c,expr.c,511,511,523,sqlite3ExprVectorSize,function,1
sqlaser_sqlite354_r3,sqlite,3,sqlite_target_000562,memory,other,expr.c,src/expr.c,expr.c,576,571,581,,window,1
sqlaser_sqlite354_r3,sqlite,3,sqlite_target_000563,memory,other,expr.c,src/expr.c,expr.c,5790,5785,5795,,window,0
sqlaser_sqlite354_r3,sqlite,3,sqlite_target_000564,memory,other,expr.c,src/expr.c,expr.c,5841,5836,5846,,window,1
sqlaser_sqlite354_r3,sqlite,3,sqlite_target_000565,memory,other,expr.c,src/expr.c,expr.c,5869,5869,5890,sqlite3ExprCodeTemp,function,1
sqlaser_sqlite354_r3,sqlite,3,sqlite_target_000566,memory,other,expr.c,src/expr.c,expr.c,5897,5897,5918,sqlite3ExprCode,function,1
sqlaser_sqlite354_r3,sqlite,3,sqlite_target_000567,memory,other,expr.c,src/expr.c,expr.c,5925,5925,5930,sqlite3ExprCodeCopy,function,0
sqlaser_sqlite354_r3,sqlite,3,sqlite_target_000568,memory,other,expr.c,src/expr.c,expr.c,5938,5938,5944,sqlite3ExprCodeFactorable,function,0
sqlaser_sqlite354_r3,sqlite,3,sqlite_target_000569,memory,other,expr.c,src/expr.c,expr.c,5966,5961,5971,,window,0
sqlaser_sqlite354_r3,sqlite,3,sqlite_target_000570,memory,other,expr.c,src/expr.c,expr.c,6113,6113,6268,values,function,1
sqlaser_sqlite354_r3,sqlite,3,sqlite_target_000571,memory,other,expr.c,src/expr.c,expr.c,6279,6279,6468,NULL,function,1
sqlaser_sqlite354_r3,sqlite,3,sqlite_target_000572,memory,other,expr.c,src/expr.c,expr.c,6475,6475,6482,sqlite3ExprIfFalseDup,function,1
sqlaser_sqlite354_r3,sqlite,3,sqlite_target_000573,memory,other,expr.c,src/expr.c,expr.c,6557,6552,6562,,window,0
sqlaser_sqlite354_r3,sqlite,3,sqlite_target_000574,memory,other,expr.c,src/expr.c,expr.c,6659,6659,6672,sqlite3ExprListCompare,function,1
sqlaser_sqlite354_r3,sqlite,3,sqlite_target_000575,memory,other,expr.c,src/expr.c,expr.c,6678,6678,6683,sqlite3ExprCompareSkip,function,1
sqlaser_sqlite354_r3,sqlite,3,sqlite_target_000576,memory,other,expr.c,src/expr.c,expr.c,6767,6767,6774,sqlite3ExprIsNotTrue,function,1
sqlaser_sqlite354_r3,sqlite,3,sqlite_target_000577,memory,other,expr.c,src/expr.c,expr.c,6786,6786,6811,iif,function,1
sqlaser_sqlite354_r3,sqlite,3,sqlite_target_000578,memory,other,expr.c,src/expr.c,expr.c,6840,6835,6845,,window,0
sqlaser_sqlite354_r3,sqlite,3,sqlite_target_000579,memory,other,expr.c,src/expr.c,expr.c,7024,7024,7044,sqlite3ExprImpliesNonNullRow,function,1
sqlaser_sqlite354_r3,sqlite,3,sqlite_target_000580,memory,other,expr.c,src/expr.c,expr.c,7084,7079,7089,,window,0
sqlaser_sqlite354_r3,sqlite,3,sqlite_target_000581,memory,other,expr.c,src/expr.c,expr.c,7562,7562,7572,sqlite3ResolveExprNames,function,1
sqlaser_sqlite354_r3,sqlite,3,sqlite_target_000582,memory,other,expr.c,src/expr.c,expr.c,7580,7580,7588,sqlite3ExprAnalyzeAggregates,function,1
sqlaser_sqlite354_r3,sqlite,3,sqlite_target_000583,memory,other,expr.c,src/expr.c,expr.c,794,794,804,sqlite3ExprCheckHeight,function,1
sqlaser_sqlite354_r3,sqlite,3,sqlite_target_000584,memory,other,expr.c,src/expr.c,expr.c,874,874,878,sqlite3ExprSetHeightAndFlags,function,1
sqlaser_sqlite354_r3,sqlite,3,sqlite_target_000585,memory,other,expr.c,src/expr.c,expr.c,906,906,910,sqlite3ExprSetErrorOffset,function,1
sqlaser_sqlite354_r3,sqlite,3,sqlite_target_000586,memory,other,expr.c,src/expr.c,expr.c,933,928,938,,window,1
sqlaser_sqlite354_r3,sqlite,3,sqlite_target_000587,memory,other,expr.c,src/expr.c,expr.c,983,983,996,sqlite3ExprInt32,function,1
sqlaser_sqlite354_r3,sqlite,3,sqlite_target_000588,memory,other,insert.c,src/insert.c,insert.c,1718,1713,1723,,window,1
sqlaser_sqlite354_r3,sqlite,3,sqlite_target_000589,memory,other,insert.c,src/insert.c,insert.c,894,889,899,,window,0
sqlaser_sqlite354_r3,sqlite,3,sqlite_target_000590,memory,other,legacy.c,src/legacy.c,legacy.c,75,70,80,,window,1
sqlaser_sqlite354_r3,sqlite,3,sqlite_target_000591,memory,other,resolve.c,src/resolve.c,resolve.c,179,179,200,sqlite3ExprColUsed,function,1
sqlaser_sqlite354_r3,sqlite,3,sqlite_target_000592,memory,other,select.c,src/select.c,select.c,7578,7573,7583,,window,0
sqlaser_sqlite354_r3,sqlite,3,sqlite_target_000593,memory,type_system,update.c,src/update.c,update.c,285,280,290,,window,0
sqlaser_sqlite354_r3,sqlite,3,sqlite_target_000594,memory,other,utf.c,src/utf.c,utf.c,316,311,321,,window,1
sqlaser_sqlite354_r3,sqlite,3,sqlite_target_000595,memory,other,utf.c,src/utf.c,utf.c,457,437,465,allocation,function,0
sqlaser_sqlite354_r3,sqlite,3,sqlite_target_000596,memory,other,util.c,src/util.c,util.c,1820,1801,1828,sqlite3GetVarint32,function,1
sqlaser_sqlite354_r3,sqlite,3,sqlite_target_000597,memory,executor,vdbe.c,src/vdbe.c,vdbe.c,1456,1449,1479,,function,1
sqlaser_sqlite354_r3,sqlite,3,sqlite_target_000598,memory,executor,vdbe.c,src/vdbe.c,vdbe.c,1598,1593,1603,,window,1
sqlaser_sqlite354_r3,sqlite,3,sqlite_target_000599,memory,executor,vdbe.c,src/vdbe.c,vdbe.c,1620,1610,1625,,function,1
sqlaser_sqlite354_r3,sqlite,3,sqlite_target_000600,memory,executor,vdbe.c,src/vdbe.c,vdbe.c,1866,1826,1886,memcpy,function,1
sqlaser_sqlite354_r3,sqlite,3,sqlite_target_000601,memory,executor,vdbe.c,src/vdbe.c,vdbe.c,2101,2096,2106,,window,0
sqlaser_sqlite354_r3,sqlite,3,sqlite_target_000602,memory,executor,vdbe.c,src/vdbe.c,vdbe.c,2109,2104,2114,,window,0
sqlaser_sqlite354_r3,sqlite,3,sqlite_target_000603,memory,executor,vdbe.c,src/vdbe.c,vdbe.c,2419,2414,2424,,window,1
sqlaser_sqlite354_r3,sqlite,3,sqlite_target_000604,memory,executor,vdbe.c,src/vdbe.c,vdbe.c,2572,2563,2583,assert,function,1
sqlaser_sqlite354_r3,sqlite,3,sqlite_target_000605,memory,executor,vdbe.c,src/vdbe.c,vdbe.c,3077,3072,3082,,window,1
sqlaser_sqlite354_r3,sqlite,3,sqlite_target_000606,memory,executor,vdbe.c,src/vdbe.c,vdbe.c,3078,3073,3083,,window,1
sqlaser_sqlite354_r3,sqlite,3,sqlite_target_000607,memory,executor,vdbe.c,src/vdbe.c,vdbe.c,3086,3081,3091,,window,1
sqlaser_sqlite354_r3,sqlite,3,sqlite_target_000608,memory,executor,vdbe.c,src/vdbe.c,vdbe.c,3145,3140,3150,,window,1
sqlaser_sqlite354_r3,sqlite,3,sqlite_target_000609,memory,executor,vdbe.c,src/vdbe.c,vdbe.c,3146,3141,3151,,window,1
sqlaser_sqlite354_r3,sqlite,3,sqlite_target_000610,memory,executor,vdbe.c,src/vdbe.c,vdbe.c,3165,3160,3170,,window,1
sqlaser_sqlite354_r3,sqlite,3,sqlite_target_000611,memory,executor,vdbe.c,src/vdbe.c,vdbe.c,3232,3227,3237,,window,1
sqlaser_sqlite354_r3,sqlite,3,sqlite_target_000612,memory,executor,vdbe.c,src/vdbe.c,vdbe.c,3244,3239,3249,,window,1
sqlaser_sqlite354_r3,sqlite,3,sqlite_target_000613,memory,executor,vdbe.c,src/vdbe.c,vdbe.c,3248,3243,3253,,window,1
sqlaser_sqlite354_r3,sqlite,3,sqlite_target_000614,memory,executor,vdbe.c,src/vdbe.c,vdbe.c,3278,3264,3287,,function,1
sqlaser_sqlite354_r3,sqlite,3,sqlite_target_000615,memory,executor,vdbe.c,src/vdbe.c,vdbe.c,3771,3766,3776,,window,1
sqlaser_sqlite354_r3,sqlite,3,sqlite_target_000616,memory,executor,vdbe.c,src/vdbe.c,vdbe.c,3799,3794,3804,,window,1
sqlaser_sqlite354_r3,sqlite,3,sqlite_target_000617,memory,executor,vdbe.c,src/vdbe.c,vdbe.c,3807,3802,3812,,window,1
sqlaser_sqlite354_r3,sqlite,3,sqlite_target_000618,memory,executor,vdbe.c,src/vdbe.c,vdbe.c,3902,3897,3907,,window,1
sqlaser_sqlite354_r3,sqlite,3,sqlite_target_000619,memory,executor,vdbe.c,src/vdbe.c,vdbe.c,3905,3900,3910,,window,1
sqlaser_sqlite354_r3,sqlite,3,sqlite_target_000620,memory,executor,vdbe.c,src/vdbe.c,vdbe.c,436,436,449,sqlite3_value_numeric_type,function,1
sqlaser_sqlite354_r3,sqlite,3,sqlite_target_000621,memory,executor,vdbe.c,src/vdbe.c,vdbe.c,6166,6139,6177,,function,1
sqlaser_sqlite354_r3,sqlite,3,sqlite_target_000622,memory,executor,vdbe.c,src/vdbe.c,vdbe.c,6919,6911,6931,,function,1
sqlaser_sqlite354_r3,sqlite,3,sqlite_target_000623,memory,executor,vdbe.c,src/vdbe.c,vdbe.c,720,715,725,,window,0
sqlaser_sqlite354_r3,sqlite,3,sqlite_target_000624,memory,executor,vdbe.c,src/vdbe.c,vdbe.c,7350,7345,7355,,window,1
sqlaser_sqlite354_r3,sqlite,3,sqlite_target_000625,memory,executor,vdbe.c,src/vdbe.c,vdbe.c,7395,7381,7407,,function,1
sqlaser_sqlite354_r3,sqlite,3,sqlite_target_000626,memory,executor,vdbe.c,src/vdbe.c,vdbe.c,7584,7571,7621,,function,1
sqlaser_sqlite354_r3,sqlite,3,sqlite_target_000627,memory,executor,vdbe.c,src/vdbe.c,vdbe.c,7638,7633,7643,,window,1
sqlaser_sqlite354_r3,sqlite,3,sqlite_target_000628,memory,executor,vdbe.c,src/vdbe.c,vdbe.c,7913,7894,7936,,function,1
sqlaser_sqlite354_r3,sqlite,3,sqlite_target_000629,memory,executor,vdbe.c,src/vdbe.c,vdbe.c,806,801,811,,window,0
sqlaser_sqlite354_r3,sqlite,3,sqlite_target_000630,memory,executor,vdbe.c,src/vdbe.c,vdbe.c,835,830,840,,window,1
sqlaser_sqlite354_r3,sqlite,3,sqlite_target_000631,memory,executor,vdbe.c,src/vdbe.c,vdbe.c,8370,8366,8386,,function,1
sqlaser_sqlite354_r3,sqlite,3,sqlite_target_000632,memory,executor,vdbe.c,src/vdbe.c,vdbe.c,8495,8465,8498,,function,1
sqlaser_sqlite354_r3,sqlite,3,sqlite_target_000633,memory,executor,vdbe.c,src/vdbe.c,vdbe.c,8630,8625,8635,,window,1
sqlaser_sqlite354_r3,sqlite,3,sqlite_target_000634,memory,executor,vdbe.c,src/vdbe.c,vdbe.c,866,866,875,vdbeMemTypeName,function,1
sqlaser_sqlite354_r3,sqlite,3,sqlite_target_000635,memory,executor,vdbe.c,src/vdbe.c,vdbe.c,881,876,886,,window,1
sqlaser_sqlite354_r3,sqlite,3,sqlite_target_000636,memory,executor,vdbeapi.c,src/vdbeapi.c,vdbeapi.c,1654,1654,1691,assert,function,1
sqlaser_sqlite354_r3,sqlite,3,sqlite_target_000637,memory,executor,vdbeapi.c,src/vdbeapi.c,vdbeapi.c,1953,1953,1956,sqlite3VdbeParameterIndex,function,0
sqlaser_sqlite354_r3,sqlite,3,sqlite_target_000638,memory,executor,vdbeapi.c,src/vdbeapi.c,vdbeapi.c,40,40,47,vdbeSafety,function,1
sqlaser_sqlite354_r3,sqlite,3,sqlite_target_000639,memory,executor,vdbeapi.c,src/vdbeapi.c,vdbeapi.c,48,48,55,vdbeSafetyNotNull,function,1
sqlaser_sqlite354_r3,sqlite,3,sqlite_target_000640,memory,executor,vdbeapi.c,src/vdbeapi.c,vdbeapi.c,913,913,960,sqlite3_step,function,1
sqlaser_sqlite354_r3,sqlite,3,sqlite_target_000641,memory,executor,vdbeaux.c,src/vdbeaux.c,vdbeaux.c,1075,1075,1078,sqlite3VdbeCurrentAddr,function,0
sqlaser_sqlite354_r3,sqlite,3,sqlite_target_000642,memory,executor,vdbeaux.c,src/vdbeaux.c,vdbeaux.c,1132,1132,1143,sqlite3VdbeTakeOpArray,function,1
sqlaser_sqlite354_r3,sqlite,3,sqlite_target_000643,memory,executor,vdbeaux.c,src/vdbeaux.c,vdbeaux.c,1152,1147,1157,,window,1
sqlaser_sqlite354_r3,sqlite,3,sqlite_target_000644,memory,executor,vdbeaux.c,src/vdbeaux.c,vdbeaux.c,127,127,152,sqlite3VdbeSwap,function,1
sqlaser_sqlite354_r3,sqlite,3,sqlite_target_000645,memory,executor,vdbeaux.c,src/vdbeaux.c,vdbeaux.c,1291,1291,1294,sqlite3VdbeChangeOpcode,function,1
sqlaser_sqlite354_r3,sqlite,3,sqlite_target_000646,memory,executor,vdbeaux.c,src/vdbeaux.c,vdbeaux.c,1295,1295,1298,sqlite3VdbeChangeOpcode,function,1
sqlaser_sqlite354_r3,sqlite,3,sqlite_target_000647,memory,executor,vdbeaux.c,src/vdbeaux.c,vdbeaux.c,1299,1299,1302,sqlite3VdbeChangeP1,function,1
sqlaser_sqlite354_r3,sqlite,3,sqlite_target_000648,memory,executor,vdbeaux.c,src/vdbeaux.c,vdbeaux.c,1303,1303,1306,sqlite3VdbeChangeP2,function,0
sqlaser_sqlite354_r3,sqlite,3,sqlite_target_000649,memory,executor,vdbeaux.c,src/vdbeaux.c,vdbeaux.c,1307,1307,1310,sqlite3VdbeChangeP3,function,1
sqlaser_sqlite354_r3,sqlite,3,sqlite_target_000650,memory,executor,vdbeaux.c,src/vdbeaux.c,vdbeaux.c,1317,1317,1325,sqlite3VdbeTypeofColumn,function,1
sqlaser_sqlite354_r3,sqlite,3,sqlite_target_000651,memory,executor,vdbeaux.c,src/vdbeaux.c,vdbeaux.c,1331,1331,1333,sqlite3VdbeJumpHere,function,0
sqlaser_sqlite354_r3,sqlite,3,sqlite_target_000652,memory,executor,vdbeaux.c,src/vdbeaux.c,vdbeaux.c,1348,1348,1361,sqlite3VdbeJumpHereOrPopInst,function,1
sqlaser_sqlite354_r3,sqlite,3,sqlite_target_000653,memory,executor,vdbeaux.c,src/vdbeaux.c,vdbeaux.c,1378,1378,1381,freeP4Mem,function,1
sqlaser_sqlite354_r3,sqlite,3,sqlite_target_000654,memory,executor,vdbeaux.c,src/vdbeaux.c,vdbeaux.c,1445,1445,1460,vdbeFreeOpArray,function,1
sqlaser_sqlite354_r3,sqlite,3,sqlite_target_000655,memory,parser,vdbeaux.c,src/vdbeaux.c,vdbeaux.c,1467,1467,1470,sqlite3VdbeLinkSubProgram,function,0
sqlaser_sqlite354_r3,sqlite,3,sqlite_target_000656,memory,parser,vdbeaux.c,src/vdbeaux.c,vdbeaux.c,1475,1475,1477,sqlite3VdbeHasSubProgram,function,1
sqlaser_sqlite354_r3,sqlite,3,sqlite_target_000657,memory,executor,vdbeaux.c,src/vdbeaux.c,vdbeaux.c,1482,1482,1492,sqlite3VdbeChangeToNoop,function,1
sqlaser_sqlite354_r3,sqlite,3,sqlite_target_000658,memory,executor,vdbeaux.c,src/vdbeaux.c,vdbeaux.c,1498,1498,1504,sqlite3VdbeDeletePriorOpcode,function,0
sqlaser_sqlite354_r3,sqlite,3,sqlite_target_000659,memory,executor,vdbeaux.c,src/vdbeaux.c,vdbeaux.c,1557,1552,1562,,window,1
sqlaser_sqlite354_r3,sqlite,3,sqlite_target_000660,memory,executor,vdbeaux.c,src/vdbeaux.c,vdbeaux.c,1576,1576,1608,,function,1
sqlaser_sqlite354_r3,sqlite,3,sqlite_target_000661,memory,executor,vdbeaux.c,src/vdbeaux.c,vdbeaux.c,1619,1619,1633,sqlite3VdbeChangeP4,function,1
sqlaser_sqlite354_r3,sqlite,3,sqlite_target_000662,memory,executor,vdbeaux.c,src/vdbeaux.c,vdbeaux.c,1639,1639,1646,sqlite3VdbeSetP4KeyInfo,function,1
sqlaser_sqlite354_r3,sqlite,3,sqlite_target_000663,memory,executor,vdbeaux.c,src/vdbeaux.c,vdbeaux.c,1705,1705,1716,sqlite3VdbeGetOp,function,1
sqlaser_sqlite354_r3,sqlite,3,sqlite_target_000664,memory,executor,vdbeaux.c,src/vdbeaux.c,vdbeaux.c,1720,1720,1722,sqlite3VdbeGetLastOp,function,0
sqlaser_sqlite354_r3,sqlite,3,sqlite_target_000665,memory,executor,vdbeaux.c,src/vdbeaux.c,vdbeaux.c,1914,1914,2033,sqlite3VdbeDisplayP4,function,0
sqlaser_sqlite354_r3,sqlite,3,sqlite_target_000666,memory,executor,vdbeaux.c,src/vdbeaux.c,vdbeaux.c,2044,2044,2051,sqlite3VdbeUsesBtree,function,0
sqlaser_sqlite354_r3,sqlite,3,sqlite_target_000667,memory,executor,vdbeaux.c,src/vdbeaux.c,vdbeaux.c,2075,2075,2089,sqlite3VdbeEnter,function,1
sqlaser_sqlite354_r3,sqlite,3,sqlite_target_000668,memory,executor,vdbeaux.c,src/vdbeaux.c,vdbeaux.c,2096,2096,2109,,function,1
sqlaser_sqlite354_r3,sqlite,3,sqlite_target_000669,memory,executor,vdbeaux.c,src/vdbeaux.c,vdbeaux.c,2110,2110,2113,,function,0
sqlaser_sqlite354_r3,sqlite,3,sqlite_target_000670,memory,executor,vdbeaux.c,src/vdbeaux.c,vdbeaux.c,2164,2164,2178,initMemArray,function,1
sqlaser_sqlite354_r3,sqlite,3,sqlite_target_000671,memory,executor,vdbeaux.c,src/vdbeaux.c,vdbeaux.c,2188,2188,2233,releaseMemArray,function,1
sqlaser_sqlite354_r3,sqlite,3,sqlite_target_000672,memory,executor,vdbeaux.c,src/vdbeaux.c,vdbeaux.c,2256,2256,2261,sqlite3VdbeFrameMemDel,function,0
sqlaser_sqlite354_r3,sqlite,3,sqlite_target_000673,memory,executor,vdbeaux.c,src/vdbeaux.c,vdbeaux.c,2271,2266,2276,,window,0
sqlaser_sqlite354_r3,sqlite,3,sqlite_target_000674,memory,executor,vdbeaux.c,src/vdbeaux.c,vdbeaux.c,2383,2383,2394,sqlite3VdbeFrameDelete,function,0
sqlaser_sqlite354_r3,sqlite,3,sqlite_target_000675,memory,executor,vdbeaux.c,src/vdbeaux.c,vdbeaux.c,2415,2410,2420,,window,0
sqlaser_sqlite354_r3,sqlite,3,sqlite_target_000676,memory,executor,vdbeaux.c,src/vdbeaux.c,vdbeaux.c,25,25,47,vdbeFreeOpArray,function,1
sqlaser_sqlite354_r3,sqlite,3,sqlite_target_000677,memory,executor,vdbeaux.c,src/vdbeaux.c,vdbeaux.c,2602,2602,2636,sqlite3VdbeRewind,function,1
sqlaser_sqlite354_r3,sqlite,3,sqlite_target_000678,memory,executor,vdbeaux.c,src/vdbeaux.c,vdbeaux.c,263,263,265,sqlite3VdbeAddOp0,function,1
sqlaser_sqlite354_r3,sqlite,3,sqlite_target_000679,memory,executor,vdbeaux.c,src/vdbeaux.c,vdbeaux.c,2656,2651,2661,,window,1
sqlaser_sqlite354_r3,sqlite,3,sqlite_target_000680,memory,executor,vdbeaux.c,src/vdbeaux.c,vdbeaux.c,266,266,268,sqlite3VdbeAddOp0,function,1
sqlaser_sqlite354_r3,sqlite,3,sqlite_target_000681,memory,executor,vdbeaux.c,src/vdbeaux.c,vdbeaux.c,269,269,271,sqlite3VdbeAddOp3,function,1
sqlaser_sqlite354_r3,sqlite,3,sqlite_target_000682,memory,executor,vdbeaux.c,src/vdbeaux.c,vdbeaux.c,272,272,316,sqlite3VdbeAddOp3,function,1
sqlaser_sqlite354_r3,sqlite,3,sqlite_target_000683,memory,executor,vdbeaux.c,src/vdbeaux.c,vdbeaux.c,2759,2759,2761,sqlite3VdbeFreeCursor,function,1
sqlaser_sqlite354_r3,sqlite,3,sqlite_target_000684,memory,executor,vdbeaux.c,src/vdbeaux.c,vdbeaux.c,2762,2762,2773,sqlite3VdbeFreeCursor,function,1
sqlaser_sqlite354_r3,sqlite,3,sqlite_target_000685,memory,executor,vdbeaux.c,src/vdbeaux.c,vdbeaux.c,2774,2774,2800,sqlite3DbFree,function,1
sqlaser_sqlite354_r3,sqlite,3,sqlite_target_000686,memory,executor,vdbeaux.c,src/vdbeaux.c,vdbeaux.c,2805,2805,2814,closeCursorsInFrame,function,1
sqlaser_sqlite354_r3,sqlite,3,sqlite_target_000687,memory,executor,vdbeaux.c,src/vdbeaux.c,vdbeaux.c,2821,2821,2837,sqlite3VdbeFrameRestore,function,0
sqlaser_sqlite354_r3,sqlite,3,sqlite_target_000688,memory,executor,vdbeaux.c,src/vdbeaux.c,vdbeaux.c,2847,2847,2867,closeAllCursors,function,1
sqlaser_sqlite354_r3,sqlite,3,sqlite_target_000689,memory,executor,vdbeaux.c,src/vdbeaux.c,vdbeaux.c,2875,2875,2888,sqlite3_column_count,function,1
sqlaser_sqlite354_r3,sqlite,3,sqlite_target_000690,memory,executor,vdbeaux.c,src/vdbeaux.c,vdbeaux.c,2900,2895,2905,,window,1
sqlaser_sqlite354_r3,sqlite,3,sqlite_target_000691,memory,executor,vdbeaux.c,src/vdbeaux.c,vdbeaux.c,2928,2928,3184,vdbeCommit,function,1
sqlaser_sqlite354_r3,sqlite,3,sqlite_target_000692,memory,executor,vdbeaux.c,src/vdbeaux.c,vdbeaux.c,317,312,322,,window,1
sqlaser_sqlite354_r3,sqlite,3,sqlite_target_000693,memory,executor,vdbeaux.c,src/vdbeaux.c,vdbeaux.c,3228,3228,3273,vdbeCloseStatement,function,1
sqlaser_sqlite354_r3,sqlite,3,sqlite_target_000694,memory,executor,vdbeaux.c,src/vdbeaux.c,vdbeaux.c,3274,3274,3279,sqlite3VdbeCloseStatement,function,0
sqlaser_sqlite354_r3,sqlite,3,sqlite_target_000695,memory,executor,vdbeaux.c,src/vdbeaux.c,vdbeaux.c,3293,3293,3299,vdbeFkError,function,1
sqlaser_sqlite354_r3,sqlite,3,sqlite_target_000696,memory,executor,vdbeaux.c,src/vdbeaux.c,vdbeaux.c,3300,3300,3303,sqlite3VdbeError,function,0
sqlaser_sqlite354_r3,sqlite,3,sqlite_target_000697,memory,executor,vdbeaux.c,src/vdbeaux.c,vdbeaux.c,3304,3304,3308,sqlite3VdbeCheckFkImmediate,function,0
sqlaser_sqlite354_r3,sqlite,3,sqlite_target_000698,memory,executor,vdbeaux.c,src/vdbeaux.c,vdbeaux.c,3324,3324,3526,sqlite3VdbeHalt,function,1
sqlaser_sqlite354_r3,sqlite,3,sqlite_target_000699,memory,executor,vdbeaux.c,src/vdbeaux.c,vdbeaux.c,3533,3533,3535,sqlite3VdbeResetStepResult,function,0
sqlaser_sqlite354_r3,sqlite,3,sqlite_target_000700,memory,executor,vdbeaux.c,src/vdbeaux.c,vdbeaux.c,3545,3545,3561,sqlite3_errcode,function,1
sqlaser_sqlite354_r3,sqlite,3,sqlite_target_000701,memory,executor,vdbeaux.c,src/vdbeaux.c,vdbeaux.c,3595,3595,3680,sqlite3VdbeReset,function,1
sqlaser_sqlite354_r3,sqlite,3,sqlite_target_000702,memory,executor,vdbeaux.c,src/vdbeaux.c,vdbeaux.c,3686,3686,3697,sqlite3VdbeFinalize,function,1
sqlaser_sqlite354_r3,sqlite,3,sqlite_target_000703,memory,executor,vdbeaux.c,src/vdbeaux.c,vdbeaux.c,369,369,371,sqlite3VdbeGoto,function,1
sqlaser_sqlite354_r3,sqlite,3,sqlite_target_000704,memory,executor,vdbeaux.c,src/vdbeaux.c,vdbeaux.c,3743,3743,3782,sqlite3VdbeDelete,function,1
sqlaser_sqlite354_r3,sqlite,3,sqlite_target_000705,memory,executor,vdbeaux.c,src/vdbeaux.c,vdbeaux.c,376,376,378,sqlite3VdbeLoadString,function,1
sqlaser_sqlite354_r3,sqlite,3,sqlite_target_000706,memory,executor,vdbeaux.c,src/vdbeaux.c,vdbeaux.c,3787,3787,3803,sqlite3VdbeDelete,function,1
sqlaser_sqlite354_r3,sqlite,3,sqlite_target_000707,memory,executor,vdbeaux.c,src/vdbeaux.c,vdbeaux.c,3810,3810,3827,sqlite3VdbeFinishMoveto,function,1
sqlaser_sqlite354_r3,sqlite,3,sqlite_target_000708,memory,executor,vdbeaux.c,src/vdbeaux.c,vdbeaux.c,3836,3836,3845,sqlite3VdbeHandleMovedCursor,function,1
sqlaser_sqlite354_r3,sqlite,3,sqlite_target_000709,memory,executor,vdbeaux.c,src/vdbeaux.c,vdbeaux.c,3851,3851,3857,sqlite3VdbeCursorRestore,function,0
sqlaser_sqlite354_r3,sqlite,3,sqlite_target_000710,memory,executor,vdbeaux.c,src/vdbeaux.c,vdbeaux.c,391,391,409,sqlite3VdbeMultiLoad,function,1
sqlaser_sqlite354_r3,sqlite,3,sqlite_target_000711,memory,executor,vdbeaux.c,src/vdbeaux.c,vdbeaux.c,3997,3997,4005,sqlite3VdbeSerialTypeLen,function,1
sqlaser_sqlite354_r3,sqlite,3,sqlite_target_000712,memory,executor,vdbeaux.c,src/vdbeaux.c,vdbeaux.c,4006,4006,4009,assert,function,0
sqlaser_sqlite354_r3,sqlite,3,sqlite_target_000713,memory,executor,vdbeaux.c,src/vdbeaux.c,vdbeaux.c,4132,4127,4137,,window,1
sqlaser_sqlite354_r3,sqlite,3,sqlite_target_000714,memory,executor,vdbeaux.c,src/vdbeaux.c,vdbeaux.c,414,409,419,,window,0
sqlaser_sqlite354_r3,sqlite,3,sqlite_target_000715,memory,executor,vdbeaux.c,src/vdbeaux.c,vdbeaux.c,4231,4226,4236,,window,1
sqlaser_sqlite354_r3,sqlite,3,sqlite_target_000716,memory,executor,vdbeaux.c,src/vdbeaux.c,vdbeaux.c,4251,4246,4256,,window,1
sqlaser_sqlite354_r3,sqlite,3,sqlite_target_000717,memory,executor,vdbeaux.c,src/vdbeaux.c,vdbeaux.c,438,433,443,,window,0
sqlaser_sqlite354_r3,sqlite,3,sqlite_target_000718,memory,executor,vdbeaux.c,src/vdbeaux.c,vdbeaux.c,4459,4454,4464,,window,1
sqlaser_sqlite354_r3,sqlite,3,sqlite_target_000719,memory,executor,vdbeaux.c,src/vdbeaux.c,vdbeaux.c,4485,4480,4490,,window,1
sqlaser_sqlite354_r3,sqlite,3,sqlite_target_000720,memory,executor,vdbeaux.c,src/vdbeaux.c,vdbeaux.c,4588,4588,4677,memcmp,function,1
sqlaser_sqlite354_r3,sqlite,3,sqlite_target_000721,memory,executor,vdbeaux.c,src/vdbeaux.c,vdbeaux.c,4687,4687,4719,vdbeRecordDecodeInt,function,1
sqlaser_sqlite354_r3,sqlite,3,sqlite_target_000722,memory,executor,vdbeaux.c,src/vdbeaux.c,vdbeaux.c,474,469,479,,window,0
sqlaser_sqlite354_r3,sqlite,3,sqlite_target_000723,memory,executor,vdbeaux.c,src/vdbeaux.c,vdbeaux.c,4742,4737,4747,,window,1
sqlaser_sqlite354_r3,sqlite,3,sqlite_target_000724,memory,executor,vdbeaux.c,src/vdbeaux.c,vdbeaux.c,4765,4760,4770,,window,1
sqlaser_sqlite354_r3,sqlite,3,sqlite_target_000725,memory,executor,vdbeaux.c,src/vdbeaux.c,vdbeaux.c,4775,4770,4780,,window,1
sqlaser_sqlite354_r3,sqlite,3,sqlite_target_000726,memory,executor,vdbeaux.c,src/vdbeaux.c,vdbeaux.c,4808,4803,4813,,window,1
sqlaser_sqlite354_r3,sqlite,3,sqlite_target_000727,memory,executor,vdbeaux.c,src/vdbeaux.c,vdbeaux.c,4841,4836,4846,,window,1
sqlaser_sqlite354_r3,sqlite,3,sqlite_target_000728,memory,executor,vdbeaux.c,src/vdbeaux.c,vdbeaux.c,4849,4844,4854,,window,1
sqlaser_sqlite354_r3,sqlite,3,sqlite_target_000729,memory,executor,vdbeaux.c,src/vdbeaux.c,vdbeaux.c,4883,4878,4888,,window,1
sqlaser_sqlite354_r3,sqlite,3,sqlite_target_000730,memory,executor,vdbeaux.c,src/vdbeaux.c,vdbeaux.c,493,493,498,sqlite3VdbeExplainParent,function,1
sqlaser_sqlite354_r3,sqlite,3,sqlite_target_000731,memory,executor,vdbeaux.c,src/vdbeaux.c,vdbeaux.c,4963,4958,4968,,window,0
sqlaser_sqlite354_r3,sqlite,3,sqlite_target_000732,memory,executor,vdbeaux.c,src/vdbeaux.c,vdbeaux.c,4967,4966,4968,sqlite3VdbeRecordCompare,function,0
sqlaser_sqlite354_r3,sqlite,3,sqlite_target_000733,memory,executor,vdbeaux.c,src/vdbeaux.c,vdbeaux.c,4980,4975,4985,,window,1
sqlaser_sqlite354_r3,sqlite,3,sqlite_target_000734,memory,executor,vdbeaux.c,src/vdbeaux.c,vdbeaux.c,5075,5070,5080,,window,1
sqlaser_sqlite354_r3,sqlite,3,sqlite_target_000735,memory,executor,vdbeaux.c,src/vdbeaux.c,vdbeaux.c,5145,5145,5190,sqlite3VdbeFindCompare,function,1
sqlaser_sqlite354_r3,sqlite,3,sqlite_target_000736,memory,executor,vdbeaux.c,src/vdbeaux.c,vdbeaux.c,517,517,543,sqlite3VdbeExplainPop,function,1
sqlaser_sqlite354_r3,sqlite,3,sqlite_target_000737,memory,parser,vdbeaux.c,src/vdbeaux.c,vdbeaux.c,52,52,54,sqlite3VdbeParser,function,1
sqlaser_sqlite354_r3,sqlite,3,sqlite_target_000738,memory,executor,vdbeaux.c,src/vdbeaux.c,vdbeaux.c,5200,5200,5266,sqlite3VdbeIdxRowid,function,1
sqlaser_sqlite354_r3,sqlite,3,sqlite_target_000739,memory,executor,vdbeaux.c,src/vdbeaux.c,vdbeaux.c,5236,5231,5241,,window,1
sqlaser_sqlite354_r3,sqlite,3,sqlite_target_000740,memory,executor,vdbeaux.c,src/vdbeaux.c,vdbeaux.c,5255,5250,5260,,window,1
sqlaser_sqlite354_r3,sqlite,3,sqlite_target_000741,memory,executor,vdbeaux.c,src/vdbeaux.c,vdbeaux.c,5279,5274,5284,,window,1
sqlaser_sqlite354_r3,sqlite,3,sqlite_target_000742,memory,executor,vdbeaux.c,src/vdbeaux.c,vdbeaux.c,5324,5324,5326,sqlite3VdbeCountChanges,function,0
sqlaser_sqlite354_r3,sqlite,3,sqlite_target_000743,memory,executor,vdbeaux.c,src/vdbeaux.c,vdbeaux.c,5356,5356,5358,sqlite3VdbeDb,function,0
sqlaser_sqlite354_r3,sqlite,3,sqlite_target_000744,memory,executor,vdbeaux.c,src/vdbeaux.c,vdbeaux.c,5363,5363,5365,sqlite3VdbePrepareFlags,function,0
sqlaser_sqlite354_r3,sqlite,3,sqlite_target_000745,memory,executor,vdbeaux.c,src/vdbeaux.c,vdbeaux.c,5375,5375,5391,aff,function,1
sqlaser_sqlite354_r3,sqlite,3,sqlite_target_000746,memory,executor,vdbeaux.c,src/vdbeaux.c,vdbeaux.c,5398,5398,5407,sqlite3VdbeSetVarmask,function,0
sqlaser_sqlite354_r3,sqlite,3,sqlite_target_000747,memory,executor,vdbeaux.c,src/vdbeaux.c,vdbeaux.c,5420,5415,5425,,window,0
sqlaser_sqlite354_r3,sqlite,3,sqlite_target_000748,memory,executor,vdbeaux.c,src/vdbeaux.c,vdbeaux.c,5453,5448,5458,,window,0
sqlaser_sqlite354_r3,sqlite,3,sqlite_target_000749,memory,executor,vdbeaux.c,src/vdbeaux.c,vdbeaux.c,548,548,551,sqlite3VdbeExplainPop,function,1
sqlaser_sqlite354_r3,sqlite,3,sqlite_target_000750,memory,executor,vdbeaux.c,src/vdbeaux.c,vdbeaux.c,5551,5546,5556,,window,0
sqlaser_sqlite354_r3,sqlite,3,sqlite_target_000751,memory,executor,vdbeaux.c,src/vdbeaux.c,vdbeaux.c,571,571,578,sqlite3DbMalloc,function,1
sqlaser_sqlite354_r3,sqlite,3,sqlite_target_000752,memory,executor,vdbeaux.c,src/vdbeaux.c,vdbeaux.c,582,582,593,sqlite3MayAbort,function,0
sqlaser_sqlite354_r3,sqlite,3,sqlite_target_000753,memory,executor,vdbeaux.c,src/vdbeaux.c,vdbeaux.c,59,59,65,sqlite3VdbeError,function,1
sqlaser_sqlite354_r3,sqlite,3,sqlite_target_000754,memory,executor,vdbeaux.c,src/vdbeaux.c,vdbeaux.c,620,620,622,sqlite3VdbeMakeLabel,function,0
sqlaser_sqlite354_r3,sqlite,3,sqlite_target_000755,memory,executor,vdbeaux.c,src/vdbeaux.c,vdbeaux.c,647,647,664,sqlite3VdbeResolveLabel,function,1
sqlaser_sqlite354_r3,sqlite,3,sqlite_target_000756,memory,executor,vdbeaux.c,src/vdbeaux.c,vdbeaux.c,669,669,671,sqlite3VdbeRunOnlyOnce,function,1
sqlaser_sqlite354_r3,sqlite,3,sqlite_target_000757,memory,executor,vdbeaux.c,src/vdbeaux.c,vdbeaux.c,676,676,684,sqlite3VdbeReusable,function,0
sqlaser_sqlite354_r3,sqlite,3,sqlite_target_000758,memory,executor,vdbeaux.c,src/vdbeaux.c,vdbeaux.c,70,70,78,sqlite3VdbeSetSql,function,1
sqlaser_sqlite354_r3,sqlite,3,sqlite_target_000759,memory,executor,vdbemem.c,src/vdbemem.c,vdbemem.c,1009,1009,1017,sqlite3VdbeMemSetZeroBlob,function,1
sqlaser_sqlite354_r3,sqlite,3,sqlite_target_000760,memory,executor,vdbemem.c,src/vdbemem.c,vdbemem.c,1039,1039,1043,vdbeReleaseAndSetInt64,function,1
sqlaser_sqlite354_r3,sqlite,3,sqlite_target_000761,memory,executor,vdbemem.c,src/vdbemem.c,vdbemem.c,1049,1049,1056,sqlite3VdbeMemSetInt64,function,1
sqlaser_sqlite354_r3,sqlite,3,sqlite_target_000762,memory,executor,vdbemem.c,src/vdbemem.c,vdbemem.c,106,106,135,vdbeMemRenderNum,function,1
sqlaser_sqlite354_r3,sqlite,3,sqlite_target_000763,memory,executor,vdbemem.c,src/vdbemem.c,vdbemem.c,1072,1067,1077,,window,1
sqlaser_sqlite354_r3,sqlite,3,sqlite_target_000764,memory,executor,vdbemem.c,src/vdbemem.c,vdbemem.c,1092,1092,1098,sqlite3VdbeMemSetDouble,function,1
sqlaser_sqlite354_r3,sqlite,3,sqlite_target_000765,memory,executor,vdbemem.c,src/vdbemem.c,vdbemem.c,1119,1119,1131,sqlite3VdbeMemSetRowSet,function,1
sqlaser_sqlite354_r3,sqlite,3,sqlite_target_000766,memory,executor,vdbemem.c,src/vdbemem.c,vdbemem.c,1137,1137,1147,sqlite3VdbeMemTooBig,function,1
sqlaser_sqlite354_r3,sqlite,3,sqlite_target_000767,memory,executor,vdbemem.c,src/vdbemem.c,vdbemem.c,1196,1196,1200,srcType,function,1
sqlaser_sqlite354_r3,sqlite,3,sqlite_target_000768,memory,executor,vdbemem.c,src/vdbemem.c,vdbemem.c,1201,1201,1211,vdbeClrCopy,function,1
sqlaser_sqlite354_r3,sqlite,3,sqlite_target_000769,memory,executor,vdbemem.c,src/vdbemem.c,vdbemem.c,1217,1217,1232,sqlite3VdbeMemCopy,function,1
sqlaser_sqlite354_r3,sqlite,3,sqlite_target_000770,memory,executor,vdbemem.c,src/vdbemem.c,vdbemem.c,1240,1240,1249,sqlite3VdbeMemMove,function,1
sqlaser_sqlite354_r3,sqlite,3,sqlite_target_000771,memory,executor,vdbemem.c,src/vdbemem.c,vdbemem.c,1273,1268,1278,,window,0
sqlaser_sqlite354_r3,sqlite,3,sqlite_target_000772,memory,executor,vdbemem.c,src/vdbemem.c,vdbemem.c,1342,1337,1347,,window,1
sqlaser_sqlite354_r3,sqlite,3,sqlite_target_000773,memory,executor,vdbemem.c,src/vdbemem.c,vdbemem.c,1374,1369,1379,,window,1
sqlaser_sqlite354_r3,sqlite,3,sqlite_target_000774,memory,executor,vdbemem.c,src/vdbemem.c,vdbemem.c,1424,1419,1429,,window,1
sqlaser_sqlite354_r3,sqlite,3,sqlite_target_000775,memory,executor,vdbemem.c,src/vdbemem.c,vdbemem.c,1462,1457,1467,,window,1
sqlaser_sqlite354_r3,sqlite,3,sqlite_target_000776,memory,executor,vdbemem.c,src/vdbemem.c,vdbemem.c,1479,1467,1489,sqlite3VdbeMemFromBtree,function,1
sqlaser_sqlite354_r3,sqlite,3,sqlite_target_000777,memory,executor,vdbemem.c,src/vdbemem.c,vdbemem.c,1490,1485,1495,,window,1
sqlaser_sqlite354_r3,sqlite,3,sqlite_target_000778,memory,executor,vdbemem.c,src/vdbemem.c,vdbemem.c,1504,1494,1515,sqlite3VdbeMemFromBtreeZeroOffset,function,1
sqlaser_sqlite354_r3,sqlite,3,sqlite_target_000779,memory,executor,vdbemem.c,src/vdbemem.c,vdbemem.c,1511,1506,1516,,window,1
sqlaser_sqlite354_r3,sqlite,3,sqlite_target_000780,memory,executor,vdbemem.c,src/vdbemem.c,vdbemem.c,212,212,241,successful,function,1
sqlaser_sqlite354_r3,sqlite,3,sqlite_target_000781,memory,executor,vdbemem.c,src/vdbemem.c,vdbemem.c,251,251,299,sqlite3VdbeMemGrow,function,1
sqlaser_sqlite354_r3,sqlite,3,sqlite_target_000782,memory,executor,vdbemem.c,src/vdbemem.c,vdbemem.c,269,264,274,,window,1
sqlaser_sqlite354_r3,sqlite,3,sqlite_target_000783,memory,executor,vdbemem.c,src/vdbemem.c,vdbemem.c,276,271,281,,window,1
sqlaser_sqlite354_r3,sqlite,3,sqlite_target_000784,memory,executor,vdbemem.c,src/vdbemem.c,vdbemem.c,289,284,294,,window,1
sqlaser_sqlite354_r3,sqlite,3,sqlite_target_000785,memory,executor,vdbemem.c,src/vdbemem.c,vdbemem.c,314,314,324,code,function,1
sqlaser_sqlite354_r3,sqlite,3,sqlite_target_000786,memory,executor,vdbemem.c,src/vdbemem.c,vdbemem.c,336,336,362,sqlite3VdbeMemZeroTerminateIfAble,function,1
sqlaser_sqlite354_r3,sqlite,3,sqlite_target_000787,memory,executor,vdbemem.c,src/vdbemem.c,vdbemem.c,373,373,382,vdbeMemAddTerminator,function,1
sqlaser_sqlite354_r3,sqlite,3,sqlite_target_000788,memory,executor,vdbemem.c,src/vdbemem.c,vdbemem.c,390,390,407,sqlite3VdbeMemMakeWriteable,function,1
sqlaser_sqlite354_r3,sqlite,3,sqlite_target_000789,memory,executor,vdbemem.c,src/vdbemem.c,vdbemem.c,414,414,439,sqlite3VdbeMemExpandBlob,function,1
sqlaser_sqlite354_r3,sqlite,3,sqlite_target_000790,memory,executor,vdbemem.c,src/vdbemem.c,vdbemem.c,445,445,455,sqlite3VdbeMemNulTerminate,function,1
sqlaser_sqlite354_r3,sqlite,3,sqlite_target_000791,memory,executor,vdbemem.c,src/vdbemem.c,vdbemem.c,471,471,496,user,function,1
sqlaser_sqlite354_r3,sqlite,3,sqlite_target_000792,memory,executor,vdbemem.c,src/vdbemem.c,vdbemem.c,506,506,528,sqlite3VdbeMemFinalize,function,1
sqlaser_sqlite354_r3,sqlite,3,sqlite_target_000793,memory,executor,vdbemem.c,src/vdbemem.c,vdbemem.c,539,539,554,xValue,function,1
sqlaser_sqlite354_r3,sqlite,3,sqlite_target_000794,memory,executor,vdbemem.c,src/vdbemem.c,vdbemem.c,566,566,579,sqlite3VdbeMemSetNull,function,1
sqlaser_sqlite354_r3,sqlite,3,sqlite_target_000795,memory,executor,vdbemem.c,src/vdbemem.c,vdbemem.c,589,589,598,sqlite3VdbeMemRelease,function,1
sqlaser_sqlite354_r3,sqlite,3,sqlite_target_000796,memory,executor,vdbemem.c,src/vdbemem.c,vdbemem.c,610,610,615,sqlite3VdbeMemSetNull,function,1
sqlaser_sqlite354_r3,sqlite,3,sqlite_target_000797,memory,executor,vdbemem.c,src/vdbemem.c,vdbemem.c,620,620,623,sqlite3VdbeMemReleaseMalloc,function,1
sqlaser_sqlite354_r3,sqlite,3,sqlite_target_000798,memory,executor,vdbemem.c,src/vdbemem.c,vdbemem.c,641,641,657,memIntValue,function,1
sqlaser_sqlite354_r3,sqlite,3,sqlite_target_000799,memory,executor,vdbemem.c,src/vdbemem.c,vdbemem.c,735,735,751,,function,1
sqlaser_sqlite354_r3,sqlite,3,sqlite_target_000800,memory,executor,vdbemem.c,src/vdbemem.c,vdbemem.c,770,770,785,sqlite3VdbeRealValue,function,1
sqlaser_sqlite354_r3,sqlite,3,sqlite_target_000801,memory,executor,vdbemem.c,src/vdbemem.c,vdbemem.c,791,791,796,sqlite3VdbeBooleanValue,function,1
sqlaser_sqlite354_r3,sqlite,3,sqlite_target_000802,memory,executor,vdbemem.c,src/vdbemem.c,vdbemem.c,802,802,829,sqlite3VdbeIntegerAffinity,function,1
sqlaser_sqlite354_r3,sqlite,3,sqlite_target_000803,memory,executor,vdbemem.c,src/vdbemem.c,vdbemem.c,834,834,843,sqlite3VdbeMemIntegerify,function,1
sqlaser_sqlite354_r3,sqlite,3,sqlite_target_000804,memory,executor,vdbemem.c,src/vdbemem.c,vdbemem.c,849,849,857,sqlite3VdbeMemRealify,function,1
sqlaser_sqlite354_r3,sqlite,3,sqlite_target_000805,memory,executor,vdbemem.c,src/vdbemem.c,vdbemem.c,893,893,917,sqlite3VdbeMemNumerify,function,0
sqlaser_sqlite354_r3,sqlite,3,sqlite_target_000806,memory,executor,vdbemem.c,src/vdbemem.c,vdbemem.c,926,926,966,used,function,1
sqlaser_sqlite354_r3,sqlite,3,sqlite_target_000807,memory,executor,vdbemem.c,src/vdbemem.c,vdbemem.c,973,973,978,sqlite3VdbeMemInit,function,1
sqlaser_sqlite354_r3,sqlite,3,sqlite_target_000808,memory,executor,vdbemem.c,src/vdbemem.c,vdbemem.c,993,993,999,sqlite3VdbeMemRelease,function,1
sqlaser_sqlite354_r3,sqlite,3,sqlite_target_000809,memory,executor,vdbesort.c,src/vdbesort.c,vdbesort.c,1050,1050,1057,vdbeSorterRecordFree,function,1
sqlaser_sqlite354_r3,sqlite,3,sqlite_target_000810,memory,executor,vdbesort.c,src/vdbesort.c,vdbesort.c,1063,1063,1083,vdbeSortSubtaskCleanup,function,1
sqlaser_sqlite354_r3,sqlite,3,sqlite_target_000811,memory,executor,vdbesort.c,src/vdbesort.c,vdbesort.c,1150,1145,1155,,window,0
sqlaser_sqlite354_r3,sqlite,3,sqlite_target_000812,memory,optimizer,vdbesort.c,src/vdbesort.c,vdbesort.c,1163,1163,1180,vdbeSorterJoinAll,function,1
sqlaser_sqlite354_r3,sqlite,3,sqlite_target_000813,memory,executor,vdbesort.c,src/vdbesort.c,vdbesort.c,1230,1230,1242,vdbeIncrFree,function,0
sqlaser_sqlite354_r3,sqlite,3,sqlite_target_000814,memory,executor,vdbesort.c,src/vdbesort.c,vdbesort.c,1247,1247,1275,sqlite3VdbeSorterReset,function,1
sqlaser_sqlite354_r3,sqlite,3,sqlite_target_000815,memory,executor,vdbesort.c,src/vdbesort.c,vdbesort.c,1280,1280,1296,sqlite3VdbeSorterClose,function,1
sqlaser_sqlite354_r3,sqlite,3,sqlite_target_000816,memory,executor,vdbesort.c,src/vdbesort.c,vdbesort.c,1354,1354,1362,vdbeSortAllocUnpacked,function,1
sqlaser_sqlite354_r3,sqlite,3,sqlite_target_000817,memory,executor,vdbesort.c,src/vdbesort.c,vdbesort.c,1368,1363,1373,,window,1
sqlaser_sqlite354_r3,sqlite,3,sqlite_target_000818,memory,executor,vdbesort.c,src/vdbesort.c,vdbesort.c,1410,1410,1417,vdbeSorterGetCompare,function,1
sqlaser_sqlite354_r3,sqlite,3,sqlite_target_000819,memory,executor,vdbesort.c,src/vdbesort.c,vdbesort.c,1424,1424,1474,vdbeSorterSort,function,1
sqlaser_sqlite354_r3,sqlite,3,sqlite_target_000820,memory,executor,vdbesort.c,src/vdbesort.c,vdbesort.c,1578,1578,1633,data,function,0
sqlaser_sqlite354_r3,sqlite,3,sqlite_target_000821,memory,executor,vdbesort.c,src/vdbesort.c,vdbesort.c,1642,1637,1647,,window,0
sqlaser_sqlite354_r3,sqlite,3,sqlite_target_000822,memory,executor,vdbesort.c,src/vdbesort.c,vdbesort.c,1713,1713,1720,vdbeSorterFlushThread,function,0
sqlaser_sqlite354_r3,sqlite,3,sqlite_target_000823,memory,executor,vdbesort.c,src/vdbesort.c,vdbesort.c,1727,1727,1792,vdbeSorterFlushPMA,function,0
sqlaser_sqlite354_r3,sqlite,3,sqlite_target_000824,memory,executor,vdbesort.c,src/vdbesort.c,vdbesort.c,1797,1792,1802,,window,1
sqlaser_sqlite354_r3,sqlite,3,sqlite_target_000825,memory,executor,vdbesort.c,src/vdbesort.c,vdbesort.c,1909,1909,1944,vdbeIncrPopulate,function,0
sqlaser_sqlite354_r3,sqlite,3,sqlite_target_000826,memory,executor,vdbesort.c,src/vdbesort.c,vdbesort.c,1951,1951,1956,vdbeIncrPopulateThread,function,0
sqlaser_sqlite354_r3,sqlite,3,sqlite_target_000827,memory,executor,vdbesort.c,src/vdbesort.c,vdbesort.c,1961,1961,1965,vdbeIncrBgPopulate,function,0
sqlaser_sqlite354_r3,sqlite,3,sqlite_target_000828,memory,executor,vdbesort.c,src/vdbesort.c,vdbesort.c,1985,1985,2016,vdbeIncrSwap,function,0
sqlaser_sqlite354_r3,sqlite,3,sqlite_target_000829,memory,executor,vdbesort.c,src/vdbesort.c,vdbesort.c,2024,2019,2029,,window,0
sqlaser_sqlite354_r3,sqlite,3,sqlite_target_000830,memory,executor,vdbesort.c,src/vdbesort.c,vdbesort.c,2049,2049,2052,vdbeIncrMergerSetThreads,function,0
sqlaser_sqlite354_r3,sqlite,3,sqlite_target_000831,memory,executor,vdbesort.c,src/vdbesort.c,vdbesort.c,2144,2139,2149,,window,0
sqlaser_sqlite354_r3,sqlite,3,sqlite_target_000832,memory,executor,vdbesort.c,src/vdbesort.c,vdbesort.c,2220,2220,2280,vdbePmaReaderNext,function,0
sqlaser_sqlite354_r3,sqlite,3,sqlite_target_000833,memory,executor,vdbesort.c,src/vdbesort.c,vdbesort.c,2287,2287,2294,vdbePmaReaderBgIncrInit,function,0
sqlaser_sqlite354_r3,sqlite,3,sqlite_target_000834,memory,executor,vdbesort.c,src/vdbesort.c,vdbesort.c,2308,2308,2324,,function,0
sqlaser_sqlite354_r3,sqlite,3,sqlite_target_000835,memory,executor,vdbesort.c,src/vdbesort.c,vdbesort.c,2338,2333,2343,,window,0
sqlaser_sqlite354_r3,sqlite,3,sqlite_target_000836,memory,executor,vdbesort.c,src/vdbesort.c,vdbesort.c,2395,2390,2400,,window,0
sqlaser_sqlite354_r3,sqlite,3,sqlite_target_000837,memory,executor,vdbesort.c,src/vdbesort.c,vdbesort.c,2451,2446,2456,,window,0
sqlaser_sqlite354_r3,sqlite,3,sqlite_target_000838,memory,executor,vdbesort.c,src/vdbesort.c,vdbesort.c,2530,2530,2604,,function,0
sqlaser_sqlite354_r3,sqlite,3,sqlite_target_000839,memory,executor,vdbesort.c,src/vdbesort.c,vdbesort.c,2612,2612,2655,sqlite3VdbeSorterRewind,function,1
sqlaser_sqlite354_r3,sqlite,3,sqlite_target_000840,memory,executor,vdbesort.c,src/vdbesort.c,vdbesort.c,2664,2664,2696,sqlite3VdbeSorterNext,function,1
sqlaser_sqlite354_r3,sqlite,3,sqlite_target_000841,memory,executor,vdbesort.c,src/vdbesort.c,vdbesort.c,2702,2697,2707,,window,1
sqlaser_sqlite354_r3,sqlite,3,sqlite_target_000842,memory,executor,vdbesort.c,src/vdbesort.c,vdbesort.c,2729,2729,2744,sqlite3VdbeSorterRowkey,function,1
sqlaser_sqlite354_r3,sqlite,3,sqlite_target_000843,memory,executor,vdbesort.c,src/vdbesort.c,vdbesort.c,2762,2757,2767,,window,1
sqlaser_sqlite354_r3,sqlite,3,sqlite_target_000844,memory,executor,vdbesort.c,src/vdbesort.c,vdbesort.c,474,474,480,vdbePmaReaderClear,function,0
sqlaser_sqlite354_r3,sqlite,3,sqlite_target_000845,memory,executor,vdbesort.c,src/vdbesort.c,vdbesort.c,491,486,496,,window,0
sqlaser_sqlite354_r3,sqlite,3,sqlite_target_000846,memory,executor,vdbesort.c,src/vdbesort.c,vdbesort.c,586,586,608,vdbePmaReadVarint,function,0
sqlaser_sqlite354_r3,sqlite,3,sqlite_target_000847,memory,executor,vdbesort.c,src/vdbesort.c,vdbesort.c,619,619,629,vdbeSorterMapFile,function,0
sqlaser_sqlite354_r3,sqlite,3,sqlite_target_000848,memory,executor,vdbesort.c,src/vdbesort.c,vdbesort.c,636,631,641,,window,0
sqlaser_sqlite354_r3,sqlite,3,sqlite_target_000849,memory,executor,vdbesort.c,src/vdbesort.c,vdbesort.c,683,683,719,vdbePmaReaderNext,function,0
sqlaser_sqlite354_r3,sqlite,3,sqlite_target_000850,memory,executor,vdbesort.c,src/vdbesort.c,vdbesort.c,763,758,768,,window,1
sqlaser_sqlite354_r3,sqlite,3,sqlite_target_000851,memory,executor,vdbesort.c,src/vdbesort.c,vdbesort.c,790,785,795,,window,1
sqlaser_sqlite354_r3,sqlite,3,sqlite_target_000852,memory,executor,vdbesort.c,src/vdbesort.c,vdbesort.c,809,804,814,,window,1
sqlaser_sqlite354_r3,sqlite,3,sqlite_target_000853,memory,executor,vdbesort.c,src/vdbesort.c,vdbesort.c,852,847,857,,window,1
sqlaser_sqlite354_r3,sqlite,3,sqlite_target_000854,memory,executor,vdbesort.c,src/vdbesort.c,vdbesort.c,936,931,941,,window,1
sqlaser_sqlite354_r3,sqlite,3,sqlite_target_000855,memory,executor,vdbetrace.c,src/vdbetrace.c,vdbetrace.c,72,67,77,,window,0
sqlaser_sqlite354_r3,sqlite,3,sqlite_target_000856,memory,optimizer,where.c,src/where.c,where.c,101,101,111,sqlite3WhereOrderByLimitOptLabel,function,1
sqlaser_sqlite354_r3,sqlite,3,sqlite_target_000857,memory,optimizer,where.c,src/where.c,where.c,124,124,137,sqlite3WhereMinMaxOptEarlyOut,function,1
sqlaser_sqlite354_r3,sqlite,3,sqlite_target_000858,memory,optimizer,where.c,src/where.c,where.c,174,173,183,sqlite3WhereOkOnePass,function,1
sqlaser_sqlite354_r3,sqlite,3,sqlite_target_000859,memory,optimizer,where.c,src/where.c,where.c,263,263,273,sqlite3WhereMalloc,function,1
sqlaser_sqlite354_r3,sqlite,3,sqlite_target_000860,memory,optimizer,where.c,src/where.c,where.c,274,274,283,return,function,1
sqlaser_sqlite354_r3,sqlite,3,sqlite_target_000861,memory,optimizer,where.c,src/where.c,where.c,549,544,554,,window,0
sqlaser_sqlite354_r3,sqlite,3,sqlite_target_000862,memory,optimizer,where.c,src/where.c,where.c,6830,6825,6835,,window,0
sqlaser_sqlite354_r3,sqlite,3,sqlite_target_000863,memory,optimizer,where.c,src/where.c,where.c,6866,6840,7494,,function,1
sqlaser_sqlite354_r3,sqlite,3,sqlite_target_000864,memory,optimizer,where.c,src/where.c,where.c,6900,6895,6905,,window,1
sqlaser_sqlite354_r3,sqlite,3,sqlite_target_000865,memory,optimizer,where.c,src/where.c,where.c,6920,6915,6925,,window,1
sqlaser_sqlite354_r3,sqlite,3,sqlite_target_000866,memory,optimizer,where.c,src/where.c,where.c,6922,6917,6927,,window,1
sqlaser_sqlite354_r3,sqlite,3,sqlite_target_000867,memory,optimizer,where.c,src/where.c,where.c,7521,7521,7886,sqlite3WhereEnd,function,1
sqlaser_sqlite354_r3,sqlite,3,sqlite_target_000868,memory,optimizer,wherecode.c,src/wherecode.c,wherecode.c,117,112,122,,window,0
sqlaser_sqlite354_r3,sqlite,3,sqlite_target_000869,memory,optimizer,wherecode.c,src/wherecode.c,wherecode.c,1466,1461,1471,,window,0
sqlaser_sqlite354_r3,sqlite,3,sqlite_target_000870,memory,optimizer,wherecode.c,src/wherecode.c,wherecode.c,2304,2299,2309,,window,1
sqlaser_sqlite354_r3,sqlite,3,sqlite_target_000871,memory,optimizer,wherecode.c,src/wherecode.c,wherecode.c,2308,2300,2322,,function,1
sqlaser_sqlite354_r3,sqlite,3,sqlite_target_000872,memory,optimizer,wherecode.c,src/wherecode.c,wherecode.c,245,240,250,,window,0
sqlaser_sqlite354_r3,sqlite,3,sqlite_target_000873,memory,optimizer,wherecode.c,src/wherecode.c,wherecode.c,280,275,285,,window,0
sqlaser_sqlite354_r3,sqlite,3,sqlite_target_000874,memory,optimizer,wherecode.c,src/wherecode.c,wherecode.c,2841,2836,2846,,window,1
sqlaser_sqlite354_r3,sqlite,3,sqlite_target_000875,memory,optimizer,wherecode.c,src/wherecode.c,wherecode.c,2914,2909,2919,,window,0
sqlaser_sqlite354_r3,sqlite,3,sqlite_target_000876,memory,optimizer,whereexpr.c,src/whereexpr.c,whereexpr.c,1591,1591,1602,sqlite3WhereSplit,function,1
sqlaser_sqlite354_r3,sqlite,3,sqlite_target_000877,memory,optimizer,whereexpr.c,src/whereexpr.c,whereexpr.c,1666,1666,1731,sqlite3WhereAddLimit,function,1
sqlaser_sqlite354_r3,sqlite,3,sqlite_target_000878,memory,optimizer,whereexpr.c,src/whereexpr.c,whereexpr.c,1736,1731,1741,,window,1
sqlaser_sqlite354_r3,sqlite,3,sqlite_target_000879,memory,optimizer,whereexpr.c,src/whereexpr.c,whereexpr.c,1754,1754,1785,sqlite3WhereClauseClear,function,1
sqlaser_sqlite354_r3,sqlite,3,sqlite_target_000880,memory,optimizer,whereexpr.c,src/whereexpr.c,whereexpr.c,1819,1814,1824,,window,1
sqlaser_sqlite354_r3,sqlite,3,sqlite_target_000881,memory,optimizer,whereexpr.c,src/whereexpr.c,whereexpr.c,1845,1845,1853,sqlite3WhereExprUsage,function,1
sqlaser_sqlite354_r3,sqlite,3,sqlite_target_000882,memory,optimizer,whereexpr.c,src/whereexpr.c,whereexpr.c,1854,1854,1856,assert,function,1
sqlaser_sqlite354_r3,sqlite,3,sqlite_target_000883,memory,optimizer,whereexpr.c,src/whereexpr.c,whereexpr.c,1857,1857,1866,sqlite3WhereExprUsageFull,function,1
sqlaser_sqlite354_r3,sqlite,3,sqlite_target_000884,memory,optimizer,whereexpr.c,src/whereexpr.c,whereexpr.c,1877,1872,1882,,window,1
sqlaser_sqlite354_r3,sqlite,3,sqlite_target_000885,memory,optimizer,whereexpr.c,src/whereexpr.c,whereexpr.c,1894,1889,1899,,window,1
sqlaser_sqlite354_r3,sqlite,3,sqlite_target_000886,memory,optimizer,whereexpr.c,src/whereexpr.c,whereexpr.c,353,353,372,sqlite3ExprIsLikeOperator,function,1
sqlaser_sqlite354_r4,sqlite,4,sqlite_target_000001,stale,storage,btree.c,src/btree.c,btree.c,10204,10204,10210,sqlite3PagerUnref,function,1
sqlaser_sqlite354_r4,sqlite,4,sqlite_target_000002,stale,catalog_metadata,btree.c,src/btree.c,btree.c,10283,10283,10302,sqlite3BtreeClearTable,function,1
sqlaser_sqlite354_r4,sqlite,4,sqlite_target_000003,stale,storage,btree.c,src/btree.c,btree.c,1030,1030,1033,sqlite3BtreeCursorHintFlags,function,0
sqlaser_sqlite354_r4,sqlite,4,sqlite_target_000004,stale,catalog_metadata,btree.c,src/btree.c,btree.c,10309,10309,10311,sqlite3BtreeClearTableOfCursor,function,0
sqlaser_sqlite354_r4,sqlite,4,sqlite_target_000005,stale,storage,btree.c,src/btree.c,btree.c,10418,10418,10424,releasePage,function,0
sqlaser_sqlite354_r4,sqlite,4,sqlite_target_000006,stale,storage,btree.c,src/btree.c,btree.c,10447,10447,10471,sqlite3BtreeGetMeta,function,1
sqlaser_sqlite354_r4,sqlite,4,sqlite_target_000007,stale,type_system,btree.c,src/btree.c,btree.c,10477,10477,10499,sqlite3BtreeUpdateMeta,function,1
sqlaser_sqlite354_r4,sqlite,4,sqlite_target_000008,stale,storage,btree.c,src/btree.c,btree.c,10509,10509,10572,encountered,function,1
sqlaser_sqlite354_r4,sqlite,4,sqlite_target_000009,stale,storage,btree.c,src/btree.c,btree.c,10578,10578,10580,sqlite3BtreePager,function,0
sqlaser_sqlite354_r4,sqlite,4,sqlite_target_000010,stale,storage,btree.c,src/btree.c,btree.c,11146,11141,11151,,window,1
sqlaser_sqlite354_r4,sqlite,4,sqlite_target_000011,stale,storage,btree.c,src/btree.c,btree.c,11304,11304,11307,sqlite3BtreeGetFilename,function,1
sqlaser_sqlite354_r4,sqlite,4,sqlite_target_000012,stale,storage,btree.c,src/btree.c,btree.c,11317,11317,11320,sqlite3BtreeGetJournalname,function,0
sqlaser_sqlite354_r4,sqlite,4,sqlite_target_000013,stale,storage,btree.c,src/btree.c,btree.c,11326,11326,11329,sqlite3BtreeTxnState,function,1
sqlaser_sqlite354_r4,sqlite,4,sqlite_target_000014,stale,storage,btree.c,src/btree.c,btree.c,11340,11340,11353,sqlite3BtreeCheckpoint,function,1
sqlaser_sqlite354_r4,sqlite,4,sqlite_target_000015,stale,storage,btree.c,src/btree.c,btree.c,11359,11359,11363,sqlite3BtreeIsInBackup,function,0
sqlaser_sqlite354_r4,sqlite,4,sqlite_target_000016,stale,storage,btree.c,src/btree.c,btree.c,11385,11385,11395,sqlite3_free,function,1
sqlaser_sqlite354_r4,sqlite,4,sqlite_target_000017,stale,catalog_metadata,btree.c,src/btree.c,btree.c,11402,11402,11411,sqlite3BtreeSchemaLocked,function,1
sqlaser_sqlite354_r4,sqlite,4,sqlite_target_000018,stale,catalog_metadata,btree.c,src/btree.c,btree.c,11420,11420,11436,sqlite3BtreeLockTable,function,1
sqlaser_sqlite354_r4,sqlite,4,sqlite_target_000019,stale,storage,btree.c,src/btree.c,btree.c,11450,11450,11493,sqlite3BtreePutData,function,1
sqlaser_sqlite354_r4,sqlite,4,sqlite_target_000020,stale,storage,btree.c,src/btree.c,btree.c,11498,11498,11501,sqlite3BtreeIncrblobCursor,function,1
sqlaser_sqlite354_r4,sqlite,4,sqlite_target_000021,stale,storage,btree.c,src/btree.c,btree.c,11509,11509,11538,sqlite3BtreeSetVersion,function,1
sqlaser_sqlite354_r4,sqlite,4,sqlite_target_000022,stale,storage,btree.c,src/btree.c,btree.c,11544,11544,11546,sqlite3BtreeCursorHasHint,function,0
sqlaser_sqlite354_r4,sqlite,4,sqlite_target_000023,stale,storage,btree.c,src/btree.c,btree.c,11551,11551,11553,sqlite3BtreeIsReadonly,function,0
sqlaser_sqlite354_r4,sqlite,4,sqlite_target_000024,stale,storage,btree.c,src/btree.c,btree.c,11564,11564,11569,sqlite3BtreeClearCache,function,0
sqlaser_sqlite354_r4,sqlite,4,sqlite_target_000025,stale,storage,btree.c,src/btree.c,btree.c,11575,11575,11577,,function,0
sqlaser_sqlite354_r4,sqlite,4,sqlite_target_000026,stale,storage,btree.c,src/btree.c,btree.c,11584,11584,11587,sqlite3BtreeConnectionCount,function,0
sqlaser_sqlite354_r4,sqlite,4,sqlite_target_000027,stale,storage,btree.c,src/btree.c,btree.c,1623,1623,1741,defragmentPage,function,1
sqlaser_sqlite354_r4,sqlite,4,sqlite_target_000028,stale,storage,btree.c,src/btree.c,btree.c,2377,2377,2380,return,function,1
sqlaser_sqlite354_r4,sqlite,4,sqlite_target_000029,stale,storage,btree.c,src/btree.c,btree.c,2538,2533,2543,,window,1
sqlaser_sqlite354_r4,sqlite,4,sqlite_target_000030,stale,storage,btree.c,src/btree.c,btree.c,2927,2927,2984,sqlite3BtreeClose,function,1
sqlaser_sqlite354_r4,sqlite,4,sqlite_target_000031,stale,storage,btree.c,src/btree.c,btree.c,2993,2993,3000,sqlite3BtreeSetCacheSize,function,0
sqlaser_sqlite354_r4,sqlite,4,sqlite_target_000032,stale,storage,btree.c,src/btree.c,btree.c,3012,3012,3020,sqlite3BtreeSetSpillSize,function,1
sqlaser_sqlite354_r4,sqlite,4,sqlite_target_000033,stale,storage,btree.c,src/btree.c,btree.c,3027,3027,3034,sqlite3BtreeSetMmapLimit,function,0
sqlaser_sqlite354_r4,sqlite,4,sqlite_target_000034,stale,storage,btree.c,src/btree.c,btree.c,3046,3041,3051,,window,1
sqlaser_sqlite354_r4,sqlite,4,sqlite_target_000035,stale,storage,btree.c,src/btree.c,btree.c,3079,3079,3110,sqlite3BtreeSetPageSize,function,1
sqlaser_sqlite354_r4,sqlite,4,sqlite_target_000036,stale,storage,btree.c,src/btree.c,btree.c,3115,3115,3117,sqlite3BtreeGetPageSize,function,0
sqlaser_sqlite354_r4,sqlite,4,sqlite_target_000037,stale,storage,btree.c,src/btree.c,btree.c,3130,3130,3135,sqlite3BtreeEnter,function,0
sqlaser_sqlite354_r4,sqlite,4,sqlite_target_000038,stale,storage,btree.c,src/btree.c,btree.c,3146,3146,3153,sqlite3BtreeGetRequestedReserve,function,1
sqlaser_sqlite354_r4,sqlite,4,sqlite_target_000039,stale,storage,btree.c,src/btree.c,btree.c,3161,3161,3167,sqlite3BtreeMaxPageCount,function,0
sqlaser_sqlite354_r4,sqlite,4,sqlite_target_000040,stale,storage,btree.c,src/btree.c,btree.c,3187,3187,3200,sqlite3BtreeSecureDelete,function,1
sqlaser_sqlite354_r4,sqlite,4,sqlite_target_000041,stale,storage,btree.c,src/btree.c,btree.c,3208,3208,3226,sqlite3BtreeSetAutoVacuum,function,1
sqlaser_sqlite354_r4,sqlite,4,sqlite_target_000042,stale,storage,btree.c,src/btree.c,btree.c,3232,3232,3246,sqlite3BtreeGetAutoVacuum,function,0
sqlaser_sqlite354_r4,sqlite,4,sqlite_target_000043,stale,storage,btree.c,src/btree.c,btree.c,3560,3560,3567,sqlite3BtreeNewDb,function,0
sqlaser_sqlite354_r4,sqlite,4,sqlite_target_000044,stale,storage,btree.c,src/btree.c,btree.c,3811,3811,3832,btreeIntegrity,function,1
sqlaser_sqlite354_r4,sqlite,4,sqlite_target_000045,stale,storage,btree.c,src/btree.c,btree.c,4171,4171,4202,sqlite3BtreeIncrVacuum,function,1
sqlaser_sqlite354_r4,sqlite,4,sqlite_target_000046,stale,storage,btree.c,src/btree.c,btree.c,4319,4319,4340,sqlite3BtreeCommitPhaseOne,function,1
sqlaser_sqlite354_r4,sqlite,4,sqlite_target_000047,stale,storage,btree.c,src/btree.c,btree.c,4408,4408,4435,sqlite3BtreeCommitPhaseTwo,function,1
sqlaser_sqlite354_r4,sqlite,4,sqlite_target_000048,stale,storage,btree.c,src/btree.c,btree.c,4440,4440,4449,sqlite3BtreeCommit,function,0
sqlaser_sqlite354_r4,sqlite,4,sqlite_target_000049,stale,storage,btree.c,src/btree.c,btree.c,4477,4477,4503,sqlite3BtreeTripAllCursors,function,1
sqlaser_sqlite354_r4,sqlite,4,sqlite_target_000050,stale,storage,btree.c,src/btree.c,btree.c,4528,4528,4573,sqlite3BtreeRollback,function,1
sqlaser_sqlite354_r4,sqlite,4,sqlite_target_000051,stale,storage,btree.c,src/btree.c,btree.c,4593,4593,4610,sqlite3BtreeSavepoint,function,1
sqlaser_sqlite354_r4,sqlite,4,sqlite_target_000052,stale,storage,btree.c,src/btree.c,btree.c,4624,4624,4651,sqlite3BtreeSavepoint,function,1
sqlaser_sqlite354_r4,sqlite,4,sqlite_target_000053,stale,storage,btree.c,src/btree.c,btree.c,4775,4770,4780,,window,1
sqlaser_sqlite354_r4,sqlite,4,sqlite_target_000054,stale,storage,btree.c,src/btree.c,btree.c,4828,4828,4830,memset,function,1
sqlaser_sqlite354_r4,sqlite,4,sqlite_target_000055,stale,storage,btree.c,src/btree.c,btree.c,4836,4836,4869,sqlite3BtreeCloseCursor,function,1
sqlaser_sqlite354_r4,sqlite,4,sqlite_target_000056,stale,storage,btree.c,src/btree.c,btree.c,4916,4916,4919,sqlite3BtreeCursorIsValid,function,1
sqlaser_sqlite354_r4,sqlite,4,sqlite_target_000057,stale,storage,btree.c,src/btree.c,btree.c,4927,4927,4933,sqlite3BtreeIntegerKey,function,0
sqlaser_sqlite354_r4,sqlite,4,sqlite_target_000058,stale,storage,btree.c,src/btree.c,btree.c,4938,4938,4941,sqlite3BtreeCursorPin,function,1
sqlaser_sqlite354_r4,sqlite,4,sqlite_target_000059,stale,storage,btree.c,src/btree.c,btree.c,4942,4942,4945,sqlite3BtreeCursorPin,function,1
sqlaser_sqlite354_r4,sqlite,4,sqlite_target_000060,stale,storage,btree.c,src/btree.c,btree.c,4951,4951,4957,sqlite3BtreeOffset,function,0
sqlaser_sqlite354_r4,sqlite,4,sqlite_target_000061,stale,storage,btree.c,src/btree.c,btree.c,4968,4968,4973,sqlite3BtreePayloadSize,function,0
sqlaser_sqlite354_r4,sqlite,4,sqlite_target_000062,stale,storage,btree.c,src/btree.c,btree.c,4988,4988,4992,sqlite3BtreeMaxRecordSize,function,0
sqlaser_sqlite354_r4,sqlite,4,sqlite_target_000063,stale,storage,btree.c,src/btree.c,btree.c,5353,5353,5358,sqlite3BtreePayload,function,0
sqlaser_sqlite354_r4,sqlite,4,sqlite_target_000064,stale,storage,btree.c,src/btree.c,btree.c,5380,5380,5387,assert,function,0
sqlaser_sqlite354_r4,sqlite,4,sqlite_target_000065,stale,storage,btree.c,src/btree.c,btree.c,5448,5448,5450,sqlite3BtreePayloadFetch,function,1
sqlaser_sqlite354_r4,sqlite,4,sqlite_target_000066,stale,storage,btree.c,src/btree.c,btree.c,5696,5696,5712,sqlite3BtreeFirst,function,1
sqlaser_sqlite354_r4,sqlite,4,sqlite_target_000067,stale,storage,btree.c,src/btree.c,btree.c,5719,5719,5736,sqlite3BtreeIsEmpty,function,1
sqlaser_sqlite354_r4,sqlite,4,sqlite_target_000068,stale,storage,btree.c,src/btree.c,btree.c,5777,5777,5788,sqlite3BtreeLast,function,0
sqlaser_sqlite354_r4,sqlite,4,sqlite_target_000069,stale,storage,btree.c,src/btree.c,btree.c,5813,5808,5818,,window,1
sqlaser_sqlite354_r4,sqlite,4,sqlite_target_000070,stale,storage,btree.c,src/btree.c,btree.c,6044,6039,6049,,window,1
sqlaser_sqlite354_r4,sqlite,4,sqlite_target_000071,stale,storage,btree.c,src/btree.c,btree.c,6282,6282,6288,sqlite3BtreeNext,function,1
sqlaser_sqlite354_r4,sqlite,4,sqlite_target_000072,stale,storage,btree.c,src/btree.c,btree.c,6295,6295,6313,sqlite3BtreeRowCountEst,function,1
sqlaser_sqlite354_r4,sqlite,4,sqlite_target_000073,stale,storage,btree.c,src/btree.c,btree.c,6389,6389,6407,moveToLeftmost,function,1
sqlaser_sqlite354_r4,sqlite,4,sqlite_target_000074,stale,storage,btree.c,src/btree.c,btree.c,6481,6481,6495,sqlite3BtreePrevious,function,1
sqlaser_sqlite354_r4,sqlite,4,sqlite_target_000075,stale,storage,btree.c,src/btree.c,btree.c,858,858,863,sqlite3BtreeClearCursor,function,0
sqlaser_sqlite354_r4,sqlite,4,sqlite_target_000076,stale,storage,btree.c,src/btree.c,btree.c,9414,9409,9419,,window,1
sqlaser_sqlite354_r4,sqlite,4,sqlite_target_000077,stale,storage,btree.c,src/btree.c,btree.c,949,949,955,sqlite3BtreeCursorRestore,function,1
sqlaser_sqlite354_r4,sqlite,4,sqlite_target_000078,stale,storage,btree.c,src/btree.c,btree.c,9732,9732,9827,sqlite3BtreeInsert,function,1
sqlaser_sqlite354_r4,sqlite,4,sqlite_target_000079,stale,storage,btree.c,src/btree.c,btree.c,981,981,997,sqlite3BtreeCursorHasMoved,function,1
sqlaser_sqlite354_r4,sqlite,4,sqlite_target_000080,stale,storage,btree.c,src/btree.c,btree.c,9846,9846,10046,sqlite3BtreeDelete,function,1
sqlaser_sqlite354_r4,sqlite,4,sqlite_target_000081,stale,other,delete.c,src/delete.c,delete.c,288,283,293,,window,0
sqlaser_sqlite354_r4,sqlite,4,sqlite_target_000082,stale,other,expr.c,src/expr.c,expr.c,1004,999,1009,,window,1
sqlaser_sqlite354_r4,sqlite,4,sqlite_target_000083,stale,type_system,expr.c,src/expr.c,expr.c,107,107,165,sqlite3ExprDataType,function,1
sqlaser_sqlite354_r4,sqlite,4,sqlite_target_000084,stale,other,expr.c,src/expr.c,expr.c,1100,1100,1137,IN,function,1
sqlaser_sqlite354_r4,sqlite,4,sqlite_target_000085,stale,other,expr.c,src/expr.c,expr.c,1147,1147,1165,sqlite3ExprAnd,function,1
sqlaser_sqlite354_r4,sqlite,4,sqlite_target_000086,stale,other,expr.c,src/expr.c,expr.c,1171,1166,1176,,window,1
sqlaser_sqlite354_r4,sqlite,4,sqlite_target_000087,stale,other,expr.c,src/expr.c,expr.c,1205,1205,1209,sqlite3ExprOrderByAggregateError,function,0
sqlaser_sqlite354_r4,sqlite,4,sqlite_target_000088,stale,other,expr.c,src/expr.c,expr.c,1221,1216,1226,,window,0
sqlaser_sqlite354_r4,sqlite,4,sqlite_target_000089,stale,other,expr.c,src/expr.c,expr.c,1278,1273,1283,,window,1
sqlaser_sqlite354_r4,sqlite,4,sqlite_target_000090,stale,other,expr.c,src/expr.c,expr.c,1319,1319,1384,sqlite3ExprAssignVarNumber,function,1
sqlaser_sqlite354_r4,sqlite,4,sqlite_target_000091,stale,other,expr.c,src/expr.c,expr.c,1389,1389,1439,sqlite3ExprDeleteNN,function,1
sqlaser_sqlite354_r4,sqlite,4,sqlite_target_000092,stale,other,expr.c,src/expr.c,expr.c,1440,1440,1442,,function,1
sqlaser_sqlite354_r4,sqlite,4,sqlite_target_000093,stale,other,expr.c,src/expr.c,expr.c,1470,1470,1472,sqlite3ExprDeferredDelete,function,0
sqlaser_sqlite354_r4,sqlite,4,sqlite_target_000094,stale,other,expr.c,src/expr.c,expr.c,1477,1477,1484,sqlite3ExprUnmapAndDelete,function,1
sqlaser_sqlite354_r4,sqlite,4,sqlite_target_000095,stale,other,expr.c,src/expr.c,expr.c,175,170,180,,window,1
sqlaser_sqlite354_r4,sqlite,4,sqlite_target_000096,stale,other,expr.c,src/expr.c,expr.c,1829,1829,1832,sqlite3ExprDup,function,1
sqlaser_sqlite354_r4,sqlite,4,sqlite_target_000097,stale,other,expr.c,src/expr.c,expr.c,1833,1833,1874,sqlite3ExprDup,function,1
sqlaser_sqlite354_r4,sqlite,4,sqlite_target_000098,stale,other,expr.c,src/expr.c,expr.c,191,186,196,,window,1
sqlaser_sqlite354_r4,sqlite,4,sqlite_target_000099,stale,other,expr.c,src/expr.c,expr.c,2026,2021,2031,,window,1
sqlaser_sqlite354_r4,sqlite,4,sqlite_target_000100,stale,other,expr.c,src/expr.c,expr.c,2045,2040,2050,,window,1
sqlaser_sqlite354_r4,sqlite,4,sqlite_target_000101,stale,type_system,expr.c,src/expr.c,expr.c,205,205,211,sqlite3ExprSkipCollate,function,1
sqlaser_sqlite354_r4,sqlite,4,sqlite_target_000102,stale,other,expr.c,src/expr.c,expr.c,2066,2061,2071,,window,1
sqlaser_sqlite354_r4,sqlite,4,sqlite_target_000103,stale,other,expr.c,src/expr.c,expr.c,2095,2090,2100,,window,1
sqlaser_sqlite354_r4,sqlite,4,sqlite_target_000104,stale,other,expr.c,src/expr.c,expr.c,2157,2157,2185,sqlite3ExprListSetSortOrder,function,1
sqlaser_sqlite354_r4,sqlite,4,sqlite_target_000105,stale,type_system,expr.c,src/expr.c,expr.c,218,218,232,sqlite3ExprSkipCollateAndLikely,function,1
sqlaser_sqlite354_r4,sqlite,4,sqlite_target_000106,stale,other,expr.c,src/expr.c,expr.c,2195,2190,2200,,window,1
sqlaser_sqlite354_r4,sqlite,4,sqlite_target_000107,stale,other,expr.c,src/expr.c,expr.c,2230,2225,2235,,window,1
sqlaser_sqlite354_r4,sqlite,4,sqlite_target_000108,stale,other,expr.c,src/expr.c,expr.c,2252,2247,2257,,window,1
sqlaser_sqlite354_r4,sqlite,4,sqlite_target_000109,stale,other,expr.c,src/expr.c,expr.c,2280,2280,2282,,function,1
sqlaser_sqlite354_r4,sqlite,4,sqlite_target_000110,stale,other,expr.c,src/expr.c,expr.c,2291,2291,2301,sqlite3ExprListFlags,function,1
sqlaser_sqlite354_r4,sqlite,4,sqlite_target_000111,stale,other,expr.c,src/expr.c,expr.c,2336,2336,2347,sqlite3ExprIdToTrueFalse,function,1
sqlaser_sqlite354_r4,sqlite,4,sqlite_target_000112,stale,other,expr.c,src/expr.c,expr.c,2353,2353,2360,sqlite3ExprTruthValue,function,1
sqlaser_sqlite354_r4,sqlite,4,sqlite_target_000113,stale,other,expr.c,src/expr.c,expr.c,2375,2375,2387,,function,1
sqlaser_sqlite354_r4,sqlite,4,sqlite_target_000114,stale,other,expr.c,src/expr.c,expr.c,248,248,309,sqlite3ExprCollSeq,function,1
sqlaser_sqlite354_r4,sqlite,4,sqlite_target_000115,stale,other,expr.c,src/expr.c,expr.c,2647,2647,2649,sqlite3ExprIsConstant,function,0
sqlaser_sqlite354_r4,sqlite,4,sqlite_target_000116,stale,other,expr.c,src/expr.c,expr.c,2664,2664,2666,sqlite3ExprCodeRunJustOnce,function,0
sqlaser_sqlite354_r4,sqlite,4,sqlite_target_000117,stale,catalog_metadata,expr.c,src/expr.c,expr.c,2693,2693,2709,sqlite3ExprIsTableConstant,function,1
sqlaser_sqlite354_r4,sqlite,4,sqlite_target_000118,stale,other,expr.c,src/expr.c,expr.c,2755,2750,2760,,window,1
sqlaser_sqlite354_r4,sqlite,4,sqlite_target_000119,stale,other,expr.c,src/expr.c,expr.c,2836,2836,2845,sqlite3ExprIsConstantOrGroupBy,function,0
sqlaser_sqlite354_r4,sqlite,4,sqlite_target_000120,stale,other,expr.c,src/expr.c,expr.c,2868,2868,2871,string,function,1
sqlaser_sqlite354_r4,sqlite,4,sqlite_target_000121,stale,other,expr.c,src/expr.c,expr.c,2901,2901,2951,parameter,function,1
sqlaser_sqlite354_r4,sqlite,4,sqlite_target_000122,stale,other,expr.c,src/expr.c,expr.c,2967,2967,2996,negative,function,1
sqlaser_sqlite354_r4,sqlite,4,sqlite_target_000123,stale,other,expr.c,src/expr.c,expr.c,3008,3008,3039,sqlite3ExprNeedsNoAffinityChange,function,1
sqlaser_sqlite354_r4,sqlite,4,sqlite_target_000124,stale,other,expr.c,src/expr.c,expr.c,321,321,326,sqlite3ExprCollSeq,function,1
sqlaser_sqlite354_r4,sqlite,4,sqlite_target_000125,stale,other,expr.c,src/expr.c,expr.c,331,331,337,sqlite3ExprCollSeqMatch,function,1
sqlaser_sqlite354_r4,sqlite,4,sqlite_target_000126,stale,other,expr.c,src/expr.c,expr.c,3990,3990,4002,IN,function,1
sqlaser_sqlite354_r4,sqlite,4,sqlite_target_000127,stale,other,expr.c,src/expr.c,expr.c,4031,4026,4036,,window,1
sqlaser_sqlite354_r4,sqlite,4,sqlite_target_000128,stale,other,expr.c,src/expr.c,expr.c,4361,4356,4366,,window,1
sqlaser_sqlite354_r4,sqlite,4,sqlite_target_000129,stale,other,expr.c,src/expr.c,expr.c,4386,4381,4391,,window,1
sqlaser_sqlite354_r4,sqlite,4,sqlite_target_000130,stale,other,expr.c,src/expr.c,expr.c,4419,4414,4424,,window,1
sqlaser_sqlite354_r4,sqlite,4,sqlite_target_000131,stale,other,expr.c,src/expr.c,expr.c,4476,4471,4481,,window,1
sqlaser_sqlite354_r4,sqlite,4,sqlite_target_000132,stale,other,expr.c,src/expr.c,expr.c,45,45,95,t1,function,1
sqlaser_sqlite354_r4,sqlite,4,sqlite_target_000133,stale,other,expr.c,src/expr.c,expr.c,4500,4500,4502,sqlite3ExprCodeMove,function,0
sqlaser_sqlite354_r4,sqlite,4,sqlite_target_000134,stale,other,expr.c,src/expr.c,expr.c,4509,4509,4520,sqlite3ExprToRegister,function,1
sqlaser_sqlite354_r4,sqlite,4,sqlite_target_000135,stale,other,expr.c,src/expr.c,expr.c,454,454,460,sqlite3BinaryCompareCollSeq,function,1
sqlaser_sqlite354_r4,sqlite,4,sqlite_target_000136,stale,type_system,expr.c,src/expr.c,expr.c,4743,4743,4750,sqlite3ExprCanReturnSubtype,function,0
sqlaser_sqlite354_r4,sqlite,4,sqlite_target_000137,stale,other,expr.c,src/expr.c,expr.c,4943,4943,5771,sqlite3ExprCodeTarget,function,1
sqlaser_sqlite354_r4,sqlite,4,sqlite_target_000138,stale,other,expr.c,src/expr.c,expr.c,501,501,503,sqlite3ExprIsVector,function,0
sqlaser_sqlite354_r4,sqlite,4,sqlite_target_000139,stale,other,expr.c,src/expr.c,expr.c,511,511,523,sqlite3ExprVectorSize,function,1
sqlaser_sqlite354_r4,sqlite,4,sqlite_target_000140,stale,other,expr.c,src/expr.c,expr.c,576,571,581,,window,1
sqlaser_sqlite354_r4,sqlite,4,sqlite_target_000141,stale,other,expr.c,src/expr.c,expr.c,5790,5785,5795,,window,0
sqlaser_sqlite354_r4,sqlite,4,sqlite_target_000142,stale,other,expr.c,src/expr.c,expr.c,5841,5836,5846,,window,1
sqlaser_sqlite354_r4,sqlite,4,sqlite_target_000143,stale,other,expr.c,src/expr.c,expr.c,5869,5869,5890,sqlite3ExprCodeTemp,function,1
sqlaser_sqlite354_r4,sqlite,4,sqlite_target_000144,stale,other,expr.c,src/expr.c,expr.c,5897,5897,5918,sqlite3ExprCode,function,1
sqlaser_sqlite354_r4,sqlite,4,sqlite_target_000145,stale,other,expr.c,src/expr.c,expr.c,5925,5925,5930,sqlite3ExprCodeCopy,function,0
sqlaser_sqlite354_r4,sqlite,4,sqlite_target_000146,stale,other,expr.c,src/expr.c,expr.c,5938,5938,5944,sqlite3ExprCodeFactorable,function,0
sqlaser_sqlite354_r4,sqlite,4,sqlite_target_000147,stale,other,expr.c,src/expr.c,expr.c,5966,5961,5971,,window,0
sqlaser_sqlite354_r4,sqlite,4,sqlite_target_000148,stale,other,expr.c,src/expr.c,expr.c,6113,6113,6268,values,function,1
sqlaser_sqlite354_r4,sqlite,4,sqlite_target_000149,stale,other,expr.c,src/expr.c,expr.c,6279,6279,6468,NULL,function,1
sqlaser_sqlite354_r4,sqlite,4,sqlite_target_000150,stale,other,expr.c,src/expr.c,expr.c,6475,6475,6482,sqlite3ExprIfFalseDup,function,1
sqlaser_sqlite354_r4,sqlite,4,sqlite_target_000151,stale,other,expr.c,src/expr.c,expr.c,6557,6552,6562,,window,0
sqlaser_sqlite354_r4,sqlite,4,sqlite_target_000152,stale,other,expr.c,src/expr.c,expr.c,6659,6659,6672,sqlite3ExprListCompare,function,1
sqlaser_sqlite354_r4,sqlite,4,sqlite_target_000153,stale,other,expr.c,src/expr.c,expr.c,6678,6678,6683,sqlite3ExprCompareSkip,function,1
sqlaser_sqlite354_r4,sqlite,4,sqlite_target_000154,stale,other,expr.c,src/expr.c,expr.c,6767,6767,6774,sqlite3ExprIsNotTrue,function,1
sqlaser_sqlite354_r4,sqlite,4,sqlite_target_000155,stale,other,expr.c,src/expr.c,expr.c,6786,6786,6811,iif,function,1
sqlaser_sqlite354_r4,sqlite,4,sqlite_target_000156,stale,other,expr.c,src/expr.c,expr.c,6840,6835,6845,,window,0
sqlaser_sqlite354_r4,sqlite,4,sqlite_target_000157,stale,other,expr.c,src/expr.c,expr.c,7024,7024,7044,sqlite3ExprImpliesNonNullRow,function,1
sqlaser_sqlite354_r4,sqlite,4,sqlite_target_000158,stale,other,expr.c,src/expr.c,expr.c,7084,7079,7089,,window,0
sqlaser_sqlite354_r4,sqlite,4,sqlite_target_000159,stale,other,expr.c,src/expr.c,expr.c,7562,7562,7572,sqlite3ResolveExprNames,function,1
sqlaser_sqlite354_r4,sqlite,4,sqlite_target_000160,stale,other,expr.c,src/expr.c,expr.c,7580,7580,7588,sqlite3ExprAnalyzeAggregates,function,1
sqlaser_sqlite354_r4,sqlite,4,sqlite_target_000161,stale,other,expr.c,src/expr.c,expr.c,794,794,804,sqlite3ExprCheckHeight,function,1
sqlaser_sqlite354_r4,sqlite,4,sqlite_target_000162,stale,other,expr.c,src/expr.c,expr.c,874,874,878,sqlite3ExprSetHeightAndFlags,function,1
sqlaser_sqlite354_r4,sqlite,4,sqlite_target_000163,stale,other,expr.c,src/expr.c,expr.c,906,906,910,sqlite3ExprSetErrorOffset,function,1
sqlaser_sqlite354_r4,sqlite,4,sqlite_target_000164,stale,other,expr.c,src/expr.c,expr.c,933,928,938,,window,1
sqlaser_sqlite354_r4,sqlite,4,sqlite_target_000165,stale,other,expr.c,src/expr.c,expr.c,983,983,996,sqlite3ExprInt32,function,1
sqlaser_sqlite354_r4,sqlite,4,sqlite_target_000166,stale,other,insert.c,src/insert.c,insert.c,1718,1713,1723,,window,1
sqlaser_sqlite354_r4,sqlite,4,sqlite_target_000167,stale,other,insert.c,src/insert.c,insert.c,894,889,899,,window,0
sqlaser_sqlite354_r4,sqlite,4,sqlite_target_000168,stale,other,resolve.c,src/resolve.c,resolve.c,179,179,200,sqlite3ExprColUsed,function,1
sqlaser_sqlite354_r4,sqlite,4,sqlite_target_000169,stale,other,select.c,src/select.c,select.c,7578,7573,7583,,window,0
sqlaser_sqlite354_r4,sqlite,4,sqlite_target_000170,stale,type_system,update.c,src/update.c,update.c,285,280,290,,window,0
sqlaser_sqlite354_r4,sqlite,4,sqlite_target_000171,stale,executor,vdbe.c,src/vdbe.c,vdbe.c,436,436,449,sqlite3_value_numeric_type,function,1
sqlaser_sqlite354_r4,sqlite,4,sqlite_target_000172,stale,executor,vdbe.c,src/vdbe.c,vdbe.c,720,715,725,,window,0
sqlaser_sqlite354_r4,sqlite,4,sqlite_target_000173,stale,executor,vdbe.c,src/vdbe.c,vdbe.c,806,801,811,,window,0
sqlaser_sqlite354_r4,sqlite,4,sqlite_target_000174,stale,executor,vdbe.c,src/vdbe.c,vdbe.c,835,830,840,,window,1
sqlaser_sqlite354_r4,sqlite,4,sqlite_target_000175,stale,executor,vdbe.c,src/vdbe.c,vdbe.c,866,866,875,vdbeMemTypeName,function,1
sqlaser_sqlite354_r4,sqlite,4,sqlite_target_000176,stale,executor,vdbe.c,src/vdbe.c,vdbe.c,881,876,886,,window,1
sqlaser_sqlite354_r4,sqlite,4,sqlite_target_000177,stale,executor,vdbeapi.c,src/vdbeapi.c,vdbeapi.c,1654,1654,1691,assert,function,1
sqlaser_sqlite354_r4,sqlite,4,sqlite_target_000178,stale,executor,vdbeapi.c,src/vdbeapi.c,vdbeapi.c,1953,1953,1956,sqlite3VdbeParameterIndex,function,0
sqlaser_sqlite354_r4,sqlite,4,sqlite_target_000179,stale,executor,vdbeapi.c,src/vdbeapi.c,vdbeapi.c,40,40,47,vdbeSafety,function,1
sqlaser_sqlite354_r4,sqlite,4,sqlite_target_000180,stale,executor,vdbeapi.c,src/vdbeapi.c,vdbeapi.c,48,48,55,vdbeSafetyNotNull,function,1
sqlaser_sqlite354_r4,sqlite,4,sqlite_target_000181,stale,executor,vdbeapi.c,src/vdbeapi.c,vdbeapi.c,913,913,960,sqlite3_step,function,1
sqlaser_sqlite354_r4,sqlite,4,sqlite_target_000182,stale,executor,vdbeaux.c,src/vdbeaux.c,vdbeaux.c,1075,1075,1078,sqlite3VdbeCurrentAddr,function,0
sqlaser_sqlite354_r4,sqlite,4,sqlite_target_000183,stale,executor,vdbeaux.c,src/vdbeaux.c,vdbeaux.c,1132,1132,1143,sqlite3VdbeTakeOpArray,function,1
sqlaser_sqlite354_r4,sqlite,4,sqlite_target_000184,stale,executor,vdbeaux.c,src/vdbeaux.c,vdbeaux.c,1152,1147,1157,,window,1
sqlaser_sqlite354_r4,sqlite,4,sqlite_target_000185,stale,executor,vdbeaux.c,src/vdbeaux.c,vdbeaux.c,127,127,152,sqlite3VdbeSwap,function,1
sqlaser_sqlite354_r4,sqlite,4,sqlite_target_000186,stale,executor,vdbeaux.c,src/vdbeaux.c,vdbeaux.c,1291,1291,1294,sqlite3VdbeChangeOpcode,function,1
sqlaser_sqlite354_r4,sqlite,4,sqlite_target_000187,stale,executor,vdbeaux.c,src/vdbeaux.c,vdbeaux.c,1295,1295,1298,sqlite3VdbeChangeOpcode,function,1
sqlaser_sqlite354_r4,sqlite,4,sqlite_target_000188,stale,executor,vdbeaux.c,src/vdbeaux.c,vdbeaux.c,1299,1299,1302,sqlite3VdbeChangeP1,function,1
sqlaser_sqlite354_r4,sqlite,4,sqlite_target_000189,stale,executor,vdbeaux.c,src/vdbeaux.c,vdbeaux.c,1303,1303,1306,sqlite3VdbeChangeP2,function,0
sqlaser_sqlite354_r4,sqlite,4,sqlite_target_000190,stale,executor,vdbeaux.c,src/vdbeaux.c,vdbeaux.c,1307,1307,1310,sqlite3VdbeChangeP3,function,1
sqlaser_sqlite354_r4,sqlite,4,sqlite_target_000191,stale,executor,vdbeaux.c,src/vdbeaux.c,vdbeaux.c,1317,1317,1325,sqlite3VdbeTypeofColumn,function,1
sqlaser_sqlite354_r4,sqlite,4,sqlite_target_000192,stale,executor,vdbeaux.c,src/vdbeaux.c,vdbeaux.c,1331,1331,1333,sqlite3VdbeJumpHere,function,0
sqlaser_sqlite354_r4,sqlite,4,sqlite_target_000193,stale,executor,vdbeaux.c,src/vdbeaux.c,vdbeaux.c,1348,1348,1361,sqlite3VdbeJumpHereOrPopInst,function,1
sqlaser_sqlite354_r4,sqlite,4,sqlite_target_000194,stale,executor,vdbeaux.c,src/vdbeaux.c,vdbeaux.c,1378,1378,1381,freeP4Mem,function,1
sqlaser_sqlite354_r4,sqlite,4,sqlite_target_000195,stale,executor,vdbeaux.c,src/vdbeaux.c,vdbeaux.c,1445,1445,1460,vdbeFreeOpArray,function,1
sqlaser_sqlite354_r4,sqlite,4,sqlite_target_000196,stale,parser,vdbeaux.c,src/vdbeaux.c,vdbeaux.c,1467,1467,1470,sqlite3VdbeLinkSubProgram,function,0
sqlaser_sqlite354_r4,sqlite,4,sqlite_target_000197,stale,parser,vdbeaux.c,src/vdbeaux.c,vdbeaux.c,1475,1475,1477,sqlite3VdbeHasSubProgram,function,1
sqlaser_sqlite354_r4,sqlite,4,sqlite_target_000198,stale,executor,vdbeaux.c,src/vdbeaux.c,vdbeaux.c,1482,1482,1492,sqlite3VdbeChangeToNoop,function,1
sqlaser_sqlite354_r4,sqlite,4,sqlite_target_000199,stale,executor,vdbeaux.c,src/vdbeaux.c,vdbeaux.c,1498,1498,1504,sqlite3VdbeDeletePriorOpcode,function,0
sqlaser_sqlite354_r4,sqlite,4,sqlite_target_000200,stale,executor,vdbeaux.c,src/vdbeaux.c,vdbeaux.c,1557,1552,1562,,window,1
sqlaser_sqlite354_r4,sqlite,4,sqlite_target_000201,stale,executor,vdbeaux.c,src/vdbeaux.c,vdbeaux.c,1576,1576,1608,,function,1
sqlaser_sqlite354_r4,sqlite,4,sqlite_target_000202,stale,executor,vdbeaux.c,src/vdbeaux.c,vdbeaux.c,1619,1619,1633,sqlite3VdbeChangeP4,function,1
sqlaser_sqlite354_r4,sqlite,4,sqlite_target_000203,stale,executor,vdbeaux.c,src/vdbeaux.c,vdbeaux.c,1639,1639,1646,sqlite3VdbeSetP4KeyInfo,function,1
sqlaser_sqlite354_r4,sqlite,4,sqlite_target_000204,stale,executor,vdbeaux.c,src/vdbeaux.c,vdbeaux.c,1705,1705,1716,sqlite3VdbeGetOp,function,1
sqlaser_sqlite354_r4,sqlite,4,sqlite_target_000205,stale,executor,vdbeaux.c,src/vdbeaux.c,vdbeaux.c,1720,1720,1722,sqlite3VdbeGetLastOp,function,0
sqlaser_sqlite354_r4,sqlite,4,sqlite_target_000206,stale,executor,vdbeaux.c,src/vdbeaux.c,vdbeaux.c,1914,1914,2033,sqlite3VdbeDisplayP4,function,0
sqlaser_sqlite354_r4,sqlite,4,sqlite_target_000207,stale,executor,vdbeaux.c,src/vdbeaux.c,vdbeaux.c,2044,2044,2051,sqlite3VdbeUsesBtree,function,0
sqlaser_sqlite354_r4,sqlite,4,sqlite_target_000208,stale,executor,vdbeaux.c,src/vdbeaux.c,vdbeaux.c,2075,2075,2089,sqlite3VdbeEnter,function,1
sqlaser_sqlite354_r4,sqlite,4,sqlite_target_000209,stale,executor,vdbeaux.c,src/vdbeaux.c,vdbeaux.c,2096,2096,2109,,function,1
sqlaser_sqlite354_r4,sqlite,4,sqlite_target_000210,stale,executor,vdbeaux.c,src/vdbeaux.c,vdbeaux.c,2110,2110,2113,,function,0
sqlaser_sqlite354_r4,sqlite,4,sqlite_target_000211,stale,executor,vdbeaux.c,src/vdbeaux.c,vdbeaux.c,2164,2164,2178,initMemArray,function,1
sqlaser_sqlite354_r4,sqlite,4,sqlite_target_000212,stale,executor,vdbeaux.c,src/vdbeaux.c,vdbeaux.c,2188,2188,2233,releaseMemArray,function,1
sqlaser_sqlite354_r4,sqlite,4,sqlite_target_000213,stale,executor,vdbeaux.c,src/vdbeaux.c,vdbeaux.c,2256,2256,2261,sqlite3VdbeFrameMemDel,function,0
sqlaser_sqlite354_r4,sqlite,4,sqlite_target_000214,stale,executor,vdbeaux.c,src/vdbeaux.c,vdbeaux.c,2271,2266,2276,,window,0
sqlaser_sqlite354_r4,sqlite,4,sqlite_target_000215,stale,executor,vdbeaux.c,src/vdbeaux.c,vdbeaux.c,2383,2383,2394,sqlite3VdbeFrameDelete,function,0
sqlaser_sqlite354_r4,sqlite,4,sqlite_target_000216,stale,executor,vdbeaux.c,src/vdbeaux.c,vdbeaux.c,2415,2410,2420,,window,0
sqlaser_sqlite354_r4,sqlite,4,sqlite_target_000217,stale,executor,vdbeaux.c,src/vdbeaux.c,vdbeaux.c,25,25,47,vdbeFreeOpArray,function,1
sqlaser_sqlite354_r4,sqlite,4,sqlite_target_000218,stale,executor,vdbeaux.c,src/vdbeaux.c,vdbeaux.c,2602,2602,2636,sqlite3VdbeRewind,function,1
sqlaser_sqlite354_r4,sqlite,4,sqlite_target_000219,stale,executor,vdbeaux.c,src/vdbeaux.c,vdbeaux.c,263,263,265,sqlite3VdbeAddOp0,function,1
sqlaser_sqlite354_r4,sqlite,4,sqlite_target_000220,stale,executor,vdbeaux.c,src/vdbeaux.c,vdbeaux.c,2656,2651,2661,,window,1
sqlaser_sqlite354_r4,sqlite,4,sqlite_target_000221,stale,executor,vdbeaux.c,src/vdbeaux.c,vdbeaux.c,266,266,268,sqlite3VdbeAddOp0,function,1
sqlaser_sqlite354_r4,sqlite,4,sqlite_target_000222,stale,executor,vdbeaux.c,src/vdbeaux.c,vdbeaux.c,269,269,271,sqlite3VdbeAddOp3,function,1
sqlaser_sqlite354_r4,sqlite,4,sqlite_target_000223,stale,executor,vdbeaux.c,src/vdbeaux.c,vdbeaux.c,272,272,316,sqlite3VdbeAddOp3,function,1
sqlaser_sqlite354_r4,sqlite,4,sqlite_target_000224,stale,executor,vdbeaux.c,src/vdbeaux.c,vdbeaux.c,2759,2759,2761,sqlite3VdbeFreeCursor,function,1
sqlaser_sqlite354_r4,sqlite,4,sqlite_target_000225,stale,executor,vdbeaux.c,src/vdbeaux.c,vdbeaux.c,2762,2762,2773,sqlite3VdbeFreeCursor,function,1
sqlaser_sqlite354_r4,sqlite,4,sqlite_target_000226,stale,executor,vdbeaux.c,src/vdbeaux.c,vdbeaux.c,2774,2774,2800,sqlite3DbFree,function,1
sqlaser_sqlite354_r4,sqlite,4,sqlite_target_000227,stale,executor,vdbeaux.c,src/vdbeaux.c,vdbeaux.c,2805,2805,2814,closeCursorsInFrame,function,1
sqlaser_sqlite354_r4,sqlite,4,sqlite_target_000228,stale,executor,vdbeaux.c,src/vdbeaux.c,vdbeaux.c,2821,2821,2837,sqlite3VdbeFrameRestore,function,0
sqlaser_sqlite354_r4,sqlite,4,sqlite_target_000229,stale,executor,vdbeaux.c,src/vdbeaux.c,vdbeaux.c,2847,2847,2867,closeAllCursors,function,1
sqlaser_sqlite354_r4,sqlite,4,sqlite_target_000230,stale,executor,vdbeaux.c,src/vdbeaux.c,vdbeaux.c,2875,2875,2888,sqlite3_column_count,function,1
sqlaser_sqlite354_r4,sqlite,4,sqlite_target_000231,stale,executor,vdbeaux.c,src/vdbeaux.c,vdbeaux.c,2900,2895,2905,,window,1
sqlaser_sqlite354_r4,sqlite,4,sqlite_target_000232,stale,executor,vdbeaux.c,src/vdbeaux.c,vdbeaux.c,2928,2928,3184,vdbeCommit,function,1
sqlaser_sqlite354_r4,sqlite,4,sqlite_target_000233,stale,executor,vdbeaux.c,src/vdbeaux.c,vdbeaux.c,317,312,322,,window,1
sqlaser_sqlite354_r4,sqlite,4,sqlite_target_000234,stale,executor,vdbeaux.c,src/vdbeaux.c,vdbeaux.c,3228,3228,3273,vdbeCloseStatement,function,1
sqlaser_sqlite354_r4,sqlite,4,sqlite_target_000235,stale,executor,vdbeaux.c,src/vdbeaux.c,vdbeaux.c,3274,3274,3279,sqlite3VdbeCloseStatement,function,0
sqlaser_sqlite354_r4,sqlite,4,sqlite_target_000236,stale,executor,vdbeaux.c,src/vdbeaux.c,vdbeaux.c,3293,3293,3299,vdbeFkError,function,1
sqlaser_sqlite354_r4,sqlite,4,sqlite_target_000237,stale,executor,vdbeaux.c,src/vdbeaux.c,vdbeaux.c,3300,3300,3303,sqlite3VdbeError,function,0
sqlaser_sqlite354_r4,sqlite,4,sqlite_target_000238,stale,executor,vdbeaux.c,src/vdbeaux.c,vdbeaux.c,3304,3304,3308,sqlite3VdbeCheckFkImmediate,function,0
sqlaser_sqlite354_r4,sqlite,4,sqlite_target_000239,stale,executor,vdbeaux.c,src/vdbeaux.c,vdbeaux.c,3324,3324,3526,sqlite3VdbeHalt,function,1
sqlaser_sqlite354_r4,sqlite,4,sqlite_target_000240,stale,executor,vdbeaux.c,src/vdbeaux.c,vdbeaux.c,3533,3533,3535,sqlite3VdbeResetStepResult,function,0
sqlaser_sqlite354_r4,sqlite,4,sqlite_target_000241,stale,executor,vdbeaux.c,src/vdbeaux.c,vdbeaux.c,3545,3545,3561,sqlite3_errcode,function,1
sqlaser_sqlite354_r4,sqlite,4,sqlite_target_000242,stale,executor,vdbeaux.c,src/vdbeaux.c,vdbeaux.c,3595,3595,3680,sqlite3VdbeReset,function,1
sqlaser_sqlite354_r4,sqlite,4,sqlite_target_000243,stale,executor,vdbeaux.c,src/vdbeaux.c,vdbeaux.c,3686,3686,3697,sqlite3VdbeFinalize,function,1
sqlaser_sqlite354_r4,sqlite,4,sqlite_target_000244,stale,executor,vdbeaux.c,src/vdbeaux.c,vdbeaux.c,369,369,371,sqlite3VdbeGoto,function,1
sqlaser_sqlite354_r4,sqlite,4,sqlite_target_000245,stale,executor,vdbeaux.c,src/vdbeaux.c,vdbeaux.c,3743,3743,3782,sqlite3VdbeDelete,function,1
sqlaser_sqlite354_r4,sqlite,4,sqlite_target_000246,stale,executor,vdbeaux.c,src/vdbeaux.c,vdbeaux.c,376,376,378,sqlite3VdbeLoadString,function,1
sqlaser_sqlite354_r4,sqlite,4,sqlite_target_000247,stale,executor,vdbeaux.c,src/vdbeaux.c,vdbeaux.c,3787,3787,3803,sqlite3VdbeDelete,function,1
sqlaser_sqlite354_r4,sqlite,4,sqlite_target_000248,stale,executor,vdbeaux.c,src/vdbeaux.c,vdbeaux.c,3810,3810,3827,sqlite3VdbeFinishMoveto,function,1
sqlaser_sqlite354_r4,sqlite,4,sqlite_target_000249,stale,executor,vdbeaux.c,src/vdbeaux.c,vdbeaux.c,3836,3836,3845,sqlite3VdbeHandleMovedCursor,function,1
sqlaser_sqlite354_r4,sqlite,4,sqlite_target_000250,stale,executor,vdbeaux.c,src/vdbeaux.c,vdbeaux.c,3851,3851,3857,sqlite3VdbeCursorRestore,function,0
sqlaser_sqlite354_r4,sqlite,4,sqlite_target_000251,stale,executor,vdbeaux.c,src/vdbeaux.c,vdbeaux.c,391,391,409,sqlite3VdbeMultiLoad,function,1
sqlaser_sqlite354_r4,sqlite,4,sqlite_target_000252,stale,executor,vdbeaux.c,src/vdbeaux.c,vdbeaux.c,3997,3997,4005,sqlite3VdbeSerialTypeLen,function,1
sqlaser_sqlite354_r4,sqlite,4,sqlite_target_000253,stale,executor,vdbeaux.c,src/vdbeaux.c,vdbeaux.c,4006,4006,4009,assert,function,0
sqlaser_sqlite354_r4,sqlite,4,sqlite_target_000254,stale,executor,vdbeaux.c,src/vdbeaux.c,vdbeaux.c,4132,4127,4137,,window,1
sqlaser_sqlite354_r4,sqlite,4,sqlite_target_000255,stale,executor,vdbeaux.c,src/vdbeaux.c,vdbeaux.c,414,409,419,,window,0
sqlaser_sqlite354_r4,sqlite,4,sqlite_target_000256,stale,executor,vdbeaux.c,src/vdbeaux.c,vdbeaux.c,4231,4226,4236,,window,1
sqlaser_sqlite354_r4,sqlite,4,sqlite_target_000257,stale,executor,vdbeaux.c,src/vdbeaux.c,vdbeaux.c,4251,4246,4256,,window,1
sqlaser_sqlite354_r4,sqlite,4,sqlite_target_000258,stale,executor,vdbeaux.c,src/vdbeaux.c,vdbeaux.c,438,433,443,,window,0
sqlaser_sqlite354_r4,sqlite,4,sqlite_target_000259,stale,executor,vdbeaux.c,src/vdbeaux.c,vdbeaux.c,4459,4454,4464,,window,1
sqlaser_sqlite354_r4,sqlite,4,sqlite_target_000260,stale,executor,vdbeaux.c,src/vdbeaux.c,vdbeaux.c,4485,4480,4490,,window,1
sqlaser_sqlite354_r4,sqlite,4,sqlite_target_000261,stale,executor,vdbeaux.c,src/vdbeaux.c,vdbeaux.c,4588,4588,4677,memcmp,function,1
sqlaser_sqlite354_r4,sqlite,4,sqlite_target_000262,stale,executor,vdbeaux.c,src/vdbeaux.c,vdbeaux.c,4687,4687,4719,vdbeRecordDecodeInt,function,1
sqlaser_sqlite354_r4,sqlite,4,sqlite_target_000263,stale,executor,vdbeaux.c,src/vdbeaux.c,vdbeaux.c,474,469,479,,window,0
sqlaser_sqlite354_r4,sqlite,4,sqlite_target_000264,stale,executor,vdbeaux.c,src/vdbeaux.c,vdbeaux.c,4742,4737,4747,,window,1
sqlaser_sqlite354_r4,sqlite,4,sqlite_target_000265,stale,executor,vdbeaux.c,src/vdbeaux.c,vdbeaux.c,493,493,498,sqlite3VdbeExplainParent,function,1
sqlaser_sqlite354_r4,sqlite,4,sqlite_target_000266,stale,executor,vdbeaux.c,src/vdbeaux.c,vdbeaux.c,4963,4958,4968,,window,0
sqlaser_sqlite354_r4,sqlite,4,sqlite_target_000267,stale,executor,vdbeaux.c,src/vdbeaux.c,vdbeaux.c,4980,4975,4985,,window,1
sqlaser_sqlite354_r4,sqlite,4,sqlite_target_000268,stale,executor,vdbeaux.c,src/vdbeaux.c,vdbeaux.c,5075,5070,5080,,window,1
sqlaser_sqlite354_r4,sqlite,4,sqlite_target_000269,stale,executor,vdbeaux.c,src/vdbeaux.c,vdbeaux.c,5145,5145,5190,sqlite3VdbeFindCompare,function,1
sqlaser_sqlite354_r4,sqlite,4,sqlite_target_000270,stale,executor,vdbeaux.c,src/vdbeaux.c,vdbeaux.c,517,517,543,sqlite3VdbeExplainPop,function,1
sqlaser_sqlite354_r4,sqlite,4,sqlite_target_000271,stale,parser,vdbeaux.c,src/vdbeaux.c,vdbeaux.c,52,52,54,sqlite3VdbeParser,function,1
sqlaser_sqlite354_r4,sqlite,4,sqlite_target_000272,stale,executor,vdbeaux.c,src/vdbeaux.c,vdbeaux.c,5200,5200,5266,sqlite3VdbeIdxRowid,function,1
sqlaser_sqlite354_r4,sqlite,4,sqlite_target_000273,stale,executor,vdbeaux.c,src/vdbeaux.c,vdbeaux.c,5279,5274,5284,,window,0
sqlaser_sqlite354_r4,sqlite,4,sqlite_target_000274,stale,executor,vdbeaux.c,src/vdbeaux.c,vdbeaux.c,5324,5324,5326,sqlite3VdbeCountChanges,function,0
sqlaser_sqlite354_r4,sqlite,4,sqlite_target_000275,stale,executor,vdbeaux.c,src/vdbeaux.c,vdbeaux.c,5356,5356,5358,sqlite3VdbeDb,function,0
sqlaser_sqlite354_r4,sqlite,4,sqlite_target_000276,stale,executor,vdbeaux.c,src/vdbeaux.c,vdbeaux.c,5363,5363,5365,sqlite3VdbePrepareFlags,function,0
sqlaser_sqlite354_r4,sqlite,4,sqlite_target_000277,stale,executor,vdbeaux.c,src/vdbeaux.c,vdbeaux.c,5375,5375,5391,aff,function,1
sqlaser_sqlite354_r4,sqlite,4,sqlite_target_000278,stale,executor,vdbeaux.c,src/vdbeaux.c,vdbeaux.c,5398,5398,5407,sqlite3VdbeSetVarmask,function,0
sqlaser_sqlite354_r4,sqlite,4,sqlite_target_000279,stale,executor,vdbeaux.c,src/vdbeaux.c,vdbeaux.c,5420,5415,5425,,window,0
sqlaser_sqlite354_r4,sqlite,4,sqlite_target_000280,stale,executor,vdbeaux.c,src/vdbeaux.c,vdbeaux.c,5453,5448,5458,,window,0
sqlaser_sqlite354_r4,sqlite,4,sqlite_target_000281,stale,executor,vdbeaux.c,src/vdbeaux.c,vdbeaux.c,548,548,551,sqlite3VdbeExplainPop,function,1
sqlaser_sqlite354_r4,sqlite,4,sqlite_target_000282,stale,executor,vdbeaux.c,src/vdbeaux.c,vdbeaux.c,5551,5546,5556,,window,0
sqlaser_sqlite354_r4,sqlite,4,sqlite_target_000283,stale,executor,vdbeaux.c,src/vdbeaux.c,vdbeaux.c,571,571,578,sqlite3DbMalloc,function,1
sqlaser_sqlite354_r4,sqlite,4,sqlite_target_000284,stale,executor,vdbeaux.c,src/vdbeaux.c,vdbeaux.c,582,582,593,sqlite3MayAbort,function,0
sqlaser_sqlite354_r4,sqlite,4,sqlite_target_000285,stale,executor,vdbeaux.c,src/vdbeaux.c,vdbeaux.c,59,59,65,sqlite3VdbeError,function,1
sqlaser_sqlite354_r4,sqlite,4,sqlite_target_000286,stale,executor,vdbeaux.c,src/vdbeaux.c,vdbeaux.c,620,620,622,sqlite3VdbeMakeLabel,function,0
sqlaser_sqlite354_r4,sqlite,4,sqlite_target_000287,stale,executor,vdbeaux.c,src/vdbeaux.c,vdbeaux.c,647,647,664,sqlite3VdbeResolveLabel,function,1
sqlaser_sqlite354_r4,sqlite,4,sqlite_target_000288,stale,executor,vdbeaux.c,src/vdbeaux.c,vdbeaux.c,669,669,671,sqlite3VdbeRunOnlyOnce,function,1
sqlaser_sqlite354_r4,sqlite,4,sqlite_target_000289,stale,executor,vdbeaux.c,src/vdbeaux.c,vdbeaux.c,676,676,684,sqlite3VdbeReusable,function,0
sqlaser_sqlite354_r4,sqlite,4,sqlite_target_000290,stale,executor,vdbeaux.c,src/vdbeaux.c,vdbeaux.c,70,70,78,sqlite3VdbeSetSql,function,1
sqlaser_sqlite354_r4,sqlite,4,sqlite_target_000291,stale,executor,vdbemem.c,src/vdbemem.c,vdbemem.c,1009,1009,1017,sqlite3VdbeMemSetZeroBlob,function,1
sqlaser_sqlite354_r4,sqlite,4,sqlite_target_000292,stale,executor,vdbemem.c,src/vdbemem.c,vdbemem.c,1039,1039,1043,vdbeReleaseAndSetInt64,function,1
sqlaser_sqlite354_r4,sqlite,4,sqlite_target_000293,stale,executor,vdbemem.c,src/vdbemem.c,vdbemem.c,1049,1049,1056,sqlite3VdbeMemSetInt64,function,1
sqlaser_sqlite354_r4,sqlite,4,sqlite_target_000294,stale,executor,vdbemem.c,src/vdbemem.c,vdbemem.c,106,106,135,vdbeMemRenderNum,function,1
sqlaser_sqlite354_r4,sqlite,4,sqlite_target_000295,stale,executor,vdbemem.c,src/vdbemem.c,vdbemem.c,1072,1067,1077,,window,1
sqlaser_sqlite354_r4,sqlite,4,sqlite_target_000296,stale,executor,vdbemem.c,src/vdbemem.c,vdbemem.c,1092,1092,1098,sqlite3VdbeMemSetDouble,function,1
sqlaser_sqlite354_r4,sqlite,4,sqlite_target_000297,stale,executor,vdbemem.c,src/vdbemem.c,vdbemem.c,1119,1119,1131,sqlite3VdbeMemSetRowSet,function,1
sqlaser_sqlite354_r4,sqlite,4,sqlite_target_000298,stale,executor,vdbemem.c,src/vdbemem.c,vdbemem.c,1137,1137,1147,sqlite3VdbeMemTooBig,function,1
sqlaser_sqlite354_r4,sqlite,4,sqlite_target_000299,stale,executor,vdbemem.c,src/vdbemem.c,vdbemem.c,1196,1196,1200,srcType,function,1
sqlaser_sqlite354_r4,sqlite,4,sqlite_target_000300,stale,executor,vdbemem.c,src/vdbemem.c,vdbemem.c,1201,1201,1211,vdbeClrCopy,function,1
sqlaser_sqlite354_r4,sqlite,4,sqlite_target_000301,stale,executor,vdbemem.c,src/vdbemem.c,vdbemem.c,1217,1217,1232,sqlite3VdbeMemCopy,function,1
sqlaser_sqlite354_r4,sqlite,4,sqlite_target_000302,stale,executor,vdbemem.c,src/vdbemem.c,vdbemem.c,1240,1240,1249,sqlite3VdbeMemMove,function,1
sqlaser_sqlite354_r4,sqlite,4,sqlite_target_000303,stale,executor,vdbemem.c,src/vdbemem.c,vdbemem.c,1273,1268,1278,,window,0
sqlaser_sqlite354_r4,sqlite,4,sqlite_target_000304,stale,executor,vdbemem.c,src/vdbemem.c,vdbemem.c,1374,1369,1379,,window,1
sqlaser_sqlite354_r4,sqlite,4,sqlite_target_000305,stale,executor,vdbemem.c,src/vdbemem.c,vdbemem.c,1462,1457,1467,,window,1
sqlaser_sqlite354_r4,sqlite,4,sqlite_target_000306,stale,executor,vdbemem.c,src/vdbemem.c,vdbemem.c,1490,1485,1495,,window,1
sqlaser_sqlite354_r4,sqlite,4,sqlite_target_000307,stale,executor,vdbemem.c,src/vdbemem.c,vdbemem.c,212,212,241,successful,function,1
sqlaser_sqlite354_r4,sqlite,4,sqlite_target_000308,stale,executor,vdbemem.c,src/vdbemem.c,vdbemem.c,251,251,299,sqlite3VdbeMemGrow,function,1
sqlaser_sqlite354_r4,sqlite,4,sqlite_target_000309,stale,executor,vdbemem.c,src/vdbemem.c,vdbemem.c,314,314,324,code,function,1
sqlaser_sqlite354_r4,sqlite,4,sqlite_target_000310,stale,executor,vdbemem.c,src/vdbemem.c,vdbemem.c,336,336,362,sqlite3VdbeMemZeroTerminateIfAble,function,1
sqlaser_sqlite354_r4,sqlite,4,sqlite_target_000311,stale,executor,vdbemem.c,src/vdbemem.c,vdbemem.c,373,373,382,vdbeMemAddTerminator,function,1
sqlaser_sqlite354_r4,sqlite,4,sqlite_target_000312,stale,executor,vdbemem.c,src/vdbemem.c,vdbemem.c,390,390,407,sqlite3VdbeMemMakeWriteable,function,1
sqlaser_sqlite354_r4,sqlite,4,sqlite_target_000313,stale,executor,vdbemem.c,src/vdbemem.c,vdbemem.c,414,414,439,sqlite3VdbeMemExpandBlob,function,1
sqlaser_sqlite354_r4,sqlite,4,sqlite_target_000314,stale,executor,vdbemem.c,src/vdbemem.c,vdbemem.c,445,445,455,sqlite3VdbeMemNulTerminate,function,1
sqlaser_sqlite354_r4,sqlite,4,sqlite_target_000315,stale,executor,vdbemem.c,src/vdbemem.c,vdbemem.c,471,471,496,user,function,1
sqlaser_sqlite354_r4,sqlite,4,sqlite_target_000316,stale,executor,vdbemem.c,src/vdbemem.c,vdbemem.c,506,506,528,sqlite3VdbeMemFinalize,function,1
sqlaser_sqlite354_r4,sqlite,4,sqlite_target_000317,stale,executor,vdbemem.c,src/vdbemem.c,vdbemem.c,539,539,554,xValue,function,1
sqlaser_sqlite354_r4,sqlite,4,sqlite_target_000318,stale,executor,vdbemem.c,src/vdbemem.c,vdbemem.c,566,566,579,sqlite3VdbeMemSetNull,function,1
sqlaser_sqlite354_r4,sqlite,4,sqlite_target_000319,stale,executor,vdbemem.c,src/vdbemem.c,vdbemem.c,589,589,598,sqlite3VdbeMemRelease,function,1
sqlaser_sqlite354_r4,sqlite,4,sqlite_target_000320,stale,executor,vdbemem.c,src/vdbemem.c,vdbemem.c,610,610,615,sqlite3VdbeMemSetNull,function,1
sqlaser_sqlite354_r4,sqlite,4,sqlite_target_000321,stale,executor,vdbemem.c,src/vdbemem.c,vdbemem.c,620,620,623,sqlite3VdbeMemReleaseMalloc,function,1
sqlaser_sqlite354_r4,sqlite,4,sqlite_target_000322,stale,executor,vdbemem.c,src/vdbemem.c,vdbemem.c,641,641,657,memIntValue,function,1
sqlaser_sqlite354_r4,sqlite,4,sqlite_target_000323,stale,executor,vdbemem.c,src/vdbemem.c,vdbemem.c,735,735,751,,function,1
sqlaser_sqlite354_r4,sqlite,4,sqlite_target_000324,stale,executor,vdbemem.c,src/vdbemem.c,vdbemem.c,770,770,785,sqlite3VdbeRealValue,function,1
sqlaser_sqlite354_r4,sqlite,4,sqlite_target_000325,stale,executor,vdbemem.c,src/vdbemem.c,vdbemem.c,791,791,796,sqlite3VdbeBooleanValue,function,1
sqlaser_sqlite354_r4,sqlite,4,sqlite_target_000326,stale,executor,vdbemem.c,src/vdbemem.c,vdbemem.c,802,802,829,sqlite3VdbeIntegerAffinity,function,1
sqlaser_sqlite354_r4,sqlite,4,sqlite_target_000327,stale,executor,vdbemem.c,src/vdbemem.c,vdbemem.c,834,834,843,sqlite3VdbeMemIntegerify,function,1
sqlaser_sqlite354_r4,sqlite,4,sqlite_target_000328,stale,executor,vdbemem.c,src/vdbemem.c,vdbemem.c,849,849,857,sqlite3VdbeMemRealify,function,1
sqlaser_sqlite354_r4,sqlite,4,sqlite_target_000329,stale,executor,vdbemem.c,src/vdbemem.c,vdbemem.c,893,893,917,sqlite3VdbeMemNumerify,function,1
sqlaser_sqlite354_r4,sqlite,4,sqlite_target_000330,stale,executor,vdbemem.c,src/vdbemem.c,vdbemem.c,926,926,966,used,function,1
sqlaser_sqlite354_r4,sqlite,4,sqlite_target_000331,stale,executor,vdbemem.c,src/vdbemem.c,vdbemem.c,973,973,978,sqlite3VdbeMemInit,function,1
sqlaser_sqlite354_r4,sqlite,4,sqlite_target_000332,stale,executor,vdbemem.c,src/vdbemem.c,vdbemem.c,993,993,999,sqlite3VdbeMemRelease,function,1
sqlaser_sqlite354_r4,sqlite,4,sqlite_target_000333,stale,executor,vdbesort.c,src/vdbesort.c,vdbesort.c,1050,1050,1057,vdbeSorterRecordFree,function,1
sqlaser_sqlite354_r4,sqlite,4,sqlite_target_000334,stale,executor,vdbesort.c,src/vdbesort.c,vdbesort.c,1063,1063,1083,vdbeSortSubtaskCleanup,function,1
sqlaser_sqlite354_r4,sqlite,4,sqlite_target_000335,stale,executor,vdbesort.c,src/vdbesort.c,vdbesort.c,1150,1145,1155,,window,0
sqlaser_sqlite354_r4,sqlite,4,sqlite_target_000336,stale,optimizer,vdbesort.c,src/vdbesort.c,vdbesort.c,1163,1163,1180,vdbeSorterJoinAll,function,1
sqlaser_sqlite354_r4,sqlite,4,sqlite_target_000337,stale,executor,vdbesort.c,src/vdbesort.c,vdbesort.c,1230,1230,1242,vdbeIncrFree,function,0
sqlaser_sqlite354_r4,sqlite,4,sqlite_target_000338,stale,executor,vdbesort.c,src/vdbesort.c,vdbesort.c,1247,1247,1275,sqlite3VdbeSorterReset,function,1
sqlaser_sqlite354_r4,sqlite,4,sqlite_target_000339,stale,executor,vdbesort.c,src/vdbesort.c,vdbesort.c,1280,1280,1296,sqlite3VdbeSorterClose,function,1
sqlaser_sqlite354_r4,sqlite,4,sqlite_target_000340,stale,executor,vdbesort.c,src/vdbesort.c,vdbesort.c,1354,1354,1362,vdbeSortAllocUnpacked,function,1
sqlaser_sqlite354_r4,sqlite,4,sqlite_target_000341,stale,executor,vdbesort.c,src/vdbesort.c,vdbesort.c,1368,1363,1373,,window,1
sqlaser_sqlite354_r4,sqlite,4,sqlite_target_000342,stale,executor,vdbesort.c,src/vdbesort.c,vdbesort.c,1410,1410,1417,vdbeSorterGetCompare,function,1
sqlaser_sqlite354_r4,sqlite,4,sqlite_target_000343,stale,executor,vdbesort.c,src/vdbesort.c,vdbesort.c,1424,1424,1474,vdbeSorterSort,function,1
sqlaser_sqlite354_r4,sqlite,4,sqlite_target_000344,stale,executor,vdbesort.c,src/vdbesort.c,vdbesort.c,1578,1578,1633,data,function,0
sqlaser_sqlite354_r4,sqlite,4,sqlite_target_000345,stale,executor,vdbesort.c,src/vdbesort.c,vdbesort.c,1642,1637,1647,,window,0
sqlaser_sqlite354_r4,sqlite,4,sqlite_target_000346,stale,executor,vdbesort.c,src/vdbesort.c,vdbesort.c,1713,1713,1720,vdbeSorterFlushThread,function,0
sqlaser_sqlite354_r4,sqlite,4,sqlite_target_000347,stale,executor,vdbesort.c,src/vdbesort.c,vdbesort.c,1727,1727,1792,vdbeSorterFlushPMA,function,0
sqlaser_sqlite354_r4,sqlite,4,sqlite_target_000348,stale,executor,vdbesort.c,src/vdbesort.c,vdbesort.c,1797,1792,1802,,window,1
sqlaser_sqlite354_r4,sqlite,4,sqlite_target_000349,stale,executor,vdbesort.c,src/vdbesort.c,vdbesort.c,1909,1909,1944,vdbeIncrPopulate,function,0
sqlaser_sqlite354_r4,sqlite,4,sqlite_target_000350,stale,executor,vdbesort.c,src/vdbesort.c,vdbesort.c,1951,1951,1956,vdbeIncrPopulateThread,function,0
sqlaser_sqlite354_r4,sqlite,4,sqlite_target_000351,stale,executor,vdbesort.c,src/vdbesort.c,vdbesort.c,1961,1961,1965,vdbeIncrBgPopulate,function,0
sqlaser_sqlite354_r4,sqlite,4,sqlite_target_000352,stale,executor,vdbesort.c,src/vdbesort.c,vdbesort.c,1985,1985,2016,vdbeIncrSwap,function,0
sqlaser_sqlite354_r4,sqlite,4,sqlite_target_000353,stale,executor,vdbesort.c,src/vdbesort.c,vdbesort.c,2024,2019,2029,,window,0
sqlaser_sqlite354_r4,sqlite,4,sqlite_target_000354,stale,executor,vdbesort.c,src/vdbesort.c,vdbesort.c,2049,2049,2052,vdbeIncrMergerSetThreads,function,0
sqlaser_sqlite354_r4,sqlite,4,sqlite_target_000355,stale,executor,vdbesort.c,src/vdbesort.c,vdbesort.c,2144,2139,2149,,window,0
sqlaser_sqlite354_r4,sqlite,4,sqlite_target_000356,stale,executor,vdbesort.c,src/vdbesort.c,vdbesort.c,2220,2220,2280,vdbePmaReaderNext,function,0
sqlaser_sqlite354_r4,sqlite,4,sqlite_target_000357,stale,executor,vdbesort.c,src/vdbesort.c,vdbesort.c,2287,2287,2294,vdbePmaReaderBgIncrInit,function,0
sqlaser_sqlite354_r4,sqlite,4,sqlite_target_000358,stale,executor,vdbesort.c,src/vdbesort.c,vdbesort.c,2308,2308,2324,,function,0
sqlaser_sqlite354_r4,sqlite,4,sqlite_target_000359,stale,executor,vdbesort.c,src/vdbesort.c,vdbesort.c,2338,2333,2343,,window,0
sqlaser_sqlite354_r4,sqlite,4,sqlite_target_000360,stale,executor,vdbesort.c,src/vdbesort.c,vdbesort.c,2395,2390,2400,,window,0
sqlaser_sqlite354_r4,sqlite,4,sqlite_target_000361,stale,executor,vdbesort.c,src/vdbesort.c,vdbesort.c,2451,2446,2456,,window,0
sqlaser_sqlite354_r4,sqlite,4,sqlite_target_000362,stale,executor,vdbesort.c,src/vdbesort.c,vdbesort.c,2530,2530,2604,,function,0
sqlaser_sqlite354_r4,sqlite,4,sqlite_target_000363,stale,executor,vdbesort.c,src/vdbesort.c,vdbesort.c,2612,2612,2655,sqlite3VdbeSorterRewind,function,1
sqlaser_sqlite354_r4,sqlite,4,sqlite_target_000364,stale,executor,vdbesort.c,src/vdbesort.c,vdbesort.c,2664,2664,2696,sqlite3VdbeSorterNext,function,1
sqlaser_sqlite354_r4,sqlite,4,sqlite_target_000365,stale,executor,vdbesort.c,src/vdbesort.c,vdbesort.c,2702,2697,2707,,window,1
sqlaser_sqlite354_r4,sqlite,4,sqlite_target_000366,stale,executor,vdbesort.c,src/vdbesort.c,vdbesort.c,2729,2729,2744,sqlite3VdbeSorterRowkey,function,1
sqlaser_sqlite354_r4,sqlite,4,sqlite_target_000367,stale,executor,vdbesort.c,src/vdbesort.c,vdbesort.c,2762,2757,2767,,window,1
sqlaser_sqlite354_r4,sqlite,4,sqlite_target_000368,stale,executor,vdbesort.c,src/vdbesort.c,vdbesort.c,474,474,480,vdbePmaReaderClear,function,0
sqlaser_sqlite354_r4,sqlite,4,sqlite_target_000369,stale,executor,vdbesort.c,src/vdbesort.c,vdbesort.c,491,486,496,,window,0
sqlaser_sqlite354_r4,sqlite,4,sqlite_target_000370,stale,executor,vdbesort.c,src/vdbesort.c,vdbesort.c,586,586,608,vdbePmaReadVarint,function,0
sqlaser_sqlite354_r4,sqlite,4,sqlite_target_000371,stale,executor,vdbesort.c,src/vdbesort.c,vdbesort.c,619,619,629,vdbeSorterMapFile,function,0
sqlaser_sqlite354_r4,sqlite,4,sqlite_target_000372,stale,executor,vdbesort.c,src/vdbesort.c,vdbesort.c,636,631,641,,window,0
sqlaser_sqlite354_r4,sqlite,4,sqlite_target_000373,stale,executor,vdbesort.c,src/vdbesort.c,vdbesort.c,683,683,719,vdbePmaReaderNext,function,0
sqlaser_sqlite354_r4,sqlite,4,sqlite_target_000374,stale,executor,vdbesort.c,src/vdbesort.c,vdbesort.c,763,758,768,,window,1
sqlaser_sqlite354_r4,sqlite,4,sqlite_target_000375,stale,executor,vdbesort.c,src/vdbesort.c,vdbesort.c,790,785,795,,window,1
sqlaser_sqlite354_r4,sqlite,4,sqlite_target_000376,stale,executor,vdbesort.c,src/vdbesort.c,vdbesort.c,809,804,814,,window,1
sqlaser_sqlite354_r4,sqlite,4,sqlite_target_000377,stale,executor,vdbesort.c,src/vdbesort.c,vdbesort.c,852,847,857,,window,1
sqlaser_sqlite354_r4,sqlite,4,sqlite_target_000378,stale,executor,vdbesort.c,src/vdbesort.c,vdbesort.c,936,931,941,,window,1
sqlaser_sqlite354_r4,sqlite,4,sqlite_target_000379,stale,executor,vdbetrace.c,src/vdbetrace.c,vdbetrace.c,72,67,77,,window,0
sqlaser_sqlite354_r4,sqlite,4,sqlite_target_000380,stale,optimizer,where.c,src/where.c,where.c,101,101,111,sqlite3WhereOrderByLimitOptLabel,function,1
sqlaser_sqlite354_r4,sqlite,4,sqlite_target_000381,stale,optimizer,where.c,src/where.c,where.c,124,124,137,sqlite3WhereMinMaxOptEarlyOut,function,1
sqlaser_sqlite354_r4,sqlite,4,sqlite_target_000382,stale,optimizer,where.c,src/where.c,where.c,263,263,273,sqlite3WhereMalloc,function,1
sqlaser_sqlite354_r4,sqlite,4,sqlite_target_000383,stale,optimizer,where.c,src/where.c,where.c,274,274,283,return,function,1
sqlaser_sqlite354_r4,sqlite,4,sqlite_target_000384,stale,optimizer,where.c,src/where.c,where.c,549,544,554,,window,0
sqlaser_sqlite354_r4,sqlite,4,sqlite_target_000385,stale,optimizer,where.c,src/where.c,where.c,6830,6825,6835,,window,0
sqlaser_sqlite354_r4,sqlite,4,sqlite_target_000386,stale,optimizer,where.c,src/where.c,where.c,7521,7521,7886,sqlite3WhereEnd,function,1
sqlaser_sqlite354_r4,sqlite,4,sqlite_target_000387,stale,optimizer,wherecode.c,src/wherecode.c,wherecode.c,117,112,122,,window,0
sqlaser_sqlite354_r4,sqlite,4,sqlite_target_000388,stale,optimizer,wherecode.c,src/wherecode.c,wherecode.c,1466,1461,1471,,window,0
sqlaser_sqlite354_r4,sqlite,4,sqlite_target_000389,stale,optimizer,wherecode.c,src/wherecode.c,wherecode.c,245,240,250,,window,0
sqlaser_sqlite354_r4,sqlite,4,sqlite_target_000390,stale,optimizer,wherecode.c,src/wherecode.c,wherecode.c,280,275,285,,window,0
sqlaser_sqlite354_r4,sqlite,4,sqlite_target_000391,stale,optimizer,wherecode.c,src/wherecode.c,wherecode.c,2841,2836,2846,,window,1
sqlaser_sqlite354_r4,sqlite,4,sqlite_target_000392,stale,optimizer,whereexpr.c,src/whereexpr.c,whereexpr.c,1591,1591,1602,sqlite3WhereSplit,function,1
sqlaser_sqlite354_r4,sqlite,4,sqlite_target_000393,stale,optimizer,whereexpr.c,src/whereexpr.c,whereexpr.c,1666,1666,1731,sqlite3WhereAddLimit,function,1
sqlaser_sqlite354_r4,sqlite,4,sqlite_target_000394,stale,optimizer,whereexpr.c,src/whereexpr.c,whereexpr.c,1736,1731,1741,,window,1
sqlaser_sqlite354_r4,sqlite,4,sqlite_target_000395,stale,optimizer,whereexpr.c,src/whereexpr.c,whereexpr.c,1754,1754,1785,sqlite3WhereClauseClear,function,1
sqlaser_sqlite354_r4,sqlite,4,sqlite_target_000396,stale,optimizer,whereexpr.c,src/whereexpr.c,whereexpr.c,1819,1814,1824,,window,1
sqlaser_sqlite354_r4,sqlite,4,sqlite_target_000397,stale,optimizer,whereexpr.c,src/whereexpr.c,whereexpr.c,1845,1845,1853,sqlite3WhereExprUsage,function,1
sqlaser_sqlite354_r4,sqlite,4,sqlite_target_000398,stale,optimizer,whereexpr.c,src/whereexpr.c,whereexpr.c,1854,1854,1856,assert,function,1
sqlaser_sqlite354_r4,sqlite,4,sqlite_target_000399,stale,optimizer,whereexpr.c,src/whereexpr.c,whereexpr.c,1857,1857,1866,sqlite3WhereExprUsageFull,function,1
sqlaser_sqlite354_r4,sqlite,4,sqlite_target_000400,stale,optimizer,whereexpr.c,src/whereexpr.c,whereexpr.c,1877,1872,1882,,window,1
sqlaser_sqlite354_r4,sqlite,4,sqlite_target_000401,stale,optimizer,whereexpr.c,src/whereexpr.c,whereexpr.c,1894,1889,1899,,window,1
sqlaser_sqlite354_r4,sqlite,4,sqlite_target_000402,stale,optimizer,whereexpr.c,src/whereexpr.c,whereexpr.c,353,353,372,sqlite3ExprIsLikeOperator,function,1
sqlaser_sqlite354_r4,sqlite,4,sqlite_target_000403,memory,other,backup.c,src/backup.c,backup.c,747,742,752,,window,1
sqlaser_sqlite354_r4,sqlite,4,sqlite_target_000404,memory,other,backup.c,src/backup.c,backup.c,748,743,753,,window,1
sqlaser_sqlite354_r4,sqlite,4,sqlite_target_000405,memory,other,backup.c,src/backup.c,backup.c,749,744,754,,window,1
sqlaser_sqlite354_r4,sqlite,4,sqlite_target_000406,memory,storage,btree.c,src/btree.c,btree.c,10204,10204,10210,sqlite3PagerUnref,function,1
sqlaser_sqlite354_r4,sqlite,4,sqlite_target_000407,memory,catalog_metadata,btree.c,src/btree.c,btree.c,10283,10283,10302,sqlite3BtreeClearTable,function,1
sqlaser_sqlite354_r4,sqlite,4,sqlite_target_000408,memory,storage,btree.c,src/btree.c,btree.c,1030,1030,1033,sqlite3BtreeCursorHintFlags,function,0
sqlaser_sqlite354_r4,sqlite,4,sqlite_target_000409,memory,catalog_metadata,btree.c,src/btree.c,btree.c,10309,10309,10311,sqlite3BtreeClearTableOfCursor,function,0
sqlaser_sqlite354_r4,sqlite,4,sqlite_target_000410,memory,storage,btree.c,src/btree.c,btree.c,10418,10418,10424,releasePage,function,0
sqlaser_sqlite354_r4,sqlite,4,sqlite_target_000411,memory,storage,btree.c,src/btree.c,btree.c,10447,10447,10471,sqlite3BtreeGetMeta,function,1
sqlaser_sqlite354_r4,sqlite,4,sqlite_target_000412,memory,type_system,btree.c,src/btree.c,btree.c,10477,10477,10499,sqlite3BtreeUpdateMeta,function,1
sqlaser_sqlite354_r4,sqlite,4,sqlite_target_000413,memory,storage,btree.c,src/btree.c,btree.c,10509,10509,10572,encountered,function,1
sqlaser_sqlite354_r4,sqlite,4,sqlite_target_000414,memory,storage,btree.c,src/btree.c,btree.c,10578,10578,10580,sqlite3BtreePager,function,0
sqlaser_sqlite354_r4,sqlite,4,sqlite_target_000415,memory,storage,btree.c,src/btree.c,btree.c,11146,11141,11151,,window,1
sqlaser_sqlite354_r4,sqlite,4,sqlite_target_000416,memory,storage,btree.c,src/btree.c,btree.c,11179,11155,11294,,function,1
sqlaser_sqlite354_r4,sqlite,4,sqlite_target_000417,memory,storage,btree.c,src/btree.c,btree.c,11191,11186,11196,,window,1
sqlaser_sqlite354_r4,sqlite,4,sqlite_target_000418,memory,storage,btree.c,src/btree.c,btree.c,11304,11304,11307,sqlite3BtreeGetFilename,function,1
sqlaser_sqlite354_r4,sqlite,4,sqlite_target_000419,memory,storage,btree.c,src/btree.c,btree.c,11317,11317,11320,sqlite3BtreeGetJournalname,function,0
sqlaser_sqlite354_r4,sqlite,4,sqlite_target_000420,memory,storage,btree.c,src/btree.c,btree.c,11326,11326,11329,sqlite3BtreeTxnState,function,1
sqlaser_sqlite354_r4,sqlite,4,sqlite_target_000421,memory,storage,btree.c,src/btree.c,btree.c,11340,11340,11353,sqlite3BtreeCheckpoint,function,1
sqlaser_sqlite354_r4,sqlite,4,sqlite_target_000422,memory,storage,btree.c,src/btree.c,btree.c,11359,11359,11363,sqlite3BtreeIsInBackup,function,0
sqlaser_sqlite354_r4,sqlite,4,sqlite_target_000423,memory,storage,btree.c,src/btree.c,btree.c,11385,11385,11395,sqlite3_free,function,1
sqlaser_sqlite354_r4,sqlite,4,sqlite_target_000424,memory,catalog_metadata,btree.c,src/btree.c,btree.c,11402,11402,11411,sqlite3BtreeSchemaLocked,function,1
sqlaser_sqlite354_r4,sqlite,4,sqlite_target_000425,memory,catalog_metadata,btree.c,src/btree.c,btree.c,11420,11420,11436,sqlite3BtreeLockTable,function,1
sqlaser_sqlite354_r4,sqlite,4,sqlite_target_000426,memory,storage,btree.c,src/btree.c,btree.c,11450,11450,11493,sqlite3BtreePutData,function,1
sqlaser_sqlite354_r4,sqlite,4,sqlite_target_000427,memory,storage,btree.c,src/btree.c,btree.c,11498,11498,11501,sqlite3BtreeIncrblobCursor,function,1
sqlaser_sqlite354_r4,sqlite,4,sqlite_target_000428,memory,storage,btree.c,src/btree.c,btree.c,11509,11509,11538,sqlite3BtreeSetVersion,function,1
sqlaser_sqlite354_r4,sqlite,4,sqlite_target_000429,memory,storage,btree.c,src/btree.c,btree.c,11544,11544,11546,sqlite3BtreeCursorHasHint,function,0
sqlaser_sqlite354_r4,sqlite,4,sqlite_target_000430,memory,storage,btree.c,src/btree.c,btree.c,11551,11551,11553,sqlite3BtreeIsReadonly,function,0
sqlaser_sqlite354_r4,sqlite,4,sqlite_target_000431,memory,storage,btree.c,src/btree.c,btree.c,11564,11564,11569,sqlite3BtreeClearCache,function,0
sqlaser_sqlite354_r4,sqlite,4,sqlite_target_000432,memory,storage,btree.c,src/btree.c,btree.c,11575,11575,11577,,function,0
sqlaser_sqlite354_r4,sqlite,4,sqlite_target_000433,memory,storage,btree.c,src/btree.c,btree.c,11584,11584,11587,sqlite3BtreeConnectionCount,function,0
sqlaser_sqlite354_r4,sqlite,4,sqlite_target_000434,memory,storage,btree.c,src/btree.c,btree.c,1623,1623,1741,defragmentPage,function,1
sqlaser_sqlite354_r4,sqlite,4,sqlite_target_000435,memory,storage,btree.c,src/btree.c,btree.c,1676,1671,1681,,window,1
sqlaser_sqlite354_r4,sqlite,4,sqlite_target_000436,memory,storage,btree.c,src/btree.c,btree.c,1684,1679,1689,,window,1
sqlaser_sqlite354_r4,sqlite,4,sqlite_target_000437,memory,storage,btree.c,src/btree.c,btree.c,1700,1695,1705,,window,1
sqlaser_sqlite354_r4,sqlite,4,sqlite_target_000438,memory,storage,btree.c,src/btree.c,btree.c,1724,1702,1725,get2byte,function,1
sqlaser_sqlite354_r4,sqlite,4,sqlite_target_000439,memory,storage,btree.c,src/btree.c,btree.c,1738,1733,1743,,window,0
sqlaser_sqlite354_r4,sqlite,4,sqlite_target_000440,memory,storage,btree.c,src/btree.c,btree.c,2377,2377,2380,return,function,1
sqlaser_sqlite354_r4,sqlite,4,sqlite_target_000441,memory,storage,btree.c,src/btree.c,btree.c,2538,2533,2543,,window,1
sqlaser_sqlite354_r4,sqlite,4,sqlite_target_000442,memory,storage,btree.c,src/btree.c,btree.c,2584,2545,2831,,function,1
sqlaser_sqlite354_r4,sqlite,4,sqlite_target_000443,memory,storage,btree.c,src/btree.c,btree.c,2681,2668,2766,,function,1
sqlaser_sqlite354_r4,sqlite,4,sqlite_target_000444,memory,storage,btree.c,src/btree.c,btree.c,2927,2927,2984,sqlite3BtreeClose,function,1
sqlaser_sqlite354_r4,sqlite,4,sqlite_target_000445,memory,storage,btree.c,src/btree.c,btree.c,2993,2993,3000,sqlite3BtreeSetCacheSize,function,0
sqlaser_sqlite354_r4,sqlite,4,sqlite_target_000446,memory,storage,btree.c,src/btree.c,btree.c,3012,3012,3020,sqlite3BtreeSetSpillSize,function,1
sqlaser_sqlite354_r4,sqlite,4,sqlite_target_000447,memory,storage,btree.c,src/btree.c,btree.c,3027,3027,3034,sqlite3BtreeSetMmapLimit,function,0
sqlaser_sqlite354_r4,sqlite,4,sqlite_target_000448,memory,storage,btree.c,src/btree.c,btree.c,3046,3041,3051,,window,1
sqlaser_sqlite354_r4,sqlite,4,sqlite_target_000449,memory,storage,btree.c,src/btree.c,btree.c,3079,3079,3110,sqlite3BtreeSetPageSize,function,1
sqlaser_sqlite354_r4,sqlite,4,sqlite_target_000450,memory,storage,btree.c,src/btree.c,btree.c,3115,3115,3117,sqlite3BtreeGetPageSize,function,0
sqlaser_sqlite354_r4,sqlite,4,sqlite_target_000451,memory,storage,btree.c,src/btree.c,btree.c,3130,3130,3135,sqlite3BtreeEnter,function,0
sqlaser_sqlite354_r4,sqlite,4,sqlite_target_000452,memory,storage,btree.c,src/btree.c,btree.c,3146,3146,3153,sqlite3BtreeGetRequestedReserve,function,1
sqlaser_sqlite354_r4,sqlite,4,sqlite_target_000453,memory,storage,btree.c,src/btree.c,btree.c,3161,3161,3167,sqlite3BtreeMaxPageCount,function,0
sqlaser_sqlite354_r4,sqlite,4,sqlite_target_000454,memory,storage,btree.c,src/btree.c,btree.c,3187,3187,3200,sqlite3BtreeSecureDelete,function,1
sqlaser_sqlite354_r4,sqlite,4,sqlite_target_000455,memory,storage,btree.c,src/btree.c,btree.c,3208,3208,3226,sqlite3BtreeSetAutoVacuum,function,1
sqlaser_sqlite354_r4,sqlite,4,sqlite_target_000456,memory,storage,btree.c,src/btree.c,btree.c,3232,3232,3246,sqlite3BtreeGetAutoVacuum,function,0
sqlaser_sqlite354_r4,sqlite,4,sqlite_target_000457,memory,storage,btree.c,src/btree.c,btree.c,3560,3560,3567,sqlite3BtreeNewDb,function,0
sqlaser_sqlite354_r4,sqlite,4,sqlite_target_000458,memory,storage,btree.c,src/btree.c,btree.c,3811,3811,3832,btreeIntegrity,function,1
sqlaser_sqlite354_r4,sqlite,4,sqlite_target_000459,memory,storage,btree.c,src/btree.c,btree.c,4171,4171,4202,sqlite3BtreeIncrVacuum,function,1
sqlaser_sqlite354_r4,sqlite,4,sqlite_target_000460,memory,storage,btree.c,src/btree.c,btree.c,4319,4319,4340,sqlite3BtreeCommitPhaseOne,function,1
sqlaser_sqlite354_r4,sqlite,4,sqlite_target_000461,memory,storage,btree.c,src/btree.c,btree.c,4408,4408,4435,sqlite3BtreeCommitPhaseTwo,function,1
sqlaser_sqlite354_r4,sqlite,4,sqlite_target_000462,memory,storage,btree.c,src/btree.c,btree.c,4440,4440,4449,sqlite3BtreeCommit,function,0
sqlaser_sqlite354_r4,sqlite,4,sqlite_target_000463,memory,storage,btree.c,src/btree.c,btree.c,4477,4477,4503,sqlite3BtreeTripAllCursors,function,1
sqlaser_sqlite354_r4,sqlite,4,sqlite_target_000464,memory,storage,btree.c,src/btree.c,btree.c,4528,4528,4573,sqlite3BtreeRollback,function,1
sqlaser_sqlite354_r4,sqlite,4,sqlite_target_000465,memory,storage,btree.c,src/btree.c,btree.c,4593,4593,4610,sqlite3BtreeSavepoint,function,1
sqlaser_sqlite354_r4,sqlite,4,sqlite_target_000466,memory,storage,btree.c,src/btree.c,btree.c,4624,4624,4651,sqlite3BtreeSavepoint,function,1
sqlaser_sqlite354_r4,sqlite,4,sqlite_target_000467,memory,storage,btree.c,src/btree.c,btree.c,4775,4770,4780,,window,1
sqlaser_sqlite354_r4,sqlite,4,sqlite_target_000468,memory,storage,btree.c,src/btree.c,btree.c,4828,4828,4830,memset,function,1
sqlaser_sqlite354_r4,sqlite,4,sqlite_target_000469,memory,storage,btree.c,src/btree.c,btree.c,4836,4836,4869,sqlite3BtreeCloseCursor,function,1
sqlaser_sqlite354_r4,sqlite,4,sqlite_target_000470,memory,storage,btree.c,src/btree.c,btree.c,4916,4916,4919,sqlite3BtreeCursorIsValid,function,1
sqlaser_sqlite354_r4,sqlite,4,sqlite_target_000471,memory,storage,btree.c,src/btree.c,btree.c,4927,4927,4933,sqlite3BtreeIntegerKey,function,0
sqlaser_sqlite354_r4,sqlite,4,sqlite_target_000472,memory,storage,btree.c,src/btree.c,btree.c,4938,4938,4941,sqlite3BtreeCursorPin,function,1
sqlaser_sqlite354_r4,sqlite,4,sqlite_target_000473,memory,storage,btree.c,src/btree.c,btree.c,4942,4942,4945,sqlite3BtreeCursorPin,function,1
sqlaser_sqlite354_r4,sqlite,4,sqlite_target_000474,memory,storage,btree.c,src/btree.c,btree.c,4951,4951,4957,sqlite3BtreeOffset,function,0
sqlaser_sqlite354_r4,sqlite,4,sqlite_target_000475,memory,storage,btree.c,src/btree.c,btree.c,4968,4968,4973,sqlite3BtreePayloadSize,function,0
sqlaser_sqlite354_r4,sqlite,4,sqlite_target_000476,memory,storage,btree.c,src/btree.c,btree.c,4988,4988,4992,sqlite3BtreeMaxRecordSize,function,0
sqlaser_sqlite354_r4,sqlite,4,sqlite_target_000477,memory,storage,btree.c,src/btree.c,btree.c,5353,5353,5358,sqlite3BtreePayload,function,0
sqlaser_sqlite354_r4,sqlite,4,sqlite_target_000478,memory,storage,btree.c,src/btree.c,btree.c,5380,5380,5387,assert,function,0
sqlaser_sqlite354_r4,sqlite,4,sqlite_target_000479,memory,storage,btree.c,src/btree.c,btree.c,5448,5448,5450,sqlite3BtreePayloadFetch,function,1
sqlaser_sqlite354_r4,sqlite,4,sqlite_target_000480,memory,storage,btree.c,src/btree.c,btree.c,5696,5696,5712,sqlite3BtreeFirst,function,1
sqlaser_sqlite354_r4,sqlite,4,sqlite_target_000481,memory,storage,btree.c,src/btree.c,btree.c,5719,5719,5736,sqlite3BtreeIsEmpty,function,1
sqlaser_sqlite354_r4,sqlite,4,sqlite_target_000482,memory,storage,btree.c,src/btree.c,btree.c,5777,5777,5788,sqlite3BtreeLast,function,0
sqlaser_sqlite354_r4,sqlite,4,sqlite_target_000483,memory,storage,btree.c,src/btree.c,btree.c,5813,5808,5818,,window,1
sqlaser_sqlite354_r4,sqlite,4,sqlite_target_000484,memory,storage,btree.c,src/btree.c,btree.c,5907,5879,5949,assert,function,1
sqlaser_sqlite354_r4,sqlite,4,sqlite_target_000485,memory,storage,btree.c,src/btree.c,btree.c,6044,6039,6049,,window,1
sqlaser_sqlite354_r4,sqlite,4,sqlite_target_000486,memory,storage,btree.c,src/btree.c,btree.c,6188,6160,6203,testcase,function,1
sqlaser_sqlite354_r4,sqlite,4,sqlite_target_000487,memory,storage,btree.c,src/btree.c,btree.c,6282,6282,6288,sqlite3BtreeNext,function,1
sqlaser_sqlite354_r4,sqlite,4,sqlite_target_000488,memory,storage,btree.c,src/btree.c,btree.c,6295,6295,6313,sqlite3BtreeRowCountEst,function,1
sqlaser_sqlite354_r4,sqlite,4,sqlite_target_000489,memory,storage,btree.c,src/btree.c,btree.c,6389,6389,6407,moveToLeftmost,function,1
sqlaser_sqlite354_r4,sqlite,4,sqlite_target_000490,memory,storage,btree.c,src/btree.c,btree.c,6481,6481,6495,sqlite3BtreePrevious,function,1
sqlaser_sqlite354_r4,sqlite,4,sqlite_target_000491,memory,storage,btree.c,src/btree.c,btree.c,858,858,863,sqlite3BtreeClearCursor,function,0
sqlaser_sqlite354_r4,sqlite,4,sqlite_target_000492,memory,storage,btree.c,src/btree.c,btree.c,9414,9409,9419,,window,1
sqlaser_sqlite354_r4,sqlite,4,sqlite_target_000493,memory,storage,btree.c,src/btree.c,btree.c,949,949,955,sqlite3BtreeCursorRestore,function,1
sqlaser_sqlite354_r4,sqlite,4,sqlite_target_000494,memory,storage,btree.c,src/btree.c,btree.c,9625,9620,9630,,window,1
sqlaser_sqlite354_r4,sqlite,4,sqlite_target_000495,memory,storage,btree.c,src/btree.c,btree.c,9649,9632,9651,BTREE_CLEAR_CELL,function,1
sqlaser_sqlite354_r4,sqlite,4,sqlite_target_000496,memory,storage,btree.c,src/btree.c,btree.c,9700,9685,9710,,function,1
sqlaser_sqlite354_r4,sqlite,4,sqlite_target_000497,memory,storage,btree.c,src/btree.c,btree.c,9704,9699,9709,,window,1
sqlaser_sqlite354_r4,sqlite,4,sqlite_target_000498,memory,storage,btree.c,src/btree.c,btree.c,9732,9732,9827,sqlite3BtreeInsert,function,1
sqlaser_sqlite354_r4,sqlite,4,sqlite_target_000499,memory,storage,btree.c,src/btree.c,btree.c,9753,9748,9758,,window,0
sqlaser_sqlite354_r4,sqlite,4,sqlite_target_000500,memory,storage,btree.c,src/btree.c,btree.c,9785,9781,9802,get4byte,function,0
sqlaser_sqlite354_r4,sqlite,4,sqlite_target_000501,memory,storage,btree.c,src/btree.c,btree.c,981,981,997,sqlite3BtreeCursorHasMoved,function,1
sqlaser_sqlite354_r4,sqlite,4,sqlite_target_000502,memory,storage,btree.c,src/btree.c,btree.c,9846,9846,10046,sqlite3BtreeDelete,function,1
sqlaser_sqlite354_r4,sqlite,4,sqlite_target_000503,memory,other,delete.c,src/delete.c,delete.c,288,283,293,,window,0
sqlaser_sqlite354_r4,sqlite,4,sqlite_target_000504,memory,other,expr.c,src/expr.c,expr.c,1004,999,1009,,window,1
sqlaser_sqlite354_r4,sqlite,4,sqlite_target_000505,memory,type_system,expr.c,src/expr.c,expr.c,107,107,165,sqlite3ExprDataType,function,1
sqlaser_sqlite354_r4,sqlite,4,sqlite_target_000506,memory,other,expr.c,src/expr.c,expr.c,1100,1100,1137,IN,function,1
sqlaser_sqlite354_r4,sqlite,4,sqlite_target_000507,memory,other,expr.c,src/expr.c,expr.c,1147,1147,1165,sqlite3ExprAnd,function,1
sqlaser_sqlite354_r4,sqlite,4,sqlite_target_000508,memory,other,expr.c,src/expr.c,expr.c,1171,1166,1176,,window,1
sqlaser_sqlite354_r4,sqlite,4,sqlite_target_000509,memory,other,expr.c,src/expr.c,expr.c,1205,1205,1209,sqlite3ExprOrderByAggregateError,function,0
sqlaser_sqlite354_r4,sqlite,4,sqlite_target_000510,memory,other,expr.c,src/expr.c,expr.c,1221,1216,1226,,window,0
sqlaser_sqlite354_r4,sqlite,4,sqlite_target_000511,memory,other,expr.c,src/expr.c,expr.c,1278,1273,1283,,window,1
sqlaser_sqlite354_r4,sqlite,4,sqlite_target_000512,memory,other,expr.c,src/expr.c,expr.c,1319,1319,1384,sqlite3ExprAssignVarNumber,function,1
sqlaser_sqlite354_r4,sqlite,4,sqlite_target_000513,memory,other,expr.c,src/expr.c,expr.c,1389,1389,1439,sqlite3ExprDeleteNN,function,1
sqlaser_sqlite354_r4,sqlite,4,sqlite_target_000514,memory,other,expr.c,src/expr.c,expr.c,1440,1440,1442,,function,1
sqlaser_sqlite354_r4,sqlite,4,sqlite_target_000515,memory,other,expr.c,src/expr.c,expr.c,1470,1470,1472,sqlite3ExprDeferredDelete,function,0
sqlaser_sqlite354_r4,sqlite,4,sqlite_target_000516,memory,other,expr.c,src/expr.c,expr.c,1477,1477,1484,sqlite3ExprUnmapAndDelete,function,1
sqlaser_sqlite354_r4,sqlite,4,sqlite_target_000517,memory,other,expr.c,src/expr.c,expr.c,175,170,180,,window,1
sqlaser_sqlite354_r4,sqlite,4,sqlite_target_000518,memory,other,expr.c,src/expr.c,expr.c,1829,1829,1832,sqlite3ExprDup,function,1
sqlaser_sqlite354_r4,sqlite,4,sqlite_target_000519,memory,other,expr.c,src/expr.c,expr.c,1833,1833,1874,sqlite3ExprDup,function,1
sqlaser_sqlite354_r4,sqlite,4,sqlite_target_000520,memory,other,expr.c,src/expr.c,expr.c,191,186,196,,window,1
sqlaser_sqlite354_r4,sqlite,4,sqlite_target_000521,memory,other,expr.c,src/expr.c,expr.c,2026,2021,2031,,window,1
sqlaser_sqlite354_r4,sqlite,4,sqlite_target_000522,memory,other,expr.c,src/expr.c,expr.c,2045,2040,2050,,window,1
sqlaser_sqlite354_r4,sqlite,4,sqlite_target_000523,memory,type_system,expr.c,src/expr.c,expr.c,205,205,211,sqlite3ExprSkipCollate,function,1
sqlaser_sqlite354_r4,sqlite,4,sqlite_target_000524,memory,other,expr.c,src/expr.c,expr.c,2066,2061,2071,,window,1
sqlaser_sqlite354_r4,sqlite,4,sqlite_target_000525,memory,other,expr.c,src/expr.c,expr.c,2095,2090,2100,,window,1
sqlaser_sqlite354_r4,sqlite,4,sqlite_target_000526,memory,other,expr.c,src/expr.c,expr.c,2157,2157,2185,sqlite3ExprListSetSortOrder,function,1
sqlaser_sqlite354_r4,sqlite,4,sqlite_target_000527,memory,type_system,expr.c,src/expr.c,expr.c,218,218,232,sqlite3ExprSkipCollateAndLikely,function,1
sqlaser_sqlite354_r4,sqlite,4,sqlite_target_000528,memory,other,expr.c,src/expr.c,expr.c,2195,2190,2200,,window,1
sqlaser_sqlite354_r4,sqlite,4,sqlite_target_000529,memory,other,expr.c,src/expr.c,expr.c,2230,2225,2235,,window,1
sqlaser_sqlite354_r4,sqlite,4,sqlite_target_000530,memory,other,expr.c,src/expr.c,expr.c,2252,2247,2257,,window,1
sqlaser_sqlite354_r4,sqlite,4,sqlite_target_000531,memory,other,expr.c,src/expr.c,expr.c,2280,2280,2282,,function,1
sqlaser_sqlite354_r4,sqlite,4,sqlite_target_000532,memory,other,expr.c,src/expr.c,expr.c,2291,2291,2301,sqlite3ExprListFlags,function,1
sqlaser_sqlite354_r4,sqlite,4,sqlite_target_000533,memory,other,expr.c,src/expr.c,expr.c,2336,2336,2347,sqlite3ExprIdToTrueFalse,function,1
sqlaser_sqlite354_r4,sqlite,4,sqlite_target_000534,memory,other,expr.c,src/expr.c,expr.c,2353,2353,2360,sqlite3ExprTruthValue,function,1
sqlaser_sqlite354_r4,sqlite,4,sqlite_target_000535,memory,other,expr.c,src/expr.c,expr.c,2375,2375,2387,,function,1
sqlaser_sqlite354_r4,sqlite,4,sqlite_target_000536,memory,other,expr.c,src/expr.c,expr.c,248,248,309,sqlite3ExprCollSeq,function,1
sqlaser_sqlite354_r4,sqlite,4,sqlite_target_000537,memory,other,expr.c,src/expr.c,expr.c,2647,2647,2649,sqlite3ExprIsConstant,function,0
sqlaser_sqlite354_r4,sqlite,4,sqlite_target_000538,memory,other,expr.c,src/expr.c,expr.c,2664,2664,2666,sqlite3ExprCodeRunJustOnce,function,0
sqlaser_sqlite354_r4,sqlite,4,sqlite_target_000539,memory,catalog_metadata,expr.c,src/expr.c,expr.c,2693,2693,2709,sqlite3ExprIsTableConstant,function,1
sqlaser_sqlite354_r4,sqlite,4,sqlite_target_000540,memory,other,expr.c,src/expr.c,expr.c,2755,2750,2760,,window,1
sqlaser_sqlite354_r4,sqlite,4,sqlite_target_000541,memory,other,expr.c,src/expr.c,expr.c,2836,2836,2845,sqlite3ExprIsConstantOrGroupBy,function,0
sqlaser_sqlite354_r4,sqlite,4,sqlite_target_000542,memory,other,expr.c,src/expr.c,expr.c,2868,2868,2871,string,function,1
sqlaser_sqlite354_r4,sqlite,4,sqlite_target_000543,memory,other,expr.c,src/expr.c,expr.c,2901,2901,2951,parameter,function,1
sqlaser_sqlite354_r4,sqlite,4,sqlite_target_000544,memory,other,expr.c,src/expr.c,expr.c,2967,2967,2996,negative,function,1
sqlaser_sqlite354_r4,sqlite,4,sqlite_target_000545,memory,other,expr.c,src/expr.c,expr.c,3008,3008,3039,sqlite3ExprNeedsNoAffinityChange,function,1
sqlaser_sqlite354_r4,sqlite,4,sqlite_target_000546,memory,other,expr.c,src/expr.c,expr.c,321,321,326,sqlite3ExprCollSeq,function,1
sqlaser_sqlite354_r4,sqlite,4,sqlite_target_000547,memory,other,expr.c,src/expr.c,expr.c,331,331,337,sqlite3ExprCollSeqMatch,function,1
sqlaser_sqlite354_r4,sqlite,4,sqlite_target_000548,memory,other,expr.c,src/expr.c,expr.c,3990,3990,4002,IN,function,1
sqlaser_sqlite354_r4,sqlite,4,sqlite_target_000549,memory,other,expr.c,src/expr.c,expr.c,4031,4026,4036,,window,1
sqlaser_sqlite354_r4,sqlite,4,sqlite_target_000550,memory,other,expr.c,src/expr.c,expr.c,4361,4356,4366,,window,1
sqlaser_sqlite354_r4,sqlite,4,sqlite_target_000551,memory,other,expr.c,src/expr.c,expr.c,4386,4381,4391,,window,1
sqlaser_sqlite354_r4,sqlite,4,sqlite_target_000552,memory,other,expr.c,src/expr.c,expr.c,4419,4414,4424,,window,1
sqlaser_sqlite354_r4,sqlite,4,sqlite_target_000553,memory,other,expr.c,src/expr.c,expr.c,4476,4471,4481,,window,1
sqlaser_sqlite354_r4,sqlite,4,sqlite_target_000554,memory,other,expr.c,src/expr.c,expr.c,45,45,95,t1,function,1
sqlaser_sqlite354_r4,sqlite,4,sqlite_target_000555,memory,other,expr.c,src/expr.c,expr.c,4500,4500,4502,sqlite3ExprCodeMove,function,0
sqlaser_sqlite354_r4,sqlite,4,sqlite_target_000556,memory,other,expr.c,src/expr.c,expr.c,4509,4509,4520,sqlite3ExprToRegister,function,1
sqlaser_sqlite354_r4,sqlite,4,sqlite_target_000557,memory,other,expr.c,src/expr.c,expr.c,454,454,460,sqlite3BinaryCompareCollSeq,function,1
sqlaser_sqlite354_r4,sqlite,4,sqlite_target_000558,memory,type_system,expr.c,src/expr.c,expr.c,4743,4743,4750,sqlite3ExprCanReturnSubtype,function,0
sqlaser_sqlite354_r4,sqlite,4,sqlite_target_000559,memory,other,expr.c,src/expr.c,expr.c,4943,4943,5771,sqlite3ExprCodeTarget,function,1
sqlaser_sqlite354_r4,sqlite,4,sqlite_target_000560,memory,other,expr.c,src/expr.c,expr.c,501,501,503,sqlite3ExprIsVector,function,0
sqlaser_sqlite354_r4,sqlite,4,sqlite_target_000561,memory,other,expr.c,src/expr.c,expr.c,511,511,523,sqlite3ExprVectorSize,function,1
sqlaser_sqlite354_r4,sqlite,4,sqlite_target_000562,memory,other,expr.c,src/expr.c,expr.c,576,571,581,,window,1
sqlaser_sqlite354_r4,sqlite,4,sqlite_target_000563,memory,other,expr.c,src/expr.c,expr.c,5790,5785,5795,,window,0
sqlaser_sqlite354_r4,sqlite,4,sqlite_target_000564,memory,other,expr.c,src/expr.c,expr.c,5841,5836,5846,,window,1
sqlaser_sqlite354_r4,sqlite,4,sqlite_target_000565,memory,other,expr.c,src/expr.c,expr.c,5869,5869,5890,sqlite3ExprCodeTemp,function,1
sqlaser_sqlite354_r4,sqlite,4,sqlite_target_000566,memory,other,expr.c,src/expr.c,expr.c,5897,5897,5918,sqlite3ExprCode,function,1
sqlaser_sqlite354_r4,sqlite,4,sqlite_target_000567,memory,other,expr.c,src/expr.c,expr.c,5925,5925,5930,sqlite3ExprCodeCopy,function,0
sqlaser_sqlite354_r4,sqlite,4,sqlite_target_000568,memory,other,expr.c,src/expr.c,expr.c,5938,5938,5944,sqlite3ExprCodeFactorable,function,0
sqlaser_sqlite354_r4,sqlite,4,sqlite_target_000569,memory,other,expr.c,src/expr.c,expr.c,5966,5961,5971,,window,0
sqlaser_sqlite354_r4,sqlite,4,sqlite_target_000570,memory,other,expr.c,src/expr.c,expr.c,6113,6113,6268,values,function,1
sqlaser_sqlite354_r4,sqlite,4,sqlite_target_000571,memory,other,expr.c,src/expr.c,expr.c,6279,6279,6468,NULL,function,1
sqlaser_sqlite354_r4,sqlite,4,sqlite_target_000572,memory,other,expr.c,src/expr.c,expr.c,6475,6475,6482,sqlite3ExprIfFalseDup,function,1
sqlaser_sqlite354_r4,sqlite,4,sqlite_target_000573,memory,other,expr.c,src/expr.c,expr.c,6557,6552,6562,,window,0
sqlaser_sqlite354_r4,sqlite,4,sqlite_target_000574,memory,other,expr.c,src/expr.c,expr.c,6659,6659,6672,sqlite3ExprListCompare,function,1
sqlaser_sqlite354_r4,sqlite,4,sqlite_target_000575,memory,other,expr.c,src/expr.c,expr.c,6678,6678,6683,sqlite3ExprCompareSkip,function,1
sqlaser_sqlite354_r4,sqlite,4,sqlite_target_000576,memory,other,expr.c,src/expr.c,expr.c,6767,6767,6774,sqlite3ExprIsNotTrue,function,1
sqlaser_sqlite354_r4,sqlite,4,sqlite_target_000577,memory,other,expr.c,src/expr.c,expr.c,6786,6786,6811,iif,function,1
sqlaser_sqlite354_r4,sqlite,4,sqlite_target_000578,memory,other,expr.c,src/expr.c,expr.c,6840,6835,6845,,window,0
sqlaser_sqlite354_r4,sqlite,4,sqlite_target_000579,memory,other,expr.c,src/expr.c,expr.c,7024,7024,7044,sqlite3ExprImpliesNonNullRow,function,1
sqlaser_sqlite354_r4,sqlite,4,sqlite_target_000580,memory,other,expr.c,src/expr.c,expr.c,7084,7079,7089,,window,0
sqlaser_sqlite354_r4,sqlite,4,sqlite_target_000581,memory,other,expr.c,src/expr.c,expr.c,7562,7562,7572,sqlite3ResolveExprNames,function,1
sqlaser_sqlite354_r4,sqlite,4,sqlite_target_000582,memory,other,expr.c,src/expr.c,expr.c,7580,7580,7588,sqlite3ExprAnalyzeAggregates,function,1
sqlaser_sqlite354_r4,sqlite,4,sqlite_target_000583,memory,other,expr.c,src/expr.c,expr.c,794,794,804,sqlite3ExprCheckHeight,function,1
sqlaser_sqlite354_r4,sqlite,4,sqlite_target_000584,memory,other,expr.c,src/expr.c,expr.c,874,874,878,sqlite3ExprSetHeightAndFlags,function,1
sqlaser_sqlite354_r4,sqlite,4,sqlite_target_000585,memory,other,expr.c,src/expr.c,expr.c,906,906,910,sqlite3ExprSetErrorOffset,function,1
sqlaser_sqlite354_r4,sqlite,4,sqlite_target_000586,memory,other,expr.c,src/expr.c,expr.c,933,928,938,,window,1
sqlaser_sqlite354_r4,sqlite,4,sqlite_target_000587,memory,other,expr.c,src/expr.c,expr.c,983,983,996,sqlite3ExprInt32,function,1
sqlaser_sqlite354_r4,sqlite,4,sqlite_target_000588,memory,other,insert.c,src/insert.c,insert.c,1718,1713,1723,,window,1
sqlaser_sqlite354_r4,sqlite,4,sqlite_target_000589,memory,other,insert.c,src/insert.c,insert.c,894,889,899,,window,0
sqlaser_sqlite354_r4,sqlite,4,sqlite_target_000590,memory,other,legacy.c,src/legacy.c,legacy.c,75,70,80,,window,1
sqlaser_sqlite354_r4,sqlite,4,sqlite_target_000591,memory,other,resolve.c,src/resolve.c,resolve.c,179,179,200,sqlite3ExprColUsed,function,1
sqlaser_sqlite354_r4,sqlite,4,sqlite_target_000592,memory,other,select.c,src/select.c,select.c,7578,7573,7583,,window,0
sqlaser_sqlite354_r4,sqlite,4,sqlite_target_000593,memory,type_system,update.c,src/update.c,update.c,285,280,290,,window,0
sqlaser_sqlite354_r4,sqlite,4,sqlite_target_000594,memory,other,utf.c,src/utf.c,utf.c,316,311,321,,window,1
sqlaser_sqlite354_r4,sqlite,4,sqlite_target_000595,memory,other,utf.c,src/utf.c,utf.c,457,437,465,allocation,function,0
sqlaser_sqlite354_r4,sqlite,4,sqlite_target_000596,memory,other,util.c,src/util.c,util.c,1820,1801,1828,sqlite3GetVarint32,function,1
sqlaser_sqlite354_r4,sqlite,4,sqlite_target_000597,memory,executor,vdbe.c,src/vdbe.c,vdbe.c,1456,1449,1479,,function,1
sqlaser_sqlite354_r4,sqlite,4,sqlite_target_000598,memory,executor,vdbe.c,src/vdbe.c,vdbe.c,1598,1593,1603,,window,1
sqlaser_sqlite354_r4,sqlite,4,sqlite_target_000599,memory,executor,vdbe.c,src/vdbe.c,vdbe.c,1620,1610,1625,,function,1
sqlaser_sqlite354_r4,sqlite,4,sqlite_target_000600,memory,executor,vdbe.c,src/vdbe.c,vdbe.c,1866,1826,1886,memcpy,function,1
sqlaser_sqlite354_r4,sqlite,4,sqlite_target_000601,memory,executor,vdbe.c,src/vdbe.c,vdbe.c,2101,2096,2106,,window,0
sqlaser_sqlite354_r4,sqlite,4,sqlite_target_000602,memory,executor,vdbe.c,src/vdbe.c,vdbe.c,2109,2104,2114,,window,0
sqlaser_sqlite354_r4,sqlite,4,sqlite_target_000603,memory,executor,vdbe.c,src/vdbe.c,vdbe.c,2419,2414,2424,,window,1
sqlaser_sqlite354_r4,sqlite,4,sqlite_target_000604,memory,executor,vdbe.c,src/vdbe.c,vdbe.c,2572,2563,2583,assert,function,1
sqlaser_sqlite354_r4,sqlite,4,sqlite_target_000605,memory,executor,vdbe.c,src/vdbe.c,vdbe.c,3077,3072,3082,,window,1
sqlaser_sqlite354_r4,sqlite,4,sqlite_target_000606,memory,executor,vdbe.c,src/vdbe.c,vdbe.c,3078,3073,3083,,window,1
sqlaser_sqlite354_r4,sqlite,4,sqlite_target_000607,memory,executor,vdbe.c,src/vdbe.c,vdbe.c,3086,3081,3091,,window,1
sqlaser_sqlite354_r4,sqlite,4,sqlite_target_000608,memory,executor,vdbe.c,src/vdbe.c,vdbe.c,3145,3140,3150,,window,1
sqlaser_sqlite354_r4,sqlite,4,sqlite_target_000609,memory,executor,vdbe.c,src/vdbe.c,vdbe.c,3146,3141,3151,,window,1
sqlaser_sqlite354_r4,sqlite,4,sqlite_target_000610,memory,executor,vdbe.c,src/vdbe.c,vdbe.c,3165,3160,3170,,window,1
sqlaser_sqlite354_r4,sqlite,4,sqlite_target_000611,memory,executor,vdbe.c,src/vdbe.c,vdbe.c,3232,3227,3237,,window,1
sqlaser_sqlite354_r4,sqlite,4,sqlite_target_000612,memory,executor,vdbe.c,src/vdbe.c,vdbe.c,3244,3239,3249,,window,1
sqlaser_sqlite354_r4,sqlite,4,sqlite_target_000613,memory,executor,vdbe.c,src/vdbe.c,vdbe.c,3248,3243,3253,,window,1
sqlaser_sqlite354_r4,sqlite,4,sqlite_target_000614,memory,executor,vdbe.c,src/vdbe.c,vdbe.c,3278,3264,3287,,function,1
sqlaser_sqlite354_r4,sqlite,4,sqlite_target_000615,memory,executor,vdbe.c,src/vdbe.c,vdbe.c,3771,3766,3776,,window,1
sqlaser_sqlite354_r4,sqlite,4,sqlite_target_000616,memory,executor,vdbe.c,src/vdbe.c,vdbe.c,3799,3794,3804,,window,1
sqlaser_sqlite354_r4,sqlite,4,sqlite_target_000617,memory,executor,vdbe.c,src/vdbe.c,vdbe.c,3807,3802,3812,,window,1
sqlaser_sqlite354_r4,sqlite,4,sqlite_target_000618,memory,executor,vdbe.c,src/vdbe.c,vdbe.c,3902,3897,3907,,window,1
sqlaser_sqlite354_r4,sqlite,4,sqlite_target_000619,memory,executor,vdbe.c,src/vdbe.c,vdbe.c,3905,3900,3910,,window,1
sqlaser_sqlite354_r4,sqlite,4,sqlite_target_000620,memory,executor,vdbe.c,src/vdbe.c,vdbe.c,436,436,449,sqlite3_value_numeric_type,function,1
sqlaser_sqlite354_r4,sqlite,4,sqlite_target_000621,memory,executor,vdbe.c,src/vdbe.c,vdbe.c,6166,6139,6177,,function,1
sqlaser_sqlite354_r4,sqlite,4,sqlite_target_000622,memory,executor,vdbe.c,src/vdbe.c,vdbe.c,6919,6911,6931,,function,1
sqlaser_sqlite354_r4,sqlite,4,sqlite_target_000623,memory,executor,vdbe.c,src/vdbe.c,vdbe.c,720,715,725,,window,0
sqlaser_sqlite354_r4,sqlite,4,sqlite_target_000624,memory,executor,vdbe.c,src/vdbe.c,vdbe.c,7350,7345,7355,,window,1
sqlaser_sqlite354_r4,sqlite,4,sqlite_target_000625,memory,executor,vdbe.c,src/vdbe.c,vdbe.c,7395,7381,7407,,function,1
sqlaser_sqlite354_r4,sqlite,4,sqlite_target_000626,memory,executor,vdbe.c,src/vdbe.c,vdbe.c,7584,7571,7621,,function,1
sqlaser_sqlite354_r4,sqlite,4,sqlite_target_000627,memory,executor,vdbe.c,src/vdbe.c,vdbe.c,7638,7633,7643,,window,1
sqlaser_sqlite354_r4,sqlite,4,sqlite_target_000628,memory,executor,vdbe.c,src/vdbe.c,vdbe.c,7913,7894,7936,,function,1
sqlaser_sqlite354_r4,sqlite,4,sqlite_target_000629,memory,executor,vdbe.c,src/vdbe.c,vdbe.c,806,801,811,,window,0
sqlaser_sqlite354_r4,sqlite,4,sqlite_target_000630,memory,executor,vdbe.c,src/vdbe.c,vdbe.c,835,830,840,,window,1
sqlaser_sqlite354_r4,sqlite,4,sqlite_target_000631,memory,executor,vdbe.c,src/vdbe.c,vdbe.c,8370,8366,8386,,function,1
sqlaser_sqlite354_r4,sqlite,4,sqlite_target_000632,memory,executor,vdbe.c,src/vdbe.c,vdbe.c,8495,8465,8498,,function,1
sqlaser_sqlite354_r4,sqlite,4,sqlite_target_000633,memory,executor,vdbe.c,src/vdbe.c,vdbe.c,8630,8625,8635,,window,1
sqlaser_sqlite354_r4,sqlite,4,sqlite_target_000634,memory,executor,vdbe.c,src/vdbe.c,vdbe.c,866,866,875,vdbeMemTypeName,function,1
sqlaser_sqlite354_r4,sqlite,4,sqlite_target_000635,memory,executor,vdbe.c,src/vdbe.c,vdbe.c,881,876,886,,window,1
sqlaser_sqlite354_r4,sqlite,4,sqlite_target_000636,memory,executor,vdbeapi.c,src/vdbeapi.c,vdbeapi.c,1654,1654,1691,assert,function,1
sqlaser_sqlite354_r4,sqlite,4,sqlite_target_000637,memory,executor,vdbeapi.c,src/vdbeapi.c,vdbeapi.c,1953,1953,1956,sqlite3VdbeParameterIndex,function,0
sqlaser_sqlite354_r4,sqlite,4,sqlite_target_000638,memory,executor,vdbeapi.c,src/vdbeapi.c,vdbeapi.c,40,40,47,vdbeSafety,function,1
sqlaser_sqlite354_r4,sqlite,4,sqlite_target_000639,memory,executor,vdbeapi.c,src/vdbeapi.c,vdbeapi.c,48,48,55,vdbeSafetyNotNull,function,1
sqlaser_sqlite354_r4,sqlite,4,sqlite_target_000640,memory,executor,vdbeapi.c,src/vdbeapi.c,vdbeapi.c,913,913,960,sqlite3_step,function,1
sqlaser_sqlite354_r4,sqlite,4,sqlite_target_000641,memory,executor,vdbeaux.c,src/vdbeaux.c,vdbeaux.c,1075,1075,1078,sqlite3VdbeCurrentAddr,function,0
sqlaser_sqlite354_r4,sqlite,4,sqlite_target_000642,memory,executor,vdbeaux.c,src/vdbeaux.c,vdbeaux.c,1132,1132,1143,sqlite3VdbeTakeOpArray,function,1
sqlaser_sqlite354_r4,sqlite,4,sqlite_target_000643,memory,executor,vdbeaux.c,src/vdbeaux.c,vdbeaux.c,1152,1147,1157,,window,1
sqlaser_sqlite354_r4,sqlite,4,sqlite_target_000644,memory,executor,vdbeaux.c,src/vdbeaux.c,vdbeaux.c,127,127,152,sqlite3VdbeSwap,function,1
sqlaser_sqlite354_r4,sqlite,4,sqlite_target_000645,memory,executor,vdbeaux.c,src/vdbeaux.c,vdbeaux.c,1291,1291,1294,sqlite3VdbeChangeOpcode,function,1
sqlaser_sqlite354_r4,sqlite,4,sqlite_target_000646,memory,executor,vdbeaux.c,src/vdbeaux.c,vdbeaux.c,1295,1295,1298,sqlite3VdbeChangeOpcode,function,1
sqlaser_sqlite354_r4,sqlite,4,sqlite_target_000647,memory,executor,vdbeaux.c,src/vdbeaux.c,vdbeaux.c,1299,1299,1302,sqlite3VdbeChangeP1,function,1
sqlaser_sqlite354_r4,sqlite,4,sqlite_target_000648,memory,executor,vdbeaux.c,src/vdbeaux.c,vdbeaux.c,1303,1303,1306,sqlite3VdbeChangeP2,function,0
sqlaser_sqlite354_r4,sqlite,4,sqlite_target_000649,memory,executor,vdbeaux.c,src/vdbeaux.c,vdbeaux.c,1307,1307,1310,sqlite3VdbeChangeP3,function,1
sqlaser_sqlite354_r4,sqlite,4,sqlite_target_000650,memory,executor,vdbeaux.c,src/vdbeaux.c,vdbeaux.c,1317,1317,1325,sqlite3VdbeTypeofColumn,function,1
sqlaser_sqlite354_r4,sqlite,4,sqlite_target_000651,memory,executor,vdbeaux.c,src/vdbeaux.c,vdbeaux.c,1331,1331,1333,sqlite3VdbeJumpHere,function,0
sqlaser_sqlite354_r4,sqlite,4,sqlite_target_000652,memory,executor,vdbeaux.c,src/vdbeaux.c,vdbeaux.c,1348,1348,1361,sqlite3VdbeJumpHereOrPopInst,function,1
sqlaser_sqlite354_r4,sqlite,4,sqlite_target_000653,memory,executor,vdbeaux.c,src/vdbeaux.c,vdbeaux.c,1378,1378,1381,freeP4Mem,function,1
sqlaser_sqlite354_r4,sqlite,4,sqlite_target_000654,memory,executor,vdbeaux.c,src/vdbeaux.c,vdbeaux.c,1445,1445,1460,vdbeFreeOpArray,function,1
sqlaser_sqlite354_r4,sqlite,4,sqlite_target_000655,memory,parser,vdbeaux.c,src/vdbeaux.c,vdbeaux.c,1467,1467,1470,sqlite3VdbeLinkSubProgram,function,0
sqlaser_sqlite354_r4,sqlite,4,sqlite_target_000656,memory,parser,vdbeaux.c,src/vdbeaux.c,vdbeaux.c,1475,1475,1477,sqlite3VdbeHasSubProgram,function,1
sqlaser_sqlite354_r4,sqlite,4,sqlite_target_000657,memory,executor,vdbeaux.c,src/vdbeaux.c,vdbeaux.c,1482,1482,1492,sqlite3VdbeChangeToNoop,function,1
sqlaser_sqlite354_r4,sqlite,4,sqlite_target_000658,memory,executor,vdbeaux.c,src/vdbeaux.c,vdbeaux.c,1498,1498,1504,sqlite3VdbeDeletePriorOpcode,function,0
sqlaser_sqlite354_r4,sqlite,4,sqlite_target_000659,memory,executor,vdbeaux.c,src/vdbeaux.c,vdbeaux.c,1557,1552,1562,,window,1
sqlaser_sqlite354_r4,sqlite,4,sqlite_target_000660,memory,executor,vdbeaux.c,src/vdbeaux.c,vdbeaux.c,1576,1576,1608,,function,1
sqlaser_sqlite354_r4,sqlite,4,sqlite_target_000661,memory,executor,vdbeaux.c,src/vdbeaux.c,vdbeaux.c,1619,1619,1633,sqlite3VdbeChangeP4,function,1
sqlaser_sqlite354_r4,sqlite,4,sqlite_target_000662,memory,executor,vdbeaux.c,src/vdbeaux.c,vdbeaux.c,1639,1639,1646,sqlite3VdbeSetP4KeyInfo,function,1
sqlaser_sqlite354_r4,sqlite,4,sqlite_target_000663,memory,executor,vdbeaux.c,src/vdbeaux.c,vdbeaux.c,1705,1705,1716,sqlite3VdbeGetOp,function,1
sqlaser_sqlite354_r4,sqlite,4,sqlite_target_000664,memory,executor,vdbeaux.c,src/vdbeaux.c,vdbeaux.c,1720,1720,1722,sqlite3VdbeGetLastOp,function,0
sqlaser_sqlite354_r4,sqlite,4,sqlite_target_000665,memory,executor,vdbeaux.c,src/vdbeaux.c,vdbeaux.c,1914,1914,2033,sqlite3VdbeDisplayP4,function,0
sqlaser_sqlite354_r4,sqlite,4,sqlite_target_000666,memory,executor,vdbeaux.c,src/vdbeaux.c,vdbeaux.c,2044,2044,2051,sqlite3VdbeUsesBtree,function,0
sqlaser_sqlite354_r4,sqlite,4,sqlite_target_000667,memory,executor,vdbeaux.c,src/vdbeaux.c,vdbeaux.c,2075,2075,2089,sqlite3VdbeEnter,function,1
sqlaser_sqlite354_r4,sqlite,4,sqlite_target_000668,memory,executor,vdbeaux.c,src/vdbeaux.c,vdbeaux.c,2096,2096,2109,,function,1
sqlaser_sqlite354_r4,sqlite,4,sqlite_target_000669,memory,executor,vdbeaux.c,src/vdbeaux.c,vdbeaux.c,2110,2110,2113,,function,0
sqlaser_sqlite354_r4,sqlite,4,sqlite_target_000670,memory,executor,vdbeaux.c,src/vdbeaux.c,vdbeaux.c,2164,2164,2178,initMemArray,function,1
sqlaser_sqlite354_r4,sqlite,4,sqlite_target_000671,memory,executor,vdbeaux.c,src/vdbeaux.c,vdbeaux.c,2188,2188,2233,releaseMemArray,function,1
sqlaser_sqlite354_r4,sqlite,4,sqlite_target_000672,memory,executor,vdbeaux.c,src/vdbeaux.c,vdbeaux.c,2256,2256,2261,sqlite3VdbeFrameMemDel,function,0
sqlaser_sqlite354_r4,sqlite,4,sqlite_target_000673,memory,executor,vdbeaux.c,src/vdbeaux.c,vdbeaux.c,2271,2266,2276,,window,0
sqlaser_sqlite354_r4,sqlite,4,sqlite_target_000674,memory,executor,vdbeaux.c,src/vdbeaux.c,vdbeaux.c,2383,2383,2394,sqlite3VdbeFrameDelete,function,0
sqlaser_sqlite354_r4,sqlite,4,sqlite_target_000675,memory,executor,vdbeaux.c,src/vdbeaux.c,vdbeaux.c,2415,2410,2420,,window,0
sqlaser_sqlite354_r4,sqlite,4,sqlite_target_000676,memory,executor,vdbeaux.c,src/vdbeaux.c,vdbeaux.c,25,25,47,vdbeFreeOpArray,function,1
sqlaser_sqlite354_r4,sqlite,4,sqlite_target_000677,memory,executor,vdbeaux.c,src/vdbeaux.c,vdbeaux.c,2602,2602,2636,sqlite3VdbeRewind,function,1
sqlaser_sqlite354_r4,sqlite,4,sqlite_target_000678,memory,executor,vdbeaux.c,src/vdbeaux.c,vdbeaux.c,263,263,265,sqlite3VdbeAddOp0,function,1
sqlaser_sqlite354_r4,sqlite,4,sqlite_target_000679,memory,executor,vdbeaux.c,src/vdbeaux.c,vdbeaux.c,2656,2651,2661,,window,1
sqlaser_sqlite354_r4,sqlite,4,sqlite_target_000680,memory,executor,vdbeaux.c,src/vdbeaux.c,vdbeaux.c,266,266,268,sqlite3VdbeAddOp0,function,1
sqlaser_sqlite354_r4,sqlite,4,sqlite_target_000681,memory,executor,vdbeaux.c,src/vdbeaux.c,vdbeaux.c,269,269,271,sqlite3VdbeAddOp3,function,1
sqlaser_sqlite354_r4,sqlite,4,sqlite_target_000682,memory,executor,vdbeaux.c,src/vdbeaux.c,vdbeaux.c,272,272,316,sqlite3VdbeAddOp3,function,1
sqlaser_sqlite354_r4,sqlite,4,sqlite_target_000683,memory,executor,vdbeaux.c,src/vdbeaux.c,vdbeaux.c,2759,2759,2761,sqlite3VdbeFreeCursor,function,1
sqlaser_sqlite354_r4,sqlite,4,sqlite_target_000684,memory,executor,vdbeaux.c,src/vdbeaux.c,vdbeaux.c,2762,2762,2773,sqlite3VdbeFreeCursor,function,1
sqlaser_sqlite354_r4,sqlite,4,sqlite_target_000685,memory,executor,vdbeaux.c,src/vdbeaux.c,vdbeaux.c,2774,2774,2800,sqlite3DbFree,function,1
sqlaser_sqlite354_r4,sqlite,4,sqlite_target_000686,memory,executor,vdbeaux.c,src/vdbeaux.c,vdbeaux.c,2805,2805,2814,closeCursorsInFrame,function,1
sqlaser_sqlite354_r4,sqlite,4,sqlite_target_000687,memory,executor,vdbeaux.c,src/vdbeaux.c,vdbeaux.c,2821,2821,2837,sqlite3VdbeFrameRestore,function,0
sqlaser_sqlite354_r4,sqlite,4,sqlite_target_000688,memory,executor,vdbeaux.c,src/vdbeaux.c,vdbeaux.c,2847,2847,2867,closeAllCursors,function,1
sqlaser_sqlite354_r4,sqlite,4,sqlite_target_000689,memory,executor,vdbeaux.c,src/vdbeaux.c,vdbeaux.c,2875,2875,2888,sqlite3_column_count,function,1
sqlaser_sqlite354_r4,sqlite,4,sqlite_target_000690,memory,executor,vdbeaux.c,src/vdbeaux.c,vdbeaux.c,2900,2895,2905,,window,1
sqlaser_sqlite354_r4,sqlite,4,sqlite_target_000691,memory,executor,vdbeaux.c,src/vdbeaux.c,vdbeaux.c,2928,2928,3184,vdbeCommit,function,1
sqlaser_sqlite354_r4,sqlite,4,sqlite_target_000692,memory,executor,vdbeaux.c,src/vdbeaux.c,vdbeaux.c,317,312,322,,window,1
sqlaser_sqlite354_r4,sqlite,4,sqlite_target_000693,memory,executor,vdbeaux.c,src/vdbeaux.c,vdbeaux.c,3228,3228,3273,vdbeCloseStatement,function,1
sqlaser_sqlite354_r4,sqlite,4,sqlite_target_000694,memory,executor,vdbeaux.c,src/vdbeaux.c,vdbeaux.c,3274,3274,3279,sqlite3VdbeCloseStatement,function,0
sqlaser_sqlite354_r4,sqlite,4,sqlite_target_000695,memory,executor,vdbeaux.c,src/vdbeaux.c,vdbeaux.c,3293,3293,3299,vdbeFkError,function,1
sqlaser_sqlite354_r4,sqlite,4,sqlite_target_000696,memory,executor,vdbeaux.c,src/vdbeaux.c,vdbeaux.c,3300,3300,3303,sqlite3VdbeError,function,0
sqlaser_sqlite354_r4,sqlite,4,sqlite_target_000697,memory,executor,vdbeaux.c,src/vdbeaux.c,vdbeaux.c,3304,3304,3308,sqlite3VdbeCheckFkImmediate,function,0
sqlaser_sqlite354_r4,sqlite,4,sqlite_target_000698,memory,executor,vdbeaux.c,src/vdbeaux.c,vdbeaux.c,3324,3324,3526,sqlite3VdbeHalt,function,1
sqlaser_sqlite354_r4,sqlite,4,sqlite_target_000699,memory,executor,vdbeaux.c,src/vdbeaux.c,vdbeaux.c,3533,3533,3535,sqlite3VdbeResetStepResult,function,0
sqlaser_sqlite354_r4,sqlite,4,sqlite_target_000700,memory,executor,vdbeaux.c,src/vdbeaux.c,vdbeaux.c,3545,3545,3561,sqlite3_errcode,function,1
sqlaser_sqlite354_r4,sqlite,4,sqlite_target_000701,memory,executor,vdbeaux.c,src/vdbeaux.c,vdbeaux.c,3595,3595,3680,sqlite3VdbeReset,function,1
sqlaser_sqlite354_r4,sqlite,4,sqlite_target_000702,memory,executor,vdbeaux.c,src/vdbeaux.c,vdbeaux.c,3686,3686,3697,sqlite3VdbeFinalize,function,1
sqlaser_sqlite354_r4,sqlite,4,sqlite_target_000703,memory,executor,vdbeaux.c,src/vdbeaux.c,vdbeaux.c,369,369,371,sqlite3VdbeGoto,function,1
sqlaser_sqlite354_r4,sqlite,4,sqlite_target_000704,memory,executor,vdbeaux.c,src/vdbeaux.c,vdbeaux.c,3743,3743,3782,sqlite3VdbeDelete,function,1
sqlaser_sqlite354_r4,sqlite,4,sqlite_target_000705,memory,executor,vdbeaux.c,src/vdbeaux.c,vdbeaux.c,376,376,378,sqlite3VdbeLoadString,function,1
sqlaser_sqlite354_r4,sqlite,4,sqlite_target_000706,memory,executor,vdbeaux.c,src/vdbeaux.c,vdbeaux.c,3787,3787,3803,sqlite3VdbeDelete,function,1
sqlaser_sqlite354_r4,sqlite,4,sqlite_target_000707,memory,executor,vdbeaux.c,src/vdbeaux.c,vdbeaux.c,3810,3810,3827,sqlite3VdbeFinishMoveto,function,1
sqlaser_sqlite354_r4,sqlite,4,sqlite_target_000708,memory,executor,vdbeaux.c,src/vdbeaux.c,vdbeaux.c,3836,3836,3845,sqlite3VdbeHandleMovedCursor,function,1
sqlaser_sqlite354_r4,sqlite,4,sqlite_target_000709,memory,executor,vdbeaux.c,src/vdbeaux.c,vdbeaux.c,3851,3851,3857,sqlite3VdbeCursorRestore,function,0
sqlaser_sqlite354_r4,sqlite,4,sqlite_target_000710,memory,executor,vdbeaux.c,src/vdbeaux.c,vdbeaux.c,391,391,409,sqlite3VdbeMultiLoad,function,1
sqlaser_sqlite354_r4,sqlite,4,sqlite_target_000711,memory,executor,vdbeaux.c,src/vdbeaux.c,vdbeaux.c,3997,3997,4005,sqlite3VdbeSerialTypeLen,function,1
sqlaser_sqlite354_r4,sqlite,4,sqlite_target_000712,memory,executor,vdbeaux.c,src/vdbeaux.c,vdbeaux.c,4006,4006,4009,assert,function,0
sqlaser_sqlite354_r4,sqlite,4,sqlite_target_000713,memory,executor,vdbeaux.c,src/vdbeaux.c,vdbeaux.c,4132,4127,4137,,window,1
sqlaser_sqlite354_r4,sqlite,4,sqlite_target_000714,memory,executor,vdbeaux.c,src/vdbeaux.c,vdbeaux.c,414,409,419,,window,0
sqlaser_sqlite354_r4,sqlite,4,sqlite_target_000715,memory,executor,vdbeaux.c,src/vdbeaux.c,vdbeaux.c,4231,4226,4236,,window,1
sqlaser_sqlite354_r4,sqlite,4,sqlite_target_000716,memory,executor,vdbeaux.c,src/vdbeaux.c,vdbeaux.c,4251,4246,4256,,window,1
sqlaser_sqlite354_r4,sqlite,4,sqlite_target_000717,memory,executor,vdbeaux.c,src/vdbeaux.c,vdbeaux.c,438,433,443,,window,0
sqlaser_sqlite354_r4,sqlite,4,sqlite_target_000718,memory,executor,vdbeaux.c,src/vdbeaux.c,vdbeaux.c,4459,4454,4464,,window,1
sqlaser_sqlite354_r4,sqlite,4,sqlite_target_000719,memory,executor,vdbeaux.c,src/vdbeaux.c,vdbeaux.c,4485,4480,4490,,window,1
sqlaser_sqlite354_r4,sqlite,4,sqlite_target_000720,memory,executor,vdbeaux.c,src/vdbeaux.c,vdbeaux.c,4588,4588,4677,memcmp,function,1
sqlaser_sqlite354_r4,sqlite,4,sqlite_target_000721,memory,executor,vdbeaux.c,src/vdbeaux.c,vdbeaux.c,4687,4687,4719,vdbeRecordDecodeInt,function,1
sqlaser_sqlite354_r4,sqlite,4,sqlite_target_000722,memory,executor,vdbeaux.c,src/vdbeaux.c,vdbeaux.c,474,469,479,,window,0
sqlaser_sqlite354_r4,sqlite,4,sqlite_target_000723,memory,executor,vdbeaux.c,src/vdbeaux.c,vdbeaux.c,4742,4737,4747,,window,1
sqlaser_sqlite354_r4,sqlite,4,sqlite_target_000724,memory,executor,vdbeaux.c,src/vdbeaux.c,vdbeaux.c,4765,4760,4770,,window,1
sqlaser_sqlite354_r4,sqlite,4,sqlite_target_000725,memory,executor,vdbeaux.c,src/vdbeaux.c,vdbeaux.c,4775,4770,4780,,window,1
sqlaser_sqlite354_r4,sqlite,4,sqlite_target_000726,memory,executor,vdbeaux.c,src/vdbeaux.c,vdbeaux.c,4808,4803,4813,,window,1
sqlaser_sqlite354_r4,sqlite,4,sqlite_target_000727,memory,executor,vdbeaux.c,src/vdbeaux.c,vdbeaux.c,4841,4836,4846,,window,1
sqlaser_sqlite354_r4,sqlite,4,sqlite_target_000728,memory,executor,vdbeaux.c,src/vdbeaux.c,vdbeaux.c,4849,4844,4854,,window,1
sqlaser_sqlite354_r4,sqlite,4,sqlite_target_000729,memory,executor,vdbeaux.c,src/vdbeaux.c,vdbeaux.c,4883,4878,4888,,window,1
sqlaser_sqlite354_r4,sqlite,4,sqlite_target_000730,memory,executor,vdbeaux.c,src/vdbeaux.c,vdbeaux.c,493,493,498,sqlite3VdbeExplainParent,function,1
sqlaser_sqlite354_r4,sqlite,4,sqlite_target_000731,memory,executor,vdbeaux.c,src/vdbeaux.c,vdbeaux.c,4963,4958,4968,,window,0
sqlaser_sqlite354_r4,sqlite,4,sqlite_target_000732,memory,executor,vdbeaux.c,src/vdbeaux.c,vdbeaux.c,4967,4966,4968,sqlite3VdbeRecordCompare,function,0
sqlaser_sqlite354_r4,sqlite,4,sqlite_target_000733,memory,executor,vdbeaux.c,src/vdbeaux.c,vdbeaux.c,4980,4975,4985,,window,1
sqlaser_sqlite354_r4,sqlite,4,sqlite_target_000734,memory,executor,vdbeaux.c,src/vdbeaux.c,vdbeaux.c,5075,5070,5080,,window,1
sqlaser_sqlite354_r4,sqlite,4,sqlite_target_000735,memory,executor,vdbeaux.c,src/vdbeaux.c,vdbeaux.c,5145,5145,5190,sqlite3VdbeFindCompare,function,1
sqlaser_sqlite354_r4,sqlite,4,sqlite_target_000736,memory,executor,vdbeaux.c,src/vdbeaux.c,vdbeaux.c,517,517,543,sqlite3VdbeExplainPop,function,1
sqlaser_sqlite354_r4,sqlite,4,sqlite_target_000737,memory,parser,vdbeaux.c,src/vdbeaux.c,vdbeaux.c,52,52,54,sqlite3VdbeParser,function,1
sqlaser_sqlite354_r4,sqlite,4,sqlite_target_000738,memory,executor,vdbeaux.c,src/vdbeaux.c,vdbeaux.c,5200,5200,5266,sqlite3VdbeIdxRowid,function,1
sqlaser_sqlite354_r4,sqlite,4,sqlite_target_000739,memory,executor,vdbeaux.c,src/vdbeaux.c,vdbeaux.c,5236,5231,5241,,window,1
sqlaser_sqlite354_r4,sqlite,4,sqlite_target_000740,memory,executor,vdbeaux.c,src/vdbeaux.c,vdbeaux.c,5255,5250,5260,,window,1
sqlaser_sqlite354_r4,sqlite,4,sqlite_target_000741,memory,executor,vdbeaux.c,src/vdbeaux.c,vdbeaux.c,5279,5274,5284,,window,0
sqlaser_sqlite354_r4,sqlite,4,sqlite_target_000742,memory,executor,vdbeaux.c,src/vdbeaux.c,vdbeaux.c,5324,5324,5326,sqlite3VdbeCountChanges,function,0
sqlaser_sqlite354_r4,sqlite,4,sqlite_target_000743,memory,executor,vdbeaux.c,src/vdbeaux.c,vdbeaux.c,5356,5356,5358,sqlite3VdbeDb,function,0
sqlaser_sqlite354_r4,sqlite,4,sqlite_target_000744,memory,executor,vdbeaux.c,src/vdbeaux.c,vdbeaux.c,5363,5363,5365,sqlite3VdbePrepareFlags,function,0
sqlaser_sqlite354_r4,sqlite,4,sqlite_target_000745,memory,executor,vdbeaux.c,src/vdbeaux.c,vdbeaux.c,5375,5375,5391,aff,function,1
sqlaser_sqlite354_r4,sqlite,4,sqlite_target_000746,memory,executor,vdbeaux.c,src/vdbeaux.c,vdbeaux.c,5398,5398,5407,sqlite3VdbeSetVarmask,function,0
sqlaser_sqlite354_r4,sqlite,4,sqlite_target_000747,memory,executor,vdbeaux.c,src/vdbeaux.c,vdbeaux.c,5420,5415,5425,,window,0
sqlaser_sqlite354_r4,sqlite,4,sqlite_target_000748,memory,executor,vdbeaux.c,src/vdbeaux.c,vdbeaux.c,5453,5448,5458,,window,0
sqlaser_sqlite354_r4,sqlite,4,sqlite_target_000749,memory,executor,vdbeaux.c,src/vdbeaux.c,vdbeaux.c,548,548,551,sqlite3VdbeExplainPop,function,1
sqlaser_sqlite354_r4,sqlite,4,sqlite_target_000750,memory,executor,vdbeaux.c,src/vdbeaux.c,vdbeaux.c,5551,5546,5556,,window,0
sqlaser_sqlite354_r4,sqlite,4,sqlite_target_000751,memory,executor,vdbeaux.c,src/vdbeaux.c,vdbeaux.c,571,571,578,sqlite3DbMalloc,function,1
sqlaser_sqlite354_r4,sqlite,4,sqlite_target_000752,memory,executor,vdbeaux.c,src/vdbeaux.c,vdbeaux.c,582,582,593,sqlite3MayAbort,function,0
sqlaser_sqlite354_r4,sqlite,4,sqlite_target_000753,memory,executor,vdbeaux.c,src/vdbeaux.c,vdbeaux.c,59,59,65,sqlite3VdbeError,function,1
sqlaser_sqlite354_r4,sqlite,4,sqlite_target_000754,memory,executor,vdbeaux.c,src/vdbeaux.c,vdbeaux.c,620,620,622,sqlite3VdbeMakeLabel,function,0
sqlaser_sqlite354_r4,sqlite,4,sqlite_target_000755,memory,executor,vdbeaux.c,src/vdbeaux.c,vdbeaux.c,647,647,664,sqlite3VdbeResolveLabel,function,1
sqlaser_sqlite354_r4,sqlite,4,sqlite_target_000756,memory,executor,vdbeaux.c,src/vdbeaux.c,vdbeaux.c,669,669,671,sqlite3VdbeRunOnlyOnce,function,1
sqlaser_sqlite354_r4,sqlite,4,sqlite_target_000757,memory,executor,vdbeaux.c,src/vdbeaux.c,vdbeaux.c,676,676,684,sqlite3VdbeReusable,function,0
sqlaser_sqlite354_r4,sqlite,4,sqlite_target_000758,memory,executor,vdbeaux.c,src/vdbeaux.c,vdbeaux.c,70,70,78,sqlite3VdbeSetSql,function,1
sqlaser_sqlite354_r4,sqlite,4,sqlite_target_000759,memory,executor,vdbemem.c,src/vdbemem.c,vdbemem.c,1009,1009,1017,sqlite3VdbeMemSetZeroBlob,function,1
sqlaser_sqlite354_r4,sqlite,4,sqlite_target_000760,memory,executor,vdbemem.c,src/vdbemem.c,vdbemem.c,1039,1039,1043,vdbeReleaseAndSetInt64,function,1
sqlaser_sqlite354_r4,sqlite,4,sqlite_target_000761,memory,executor,vdbemem.c,src/vdbemem.c,vdbemem.c,1049,1049,1056,sqlite3VdbeMemSetInt64,function,1
sqlaser_sqlite354_r4,sqlite,4,sqlite_target_000762,memory,executor,vdbemem.c,src/vdbemem.c,vdbemem.c,106,106,135,vdbeMemRenderNum,function,1
sqlaser_sqlite354_r4,sqlite,4,sqlite_target_000763,memory,executor,vdbemem.c,src/vdbemem.c,vdbemem.c,1072,1067,1077,,window,1
sqlaser_sqlite354_r4,sqlite,4,sqlite_target_000764,memory,executor,vdbemem.c,src/vdbemem.c,vdbemem.c,1092,1092,1098,sqlite3VdbeMemSetDouble,function,1
sqlaser_sqlite354_r4,sqlite,4,sqlite_target_000765,memory,executor,vdbemem.c,src/vdbemem.c,vdbemem.c,1119,1119,1131,sqlite3VdbeMemSetRowSet,function,1
sqlaser_sqlite354_r4,sqlite,4,sqlite_target_000766,memory,executor,vdbemem.c,src/vdbemem.c,vdbemem.c,1137,1137,1147,sqlite3VdbeMemTooBig,function,1
sqlaser_sqlite354_r4,sqlite,4,sqlite_target_000767,memory,executor,vdbemem.c,src/vdbemem.c,vdbemem.c,1196,1196,1200,srcType,function,1
sqlaser_sqlite354_r4,sqlite,4,sqlite_target_000768,memory,executor,vdbemem.c,src/vdbemem.c,vdbemem.c,1201,1201,1211,vdbeClrCopy,function,1
sqlaser_sqlite354_r4,sqlite,4,sqlite_target_000769,memory,executor,vdbemem.c,src/vdbemem.c,vdbemem.c,1217,1217,1232,sqlite3VdbeMemCopy,function,1
sqlaser_sqlite354_r4,sqlite,4,sqlite_target_000770,memory,executor,vdbemem.c,src/vdbemem.c,vdbemem.c,1240,1240,1249,sqlite3VdbeMemMove,function,1
sqlaser_sqlite354_r4,sqlite,4,sqlite_target_000771,memory,executor,vdbemem.c,src/vdbemem.c,vdbemem.c,1273,1268,1278,,window,0
sqlaser_sqlite354_r4,sqlite,4,sqlite_target_000772,memory,executor,vdbemem.c,src/vdbemem.c,vdbemem.c,1342,1337,1347,,window,1
sqlaser_sqlite354_r4,sqlite,4,sqlite_target_000773,memory,executor,vdbemem.c,src/vdbemem.c,vdbemem.c,1374,1369,1379,,window,1
sqlaser_sqlite354_r4,sqlite,4,sqlite_target_000774,memory,executor,vdbemem.c,src/vdbemem.c,vdbemem.c,1424,1419,1429,,window,1
sqlaser_sqlite354_r4,sqlite,4,sqlite_target_000775,memory,executor,vdbemem.c,src/vdbemem.c,vdbemem.c,1462,1457,1467,,window,1
sqlaser_sqlite354_r4,sqlite,4,sqlite_target_000776,memory,executor,vdbemem.c,src/vdbemem.c,vdbemem.c,1479,1467,1489,sqlite3VdbeMemFromBtree,function,1
sqlaser_sqlite354_r4,sqlite,4,sqlite_target_000777,memory,executor,vdbemem.c,src/vdbemem.c,vdbemem.c,1490,1485,1495,,window,1
sqlaser_sqlite354_r4,sqlite,4,sqlite_target_000778,memory,executor,vdbemem.c,src/vdbemem.c,vdbemem.c,1504,1494,1515,sqlite3VdbeMemFromBtreeZeroOffset,function,1
sqlaser_sqlite354_r4,sqlite,4,sqlite_target_000779,memory,executor,vdbemem.c,src/vdbemem.c,vdbemem.c,1511,1506,1516,,window,1
sqlaser_sqlite354_r4,sqlite,4,sqlite_target_000780,memory,executor,vdbemem.c,src/vdbemem.c,vdbemem.c,212,212,241,successful,function,1
sqlaser_sqlite354_r4,sqlite,4,sqlite_target_000781,memory,executor,vdbemem.c,src/vdbemem.c,vdbemem.c,251,251,299,sqlite3VdbeMemGrow,function,1
sqlaser_sqlite354_r4,sqlite,4,sqlite_target_000782,memory,executor,vdbemem.c,src/vdbemem.c,vdbemem.c,269,264,274,,window,1
sqlaser_sqlite354_r4,sqlite,4,sqlite_target_000783,memory,executor,vdbemem.c,src/vdbemem.c,vdbemem.c,276,271,281,,window,1
sqlaser_sqlite354_r4,sqlite,4,sqlite_target_000784,memory,executor,vdbemem.c,src/vdbemem.c,vdbemem.c,289,284,294,,window,1
sqlaser_sqlite354_r4,sqlite,4,sqlite_target_000785,memory,executor,vdbemem.c,src/vdbemem.c,vdbemem.c,314,314,324,code,function,1
sqlaser_sqlite354_r4,sqlite,4,sqlite_target_000786,memory,executor,vdbemem.c,src/vdbemem.c,vdbemem.c,336,336,362,sqlite3VdbeMemZeroTerminateIfAble,function,1
sqlaser_sqlite354_r4,sqlite,4,sqlite_target_000787,memory,executor,vdbemem.c,src/vdbemem.c,vdbemem.c,373,373,382,vdbeMemAddTerminator,function,1
sqlaser_sqlite354_r4,sqlite,4,sqlite_target_000788,memory,executor,vdbemem.c,src/vdbemem.c,vdbemem.c,390,390,407,sqlite3VdbeMemMakeWriteable,function,1
sqlaser_sqlite354_r4,sqlite,4,sqlite_target_000789,memory,executor,vdbemem.c,src/vdbemem.c,vdbemem.c,414,414,439,sqlite3VdbeMemExpandBlob,function,1
sqlaser_sqlite354_r4,sqlite,4,sqlite_target_000790,memory,executor,vdbemem.c,src/vdbemem.c,vdbemem.c,445,445,455,sqlite3VdbeMemNulTerminate,function,1
sqlaser_sqlite354_r4,sqlite,4,sqlite_target_000791,memory,executor,vdbemem.c,src/vdbemem.c,vdbemem.c,471,471,496,user,function,1
sqlaser_sqlite354_r4,sqlite,4,sqlite_target_000792,memory,executor,vdbemem.c,src/vdbemem.c,vdbemem.c,506,506,528,sqlite3VdbeMemFinalize,function,1
sqlaser_sqlite354_r4,sqlite,4,sqlite_target_000793,memory,executor,vdbemem.c,src/vdbemem.c,vdbemem.c,539,539,554,xValue,function,1
sqlaser_sqlite354_r4,sqlite,4,sqlite_target_000794,memory,executor,vdbemem.c,src/vdbemem.c,vdbemem.c,566,566,579,sqlite3VdbeMemSetNull,function,1
sqlaser_sqlite354_r4,sqlite,4,sqlite_target_000795,memory,executor,vdbemem.c,src/vdbemem.c,vdbemem.c,589,589,598,sqlite3VdbeMemRelease,function,1
sqlaser_sqlite354_r4,sqlite,4,sqlite_target_000796,memory,executor,vdbemem.c,src/vdbemem.c,vdbemem.c,610,610,615,sqlite3VdbeMemSetNull,function,1
sqlaser_sqlite354_r4,sqlite,4,sqlite_target_000797,memory,executor,vdbemem.c,src/vdbemem.c,vdbemem.c,620,620,623,sqlite3VdbeMemReleaseMalloc,function,1
sqlaser_sqlite354_r4,sqlite,4,sqlite_target_000798,memory,executor,vdbemem.c,src/vdbemem.c,vdbemem.c,641,641,657,memIntValue,function,1
sqlaser_sqlite354_r4,sqlite,4,sqlite_target_000799,memory,executor,vdbemem.c,src/vdbemem.c,vdbemem.c,735,735,751,,function,1
sqlaser_sqlite354_r4,sqlite,4,sqlite_target_000800,memory,executor,vdbemem.c,src/vdbemem.c,vdbemem.c,770,770,785,sqlite3VdbeRealValue,function,1
sqlaser_sqlite354_r4,sqlite,4,sqlite_target_000801,memory,executor,vdbemem.c,src/vdbemem.c,vdbemem.c,791,791,796,sqlite3VdbeBooleanValue,function,1
sqlaser_sqlite354_r4,sqlite,4,sqlite_target_000802,memory,executor,vdbemem.c,src/vdbemem.c,vdbemem.c,802,802,829,sqlite3VdbeIntegerAffinity,function,1
sqlaser_sqlite354_r4,sqlite,4,sqlite_target_000803,memory,executor,vdbemem.c,src/vdbemem.c,vdbemem.c,834,834,843,sqlite3VdbeMemIntegerify,function,1
sqlaser_sqlite354_r4,sqlite,4,sqlite_target_000804,memory,executor,vdbemem.c,src/vdbemem.c,vdbemem.c,849,849,857,sqlite3VdbeMemRealify,function,1
sqlaser_sqlite354_r4,sqlite,4,sqlite_target_000805,memory,executor,vdbemem.c,src/vdbemem.c,vdbemem.c,893,893,917,sqlite3VdbeMemNumerify,function,1
sqlaser_sqlite354_r4,sqlite,4,sqlite_target_000806,memory,executor,vdbemem.c,src/vdbemem.c,vdbemem.c,926,926,966,used,function,1
sqlaser_sqlite354_r4,sqlite,4,sqlite_target_000807,memory,executor,vdbemem.c,src/vdbemem.c,vdbemem.c,973,973,978,sqlite3VdbeMemInit,function,1
sqlaser_sqlite354_r4,sqlite,4,sqlite_target_000808,memory,executor,vdbemem.c,src/vdbemem.c,vdbemem.c,993,993,999,sqlite3VdbeMemRelease,function,1
sqlaser_sqlite354_r4,sqlite,4,sqlite_target_000809,memory,executor,vdbesort.c,src/vdbesort.c,vdbesort.c,1050,1050,1057,vdbeSorterRecordFree,function,1
sqlaser_sqlite354_r4,sqlite,4,sqlite_target_000810,memory,executor,vdbesort.c,src/vdbesort.c,vdbesort.c,1063,1063,1083,vdbeSortSubtaskCleanup,function,1
sqlaser_sqlite354_r4,sqlite,4,sqlite_target_000811,memory,executor,vdbesort.c,src/vdbesort.c,vdbesort.c,1150,1145,1155,,window,0
sqlaser_sqlite354_r4,sqlite,4,sqlite_target_000812,memory,optimizer,vdbesort.c,src/vdbesort.c,vdbesort.c,1163,1163,1180,vdbeSorterJoinAll,function,1
sqlaser_sqlite354_r4,sqlite,4,sqlite_target_000813,memory,executor,vdbesort.c,src/vdbesort.c,vdbesort.c,1230,1230,1242,vdbeIncrFree,function,0
sqlaser_sqlite354_r4,sqlite,4,sqlite_target_000814,memory,executor,vdbesort.c,src/vdbesort.c,vdbesort.c,1247,1247,1275,sqlite3VdbeSorterReset,function,1
sqlaser_sqlite354_r4,sqlite,4,sqlite_target_000815,memory,executor,vdbesort.c,src/vdbesort.c,vdbesort.c,1280,1280,1296,sqlite3VdbeSorterClose,function,1
sqlaser_sqlite354_r4,sqlite,4,sqlite_target_000816,memory,executor,vdbesort.c,src/vdbesort.c,vdbesort.c,1354,1354,1362,vdbeSortAllocUnpacked,function,1
sqlaser_sqlite354_r4,sqlite,4,sqlite_target_000817,memory,executor,vdbesort.c,src/vdbesort.c,vdbesort.c,1368,1363,1373,,window,1
sqlaser_sqlite354_r4,sqlite,4,sqlite_target_000818,memory,executor,vdbesort.c,src/vdbesort.c,vdbesort.c,1410,1410,1417,vdbeSorterGetCompare,function,1
sqlaser_sqlite354_r4,sqlite,4,sqlite_target_000819,memory,executor,vdbesort.c,src/vdbesort.c,vdbesort.c,1424,1424,1474,vdbeSorterSort,function,1
sqlaser_sqlite354_r4,sqlite,4,sqlite_target_000820,memory,executor,vdbesort.c,src/vdbesort.c,vdbesort.c,1578,1578,1633,data,function,0
sqlaser_sqlite354_r4,sqlite,4,sqlite_target_000821,memory,executor,vdbesort.c,src/vdbesort.c,vdbesort.c,1642,1637,1647,,window,0
sqlaser_sqlite354_r4,sqlite,4,sqlite_target_000822,memory,executor,vdbesort.c,src/vdbesort.c,vdbesort.c,1713,1713,1720,vdbeSorterFlushThread,function,0
sqlaser_sqlite354_r4,sqlite,4,sqlite_target_000823,memory,executor,vdbesort.c,src/vdbesort.c,vdbesort.c,1727,1727,1792,vdbeSorterFlushPMA,function,0
sqlaser_sqlite354_r4,sqlite,4,sqlite_target_000824,memory,executor,vdbesort.c,src/vdbesort.c,vdbesort.c,1797,1792,1802,,window,1
sqlaser_sqlite354_r4,sqlite,4,sqlite_target_000825,memory,executor,vdbesort.c,src/vdbesort.c,vdbesort.c,1909,1909,1944,vdbeIncrPopulate,function,0
sqlaser_sqlite354_r4,sqlite,4,sqlite_target_000826,memory,executor,vdbesort.c,src/vdbesort.c,vdbesort.c,1951,1951,1956,vdbeIncrPopulateThread,function,0
sqlaser_sqlite354_r4,sqlite,4,sqlite_target_000827,memory,executor,vdbesort.c,src/vdbesort.c,vdbesort.c,1961,1961,1965,vdbeIncrBgPopulate,function,0
sqlaser_sqlite354_r4,sqlite,4,sqlite_target_000828,memory,executor,vdbesort.c,src/vdbesort.c,vdbesort.c,1985,1985,2016,vdbeIncrSwap,function,0
sqlaser_sqlite354_r4,sqlite,4,sqlite_target_000829,memory,executor,vdbesort.c,src/vdbesort.c,vdbesort.c,2024,2019,2029,,window,0
sqlaser_sqlite354_r4,sqlite,4,sqlite_target_000830,memory,executor,vdbesort.c,src/vdbesort.c,vdbesort.c,2049,2049,2052,vdbeIncrMergerSetThreads,function,0
sqlaser_sqlite354_r4,sqlite,4,sqlite_target_000831,memory,executor,vdbesort.c,src/vdbesort.c,vdbesort.c,2144,2139,2149,,window,0
sqlaser_sqlite354_r4,sqlite,4,sqlite_target_000832,memory,executor,vdbesort.c,src/vdbesort.c,vdbesort.c,2220,2220,2280,vdbePmaReaderNext,function,0
sqlaser_sqlite354_r4,sqlite,4,sqlite_target_000833,memory,executor,vdbesort.c,src/vdbesort.c,vdbesort.c,2287,2287,2294,vdbePmaReaderBgIncrInit,function,0
sqlaser_sqlite354_r4,sqlite,4,sqlite_target_000834,memory,executor,vdbesort.c,src/vdbesort.c,vdbesort.c,2308,2308,2324,,function,0
sqlaser_sqlite354_r4,sqlite,4,sqlite_target_000835,memory,executor,vdbesort.c,src/vdbesort.c,vdbesort.c,2338,2333,2343,,window,0
sqlaser_sqlite354_r4,sqlite,4,sqlite_target_000836,memory,executor,vdbesort.c,src/vdbesort.c,vdbesort.c,2395,2390,2400,,window,0
sqlaser_sqlite354_r4,sqlite,4,sqlite_target_000837,memory,executor,vdbesort.c,src/vdbesort.c,vdbesort.c,2451,2446,2456,,window,0
sqlaser_sqlite354_r4,sqlite,4,sqlite_target_000838,memory,executor,vdbesort.c,src/vdbesort.c,vdbesort.c,2530,2530,2604,,function,0
sqlaser_sqlite354_r4,sqlite,4,sqlite_target_000839,memory,executor,vdbesort.c,src/vdbesort.c,vdbesort.c,2612,2612,2655,sqlite3VdbeSorterRewind,function,1
sqlaser_sqlite354_r4,sqlite,4,sqlite_target_000840,memory,executor,vdbesort.c,src/vdbesort.c,vdbesort.c,2664,2664,2696,sqlite3VdbeSorterNext,function,1
sqlaser_sqlite354_r4,sqlite,4,sqlite_target_000841,memory,executor,vdbesort.c,src/vdbesort.c,vdbesort.c,2702,2697,2707,,window,1
sqlaser_sqlite354_r4,sqlite,4,sqlite_target_000842,memory,executor,vdbesort.c,src/vdbesort.c,vdbesort.c,2729,2729,2744,sqlite3VdbeSorterRowkey,function,1
sqlaser_sqlite354_r4,sqlite,4,sqlite_target_000843,memory,executor,vdbesort.c,src/vdbesort.c,vdbesort.c,2762,2757,2767,,window,1
sqlaser_sqlite354_r4,sqlite,4,sqlite_target_000844,memory,executor,vdbesort.c,src/vdbesort.c,vdbesort.c,474,474,480,vdbePmaReaderClear,function,0
sqlaser_sqlite354_r4,sqlite,4,sqlite_target_000845,memory,executor,vdbesort.c,src/vdbesort.c,vdbesort.c,491,486,496,,window,0
sqlaser_sqlite354_r4,sqlite,4,sqlite_target_000846,memory,executor,vdbesort.c,src/vdbesort.c,vdbesort.c,586,586,608,vdbePmaReadVarint,function,0
sqlaser_sqlite354_r4,sqlite,4,sqlite_target_000847,memory,executor,vdbesort.c,src/vdbesort.c,vdbesort.c,619,619,629,vdbeSorterMapFile,function,0
sqlaser_sqlite354_r4,sqlite,4,sqlite_target_000848,memory,executor,vdbesort.c,src/vdbesort.c,vdbesort.c,636,631,641,,window,0
sqlaser_sqlite354_r4,sqlite,4,sqlite_target_000849,memory,executor,vdbesort.c,src/vdbesort.c,vdbesort.c,683,683,719,vdbePmaReaderNext,function,0
sqlaser_sqlite354_r4,sqlite,4,sqlite_target_000850,memory,executor,vdbesort.c,src/vdbesort.c,vdbesort.c,763,758,768,,window,1
sqlaser_sqlite354_r4,sqlite,4,sqlite_target_000851,memory,executor,vdbesort.c,src/vdbesort.c,vdbesort.c,790,785,795,,window,1
sqlaser_sqlite354_r4,sqlite,4,sqlite_target_000852,memory,executor,vdbesort.c,src/vdbesort.c,vdbesort.c,809,804,814,,window,1
sqlaser_sqlite354_r4,sqlite,4,sqlite_target_000853,memory,executor,vdbesort.c,src/vdbesort.c,vdbesort.c,852,847,857,,window,1
sqlaser_sqlite354_r4,sqlite,4,sqlite_target_000854,memory,executor,vdbesort.c,src/vdbesort.c,vdbesort.c,936,931,941,,window,1
sqlaser_sqlite354_r4,sqlite,4,sqlite_target_000855,memory,executor,vdbetrace.c,src/vdbetrace.c,vdbetrace.c,72,67,77,,window,0
sqlaser_sqlite354_r4,sqlite,4,sqlite_target_000856,memory,optimizer,where.c,src/where.c,where.c,101,101,111,sqlite3WhereOrderByLimitOptLabel,function,1
sqlaser_sqlite354_r4,sqlite,4,sqlite_target_000857,memory,optimizer,where.c,src/where.c,where.c,124,124,137,sqlite3WhereMinMaxOptEarlyOut,function,1
sqlaser_sqlite354_r4,sqlite,4,sqlite_target_000858,memory,optimizer,where.c,src/where.c,where.c,174,173,183,sqlite3WhereOkOnePass,function,1
sqlaser_sqlite354_r4,sqlite,4,sqlite_target_000859,memory,optimizer,where.c,src/where.c,where.c,263,263,273,sqlite3WhereMalloc,function,1
sqlaser_sqlite354_r4,sqlite,4,sqlite_target_000860,memory,optimizer,where.c,src/where.c,where.c,274,274,283,return,function,1
sqlaser_sqlite354_r4,sqlite,4,sqlite_target_000861,memory,optimizer,where.c,src/where.c,where.c,549,544,554,,window,0
sqlaser_sqlite354_r4,sqlite,4,sqlite_target_000862,memory,optimizer,where.c,src/where.c,where.c,6830,6825,6835,,window,0
sqlaser_sqlite354_r4,sqlite,4,sqlite_target_000863,memory,optimizer,where.c,src/where.c,where.c,6866,6840,7494,,function,1
sqlaser_sqlite354_r4,sqlite,4,sqlite_target_000864,memory,optimizer,where.c,src/where.c,where.c,6900,6895,6905,,window,1
sqlaser_sqlite354_r4,sqlite,4,sqlite_target_000865,memory,optimizer,where.c,src/where.c,where.c,6920,6915,6925,,window,1
sqlaser_sqlite354_r4,sqlite,4,sqlite_target_000866,memory,optimizer,where.c,src/where.c,where.c,6922,6917,6927,,window,1
sqlaser_sqlite354_r4,sqlite,4,sqlite_target_000867,memory,optimizer,where.c,src/where.c,where.c,7521,7521,7886,sqlite3WhereEnd,function,1
sqlaser_sqlite354_r4,sqlite,4,sqlite_target_000868,memory,optimizer,wherecode.c,src/wherecode.c,wherecode.c,117,112,122,,window,0
sqlaser_sqlite354_r4,sqlite,4,sqlite_target_000869,memory,optimizer,wherecode.c,src/wherecode.c,wherecode.c,1466,1461,1471,,window,0
sqlaser_sqlite354_r4,sqlite,4,sqlite_target_000870,memory,optimizer,wherecode.c,src/wherecode.c,wherecode.c,2304,2299,2309,,window,1
sqlaser_sqlite354_r4,sqlite,4,sqlite_target_000871,memory,optimizer,wherecode.c,src/wherecode.c,wherecode.c,2308,2300,2322,,function,1
sqlaser_sqlite354_r4,sqlite,4,sqlite_target_000872,memory,optimizer,wherecode.c,src/wherecode.c,wherecode.c,245,240,250,,window,0
sqlaser_sqlite354_r4,sqlite,4,sqlite_target_000873,memory,optimizer,wherecode.c,src/wherecode.c,wherecode.c,280,275,285,,window,0
sqlaser_sqlite354_r4,sqlite,4,sqlite_target_000874,memory,optimizer,wherecode.c,src/wherecode.c,wherecode.c,2841,2836,2846,,window,1
sqlaser_sqlite354_r4,sqlite,4,sqlite_target_000875,memory,optimizer,wherecode.c,src/wherecode.c,wherecode.c,2914,2909,2919,,window,0
sqlaser_sqlite354_r4,sqlite,4,sqlite_target_000876,memory,optimizer,whereexpr.c,src/whereexpr.c,whereexpr.c,1591,1591,1602,sqlite3WhereSplit,function,1
sqlaser_sqlite354_r4,sqlite,4,sqlite_target_000877,memory,optimizer,whereexpr.c,src/whereexpr.c,whereexpr.c,1666,1666,1731,sqlite3WhereAddLimit,function,1
sqlaser_sqlite354_r4,sqlite,4,sqlite_target_000878,memory,optimizer,whereexpr.c,src/whereexpr.c,whereexpr.c,1736,1731,1741,,window,1
sqlaser_sqlite354_r4,sqlite,4,sqlite_target_000879,memory,optimizer,whereexpr.c,src/whereexpr.c,whereexpr.c,1754,1754,1785,sqlite3WhereClauseClear,function,1
sqlaser_sqlite354_r4,sqlite,4,sqlite_target_000880,memory,optimizer,whereexpr.c,src/whereexpr.c,whereexpr.c,1819,1814,1824,,window,1
sqlaser_sqlite354_r4,sqlite,4,sqlite_target_000881,memory,optimizer,whereexpr.c,src/whereexpr.c,whereexpr.c,1845,1845,1853,sqlite3WhereExprUsage,function,1
sqlaser_sqlite354_r4,sqlite,4,sqlite_target_000882,memory,optimizer,whereexpr.c,src/whereexpr.c,whereexpr.c,1854,1854,1856,assert,function,1
sqlaser_sqlite354_r4,sqlite,4,sqlite_target_000883,memory,optimizer,whereexpr.c,src/whereexpr.c,whereexpr.c,1857,1857,1866,sqlite3WhereExprUsageFull,function,1
sqlaser_sqlite354_r4,sqlite,4,sqlite_target_000884,memory,optimizer,whereexpr.c,src/whereexpr.c,whereexpr.c,1877,1872,1882,,window,1
sqlaser_sqlite354_r4,sqlite,4,sqlite_target_000885,memory,optimizer,whereexpr.c,src/whereexpr.c,whereexpr.c,1894,1889,1899,,window,1
sqlaser_sqlite354_r4,sqlite,4,sqlite_target_000886,memory,optimizer,whereexpr.c,src/whereexpr.c,whereexpr.c,353,353,372,sqlite3ExprIsLikeOperator,function,1
sqlaser_sqlite354_r5,sqlite,5,sqlite_target_000001,stale,storage,btree.c,src/btree.c,btree.c,10204,10204,10210,sqlite3PagerUnref,function,1
sqlaser_sqlite354_r5,sqlite,5,sqlite_target_000002,stale,catalog_metadata,btree.c,src/btree.c,btree.c,10283,10283,10302,sqlite3BtreeClearTable,function,1
sqlaser_sqlite354_r5,sqlite,5,sqlite_target_000003,stale,storage,btree.c,src/btree.c,btree.c,1030,1030,1033,sqlite3BtreeCursorHintFlags,function,0
sqlaser_sqlite354_r5,sqlite,5,sqlite_target_000004,stale,catalog_metadata,btree.c,src/btree.c,btree.c,10309,10309,10311,sqlite3BtreeClearTableOfCursor,function,0
sqlaser_sqlite354_r5,sqlite,5,sqlite_target_000005,stale,storage,btree.c,src/btree.c,btree.c,10418,10418,10424,releasePage,function,0
sqlaser_sqlite354_r5,sqlite,5,sqlite_target_000006,stale,storage,btree.c,src/btree.c,btree.c,10447,10447,10471,sqlite3BtreeGetMeta,function,1
sqlaser_sqlite354_r5,sqlite,5,sqlite_target_000007,stale,type_system,btree.c,src/btree.c,btree.c,10477,10477,10499,sqlite3BtreeUpdateMeta,function,1
sqlaser_sqlite354_r5,sqlite,5,sqlite_target_000008,stale,storage,btree.c,src/btree.c,btree.c,10509,10509,10572,encountered,function,1
sqlaser_sqlite354_r5,sqlite,5,sqlite_target_000009,stale,storage,btree.c,src/btree.c,btree.c,10578,10578,10580,sqlite3BtreePager,function,0
sqlaser_sqlite354_r5,sqlite,5,sqlite_target_000010,stale,storage,btree.c,src/btree.c,btree.c,11146,11141,11151,,window,1
sqlaser_sqlite354_r5,sqlite,5,sqlite_target_000011,stale,storage,btree.c,src/btree.c,btree.c,11304,11304,11307,sqlite3BtreeGetFilename,function,1
sqlaser_sqlite354_r5,sqlite,5,sqlite_target_000012,stale,storage,btree.c,src/btree.c,btree.c,11317,11317,11320,sqlite3BtreeGetJournalname,function,0
sqlaser_sqlite354_r5,sqlite,5,sqlite_target_000013,stale,storage,btree.c,src/btree.c,btree.c,11326,11326,11329,sqlite3BtreeTxnState,function,1
sqlaser_sqlite354_r5,sqlite,5,sqlite_target_000014,stale,storage,btree.c,src/btree.c,btree.c,11340,11340,11353,sqlite3BtreeCheckpoint,function,1
sqlaser_sqlite354_r5,sqlite,5,sqlite_target_000015,stale,storage,btree.c,src/btree.c,btree.c,11359,11359,11363,sqlite3BtreeIsInBackup,function,0
sqlaser_sqlite354_r5,sqlite,5,sqlite_target_000016,stale,storage,btree.c,src/btree.c,btree.c,11385,11385,11395,sqlite3_free,function,1
sqlaser_sqlite354_r5,sqlite,5,sqlite_target_000017,stale,catalog_metadata,btree.c,src/btree.c,btree.c,11402,11402,11411,sqlite3BtreeSchemaLocked,function,1
sqlaser_sqlite354_r5,sqlite,5,sqlite_target_000018,stale,catalog_metadata,btree.c,src/btree.c,btree.c,11420,11420,11436,sqlite3BtreeLockTable,function,1
sqlaser_sqlite354_r5,sqlite,5,sqlite_target_000019,stale,storage,btree.c,src/btree.c,btree.c,11450,11450,11493,sqlite3BtreePutData,function,1
sqlaser_sqlite354_r5,sqlite,5,sqlite_target_000020,stale,storage,btree.c,src/btree.c,btree.c,11498,11498,11501,sqlite3BtreeIncrblobCursor,function,1
sqlaser_sqlite354_r5,sqlite,5,sqlite_target_000021,stale,storage,btree.c,src/btree.c,btree.c,11509,11509,11538,sqlite3BtreeSetVersion,function,1
sqlaser_sqlite354_r5,sqlite,5,sqlite_target_000022,stale,storage,btree.c,src/btree.c,btree.c,11544,11544,11546,sqlite3BtreeCursorHasHint,function,0
sqlaser_sqlite354_r5,sqlite,5,sqlite_target_000023,stale,storage,btree.c,src/btree.c,btree.c,11551,11551,11553,sqlite3BtreeIsReadonly,function,0
sqlaser_sqlite354_r5,sqlite,5,sqlite_target_000024,stale,storage,btree.c,src/btree.c,btree.c,11564,11564,11569,sqlite3BtreeClearCache,function,0
sqlaser_sqlite354_r5,sqlite,5,sqlite_target_000025,stale,storage,btree.c,src/btree.c,btree.c,11575,11575,11577,,function,0
sqlaser_sqlite354_r5,sqlite,5,sqlite_target_000026,stale,storage,btree.c,src/btree.c,btree.c,11584,11584,11587,sqlite3BtreeConnectionCount,function,0
sqlaser_sqlite354_r5,sqlite,5,sqlite_target_000027,stale,storage,btree.c,src/btree.c,btree.c,1623,1623,1741,defragmentPage,function,1
sqlaser_sqlite354_r5,sqlite,5,sqlite_target_000028,stale,storage,btree.c,src/btree.c,btree.c,2377,2377,2380,return,function,1
sqlaser_sqlite354_r5,sqlite,5,sqlite_target_000029,stale,storage,btree.c,src/btree.c,btree.c,2538,2533,2543,,window,1
sqlaser_sqlite354_r5,sqlite,5,sqlite_target_000030,stale,storage,btree.c,src/btree.c,btree.c,2927,2927,2984,sqlite3BtreeClose,function,1
sqlaser_sqlite354_r5,sqlite,5,sqlite_target_000031,stale,storage,btree.c,src/btree.c,btree.c,2993,2993,3000,sqlite3BtreeSetCacheSize,function,0
sqlaser_sqlite354_r5,sqlite,5,sqlite_target_000032,stale,storage,btree.c,src/btree.c,btree.c,3012,3012,3020,sqlite3BtreeSetSpillSize,function,1
sqlaser_sqlite354_r5,sqlite,5,sqlite_target_000033,stale,storage,btree.c,src/btree.c,btree.c,3027,3027,3034,sqlite3BtreeSetMmapLimit,function,0
sqlaser_sqlite354_r5,sqlite,5,sqlite_target_000034,stale,storage,btree.c,src/btree.c,btree.c,3046,3041,3051,,window,1
sqlaser_sqlite354_r5,sqlite,5,sqlite_target_000035,stale,storage,btree.c,src/btree.c,btree.c,3079,3079,3110,sqlite3BtreeSetPageSize,function,1
sqlaser_sqlite354_r5,sqlite,5,sqlite_target_000036,stale,storage,btree.c,src/btree.c,btree.c,3115,3115,3117,sqlite3BtreeGetPageSize,function,0
sqlaser_sqlite354_r5,sqlite,5,sqlite_target_000037,stale,storage,btree.c,src/btree.c,btree.c,3130,3130,3135,sqlite3BtreeEnter,function,0
sqlaser_sqlite354_r5,sqlite,5,sqlite_target_000038,stale,storage,btree.c,src/btree.c,btree.c,3146,3146,3153,sqlite3BtreeGetRequestedReserve,function,1
sqlaser_sqlite354_r5,sqlite,5,sqlite_target_000039,stale,storage,btree.c,src/btree.c,btree.c,3161,3161,3167,sqlite3BtreeMaxPageCount,function,0
sqlaser_sqlite354_r5,sqlite,5,sqlite_target_000040,stale,storage,btree.c,src/btree.c,btree.c,3187,3187,3200,sqlite3BtreeSecureDelete,function,1
sqlaser_sqlite354_r5,sqlite,5,sqlite_target_000041,stale,storage,btree.c,src/btree.c,btree.c,3208,3208,3226,sqlite3BtreeSetAutoVacuum,function,1
sqlaser_sqlite354_r5,sqlite,5,sqlite_target_000042,stale,storage,btree.c,src/btree.c,btree.c,3232,3232,3246,sqlite3BtreeGetAutoVacuum,function,0
sqlaser_sqlite354_r5,sqlite,5,sqlite_target_000043,stale,storage,btree.c,src/btree.c,btree.c,3560,3560,3567,sqlite3BtreeNewDb,function,0
sqlaser_sqlite354_r5,sqlite,5,sqlite_target_000044,stale,storage,btree.c,src/btree.c,btree.c,3811,3811,3832,btreeIntegrity,function,1
sqlaser_sqlite354_r5,sqlite,5,sqlite_target_000045,stale,storage,btree.c,src/btree.c,btree.c,4171,4171,4202,sqlite3BtreeIncrVacuum,function,1
sqlaser_sqlite354_r5,sqlite,5,sqlite_target_000046,stale,storage,btree.c,src/btree.c,btree.c,4319,4319,4340,sqlite3BtreeCommitPhaseOne,function,1
sqlaser_sqlite354_r5,sqlite,5,sqlite_target_000047,stale,storage,btree.c,src/btree.c,btree.c,4408,4408,4435,sqlite3BtreeCommitPhaseTwo,function,1
sqlaser_sqlite354_r5,sqlite,5,sqlite_target_000048,stale,storage,btree.c,src/btree.c,btree.c,4440,4440,4449,sqlite3BtreeCommit,function,0
sqlaser_sqlite354_r5,sqlite,5,sqlite_target_000049,stale,storage,btree.c,src/btree.c,btree.c,4477,4477,4503,sqlite3BtreeTripAllCursors,function,1
sqlaser_sqlite354_r5,sqlite,5,sqlite_target_000050,stale,storage,btree.c,src/btree.c,btree.c,4528,4528,4573,sqlite3BtreeRollback,function,1
sqlaser_sqlite354_r5,sqlite,5,sqlite_target_000051,stale,storage,btree.c,src/btree.c,btree.c,4593,4593,4610,sqlite3BtreeSavepoint,function,1
sqlaser_sqlite354_r5,sqlite,5,sqlite_target_000052,stale,storage,btree.c,src/btree.c,btree.c,4624,4624,4651,sqlite3BtreeSavepoint,function,1
sqlaser_sqlite354_r5,sqlite,5,sqlite_target_000053,stale,storage,btree.c,src/btree.c,btree.c,4775,4770,4780,,window,1
sqlaser_sqlite354_r5,sqlite,5,sqlite_target_000054,stale,storage,btree.c,src/btree.c,btree.c,4828,4828,4830,memset,function,1
sqlaser_sqlite354_r5,sqlite,5,sqlite_target_000055,stale,storage,btree.c,src/btree.c,btree.c,4836,4836,4869,sqlite3BtreeCloseCursor,function,1
sqlaser_sqlite354_r5,sqlite,5,sqlite_target_000056,stale,storage,btree.c,src/btree.c,btree.c,4916,4916,4919,sqlite3BtreeCursorIsValid,function,1
sqlaser_sqlite354_r5,sqlite,5,sqlite_target_000057,stale,storage,btree.c,src/btree.c,btree.c,4927,4927,4933,sqlite3BtreeIntegerKey,function,0
sqlaser_sqlite354_r5,sqlite,5,sqlite_target_000058,stale,storage,btree.c,src/btree.c,btree.c,4938,4938,4941,sqlite3BtreeCursorPin,function,1
sqlaser_sqlite354_r5,sqlite,5,sqlite_target_000059,stale,storage,btree.c,src/btree.c,btree.c,4942,4942,4945,sqlite3BtreeCursorPin,function,1
sqlaser_sqlite354_r5,sqlite,5,sqlite_target_000060,stale,storage,btree.c,src/btree.c,btree.c,4951,4951,4957,sqlite3BtreeOffset,function,0
sqlaser_sqlite354_r5,sqlite,5,sqlite_target_000061,stale,storage,btree.c,src/btree.c,btree.c,4968,4968,4973,sqlite3BtreePayloadSize,function,0
sqlaser_sqlite354_r5,sqlite,5,sqlite_target_000062,stale,storage,btree.c,src/btree.c,btree.c,4988,4988,4992,sqlite3BtreeMaxRecordSize,function,0
sqlaser_sqlite354_r5,sqlite,5,sqlite_target_000063,stale,storage,btree.c,src/btree.c,btree.c,5353,5353,5358,sqlite3BtreePayload,function,0
sqlaser_sqlite354_r5,sqlite,5,sqlite_target_000064,stale,storage,btree.c,src/btree.c,btree.c,5380,5380,5387,assert,function,0
sqlaser_sqlite354_r5,sqlite,5,sqlite_target_000065,stale,storage,btree.c,src/btree.c,btree.c,5448,5448,5450,sqlite3BtreePayloadFetch,function,1
sqlaser_sqlite354_r5,sqlite,5,sqlite_target_000066,stale,storage,btree.c,src/btree.c,btree.c,5696,5696,5712,sqlite3BtreeFirst,function,1
sqlaser_sqlite354_r5,sqlite,5,sqlite_target_000067,stale,storage,btree.c,src/btree.c,btree.c,5719,5719,5736,sqlite3BtreeIsEmpty,function,1
sqlaser_sqlite354_r5,sqlite,5,sqlite_target_000068,stale,storage,btree.c,src/btree.c,btree.c,5777,5777,5788,sqlite3BtreeLast,function,0
sqlaser_sqlite354_r5,sqlite,5,sqlite_target_000069,stale,storage,btree.c,src/btree.c,btree.c,5813,5808,5818,,window,1
sqlaser_sqlite354_r5,sqlite,5,sqlite_target_000070,stale,storage,btree.c,src/btree.c,btree.c,6044,6039,6049,,window,1
sqlaser_sqlite354_r5,sqlite,5,sqlite_target_000071,stale,storage,btree.c,src/btree.c,btree.c,6282,6282,6288,sqlite3BtreeNext,function,1
sqlaser_sqlite354_r5,sqlite,5,sqlite_target_000072,stale,storage,btree.c,src/btree.c,btree.c,6295,6295,6313,sqlite3BtreeRowCountEst,function,1
sqlaser_sqlite354_r5,sqlite,5,sqlite_target_000073,stale,storage,btree.c,src/btree.c,btree.c,6389,6389,6407,moveToLeftmost,function,1
sqlaser_sqlite354_r5,sqlite,5,sqlite_target_000074,stale,storage,btree.c,src/btree.c,btree.c,6481,6481,6495,sqlite3BtreePrevious,function,1
sqlaser_sqlite354_r5,sqlite,5,sqlite_target_000075,stale,storage,btree.c,src/btree.c,btree.c,858,858,863,sqlite3BtreeClearCursor,function,0
sqlaser_sqlite354_r5,sqlite,5,sqlite_target_000076,stale,storage,btree.c,src/btree.c,btree.c,9414,9409,9419,,window,1
sqlaser_sqlite354_r5,sqlite,5,sqlite_target_000077,stale,storage,btree.c,src/btree.c,btree.c,949,949,955,sqlite3BtreeCursorRestore,function,1
sqlaser_sqlite354_r5,sqlite,5,sqlite_target_000078,stale,storage,btree.c,src/btree.c,btree.c,9732,9732,9827,sqlite3BtreeInsert,function,1
sqlaser_sqlite354_r5,sqlite,5,sqlite_target_000079,stale,storage,btree.c,src/btree.c,btree.c,981,981,997,sqlite3BtreeCursorHasMoved,function,1
sqlaser_sqlite354_r5,sqlite,5,sqlite_target_000080,stale,storage,btree.c,src/btree.c,btree.c,9846,9846,10046,sqlite3BtreeDelete,function,1
sqlaser_sqlite354_r5,sqlite,5,sqlite_target_000081,stale,other,delete.c,src/delete.c,delete.c,288,283,293,,window,0
sqlaser_sqlite354_r5,sqlite,5,sqlite_target_000082,stale,other,expr.c,src/expr.c,expr.c,1004,999,1009,,window,1
sqlaser_sqlite354_r5,sqlite,5,sqlite_target_000083,stale,type_system,expr.c,src/expr.c,expr.c,107,107,165,sqlite3ExprDataType,function,1
sqlaser_sqlite354_r5,sqlite,5,sqlite_target_000084,stale,other,expr.c,src/expr.c,expr.c,1100,1100,1137,IN,function,1
sqlaser_sqlite354_r5,sqlite,5,sqlite_target_000085,stale,other,expr.c,src/expr.c,expr.c,1147,1147,1165,sqlite3ExprAnd,function,1
sqlaser_sqlite354_r5,sqlite,5,sqlite_target_000086,stale,other,expr.c,src/expr.c,expr.c,1171,1166,1176,,window,1
sqlaser_sqlite354_r5,sqlite,5,sqlite_target_000087,stale,other,expr.c,src/expr.c,expr.c,1205,1205,1209,sqlite3ExprOrderByAggregateError,function,0
sqlaser_sqlite354_r5,sqlite,5,sqlite_target_000088,stale,other,expr.c,src/expr.c,expr.c,1221,1216,1226,,window,0
sqlaser_sqlite354_r5,sqlite,5,sqlite_target_000089,stale,other,expr.c,src/expr.c,expr.c,1278,1273,1283,,window,1
sqlaser_sqlite354_r5,sqlite,5,sqlite_target_000090,stale,other,expr.c,src/expr.c,expr.c,1319,1319,1384,sqlite3ExprAssignVarNumber,function,1
sqlaser_sqlite354_r5,sqlite,5,sqlite_target_000091,stale,other,expr.c,src/expr.c,expr.c,1389,1389,1439,sqlite3ExprDeleteNN,function,1
sqlaser_sqlite354_r5,sqlite,5,sqlite_target_000092,stale,other,expr.c,src/expr.c,expr.c,1440,1440,1442,,function,1
sqlaser_sqlite354_r5,sqlite,5,sqlite_target_000093,stale,other,expr.c,src/expr.c,expr.c,1470,1470,1472,sqlite3ExprDeferredDelete,function,0
sqlaser_sqlite354_r5,sqlite,5,sqlite_target_000094,stale,other,expr.c,src/expr.c,expr.c,1477,1477,1484,sqlite3ExprUnmapAndDelete,function,1
sqlaser_sqlite354_r5,sqlite,5,sqlite_target_000095,stale,other,expr.c,src/expr.c,expr.c,175,170,180,,window,1
sqlaser_sqlite354_r5,sqlite,5,sqlite_target_000096,stale,other,expr.c,src/expr.c,expr.c,1829,1829,1832,sqlite3ExprDup,function,1
sqlaser_sqlite354_r5,sqlite,5,sqlite_target_000097,stale,other,expr.c,src/expr.c,expr.c,1833,1833,1874,sqlite3ExprDup,function,1
sqlaser_sqlite354_r5,sqlite,5,sqlite_target_000098,stale,other,expr.c,src/expr.c,expr.c,191,186,196,,window,1
sqlaser_sqlite354_r5,sqlite,5,sqlite_target_000099,stale,other,expr.c,src/expr.c,expr.c,2026,2021,2031,,window,1
sqlaser_sqlite354_r5,sqlite,5,sqlite_target_000100,stale,other,expr.c,src/expr.c,expr.c,2045,2040,2050,,window,1
sqlaser_sqlite354_r5,sqlite,5,sqlite_target_000101,stale,type_system,expr.c,src/expr.c,expr.c,205,205,211,sqlite3ExprSkipCollate,function,1
sqlaser_sqlite354_r5,sqlite,5,sqlite_target_000102,stale,other,expr.c,src/expr.c,expr.c,2066,2061,2071,,window,1
sqlaser_sqlite354_r5,sqlite,5,sqlite_target_000103,stale,other,expr.c,src/expr.c,expr.c,2095,2090,2100,,window,1
sqlaser_sqlite354_r5,sqlite,5,sqlite_target_000104,stale,other,expr.c,src/expr.c,expr.c,2157,2157,2185,sqlite3ExprListSetSortOrder,function,1
sqlaser_sqlite354_r5,sqlite,5,sqlite_target_000105,stale,type_system,expr.c,src/expr.c,expr.c,218,218,232,sqlite3ExprSkipCollateAndLikely,function,1
sqlaser_sqlite354_r5,sqlite,5,sqlite_target_000106,stale,other,expr.c,src/expr.c,expr.c,2195,2190,2200,,window,1
sqlaser_sqlite354_r5,sqlite,5,sqlite_target_000107,stale,other,expr.c,src/expr.c,expr.c,2230,2225,2235,,window,1
sqlaser_sqlite354_r5,sqlite,5,sqlite_target_000108,stale,other,expr.c,src/expr.c,expr.c,2252,2247,2257,,window,1
sqlaser_sqlite354_r5,sqlite,5,sqlite_target_000109,stale,other,expr.c,src/expr.c,expr.c,2280,2280,2282,,function,1
sqlaser_sqlite354_r5,sqlite,5,sqlite_target_000110,stale,other,expr.c,src/expr.c,expr.c,2291,2291,2301,sqlite3ExprListFlags,function,1
sqlaser_sqlite354_r5,sqlite,5,sqlite_target_000111,stale,other,expr.c,src/expr.c,expr.c,2336,2336,2347,sqlite3ExprIdToTrueFalse,function,1
sqlaser_sqlite354_r5,sqlite,5,sqlite_target_000112,stale,other,expr.c,src/expr.c,expr.c,2353,2353,2360,sqlite3ExprTruthValue,function,1
sqlaser_sqlite354_r5,sqlite,5,sqlite_target_000113,stale,other,expr.c,src/expr.c,expr.c,2375,2375,2387,,function,1
sqlaser_sqlite354_r5,sqlite,5,sqlite_target_000114,stale,other,expr.c,src/expr.c,expr.c,248,248,309,sqlite3ExprCollSeq,function,1
sqlaser_sqlite354_r5,sqlite,5,sqlite_target_000115,stale,other,expr.c,src/expr.c,expr.c,2647,2647,2649,sqlite3ExprIsConstant,function,0
sqlaser_sqlite354_r5,sqlite,5,sqlite_target_000116,stale,other,expr.c,src/expr.c,expr.c,2664,2664,2666,sqlite3ExprCodeRunJustOnce,function,0
sqlaser_sqlite354_r5,sqlite,5,sqlite_target_000117,stale,catalog_metadata,expr.c,src/expr.c,expr.c,2693,2693,2709,sqlite3ExprIsTableConstant,function,1
sqlaser_sqlite354_r5,sqlite,5,sqlite_target_000118,stale,other,expr.c,src/expr.c,expr.c,2755,2750,2760,,window,1
sqlaser_sqlite354_r5,sqlite,5,sqlite_target_000119,stale,other,expr.c,src/expr.c,expr.c,2836,2836,2845,sqlite3ExprIsConstantOrGroupBy,function,0
sqlaser_sqlite354_r5,sqlite,5,sqlite_target_000120,stale,other,expr.c,src/expr.c,expr.c,2868,2868,2871,string,function,1
sqlaser_sqlite354_r5,sqlite,5,sqlite_target_000121,stale,other,expr.c,src/expr.c,expr.c,2901,2901,2951,parameter,function,1
sqlaser_sqlite354_r5,sqlite,5,sqlite_target_000122,stale,other,expr.c,src/expr.c,expr.c,2967,2967,2996,negative,function,1
sqlaser_sqlite354_r5,sqlite,5,sqlite_target_000123,stale,other,expr.c,src/expr.c,expr.c,3008,3008,3039,sqlite3ExprNeedsNoAffinityChange,function,1
sqlaser_sqlite354_r5,sqlite,5,sqlite_target_000124,stale,other,expr.c,src/expr.c,expr.c,321,321,326,sqlite3ExprCollSeq,function,1
sqlaser_sqlite354_r5,sqlite,5,sqlite_target_000125,stale,other,expr.c,src/expr.c,expr.c,331,331,337,sqlite3ExprCollSeqMatch,function,1
sqlaser_sqlite354_r5,sqlite,5,sqlite_target_000126,stale,other,expr.c,src/expr.c,expr.c,3990,3990,4002,IN,function,1
sqlaser_sqlite354_r5,sqlite,5,sqlite_target_000127,stale,other,expr.c,src/expr.c,expr.c,4031,4026,4036,,window,1
sqlaser_sqlite354_r5,sqlite,5,sqlite_target_000128,stale,other,expr.c,src/expr.c,expr.c,4361,4356,4366,,window,1
sqlaser_sqlite354_r5,sqlite,5,sqlite_target_000129,stale,other,expr.c,src/expr.c,expr.c,4386,4381,4391,,window,1
sqlaser_sqlite354_r5,sqlite,5,sqlite_target_000130,stale,other,expr.c,src/expr.c,expr.c,4419,4414,4424,,window,1
sqlaser_sqlite354_r5,sqlite,5,sqlite_target_000131,stale,other,expr.c,src/expr.c,expr.c,4476,4471,4481,,window,1
sqlaser_sqlite354_r5,sqlite,5,sqlite_target_000132,stale,other,expr.c,src/expr.c,expr.c,45,45,95,t1,function,1
sqlaser_sqlite354_r5,sqlite,5,sqlite_target_000133,stale,other,expr.c,src/expr.c,expr.c,4500,4500,4502,sqlite3ExprCodeMove,function,0
sqlaser_sqlite354_r5,sqlite,5,sqlite_target_000134,stale,other,expr.c,src/expr.c,expr.c,4509,4509,4520,sqlite3ExprToRegister,function,1
sqlaser_sqlite354_r5,sqlite,5,sqlite_target_000135,stale,other,expr.c,src/expr.c,expr.c,454,454,460,sqlite3BinaryCompareCollSeq,function,1
sqlaser_sqlite354_r5,sqlite,5,sqlite_target_000136,stale,type_system,expr.c,src/expr.c,expr.c,4743,4743,4750,sqlite3ExprCanReturnSubtype,function,0
sqlaser_sqlite354_r5,sqlite,5,sqlite_target_000137,stale,other,expr.c,src/expr.c,expr.c,4943,4943,5771,sqlite3ExprCodeTarget,function,1
sqlaser_sqlite354_r5,sqlite,5,sqlite_target_000138,stale,other,expr.c,src/expr.c,expr.c,501,501,503,sqlite3ExprIsVector,function,0
sqlaser_sqlite354_r5,sqlite,5,sqlite_target_000139,stale,other,expr.c,src/expr.c,expr.c,511,511,523,sqlite3ExprVectorSize,function,1
sqlaser_sqlite354_r5,sqlite,5,sqlite_target_000140,stale,other,expr.c,src/expr.c,expr.c,576,571,581,,window,1
sqlaser_sqlite354_r5,sqlite,5,sqlite_target_000141,stale,other,expr.c,src/expr.c,expr.c,5790,5785,5795,,window,0
sqlaser_sqlite354_r5,sqlite,5,sqlite_target_000142,stale,other,expr.c,src/expr.c,expr.c,5841,5836,5846,,window,1
sqlaser_sqlite354_r5,sqlite,5,sqlite_target_000143,stale,other,expr.c,src/expr.c,expr.c,5869,5869,5890,sqlite3ExprCodeTemp,function,1
sqlaser_sqlite354_r5,sqlite,5,sqlite_target_000144,stale,other,expr.c,src/expr.c,expr.c,5897,5897,5918,sqlite3ExprCode,function,1
sqlaser_sqlite354_r5,sqlite,5,sqlite_target_000145,stale,other,expr.c,src/expr.c,expr.c,5925,5925,5930,sqlite3ExprCodeCopy,function,0
sqlaser_sqlite354_r5,sqlite,5,sqlite_target_000146,stale,other,expr.c,src/expr.c,expr.c,5938,5938,5944,sqlite3ExprCodeFactorable,function,0
sqlaser_sqlite354_r5,sqlite,5,sqlite_target_000147,stale,other,expr.c,src/expr.c,expr.c,5966,5961,5971,,window,0
sqlaser_sqlite354_r5,sqlite,5,sqlite_target_000148,stale,other,expr.c,src/expr.c,expr.c,6113,6113,6268,values,function,1
sqlaser_sqlite354_r5,sqlite,5,sqlite_target_000149,stale,other,expr.c,src/expr.c,expr.c,6279,6279,6468,NULL,function,1
sqlaser_sqlite354_r5,sqlite,5,sqlite_target_000150,stale,other,expr.c,src/expr.c,expr.c,6475,6475,6482,sqlite3ExprIfFalseDup,function,1
sqlaser_sqlite354_r5,sqlite,5,sqlite_target_000151,stale,other,expr.c,src/expr.c,expr.c,6557,6552,6562,,window,0
sqlaser_sqlite354_r5,sqlite,5,sqlite_target_000152,stale,other,expr.c,src/expr.c,expr.c,6659,6659,6672,sqlite3ExprListCompare,function,1
sqlaser_sqlite354_r5,sqlite,5,sqlite_target_000153,stale,other,expr.c,src/expr.c,expr.c,6678,6678,6683,sqlite3ExprCompareSkip,function,1
sqlaser_sqlite354_r5,sqlite,5,sqlite_target_000154,stale,other,expr.c,src/expr.c,expr.c,6767,6767,6774,sqlite3ExprIsNotTrue,function,1
sqlaser_sqlite354_r5,sqlite,5,sqlite_target_000155,stale,other,expr.c,src/expr.c,expr.c,6786,6786,6811,iif,function,1
sqlaser_sqlite354_r5,sqlite,5,sqlite_target_000156,stale,other,expr.c,src/expr.c,expr.c,6840,6835,6845,,window,0
sqlaser_sqlite354_r5,sqlite,5,sqlite_target_000157,stale,other,expr.c,src/expr.c,expr.c,7024,7024,7044,sqlite3ExprImpliesNonNullRow,function,1
sqlaser_sqlite354_r5,sqlite,5,sqlite_target_000158,stale,other,expr.c,src/expr.c,expr.c,7084,7079,7089,,window,0
sqlaser_sqlite354_r5,sqlite,5,sqlite_target_000159,stale,other,expr.c,src/expr.c,expr.c,7562,7562,7572,sqlite3ResolveExprNames,function,1
sqlaser_sqlite354_r5,sqlite,5,sqlite_target_000160,stale,other,expr.c,src/expr.c,expr.c,7580,7580,7588,sqlite3ExprAnalyzeAggregates,function,1
sqlaser_sqlite354_r5,sqlite,5,sqlite_target_000161,stale,other,expr.c,src/expr.c,expr.c,794,794,804,sqlite3ExprCheckHeight,function,1
sqlaser_sqlite354_r5,sqlite,5,sqlite_target_000162,stale,other,expr.c,src/expr.c,expr.c,874,874,878,sqlite3ExprSetHeightAndFlags,function,1
sqlaser_sqlite354_r5,sqlite,5,sqlite_target_000163,stale,other,expr.c,src/expr.c,expr.c,906,906,910,sqlite3ExprSetErrorOffset,function,1
sqlaser_sqlite354_r5,sqlite,5,sqlite_target_000164,stale,other,expr.c,src/expr.c,expr.c,933,928,938,,window,1
sqlaser_sqlite354_r5,sqlite,5,sqlite_target_000165,stale,other,expr.c,src/expr.c,expr.c,983,983,996,sqlite3ExprInt32,function,1
sqlaser_sqlite354_r5,sqlite,5,sqlite_target_000166,stale,other,insert.c,src/insert.c,insert.c,1718,1713,1723,,window,1
sqlaser_sqlite354_r5,sqlite,5,sqlite_target_000167,stale,other,insert.c,src/insert.c,insert.c,894,889,899,,window,0
sqlaser_sqlite354_r5,sqlite,5,sqlite_target_000168,stale,other,resolve.c,src/resolve.c,resolve.c,179,179,200,sqlite3ExprColUsed,function,1
sqlaser_sqlite354_r5,sqlite,5,sqlite_target_000169,stale,other,select.c,src/select.c,select.c,7578,7573,7583,,window,0
sqlaser_sqlite354_r5,sqlite,5,sqlite_target_000170,stale,type_system,update.c,src/update.c,update.c,285,280,290,,window,0
sqlaser_sqlite354_r5,sqlite,5,sqlite_target_000171,stale,executor,vdbe.c,src/vdbe.c,vdbe.c,436,436,449,sqlite3_value_numeric_type,function,1
sqlaser_sqlite354_r5,sqlite,5,sqlite_target_000172,stale,executor,vdbe.c,src/vdbe.c,vdbe.c,720,715,725,,window,0
sqlaser_sqlite354_r5,sqlite,5,sqlite_target_000173,stale,executor,vdbe.c,src/vdbe.c,vdbe.c,806,801,811,,window,0
sqlaser_sqlite354_r5,sqlite,5,sqlite_target_000174,stale,executor,vdbe.c,src/vdbe.c,vdbe.c,835,830,840,,window,1
sqlaser_sqlite354_r5,sqlite,5,sqlite_target_000175,stale,executor,vdbe.c,src/vdbe.c,vdbe.c,866,866,875,vdbeMemTypeName,function,1
sqlaser_sqlite354_r5,sqlite,5,sqlite_target_000176,stale,executor,vdbe.c,src/vdbe.c,vdbe.c,881,876,886,,window,1
sqlaser_sqlite354_r5,sqlite,5,sqlite_target_000177,stale,executor,vdbeapi.c,src/vdbeapi.c,vdbeapi.c,1654,1654,1691,assert,function,1
sqlaser_sqlite354_r5,sqlite,5,sqlite_target_000178,stale,executor,vdbeapi.c,src/vdbeapi.c,vdbeapi.c,1953,1953,1956,sqlite3VdbeParameterIndex,function,0
sqlaser_sqlite354_r5,sqlite,5,sqlite_target_000179,stale,executor,vdbeapi.c,src/vdbeapi.c,vdbeapi.c,40,40,47,vdbeSafety,function,1
sqlaser_sqlite354_r5,sqlite,5,sqlite_target_000180,stale,executor,vdbeapi.c,src/vdbeapi.c,vdbeapi.c,48,48,55,vdbeSafetyNotNull,function,1
sqlaser_sqlite354_r5,sqlite,5,sqlite_target_000181,stale,executor,vdbeapi.c,src/vdbeapi.c,vdbeapi.c,913,913,960,sqlite3_step,function,1
sqlaser_sqlite354_r5,sqlite,5,sqlite_target_000182,stale,executor,vdbeaux.c,src/vdbeaux.c,vdbeaux.c,1075,1075,1078,sqlite3VdbeCurrentAddr,function,0
sqlaser_sqlite354_r5,sqlite,5,sqlite_target_000183,stale,executor,vdbeaux.c,src/vdbeaux.c,vdbeaux.c,1132,1132,1143,sqlite3VdbeTakeOpArray,function,1
sqlaser_sqlite354_r5,sqlite,5,sqlite_target_000184,stale,executor,vdbeaux.c,src/vdbeaux.c,vdbeaux.c,1152,1147,1157,,window,1
sqlaser_sqlite354_r5,sqlite,5,sqlite_target_000185,stale,executor,vdbeaux.c,src/vdbeaux.c,vdbeaux.c,127,127,152,sqlite3VdbeSwap,function,1
sqlaser_sqlite354_r5,sqlite,5,sqlite_target_000186,stale,executor,vdbeaux.c,src/vdbeaux.c,vdbeaux.c,1291,1291,1294,sqlite3VdbeChangeOpcode,function,1
sqlaser_sqlite354_r5,sqlite,5,sqlite_target_000187,stale,executor,vdbeaux.c,src/vdbeaux.c,vdbeaux.c,1295,1295,1298,sqlite3VdbeChangeOpcode,function,1
sqlaser_sqlite354_r5,sqlite,5,sqlite_target_000188,stale,executor,vdbeaux.c,src/vdbeaux.c,vdbeaux.c,1299,1299,1302,sqlite3VdbeChangeP1,function,1
sqlaser_sqlite354_r5,sqlite,5,sqlite_target_000189,stale,executor,vdbeaux.c,src/vdbeaux.c,vdbeaux.c,1303,1303,1306,sqlite3VdbeChangeP2,function,0
sqlaser_sqlite354_r5,sqlite,5,sqlite_target_000190,stale,executor,vdbeaux.c,src/vdbeaux.c,vdbeaux.c,1307,1307,1310,sqlite3VdbeChangeP3,function,1
sqlaser_sqlite354_r5,sqlite,5,sqlite_target_000191,stale,executor,vdbeaux.c,src/vdbeaux.c,vdbeaux.c,1317,1317,1325,sqlite3VdbeTypeofColumn,function,1
sqlaser_sqlite354_r5,sqlite,5,sqlite_target_000192,stale,executor,vdbeaux.c,src/vdbeaux.c,vdbeaux.c,1331,1331,1333,sqlite3VdbeJumpHere,function,0
sqlaser_sqlite354_r5,sqlite,5,sqlite_target_000193,stale,executor,vdbeaux.c,src/vdbeaux.c,vdbeaux.c,1348,1348,1361,sqlite3VdbeJumpHereOrPopInst,function,1
sqlaser_sqlite354_r5,sqlite,5,sqlite_target_000194,stale,executor,vdbeaux.c,src/vdbeaux.c,vdbeaux.c,1378,1378,1381,freeP4Mem,function,1
sqlaser_sqlite354_r5,sqlite,5,sqlite_target_000195,stale,executor,vdbeaux.c,src/vdbeaux.c,vdbeaux.c,1445,1445,1460,vdbeFreeOpArray,function,1
sqlaser_sqlite354_r5,sqlite,5,sqlite_target_000196,stale,parser,vdbeaux.c,src/vdbeaux.c,vdbeaux.c,1467,1467,1470,sqlite3VdbeLinkSubProgram,function,0
sqlaser_sqlite354_r5,sqlite,5,sqlite_target_000197,stale,parser,vdbeaux.c,src/vdbeaux.c,vdbeaux.c,1475,1475,1477,sqlite3VdbeHasSubProgram,function,1
sqlaser_sqlite354_r5,sqlite,5,sqlite_target_000198,stale,executor,vdbeaux.c,src/vdbeaux.c,vdbeaux.c,1482,1482,1492,sqlite3VdbeChangeToNoop,function,1
sqlaser_sqlite354_r5,sqlite,5,sqlite_target_000199,stale,executor,vdbeaux.c,src/vdbeaux.c,vdbeaux.c,1498,1498,1504,sqlite3VdbeDeletePriorOpcode,function,0
sqlaser_sqlite354_r5,sqlite,5,sqlite_target_000200,stale,executor,vdbeaux.c,src/vdbeaux.c,vdbeaux.c,1557,1552,1562,,window,1
sqlaser_sqlite354_r5,sqlite,5,sqlite_target_000201,stale,executor,vdbeaux.c,src/vdbeaux.c,vdbeaux.c,1576,1576,1608,,function,1
sqlaser_sqlite354_r5,sqlite,5,sqlite_target_000202,stale,executor,vdbeaux.c,src/vdbeaux.c,vdbeaux.c,1619,1619,1633,sqlite3VdbeChangeP4,function,1
sqlaser_sqlite354_r5,sqlite,5,sqlite_target_000203,stale,executor,vdbeaux.c,src/vdbeaux.c,vdbeaux.c,1639,1639,1646,sqlite3VdbeSetP4KeyInfo,function,1
sqlaser_sqlite354_r5,sqlite,5,sqlite_target_000204,stale,executor,vdbeaux.c,src/vdbeaux.c,vdbeaux.c,1705,1705,1716,sqlite3VdbeGetOp,function,1
sqlaser_sqlite354_r5,sqlite,5,sqlite_target_000205,stale,executor,vdbeaux.c,src/vdbeaux.c,vdbeaux.c,1720,1720,1722,sqlite3VdbeGetLastOp,function,0
sqlaser_sqlite354_r5,sqlite,5,sqlite_target_000206,stale,executor,vdbeaux.c,src/vdbeaux.c,vdbeaux.c,1914,1914,2033,sqlite3VdbeDisplayP4,function,0
sqlaser_sqlite354_r5,sqlite,5,sqlite_target_000207,stale,executor,vdbeaux.c,src/vdbeaux.c,vdbeaux.c,2044,2044,2051,sqlite3VdbeUsesBtree,function,0
sqlaser_sqlite354_r5,sqlite,5,sqlite_target_000208,stale,executor,vdbeaux.c,src/vdbeaux.c,vdbeaux.c,2075,2075,2089,sqlite3VdbeEnter,function,1
sqlaser_sqlite354_r5,sqlite,5,sqlite_target_000209,stale,executor,vdbeaux.c,src/vdbeaux.c,vdbeaux.c,2096,2096,2109,,function,1
sqlaser_sqlite354_r5,sqlite,5,sqlite_target_000210,stale,executor,vdbeaux.c,src/vdbeaux.c,vdbeaux.c,2110,2110,2113,,function,0
sqlaser_sqlite354_r5,sqlite,5,sqlite_target_000211,stale,executor,vdbeaux.c,src/vdbeaux.c,vdbeaux.c,2164,2164,2178,initMemArray,function,1
sqlaser_sqlite354_r5,sqlite,5,sqlite_target_000212,stale,executor,vdbeaux.c,src/vdbeaux.c,vdbeaux.c,2188,2188,2233,releaseMemArray,function,1
sqlaser_sqlite354_r5,sqlite,5,sqlite_target_000213,stale,executor,vdbeaux.c,src/vdbeaux.c,vdbeaux.c,2256,2256,2261,sqlite3VdbeFrameMemDel,function,0
sqlaser_sqlite354_r5,sqlite,5,sqlite_target_000214,stale,executor,vdbeaux.c,src/vdbeaux.c,vdbeaux.c,2271,2266,2276,,window,0
sqlaser_sqlite354_r5,sqlite,5,sqlite_target_000215,stale,executor,vdbeaux.c,src/vdbeaux.c,vdbeaux.c,2383,2383,2394,sqlite3VdbeFrameDelete,function,0
sqlaser_sqlite354_r5,sqlite,5,sqlite_target_000216,stale,executor,vdbeaux.c,src/vdbeaux.c,vdbeaux.c,2415,2410,2420,,window,0
sqlaser_sqlite354_r5,sqlite,5,sqlite_target_000217,stale,executor,vdbeaux.c,src/vdbeaux.c,vdbeaux.c,25,25,47,vdbeFreeOpArray,function,1
sqlaser_sqlite354_r5,sqlite,5,sqlite_target_000218,stale,executor,vdbeaux.c,src/vdbeaux.c,vdbeaux.c,2602,2602,2636,sqlite3VdbeRewind,function,1
sqlaser_sqlite354_r5,sqlite,5,sqlite_target_000219,stale,executor,vdbeaux.c,src/vdbeaux.c,vdbeaux.c,263,263,265,sqlite3VdbeAddOp0,function,1
sqlaser_sqlite354_r5,sqlite,5,sqlite_target_000220,stale,executor,vdbeaux.c,src/vdbeaux.c,vdbeaux.c,2656,2651,2661,,window,1
sqlaser_sqlite354_r5,sqlite,5,sqlite_target_000221,stale,executor,vdbeaux.c,src/vdbeaux.c,vdbeaux.c,266,266,268,sqlite3VdbeAddOp0,function,1
sqlaser_sqlite354_r5,sqlite,5,sqlite_target_000222,stale,executor,vdbeaux.c,src/vdbeaux.c,vdbeaux.c,269,269,271,sqlite3VdbeAddOp3,function,1
sqlaser_sqlite354_r5,sqlite,5,sqlite_target_000223,stale,executor,vdbeaux.c,src/vdbeaux.c,vdbeaux.c,272,272,316,sqlite3VdbeAddOp3,function,1
sqlaser_sqlite354_r5,sqlite,5,sqlite_target_000224,stale,executor,vdbeaux.c,src/vdbeaux.c,vdbeaux.c,2759,2759,2761,sqlite3VdbeFreeCursor,function,1
sqlaser_sqlite354_r5,sqlite,5,sqlite_target_000225,stale,executor,vdbeaux.c,src/vdbeaux.c,vdbeaux.c,2762,2762,2773,sqlite3VdbeFreeCursor,function,1
sqlaser_sqlite354_r5,sqlite,5,sqlite_target_000226,stale,executor,vdbeaux.c,src/vdbeaux.c,vdbeaux.c,2774,2774,2800,sqlite3DbFree,function,1
sqlaser_sqlite354_r5,sqlite,5,sqlite_target_000227,stale,executor,vdbeaux.c,src/vdbeaux.c,vdbeaux.c,2805,2805,2814,closeCursorsInFrame,function,1
sqlaser_sqlite354_r5,sqlite,5,sqlite_target_000228,stale,executor,vdbeaux.c,src/vdbeaux.c,vdbeaux.c,2821,2821,2837,sqlite3VdbeFrameRestore,function,0
sqlaser_sqlite354_r5,sqlite,5,sqlite_target_000229,stale,executor,vdbeaux.c,src/vdbeaux.c,vdbeaux.c,2847,2847,2867,closeAllCursors,function,1
sqlaser_sqlite354_r5,sqlite,5,sqlite_target_000230,stale,executor,vdbeaux.c,src/vdbeaux.c,vdbeaux.c,2875,2875,2888,sqlite3_column_count,function,1
sqlaser_sqlite354_r5,sqlite,5,sqlite_target_000231,stale,executor,vdbeaux.c,src/vdbeaux.c,vdbeaux.c,2900,2895,2905,,window,1
sqlaser_sqlite354_r5,sqlite,5,sqlite_target_000232,stale,executor,vdbeaux.c,src/vdbeaux.c,vdbeaux.c,2928,2928,3184,vdbeCommit,function,1
sqlaser_sqlite354_r5,sqlite,5,sqlite_target_000233,stale,executor,vdbeaux.c,src/vdbeaux.c,vdbeaux.c,317,312,322,,window,1
sqlaser_sqlite354_r5,sqlite,5,sqlite_target_000234,stale,executor,vdbeaux.c,src/vdbeaux.c,vdbeaux.c,3228,3228,3273,vdbeCloseStatement,function,1
sqlaser_sqlite354_r5,sqlite,5,sqlite_target_000235,stale,executor,vdbeaux.c,src/vdbeaux.c,vdbeaux.c,3274,3274,3279,sqlite3VdbeCloseStatement,function,0
sqlaser_sqlite354_r5,sqlite,5,sqlite_target_000236,stale,executor,vdbeaux.c,src/vdbeaux.c,vdbeaux.c,3293,3293,3299,vdbeFkError,function,1
sqlaser_sqlite354_r5,sqlite,5,sqlite_target_000237,stale,executor,vdbeaux.c,src/vdbeaux.c,vdbeaux.c,3300,3300,3303,sqlite3VdbeError,function,0
sqlaser_sqlite354_r5,sqlite,5,sqlite_target_000238,stale,executor,vdbeaux.c,src/vdbeaux.c,vdbeaux.c,3304,3304,3308,sqlite3VdbeCheckFkImmediate,function,0
sqlaser_sqlite354_r5,sqlite,5,sqlite_target_000239,stale,executor,vdbeaux.c,src/vdbeaux.c,vdbeaux.c,3324,3324,3526,sqlite3VdbeHalt,function,1
sqlaser_sqlite354_r5,sqlite,5,sqlite_target_000240,stale,executor,vdbeaux.c,src/vdbeaux.c,vdbeaux.c,3533,3533,3535,sqlite3VdbeResetStepResult,function,0
sqlaser_sqlite354_r5,sqlite,5,sqlite_target_000241,stale,executor,vdbeaux.c,src/vdbeaux.c,vdbeaux.c,3545,3545,3561,sqlite3_errcode,function,1
sqlaser_sqlite354_r5,sqlite,5,sqlite_target_000242,stale,executor,vdbeaux.c,src/vdbeaux.c,vdbeaux.c,3595,3595,3680,sqlite3VdbeReset,function,1
sqlaser_sqlite354_r5,sqlite,5,sqlite_target_000243,stale,executor,vdbeaux.c,src/vdbeaux.c,vdbeaux.c,3686,3686,3697,sqlite3VdbeFinalize,function,1
sqlaser_sqlite354_r5,sqlite,5,sqlite_target_000244,stale,executor,vdbeaux.c,src/vdbeaux.c,vdbeaux.c,369,369,371,sqlite3VdbeGoto,function,1
sqlaser_sqlite354_r5,sqlite,5,sqlite_target_000245,stale,executor,vdbeaux.c,src/vdbeaux.c,vdbeaux.c,3743,3743,3782,sqlite3VdbeDelete,function,1
sqlaser_sqlite354_r5,sqlite,5,sqlite_target_000246,stale,executor,vdbeaux.c,src/vdbeaux.c,vdbeaux.c,376,376,378,sqlite3VdbeLoadString,function,1
sqlaser_sqlite354_r5,sqlite,5,sqlite_target_000247,stale,executor,vdbeaux.c,src/vdbeaux.c,vdbeaux.c,3787,3787,3803,sqlite3VdbeDelete,function,1
sqlaser_sqlite354_r5,sqlite,5,sqlite_target_000248,stale,executor,vdbeaux.c,src/vdbeaux.c,vdbeaux.c,3810,3810,3827,sqlite3VdbeFinishMoveto,function,1
sqlaser_sqlite354_r5,sqlite,5,sqlite_target_000249,stale,executor,vdbeaux.c,src/vdbeaux.c,vdbeaux.c,3836,3836,3845,sqlite3VdbeHandleMovedCursor,function,1
sqlaser_sqlite354_r5,sqlite,5,sqlite_target_000250,stale,executor,vdbeaux.c,src/vdbeaux.c,vdbeaux.c,3851,3851,3857,sqlite3VdbeCursorRestore,function,0
sqlaser_sqlite354_r5,sqlite,5,sqlite_target_000251,stale,executor,vdbeaux.c,src/vdbeaux.c,vdbeaux.c,391,391,409,sqlite3VdbeMultiLoad,function,1
sqlaser_sqlite354_r5,sqlite,5,sqlite_target_000252,stale,executor,vdbeaux.c,src/vdbeaux.c,vdbeaux.c,3997,3997,4005,sqlite3VdbeSerialTypeLen,function,1
sqlaser_sqlite354_r5,sqlite,5,sqlite_target_000253,stale,executor,vdbeaux.c,src/vdbeaux.c,vdbeaux.c,4006,4006,4009,assert,function,0
sqlaser_sqlite354_r5,sqlite,5,sqlite_target_000254,stale,executor,vdbeaux.c,src/vdbeaux.c,vdbeaux.c,4132,4127,4137,,window,1
sqlaser_sqlite354_r5,sqlite,5,sqlite_target_000255,stale,executor,vdbeaux.c,src/vdbeaux.c,vdbeaux.c,414,409,419,,window,0
sqlaser_sqlite354_r5,sqlite,5,sqlite_target_000256,stale,executor,vdbeaux.c,src/vdbeaux.c,vdbeaux.c,4231,4226,4236,,window,1
sqlaser_sqlite354_r5,sqlite,5,sqlite_target_000257,stale,executor,vdbeaux.c,src/vdbeaux.c,vdbeaux.c,4251,4246,4256,,window,1
sqlaser_sqlite354_r5,sqlite,5,sqlite_target_000258,stale,executor,vdbeaux.c,src/vdbeaux.c,vdbeaux.c,438,433,443,,window,0
sqlaser_sqlite354_r5,sqlite,5,sqlite_target_000259,stale,executor,vdbeaux.c,src/vdbeaux.c,vdbeaux.c,4459,4454,4464,,window,1
sqlaser_sqlite354_r5,sqlite,5,sqlite_target_000260,stale,executor,vdbeaux.c,src/vdbeaux.c,vdbeaux.c,4485,4480,4490,,window,1
sqlaser_sqlite354_r5,sqlite,5,sqlite_target_000261,stale,executor,vdbeaux.c,src/vdbeaux.c,vdbeaux.c,4588,4588,4677,memcmp,function,1
sqlaser_sqlite354_r5,sqlite,5,sqlite_target_000262,stale,executor,vdbeaux.c,src/vdbeaux.c,vdbeaux.c,4687,4687,4719,vdbeRecordDecodeInt,function,1
sqlaser_sqlite354_r5,sqlite,5,sqlite_target_000263,stale,executor,vdbeaux.c,src/vdbeaux.c,vdbeaux.c,474,469,479,,window,0
sqlaser_sqlite354_r5,sqlite,5,sqlite_target_000264,stale,executor,vdbeaux.c,src/vdbeaux.c,vdbeaux.c,4742,4737,4747,,window,1
sqlaser_sqlite354_r5,sqlite,5,sqlite_target_000265,stale,executor,vdbeaux.c,src/vdbeaux.c,vdbeaux.c,493,493,498,sqlite3VdbeExplainParent,function,1
sqlaser_sqlite354_r5,sqlite,5,sqlite_target_000266,stale,executor,vdbeaux.c,src/vdbeaux.c,vdbeaux.c,4963,4958,4968,,window,0
sqlaser_sqlite354_r5,sqlite,5,sqlite_target_000267,stale,executor,vdbeaux.c,src/vdbeaux.c,vdbeaux.c,4980,4975,4985,,window,1
sqlaser_sqlite354_r5,sqlite,5,sqlite_target_000268,stale,executor,vdbeaux.c,src/vdbeaux.c,vdbeaux.c,5075,5070,5080,,window,1
sqlaser_sqlite354_r5,sqlite,5,sqlite_target_000269,stale,executor,vdbeaux.c,src/vdbeaux.c,vdbeaux.c,5145,5145,5190,sqlite3VdbeFindCompare,function,1
sqlaser_sqlite354_r5,sqlite,5,sqlite_target_000270,stale,executor,vdbeaux.c,src/vdbeaux.c,vdbeaux.c,517,517,543,sqlite3VdbeExplainPop,function,1
sqlaser_sqlite354_r5,sqlite,5,sqlite_target_000271,stale,parser,vdbeaux.c,src/vdbeaux.c,vdbeaux.c,52,52,54,sqlite3VdbeParser,function,1
sqlaser_sqlite354_r5,sqlite,5,sqlite_target_000272,stale,executor,vdbeaux.c,src/vdbeaux.c,vdbeaux.c,5200,5200,5266,sqlite3VdbeIdxRowid,function,1
sqlaser_sqlite354_r5,sqlite,5,sqlite_target_000273,stale,executor,vdbeaux.c,src/vdbeaux.c,vdbeaux.c,5279,5274,5284,,window,0
sqlaser_sqlite354_r5,sqlite,5,sqlite_target_000274,stale,executor,vdbeaux.c,src/vdbeaux.c,vdbeaux.c,5324,5324,5326,sqlite3VdbeCountChanges,function,0
sqlaser_sqlite354_r5,sqlite,5,sqlite_target_000275,stale,executor,vdbeaux.c,src/vdbeaux.c,vdbeaux.c,5356,5356,5358,sqlite3VdbeDb,function,0
sqlaser_sqlite354_r5,sqlite,5,sqlite_target_000276,stale,executor,vdbeaux.c,src/vdbeaux.c,vdbeaux.c,5363,5363,5365,sqlite3VdbePrepareFlags,function,0
sqlaser_sqlite354_r5,sqlite,5,sqlite_target_000277,stale,executor,vdbeaux.c,src/vdbeaux.c,vdbeaux.c,5375,5375,5391,aff,function,1
sqlaser_sqlite354_r5,sqlite,5,sqlite_target_000278,stale,executor,vdbeaux.c,src/vdbeaux.c,vdbeaux.c,5398,5398,5407,sqlite3VdbeSetVarmask,function,0
sqlaser_sqlite354_r5,sqlite,5,sqlite_target_000279,stale,executor,vdbeaux.c,src/vdbeaux.c,vdbeaux.c,5420,5415,5425,,window,0
sqlaser_sqlite354_r5,sqlite,5,sqlite_target_000280,stale,executor,vdbeaux.c,src/vdbeaux.c,vdbeaux.c,5453,5448,5458,,window,0
sqlaser_sqlite354_r5,sqlite,5,sqlite_target_000281,stale,executor,vdbeaux.c,src/vdbeaux.c,vdbeaux.c,548,548,551,sqlite3VdbeExplainPop,function,1
sqlaser_sqlite354_r5,sqlite,5,sqlite_target_000282,stale,executor,vdbeaux.c,src/vdbeaux.c,vdbeaux.c,5551,5546,5556,,window,0
sqlaser_sqlite354_r5,sqlite,5,sqlite_target_000283,stale,executor,vdbeaux.c,src/vdbeaux.c,vdbeaux.c,571,571,578,sqlite3DbMalloc,function,1
sqlaser_sqlite354_r5,sqlite,5,sqlite_target_000284,stale,executor,vdbeaux.c,src/vdbeaux.c,vdbeaux.c,582,582,593,sqlite3MayAbort,function,0
sqlaser_sqlite354_r5,sqlite,5,sqlite_target_000285,stale,executor,vdbeaux.c,src/vdbeaux.c,vdbeaux.c,59,59,65,sqlite3VdbeError,function,1
sqlaser_sqlite354_r5,sqlite,5,sqlite_target_000286,stale,executor,vdbeaux.c,src/vdbeaux.c,vdbeaux.c,620,620,622,sqlite3VdbeMakeLabel,function,0
sqlaser_sqlite354_r5,sqlite,5,sqlite_target_000287,stale,executor,vdbeaux.c,src/vdbeaux.c,vdbeaux.c,647,647,664,sqlite3VdbeResolveLabel,function,1
sqlaser_sqlite354_r5,sqlite,5,sqlite_target_000288,stale,executor,vdbeaux.c,src/vdbeaux.c,vdbeaux.c,669,669,671,sqlite3VdbeRunOnlyOnce,function,1
sqlaser_sqlite354_r5,sqlite,5,sqlite_target_000289,stale,executor,vdbeaux.c,src/vdbeaux.c,vdbeaux.c,676,676,684,sqlite3VdbeReusable,function,0
sqlaser_sqlite354_r5,sqlite,5,sqlite_target_000290,stale,executor,vdbeaux.c,src/vdbeaux.c,vdbeaux.c,70,70,78,sqlite3VdbeSetSql,function,1
sqlaser_sqlite354_r5,sqlite,5,sqlite_target_000291,stale,executor,vdbemem.c,src/vdbemem.c,vdbemem.c,1009,1009,1017,sqlite3VdbeMemSetZeroBlob,function,1
sqlaser_sqlite354_r5,sqlite,5,sqlite_target_000292,stale,executor,vdbemem.c,src/vdbemem.c,vdbemem.c,1039,1039,1043,vdbeReleaseAndSetInt64,function,0
sqlaser_sqlite354_r5,sqlite,5,sqlite_target_000293,stale,executor,vdbemem.c,src/vdbemem.c,vdbemem.c,1049,1049,1056,sqlite3VdbeMemSetInt64,function,1
sqlaser_sqlite354_r5,sqlite,5,sqlite_target_000294,stale,executor,vdbemem.c,src/vdbemem.c,vdbemem.c,106,106,135,vdbeMemRenderNum,function,1
sqlaser_sqlite354_r5,sqlite,5,sqlite_target_000295,stale,executor,vdbemem.c,src/vdbemem.c,vdbemem.c,1072,1067,1077,,window,1
sqlaser_sqlite354_r5,sqlite,5,sqlite_target_000296,stale,executor,vdbemem.c,src/vdbemem.c,vdbemem.c,1092,1092,1098,sqlite3VdbeMemSetDouble,function,1
sqlaser_sqlite354_r5,sqlite,5,sqlite_target_000297,stale,executor,vdbemem.c,src/vdbemem.c,vdbemem.c,1119,1119,1131,sqlite3VdbeMemSetRowSet,function,1
sqlaser_sqlite354_r5,sqlite,5,sqlite_target_000298,stale,executor,vdbemem.c,src/vdbemem.c,vdbemem.c,1137,1137,1147,sqlite3VdbeMemTooBig,function,1
sqlaser_sqlite354_r5,sqlite,5,sqlite_target_000299,stale,executor,vdbemem.c,src/vdbemem.c,vdbemem.c,1196,1196,1200,srcType,function,1
sqlaser_sqlite354_r5,sqlite,5,sqlite_target_000300,stale,executor,vdbemem.c,src/vdbemem.c,vdbemem.c,1201,1201,1211,vdbeClrCopy,function,1
sqlaser_sqlite354_r5,sqlite,5,sqlite_target_000301,stale,executor,vdbemem.c,src/vdbemem.c,vdbemem.c,1217,1217,1232,sqlite3VdbeMemCopy,function,1
sqlaser_sqlite354_r5,sqlite,5,sqlite_target_000302,stale,executor,vdbemem.c,src/vdbemem.c,vdbemem.c,1240,1240,1249,sqlite3VdbeMemMove,function,1
sqlaser_sqlite354_r5,sqlite,5,sqlite_target_000303,stale,executor,vdbemem.c,src/vdbemem.c,vdbemem.c,1273,1268,1278,,window,0
sqlaser_sqlite354_r5,sqlite,5,sqlite_target_000304,stale,executor,vdbemem.c,src/vdbemem.c,vdbemem.c,1374,1369,1379,,window,1
sqlaser_sqlite354_r5,sqlite,5,sqlite_target_000305,stale,executor,vdbemem.c,src/vdbemem.c,vdbemem.c,1462,1457,1467,,window,1
sqlaser_sqlite354_r5,sqlite,5,sqlite_target_000306,stale,executor,vdbemem.c,src/vdbemem.c,vdbemem.c,1490,1485,1495,,window,1
sqlaser_sqlite354_r5,sqlite,5,sqlite_target_000307,stale,executor,vdbemem.c,src/vdbemem.c,vdbemem.c,212,212,241,successful,function,1
sqlaser_sqlite354_r5,sqlite,5,sqlite_target_000308,stale,executor,vdbemem.c,src/vdbemem.c,vdbemem.c,251,251,299,sqlite3VdbeMemGrow,function,1
sqlaser_sqlite354_r5,sqlite,5,sqlite_target_000309,stale,executor,vdbemem.c,src/vdbemem.c,vdbemem.c,314,314,324,code,function,1
sqlaser_sqlite354_r5,sqlite,5,sqlite_target_000310,stale,executor,vdbemem.c,src/vdbemem.c,vdbemem.c,336,336,362,sqlite3VdbeMemZeroTerminateIfAble,function,1
sqlaser_sqlite354_r5,sqlite,5,sqlite_target_000311,stale,executor,vdbemem.c,src/vdbemem.c,vdbemem.c,373,373,382,vdbeMemAddTerminator,function,1
sqlaser_sqlite354_r5,sqlite,5,sqlite_target_000312,stale,executor,vdbemem.c,src/vdbemem.c,vdbemem.c,390,390,407,sqlite3VdbeMemMakeWriteable,function,1
sqlaser_sqlite354_r5,sqlite,5,sqlite_target_000313,stale,executor,vdbemem.c,src/vdbemem.c,vdbemem.c,414,414,439,sqlite3VdbeMemExpandBlob,function,1
sqlaser_sqlite354_r5,sqlite,5,sqlite_target_000314,stale,executor,vdbemem.c,src/vdbemem.c,vdbemem.c,445,445,455,sqlite3VdbeMemNulTerminate,function,1
sqlaser_sqlite354_r5,sqlite,5,sqlite_target_000315,stale,executor,vdbemem.c,src/vdbemem.c,vdbemem.c,471,471,496,user,function,1
sqlaser_sqlite354_r5,sqlite,5,sqlite_target_000316,stale,executor,vdbemem.c,src/vdbemem.c,vdbemem.c,506,506,528,sqlite3VdbeMemFinalize,function,1
sqlaser_sqlite354_r5,sqlite,5,sqlite_target_000317,stale,executor,vdbemem.c,src/vdbemem.c,vdbemem.c,539,539,554,xValue,function,1
sqlaser_sqlite354_r5,sqlite,5,sqlite_target_000318,stale,executor,vdbemem.c,src/vdbemem.c,vdbemem.c,566,566,579,sqlite3VdbeMemSetNull,function,1
sqlaser_sqlite354_r5,sqlite,5,sqlite_target_000319,stale,executor,vdbemem.c,src/vdbemem.c,vdbemem.c,589,589,598,sqlite3VdbeMemRelease,function,1
sqlaser_sqlite354_r5,sqlite,5,sqlite_target_000320,stale,executor,vdbemem.c,src/vdbemem.c,vdbemem.c,610,610,615,sqlite3VdbeMemSetNull,function,1
sqlaser_sqlite354_r5,sqlite,5,sqlite_target_000321,stale,executor,vdbemem.c,src/vdbemem.c,vdbemem.c,620,620,623,sqlite3VdbeMemReleaseMalloc,function,1
sqlaser_sqlite354_r5,sqlite,5,sqlite_target_000322,stale,executor,vdbemem.c,src/vdbemem.c,vdbemem.c,641,641,657,memIntValue,function,1
sqlaser_sqlite354_r5,sqlite,5,sqlite_target_000323,stale,executor,vdbemem.c,src/vdbemem.c,vdbemem.c,735,735,751,,function,1
sqlaser_sqlite354_r5,sqlite,5,sqlite_target_000324,stale,executor,vdbemem.c,src/vdbemem.c,vdbemem.c,770,770,785,sqlite3VdbeRealValue,function,1
sqlaser_sqlite354_r5,sqlite,5,sqlite_target_000325,stale,executor,vdbemem.c,src/vdbemem.c,vdbemem.c,791,791,796,sqlite3VdbeBooleanValue,function,1
sqlaser_sqlite354_r5,sqlite,5,sqlite_target_000326,stale,executor,vdbemem.c,src/vdbemem.c,vdbemem.c,802,802,829,sqlite3VdbeIntegerAffinity,function,1
sqlaser_sqlite354_r5,sqlite,5,sqlite_target_000327,stale,executor,vdbemem.c,src/vdbemem.c,vdbemem.c,834,834,843,sqlite3VdbeMemIntegerify,function,1
sqlaser_sqlite354_r5,sqlite,5,sqlite_target_000328,stale,executor,vdbemem.c,src/vdbemem.c,vdbemem.c,849,849,857,sqlite3VdbeMemRealify,function,1
sqlaser_sqlite354_r5,sqlite,5,sqlite_target_000329,stale,executor,vdbemem.c,src/vdbemem.c,vdbemem.c,893,893,917,sqlite3VdbeMemNumerify,function,0
sqlaser_sqlite354_r5,sqlite,5,sqlite_target_000330,stale,executor,vdbemem.c,src/vdbemem.c,vdbemem.c,926,926,966,used,function,1
sqlaser_sqlite354_r5,sqlite,5,sqlite_target_000331,stale,executor,vdbemem.c,src/vdbemem.c,vdbemem.c,973,973,978,sqlite3VdbeMemInit,function,1
sqlaser_sqlite354_r5,sqlite,5,sqlite_target_000332,stale,executor,vdbemem.c,src/vdbemem.c,vdbemem.c,993,993,999,sqlite3VdbeMemRelease,function,1
sqlaser_sqlite354_r5,sqlite,5,sqlite_target_000333,stale,executor,vdbesort.c,src/vdbesort.c,vdbesort.c,1050,1050,1057,vdbeSorterRecordFree,function,1
sqlaser_sqlite354_r5,sqlite,5,sqlite_target_000334,stale,executor,vdbesort.c,src/vdbesort.c,vdbesort.c,1063,1063,1083,vdbeSortSubtaskCleanup,function,1
sqlaser_sqlite354_r5,sqlite,5,sqlite_target_000335,stale,executor,vdbesort.c,src/vdbesort.c,vdbesort.c,1150,1145,1155,,window,0
sqlaser_sqlite354_r5,sqlite,5,sqlite_target_000336,stale,optimizer,vdbesort.c,src/vdbesort.c,vdbesort.c,1163,1163,1180,vdbeSorterJoinAll,function,1
sqlaser_sqlite354_r5,sqlite,5,sqlite_target_000337,stale,executor,vdbesort.c,src/vdbesort.c,vdbesort.c,1230,1230,1242,vdbeIncrFree,function,0
sqlaser_sqlite354_r5,sqlite,5,sqlite_target_000338,stale,executor,vdbesort.c,src/vdbesort.c,vdbesort.c,1247,1247,1275,sqlite3VdbeSorterReset,function,1
sqlaser_sqlite354_r5,sqlite,5,sqlite_target_000339,stale,executor,vdbesort.c,src/vdbesort.c,vdbesort.c,1280,1280,1296,sqlite3VdbeSorterClose,function,1
sqlaser_sqlite354_r5,sqlite,5,sqlite_target_000340,stale,executor,vdbesort.c,src/vdbesort.c,vdbesort.c,1354,1354,1362,vdbeSortAllocUnpacked,function,1
sqlaser_sqlite354_r5,sqlite,5,sqlite_target_000341,stale,executor,vdbesort.c,src/vdbesort.c,vdbesort.c,1368,1363,1373,,window,1
sqlaser_sqlite354_r5,sqlite,5,sqlite_target_000342,stale,executor,vdbesort.c,src/vdbesort.c,vdbesort.c,1410,1410,1417,vdbeSorterGetCompare,function,1
sqlaser_sqlite354_r5,sqlite,5,sqlite_target_000343,stale,executor,vdbesort.c,src/vdbesort.c,vdbesort.c,1424,1424,1474,vdbeSorterSort,function,1
sqlaser_sqlite354_r5,sqlite,5,sqlite_target_000344,stale,executor,vdbesort.c,src/vdbesort.c,vdbesort.c,1578,1578,1633,data,function,0
sqlaser_sqlite354_r5,sqlite,5,sqlite_target_000345,stale,executor,vdbesort.c,src/vdbesort.c,vdbesort.c,1642,1637,1647,,window,0
sqlaser_sqlite354_r5,sqlite,5,sqlite_target_000346,stale,executor,vdbesort.c,src/vdbesort.c,vdbesort.c,1713,1713,1720,vdbeSorterFlushThread,function,0
sqlaser_sqlite354_r5,sqlite,5,sqlite_target_000347,stale,executor,vdbesort.c,src/vdbesort.c,vdbesort.c,1727,1727,1792,vdbeSorterFlushPMA,function,0
sqlaser_sqlite354_r5,sqlite,5,sqlite_target_000348,stale,executor,vdbesort.c,src/vdbesort.c,vdbesort.c,1797,1792,1802,,window,1
sqlaser_sqlite354_r5,sqlite,5,sqlite_target_000349,stale,executor,vdbesort.c,src/vdbesort.c,vdbesort.c,1909,1909,1944,vdbeIncrPopulate,function,0
sqlaser_sqlite354_r5,sqlite,5,sqlite_target_000350,stale,executor,vdbesort.c,src/vdbesort.c,vdbesort.c,1951,1951,1956,vdbeIncrPopulateThread,function,0
sqlaser_sqlite354_r5,sqlite,5,sqlite_target_000351,stale,executor,vdbesort.c,src/vdbesort.c,vdbesort.c,1961,1961,1965,vdbeIncrBgPopulate,function,0
sqlaser_sqlite354_r5,sqlite,5,sqlite_target_000352,stale,executor,vdbesort.c,src/vdbesort.c,vdbesort.c,1985,1985,2016,vdbeIncrSwap,function,0
sqlaser_sqlite354_r5,sqlite,5,sqlite_target_000353,stale,executor,vdbesort.c,src/vdbesort.c,vdbesort.c,2024,2019,2029,,window,0
sqlaser_sqlite354_r5,sqlite,5,sqlite_target_000354,stale,executor,vdbesort.c,src/vdbesort.c,vdbesort.c,2049,2049,2052,vdbeIncrMergerSetThreads,function,0
sqlaser_sqlite354_r5,sqlite,5,sqlite_target_000355,stale,executor,vdbesort.c,src/vdbesort.c,vdbesort.c,2144,2139,2149,,window,0
sqlaser_sqlite354_r5,sqlite,5,sqlite_target_000356,stale,executor,vdbesort.c,src/vdbesort.c,vdbesort.c,2220,2220,2280,vdbePmaReaderNext,function,0
sqlaser_sqlite354_r5,sqlite,5,sqlite_target_000357,stale,executor,vdbesort.c,src/vdbesort.c,vdbesort.c,2287,2287,2294,vdbePmaReaderBgIncrInit,function,0
sqlaser_sqlite354_r5,sqlite,5,sqlite_target_000358,stale,executor,vdbesort.c,src/vdbesort.c,vdbesort.c,2308,2308,2324,,function,0
sqlaser_sqlite354_r5,sqlite,5,sqlite_target_000359,stale,executor,vdbesort.c,src/vdbesort.c,vdbesort.c,2338,2333,2343,,window,0
sqlaser_sqlite354_r5,sqlite,5,sqlite_target_000360,stale,executor,vdbesort.c,src/vdbesort.c,vdbesort.c,2395,2390,2400,,window,0
sqlaser_sqlite354_r5,sqlite,5,sqlite_target_000361,stale,executor,vdbesort.c,src/vdbesort.c,vdbesort.c,2451,2446,2456,,window,0
sqlaser_sqlite354_r5,sqlite,5,sqlite_target_000362,stale,executor,vdbesort.c,src/vdbesort.c,vdbesort.c,2530,2530,2604,,function,0
sqlaser_sqlite354_r5,sqlite,5,sqlite_target_000363,stale,executor,vdbesort.c,src/vdbesort.c,vdbesort.c,2612,2612,2655,sqlite3VdbeSorterRewind,function,1
sqlaser_sqlite354_r5,sqlite,5,sqlite_target_000364,stale,executor,vdbesort.c,src/vdbesort.c,vdbesort.c,2664,2664,2696,sqlite3VdbeSorterNext,function,1
sqlaser_sqlite354_r5,sqlite,5,sqlite_target_000365,stale,executor,vdbesort.c,src/vdbesort.c,vdbesort.c,2702,2697,2707,,window,1
sqlaser_sqlite354_r5,sqlite,5,sqlite_target_000366,stale,executor,vdbesort.c,src/vdbesort.c,vdbesort.c,2729,2729,2744,sqlite3VdbeSorterRowkey,function,1
sqlaser_sqlite354_r5,sqlite,5,sqlite_target_000367,stale,executor,vdbesort.c,src/vdbesort.c,vdbesort.c,2762,2757,2767,,window,1
sqlaser_sqlite354_r5,sqlite,5,sqlite_target_000368,stale,executor,vdbesort.c,src/vdbesort.c,vdbesort.c,474,474,480,vdbePmaReaderClear,function,0
sqlaser_sqlite354_r5,sqlite,5,sqlite_target_000369,stale,executor,vdbesort.c,src/vdbesort.c,vdbesort.c,491,486,496,,window,0
sqlaser_sqlite354_r5,sqlite,5,sqlite_target_000370,stale,executor,vdbesort.c,src/vdbesort.c,vdbesort.c,586,586,608,vdbePmaReadVarint,function,0
sqlaser_sqlite354_r5,sqlite,5,sqlite_target_000371,stale,executor,vdbesort.c,src/vdbesort.c,vdbesort.c,619,619,629,vdbeSorterMapFile,function,0
sqlaser_sqlite354_r5,sqlite,5,sqlite_target_000372,stale,executor,vdbesort.c,src/vdbesort.c,vdbesort.c,636,631,641,,window,0
sqlaser_sqlite354_r5,sqlite,5,sqlite_target_000373,stale,executor,vdbesort.c,src/vdbesort.c,vdbesort.c,683,683,719,vdbePmaReaderNext,function,0
sqlaser_sqlite354_r5,sqlite,5,sqlite_target_000374,stale,executor,vdbesort.c,src/vdbesort.c,vdbesort.c,763,758,768,,window,1
sqlaser_sqlite354_r5,sqlite,5,sqlite_target_000375,stale,executor,vdbesort.c,src/vdbesort.c,vdbesort.c,790,785,795,,window,1
sqlaser_sqlite354_r5,sqlite,5,sqlite_target_000376,stale,executor,vdbesort.c,src/vdbesort.c,vdbesort.c,809,804,814,,window,1
sqlaser_sqlite354_r5,sqlite,5,sqlite_target_000377,stale,executor,vdbesort.c,src/vdbesort.c,vdbesort.c,852,847,857,,window,1
sqlaser_sqlite354_r5,sqlite,5,sqlite_target_000378,stale,executor,vdbesort.c,src/vdbesort.c,vdbesort.c,936,931,941,,window,1
sqlaser_sqlite354_r5,sqlite,5,sqlite_target_000379,stale,executor,vdbetrace.c,src/vdbetrace.c,vdbetrace.c,72,67,77,,window,0
sqlaser_sqlite354_r5,sqlite,5,sqlite_target_000380,stale,optimizer,where.c,src/where.c,where.c,101,101,111,sqlite3WhereOrderByLimitOptLabel,function,1
sqlaser_sqlite354_r5,sqlite,5,sqlite_target_000381,stale,optimizer,where.c,src/where.c,where.c,124,124,137,sqlite3WhereMinMaxOptEarlyOut,function,1
sqlaser_sqlite354_r5,sqlite,5,sqlite_target_000382,stale,optimizer,where.c,src/where.c,where.c,263,263,273,sqlite3WhereMalloc,function,1
sqlaser_sqlite354_r5,sqlite,5,sqlite_target_000383,stale,optimizer,where.c,src/where.c,where.c,274,274,283,return,function,1
sqlaser_sqlite354_r5,sqlite,5,sqlite_target_000384,stale,optimizer,where.c,src/where.c,where.c,549,544,554,,window,0
sqlaser_sqlite354_r5,sqlite,5,sqlite_target_000385,stale,optimizer,where.c,src/where.c,where.c,6830,6825,6835,,window,0
sqlaser_sqlite354_r5,sqlite,5,sqlite_target_000386,stale,optimizer,where.c,src/where.c,where.c,7521,7521,7886,sqlite3WhereEnd,function,1
sqlaser_sqlite354_r5,sqlite,5,sqlite_target_000387,stale,optimizer,wherecode.c,src/wherecode.c,wherecode.c,117,112,122,,window,0
sqlaser_sqlite354_r5,sqlite,5,sqlite_target_000388,stale,optimizer,wherecode.c,src/wherecode.c,wherecode.c,1466,1461,1471,,window,0
sqlaser_sqlite354_r5,sqlite,5,sqlite_target_000389,stale,optimizer,wherecode.c,src/wherecode.c,wherecode.c,245,240,250,,window,0
sqlaser_sqlite354_r5,sqlite,5,sqlite_target_000390,stale,optimizer,wherecode.c,src/wherecode.c,wherecode.c,280,275,285,,window,0
sqlaser_sqlite354_r5,sqlite,5,sqlite_target_000391,stale,optimizer,wherecode.c,src/wherecode.c,wherecode.c,2841,2836,2846,,window,1
sqlaser_sqlite354_r5,sqlite,5,sqlite_target_000392,stale,optimizer,whereexpr.c,src/whereexpr.c,whereexpr.c,1591,1591,1602,sqlite3WhereSplit,function,1
sqlaser_sqlite354_r5,sqlite,5,sqlite_target_000393,stale,optimizer,whereexpr.c,src/whereexpr.c,whereexpr.c,1666,1666,1731,sqlite3WhereAddLimit,function,1
sqlaser_sqlite354_r5,sqlite,5,sqlite_target_000394,stale,optimizer,whereexpr.c,src/whereexpr.c,whereexpr.c,1736,1731,1741,,window,1
sqlaser_sqlite354_r5,sqlite,5,sqlite_target_000395,stale,optimizer,whereexpr.c,src/whereexpr.c,whereexpr.c,1754,1754,1785,sqlite3WhereClauseClear,function,1
sqlaser_sqlite354_r5,sqlite,5,sqlite_target_000396,stale,optimizer,whereexpr.c,src/whereexpr.c,whereexpr.c,1819,1814,1824,,window,1
sqlaser_sqlite354_r5,sqlite,5,sqlite_target_000397,stale,optimizer,whereexpr.c,src/whereexpr.c,whereexpr.c,1845,1845,1853,sqlite3WhereExprUsage,function,1
sqlaser_sqlite354_r5,sqlite,5,sqlite_target_000398,stale,optimizer,whereexpr.c,src/whereexpr.c,whereexpr.c,1854,1854,1856,assert,function,1
sqlaser_sqlite354_r5,sqlite,5,sqlite_target_000399,stale,optimizer,whereexpr.c,src/whereexpr.c,whereexpr.c,1857,1857,1866,sqlite3WhereExprUsageFull,function,1
sqlaser_sqlite354_r5,sqlite,5,sqlite_target_000400,stale,optimizer,whereexpr.c,src/whereexpr.c,whereexpr.c,1877,1872,1882,,window,1
sqlaser_sqlite354_r5,sqlite,5,sqlite_target_000401,stale,optimizer,whereexpr.c,src/whereexpr.c,whereexpr.c,1894,1889,1899,,window,1
sqlaser_sqlite354_r5,sqlite,5,sqlite_target_000402,stale,optimizer,whereexpr.c,src/whereexpr.c,whereexpr.c,353,353,372,sqlite3ExprIsLikeOperator,function,1
sqlaser_sqlite354_r5,sqlite,5,sqlite_target_000403,memory,other,backup.c,src/backup.c,backup.c,747,742,752,,window,1
sqlaser_sqlite354_r5,sqlite,5,sqlite_target_000404,memory,other,backup.c,src/backup.c,backup.c,748,743,753,,window,1
sqlaser_sqlite354_r5,sqlite,5,sqlite_target_000405,memory,other,backup.c,src/backup.c,backup.c,749,744,754,,window,1
sqlaser_sqlite354_r5,sqlite,5,sqlite_target_000406,memory,storage,btree.c,src/btree.c,btree.c,10204,10204,10210,sqlite3PagerUnref,function,1
sqlaser_sqlite354_r5,sqlite,5,sqlite_target_000407,memory,catalog_metadata,btree.c,src/btree.c,btree.c,10283,10283,10302,sqlite3BtreeClearTable,function,1
sqlaser_sqlite354_r5,sqlite,5,sqlite_target_000408,memory,storage,btree.c,src/btree.c,btree.c,1030,1030,1033,sqlite3BtreeCursorHintFlags,function,0
sqlaser_sqlite354_r5,sqlite,5,sqlite_target_000409,memory,catalog_metadata,btree.c,src/btree.c,btree.c,10309,10309,10311,sqlite3BtreeClearTableOfCursor,function,0
sqlaser_sqlite354_r5,sqlite,5,sqlite_target_000410,memory,storage,btree.c,src/btree.c,btree.c,10418,10418,10424,releasePage,function,0
sqlaser_sqlite354_r5,sqlite,5,sqlite_target_000411,memory,storage,btree.c,src/btree.c,btree.c,10447,10447,10471,sqlite3BtreeGetMeta,function,1
sqlaser_sqlite354_r5,sqlite,5,sqlite_target_000412,memory,type_system,btree.c,src/btree.c,btree.c,10477,10477,10499,sqlite3BtreeUpdateMeta,function,1
sqlaser_sqlite354_r5,sqlite,5,sqlite_target_000413,memory,storage,btree.c,src/btree.c,btree.c,10509,10509,10572,encountered,function,1
sqlaser_sqlite354_r5,sqlite,5,sqlite_target_000414,memory,storage,btree.c,src/btree.c,btree.c,10578,10578,10580,sqlite3BtreePager,function,0
sqlaser_sqlite354_r5,sqlite,5,sqlite_target_000415,memory,storage,btree.c,src/btree.c,btree.c,11146,11141,11151,,window,1
sqlaser_sqlite354_r5,sqlite,5,sqlite_target_000416,memory,storage,btree.c,src/btree.c,btree.c,11179,11155,11294,,function,1
sqlaser_sqlite354_r5,sqlite,5,sqlite_target_000417,memory,storage,btree.c,src/btree.c,btree.c,11191,11186,11196,,window,1
sqlaser_sqlite354_r5,sqlite,5,sqlite_target_000418,memory,storage,btree.c,src/btree.c,btree.c,11304,11304,11307,sqlite3BtreeGetFilename,function,1
sqlaser_sqlite354_r5,sqlite,5,sqlite_target_000419,memory,storage,btree.c,src/btree.c,btree.c,11317,11317,11320,sqlite3BtreeGetJournalname,function,0
sqlaser_sqlite354_r5,sqlite,5,sqlite_target_000420,memory,storage,btree.c,src/btree.c,btree.c,11326,11326,11329,sqlite3BtreeTxnState,function,1
sqlaser_sqlite354_r5,sqlite,5,sqlite_target_000421,memory,storage,btree.c,src/btree.c,btree.c,11340,11340,11353,sqlite3BtreeCheckpoint,function,1
sqlaser_sqlite354_r5,sqlite,5,sqlite_target_000422,memory,storage,btree.c,src/btree.c,btree.c,11359,11359,11363,sqlite3BtreeIsInBackup,function,0
sqlaser_sqlite354_r5,sqlite,5,sqlite_target_000423,memory,storage,btree.c,src/btree.c,btree.c,11385,11385,11395,sqlite3_free,function,1
sqlaser_sqlite354_r5,sqlite,5,sqlite_target_000424,memory,catalog_metadata,btree.c,src/btree.c,btree.c,11402,11402,11411,sqlite3BtreeSchemaLocked,function,1
sqlaser_sqlite354_r5,sqlite,5,sqlite_target_000425,memory,catalog_metadata,btree.c,src/btree.c,btree.c,11420,11420,11436,sqlite3BtreeLockTable,function,1
sqlaser_sqlite354_r5,sqlite,5,sqlite_target_000426,memory,storage,btree.c,src/btree.c,btree.c,11450,11450,11493,sqlite3BtreePutData,function,1
sqlaser_sqlite354_r5,sqlite,5,sqlite_target_000427,memory,storage,btree.c,src/btree.c,btree.c,11498,11498,11501,sqlite3BtreeIncrblobCursor,function,1
sqlaser_sqlite354_r5,sqlite,5,sqlite_target_000428,memory,storage,btree.c,src/btree.c,btree.c,11509,11509,11538,sqlite3BtreeSetVersion,function,1
sqlaser_sqlite354_r5,sqlite,5,sqlite_target_000429,memory,storage,btree.c,src/btree.c,btree.c,11544,11544,11546,sqlite3BtreeCursorHasHint,function,0
sqlaser_sqlite354_r5,sqlite,5,sqlite_target_000430,memory,storage,btree.c,src/btree.c,btree.c,11551,11551,11553,sqlite3BtreeIsReadonly,function,0
sqlaser_sqlite354_r5,sqlite,5,sqlite_target_000431,memory,storage,btree.c,src/btree.c,btree.c,11564,11564,11569,sqlite3BtreeClearCache,function,0
sqlaser_sqlite354_r5,sqlite,5,sqlite_target_000432,memory,storage,btree.c,src/btree.c,btree.c,11575,11575,11577,,function,0
sqlaser_sqlite354_r5,sqlite,5,sqlite_target_000433,memory,storage,btree.c,src/btree.c,btree.c,11584,11584,11587,sqlite3BtreeConnectionCount,function,0
sqlaser_sqlite354_r5,sqlite,5,sqlite_target_000434,memory,storage,btree.c,src/btree.c,btree.c,1623,1623,1741,defragmentPage,function,1
sqlaser_sqlite354_r5,sqlite,5,sqlite_target_000435,memory,storage,btree.c,src/btree.c,btree.c,1676,1671,1681,,window,1
sqlaser_sqlite354_r5,sqlite,5,sqlite_target_000436,memory,storage,btree.c,src/btree.c,btree.c,1684,1679,1689,,window,1
sqlaser_sqlite354_r5,sqlite,5,sqlite_target_000437,memory,storage,btree.c,src/btree.c,btree.c,1700,1695,1705,,window,1
sqlaser_sqlite354_r5,sqlite,5,sqlite_target_000438,memory,storage,btree.c,src/btree.c,btree.c,1724,1702,1725,get2byte,function,1
sqlaser_sqlite354_r5,sqlite,5,sqlite_target_000439,memory,storage,btree.c,src/btree.c,btree.c,1738,1733,1743,,window,0
sqlaser_sqlite354_r5,sqlite,5,sqlite_target_000440,memory,storage,btree.c,src/btree.c,btree.c,2377,2377,2380,return,function,1
sqlaser_sqlite354_r5,sqlite,5,sqlite_target_000441,memory,storage,btree.c,src/btree.c,btree.c,2538,2533,2543,,window,1
sqlaser_sqlite354_r5,sqlite,5,sqlite_target_000442,memory,storage,btree.c,src/btree.c,btree.c,2584,2545,2831,,function,1
sqlaser_sqlite354_r5,sqlite,5,sqlite_target_000443,memory,storage,btree.c,src/btree.c,btree.c,2681,2668,2766,,function,1
sqlaser_sqlite354_r5,sqlite,5,sqlite_target_000444,memory,storage,btree.c,src/btree.c,btree.c,2927,2927,2984,sqlite3BtreeClose,function,1
sqlaser_sqlite354_r5,sqlite,5,sqlite_target_000445,memory,storage,btree.c,src/btree.c,btree.c,2993,2993,3000,sqlite3BtreeSetCacheSize,function,0
sqlaser_sqlite354_r5,sqlite,5,sqlite_target_000446,memory,storage,btree.c,src/btree.c,btree.c,3012,3012,3020,sqlite3BtreeSetSpillSize,function,1
sqlaser_sqlite354_r5,sqlite,5,sqlite_target_000447,memory,storage,btree.c,src/btree.c,btree.c,3027,3027,3034,sqlite3BtreeSetMmapLimit,function,0
sqlaser_sqlite354_r5,sqlite,5,sqlite_target_000448,memory,storage,btree.c,src/btree.c,btree.c,3046,3041,3051,,window,1
sqlaser_sqlite354_r5,sqlite,5,sqlite_target_000449,memory,storage,btree.c,src/btree.c,btree.c,3079,3079,3110,sqlite3BtreeSetPageSize,function,1
sqlaser_sqlite354_r5,sqlite,5,sqlite_target_000450,memory,storage,btree.c,src/btree.c,btree.c,3115,3115,3117,sqlite3BtreeGetPageSize,function,0
sqlaser_sqlite354_r5,sqlite,5,sqlite_target_000451,memory,storage,btree.c,src/btree.c,btree.c,3130,3130,3135,sqlite3BtreeEnter,function,0
sqlaser_sqlite354_r5,sqlite,5,sqlite_target_000452,memory,storage,btree.c,src/btree.c,btree.c,3146,3146,3153,sqlite3BtreeGetRequestedReserve,function,1
sqlaser_sqlite354_r5,sqlite,5,sqlite_target_000453,memory,storage,btree.c,src/btree.c,btree.c,3161,3161,3167,sqlite3BtreeMaxPageCount,function,0
sqlaser_sqlite354_r5,sqlite,5,sqlite_target_000454,memory,storage,btree.c,src/btree.c,btree.c,3187,3187,3200,sqlite3BtreeSecureDelete,function,1
sqlaser_sqlite354_r5,sqlite,5,sqlite_target_000455,memory,storage,btree.c,src/btree.c,btree.c,3208,3208,3226,sqlite3BtreeSetAutoVacuum,function,1
sqlaser_sqlite354_r5,sqlite,5,sqlite_target_000456,memory,storage,btree.c,src/btree.c,btree.c,3232,3232,3246,sqlite3BtreeGetAutoVacuum,function,0
sqlaser_sqlite354_r5,sqlite,5,sqlite_target_000457,memory,storage,btree.c,src/btree.c,btree.c,3560,3560,3567,sqlite3BtreeNewDb,function,0
sqlaser_sqlite354_r5,sqlite,5,sqlite_target_000458,memory,storage,btree.c,src/btree.c,btree.c,3811,3811,3832,btreeIntegrity,function,1
sqlaser_sqlite354_r5,sqlite,5,sqlite_target_000459,memory,storage,btree.c,src/btree.c,btree.c,4171,4171,4202,sqlite3BtreeIncrVacuum,function,1
sqlaser_sqlite354_r5,sqlite,5,sqlite_target_000460,memory,storage,btree.c,src/btree.c,btree.c,4319,4319,4340,sqlite3BtreeCommitPhaseOne,function,1
sqlaser_sqlite354_r5,sqlite,5,sqlite_target_000461,memory,storage,btree.c,src/btree.c,btree.c,4408,4408,4435,sqlite3BtreeCommitPhaseTwo,function,1
sqlaser_sqlite354_r5,sqlite,5,sqlite_target_000462,memory,storage,btree.c,src/btree.c,btree.c,4440,4440,4449,sqlite3BtreeCommit,function,0
sqlaser_sqlite354_r5,sqlite,5,sqlite_target_000463,memory,storage,btree.c,src/btree.c,btree.c,4477,4477,4503,sqlite3BtreeTripAllCursors,function,1
sqlaser_sqlite354_r5,sqlite,5,sqlite_target_000464,memory,storage,btree.c,src/btree.c,btree.c,4528,4528,4573,sqlite3BtreeRollback,function,1
sqlaser_sqlite354_r5,sqlite,5,sqlite_target_000465,memory,storage,btree.c,src/btree.c,btree.c,4593,4593,4610,sqlite3BtreeSavepoint,function,1
sqlaser_sqlite354_r5,sqlite,5,sqlite_target_000466,memory,storage,btree.c,src/btree.c,btree.c,4624,4624,4651,sqlite3BtreeSavepoint,function,1
sqlaser_sqlite354_r5,sqlite,5,sqlite_target_000467,memory,storage,btree.c,src/btree.c,btree.c,4775,4770,4780,,window,1
sqlaser_sqlite354_r5,sqlite,5,sqlite_target_000468,memory,storage,btree.c,src/btree.c,btree.c,4828,4828,4830,memset,function,1
sqlaser_sqlite354_r5,sqlite,5,sqlite_target_000469,memory,storage,btree.c,src/btree.c,btree.c,4836,4836,4869,sqlite3BtreeCloseCursor,function,1
sqlaser_sqlite354_r5,sqlite,5,sqlite_target_000470,memory,storage,btree.c,src/btree.c,btree.c,4916,4916,4919,sqlite3BtreeCursorIsValid,function,1
sqlaser_sqlite354_r5,sqlite,5,sqlite_target_000471,memory,storage,btree.c,src/btree.c,btree.c,4927,4927,4933,sqlite3BtreeIntegerKey,function,0
sqlaser_sqlite354_r5,sqlite,5,sqlite_target_000472,memory,storage,btree.c,src/btree.c,btree.c,4938,4938,4941,sqlite3BtreeCursorPin,function,1
sqlaser_sqlite354_r5,sqlite,5,sqlite_target_000473,memory,storage,btree.c,src/btree.c,btree.c,4942,4942,4945,sqlite3BtreeCursorPin,function,1
sqlaser_sqlite354_r5,sqlite,5,sqlite_target_000474,memory,storage,btree.c,src/btree.c,btree.c,4951,4951,4957,sqlite3BtreeOffset,function,0
sqlaser_sqlite354_r5,sqlite,5,sqlite_target_000475,memory,storage,btree.c,src/btree.c,btree.c,4968,4968,4973,sqlite3BtreePayloadSize,function,0
sqlaser_sqlite354_r5,sqlite,5,sqlite_target_000476,memory,storage,btree.c,src/btree.c,btree.c,4988,4988,4992,sqlite3BtreeMaxRecordSize,function,0
sqlaser_sqlite354_r5,sqlite,5,sqlite_target_000477,memory,storage,btree.c,src/btree.c,btree.c,5353,5353,5358,sqlite3BtreePayload,function,0
sqlaser_sqlite354_r5,sqlite,5,sqlite_target_000478,memory,storage,btree.c,src/btree.c,btree.c,5380,5380,5387,assert,function,0
sqlaser_sqlite354_r5,sqlite,5,sqlite_target_000479,memory,storage,btree.c,src/btree.c,btree.c,5448,5448,5450,sqlite3BtreePayloadFetch,function,1
sqlaser_sqlite354_r5,sqlite,5,sqlite_target_000480,memory,storage,btree.c,src/btree.c,btree.c,5696,5696,5712,sqlite3BtreeFirst,function,1
sqlaser_sqlite354_r5,sqlite,5,sqlite_target_000481,memory,storage,btree.c,src/btree.c,btree.c,5719,5719,5736,sqlite3BtreeIsEmpty,function,1
sqlaser_sqlite354_r5,sqlite,5,sqlite_target_000482,memory,storage,btree.c,src/btree.c,btree.c,5777,5777,5788,sqlite3BtreeLast,function,0
sqlaser_sqlite354_r5,sqlite,5,sqlite_target_000483,memory,storage,btree.c,src/btree.c,btree.c,5813,5808,5818,,window,1
sqlaser_sqlite354_r5,sqlite,5,sqlite_target_000484,memory,storage,btree.c,src/btree.c,btree.c,5907,5879,5949,assert,function,1
sqlaser_sqlite354_r5,sqlite,5,sqlite_target_000485,memory,storage,btree.c,src/btree.c,btree.c,6044,6039,6049,,window,1
sqlaser_sqlite354_r5,sqlite,5,sqlite_target_000486,memory,storage,btree.c,src/btree.c,btree.c,6188,6160,6203,testcase,function,1
sqlaser_sqlite354_r5,sqlite,5,sqlite_target_000487,memory,storage,btree.c,src/btree.c,btree.c,6282,6282,6288,sqlite3BtreeNext,function,1
sqlaser_sqlite354_r5,sqlite,5,sqlite_target_000488,memory,storage,btree.c,src/btree.c,btree.c,6295,6295,6313,sqlite3BtreeRowCountEst,function,1
sqlaser_sqlite354_r5,sqlite,5,sqlite_target_000489,memory,storage,btree.c,src/btree.c,btree.c,6389,6389,6407,moveToLeftmost,function,1
sqlaser_sqlite354_r5,sqlite,5,sqlite_target_000490,memory,storage,btree.c,src/btree.c,btree.c,6481,6481,6495,sqlite3BtreePrevious,function,1
sqlaser_sqlite354_r5,sqlite,5,sqlite_target_000491,memory,storage,btree.c,src/btree.c,btree.c,858,858,863,sqlite3BtreeClearCursor,function,0
sqlaser_sqlite354_r5,sqlite,5,sqlite_target_000492,memory,storage,btree.c,src/btree.c,btree.c,9414,9409,9419,,window,1
sqlaser_sqlite354_r5,sqlite,5,sqlite_target_000493,memory,storage,btree.c,src/btree.c,btree.c,949,949,955,sqlite3BtreeCursorRestore,function,1
sqlaser_sqlite354_r5,sqlite,5,sqlite_target_000494,memory,storage,btree.c,src/btree.c,btree.c,9625,9620,9630,,window,1
sqlaser_sqlite354_r5,sqlite,5,sqlite_target_000495,memory,storage,btree.c,src/btree.c,btree.c,9649,9632,9651,BTREE_CLEAR_CELL,function,1
sqlaser_sqlite354_r5,sqlite,5,sqlite_target_000496,memory,storage,btree.c,src/btree.c,btree.c,9700,9685,9710,,function,1
sqlaser_sqlite354_r5,sqlite,5,sqlite_target_000497,memory,storage,btree.c,src/btree.c,btree.c,9704,9699,9709,,window,1
sqlaser_sqlite354_r5,sqlite,5,sqlite_target_000498,memory,storage,btree.c,src/btree.c,btree.c,9732,9732,9827,sqlite3BtreeInsert,function,1
sqlaser_sqlite354_r5,sqlite,5,sqlite_target_000499,memory,storage,btree.c,src/btree.c,btree.c,9753,9748,9758,,window,1
sqlaser_sqlite354_r5,sqlite,5,sqlite_target_000500,memory,storage,btree.c,src/btree.c,btree.c,9785,9781,9802,get4byte,function,1
sqlaser_sqlite354_r5,sqlite,5,sqlite_target_000501,memory,storage,btree.c,src/btree.c,btree.c,981,981,997,sqlite3BtreeCursorHasMoved,function,1
sqlaser_sqlite354_r5,sqlite,5,sqlite_target_000502,memory,storage,btree.c,src/btree.c,btree.c,9846,9846,10046,sqlite3BtreeDelete,function,1
sqlaser_sqlite354_r5,sqlite,5,sqlite_target_000503,memory,other,delete.c,src/delete.c,delete.c,288,283,293,,window,0
sqlaser_sqlite354_r5,sqlite,5,sqlite_target_000504,memory,other,expr.c,src/expr.c,expr.c,1004,999,1009,,window,1
sqlaser_sqlite354_r5,sqlite,5,sqlite_target_000505,memory,type_system,expr.c,src/expr.c,expr.c,107,107,165,sqlite3ExprDataType,function,1
sqlaser_sqlite354_r5,sqlite,5,sqlite_target_000506,memory,other,expr.c,src/expr.c,expr.c,1100,1100,1137,IN,function,1
sqlaser_sqlite354_r5,sqlite,5,sqlite_target_000507,memory,other,expr.c,src/expr.c,expr.c,1147,1147,1165,sqlite3ExprAnd,function,1
sqlaser_sqlite354_r5,sqlite,5,sqlite_target_000508,memory,other,expr.c,src/expr.c,expr.c,1171,1166,1176,,window,1
sqlaser_sqlite354_r5,sqlite,5,sqlite_target_000509,memory,other,expr.c,src/expr.c,expr.c,1205,1205,1209,sqlite3ExprOrderByAggregateError,function,0
sqlaser_sqlite354_r5,sqlite,5,sqlite_target_000510,memory,other,expr.c,src/expr.c,expr.c,1221,1216,1226,,window,0
sqlaser_sqlite354_r5,sqlite,5,sqlite_target_000511,memory,other,expr.c,src/expr.c,expr.c,1278,1273,1283,,window,1
sqlaser_sqlite354_r5,sqlite,5,sqlite_target_000512,memory,other,expr.c,src/expr.c,expr.c,1319,1319,1384,sqlite3ExprAssignVarNumber,function,1
sqlaser_sqlite354_r5,sqlite,5,sqlite_target_000513,memory,other,expr.c,src/expr.c,expr.c,1389,1389,1439,sqlite3ExprDeleteNN,function,1
sqlaser_sqlite354_r5,sqlite,5,sqlite_target_000514,memory,other,expr.c,src/expr.c,expr.c,1440,1440,1442,,function,1
sqlaser_sqlite354_r5,sqlite,5,sqlite_target_000515,memory,other,expr.c,src/expr.c,expr.c,1470,1470,1472,sqlite3ExprDeferredDelete,function,0
sqlaser_sqlite354_r5,sqlite,5,sqlite_target_000516,memory,other,expr.c,src/expr.c,expr.c,1477,1477,1484,sqlite3ExprUnmapAndDelete,function,1
sqlaser_sqlite354_r5,sqlite,5,sqlite_target_000517,memory,other,expr.c,src/expr.c,expr.c,175,170,180,,window,1
sqlaser_sqlite354_r5,sqlite,5,sqlite_target_000518,memory,other,expr.c,src/expr.c,expr.c,1829,1829,1832,sqlite3ExprDup,function,1
sqlaser_sqlite354_r5,sqlite,5,sqlite_target_000519,memory,other,expr.c,src/expr.c,expr.c,1833,1833,1874,sqlite3ExprDup,function,1
sqlaser_sqlite354_r5,sqlite,5,sqlite_target_000520,memory,other,expr.c,src/expr.c,expr.c,191,186,196,,window,1
sqlaser_sqlite354_r5,sqlite,5,sqlite_target_000521,memory,other,expr.c,src/expr.c,expr.c,2026,2021,2031,,window,1
sqlaser_sqlite354_r5,sqlite,5,sqlite_target_000522,memory,other,expr.c,src/expr.c,expr.c,2045,2040,2050,,window,1
sqlaser_sqlite354_r5,sqlite,5,sqlite_target_000523,memory,type_system,expr.c,src/expr.c,expr.c,205,205,211,sqlite3ExprSkipCollate,function,1
sqlaser_sqlite354_r5,sqlite,5,sqlite_target_000524,memory,other,expr.c,src/expr.c,expr.c,2066,2061,2071,,window,1
sqlaser_sqlite354_r5,sqlite,5,sqlite_target_000525,memory,other,expr.c,src/expr.c,expr.c,2095,2090,2100,,window,1
sqlaser_sqlite354_r5,sqlite,5,sqlite_target_000526,memory,other,expr.c,src/expr.c,expr.c,2157,2157,2185,sqlite3ExprListSetSortOrder,function,1
sqlaser_sqlite354_r5,sqlite,5,sqlite_target_000527,memory,type_system,expr.c,src/expr.c,expr.c,218,218,232,sqlite3ExprSkipCollateAndLikely,function,1
sqlaser_sqlite354_r5,sqlite,5,sqlite_target_000528,memory,other,expr.c,src/expr.c,expr.c,2195,2190,2200,,window,1
sqlaser_sqlite354_r5,sqlite,5,sqlite_target_000529,memory,other,expr.c,src/expr.c,expr.c,2230,2225,2235,,window,1
sqlaser_sqlite354_r5,sqlite,5,sqlite_target_000530,memory,other,expr.c,src/expr.c,expr.c,2252,2247,2257,,window,1
sqlaser_sqlite354_r5,sqlite,5,sqlite_target_000531,memory,other,expr.c,src/expr.c,expr.c,2280,2280,2282,,function,1
sqlaser_sqlite354_r5,sqlite,5,sqlite_target_000532,memory,other,expr.c,src/expr.c,expr.c,2291,2291,2301,sqlite3ExprListFlags,function,1
sqlaser_sqlite354_r5,sqlite,5,sqlite_target_000533,memory,other,expr.c,src/expr.c,expr.c,2336,2336,2347,sqlite3ExprIdToTrueFalse,function,1
sqlaser_sqlite354_r5,sqlite,5,sqlite_target_000534,memory,other,expr.c,src/expr.c,expr.c,2353,2353,2360,sqlite3ExprTruthValue,function,1
sqlaser_sqlite354_r5,sqlite,5,sqlite_target_000535,memory,other,expr.c,src/expr.c,expr.c,2375,2375,2387,,function,1
sqlaser_sqlite354_r5,sqlite,5,sqlite_target_000536,memory,other,expr.c,src/expr.c,expr.c,248,248,309,sqlite3ExprCollSeq,function,1
sqlaser_sqlite354_r5,sqlite,5,sqlite_target_000537,memory,other,expr.c,src/expr.c,expr.c,2647,2647,2649,sqlite3ExprIsConstant,function,0
sqlaser_sqlite354_r5,sqlite,5,sqlite_target_000538,memory,other,expr.c,src/expr.c,expr.c,2664,2664,2666,sqlite3ExprCodeRunJustOnce,function,0
sqlaser_sqlite354_r5,sqlite,5,sqlite_target_000539,memory,catalog_metadata,expr.c,src/expr.c,expr.c,2693,2693,2709,sqlite3ExprIsTableConstant,function,1
sqlaser_sqlite354_r5,sqlite,5,sqlite_target_000540,memory,other,expr.c,src/expr.c,expr.c,2755,2750,2760,,window,1
sqlaser_sqlite354_r5,sqlite,5,sqlite_target_000541,memory,other,expr.c,src/expr.c,expr.c,2836,2836,2845,sqlite3ExprIsConstantOrGroupBy,function,0
sqlaser_sqlite354_r5,sqlite,5,sqlite_target_000542,memory,other,expr.c,src/expr.c,expr.c,2868,2868,2871,string,function,1
sqlaser_sqlite354_r5,sqlite,5,sqlite_target_000543,memory,other,expr.c,src/expr.c,expr.c,2901,2901,2951,parameter,function,1
sqlaser_sqlite354_r5,sqlite,5,sqlite_target_000544,memory,other,expr.c,src/expr.c,expr.c,2967,2967,2996,negative,function,1
sqlaser_sqlite354_r5,sqlite,5,sqlite_target_000545,memory,other,expr.c,src/expr.c,expr.c,3008,3008,3039,sqlite3ExprNeedsNoAffinityChange,function,1
sqlaser_sqlite354_r5,sqlite,5,sqlite_target_000546,memory,other,expr.c,src/expr.c,expr.c,321,321,326,sqlite3ExprCollSeq,function,1
sqlaser_sqlite354_r5,sqlite,5,sqlite_target_000547,memory,other,expr.c,src/expr.c,expr.c,331,331,337,sqlite3ExprCollSeqMatch,function,1
sqlaser_sqlite354_r5,sqlite,5,sqlite_target_000548,memory,other,expr.c,src/expr.c,expr.c,3990,3990,4002,IN,function,1
sqlaser_sqlite354_r5,sqlite,5,sqlite_target_000549,memory,other,expr.c,src/expr.c,expr.c,4031,4026,4036,,window,1
sqlaser_sqlite354_r5,sqlite,5,sqlite_target_000550,memory,other,expr.c,src/expr.c,expr.c,4361,4356,4366,,window,1
sqlaser_sqlite354_r5,sqlite,5,sqlite_target_000551,memory,other,expr.c,src/expr.c,expr.c,4386,4381,4391,,window,1
sqlaser_sqlite354_r5,sqlite,5,sqlite_target_000552,memory,other,expr.c,src/expr.c,expr.c,4419,4414,4424,,window,1
sqlaser_sqlite354_r5,sqlite,5,sqlite_target_000553,memory,other,expr.c,src/expr.c,expr.c,4476,4471,4481,,window,1
sqlaser_sqlite354_r5,sqlite,5,sqlite_target_000554,memory,other,expr.c,src/expr.c,expr.c,45,45,95,t1,function,1
sqlaser_sqlite354_r5,sqlite,5,sqlite_target_000555,memory,other,expr.c,src/expr.c,expr.c,4500,4500,4502,sqlite3ExprCodeMove,function,0
sqlaser_sqlite354_r5,sqlite,5,sqlite_target_000556,memory,other,expr.c,src/expr.c,expr.c,4509,4509,4520,sqlite3ExprToRegister,function,1
sqlaser_sqlite354_r5,sqlite,5,sqlite_target_000557,memory,other,expr.c,src/expr.c,expr.c,454,454,460,sqlite3BinaryCompareCollSeq,function,1
sqlaser_sqlite354_r5,sqlite,5,sqlite_target_000558,memory,type_system,expr.c,src/expr.c,expr.c,4743,4743,4750,sqlite3ExprCanReturnSubtype,function,0
sqlaser_sqlite354_r5,sqlite,5,sqlite_target_000559,memory,other,expr.c,src/expr.c,expr.c,4943,4943,5771,sqlite3ExprCodeTarget,function,1
sqlaser_sqlite354_r5,sqlite,5,sqlite_target_000560,memory,other,expr.c,src/expr.c,expr.c,501,501,503,sqlite3ExprIsVector,function,0
sqlaser_sqlite354_r5,sqlite,5,sqlite_target_000561,memory,other,expr.c,src/expr.c,expr.c,511,511,523,sqlite3ExprVectorSize,function,1
sqlaser_sqlite354_r5,sqlite,5,sqlite_target_000562,memory,other,expr.c,src/expr.c,expr.c,576,571,581,,window,1
sqlaser_sqlite354_r5,sqlite,5,sqlite_target_000563,memory,other,expr.c,src/expr.c,expr.c,5790,5785,5795,,window,0
sqlaser_sqlite354_r5,sqlite,5,sqlite_target_000564,memory,other,expr.c,src/expr.c,expr.c,5841,5836,5846,,window,1
sqlaser_sqlite354_r5,sqlite,5,sqlite_target_000565,memory,other,expr.c,src/expr.c,expr.c,5869,5869,5890,sqlite3ExprCodeTemp,function,1
sqlaser_sqlite354_r5,sqlite,5,sqlite_target_000566,memory,other,expr.c,src/expr.c,expr.c,5897,5897,5918,sqlite3ExprCode,function,1
sqlaser_sqlite354_r5,sqlite,5,sqlite_target_000567,memory,other,expr.c,src/expr.c,expr.c,5925,5925,5930,sqlite3ExprCodeCopy,function,0
sqlaser_sqlite354_r5,sqlite,5,sqlite_target_000568,memory,other,expr.c,src/expr.c,expr.c,5938,5938,5944,sqlite3ExprCodeFactorable,function,0
sqlaser_sqlite354_r5,sqlite,5,sqlite_target_000569,memory,other,expr.c,src/expr.c,expr.c,5966,5961,5971,,window,0
sqlaser_sqlite354_r5,sqlite,5,sqlite_target_000570,memory,other,expr.c,src/expr.c,expr.c,6113,6113,6268,values,function,1
sqlaser_sqlite354_r5,sqlite,5,sqlite_target_000571,memory,other,expr.c,src/expr.c,expr.c,6279,6279,6468,NULL,function,1
sqlaser_sqlite354_r5,sqlite,5,sqlite_target_000572,memory,other,expr.c,src/expr.c,expr.c,6475,6475,6482,sqlite3ExprIfFalseDup,function,1
sqlaser_sqlite354_r5,sqlite,5,sqlite_target_000573,memory,other,expr.c,src/expr.c,expr.c,6557,6552,6562,,window,0
sqlaser_sqlite354_r5,sqlite,5,sqlite_target_000574,memory,other,expr.c,src/expr.c,expr.c,6659,6659,6672,sqlite3ExprListCompare,function,1
sqlaser_sqlite354_r5,sqlite,5,sqlite_target_000575,memory,other,expr.c,src/expr.c,expr.c,6678,6678,6683,sqlite3ExprCompareSkip,function,1
sqlaser_sqlite354_r5,sqlite,5,sqlite_target_000576,memory,other,expr.c,src/expr.c,expr.c,6767,6767,6774,sqlite3ExprIsNotTrue,function,1
sqlaser_sqlite354_r5,sqlite,5,sqlite_target_000577,memory,other,expr.c,src/expr.c,expr.c,6786,6786,6811,iif,function,1
sqlaser_sqlite354_r5,sqlite,5,sqlite_target_000578,memory,other,expr.c,src/expr.c,expr.c,6840,6835,6845,,window,0
sqlaser_sqlite354_r5,sqlite,5,sqlite_target_000579,memory,other,expr.c,src/expr.c,expr.c,7024,7024,7044,sqlite3ExprImpliesNonNullRow,function,1
sqlaser_sqlite354_r5,sqlite,5,sqlite_target_000580,memory,other,expr.c,src/expr.c,expr.c,7084,7079,7089,,window,0
sqlaser_sqlite354_r5,sqlite,5,sqlite_target_000581,memory,other,expr.c,src/expr.c,expr.c,7562,7562,7572,sqlite3ResolveExprNames,function,1
sqlaser_sqlite354_r5,sqlite,5,sqlite_target_000582,memory,other,expr.c,src/expr.c,expr.c,7580,7580,7588,sqlite3ExprAnalyzeAggregates,function,1
sqlaser_sqlite354_r5,sqlite,5,sqlite_target_000583,memory,other,expr.c,src/expr.c,expr.c,794,794,804,sqlite3ExprCheckHeight,function,1
sqlaser_sqlite354_r5,sqlite,5,sqlite_target_000584,memory,other,expr.c,src/expr.c,expr.c,874,874,878,sqlite3ExprSetHeightAndFlags,function,1
sqlaser_sqlite354_r5,sqlite,5,sqlite_target_000585,memory,other,expr.c,src/expr.c,expr.c,906,906,910,sqlite3ExprSetErrorOffset,function,1
sqlaser_sqlite354_r5,sqlite,5,sqlite_target_000586,memory,other,expr.c,src/expr.c,expr.c,933,928,938,,window,1
sqlaser_sqlite354_r5,sqlite,5,sqlite_target_000587,memory,other,expr.c,src/expr.c,expr.c,983,983,996,sqlite3ExprInt32,function,1
sqlaser_sqlite354_r5,sqlite,5,sqlite_target_000588,memory,other,insert.c,src/insert.c,insert.c,1718,1713,1723,,window,1
sqlaser_sqlite354_r5,sqlite,5,sqlite_target_000589,memory,other,insert.c,src/insert.c,insert.c,894,889,899,,window,0
sqlaser_sqlite354_r5,sqlite,5,sqlite_target_000590,memory,other,legacy.c,src/legacy.c,legacy.c,75,70,80,,window,1
sqlaser_sqlite354_r5,sqlite,5,sqlite_target_000591,memory,other,resolve.c,src/resolve.c,resolve.c,179,179,200,sqlite3ExprColUsed,function,1
sqlaser_sqlite354_r5,sqlite,5,sqlite_target_000592,memory,other,select.c,src/select.c,select.c,7578,7573,7583,,window,0
sqlaser_sqlite354_r5,sqlite,5,sqlite_target_000593,memory,type_system,update.c,src/update.c,update.c,285,280,290,,window,0
sqlaser_sqlite354_r5,sqlite,5,sqlite_target_000594,memory,other,utf.c,src/utf.c,utf.c,316,311,321,,window,1
sqlaser_sqlite354_r5,sqlite,5,sqlite_target_000595,memory,other,utf.c,src/utf.c,utf.c,457,437,465,allocation,function,0
sqlaser_sqlite354_r5,sqlite,5,sqlite_target_000596,memory,other,util.c,src/util.c,util.c,1820,1801,1828,sqlite3GetVarint32,function,1
sqlaser_sqlite354_r5,sqlite,5,sqlite_target_000597,memory,executor,vdbe.c,src/vdbe.c,vdbe.c,1456,1449,1479,,function,1
sqlaser_sqlite354_r5,sqlite,5,sqlite_target_000598,memory,executor,vdbe.c,src/vdbe.c,vdbe.c,1598,1593,1603,,window,1
sqlaser_sqlite354_r5,sqlite,5,sqlite_target_000599,memory,executor,vdbe.c,src/vdbe.c,vdbe.c,1620,1610,1625,,function,1
sqlaser_sqlite354_r5,sqlite,5,sqlite_target_000600,memory,executor,vdbe.c,src/vdbe.c,vdbe.c,1866,1826,1886,memcpy,function,1
sqlaser_sqlite354_r5,sqlite,5,sqlite_target_000601,memory,executor,vdbe.c,src/vdbe.c,vdbe.c,2101,2096,2106,,window,0
sqlaser_sqlite354_r5,sqlite,5,sqlite_target_000602,memory,executor,vdbe.c,src/vdbe.c,vdbe.c,2109,2104,2114,,window,0
sqlaser_sqlite354_r5,sqlite,5,sqlite_target_000603,memory,executor,vdbe.c,src/vdbe.c,vdbe.c,2419,2414,2424,,window,1
sqlaser_sqlite354_r5,sqlite,5,sqlite_target_000604,memory,executor,vdbe.c,src/vdbe.c,vdbe.c,2572,2563,2583,assert,function,1
sqlaser_sqlite354_r5,sqlite,5,sqlite_target_000605,memory,executor,vdbe.c,src/vdbe.c,vdbe.c,3077,3072,3082,,window,1
sqlaser_sqlite354_r5,sqlite,5,sqlite_target_000606,memory,executor,vdbe.c,src/vdbe.c,vdbe.c,3078,3073,3083,,window,1
sqlaser_sqlite354_r5,sqlite,5,sqlite_target_000607,memory,executor,vdbe.c,src/vdbe.c,vdbe.c,3086,3081,3091,,window,1
sqlaser_sqlite354_r5,sqlite,5,sqlite_target_000608,memory,executor,vdbe.c,src/vdbe.c,vdbe.c,3145,3140,3150,,window,1
sqlaser_sqlite354_r5,sqlite,5,sqlite_target_000609,memory,executor,vdbe.c,src/vdbe.c,vdbe.c,3146,3141,3151,,window,1
sqlaser_sqlite354_r5,sqlite,5,sqlite_target_000610,memory,executor,vdbe.c,src/vdbe.c,vdbe.c,3165,3160,3170,,window,1
sqlaser_sqlite354_r5,sqlite,5,sqlite_target_000611,memory,executor,vdbe.c,src/vdbe.c,vdbe.c,3232,3227,3237,,window,1
sqlaser_sqlite354_r5,sqlite,5,sqlite_target_000612,memory,executor,vdbe.c,src/vdbe.c,vdbe.c,3244,3239,3249,,window,1
sqlaser_sqlite354_r5,sqlite,5,sqlite_target_000613,memory,executor,vdbe.c,src/vdbe.c,vdbe.c,3248,3243,3253,,window,1
sqlaser_sqlite354_r5,sqlite,5,sqlite_target_000614,memory,executor,vdbe.c,src/vdbe.c,vdbe.c,3278,3264,3287,,function,1
sqlaser_sqlite354_r5,sqlite,5,sqlite_target_000615,memory,executor,vdbe.c,src/vdbe.c,vdbe.c,3771,3766,3776,,window,1
sqlaser_sqlite354_r5,sqlite,5,sqlite_target_000616,memory,executor,vdbe.c,src/vdbe.c,vdbe.c,3799,3794,3804,,window,1
sqlaser_sqlite354_r5,sqlite,5,sqlite_target_000617,memory,executor,vdbe.c,src/vdbe.c,vdbe.c,3807,3802,3812,,window,1
sqlaser_sqlite354_r5,sqlite,5,sqlite_target_000618,memory,executor,vdbe.c,src/vdbe.c,vdbe.c,3902,3897,3907,,window,1
sqlaser_sqlite354_r5,sqlite,5,sqlite_target_000619,memory,executor,vdbe.c,src/vdbe.c,vdbe.c,3905,3900,3910,,window,1
sqlaser_sqlite354_r5,sqlite,5,sqlite_target_000620,memory,executor,vdbe.c,src/vdbe.c,vdbe.c,436,436,449,sqlite3_value_numeric_type,function,1
sqlaser_sqlite354_r5,sqlite,5,sqlite_target_000621,memory,executor,vdbe.c,src/vdbe.c,vdbe.c,6166,6139,6177,,function,1
sqlaser_sqlite354_r5,sqlite,5,sqlite_target_000622,memory,executor,vdbe.c,src/vdbe.c,vdbe.c,6919,6911,6931,,function,1
sqlaser_sqlite354_r5,sqlite,5,sqlite_target_000623,memory,executor,vdbe.c,src/vdbe.c,vdbe.c,720,715,725,,window,0
sqlaser_sqlite354_r5,sqlite,5,sqlite_target_000624,memory,executor,vdbe.c,src/vdbe.c,vdbe.c,7350,7345,7355,,window,1
sqlaser_sqlite354_r5,sqlite,5,sqlite_target_000625,memory,executor,vdbe.c,src/vdbe.c,vdbe.c,7395,7381,7407,,function,1
sqlaser_sqlite354_r5,sqlite,5,sqlite_target_000626,memory,executor,vdbe.c,src/vdbe.c,vdbe.c,7584,7571,7621,,function,1
sqlaser_sqlite354_r5,sqlite,5,sqlite_target_000627,memory,executor,vdbe.c,src/vdbe.c,vdbe.c,7638,7633,7643,,window,1
sqlaser_sqlite354_r5,sqlite,5,sqlite_target_000628,memory,executor,vdbe.c,src/vdbe.c,vdbe.c,7913,7894,7936,,function,1
sqlaser_sqlite354_r5,sqlite,5,sqlite_target_000629,memory,executor,vdbe.c,src/vdbe.c,vdbe.c,806,801,811,,window,0
sqlaser_sqlite354_r5,sqlite,5,sqlite_target_000630,memory,executor,vdbe.c,src/vdbe.c,vdbe.c,835,830,840,,window,1
sqlaser_sqlite354_r5,sqlite,5,sqlite_target_000631,memory,executor,vdbe.c,src/vdbe.c,vdbe.c,8370,8366,8386,,function,1
sqlaser_sqlite354_r5,sqlite,5,sqlite_target_000632,memory,executor,vdbe.c,src/vdbe.c,vdbe.c,8495,8465,8498,,function,1
sqlaser_sqlite354_r5,sqlite,5,sqlite_target_000633,memory,executor,vdbe.c,src/vdbe.c,vdbe.c,8630,8625,8635,,window,1
sqlaser_sqlite354_r5,sqlite,5,sqlite_target_000634,memory,executor,vdbe.c,src/vdbe.c,vdbe.c,866,866,875,vdbeMemTypeName,function,1
sqlaser_sqlite354_r5,sqlite,5,sqlite_target_000635,memory,executor,vdbe.c,src/vdbe.c,vdbe.c,881,876,886,,window,1
sqlaser_sqlite354_r5,sqlite,5,sqlite_target_000636,memory,executor,vdbeapi.c,src/vdbeapi.c,vdbeapi.c,1654,1654,1691,assert,function,1
sqlaser_sqlite354_r5,sqlite,5,sqlite_target_000637,memory,executor,vdbeapi.c,src/vdbeapi.c,vdbeapi.c,1953,1953,1956,sqlite3VdbeParameterIndex,function,0
sqlaser_sqlite354_r5,sqlite,5,sqlite_target_000638,memory,executor,vdbeapi.c,src/vdbeapi.c,vdbeapi.c,40,40,47,vdbeSafety,function,1
sqlaser_sqlite354_r5,sqlite,5,sqlite_target_000639,memory,executor,vdbeapi.c,src/vdbeapi.c,vdbeapi.c,48,48,55,vdbeSafetyNotNull,function,1
sqlaser_sqlite354_r5,sqlite,5,sqlite_target_000640,memory,executor,vdbeapi.c,src/vdbeapi.c,vdbeapi.c,913,913,960,sqlite3_step,function,1
sqlaser_sqlite354_r5,sqlite,5,sqlite_target_000641,memory,executor,vdbeaux.c,src/vdbeaux.c,vdbeaux.c,1075,1075,1078,sqlite3VdbeCurrentAddr,function,0
sqlaser_sqlite354_r5,sqlite,5,sqlite_target_000642,memory,executor,vdbeaux.c,src/vdbeaux.c,vdbeaux.c,1132,1132,1143,sqlite3VdbeTakeOpArray,function,1
sqlaser_sqlite354_r5,sqlite,5,sqlite_target_000643,memory,executor,vdbeaux.c,src/vdbeaux.c,vdbeaux.c,1152,1147,1157,,window,1
sqlaser_sqlite354_r5,sqlite,5,sqlite_target_000644,memory,executor,vdbeaux.c,src/vdbeaux.c,vdbeaux.c,127,127,152,sqlite3VdbeSwap,function,1
sqlaser_sqlite354_r5,sqlite,5,sqlite_target_000645,memory,executor,vdbeaux.c,src/vdbeaux.c,vdbeaux.c,1291,1291,1294,sqlite3VdbeChangeOpcode,function,1
sqlaser_sqlite354_r5,sqlite,5,sqlite_target_000646,memory,executor,vdbeaux.c,src/vdbeaux.c,vdbeaux.c,1295,1295,1298,sqlite3VdbeChangeOpcode,function,1
sqlaser_sqlite354_r5,sqlite,5,sqlite_target_000647,memory,executor,vdbeaux.c,src/vdbeaux.c,vdbeaux.c,1299,1299,1302,sqlite3VdbeChangeP1,function,1
sqlaser_sqlite354_r5,sqlite,5,sqlite_target_000648,memory,executor,vdbeaux.c,src/vdbeaux.c,vdbeaux.c,1303,1303,1306,sqlite3VdbeChangeP2,function,0
sqlaser_sqlite354_r5,sqlite,5,sqlite_target_000649,memory,executor,vdbeaux.c,src/vdbeaux.c,vdbeaux.c,1307,1307,1310,sqlite3VdbeChangeP3,function,1
sqlaser_sqlite354_r5,sqlite,5,sqlite_target_000650,memory,executor,vdbeaux.c,src/vdbeaux.c,vdbeaux.c,1317,1317,1325,sqlite3VdbeTypeofColumn,function,1
sqlaser_sqlite354_r5,sqlite,5,sqlite_target_000651,memory,executor,vdbeaux.c,src/vdbeaux.c,vdbeaux.c,1331,1331,1333,sqlite3VdbeJumpHere,function,0
sqlaser_sqlite354_r5,sqlite,5,sqlite_target_000652,memory,executor,vdbeaux.c,src/vdbeaux.c,vdbeaux.c,1348,1348,1361,sqlite3VdbeJumpHereOrPopInst,function,1
sqlaser_sqlite354_r5,sqlite,5,sqlite_target_000653,memory,executor,vdbeaux.c,src/vdbeaux.c,vdbeaux.c,1378,1378,1381,freeP4Mem,function,1
sqlaser_sqlite354_r5,sqlite,5,sqlite_target_000654,memory,executor,vdbeaux.c,src/vdbeaux.c,vdbeaux.c,1445,1445,1460,vdbeFreeOpArray,function,1
sqlaser_sqlite354_r5,sqlite,5,sqlite_target_000655,memory,parser,vdbeaux.c,src/vdbeaux.c,vdbeaux.c,1467,1467,1470,sqlite3VdbeLinkSubProgram,function,0
sqlaser_sqlite354_r5,sqlite,5,sqlite_target_000656,memory,parser,vdbeaux.c,src/vdbeaux.c,vdbeaux.c,1475,1475,1477,sqlite3VdbeHasSubProgram,function,1
sqlaser_sqlite354_r5,sqlite,5,sqlite_target_000657,memory,executor,vdbeaux.c,src/vdbeaux.c,vdbeaux.c,1482,1482,1492,sqlite3VdbeChangeToNoop,function,1
sqlaser_sqlite354_r5,sqlite,5,sqlite_target_000658,memory,executor,vdbeaux.c,src/vdbeaux.c,vdbeaux.c,1498,1498,1504,sqlite3VdbeDeletePriorOpcode,function,0
sqlaser_sqlite354_r5,sqlite,5,sqlite_target_000659,memory,executor,vdbeaux.c,src/vdbeaux.c,vdbeaux.c,1557,1552,1562,,window,1
sqlaser_sqlite354_r5,sqlite,5,sqlite_target_000660,memory,executor,vdbeaux.c,src/vdbeaux.c,vdbeaux.c,1576,1576,1608,,function,1
sqlaser_sqlite354_r5,sqlite,5,sqlite_target_000661,memory,executor,vdbeaux.c,src/vdbeaux.c,vdbeaux.c,1619,1619,1633,sqlite3VdbeChangeP4,function,1
sqlaser_sqlite354_r5,sqlite,5,sqlite_target_000662,memory,executor,vdbeaux.c,src/vdbeaux.c,vdbeaux.c,1639,1639,1646,sqlite3VdbeSetP4KeyInfo,function,1
sqlaser_sqlite354_r5,sqlite,5,sqlite_target_000663,memory,executor,vdbeaux.c,src/vdbeaux.c,vdbeaux.c,1705,1705,1716,sqlite3VdbeGetOp,function,1
sqlaser_sqlite354_r5,sqlite,5,sqlite_target_000664,memory,executor,vdbeaux.c,src/vdbeaux.c,vdbeaux.c,1720,1720,1722,sqlite3VdbeGetLastOp,function,0
sqlaser_sqlite354_r5,sqlite,5,sqlite_target_000665,memory,executor,vdbeaux.c,src/vdbeaux.c,vdbeaux.c,1914,1914,2033,sqlite3VdbeDisplayP4,function,0
sqlaser_sqlite354_r5,sqlite,5,sqlite_target_000666,memory,executor,vdbeaux.c,src/vdbeaux.c,vdbeaux.c,2044,2044,2051,sqlite3VdbeUsesBtree,function,0
sqlaser_sqlite354_r5,sqlite,5,sqlite_target_000667,memory,executor,vdbeaux.c,src/vdbeaux.c,vdbeaux.c,2075,2075,2089,sqlite3VdbeEnter,function,1
sqlaser_sqlite354_r5,sqlite,5,sqlite_target_000668,memory,executor,vdbeaux.c,src/vdbeaux.c,vdbeaux.c,2096,2096,2109,,function,1
sqlaser_sqlite354_r5,sqlite,5,sqlite_target_000669,memory,executor,vdbeaux.c,src/vdbeaux.c,vdbeaux.c,2110,2110,2113,,function,0
sqlaser_sqlite354_r5,sqlite,5,sqlite_target_000670,memory,executor,vdbeaux.c,src/vdbeaux.c,vdbeaux.c,2164,2164,2178,initMemArray,function,1
sqlaser_sqlite354_r5,sqlite,5,sqlite_target_000671,memory,executor,vdbeaux.c,src/vdbeaux.c,vdbeaux.c,2188,2188,2233,releaseMemArray,function,1
sqlaser_sqlite354_r5,sqlite,5,sqlite_target_000672,memory,executor,vdbeaux.c,src/vdbeaux.c,vdbeaux.c,2256,2256,2261,sqlite3VdbeFrameMemDel,function,0
sqlaser_sqlite354_r5,sqlite,5,sqlite_target_000673,memory,executor,vdbeaux.c,src/vdbeaux.c,vdbeaux.c,2271,2266,2276,,window,0
sqlaser_sqlite354_r5,sqlite,5,sqlite_target_000674,memory,executor,vdbeaux.c,src/vdbeaux.c,vdbeaux.c,2383,2383,2394,sqlite3VdbeFrameDelete,function,0
sqlaser_sqlite354_r5,sqlite,5,sqlite_target_000675,memory,executor,vdbeaux.c,src/vdbeaux.c,vdbeaux.c,2415,2410,2420,,window,0
sqlaser_sqlite354_r5,sqlite,5,sqlite_target_000676,memory,executor,vdbeaux.c,src/vdbeaux.c,vdbeaux.c,25,25,47,vdbeFreeOpArray,function,1
sqlaser_sqlite354_r5,sqlite,5,sqlite_target_000677,memory,executor,vdbeaux.c,src/vdbeaux.c,vdbeaux.c,2602,2602,2636,sqlite3VdbeRewind,function,1
sqlaser_sqlite354_r5,sqlite,5,sqlite_target_000678,memory,executor,vdbeaux.c,src/vdbeaux.c,vdbeaux.c,263,263,265,sqlite3VdbeAddOp0,function,1
sqlaser_sqlite354_r5,sqlite,5,sqlite_target_000679,memory,executor,vdbeaux.c,src/vdbeaux.c,vdbeaux.c,2656,2651,2661,,window,1
sqlaser_sqlite354_r5,sqlite,5,sqlite_target_000680,memory,executor,vdbeaux.c,src/vdbeaux.c,vdbeaux.c,266,266,268,sqlite3VdbeAddOp0,function,1
sqlaser_sqlite354_r5,sqlite,5,sqlite_target_000681,memory,executor,vdbeaux.c,src/vdbeaux.c,vdbeaux.c,269,269,271,sqlite3VdbeAddOp3,function,1
sqlaser_sqlite354_r5,sqlite,5,sqlite_target_000682,memory,executor,vdbeaux.c,src/vdbeaux.c,vdbeaux.c,272,272,316,sqlite3VdbeAddOp3,function,1
sqlaser_sqlite354_r5,sqlite,5,sqlite_target_000683,memory,executor,vdbeaux.c,src/vdbeaux.c,vdbeaux.c,2759,2759,2761,sqlite3VdbeFreeCursor,function,1
sqlaser_sqlite354_r5,sqlite,5,sqlite_target_000684,memory,executor,vdbeaux.c,src/vdbeaux.c,vdbeaux.c,2762,2762,2773,sqlite3VdbeFreeCursor,function,1
sqlaser_sqlite354_r5,sqlite,5,sqlite_target_000685,memory,executor,vdbeaux.c,src/vdbeaux.c,vdbeaux.c,2774,2774,2800,sqlite3DbFree,function,1
sqlaser_sqlite354_r5,sqlite,5,sqlite_target_000686,memory,executor,vdbeaux.c,src/vdbeaux.c,vdbeaux.c,2805,2805,2814,closeCursorsInFrame,function,1
sqlaser_sqlite354_r5,sqlite,5,sqlite_target_000687,memory,executor,vdbeaux.c,src/vdbeaux.c,vdbeaux.c,2821,2821,2837,sqlite3VdbeFrameRestore,function,0
sqlaser_sqlite354_r5,sqlite,5,sqlite_target_000688,memory,executor,vdbeaux.c,src/vdbeaux.c,vdbeaux.c,2847,2847,2867,closeAllCursors,function,1
sqlaser_sqlite354_r5,sqlite,5,sqlite_target_000689,memory,executor,vdbeaux.c,src/vdbeaux.c,vdbeaux.c,2875,2875,2888,sqlite3_column_count,function,1
sqlaser_sqlite354_r5,sqlite,5,sqlite_target_000690,memory,executor,vdbeaux.c,src/vdbeaux.c,vdbeaux.c,2900,2895,2905,,window,1
sqlaser_sqlite354_r5,sqlite,5,sqlite_target_000691,memory,executor,vdbeaux.c,src/vdbeaux.c,vdbeaux.c,2928,2928,3184,vdbeCommit,function,1
sqlaser_sqlite354_r5,sqlite,5,sqlite_target_000692,memory,executor,vdbeaux.c,src/vdbeaux.c,vdbeaux.c,317,312,322,,window,1
sqlaser_sqlite354_r5,sqlite,5,sqlite_target_000693,memory,executor,vdbeaux.c,src/vdbeaux.c,vdbeaux.c,3228,3228,3273,vdbeCloseStatement,function,1
sqlaser_sqlite354_r5,sqlite,5,sqlite_target_000694,memory,executor,vdbeaux.c,src/vdbeaux.c,vdbeaux.c,3274,3274,3279,sqlite3VdbeCloseStatement,function,0
sqlaser_sqlite354_r5,sqlite,5,sqlite_target_000695,memory,executor,vdbeaux.c,src/vdbeaux.c,vdbeaux.c,3293,3293,3299,vdbeFkError,function,1
sqlaser_sqlite354_r5,sqlite,5,sqlite_target_000696,memory,executor,vdbeaux.c,src/vdbeaux.c,vdbeaux.c,3300,3300,3303,sqlite3VdbeError,function,0
sqlaser_sqlite354_r5,sqlite,5,sqlite_target_000697,memory,executor,vdbeaux.c,src/vdbeaux.c,vdbeaux.c,3304,3304,3308,sqlite3VdbeCheckFkImmediate,function,0
sqlaser_sqlite354_r5,sqlite,5,sqlite_target_000698,memory,executor,vdbeaux.c,src/vdbeaux.c,vdbeaux.c,3324,3324,3526,sqlite3VdbeHalt,function,1
sqlaser_sqlite354_r5,sqlite,5,sqlite_target_000699,memory,executor,vdbeaux.c,src/vdbeaux.c,vdbeaux.c,3533,3533,3535,sqlite3VdbeResetStepResult,function,0
sqlaser_sqlite354_r5,sqlite,5,sqlite_target_000700,memory,executor,vdbeaux.c,src/vdbeaux.c,vdbeaux.c,3545,3545,3561,sqlite3_errcode,function,1
sqlaser_sqlite354_r5,sqlite,5,sqlite_target_000701,memory,executor,vdbeaux.c,src/vdbeaux.c,vdbeaux.c,3595,3595,3680,sqlite3VdbeReset,function,1
sqlaser_sqlite354_r5,sqlite,5,sqlite_target_000702,memory,executor,vdbeaux.c,src/vdbeaux.c,vdbeaux.c,3686,3686,3697,sqlite3VdbeFinalize,function,1
sqlaser_sqlite354_r5,sqlite,5,sqlite_target_000703,memory,executor,vdbeaux.c,src/vdbeaux.c,vdbeaux.c,369,369,371,sqlite3VdbeGoto,function,1
sqlaser_sqlite354_r5,sqlite,5,sqlite_target_000704,memory,executor,vdbeaux.c,src/vdbeaux.c,vdbeaux.c,3743,3743,3782,sqlite3VdbeDelete,function,1
sqlaser_sqlite354_r5,sqlite,5,sqlite_target_000705,memory,executor,vdbeaux.c,src/vdbeaux.c,vdbeaux.c,376,376,378,sqlite3VdbeLoadString,function,1
sqlaser_sqlite354_r5,sqlite,5,sqlite_target_000706,memory,executor,vdbeaux.c,src/vdbeaux.c,vdbeaux.c,3787,3787,3803,sqlite3VdbeDelete,function,1
sqlaser_sqlite354_r5,sqlite,5,sqlite_target_000707,memory,executor,vdbeaux.c,src/vdbeaux.c,vdbeaux.c,3810,3810,3827,sqlite3VdbeFinishMoveto,function,1
sqlaser_sqlite354_r5,sqlite,5,sqlite_target_000708,memory,executor,vdbeaux.c,src/vdbeaux.c,vdbeaux.c,3836,3836,3845,sqlite3VdbeHandleMovedCursor,function,1
sqlaser_sqlite354_r5,sqlite,5,sqlite_target_000709,memory,executor,vdbeaux.c,src/vdbeaux.c,vdbeaux.c,3851,3851,3857,sqlite3VdbeCursorRestore,function,0
sqlaser_sqlite354_r5,sqlite,5,sqlite_target_000710,memory,executor,vdbeaux.c,src/vdbeaux.c,vdbeaux.c,391,391,409,sqlite3VdbeMultiLoad,function,1
sqlaser_sqlite354_r5,sqlite,5,sqlite_target_000711,memory,executor,vdbeaux.c,src/vdbeaux.c,vdbeaux.c,3997,3997,4005,sqlite3VdbeSerialTypeLen,function,1
sqlaser_sqlite354_r5,sqlite,5,sqlite_target_000712,memory,executor,vdbeaux.c,src/vdbeaux.c,vdbeaux.c,4006,4006,4009,assert,function,0
sqlaser_sqlite354_r5,sqlite,5,sqlite_target_000713,memory,executor,vdbeaux.c,src/vdbeaux.c,vdbeaux.c,4132,4127,4137,,window,1
sqlaser_sqlite354_r5,sqlite,5,sqlite_target_000714,memory,executor,vdbeaux.c,src/vdbeaux.c,vdbeaux.c,414,409,419,,window,0
sqlaser_sqlite354_r5,sqlite,5,sqlite_target_000715,memory,executor,vdbeaux.c,src/vdbeaux.c,vdbeaux.c,4231,4226,4236,,window,1
sqlaser_sqlite354_r5,sqlite,5,sqlite_target_000716,memory,executor,vdbeaux.c,src/vdbeaux.c,vdbeaux.c,4251,4246,4256,,window,1
sqlaser_sqlite354_r5,sqlite,5,sqlite_target_000717,memory,executor,vdbeaux.c,src/vdbeaux.c,vdbeaux.c,438,433,443,,window,0
sqlaser_sqlite354_r5,sqlite,5,sqlite_target_000718,memory,executor,vdbeaux.c,src/vdbeaux.c,vdbeaux.c,4459,4454,4464,,window,1
sqlaser_sqlite354_r5,sqlite,5,sqlite_target_000719,memory,executor,vdbeaux.c,src/vdbeaux.c,vdbeaux.c,4485,4480,4490,,window,1
sqlaser_sqlite354_r5,sqlite,5,sqlite_target_000720,memory,executor,vdbeaux.c,src/vdbeaux.c,vdbeaux.c,4588,4588,4677,memcmp,function,1
sqlaser_sqlite354_r5,sqlite,5,sqlite_target_000721,memory,executor,vdbeaux.c,src/vdbeaux.c,vdbeaux.c,4687,4687,4719,vdbeRecordDecodeInt,function,1
sqlaser_sqlite354_r5,sqlite,5,sqlite_target_000722,memory,executor,vdbeaux.c,src/vdbeaux.c,vdbeaux.c,474,469,479,,window,0
sqlaser_sqlite354_r5,sqlite,5,sqlite_target_000723,memory,executor,vdbeaux.c,src/vdbeaux.c,vdbeaux.c,4742,4737,4747,,window,1
sqlaser_sqlite354_r5,sqlite,5,sqlite_target_000724,memory,executor,vdbeaux.c,src/vdbeaux.c,vdbeaux.c,4765,4760,4770,,window,1
sqlaser_sqlite354_r5,sqlite,5,sqlite_target_000725,memory,executor,vdbeaux.c,src/vdbeaux.c,vdbeaux.c,4775,4770,4780,,window,1
sqlaser_sqlite354_r5,sqlite,5,sqlite_target_000726,memory,executor,vdbeaux.c,src/vdbeaux.c,vdbeaux.c,4808,4803,4813,,window,1
sqlaser_sqlite354_r5,sqlite,5,sqlite_target_000727,memory,executor,vdbeaux.c,src/vdbeaux.c,vdbeaux.c,4841,4836,4846,,window,1
sqlaser_sqlite354_r5,sqlite,5,sqlite_target_000728,memory,executor,vdbeaux.c,src/vdbeaux.c,vdbeaux.c,4849,4844,4854,,window,1
sqlaser_sqlite354_r5,sqlite,5,sqlite_target_000729,memory,executor,vdbeaux.c,src/vdbeaux.c,vdbeaux.c,4883,4878,4888,,window,1
sqlaser_sqlite354_r5,sqlite,5,sqlite_target_000730,memory,executor,vdbeaux.c,src/vdbeaux.c,vdbeaux.c,493,493,498,sqlite3VdbeExplainParent,function,1
sqlaser_sqlite354_r5,sqlite,5,sqlite_target_000731,memory,executor,vdbeaux.c,src/vdbeaux.c,vdbeaux.c,4963,4958,4968,,window,0
sqlaser_sqlite354_r5,sqlite,5,sqlite_target_000732,memory,executor,vdbeaux.c,src/vdbeaux.c,vdbeaux.c,4967,4966,4968,sqlite3VdbeRecordCompare,function,0
sqlaser_sqlite354_r5,sqlite,5,sqlite_target_000733,memory,executor,vdbeaux.c,src/vdbeaux.c,vdbeaux.c,4980,4975,4985,,window,1
sqlaser_sqlite354_r5,sqlite,5,sqlite_target_000734,memory,executor,vdbeaux.c,src/vdbeaux.c,vdbeaux.c,5075,5070,5080,,window,1
sqlaser_sqlite354_r5,sqlite,5,sqlite_target_000735,memory,executor,vdbeaux.c,src/vdbeaux.c,vdbeaux.c,5145,5145,5190,sqlite3VdbeFindCompare,function,1
sqlaser_sqlite354_r5,sqlite,5,sqlite_target_000736,memory,executor,vdbeaux.c,src/vdbeaux.c,vdbeaux.c,517,517,543,sqlite3VdbeExplainPop,function,1
sqlaser_sqlite354_r5,sqlite,5,sqlite_target_000737,memory,parser,vdbeaux.c,src/vdbeaux.c,vdbeaux.c,52,52,54,sqlite3VdbeParser,function,1
sqlaser_sqlite354_r5,sqlite,5,sqlite_target_000738,memory,executor,vdbeaux.c,src/vdbeaux.c,vdbeaux.c,5200,5200,5266,sqlite3VdbeIdxRowid,function,1
sqlaser_sqlite354_r5,sqlite,5,sqlite_target_000739,memory,executor,vdbeaux.c,src/vdbeaux.c,vdbeaux.c,5236,5231,5241,,window,1
sqlaser_sqlite354_r5,sqlite,5,sqlite_target_000740,memory,executor,vdbeaux.c,src/vdbeaux.c,vdbeaux.c,5255,5250,5260,,window,1
sqlaser_sqlite354_r5,sqlite,5,sqlite_target_000741,memory,executor,vdbeaux.c,src/vdbeaux.c,vdbeaux.c,5279,5274,5284,,window,0
sqlaser_sqlite354_r5,sqlite,5,sqlite_target_000742,memory,executor,vdbeaux.c,src/vdbeaux.c,vdbeaux.c,5324,5324,5326,sqlite3VdbeCountChanges,function,0
sqlaser_sqlite354_r5,sqlite,5,sqlite_target_000743,memory,executor,vdbeaux.c,src/vdbeaux.c,vdbeaux.c,5356,5356,5358,sqlite3VdbeDb,function,0
sqlaser_sqlite354_r5,sqlite,5,sqlite_target_000744,memory,executor,vdbeaux.c,src/vdbeaux.c,vdbeaux.c,5363,5363,5365,sqlite3VdbePrepareFlags,function,0
sqlaser_sqlite354_r5,sqlite,5,sqlite_target_000745,memory,executor,vdbeaux.c,src/vdbeaux.c,vdbeaux.c,5375,5375,5391,aff,function,1
sqlaser_sqlite354_r5,sqlite,5,sqlite_target_000746,memory,executor,vdbeaux.c,src/vdbeaux.c,vdbeaux.c,5398,5398,5407,sqlite3VdbeSetVarmask,function,0
sqlaser_sqlite354_r5,sqlite,5,sqlite_target_000747,memory,executor,vdbeaux.c,src/vdbeaux.c,vdbeaux.c,5420,5415,5425,,window,0
sqlaser_sqlite354_r5,sqlite,5,sqlite_target_000748,memory,executor,vdbeaux.c,src/vdbeaux.c,vdbeaux.c,5453,5448,5458,,window,0
sqlaser_sqlite354_r5,sqlite,5,sqlite_target_000749,memory,executor,vdbeaux.c,src/vdbeaux.c,vdbeaux.c,548,548,551,sqlite3VdbeExplainPop,function,1
sqlaser_sqlite354_r5,sqlite,5,sqlite_target_000750,memory,executor,vdbeaux.c,src/vdbeaux.c,vdbeaux.c,5551,5546,5556,,window,0
sqlaser_sqlite354_r5,sqlite,5,sqlite_target_000751,memory,executor,vdbeaux.c,src/vdbeaux.c,vdbeaux.c,571,571,578,sqlite3DbMalloc,function,1
sqlaser_sqlite354_r5,sqlite,5,sqlite_target_000752,memory,executor,vdbeaux.c,src/vdbeaux.c,vdbeaux.c,582,582,593,sqlite3MayAbort,function,0
sqlaser_sqlite354_r5,sqlite,5,sqlite_target_000753,memory,executor,vdbeaux.c,src/vdbeaux.c,vdbeaux.c,59,59,65,sqlite3VdbeError,function,1
sqlaser_sqlite354_r5,sqlite,5,sqlite_target_000754,memory,executor,vdbeaux.c,src/vdbeaux.c,vdbeaux.c,620,620,622,sqlite3VdbeMakeLabel,function,0
sqlaser_sqlite354_r5,sqlite,5,sqlite_target_000755,memory,executor,vdbeaux.c,src/vdbeaux.c,vdbeaux.c,647,647,664,sqlite3VdbeResolveLabel,function,1
sqlaser_sqlite354_r5,sqlite,5,sqlite_target_000756,memory,executor,vdbeaux.c,src/vdbeaux.c,vdbeaux.c,669,669,671,sqlite3VdbeRunOnlyOnce,function,1
sqlaser_sqlite354_r5,sqlite,5,sqlite_target_000757,memory,executor,vdbeaux.c,src/vdbeaux.c,vdbeaux.c,676,676,684,sqlite3VdbeReusable,function,0
sqlaser_sqlite354_r5,sqlite,5,sqlite_target_000758,memory,executor,vdbeaux.c,src/vdbeaux.c,vdbeaux.c,70,70,78,sqlite3VdbeSetSql,function,1
sqlaser_sqlite354_r5,sqlite,5,sqlite_target_000759,memory,executor,vdbemem.c,src/vdbemem.c,vdbemem.c,1009,1009,1017,sqlite3VdbeMemSetZeroBlob,function,1
sqlaser_sqlite354_r5,sqlite,5,sqlite_target_000760,memory,executor,vdbemem.c,src/vdbemem.c,vdbemem.c,1039,1039,1043,vdbeReleaseAndSetInt64,function,0
sqlaser_sqlite354_r5,sqlite,5,sqlite_target_000761,memory,executor,vdbemem.c,src/vdbemem.c,vdbemem.c,1049,1049,1056,sqlite3VdbeMemSetInt64,function,1
sqlaser_sqlite354_r5,sqlite,5,sqlite_target_000762,memory,executor,vdbemem.c,src/vdbemem.c,vdbemem.c,106,106,135,vdbeMemRenderNum,function,1
sqlaser_sqlite354_r5,sqlite,5,sqlite_target_000763,memory,executor,vdbemem.c,src/vdbemem.c,vdbemem.c,1072,1067,1077,,window,1
sqlaser_sqlite354_r5,sqlite,5,sqlite_target_000764,memory,executor,vdbemem.c,src/vdbemem.c,vdbemem.c,1092,1092,1098,sqlite3VdbeMemSetDouble,function,1
sqlaser_sqlite354_r5,sqlite,5,sqlite_target_000765,memory,executor,vdbemem.c,src/vdbemem.c,vdbemem.c,1119,1119,1131,sqlite3VdbeMemSetRowSet,function,1
sqlaser_sqlite354_r5,sqlite,5,sqlite_target_000766,memory,executor,vdbemem.c,src/vdbemem.c,vdbemem.c,1137,1137,1147,sqlite3VdbeMemTooBig,function,1
sqlaser_sqlite354_r5,sqlite,5,sqlite_target_000767,memory,executor,vdbemem.c,src/vdbemem.c,vdbemem.c,1196,1196,1200,srcType,function,1
sqlaser_sqlite354_r5,sqlite,5,sqlite_target_000768,memory,executor,vdbemem.c,src/vdbemem.c,vdbemem.c,1201,1201,1211,vdbeClrCopy,function,1
sqlaser_sqlite354_r5,sqlite,5,sqlite_target_000769,memory,executor,vdbemem.c,src/vdbemem.c,vdbemem.c,1217,1217,1232,sqlite3VdbeMemCopy,function,1
sqlaser_sqlite354_r5,sqlite,5,sqlite_target_000770,memory,executor,vdbemem.c,src/vdbemem.c,vdbemem.c,1240,1240,1249,sqlite3VdbeMemMove,function,1
sqlaser_sqlite354_r5,sqlite,5,sqlite_target_000771,memory,executor,vdbemem.c,src/vdbemem.c,vdbemem.c,1273,1268,1278,,window,0
sqlaser_sqlite354_r5,sqlite,5,sqlite_target_000772,memory,executor,vdbemem.c,src/vdbemem.c,vdbemem.c,1342,1337,1347,,window,1
sqlaser_sqlite354_r5,sqlite,5,sqlite_target_000773,memory,executor,vdbemem.c,src/vdbemem.c,vdbemem.c,1374,1369,1379,,window,1
sqlaser_sqlite354_r5,sqlite,5,sqlite_target_000774,memory,executor,vdbemem.c,src/vdbemem.c,vdbemem.c,1424,1419,1429,,window,1
sqlaser_sqlite354_r5,sqlite,5,sqlite_target_000775,memory,executor,vdbemem.c,src/vdbemem.c,vdbemem.c,1462,1457,1467,,window,1
sqlaser_sqlite354_r5,sqlite,5,sqlite_target_000776,memory,executor,vdbemem.c,src/vdbemem.c,vdbemem.c,1479,1467,1489,sqlite3VdbeMemFromBtree,function,1
sqlaser_sqlite354_r5,sqlite,5,sqlite_target_000777,memory,executor,vdbemem.c,src/vdbemem.c,vdbemem.c,1490,1485,1495,,window,1
sqlaser_sqlite354_r5,sqlite,5,sqlite_target_000778,memory,executor,vdbemem.c,src/vdbemem.c,vdbemem.c,1504,1494,1515,sqlite3VdbeMemFromBtreeZeroOffset,function,1
sqlaser_sqlite354_r5,sqlite,5,sqlite_target_000779,memory,executor,vdbemem.c,src/vdbemem.c,vdbemem.c,1511,1506,1516,,window,1
sqlaser_sqlite354_r5,sqlite,5,sqlite_target_000780,memory,executor,vdbemem.c,src/vdbemem.c,vdbemem.c,212,212,241,successful,function,1
sqlaser_sqlite354_r5,sqlite,5,sqlite_target_000781,memory,executor,vdbemem.c,src/vdbemem.c,vdbemem.c,251,251,299,sqlite3VdbeMemGrow,function,1
sqlaser_sqlite354_r5,sqlite,5,sqlite_target_000782,memory,executor,vdbemem.c,src/vdbemem.c,vdbemem.c,269,264,274,,window,1
sqlaser_sqlite354_r5,sqlite,5,sqlite_target_000783,memory,executor,vdbemem.c,src/vdbemem.c,vdbemem.c,276,271,281,,window,1
sqlaser_sqlite354_r5,sqlite,5,sqlite_target_000784,memory,executor,vdbemem.c,src/vdbemem.c,vdbemem.c,289,284,294,,window,1
sqlaser_sqlite354_r5,sqlite,5,sqlite_target_000785,memory,executor,vdbemem.c,src/vdbemem.c,vdbemem.c,314,314,324,code,function,1
sqlaser_sqlite354_r5,sqlite,5,sqlite_target_000786,memory,executor,vdbemem.c,src/vdbemem.c,vdbemem.c,336,336,362,sqlite3VdbeMemZeroTerminateIfAble,function,1
sqlaser_sqlite354_r5,sqlite,5,sqlite_target_000787,memory,executor,vdbemem.c,src/vdbemem.c,vdbemem.c,373,373,382,vdbeMemAddTerminator,function,1
sqlaser_sqlite354_r5,sqlite,5,sqlite_target_000788,memory,executor,vdbemem.c,src/vdbemem.c,vdbemem.c,390,390,407,sqlite3VdbeMemMakeWriteable,function,1
sqlaser_sqlite354_r5,sqlite,5,sqlite_target_000789,memory,executor,vdbemem.c,src/vdbemem.c,vdbemem.c,414,414,439,sqlite3VdbeMemExpandBlob,function,1
sqlaser_sqlite354_r5,sqlite,5,sqlite_target_000790,memory,executor,vdbemem.c,src/vdbemem.c,vdbemem.c,445,445,455,sqlite3VdbeMemNulTerminate,function,1
sqlaser_sqlite354_r5,sqlite,5,sqlite_target_000791,memory,executor,vdbemem.c,src/vdbemem.c,vdbemem.c,471,471,496,user,function,1
sqlaser_sqlite354_r5,sqlite,5,sqlite_target_000792,memory,executor,vdbemem.c,src/vdbemem.c,vdbemem.c,506,506,528,sqlite3VdbeMemFinalize,function,1
sqlaser_sqlite354_r5,sqlite,5,sqlite_target_000793,memory,executor,vdbemem.c,src/vdbemem.c,vdbemem.c,539,539,554,xValue,function,1
sqlaser_sqlite354_r5,sqlite,5,sqlite_target_000794,memory,executor,vdbemem.c,src/vdbemem.c,vdbemem.c,566,566,579,sqlite3VdbeMemSetNull,function,1
sqlaser_sqlite354_r5,sqlite,5,sqlite_target_000795,memory,executor,vdbemem.c,src/vdbemem.c,vdbemem.c,589,589,598,sqlite3VdbeMemRelease,function,1
sqlaser_sqlite354_r5,sqlite,5,sqlite_target_000796,memory,executor,vdbemem.c,src/vdbemem.c,vdbemem.c,610,610,615,sqlite3VdbeMemSetNull,function,1
sqlaser_sqlite354_r5,sqlite,5,sqlite_target_000797,memory,executor,vdbemem.c,src/vdbemem.c,vdbemem.c,620,620,623,sqlite3VdbeMemReleaseMalloc,function,1
sqlaser_sqlite354_r5,sqlite,5,sqlite_target_000798,memory,executor,vdbemem.c,src/vdbemem.c,vdbemem.c,641,641,657,memIntValue,function,1
sqlaser_sqlite354_r5,sqlite,5,sqlite_target_000799,memory,executor,vdbemem.c,src/vdbemem.c,vdbemem.c,735,735,751,,function,1
sqlaser_sqlite354_r5,sqlite,5,sqlite_target_000800,memory,executor,vdbemem.c,src/vdbemem.c,vdbemem.c,770,770,785,sqlite3VdbeRealValue,function,1
sqlaser_sqlite354_r5,sqlite,5,sqlite_target_000801,memory,executor,vdbemem.c,src/vdbemem.c,vdbemem.c,791,791,796,sqlite3VdbeBooleanValue,function,1
sqlaser_sqlite354_r5,sqlite,5,sqlite_target_000802,memory,executor,vdbemem.c,src/vdbemem.c,vdbemem.c,802,802,829,sqlite3VdbeIntegerAffinity,function,1
sqlaser_sqlite354_r5,sqlite,5,sqlite_target_000803,memory,executor,vdbemem.c,src/vdbemem.c,vdbemem.c,834,834,843,sqlite3VdbeMemIntegerify,function,1
sqlaser_sqlite354_r5,sqlite,5,sqlite_target_000804,memory,executor,vdbemem.c,src/vdbemem.c,vdbemem.c,849,849,857,sqlite3VdbeMemRealify,function,1
sqlaser_sqlite354_r5,sqlite,5,sqlite_target_000805,memory,executor,vdbemem.c,src/vdbemem.c,vdbemem.c,893,893,917,sqlite3VdbeMemNumerify,function,0
sqlaser_sqlite354_r5,sqlite,5,sqlite_target_000806,memory,executor,vdbemem.c,src/vdbemem.c,vdbemem.c,926,926,966,used,function,1
sqlaser_sqlite354_r5,sqlite,5,sqlite_target_000807,memory,executor,vdbemem.c,src/vdbemem.c,vdbemem.c,973,973,978,sqlite3VdbeMemInit,function,1
sqlaser_sqlite354_r5,sqlite,5,sqlite_target_000808,memory,executor,vdbemem.c,src/vdbemem.c,vdbemem.c,993,993,999,sqlite3VdbeMemRelease,function,1
sqlaser_sqlite354_r5,sqlite,5,sqlite_target_000809,memory,executor,vdbesort.c,src/vdbesort.c,vdbesort.c,1050,1050,1057,vdbeSorterRecordFree,function,1
sqlaser_sqlite354_r5,sqlite,5,sqlite_target_000810,memory,executor,vdbesort.c,src/vdbesort.c,vdbesort.c,1063,1063,1083,vdbeSortSubtaskCleanup,function,1
sqlaser_sqlite354_r5,sqlite,5,sqlite_target_000811,memory,executor,vdbesort.c,src/vdbesort.c,vdbesort.c,1150,1145,1155,,window,0
sqlaser_sqlite354_r5,sqlite,5,sqlite_target_000812,memory,optimizer,vdbesort.c,src/vdbesort.c,vdbesort.c,1163,1163,1180,vdbeSorterJoinAll,function,1
sqlaser_sqlite354_r5,sqlite,5,sqlite_target_000813,memory,executor,vdbesort.c,src/vdbesort.c,vdbesort.c,1230,1230,1242,vdbeIncrFree,function,0
sqlaser_sqlite354_r5,sqlite,5,sqlite_target_000814,memory,executor,vdbesort.c,src/vdbesort.c,vdbesort.c,1247,1247,1275,sqlite3VdbeSorterReset,function,1
sqlaser_sqlite354_r5,sqlite,5,sqlite_target_000815,memory,executor,vdbesort.c,src/vdbesort.c,vdbesort.c,1280,1280,1296,sqlite3VdbeSorterClose,function,1
sqlaser_sqlite354_r5,sqlite,5,sqlite_target_000816,memory,executor,vdbesort.c,src/vdbesort.c,vdbesort.c,1354,1354,1362,vdbeSortAllocUnpacked,function,1
sqlaser_sqlite354_r5,sqlite,5,sqlite_target_000817,memory,executor,vdbesort.c,src/vdbesort.c,vdbesort.c,1368,1363,1373,,window,1
sqlaser_sqlite354_r5,sqlite,5,sqlite_target_000818,memory,executor,vdbesort.c,src/vdbesort.c,vdbesort.c,1410,1410,1417,vdbeSorterGetCompare,function,1
sqlaser_sqlite354_r5,sqlite,5,sqlite_target_000819,memory,executor,vdbesort.c,src/vdbesort.c,vdbesort.c,1424,1424,1474,vdbeSorterSort,function,1
sqlaser_sqlite354_r5,sqlite,5,sqlite_target_000820,memory,executor,vdbesort.c,src/vdbesort.c,vdbesort.c,1578,1578,1633,data,function,0
sqlaser_sqlite354_r5,sqlite,5,sqlite_target_000821,memory,executor,vdbesort.c,src/vdbesort.c,vdbesort.c,1642,1637,1647,,window,0
sqlaser_sqlite354_r5,sqlite,5,sqlite_target_000822,memory,executor,vdbesort.c,src/vdbesort.c,vdbesort.c,1713,1713,1720,vdbeSorterFlushThread,function,0
sqlaser_sqlite354_r5,sqlite,5,sqlite_target_000823,memory,executor,vdbesort.c,src/vdbesort.c,vdbesort.c,1727,1727,1792,vdbeSorterFlushPMA,function,0
sqlaser_sqlite354_r5,sqlite,5,sqlite_target_000824,memory,executor,vdbesort.c,src/vdbesort.c,vdbesort.c,1797,1792,1802,,window,1
sqlaser_sqlite354_r5,sqlite,5,sqlite_target_000825,memory,executor,vdbesort.c,src/vdbesort.c,vdbesort.c,1909,1909,1944,vdbeIncrPopulate,function,0
sqlaser_sqlite354_r5,sqlite,5,sqlite_target_000826,memory,executor,vdbesort.c,src/vdbesort.c,vdbesort.c,1951,1951,1956,vdbeIncrPopulateThread,function,0
sqlaser_sqlite354_r5,sqlite,5,sqlite_target_000827,memory,executor,vdbesort.c,src/vdbesort.c,vdbesort.c,1961,1961,1965,vdbeIncrBgPopulate,function,0
sqlaser_sqlite354_r5,sqlite,5,sqlite_target_000828,memory,executor,vdbesort.c,src/vdbesort.c,vdbesort.c,1985,1985,2016,vdbeIncrSwap,function,0
sqlaser_sqlite354_r5,sqlite,5,sqlite_target_000829,memory,executor,vdbesort.c,src/vdbesort.c,vdbesort.c,2024,2019,2029,,window,0
sqlaser_sqlite354_r5,sqlite,5,sqlite_target_000830,memory,executor,vdbesort.c,src/vdbesort.c,vdbesort.c,2049,2049,2052,vdbeIncrMergerSetThreads,function,0
sqlaser_sqlite354_r5,sqlite,5,sqlite_target_000831,memory,executor,vdbesort.c,src/vdbesort.c,vdbesort.c,2144,2139,2149,,window,0
sqlaser_sqlite354_r5,sqlite,5,sqlite_target_000832,memory,executor,vdbesort.c,src/vdbesort.c,vdbesort.c,2220,2220,2280,vdbePmaReaderNext,function,0
sqlaser_sqlite354_r5,sqlite,5,sqlite_target_000833,memory,executor,vdbesort.c,src/vdbesort.c,vdbesort.c,2287,2287,2294,vdbePmaReaderBgIncrInit,function,0
sqlaser_sqlite354_r5,sqlite,5,sqlite_target_000834,memory,executor,vdbesort.c,src/vdbesort.c,vdbesort.c,2308,2308,2324,,function,0
sqlaser_sqlite354_r5,sqlite,5,sqlite_target_000835,memory,executor,vdbesort.c,src/vdbesort.c,vdbesort.c,2338,2333,2343,,window,0
sqlaser_sqlite354_r5,sqlite,5,sqlite_target_000836,memory,executor,vdbesort.c,src/vdbesort.c,vdbesort.c,2395,2390,2400,,window,0
sqlaser_sqlite354_r5,sqlite,5,sqlite_target_000837,memory,executor,vdbesort.c,src/vdbesort.c,vdbesort.c,2451,2446,2456,,window,0
sqlaser_sqlite354_r5,sqlite,5,sqlite_target_000838,memory,executor,vdbesort.c,src/vdbesort.c,vdbesort.c,2530,2530,2604,,function,0
sqlaser_sqlite354_r5,sqlite,5,sqlite_target_000839,memory,executor,vdbesort.c,src/vdbesort.c,vdbesort.c,2612,2612,2655,sqlite3VdbeSorterRewind,function,1
sqlaser_sqlite354_r5,sqlite,5,sqlite_target_000840,memory,executor,vdbesort.c,src/vdbesort.c,vdbesort.c,2664,2664,2696,sqlite3VdbeSorterNext,function,1
sqlaser_sqlite354_r5,sqlite,5,sqlite_target_000841,memory,executor,vdbesort.c,src/vdbesort.c,vdbesort.c,2702,2697,2707,,window,1
sqlaser_sqlite354_r5,sqlite,5,sqlite_target_000842,memory,executor,vdbesort.c,src/vdbesort.c,vdbesort.c,2729,2729,2744,sqlite3VdbeSorterRowkey,function,1
sqlaser_sqlite354_r5,sqlite,5,sqlite_target_000843,memory,executor,vdbesort.c,src/vdbesort.c,vdbesort.c,2762,2757,2767,,window,1
sqlaser_sqlite354_r5,sqlite,5,sqlite_target_000844,memory,executor,vdbesort.c,src/vdbesort.c,vdbesort.c,474,474,480,vdbePmaReaderClear,function,0
sqlaser_sqlite354_r5,sqlite,5,sqlite_target_000845,memory,executor,vdbesort.c,src/vdbesort.c,vdbesort.c,491,486,496,,window,0
sqlaser_sqlite354_r5,sqlite,5,sqlite_target_000846,memory,executor,vdbesort.c,src/vdbesort.c,vdbesort.c,586,586,608,vdbePmaReadVarint,function,0
sqlaser_sqlite354_r5,sqlite,5,sqlite_target_000847,memory,executor,vdbesort.c,src/vdbesort.c,vdbesort.c,619,619,629,vdbeSorterMapFile,function,0
sqlaser_sqlite354_r5,sqlite,5,sqlite_target_000848,memory,executor,vdbesort.c,src/vdbesort.c,vdbesort.c,636,631,641,,window,0
sqlaser_sqlite354_r5,sqlite,5,sqlite_target_000849,memory,executor,vdbesort.c,src/vdbesort.c,vdbesort.c,683,683,719,vdbePmaReaderNext,function,0
sqlaser_sqlite354_r5,sqlite,5,sqlite_target_000850,memory,executor,vdbesort.c,src/vdbesort.c,vdbesort.c,763,758,768,,window,1
sqlaser_sqlite354_r5,sqlite,5,sqlite_target_000851,memory,executor,vdbesort.c,src/vdbesort.c,vdbesort.c,790,785,795,,window,1
sqlaser_sqlite354_r5,sqlite,5,sqlite_target_000852,memory,executor,vdbesort.c,src/vdbesort.c,vdbesort.c,809,804,814,,window,1
sqlaser_sqlite354_r5,sqlite,5,sqlite_target_000853,memory,executor,vdbesort.c,src/vdbesort.c,vdbesort.c,852,847,857,,window,1
sqlaser_sqlite354_r5,sqlite,5,sqlite_target_000854,memory,executor,vdbesort.c,src/vdbesort.c,vdbesort.c,936,931,941,,window,1
sqlaser_sqlite354_r5,sqlite,5,sqlite_target_000855,memory,executor,vdbetrace.c,src/vdbetrace.c,vdbetrace.c,72,67,77,,window,0
sqlaser_sqlite354_r5,sqlite,5,sqlite_target_000856,memory,optimizer,where.c,src/where.c,where.c,101,101,111,sqlite3WhereOrderByLimitOptLabel,function,1
sqlaser_sqlite354_r5,sqlite,5,sqlite_target_000857,memory,optimizer,where.c,src/where.c,where.c,124,124,137,sqlite3WhereMinMaxOptEarlyOut,function,1
sqlaser_sqlite354_r5,sqlite,5,sqlite_target_000858,memory,optimizer,where.c,src/where.c,where.c,174,173,183,sqlite3WhereOkOnePass,function,1
sqlaser_sqlite354_r5,sqlite,5,sqlite_target_000859,memory,optimizer,where.c,src/where.c,where.c,263,263,273,sqlite3WhereMalloc,function,1
sqlaser_sqlite354_r5,sqlite,5,sqlite_target_000860,memory,optimizer,where.c,src/where.c,where.c,274,274,283,return,function,1
sqlaser_sqlite354_r5,sqlite,5,sqlite_target_000861,memory,optimizer,where.c,src/where.c,where.c,549,544,554,,window,0
sqlaser_sqlite354_r5,sqlite,5,sqlite_target_000862,memory,optimizer,where.c,src/where.c,where.c,6830,6825,6835,,window,0
sqlaser_sqlite354_r5,sqlite,5,sqlite_target_000863,memory,optimizer,where.c,src/where.c,where.c,6866,6840,7494,,function,1
sqlaser_sqlite354_r5,sqlite,5,sqlite_target_000864,memory,optimizer,where.c,src/where.c,where.c,6900,6895,6905,,window,1
sqlaser_sqlite354_r5,sqlite,5,sqlite_target_000865,memory,optimizer,where.c,src/where.c,where.c,6920,6915,6925,,window,1
sqlaser_sqlite354_r5,sqlite,5,sqlite_target_000866,memory,optimizer,where.c,src/where.c,where.c,6922,6917,6927,,window,1
sqlaser_sqlite354_r5,sqlite,5,sqlite_target_000867,memory,optimizer,where.c,src/where.c,where.c,7521,7521,7886,sqlite3WhereEnd,function,1
sqlaser_sqlite354_r5,sqlite,5,sqlite_target_000868,memory,optimizer,wherecode.c,src/wherecode.c,wherecode.c,117,112,122,,window,0
sqlaser_sqlite354_r5,sqlite,5,sqlite_target_000869,memory,optimizer,wherecode.c,src/wherecode.c,wherecode.c,1466,1461,1471,,window,0
sqlaser_sqlite354_r5,sqlite,5,sqlite_target_000870,memory,optimizer,wherecode.c,src/wherecode.c,wherecode.c,2304,2299,2309,,window,1
sqlaser_sqlite354_r5,sqlite,5,sqlite_target_000871,memory,optimizer,wherecode.c,src/wherecode.c,wherecode.c,2308,2300,2322,,function,1
sqlaser_sqlite354_r5,sqlite,5,sqlite_target_000872,memory,optimizer,wherecode.c,src/wherecode.c,wherecode.c,245,240,250,,window,0
sqlaser_sqlite354_r5,sqlite,5,sqlite_target_000873,memory,optimizer,wherecode.c,src/wherecode.c,wherecode.c,280,275,285,,window,0
sqlaser_sqlite354_r5,sqlite,5,sqlite_target_000874,memory,optimizer,wherecode.c,src/wherecode.c,wherecode.c,2841,2836,2846,,window,1
sqlaser_sqlite354_r5,sqlite,5,sqlite_target_000875,memory,optimizer,wherecode.c,src/wherecode.c,wherecode.c,2914,2909,2919,,window,0
sqlaser_sqlite354_r5,sqlite,5,sqlite_target_000876,memory,optimizer,whereexpr.c,src/whereexpr.c,whereexpr.c,1591,1591,1602,sqlite3WhereSplit,function,1
sqlaser_sqlite354_r5,sqlite,5,sqlite_target_000877,memory,optimizer,whereexpr.c,src/whereexpr.c,whereexpr.c,1666,1666,1731,sqlite3WhereAddLimit,function,1
sqlaser_sqlite354_r5,sqlite,5,sqlite_target_000878,memory,optimizer,whereexpr.c,src/whereexpr.c,whereexpr.c,1736,1731,1741,,window,1
sqlaser_sqlite354_r5,sqlite,5,sqlite_target_000879,memory,optimizer,whereexpr.c,src/whereexpr.c,whereexpr.c,1754,1754,1785,sqlite3WhereClauseClear,function,1
sqlaser_sqlite354_r5,sqlite,5,sqlite_target_000880,memory,optimizer,whereexpr.c,src/whereexpr.c,whereexpr.c,1819,1814,1824,,window,1
sqlaser_sqlite354_r5,sqlite,5,sqlite_target_000881,memory,optimizer,whereexpr.c,src/whereexpr.c,whereexpr.c,1845,1845,1853,sqlite3WhereExprUsage,function,1
sqlaser_sqlite354_r5,sqlite,5,sqlite_target_000882,memory,optimizer,whereexpr.c,src/whereexpr.c,whereexpr.c,1854,1854,1856,assert,function,1
sqlaser_sqlite354_r5,sqlite,5,sqlite_target_000883,memory,optimizer,whereexpr.c,src/whereexpr.c,whereexpr.c,1857,1857,1866,sqlite3WhereExprUsageFull,function,1
sqlaser_sqlite354_r5,sqlite,5,sqlite_target_000884,memory,optimizer,whereexpr.c,src/whereexpr.c,whereexpr.c,1877,1872,1882,,window,1
sqlaser_sqlite354_r5,sqlite,5,sqlite_target_000885,memory,optimizer,whereexpr.c,src/whereexpr.c,whereexpr.c,1894,1889,1899,,window,1
sqlaser_sqlite354_r5,sqlite,5,sqlite_target_000886,memory,optimizer,whereexpr.c,src/whereexpr.c,whereexpr.c,353,353,372,sqlite3ExprIsLikeOperator,function,1
